prelude: P16 built (5640 qubits), max clique = 180  [0.1s]
prelude: Z12 built (4800 qubits), max clique = 184  [0.0s]
Z12 max clique = 184
mode=full  topos=('P16', 'Z12')  cells=109  arms=7  tasks to run=8235  timeout=60s  workers=48
[1/8235      0s] P16 n60 p1 i101 template s-1: SUCCESS acl=6.7333/6.7333 0.0121s
[2/8235      0s] P16 n60 p1 i101 clique s-1: SUCCESS acl=6.8/6.7333 0.0285s
[3/8235      0s] P16 n100 p1 i101 template s-1: SUCCESS acl=9.78/9.78 0.0486s
[4/8235      0s] P16 n100 p1 i101 clique s-1: SUCCESS acl=9.82/9.78 0.0299s
[5/8235      1s] P16 n60 p1 i101 pssa s0: SUCCESS acl=6.6333/6.6333 0.3695s
[6/8235      1s] P16 n60 p1 i101 pssa s4: SUCCESS acl=6.6333/6.6333 0.365s
[7/8235      1s] P16 n60 p1 i101 pssa s1: SUCCESS acl=6.6333/6.6333 0.3747s
[8/8235      1s] P16 n60 p1 i101 pssa s3: SUCCESS acl=6.6333/6.6333 0.4291s
[9/8235      1s] P16 n60 p1 i101 pssa s2: SUCCESS acl=6.6333/6.6333 0.4484s
[10/8235      1s] P16 n100 p1 i101 pssa s0: SUCCESS acl=9.98/9.98 0.4728s
[11/8235      1s] P16 n100 p1 i101 pssa s1: SUCCESS acl=9.98/9.98 0.4862s
[12/8235      1s] P16 n100 p1 i101 pssa s2: SUCCESS acl=9.98/9.98 0.4795s
[13/8235      1s] P16 n100 p1 i101 pssa s4: SUCCESS acl=9.98/9.98 0.4767s
[14/8235      1s] P16 n100 p1 i101 pssa s3: SUCCESS acl=9.98/9.98 0.4955s
[15/8235      4s] P16 n60 p1 i101 clmm s2: SUCCESS acl=6.7167/6.7 3.3188s
[16/8235      4s] P16 n60 p1 i101 clmm s3: SUCCESS acl=6.7667/6.7333 3.3806s
[17/8235      4s] P16 n60 p1 i101 clmm s0: SUCCESS acl=6.7667/6.7167 3.5024s
[18/8235      4s] P16 n60 p1 i101 clmm s4: SUCCESS acl=6.7167/6.6833 3.714s
[19/8235      4s] P16 n60 p1 i101 clmm s1: SUCCESS acl=6.7167/6.6833 3.764s
[20/8235      5s] P16 n60 p1 i101 mmfork-cuthill s2: SUCCESS acl=7.45/6.9833 4.83s
[21/8235      7s] P16 n60 p1 i101 minorminer s4: SUCCESS acl=7.0333/6.7667 6.3067s
[22/8235      7s] P16 n60 p1 i101 minorminer s3: SUCCESS acl=7.5833/7.0 6.886s
[23/8235      7s] P16 n140 p1 i101 template s-1: SUCCESS acl=13.1714/13.1714 0.1687s
[24/8235      8s] P16 n140 p1 i101 clique s-1: SUCCESS acl=13.8286/13.1714 0.0187s
[25/8235      8s] P16 n60 p1 i101 mmfork-cuthill s0: SUCCESS acl=7.1833/6.8667 7.9573s
[26/8235      8s] P16 n60 p1 i101 mmfork-cuthill s1: SUCCESS acl=7.35/6.9667 8.0119s
[27/8235      8s] P16 n140 p1 i101 pssa s0: SUCCESS acl=13.3143/13.3143 0.6224s
[28/8235      9s] P16 n140 p1 i101 pssa s1: SUCCESS acl=13.3143/13.3143 0.6125s
[29/8235      9s] P16 n140 p1 i101 pssa s2: SUCCESS acl=13.3143/13.3143 0.617s
[30/8235      9s] P16 n140 p1 i101 pssa s3: SUCCESS acl=13.3143/13.3143 0.6236s
[31/8235      9s] P16 n60 p1 i101 minorminer s0: SUCCESS acl=7.9833/7.3667 8.8679s
[32/8235     10s] P16 n140 p1 i101 pssa s4: SUCCESS acl=13.3143/13.3143 0.6048s
[33/8235     12s] P16 n60 p1 i101 mmfork-cuthill s3: SUCCESS acl=8.4333/7.8333 11.393s
[34/8235     13s] P16 n60 p1 i101 minorminer s1: SUCCESS acl=7.3333/6.9667 12.9677s
[35/8235     16s] P16 n60 p1 i101 mmfork-cuthill s4: SUCCESS acl=7.8667/7.3 16.1912s
[36/8235     23s] P16 n100 p1 i101 clmm s3: SUCCESS acl=9.77/9.75 22.5436s
[37/8235     27s] P16 n100 p1 i101 clmm s2: SUCCESS acl=9.79/9.77 26.3168s
[38/8235     27s] P16 n100 p1 i101 clmm s0: SUCCESS acl=9.81/9.78 27.0679s
[39/8235     27s] P16 n100 p1 i101 clmm s1: SUCCESS acl=9.8/9.78 27.0882s
[40/8235     28s] P16 n60 p1 i101 minorminer s2: SUCCESS acl=8.1667/7.5333 27.9262s
[41/8235     29s] P16 n100 p1 i101 clmm s4: SUCCESS acl=9.8/9.78 28.5986s
[42/8235     30s] P16 n60 p1 i101 attraction s4: SUCCESS acl=8.75/7.9333 29.4328s
[43/8235     30s] P16 n100 p1 i101 minorminer s4: SUCCESS acl=11.79/10.76 29.8907s
[44/8235     34s] P16 n60 p1 i101 attraction s2: SUCCESS acl=8.5833/7.9833 33.4459s
[45/8235     36s] P16 n60 p1 i101 attraction s0: SUCCESS acl=8.2167/7.4833 35.5928s
[46/8235     37s] P16 n60 p1 i101 attraction s3: SUCCESS acl=8.2167/7.5167 36.6339s
[47/8235     42s] P16 n100 p1 i101 mmfork-cuthill s0: SUCCESS acl=12.75/11.82 41.3366s
[48/8235     49s] P16 n100 p1 i101 mmfork-cuthill s1: SUCCESS acl=13.52/12.35 48.4206s
[49/8235     60s] P16 n100 p1 i101 minorminer s3: SUCCESS acl=11.32/10.58 60.0537s
[50/8235     61s] P16 n100 p1 i101 minorminer s1: SUCCESS acl=14.62/13.07 60.122s
[51/8235     61s] P16 n60 p1 i101 attraction s1: SUCCESS acl=7.8167/7.2833 60.5051s
[52/8235     61s] P16 n180 p1 i101 template s-1: SUCCESS acl=16.6444/16.6444 0.2973s
[53/8235     61s] P16 n180 p1 i101 clique s-1: SUCCESS acl=16.6667/16.6444 0.0221s
[54/8235     61s] P16 n100 p1 i101 mmfork-cuthill s4: SUCCESS acl=13.35/12.11 60.6318s
[55/8235     62s] P16 n180 p1 i101 pssa s0: SUCCESS acl=16.6444/16.6444 0.5536s
[56/8235     62s] P16 n100 p1 i101 attraction s1: SUCCESS acl=15.57/13.55 60.9793s
[57/8235     62s] P16 n100 p1 i101 mmfork-cuthill s3: SUCCESS acl=13.39/12.29 61.2641s
[58/8235     62s] P16 n180 p1 i101 pssa s1: SUCCESS acl=16.6444/16.6444 0.5583s
[59/8235     62s] P16 n100 p1 i101 mmfork-cuthill s2: SUCCESS acl=12.03/11.09 61.2119s
[60/8235     62s] P16 n180 p1 i101 pssa s2: SUCCESS acl=16.6444/16.6444 0.5587s
[61/8235     62s] P16 n100 p1 i101 attraction s2: SUCCESS acl=14.97/13.27 61.0963s
[62/8235     62s] P16 n100 p1 i101 minorminer s2: SUCCESS acl=13.99/12.7 61.3387s
[63/8235     62s] P16 n100 p1 i101 attraction s4: SUCCESS acl=15.6/13.59 60.9069s
[64/8235     62s] P16 n100 p1 i101 minorminer s0: SUCCESS acl=13.35/12.18 61.374s
[65/8235     62s] P16 n180 p1 i101 pssa s3: SUCCESS acl=16.6444/16.6444 0.5659s
[66/8235     62s] P16 n100 p1 i101 attraction s0: SUCCESS acl=16.63/14.2 61.5104s
[67/8235     62s] P16 n180 p1 i101 pssa s4: SUCCESS acl=16.6444/16.6444 0.5555s
[68/8235     62s] P16 n100 p1 i101 attraction s3: SUCCESS acl=16.47/13.77 61.5024s
[69/8235     63s] P16 n140 p1 i101 minorminer s0: SUCCESS acl=20.45/18.0571 61.5306s
[70/8235     63s] P16 n40 p0.9 i101 minorminer s3: SUCCESS acl=5.35/5.15 1.5048s
[71/8235     63s] P16 n140 p1 i101 minorminer s2: SUCCESS acl=22.1571/19.5357 61.4273s
[72/8235     64s] P16 n40 p0.9 i101 minorminer s2: SUCCESS acl=5.7/5.2 1.7222s
[73/8235     64s] P16 n140 p1 i101 minorminer s1: SUCCESS acl=23.1214/19.8214 61.8372s
[74/8235     64s] P16 n140 p1 i101 minorminer s4: SUCCESS acl=24.1286/20.9714 62.1728s
[75/8235     64s] P16 n40 p0.9 i101 clmm s0: SUCCESS acl=4.75/4.7 0.8156s
[76/8235     64s] P16 n40 p0.9 i101 minorminer s0: SUCCESS acl=4.925/4.7 2.4273s
[77/8235     64s] P16 n40 p0.9 i101 template s-1: SUCCESS acl=4.7/4.7 0.0052s
[78/8235     64s] P16 n140 p1 i101 clmm s2: SUCCESS acl=13.7429/13.7286 60.0942s
[79/8235     64s] P16 n40 p0.9 i101 clique s-1: SUCCESS acl=4.8/4.7 0.0178s
[80/8235     64s] P16 n40 p0.9 i101 mmfork-cuthill s2: SUCCESS acl=5.175/5.025 1.808s
[81/8235     64s] P16 n40 p0.9 i101 clmm s1: SUCCESS acl=4.775/4.7 0.7674s
[82/8235     65s] P16 n40 p0.9 i101 mmfork-cuthill s0: SUCCESS acl=5.025/4.775 2.2233s
[83/8235     65s] P16 n40 p0.9 i101 pssa s0: SUCCESS acl=4.95/4.95 0.2758s
[84/8235     65s] P16 n40 p0.9 i101 pssa s1: SUCCESS acl=4.95/4.95 0.2888s
[85/8235     65s] P16 n40 p0.9 i101 pssa s2: SUCCESS acl=4.95/4.95 0.2883s
[86/8235     65s] P16 n40 p0.9 i101 mmfork-cuthill s1: SUCCESS acl=4.95/4.85 2.2355s
[87/8235     65s] P16 n40 p0.9 i101 clmm s2: SUCCESS acl=4.7/4.65 0.7422s
[88/8235     65s] P16 n40 p0.9 i101 pssa s3: SUCCESS acl=4.95/4.95 0.2824s
[89/8235     65s] P16 n140 p1 i101 mmfork-cuthill s1: SUCCESS acl=17.2929/15.7571 62.9729s
[90/8235     65s] P16 n40 p0.9 i101 minorminer s1: SUCCESS acl=5.425/5.1 2.8463s
[91/8235     65s] P16 n40 p0.9 i101 pssa s4: SUCCESS acl=4.95/4.95 0.2926s
[92/8235     65s] P16 n40 p0.9 i101 clmm s3: SUCCESS acl=4.75/4.7 0.8086s
[93/8235     65s] P16 n40 p0.9 i101 clmm s4: SUCCESS acl=4.725/4.675 0.7232s
[94/8235     65s] P16 n140 p1 i101 minorminer s3: SUCCESS acl=22.9286/19.7714 63.3509s
[95/8235     65s] P16 n140 p1 i101 mmfork-cuthill s0: SUCCESS acl=23.1143/19.9 63.2877s
[96/8235     66s] P16 n140 p1 i101 mmfork-cuthill s2: SUCCESS acl=20.5143/18.3143 63.4694s
[97/8235     66s] P16 n140 p1 i101 mmfork-cuthill s4: SUCCESS acl=24.3/20.9643 60.8658s
[98/8235     66s] P16 n140 p1 i101 clmm s0: SUCCESS acl=13.7786/13.7643 62.1642s
[99/8235     66s] P16 n40 p0.9 i101 mmfork-cuthill s3: SUCCESS acl=5.275/5.1 3.3661s
[100/8235     66s] P16 n40 p0.9 i101 mmfork-cuthill s4: SUCCESS acl=5.15/4.875 2.9579s
[101/8235     66s] P16 n40 p0.9 i101 minorminer s4: SUCCESS acl=5.3/5.125 4.5383s
[102/8235     67s] P16 n40 p0.9 i102 minorminer s4: SUCCESS acl=5.4/5.175 1.8153s
[103/8235     67s] P16 n40 p0.9 i102 clmm s0: SUCCESS acl=4.725/4.675 0.7308s
[104/8235     67s] P16 n40 p0.9 i102 template s-1: SUCCESS acl=4.7/4.7 0.0057s
[105/8235     67s] P16 n40 p0.9 i102 clique s-1: SUCCESS acl=4.8/4.7 0.0193s
[106/8235     67s] P16 n40 p0.9 i102 clmm s1: SUCCESS acl=4.725/4.675 0.7195s
[107/8235     67s] P16 n40 p0.9 i102 minorminer s2: SUCCESS acl=4.875/4.825 2.3501s
[108/8235     67s] P16 n40 p0.9 i102 clmm s2: SUCCESS acl=4.775/4.7 0.8043s
[109/8235     67s] P16 n40 p0.9 i102 pssa s0: SUCCESS acl=4.95/4.95 0.2906s
[110/8235     67s] P16 n40 p0.9 i102 pssa s1: SUCCESS acl=4.95/4.95 0.2959s
[111/8235     67s] P16 n40 p0.9 i102 clmm s3: SUCCESS acl=4.775/4.725 0.8163s
[112/8235     67s] P16 n40 p0.9 i102 mmfork-cuthill s0: SUCCESS acl=5.575/5.325 2.378s
[113/8235     67s] P16 n40 p0.9 i102 pssa s2: SUCCESS acl=4.95/4.95 0.278s
[114/8235     67s] P16 n40 p0.9 i102 minorminer s1: SUCCESS acl=5.25/4.925 2.7082s
[115/8235     67s] P16 n40 p0.9 i102 minorminer s0: SUCCESS acl=5.6/5.225 2.7344s
[116/8235     67s] P16 n40 p0.9 i102 clmm s4: SUCCESS acl=4.725/4.675 0.7098s
[117/8235     67s] P16 n40 p0.9 i102 pssa s3: SUCCESS acl=4.95/4.95 0.2752s
[118/8235     67s] P16 n40 p0.9 i102 pssa s4: SUCCESS acl=4.95/4.95 0.2762s
[119/8235     68s] P16 n40 p0.9 i102 mmfork-cuthill s3: SUCCESS acl=4.95/4.775 1.9915s
[120/8235     68s] P16 n140 p1 i101 mmfork-cuthill s3: SUCCESS acl=19.9571/17.75 62.9304s
[121/8235     68s] P16 n40 p0.9 i102 mmfork-cuthill s1: SUCCESS acl=5.1/4.85 2.8295s
[122/8235     68s] P16 n40 p0.9 i102 mmfork-cuthill s4: SUCCESS acl=5.025/4.85 2.375s
[123/8235     69s] P16 n40 p0.9 i102 minorminer s3: SUCCESS acl=5.15/4.925 3.7144s
[124/8235     69s] P16 n40 p0.9 i103 minorminer s2: SUCCESS acl=5.275/5.05 1.3374s
[125/8235     69s] P16 n40 p0.9 i102 mmfork-cuthill s2: SUCCESS acl=5.175/4.85 3.6122s
[126/8235     69s] P16 n140 p1 i101 clmm s3: SUCCESS acl=13.75/13.7357 63.8629s
[127/8235     69s] P16 n40 p0.9 i103 minorminer s4: SUCCESS acl=5.175/5.025 1.7542s
[128/8235     69s] P16 n40 p0.9 i103 mmfork-cuthill s0: SUCCESS acl=5.3/5.075 1.8466s
[129/8235     70s] P16 n40 p0.9 i103 minorminer s0: SUCCESS acl=5.525/5.325 2.2366s
[130/8235     70s] P16 n140 p1 i101 clmm s1: SUCCESS acl=13.7714/13.75 65.5736s
[131/8235     70s] P16 n40 p0.9 i103 template s-1: SUCCESS acl=4.7/4.7 0.0047s
[132/8235     70s] P16 n40 p0.9 i103 clique s-1: SUCCESS acl=4.8/4.7 0.0208s
[133/8235     70s] P16 n40 p0.9 i103 clmm s1: SUCCESS acl=4.775/4.725 0.6602s
[134/8235     70s] P16 n40 p0.9 i103 clmm s0: SUCCESS acl=4.725/4.675 0.853s
[135/8235     70s] P16 n40 p0.9 i103 pssa s0: SUCCESS acl=4.95/4.95 0.2819s
[136/8235     70s] P16 n40 p0.9 i103 pssa s1: SUCCESS acl=4.95/4.95 0.2777s
[137/8235     70s] P16 n40 p0.9 i103 clmm s2: SUCCESS acl=4.75/4.7 0.7421s
[138/8235     70s] P16 n40 p0.9 i103 pssa s2: SUCCESS acl=4.95/4.95 0.2854s
[139/8235     70s] P16 n40 p0.9 i103 clmm s3: SUCCESS acl=4.75/4.725 0.7871s
[140/8235     70s] P16 n40 p0.9 i103 minorminer s1: SUCCESS acl=5.35/5.05 2.8723s
[141/8235     70s] P16 n40 p0.9 i103 pssa s3: SUCCESS acl=4.95/4.95 0.2736s
[142/8235     70s] P16 n40 p0.9 i103 pssa s4: SUCCESS acl=4.95/4.95 0.2801s
[143/8235     70s] P16 n40 p0.9 i103 clmm s4: SUCCESS acl=4.75/4.7 0.8116s
[144/8235     71s] P16 n40 p0.9 i103 minorminer s3: SUCCESS acl=5.625/5.375 3.0572s
[145/8235     71s] P16 n40 p0.9 i103 mmfork-cuthill s4: SUCCESS acl=5.15/5.05 2.1673s
[146/8235     71s] P16 n140 p1 i101 clmm s4: SUCCESS acl=13.7643/13.7429 64.5945s
[147/8235     71s] P16 n40 p0.9 i103 mmfork-cuthill s2: SUCCESS acl=5.45/5.25 3.0779s
[148/8235     72s] P16 n40 p0.9 i103 mmfork-cuthill s3: SUCCESS acl=5.15/4.95 3.0442s
[149/8235     73s] P16 n40 p0.9 i103 mmfork-cuthill s1: SUCCESS acl=5.15/4.925 4.4736s
[150/8235     75s] P16 n40 p0.9 i101 attraction s1: SUCCESS acl=5.675/5.3 10.2736s
[151/8235     75s] P16 n40 p0.9 i101 attraction s2: SUCCESS acl=5.275/5.0 10.5061s
[152/8235     76s] P16 n40 p0.9 i101 attraction s3: SUCCESS acl=5.2/5.05 11.7162s
[153/8235     77s] P16 n40 p0.9 i101 attraction s0: SUCCESS acl=5.225/5.1 12.8291s
[154/8235     78s] P16 n40 p0.9 i102 attraction s0: SUCCESS acl=5.4/5.125 10.5859s
[155/8235     78s] P16 n40 p0.9 i101 attraction s4: SUCCESS acl=5.3/4.95 13.5973s
[156/8235     78s] P16 n40 p0.9 i102 attraction s3: SUCCESS acl=5.425/5.075 11.0357s
[157/8235     79s] P16 n60 p0.9 i101 minorminer s2: SUCCESS acl=7.7333/7.0167 8.3136s
[158/8235     79s] P16 n60 p0.9 i101 template s-1: SUCCESS acl=6.7333/6.7333 0.0134s
[159/8235     79s] P16 n60 p0.9 i101 clique s-1: SUCCESS acl=6.8/6.7333 0.0199s
[160/8235     79s] P16 n60 p0.9 i101 clmm s0: SUCCESS acl=6.7167/6.6833 2.9565s
[161/8235     79s] P16 n60 p0.9 i101 pssa s0: SUCCESS acl=6.6333/6.6333 0.3608s
[162/8235     80s] P16 n40 p0.9 i102 attraction s1: SUCCESS acl=5.85/5.525 12.2888s
[163/8235     80s] P16 n60 p0.9 i101 pssa s1: SUCCESS acl=6.6333/6.6333 0.3652s
[164/8235     80s] P16 n40 p0.9 i103 attraction s2: SUCCESS acl=5.35/5.0 9.384s
[165/8235     80s] P16 n60 p0.9 i101 pssa s2: SUCCESS acl=6.6333/6.6333 0.3617s
[166/8235     80s] P16 n40 p0.9 i102 attraction s2: SUCCESS acl=5.175/4.9 12.4145s
[167/8235     80s] P16 n60 p0.9 i101 pssa s3: SUCCESS acl=6.6333/6.6333 0.369s
[168/8235     80s] P16 n60 p0.9 i101 pssa s4: SUCCESS acl=6.6333/6.6333 0.3612s
[169/8235     80s] P16 n60 p0.9 i101 minorminer s0: SUCCESS acl=7.5167/7.1333 9.7234s
[170/8235     80s] P16 n60 p0.9 i101 clmm s1: SUCCESS acl=6.75/6.7167 2.7521s
[171/8235     80s] P16 n40 p0.9 i103 attraction s4: SUCCESS acl=5.675/5.175 9.8807s
[172/8235     80s] P16 n60 p0.9 i101 mmfork-cuthill s0: SUCCESS acl=6.8833/6.7 8.8557s
[173/8235     80s] P16 n40 p0.9 i102 attraction s4: SUCCESS acl=5.45/5.075 13.0956s
[174/8235     81s] P16 n40 p0.9 i103 attraction s1: SUCCESS acl=5.75/5.525 10.4608s
[175/8235     81s] P16 n180 p1 i101 minorminer s0: FAILURE  67.6443s
[176/8235     81s] P16 n60 p0.9 i101 clmm s3: SUCCESS acl=6.7333/6.6833 2.8544s
[177/8235     81s] P16 n60 p0.9 i101 clmm s2: SUCCESS acl=6.75/6.7167 3.3449s
[178/8235     81s] P16 n40 p0.9 i103 attraction s0: SUCCESS acl=5.65/5.3 11.2639s
[179/8235     82s] P16 n140 p1 i101 attraction s2: FAILURE  72.4244s
[180/8235     82s] P16 n140 p1 i101 attraction s0: FAILURE  72.5524s
[181/8235     82s] P16 n60 p0.9 i101 clmm s4: SUCCESS acl=6.7333/6.7167 3.378s
[182/8235     82s] P16 n60 p0.9 i101 minorminer s1: SUCCESS acl=7.4333/7.1167 11.4533s
[183/8235     82s] P16 n60 p0.9 i101 mmfork-cuthill s2: SUCCESS acl=8.0833/7.4333 9.4922s
[184/8235     84s] P16 n40 p0.9 i103 attraction s3: SUCCESS acl=5.35/5.025 13.3927s
[185/8235     84s] P16 n140 p1 i101 attraction s3: FAILURE  74.0551s
[186/8235     84s] P16 n60 p0.9 i102 template s-1: SUCCESS acl=6.7167/6.7167 0.0118s
[187/8235     84s] P16 n60 p0.9 i102 clique s-1: SUCCESS acl=6.8/6.7167 0.022s
[188/8235     84s] P16 n140 p1 i101 attraction s1: FAILURE  74.9467s
[189/8235     84s] P16 n60 p0.9 i102 pssa s0: SUCCESS acl=6.6167/6.6167 0.3617s
[190/8235     84s] P16 n60 p0.9 i102 pssa s1: SUCCESS acl=6.6167/6.6167 0.3705s
[191/8235     84s] P16 n60 p0.9 i102 pssa s2: SUCCESS acl=6.6167/6.6167 0.3578s
[192/8235     84s] P16 n60 p0.9 i102 pssa s3: SUCCESS acl=6.6167/6.6167 0.3639s
[193/8235     85s] P16 n60 p0.9 i102 pssa s4: SUCCESS acl=6.6167/6.6167 0.3721s
[194/8235     85s] P16 n60 p0.9 i102 mmfork-cuthill s1: SUCCESS acl=7.2167/6.85 3.7448s
[195/8235     85s] P16 n60 p0.9 i102 clmm s0: SUCCESS acl=6.7833/6.7333 3.1868s
[196/8235     85s] P16 n60 p0.9 i102 clmm s3: SUCCESS acl=6.6667/6.6667 2.9692s
[197/8235     85s] P16 n60 p0.9 i102 clmm s2: SUCCESS acl=6.75/6.7167 3.1514s
[198/8235     85s] P16 n60 p0.9 i102 clmm s1: SUCCESS acl=6.7333/6.7 3.425s
[199/8235     85s] P16 n60 p0.9 i102 clmm s4: SUCCESS acl=6.7667/6.6833 3.0327s
[200/8235     85s] P16 n140 p1 i101 attraction s4: FAILURE  73.5991s
[201/8235     86s] P16 n60 p0.9 i101 minorminer s4: SUCCESS acl=7.2167/6.9 14.5745s
[202/8235     86s] P16 n60 p0.9 i102 minorminer s3: SUCCESS acl=7.75/7.1667 5.8279s
[203/8235     87s] P16 n60 p0.9 i102 minorminer s4: SUCCESS acl=7.3/7.0 6.4596s
[204/8235     87s] P16 n60 p0.9 i102 mmfork-cuthill s3: SUCCESS acl=7.4/6.7333 5.7983s
[205/8235     88s] P16 n60 p0.9 i102 mmfork-cuthill s0: SUCCESS acl=7.4833/7.0833 6.867s
[206/8235     88s] P16 n60 p0.9 i102 minorminer s2: SUCCESS acl=7.5/7.0833 7.5171s
[207/8235     88s] P16 n180 p1 i101 minorminer s1: FAILURE  71.3446s
[208/8235     89s] P16 n60 p0.9 i102 minorminer s0: SUCCESS acl=8.2/7.35 8.4782s
[209/8235     89s] P16 n60 p0.9 i102 mmfork-cuthill s2: SUCCESS acl=7.5333/7.0167 8.2067s
[210/8235     89s] P16 n60 p0.9 i101 mmfork-cuthill s1: SUCCESS acl=7.5167/7.0833 17.8757s
[211/8235     91s] P16 n60 p0.9 i102 mmfork-cuthill s4: SUCCESS acl=7.3167/6.9 9.3459s
[212/8235     91s] P16 n60 p0.9 i103 template s-1: SUCCESS acl=6.7333/6.7333 0.0133s
[213/8235     91s] P16 n60 p0.9 i103 clique s-1: SUCCESS acl=6.8/6.7333 0.0186s
[214/8235     91s] P16 n60 p0.9 i103 clmm s0: SUCCESS acl=6.7333/6.7 3.1621s
[215/8235     91s] P16 n60 p0.9 i103 clmm s1: SUCCESS acl=6.75/6.6833 3.1015s
[216/8235     91s] P16 n60 p0.9 i103 minorminer s1: SUCCESS acl=7.55/7.0667 6.1372s
[217/8235     91s] P16 n60 p0.9 i103 pssa s0: SUCCESS acl=6.6333/6.6333 0.3557s
[218/8235     91s] P16 n60 p0.9 i101 minorminer s3: SUCCESS acl=7.95/7.3667 20.2331s
[219/8235     91s] P16 n60 p0.9 i103 pssa s1: SUCCESS acl=6.6333/6.6333 0.3489s
[220/8235     91s] P16 n60 p0.9 i103 pssa s2: SUCCESS acl=6.6333/6.6333 0.3721s
[221/8235     92s] P16 n60 p0.9 i103 pssa s3: SUCCESS acl=6.6333/6.6333 0.3612s
[222/8235     92s] P16 n60 p0.9 i103 pssa s4: SUCCESS acl=6.6333/6.6333 0.3539s
[223/8235     92s] P16 n60 p0.9 i101 mmfork-cuthill s4: SUCCESS acl=7.6667/7.05 16.6074s
[224/8235     92s] P16 n60 p0.9 i103 clmm s2: SUCCESS acl=6.7667/6.7333 3.2007s
[225/8235     92s] P16 n60 p0.9 i102 minorminer s1: SUCCESS acl=7.7667/7.2167 11.7555s
[226/8235     93s] P16 n60 p0.9 i103 clmm s4: SUCCESS acl=6.7167/6.6833 3.3306s
[227/8235     93s] P16 n60 p0.9 i103 clmm s3: SUCCESS acl=6.7167/6.6833 3.5141s
[228/8235     93s] P16 n60 p0.9 i103 mmfork-cuthill s1: SUCCESS acl=7.2667/6.9333 7.1424s
[229/8235     94s] P16 n60 p0.9 i103 mmfork-cuthill s3: SUCCESS acl=7.0667/6.7667 6.5083s
[230/8235     94s] P16 n60 p0.9 i101 mmfork-cuthill s3: SUCCESS acl=7.9833/7.25 19.1678s
[231/8235     94s] P16 n60 p0.9 i103 minorminer s0: SUCCESS acl=7.5667/7.05 9.1715s
[232/8235     94s] P16 n180 p1 i101 clmm s0: SUCCESS acl=16.6667/16.6444 60.1339s
[233/8235     95s] P16 n180 p1 i101 minorminer s2: FAILURE  71.9163s
[234/8235     96s] P16 n60 p0.9 i103 minorminer s2: SUCCESS acl=8.7667/8.0 11.1065s
[235/8235     97s] P16 n180 p1 i101 mmfork-cuthill s0: FAILURE  69.7421s
[236/8235     98s] P16 n60 p0.9 i103 minorminer s3: SUCCESS acl=8.2667/7.6833 12.622s
[237/8235     98s] P16 n180 p1 i101 mmfork-cuthill s4: FAILURE  67.8433s
[238/8235     99s] P16 n180 p1 i101 mmfork-cuthill s2: FAILURE  70.243s
[239/8235     99s] P16 n80 p0.9 i101 template s-1: SUCCESS acl=8.175/8.175 0.0331s
[240/8235     99s] P16 n80 p0.9 i101 clique s-1: SUCCESS acl=8.825/8.175 0.0179s
[241/8235     99s] P16 n180 p1 i101 minorminer s3: FAILURE  72.7554s
[242/8235    100s] P16 n180 p1 i101 mmfork-cuthill s3: FAILURE  69.7542s
[243/8235    100s] P16 n80 p0.9 i101 pssa s0: SUCCESS acl=8.3/8.3 0.4487s
[244/8235    100s] P16 n80 p0.9 i101 pssa s1: SUCCESS acl=8.3/8.3 0.4293s
[245/8235    100s] P16 n180 p1 i101 clmm s2: SUCCESS acl=16.6667/16.6444 62.6478s
[246/8235    100s] P16 n80 p0.9 i101 pssa s2: SUCCESS acl=8.3/8.3 0.4597s
[247/8235    100s] P16 n180 p1 i101 mmfork-cuthill s1: FAILURE  71.8619s
[248/8235    100s] P16 n80 p0.9 i101 pssa s3: SUCCESS acl=8.3/8.3 0.4739s
[249/8235    100s] P16 n80 p0.9 i101 pssa s4: SUCCESS acl=8.3/8.3 0.4284s
[250/8235    100s] P16 n180 p1 i101 minorminer s4: FAILURE  72.9556s
[251/8235    101s] P16 n60 p0.9 i103 minorminer s4: SUCCESS acl=7.7167/7.05 15.9736s
[252/8235    103s] P16 n60 p0.9 i101 attraction s0: SUCCESS acl=8.0333/7.5333 23.5105s
[253/8235    104s] P16 n60 p0.9 i103 mmfork-cuthill s4: SUCCESS acl=7.7167/7.2 16.149s
[254/8235    105s] P16 n60 p0.9 i103 mmfork-cuthill s2: SUCCESS acl=7.3833/6.95 17.6384s
[255/8235    105s] P16 n60 p0.9 i101 attraction s4: SUCCESS acl=8.5333/7.85 25.0672s
[256/8235    106s] P16 n60 p0.9 i101 attraction s3: SUCCESS acl=8.3667/7.6833 25.505s
[257/8235    106s] P16 n80 p0.9 i101 clmm s0: SUCCESS acl=8.7125/8.6875 10.8283s
[258/8235    107s] P16 n80 p0.9 i101 clmm s2: SUCCESS acl=8.7375/8.7125 9.7292s
[259/8235    107s] P16 n80 p0.9 i101 mmfork-cuthill s4: SUCCESS acl=9.25/8.7625 12.7193s
[260/8235    107s] P16 n60 p0.9 i101 attraction s2: SUCCESS acl=8.2333/7.55 27.5839s
[261/8235    108s] P16 n80 p0.9 i101 clmm s1: SUCCESS acl=8.725/8.7 11.4796s
[262/8235    108s] P16 n80 p0.9 i101 clmm s4: SUCCESS acl=8.7/8.675 10.1527s
[263/8235    109s] P16 n80 p0.9 i101 clmm s3: SUCCESS acl=8.75/8.7125 10.9701s
[264/8235    109s] P16 n180 p1 i101 clmm s3: SUCCESS acl=16.6667/16.6444 66.8769s
[265/8235    110s] P16 n180 p1 i101 clmm s1: SUCCESS acl=16.6667/16.6444 73.5732s
[266/8235    110s] P16 n80 p0.9 i102 template s-1: SUCCESS acl=8.175/8.175 0.0315s
[267/8235    110s] P16 n80 p0.9 i102 clique s-1: SUCCESS acl=8.825/8.175 0.021s
[268/8235    110s] P16 n60 p0.9 i103 mmfork-cuthill s0: SUCCESS acl=8.1833/7.5333 24.5264s
[269/8235    110s] P16 n80 p0.9 i102 pssa s0: SUCCESS acl=8.3/8.3 0.4521s
[270/8235    111s] P16 n60 p0.9 i102 attraction s2: SUCCESS acl=8.5/7.6 26.0017s
[271/8235    111s] P16 n80 p0.9 i102 pssa s1: SUCCESS acl=8.3/8.3 0.4819s
[272/8235    111s] P16 n80 p0.9 i102 pssa s2: SUCCESS acl=8.3/8.3 0.4467s
[273/8235    111s] P16 n80 p0.9 i102 pssa s3: SUCCESS acl=8.3/8.3 0.4393s
[274/8235    111s] P16 n80 p0.9 i101 mmfork-cuthill s0: SUCCESS acl=9.175/8.7875 17.8062s
[275/8235    111s] P16 n80 p0.9 i102 pssa s4: SUCCESS acl=8.3/8.3 0.4549s
[276/8235    112s] P16 n60 p0.9 i102 attraction s1: SUCCESS acl=8.35/7.6833 27.9197s
[277/8235    113s] P16 n80 p0.9 i102 minorminer s4: SUCCESS acl=8.7125/8.425 7.8831s
[278/8235    113s] P16 n60 p0.9 i101 attraction s1: SUCCESS acl=8.0667/7.4 33.1106s
[279/8235    113s] P16 n180 p1 i101 clmm s4: SUCCESS acl=16.6667/16.6444 64.147s
[280/8235    116s] P16 n60 p0.9 i103 attraction s3: SUCCESS acl=8.5333/7.95 24.5137s
[281/8235    117s] P16 n80 p0.9 i102 clmm s0: SUCCESS acl=8.65/8.5875 9.992s
[282/8235    118s] P16 n80 p0.9 i101 minorminer s4: SUCCESS acl=11.525/10.4625 24.6105s
[283/8235    118s] P16 n80 p0.9 i101 minorminer s3: SUCCESS acl=10.625/9.7625 24.9278s
[284/8235    118s] P16 n80 p0.9 i102 clmm s2: SUCCESS acl=8.7125/8.675 9.6779s
[285/8235    118s] P16 n80 p0.9 i102 minorminer s3: SUCCESS acl=10.1875/9.25 14.665s
[286/8235    119s] P16 n80 p0.9 i102 clmm s1: SUCCESS acl=8.7125/8.7 11.1518s
[287/8235    119s] P16 n60 p0.9 i102 attraction s0: SUCCESS acl=8.5167/7.6 34.9324s
[288/8235    120s] P16 n80 p0.9 i102 clmm s4: SUCCESS acl=8.725/8.7 10.6445s
[289/8235    120s] P16 n80 p0.9 i102 clmm s3: SUCCESS acl=8.7375/8.7125 11.0726s
[290/8235    120s] P16 n80 p0.9 i102 minorminer s0: SUCCESS acl=11.175/10.2875 19.6081s
[291/8235    121s] P16 n80 p0.9 i101 mmfork-cuthill s2: SUCCESS acl=10.25/9.6 26.6544s
[292/8235    123s] P16 n60 p0.9 i102 attraction s4: SUCCESS acl=7.6167/7.15 37.9478s
[293/8235    123s] P16 n80 p0.9 i103 template s-1: SUCCESS acl=8.175/8.175 0.0317s
[294/8235    123s] P16 n80 p0.9 i103 clique s-1: SUCCESS acl=8.825/8.175 0.0192s
[295/8235    123s] P16 n80 p0.9 i101 mmfork-cuthill s3: SUCCESS acl=10.15/9.35 29.1344s
[296/8235    123s] P16 n80 p0.9 i103 pssa s0: SUCCESS acl=8.2875/8.2875 0.4611s
[297/8235    124s] P16 n80 p0.9 i103 pssa s1: SUCCESS acl=8.2875/8.2875 0.4679s
[298/8235    124s] P16 n80 p0.9 i103 pssa s2: SUCCESS acl=8.2875/8.2875 0.4608s
[299/8235    124s] P16 n80 p0.9 i103 pssa s3: SUCCESS acl=8.2875/8.2875 0.4652s
[300/8235    124s] P16 n80 p0.9 i103 pssa s4: SUCCESS acl=8.2875/8.2875 0.4584s
[301/8235    125s] P16 n60 p0.9 i103 attraction s4: SUCCESS acl=8.3/7.65 32.9584s
[302/8235    125s] P16 n60 p0.9 i102 attraction s3: SUCCESS acl=7.75/7.1833 40.201s
[303/8235    126s] P16 n80 p0.9 i102 mmfork-cuthill s0: SUCCESS acl=9.625/9.175 20.412s
[304/8235    127s] P16 n60 p0.9 i103 attraction s2: SUCCESS acl=7.7/7.2 35.48s
[305/8235    129s] P16 n80 p0.9 i102 minorminer s1: SUCCESS acl=9.8125/8.95 27.8683s
[306/8235    130s] P16 n80 p0.9 i103 clmm s0: SUCCESS acl=8.725/8.6875 10.3725s
[307/8235    130s] P16 n80 p0.9 i101 minorminer s1: SUCCESS acl=10.9375/10.1125 38.0001s
[308/8235    130s] P16 n80 p0.9 i103 clmm s2: SUCCESS acl=8.7125/8.6 10.0719s
[309/8235    130s] P16 n80 p0.9 i103 clmm s3: SUCCESS acl=8.7375/8.6125 9.9276s
[310/8235    131s] P16 n80 p0.9 i103 clmm s1: SUCCESS acl=8.7125/8.675 10.6321s
[311/8235    131s] P16 n80 p0.9 i103 mmfork-cuthill s4: SUCCESS acl=9.8/9.0 12.1977s
[312/8235    132s] P16 n80 p0.9 i103 clmm s4: SUCCESS acl=8.6875/8.6625 10.9512s
[313/8235    132s] P16 n80 p0.9 i102 mmfork-cuthill s2: SUCCESS acl=10.425/9.7625 26.1591s
[314/8235    132s] P16 n80 p0.9 i102 mmfork-cuthill s4: SUCCESS acl=10.225/9.4875 25.0706s
[315/8235    133s] P16 n80 p0.9 i101 minorminer s2: SUCCESS acl=10.475/9.8875 40.6804s
[316/8235    133s] P16 n80 p0.9 i103 mmfork-cuthill s3: SUCCESS acl=9.5625/9.0 14.6151s
[317/8235    133s] P16 n80 p0.9 i102 mmfork-cuthill s1: SUCCESS acl=9.875/9.225 27.6001s
[318/8235    133s] P16 n80 p0.9 i102 mmfork-cuthill s3: SUCCESS acl=9.8125/9.125 26.4006s
[319/8235    135s] P16 n80 p0.9 i103 minorminer s0: SUCCESS acl=10.9125/9.9625 22.0915s
[320/8235    135s] P16 n100 p0.9 i101 template s-1: SUCCESS acl=9.78/9.78 0.0472s
[321/8235    135s] P16 n100 p0.9 i101 clique s-1: SUCCESS acl=9.82/9.78 0.0207s
[322/8235    135s] P16 n60 p0.9 i103 attraction s1: SUCCESS acl=7.4667/7.0 43.7755s
[323/8235    135s] P16 n100 p0.9 i101 pssa s0: SUCCESS acl=9.98/9.98 0.4883s
[324/8235    136s] P16 n100 p0.9 i101 pssa s1: SUCCESS acl=9.98/9.98 0.4824s
[325/8235    136s] P16 n100 p0.9 i101 pssa s2: SUCCESS acl=9.98/9.98 0.5154s
[326/8235    136s] P16 n100 p0.9 i101 pssa s3: SUCCESS acl=9.98/9.98 0.4959s
[327/8235    137s] P16 n100 p0.9 i101 pssa s4: SUCCESS acl=9.98/9.98 0.4938s
[328/8235    138s] P16 n80 p0.9 i101 mmfork-cuthill s1: SUCCESS acl=10.7375/9.9375 44.7253s
[329/8235    140s] P16 n180 p1 i101 attraction s4: FAILURE  78.2329s
[330/8235    140s] P16 n60 p0.9 i103 attraction s0: SUCCESS acl=7.65/7.15 48.7965s
[331/8235    140s] P16 n80 p0.9 i101 minorminer s0: SUCCESS acl=10.225/9.325 48.4528s
[332/8235    141s] P16 n180 p1 i101 attraction s3: FAILURE  79.0101s
[333/8235    141s] P16 n80 p0.9 i103 minorminer s3: SUCCESS acl=11.125/10.075 24.7815s
[334/8235    141s] P16 n180 p1 i101 attraction s2: FAILURE  79.4038s
[335/8235    142s] P16 n180 p1 i101 attraction s1: FAILURE  79.7722s
[336/8235    142s] P16 n180 p1 i101 attraction s0: FAILURE  80.0505s
[337/8235    144s] P16 n80 p0.9 i103 mmfork-cuthill s1: SUCCESS acl=11.1/9.925 26.309s
[338/8235    154s] P16 n80 p0.9 i103 mmfork-cuthill s0: SUCCESS acl=10.625/9.8375 35.8985s
[339/8235    154s] P16 n100 p0.9 i101 clmm s0: SUCCESS acl=9.79/9.77 22.1096s
[340/8235    155s] P16 n80 p0.9 i102 minorminer s2: SUCCESS acl=11.5/10.3 51.4256s
[341/8235    156s] P16 n100 p0.9 i101 clmm s3: SUCCESS acl=9.81/9.78 22.8164s
[342/8235    157s] P16 n80 p0.9 i103 minorminer s4: SUCCESS acl=9.4375/8.9125 39.1431s
[343/8235    157s] P16 n100 p0.9 i101 clmm s1: SUCCESS acl=9.79/9.77 24.0692s
[344/8235    158s] P16 n100 p0.9 i101 clmm s4: SUCCESS acl=9.81/9.78 24.0445s
[345/8235    158s] P16 n100 p0.9 i101 clmm s2: SUCCESS acl=9.79/9.78 24.7349s
[346/8235    160s] P16 n80 p0.9 i101 attraction s0: SUCCESS acl=11.125/9.9625 60.308s
[347/8235    160s] P16 n100 p0.9 i102 template s-1: SUCCESS acl=9.78/9.78 0.0447s
[348/8235    161s] P16 n100 p0.9 i102 clique s-1: SUCCESS acl=9.82/9.78 0.0215s
[349/8235    161s] P16 n80 p0.9 i101 attraction s2: SUCCESS acl=11.45/10.5125 60.6582s
[350/8235    161s] P16 n100 p0.9 i101 minorminer s4: SUCCESS acl=11.23/10.39 30.8332s
[351/8235    161s] P16 n80 p0.9 i101 attraction s4: SUCCESS acl=11.6/10.325 60.5336s
[352/8235    161s] P16 n100 p0.9 i102 pssa s0: SUCCESS acl=9.97/9.97 0.5154s
[353/8235    161s] P16 n80 p0.9 i101 attraction s1: SUCCESS acl=11.3/10.1875 61.2802s
[354/8235    161s] P16 n100 p0.9 i102 pssa s1: SUCCESS acl=9.97/9.97 0.5301s
[355/8235    161s] P16 n80 p0.9 i101 attraction s3: SUCCESS acl=10.7875/9.8125 61.0278s
[356/8235    162s] P16 n100 p0.9 i102 pssa s2: SUCCESS acl=9.97/9.97 0.5221s
[357/8235    162s] P16 n100 p0.9 i102 pssa s3: SUCCESS acl=9.97/9.97 0.5108s
[358/8235    162s] P16 n100 p0.9 i102 pssa s4: SUCCESS acl=9.97/9.97 0.5234s
[359/8235    163s] P16 n80 p0.9 i103 minorminer s2: SUCCESS acl=11.025/10.0125 49.1144s
[360/8235    163s] P16 n80 p0.9 i103 mmfork-cuthill s2: SUCCESS acl=10.5875/9.7875 44.9515s
[361/8235    168s] P16 n80 p0.9 i102 attraction s4: SUCCESS acl=11.525/10.35 55.4719s
[362/8235    170s] P16 n100 p0.9 i101 minorminer s3: SUCCESS acl=11.56/10.57 40.2877s
[363/8235    171s] P16 n80 p0.9 i102 attraction s2: SUCCESS acl=10.6375/9.8 60.0948s
[364/8235    171s] P16 n80 p0.9 i102 attraction s0: SUCCESS acl=10.9375/10.075 60.3172s
[365/8235    172s] P16 n80 p0.9 i102 attraction s3: SUCCESS acl=10.775/9.825 60.1035s
[366/8235    172s] P16 n80 p0.9 i102 attraction s1: SUCCESS acl=10.75/9.8125 60.5172s
[367/8235    174s] P16 n80 p0.9 i103 minorminer s1: SUCCESS acl=10.7625/9.7875 60.6309s
[368/8235    175s] P16 n100 p0.9 i101 mmfork-cuthill s0: SUCCESS acl=13.55/12.33 44.6586s
[369/8235    178s] P16 n100 p0.9 i102 clmm s1: SUCCESS acl=9.8/9.78 21.0978s
[370/8235    178s] P16 n100 p0.9 i102 clmm s2: SUCCESS acl=9.82/9.78 20.8776s
[371/8235    180s] P16 n80 p0.9 i103 attraction s0: SUCCESS acl=11.575/10.35 55.7044s
[372/8235    181s] P16 n100 p0.9 i102 clmm s0: SUCCESS acl=9.79/9.77 24.5437s
[373/8235    181s] P16 n100 p0.9 i102 clmm s3: SUCCESS acl=9.8/9.78 23.8974s
[374/8235    182s] P16 n100 p0.9 i103 template s-1: SUCCESS acl=9.78/9.78 0.0445s
[375/8235    182s] P16 n100 p0.9 i103 clique s-1: SUCCESS acl=9.82/9.78 0.0213s
[376/8235    182s] P16 n100 p0.9 i103 pssa s0: SUCCESS acl=9.98/9.98 0.4892s
[377/8235    183s] P16 n100 p0.9 i102 clmm s4: SUCCESS acl=9.81/9.78 24.7103s
[378/8235    183s] P16 n100 p0.9 i103 pssa s1: SUCCESS acl=9.98/9.98 0.5111s
[379/8235    183s] P16 n100 p0.9 i103 pssa s2: SUCCESS acl=9.98/9.98 0.5115s
[380/8235    183s] P16 n100 p0.9 i103 pssa s3: SUCCESS acl=9.98/9.98 0.488s
[381/8235    184s] P16 n100 p0.9 i103 pssa s4: SUCCESS acl=9.98/9.98 0.5023s
[382/8235    185s] P16 n80 p0.9 i103 attraction s2: SUCCESS acl=10.5625/9.625 60.5928s
[383/8235    186s] P16 n80 p0.9 i103 attraction s1: SUCCESS acl=10.9/9.975 61.083s
[384/8235    186s] P16 n80 p0.9 i103 attraction s3: SUCCESS acl=11.2/9.95 60.7216s
[385/8235    186s] P16 n80 p0.9 i103 attraction s4: SUCCESS acl=11.15/10.2 60.5936s
[386/8235    187s] P16 n100 p0.9 i102 minorminer s1: SUCCESS acl=13.89/12.42 46.2345s
[387/8235    187s] P16 n100 p0.9 i101 minorminer s0: SUCCESS acl=12.23/11.38 60.3463s
[388/8235    190s] P16 n100 p0.9 i101 mmfork-cuthill s3: SUCCESS acl=11.95/11.17 58.0558s
[389/8235    191s] P16 n100 p0.9 i101 minorminer s2: SUCCESS acl=14.5/12.88 60.7499s
[390/8235    191s] P16 n100 p0.9 i101 minorminer s1: SUCCESS acl=13.6/12.24 61.4935s
[391/8235    191s] P16 n100 p0.9 i101 mmfork-cuthill s1: SUCCESS acl=13.89/12.6 60.5729s
[392/8235    193s] P16 n100 p0.9 i102 minorminer s2: SUCCESS acl=13.96/12.44 51.4436s
[393/8235    193s] P16 n100 p0.9 i101 mmfork-cuthill s2: SUCCESS acl=13.73/12.29 61.421s
[394/8235    193s] P16 n100 p0.9 i101 mmfork-cuthill s4: SUCCESS acl=13.55/12.46 60.689s
[395/8235    195s] P16 n100 p0.9 i102 mmfork-cuthill s3: SUCCESS acl=12.94/11.64 40.4736s
[396/8235    197s] P16 n100 p0.9 i101 attraction s0: SUCCESS acl=15.02/13.08 60.635s
[397/8235    198s] P16 n100 p0.9 i101 attraction s1: SUCCESS acl=14.87/13.16 61.5108s
[398/8235    200s] P16 n100 p0.9 i101 attraction s2: SUCCESS acl=15.75/13.85 60.9453s
[399/8235    201s] P16 n100 p0.9 i103 clmm s2: SUCCESS acl=9.81/9.78 22.8039s
[400/8235    201s] P16 n100 p0.9 i101 attraction s4: SUCCESS acl=16.22/13.94 60.4328s
[401/8235    201s] P16 n100 p0.9 i103 clmm s0: SUCCESS acl=9.81/9.78 25.7995s
[402/8235    201s] P16 n140 p0.9 i101 template s-1: SUCCESS acl=13.1643/13.1643 0.1535s
[403/8235    201s] P16 n140 p0.9 i101 clique s-1: SUCCESS acl=13.8286/13.1643 0.0196s
[404/8235    201s] P16 n100 p0.9 i103 clmm s1: SUCCESS acl=9.82/9.78 23.2357s
[405/8235    202s] P16 n100 p0.9 i102 minorminer s3: SUCCESS acl=12.37/11.41 60.2882s
[406/8235    202s] P16 n100 p0.9 i101 attraction s3: SUCCESS acl=15.27/13.38 61.3623s
[407/8235    202s] P16 n140 p0.9 i101 pssa s0: SUCCESS acl=13.3143/13.3143 0.6142s
[408/8235    202s] P16 n140 p0.9 i101 pssa s1: SUCCESS acl=13.3143/13.3143 0.6205s
[409/8235    202s] P16 n140 p0.9 i101 pssa s2: SUCCESS acl=13.3143/13.3143 0.6396s
[410/8235    202s] P16 n100 p0.9 i103 minorminer s0: SUCCESS acl=13.06/11.87 39.9514s
[411/8235    202s] P16 n100 p0.9 i102 minorminer s0: SUCCESS acl=12.67/11.6 61.5759s
[412/8235    202s] P16 n100 p0.9 i102 minorminer s4: SUCCESS acl=14.0/12.67 60.5567s
[413/8235    202s] P16 n140 p0.9 i101 pssa s3: SUCCESS acl=13.3143/13.3143 0.6446s
[414/8235    202s] P16 n100 p0.9 i102 mmfork-cuthill s0: SUCCESS acl=12.3/11.46 60.478s
[415/8235    202s] P16 n140 p0.9 i101 pssa s4: SUCCESS acl=13.3143/13.3143 0.6495s
[416/8235    203s] P16 n100 p0.9 i103 clmm s4: SUCCESS acl=9.8/9.78 21.818s
[417/8235    203s] P16 n100 p0.9 i103 clmm s3: SUCCESS acl=9.81/9.79 23.0174s
[418/8235    204s] P16 n100 p0.9 i102 mmfork-cuthill s2: SUCCESS acl=12.78/11.89 50.7469s
[419/8235    205s] P16 n100 p0.9 i102 mmfork-cuthill s1: SUCCESS acl=12.25/11.4 60.6721s
[420/8235    217s] P16 n100 p0.9 i102 mmfork-cuthill s4: SUCCESS acl=13.65/12.56 61.8253s
[421/8235    221s] P16 n100 p0.9 i103 minorminer s1: SUCCESS acl=13.28/12.02 58.2038s
[422/8235    223s] P16 n100 p0.9 i102 attraction s0: SUCCESS acl=14.91/13.12 61.0192s
[423/8235    223s] P16 n100 p0.9 i102 attraction s4: SUCCESS acl=15.37/13.38 60.9183s
[424/8235    223s] P16 n100 p0.9 i102 attraction s3: SUCCESS acl=14.47/12.69 61.3524s
[425/8235    224s] P16 n100 p0.9 i102 attraction s2: SUCCESS acl=14.41/12.94 62.0013s
[426/8235    224s] P16 n100 p0.9 i102 attraction s1: SUCCESS acl=15.31/13.44 62.2731s
[427/8235    224s] P16 n100 p0.9 i103 minorminer s2: SUCCESS acl=13.73/12.33 60.7652s
[428/8235    224s] P16 n140 p0.9 i102 template s-1: SUCCESS acl=13.1643/13.1643 0.1508s
[429/8235    224s] P16 n140 p0.9 i102 clique s-1: SUCCESS acl=13.8286/13.1643 0.023s
[430/8235    225s] P16 n140 p0.9 i102 pssa s0: SUCCESS acl=13.3143/13.3143 0.622s
[431/8235    226s] P16 n140 p0.9 i102 pssa s1: SUCCESS acl=13.3143/13.3143 0.6235s
[432/8235    227s] P16 n140 p0.9 i102 pssa s2: SUCCESS acl=13.3143/13.3143 0.6207s
[433/8235    227s] P16 n100 p0.9 i103 mmfork-cuthill s0: SUCCESS acl=12.71/11.69 55.7262s
[434/8235    227s] P16 n140 p0.9 i102 pssa s3: SUCCESS acl=13.3143/13.3143 0.6232s
[435/8235    228s] P16 n140 p0.9 i102 pssa s4: SUCCESS acl=13.3143/13.3143 0.6346s
[436/8235    229s] P16 n100 p0.9 i103 minorminer s3: SUCCESS acl=13.28/11.96 61.2702s
[437/8235    231s] P16 n100 p0.9 i103 minorminer s4: SUCCESS acl=14.32/12.82 60.9366s
[438/8235    233s] P16 n100 p0.9 i103 mmfork-cuthill s1: SUCCESS acl=11.05/10.36 61.2583s
[439/8235    233s] P16 n100 p0.9 i103 mmfork-cuthill s3: SUCCESS acl=13.54/12.41 60.9796s
[440/8235    233s] P16 n100 p0.9 i103 mmfork-cuthill s2: SUCCESS acl=13.33/11.99 61.1913s
[441/8235    236s] P16 n100 p0.9 i103 mmfork-cuthill s4: SUCCESS acl=12.23/11.47 62.0229s
[442/8235    244s] P16 n100 p0.9 i103 attraction s1: SUCCESS acl=14.06/12.67 60.0609s
[443/8235    245s] P16 n100 p0.9 i103 attraction s0: SUCCESS acl=14.78/12.87 61.0344s
[444/8235    246s] P16 n100 p0.9 i103 attraction s3: SUCCESS acl=16.62/14.53 60.0735s
[445/8235    246s] P16 n100 p0.9 i103 attraction s4: SUCCESS acl=14.59/13.01 60.2396s
[446/8235    246s] P16 n100 p0.9 i103 attraction s2: SUCCESS acl=15.32/13.46 60.7685s
[447/8235    248s] P16 n140 p0.9 i101 minorminer s0: SUCCESS acl=20.1357/18.2286 61.2841s
[448/8235    249s] P16 n140 p0.9 i101 minorminer s2: SUCCESS acl=21.95/19.1929 60.5651s
[449/8235    251s] P16 n140 p0.9 i101 minorminer s3: SUCCESS acl=19.8286/17.7929 60.8506s
[450/8235    251s] P16 n140 p0.9 i101 minorminer s1: SUCCESS acl=19.3143/17.3786 63.6541s
[451/8235    254s] P16 n140 p0.9 i101 minorminer s4: SUCCESS acl=16.6143/15.0857 62.8092s
[452/8235    254s] P16 n140 p0.9 i101 mmfork-cuthill s3: SUCCESS acl=26.7429/22.4286 60.5879s
[453/8235    255s] P16 n140 p0.9 i101 mmfork-cuthill s0: SUCCESS acl=19.6429/17.4143 63.1605s
[454/8235    255s] P16 n140 p0.9 i101 mmfork-cuthill s1: SUCCESS acl=17.7714/16.25 62.9248s
[455/8235    255s] P16 n140 p0.9 i103 template s-1: SUCCESS acl=13.1714/13.1714 0.1535s
[456/8235    255s] P16 n140 p0.9 i103 clique s-1: SUCCESS acl=13.8286/13.1714 0.0206s
[457/8235    256s] P16 n140 p0.9 i101 mmfork-cuthill s2: SUCCESS acl=24.0214/20.6143 61.8223s
[458/8235    256s] P16 n140 p0.9 i101 mmfork-cuthill s4: SUCCESS acl=22.5286/19.3643 62.0295s
[459/8235    256s] P16 n140 p0.9 i103 pssa s0: SUCCESS acl=13.3143/13.3143 0.6185s
[460/8235    256s] P16 n140 p0.9 i103 pssa s1: SUCCESS acl=13.3143/13.3143 0.6253s
[461/8235    256s] P16 n140 p0.9 i103 pssa s2: SUCCESS acl=13.3143/13.3143 0.629s
[462/8235    257s] P16 n140 p0.9 i103 pssa s3: SUCCESS acl=13.3143/13.3143 0.6236s
[463/8235    257s] P16 n140 p0.9 i103 pssa s4: SUCCESS acl=13.3143/13.3143 0.6264s
[464/8235    260s] P16 n140 p0.9 i101 clmm s1: SUCCESS acl=13.7643/13.7357 63.2264s
[465/8235    261s] P16 n140 p0.9 i101 clmm s0: SUCCESS acl=13.7571/13.7357 66.2708s
[466/8235    262s] P16 n140 p0.9 i101 clmm s2: SUCCESS acl=13.7643/13.7643 63.3384s
[467/8235    263s] P16 n140 p0.9 i102 minorminer s0: SUCCESS acl=20.8929/18.1143 60.0675s
[468/8235    263s] P16 n140 p0.9 i101 clmm s4: SUCCESS acl=13.7429/13.7143 62.5062s
[469/8235    264s] P16 n140 p0.9 i101 clmm s3: SUCCESS acl=13.75/13.7286 63.7729s
[470/8235    264s] P16 n140 p0.9 i102 minorminer s4: SUCCESS acl=15.7214/14.5 61.053s
[471/8235    265s] P16 n140 p0.9 i102 minorminer s2: SUCCESS acl=23.2571/20.1571 61.219s
[472/8235    265s] P16 n140 p0.9 i102 minorminer s3: SUCCESS acl=22.2571/19.1714 62.1644s
[473/8235    266s] P16 n140 p0.9 i102 mmfork-cuthill s0: SUCCESS acl=20.6714/18.2786 61.8537s
[474/8235    266s] P16 n140 p0.9 i102 minorminer s1: SUCCESS acl=25.5643/21.6714 62.1425s
[475/8235    266s] P16 n140 p0.9 i101 attraction s1: SUCCESS acl=25.0571/20.7643 62.846s
[476/8235    266s] P16 n140 p0.9 i102 mmfork-cuthill s2: SUCCESS acl=21.1714/18.5286 60.3803s
[477/8235    268s] P16 n140 p0.9 i102 mmfork-cuthill s1: SUCCESS acl=17.4143/16.05 63.4014s
[478/8235    271s] P16 n140 p0.9 i101 attraction s2: FAILURE  68.8955s
[479/8235    272s] P16 n140 p0.9 i101 attraction s3: FAILURE  70.1107s
[480/8235    272s] P16 n140 p0.9 i101 attraction s0: FAILURE  70.5013s
[481/8235    274s] P16 n140 p0.9 i101 attraction s4: FAILURE  72.4709s
[482/8235    275s] P16 n180 p0.9 i101 template s-1: SUCCESS acl=16.6389/16.6389 0.2775s
[483/8235    275s] P16 n180 p0.9 i101 clique s-1: SUCCESS acl=16.6667/16.6389 0.0224s
[484/8235    276s] P16 n180 p0.9 i101 pssa s0: SUCCESS acl=16.6444/16.6444 0.5126s
[485/8235    277s] P16 n180 p0.9 i101 pssa s1: SUCCESS acl=16.6444/16.6444 0.5124s
[486/8235    277s] P16 n180 p0.9 i101 pssa s2: SUCCESS acl=16.6444/16.6444 0.5096s
[487/8235    278s] P16 n180 p0.9 i101 pssa s3: SUCCESS acl=16.6444/16.6444 0.5174s
[488/8235    279s] P16 n180 p0.9 i101 pssa s4: SUCCESS acl=16.6444/16.6444 0.5116s
[489/8235    280s] P16 n140 p0.9 i102 mmfork-cuthill s3: SUCCESS acl=17.4/16.0071 62.4567s
[490/8235    285s] P16 n140 p0.9 i102 mmfork-cuthill s4: SUCCESS acl=20.8214/18.1857 63.4622s
[491/8235    285s] P16 n140 p0.9 i102 clmm s0: SUCCESS acl=13.7857/13.75 62.6799s
[492/8235    286s] P16 n140 p0.9 i102 clmm s2: SUCCESS acl=13.7857/13.75 62.9475s
[493/8235    288s] P16 n140 p0.9 i102 clmm s1: SUCCESS acl=13.7786/13.7643 65.1599s
[494/8235    288s] P16 n140 p0.9 i102 clmm s3: SUCCESS acl=13.7714/13.7571 64.6076s
[495/8235    290s] P16 n140 p0.9 i102 clmm s4: SUCCESS acl=13.7786/13.7643 66.1734s
[496/8235    296s] P16 n140 p0.9 i103 minorminer s0: SUCCESS acl=18.6143/16.7071 62.3483s
[497/8235    296s] P16 n140 p0.9 i103 minorminer s1: SUCCESS acl=21.9786/19.05 62.5591s
[498/8235    297s] P16 n140 p0.9 i103 minorminer s2: SUCCESS acl=20.2714/17.7429 60.6244s
[499/8235    300s] P16 n140 p0.9 i102 attraction s1: FAILURE  71.8948s
[500/8235    301s] P16 n140 p0.9 i102 attraction s0: FAILURE  73.5774s
[501/8235    303s] P16 n140 p0.9 i102 attraction s2: FAILURE  73.7561s
[502/8235    306s] P16 n140 p0.9 i102 attraction s3: FAILURE  74.4998s
[503/8235    306s] P16 n140 p0.9 i102 attraction s4: FAILURE  73.6328s
[504/8235    307s] P16 n140 p0.9 i103 minorminer s4: SUCCESS acl=17.4357/15.8071 61.4035s
[505/8235    307s] P16 n140 p0.9 i103 mmfork-cuthill s2: SUCCESS acl=15.95/14.6714 60.1302s
[506/8235    307s] P16 n140 p0.9 i103 minorminer s3: SUCCESS acl=24.6214/21.1286 61.5389s
[507/8235    309s] P16 n140 p0.9 i103 mmfork-cuthill s1: SUCCESS acl=19.4929/17.6857 61.8329s
[508/8235    309s] P16 n140 p0.9 i103 mmfork-cuthill s0: SUCCESS acl=22.5214/19.5071 61.693s
[509/8235    309s] P16 n180 p0.9 i102 template s-1: SUCCESS acl=16.6444/16.6444 0.2772s
[510/8235    310s] P16 n180 p0.9 i102 clique s-1: SUCCESS acl=16.6667/16.6444 0.0213s
[511/8235    310s] P16 n180 p0.9 i102 pssa s0: SUCCESS acl=16.6444/16.6444 0.5083s
[512/8235    311s] P16 n140 p0.9 i103 mmfork-cuthill s3: SUCCESS acl=15.35/14.1929 62.4562s
[513/8235    311s] P16 n180 p0.9 i102 pssa s1: SUCCESS acl=16.6444/16.6444 0.514s
[514/8235    312s] P16 n180 p0.9 i102 pssa s2: SUCCESS acl=16.6444/16.6444 0.5213s
[515/8235    312s] P16 n180 p0.9 i102 pssa s3: SUCCESS acl=16.6444/16.6444 0.5178s
[516/8235    312s] P16 n140 p0.9 i103 clmm s0: SUCCESS acl=13.75/13.7214 60.5562s
[517/8235    313s] P16 n180 p0.9 i102 pssa s4: SUCCESS acl=16.6444/16.6444 0.5273s
[518/8235    313s] P16 n140 p0.9 i103 mmfork-cuthill s4: SUCCESS acl=21.6571/18.7571 63.2854s
[519/8235    316s] P16 n140 p0.9 i103 clmm s1: SUCCESS acl=13.7643/13.7429 64.379s
[520/8235    316s] P16 n140 p0.9 i103 clmm s4: SUCCESS acl=13.7929/13.7714 61.3809s
[521/8235    318s] P16 n140 p0.9 i103 clmm s2: SUCCESS acl=13.7429/13.7286 63.5573s
[522/8235    318s] P16 n140 p0.9 i103 clmm s3: SUCCESS acl=13.7571/13.7429 63.1753s
[523/8235    327s] P16 n140 p0.9 i103 attraction s2: FAILURE  69.4847s
[524/8235    327s] P16 n140 p0.9 i103 attraction s1: FAILURE  69.959s
[525/8235    327s] P16 n140 p0.9 i103 attraction s0: FAILURE  70.6261s
[526/8235    328s] P16 n180 p0.9 i101 minorminer s0: FAILURE  66.7737s
[527/8235    331s] P16 n140 p0.9 i103 attraction s3: FAILURE  70.8429s
[528/8235    332s] P16 n180 p0.9 i101 minorminer s1: FAILURE  68.6581s
[529/8235    332s] P16 n140 p0.9 i103 attraction s4: FAILURE  71.0711s
[530/8235    333s] P16 n180 p0.9 i101 minorminer s2: FAILURE  69.249s
[531/8235    333s] P16 n180 p0.9 i101 minorminer s4: FAILURE  68.8598s
[532/8235    333s] P16 n180 p0.9 i101 minorminer s3: FAILURE  69.3324s
[533/8235    334s] P16 n180 p0.9 i101 mmfork-cuthill s4: FAILURE  67.6348s
[534/8235    334s] P16 n180 p0.9 i101 mmfork-cuthill s3: FAILURE  68.3759s
[535/8235    335s] P16 n180 p0.9 i101 clmm s0: SUCCESS acl=16.6667/16.6389 68.2118s
[536/8235    335s] P16 n180 p0.9 i101 clmm s4: SUCCESS acl=16.6667/16.6389 62.3805s
[537/8235    335s] P16 n180 p0.9 i103 template s-1: SUCCESS acl=16.6444/16.6444 0.2801s
[538/8235    335s] P16 n180 p0.9 i103 clique s-1: SUCCESS acl=16.6667/16.6444 0.0216s
[539/8235    336s] P16 n180 p0.9 i101 mmfork-cuthill s1: FAILURE  70.0931s
[540/8235    336s] P16 n180 p0.9 i103 pssa s0: SUCCESS acl=16.6444/16.6444 0.5147s
[541/8235    336s] P16 n180 p0.9 i103 pssa s1: SUCCESS acl=16.6444/16.6444 0.5189s
[542/8235    336s] P16 n180 p0.9 i101 mmfork-cuthill s0: FAILURE  71.5621s
[543/8235    336s] P16 n180 p0.9 i103 pssa s2: SUCCESS acl=16.6444/16.6444 0.504s
[544/8235    336s] P16 n180 p0.9 i101 clmm s2: SUCCESS acl=16.6667/16.6389 65.2459s
[545/8235    337s] P16 n180 p0.9 i103 pssa s3: SUCCESS acl=16.6444/16.6444 0.5174s
[546/8235    337s] P16 n180 p0.9 i103 pssa s4: SUCCESS acl=16.6444/16.6444 0.517s
[547/8235    338s] P16 n180 p0.9 i101 mmfork-cuthill s2: FAILURE  71.8831s
[548/8235    340s] P16 n40 p0.7 i101 minorminer s0: SUCCESS acl=5.225/4.95 2.164s
[549/8235    340s] P16 n180 p0.9 i101 clmm s1: SUCCESS acl=16.6667/16.6389 71.2396s
[550/8235    341s] P16 n180 p0.9 i101 clmm s3: SUCCESS acl=16.6667/16.6389 68.4977s
[551/8235    342s] P16 n40 p0.7 i101 minorminer s1: SUCCESS acl=5.225/5.025 2.2861s
[552/8235    342s] P16 n40 p0.7 i101 minorminer s2: SUCCESS acl=4.9/4.75 2.3667s
[553/8235    343s] P16 n40 p0.7 i101 minorminer s3: SUCCESS acl=5.2/4.85 2.5775s
[554/8235    345s] P16 n40 p0.7 i101 minorminer s4: SUCCESS acl=5.0/4.75 2.4986s
[555/8235    346s] P16 n40 p0.7 i101 mmfork-cuthill s0: SUCCESS acl=5.075/4.95 4.1296s
[556/8235    348s] P16 n40 p0.7 i101 mmfork-cuthill s2: SUCCESS acl=4.85/4.65 3.1437s
[557/8235    348s] P16 n40 p0.7 i101 mmfork-cuthill s3: SUCCESS acl=5.175/4.85 2.0281s
[558/8235    349s] P16 n40 p0.7 i101 clmm s0: SUCCESS acl=4.8/4.7 0.554s
[559/8235    349s] P16 n40 p0.7 i101 mmfork-cuthill s1: SUCCESS acl=4.8/4.7 5.9913s
[560/8235    350s] P16 n40 p0.7 i101 clmm s1: SUCCESS acl=4.725/4.675 0.612s
[561/8235    350s] P16 n40 p0.7 i101 clmm s2: SUCCESS acl=4.725/4.625 0.5434s
[562/8235    350s] P16 n40 p0.7 i101 clmm s3: SUCCESS acl=4.75/4.675 0.5273s
[563/8235    350s] P16 n40 p0.7 i101 template s-1: SUCCESS acl=4.7/4.7 0.0054s
[564/8235    350s] P16 n40 p0.7 i101 clique s-1: SUCCESS acl=4.8/4.7 0.0217s
[565/8235    351s] P16 n40 p0.7 i101 pssa s0: SUCCESS acl=4.925/4.925 0.2965s
[566/8235    351s] P16 n40 p0.7 i101 clmm s4: SUCCESS acl=4.725/4.625 0.5337s
[567/8235    351s] P16 n40 p0.7 i101 pssa s1: SUCCESS acl=4.925/4.925 0.299s
[568/8235    351s] P16 n40 p0.7 i101 pssa s2: SUCCESS acl=4.925/4.925 0.2989s
[569/8235    351s] P16 n40 p0.7 i101 pssa s3: SUCCESS acl=4.925/4.925 0.2994s
[570/8235    351s] P16 n40 p0.7 i101 pssa s4: SUCCESS acl=4.925/4.925 0.2963s
[571/8235    351s] P16 n40 p0.7 i101 mmfork-cuthill s4: SUCCESS acl=5.1/4.85 3.5248s
[572/8235    355s] P16 n180 p0.9 i101 attraction s0: FAILURE  76.3599s
[573/8235    356s] P16 n180 p0.9 i101 attraction s1: FAILURE  76.0216s
[574/8235    357s] P16 n180 p0.9 i102 minorminer s1: FAILURE  68.9016s
[575/8235    358s] P16 n180 p0.9 i102 minorminer s2: FAILURE  67.9672s
[576/8235    359s] P16 n180 p0.9 i102 minorminer s0: FAILURE  70.6072s
[577/8235    360s] P16 n40 p0.7 i101 attraction s2: SUCCESS acl=5.025/4.85 8.784s
[578/8235    360s] P16 n40 p0.7 i102 minorminer s0: SUCCESS acl=5.025/4.85 2.8135s
[579/8235    361s] P16 n180 p0.9 i101 attraction s2: FAILURE  75.4607s
[580/8235    361s] P16 n40 p0.7 i102 minorminer s2: SUCCESS acl=4.85/4.75 2.1425s
[581/8235    361s] P16 n180 p0.9 i101 attraction s3: FAILURE  75.3439s
[582/8235    361s] P16 n40 p0.7 i102 minorminer s1: SUCCESS acl=5.2/5.025 2.7827s
[583/8235    361s] P16 n40 p0.7 i101 attraction s1: SUCCESS acl=5.15/5.0 9.7431s
[584/8235    362s] P16 n40 p0.7 i102 minorminer s4: SUCCESS acl=5.275/4.925 1.682s
[585/8235    362s] P16 n40 p0.7 i101 attraction s0: SUCCESS acl=5.0/4.825 11.0439s
[586/8235    362s] P16 n40 p0.7 i102 minorminer s3: SUCCESS acl=4.975/4.825 2.2368s
[587/8235    362s] P16 n40 p0.7 i102 clmm s0: SUCCESS acl=4.75/4.625 0.5004s
[588/8235    363s] P16 n40 p0.7 i102 mmfork-cuthill s2: SUCCESS acl=4.85/4.7 1.8369s
[589/8235    363s] P16 n40 p0.7 i102 mmfork-cuthill s0: SUCCESS acl=5.0/4.825 2.004s
[590/8235    363s] P16 n40 p0.7 i102 template s-1: SUCCESS acl=4.65/4.65 0.0042s
[591/8235    363s] P16 n40 p0.7 i102 clique s-1: SUCCESS acl=4.8/4.65 0.0205s
[592/8235    363s] P16 n40 p0.7 i101 attraction s4: SUCCESS acl=5.35/5.1 6.9217s
[593/8235    363s] P16 n40 p0.7 i102 clmm s1: SUCCESS acl=4.75/4.675 0.4896s
[594/8235    363s] P16 n40 p0.7 i102 clmm s3: SUCCESS acl=4.725/4.675 0.5342s
[595/8235    363s] P16 n40 p0.7 i102 clmm s2: SUCCESS acl=4.675/4.6 0.5951s
[596/8235    363s] P16 n40 p0.7 i102 pssa s0: SUCCESS acl=4.875/4.875 0.276s
[597/8235    363s] P16 n40 p0.7 i102 pssa s1: SUCCESS acl=4.875/4.875 0.285s
[598/8235    363s] P16 n40 p0.7 i102 pssa s2: SUCCESS acl=4.875/4.875 0.273s
[599/8235    363s] P16 n40 p0.7 i102 pssa s3: SUCCESS acl=4.875/4.875 0.2728s
[600/8235    363s] P16 n40 p0.7 i102 pssa s4: SUCCESS acl=4.875/4.875 0.2942s
[601/8235    363s] P16 n40 p0.7 i102 clmm s4: SUCCESS acl=4.775/4.675 0.6032s
[602/8235    363s] P16 n40 p0.7 i102 mmfork-cuthill s4: SUCCESS acl=5.025/4.85 2.296s
[603/8235    364s] P16 n180 p0.9 i101 attraction s4: FAILURE  77.3739s
[604/8235    364s] P16 n40 p0.7 i102 mmfork-cuthill s1: SUCCESS acl=5.025/4.8 3.4532s
[605/8235    365s] P16 n40 p0.7 i103 minorminer s1: SUCCESS acl=4.925/4.725 1.6719s
[606/8235    365s] P16 n180 p0.9 i102 minorminer s3: FAILURE  69.6936s
[607/8235    366s] P16 n40 p0.7 i102 mmfork-cuthill s3: SUCCESS acl=5.0/4.75 4.7426s
[608/8235    366s] P16 n40 p0.7 i101 attraction s3: SUCCESS acl=4.8/4.7 10.5276s
[609/8235    366s] P16 n180 p0.9 i102 minorminer s4: FAILURE  69.4698s
[610/8235    366s] P16 n40 p0.7 i103 minorminer s2: SUCCESS acl=5.075/4.9 2.4153s
[611/8235    367s] P16 n40 p0.7 i103 minorminer s0: SUCCESS acl=4.75/4.725 3.3229s
[612/8235    367s] P16 n40 p0.7 i103 minorminer s3: SUCCESS acl=5.325/5.075 2.47s
[613/8235    367s] P16 n40 p0.7 i103 clmm s0: SUCCESS acl=4.725/4.675 0.5075s
[614/8235    367s] P16 n40 p0.7 i103 clmm s1: SUCCESS acl=4.7/4.65 0.5278s
[615/8235    367s] P16 n40 p0.7 i103 mmfork-cuthill s4: SUCCESS acl=5.175/5.025 1.5275s
[616/8235    368s] P16 n40 p0.7 i103 clmm s2: SUCCESS acl=4.75/4.65 0.594s
[617/8235    368s] P16 n40 p0.7 i103 clmm s3: SUCCESS acl=4.725/4.525 0.4919s
[618/8235    368s] P16 n40 p0.7 i103 template s-1: SUCCESS acl=4.65/4.65 0.004s
[619/8235    368s] P16 n40 p0.7 i103 clique s-1: SUCCESS acl=4.8/4.65 0.022s
[620/8235    368s] P16 n40 p0.7 i103 minorminer s4: SUCCESS acl=5.225/5.0 2.9317s
[621/8235    368s] P16 n40 p0.7 i103 pssa s0: SUCCESS acl=4.9/4.9 0.2957s
[622/8235    368s] P16 n40 p0.7 i103 pssa s1: SUCCESS acl=4.9/4.9 0.2815s
[623/8235    368s] P16 n40 p0.7 i103 clmm s4: SUCCESS acl=4.625/4.6 0.5534s
[624/8235    368s] P16 n40 p0.7 i103 mmfork-cuthill s3: SUCCESS acl=5.0/4.75 2.2463s
[625/8235    368s] P16 n40 p0.7 i103 pssa s2: SUCCESS acl=4.9/4.9 0.302s
[626/8235    368s] P16 n40 p0.7 i103 mmfork-cuthill s2: SUCCESS acl=5.05/4.925 2.4084s
[627/8235    368s] P16 n40 p0.7 i103 mmfork-cuthill s0: SUCCESS acl=5.0/4.8 2.7909s
[628/8235    368s] P16 n40 p0.7 i103 pssa s3: SUCCESS acl=4.9/4.9 0.2927s
[629/8235    368s] P16 n40 p0.7 i103 pssa s4: SUCCESS acl=4.9/4.9 0.2884s
[630/8235    368s] P16 n180 p0.9 i102 mmfork-cuthill s0: FAILURE  71.1422s
[631/8235    368s] P16 n40 p0.7 i103 mmfork-cuthill s1: SUCCESS acl=5.025/4.925 2.7805s
[632/8235    369s] P16 n180 p0.9 i102 mmfork-cuthill s1: FAILURE  69.1125s
[633/8235    369s] P16 n40 p0.7 i102 attraction s0: SUCCESS acl=5.05/4.9 6.3433s
[634/8235    370s] P16 n40 p0.7 i102 attraction s3: SUCCESS acl=5.2/5.075 6.6071s
[635/8235    370s] P16 n40 p0.7 i102 attraction s2: SUCCESS acl=5.125/4.825 6.8385s
[636/8235    371s] P16 n180 p0.9 i102 clmm s1: SUCCESS acl=16.6611/16.6444 63.8881s
[637/8235    372s] P16 n180 p0.9 i102 clmm s0: SUCCESS acl=16.6667/16.6444 64.9607s
[638/8235    372s] P16 n40 p0.7 i102 attraction s1: SUCCESS acl=4.825/4.725 9.4327s
[639/8235    372s] P16 n180 p0.9 i102 mmfork-cuthill s3: FAILURE  69.2338s
[640/8235    373s] P16 n180 p0.9 i102 clmm s3: SUCCESS acl=16.6667/16.6444 65.5887s
[641/8235    373s] P16 n40 p0.7 i102 attraction s4: SUCCESS acl=4.975/4.825 9.9326s
[642/8235    375s] P16 n60 p0.7 i101 clmm s1: SUCCESS acl=6.75/6.7 2.2965s
[643/8235    375s] P16 n60 p0.7 i101 clmm s0: SUCCESS acl=6.7/6.6667 2.366s
[644/8235    375s] P16 n60 p0.7 i101 template s-1: SUCCESS acl=6.6667/6.6667 0.0109s
[645/8235    375s] P16 n60 p0.7 i101 clique s-1: SUCCESS acl=6.8/6.6667 0.0225s
[646/8235    375s] P16 n60 p0.7 i101 clmm s2: SUCCESS acl=6.6667/6.65 2.2135s
[647/8235    375s] P16 n60 p0.7 i101 mmfork-cuthill s2: SUCCESS acl=7.7833/7.3333 5.2302s
[648/8235    375s] P16 n60 p0.7 i101 pssa s0: SUCCESS acl=6.6/6.6 0.3814s
[649/8235    375s] P16 n60 p0.7 i101 pssa s1: SUCCESS acl=6.6/6.6 0.3558s
[650/8235    375s] P16 n60 p0.7 i101 clmm s3: SUCCESS acl=6.65/6.6167 2.2759s
[651/8235    376s] P16 n60 p0.7 i101 pssa s2: SUCCESS acl=6.6/6.6 0.3568s
[652/8235    376s] P16 n40 p0.7 i103 attraction s0: SUCCESS acl=5.5/5.35 7.6517s
[653/8235    376s] P16 n60 p0.7 i101 pssa s3: SUCCESS acl=6.6/6.6 0.3922s
[654/8235    376s] P16 n60 p0.7 i101 pssa s4: SUCCESS acl=6.6/6.6 0.3619s
[655/8235    376s] P16 n40 p0.7 i103 attraction s1: SUCCESS acl=4.95/4.875 8.0855s
[656/8235    377s] P16 n60 p0.7 i101 mmfork-cuthill s1: SUCCESS acl=7.6/7.15 6.9855s
[657/8235    377s] P16 n60 p0.7 i101 clmm s4: SUCCESS acl=6.6833/6.6333 2.1711s
[658/8235    377s] P16 n180 p0.9 i102 mmfork-cuthill s4: FAILURE  71.2354s
[659/8235    377s] P16 n60 p0.7 i101 minorminer s4: SUCCESS acl=7.4833/7.0 8.1983s
[660/8235    377s] P16 n40 p0.7 i103 attraction s2: SUCCESS acl=4.925/4.85 8.9576s
[661/8235    377s] P16 n180 p0.9 i102 clmm s2: SUCCESS acl=16.6667/16.6444 70.1566s
[662/8235    377s] P16 n40 p0.7 i103 attraction s4: SUCCESS acl=5.275/5.125 9.0797s
[663/8235    378s] P16 n180 p0.9 i102 mmfork-cuthill s2: FAILURE  77.0135s
[664/8235    379s] P16 n60 p0.7 i101 minorminer s3: SUCCESS acl=7.9667/7.3667 10.1671s
[665/8235    379s] P16 n40 p0.7 i103 attraction s3: SUCCESS acl=5.1/4.9 10.4328s
[666/8235    379s] P16 n60 p0.7 i101 minorminer s2: SUCCESS acl=7.2833/6.95 10.5653s
[667/8235    379s] P16 n60 p0.7 i101 minorminer s0: SUCCESS acl=7.9167/7.4333 10.6322s
[668/8235    379s] P16 n60 p0.7 i101 minorminer s1: SUCCESS acl=7.8/7.2833 11.0003s
[669/8235    380s] P16 n60 p0.7 i101 mmfork-cuthill s3: SUCCESS acl=7.6833/7.2667 8.9209s
[670/8235    380s] P16 n180 p0.9 i102 clmm s4: SUCCESS acl=16.6611/16.6444 71.1995s
[671/8235    380s] P16 n60 p0.7 i102 template s-1: SUCCESS acl=6.6833/6.6833 0.0101s
[672/8235    380s] P16 n60 p0.7 i102 clique s-1: SUCCESS acl=6.8/6.6833 0.0203s
[673/8235    381s] P16 n60 p0.7 i102 pssa s0: SUCCESS acl=6.5833/6.5833 0.3808s
[674/8235    381s] P16 n60 p0.7 i102 pssa s1: SUCCESS acl=6.5833/6.5833 0.3771s
[675/8235    381s] P16 n60 p0.7 i102 clmm s0: SUCCESS acl=6.7333/6.6833 2.3892s
[676/8235    381s] P16 n60 p0.7 i102 minorminer s1: SUCCESS acl=8.25/7.5667 4.3864s
[677/8235    381s] P16 n60 p0.7 i101 mmfork-cuthill s4: SUCCESS acl=7.0667/6.8 9.5167s
[678/8235    381s] P16 n60 p0.7 i102 clmm s1: SUCCESS acl=6.7333/6.7 2.3995s
[679/8235    381s] P16 n60 p0.7 i102 pssa s2: SUCCESS acl=6.5833/6.5833 0.3926s
[680/8235    381s] P16 n60 p0.7 i102 clmm s2: SUCCESS acl=6.7333/6.7 2.473s
[681/8235    381s] P16 n60 p0.7 i102 pssa s3: SUCCESS acl=6.5833/6.5833 0.3579s
[682/8235    382s] P16 n60 p0.7 i102 pssa s4: SUCCESS acl=6.5833/6.5833 0.363s
[683/8235    382s] P16 n60 p0.7 i102 clmm s3: SUCCESS acl=6.7333/6.7 2.5639s
[684/8235    382s] P16 n60 p0.7 i102 clmm s4: SUCCESS acl=6.75/6.7 2.5249s
[685/8235    383s] P16 n60 p0.7 i102 mmfork-cuthill s0: SUCCESS acl=7.7167/7.2833 5.5891s
[686/8235    385s] P16 n60 p0.7 i102 minorminer s0: SUCCESS acl=8.2/7.6333 8.379s
[687/8235    385s] P16 n60 p0.7 i102 minorminer s4: SUCCESS acl=8.0/7.3667 7.5239s
[688/8235    385s] P16 n60 p0.7 i102 minorminer s2: SUCCESS acl=7.75/7.3167 8.3332s
[689/8235    385s] P16 n60 p0.7 i101 mmfork-cuthill s0: SUCCESS acl=7.3/7.0667 16.0528s
[690/8235    386s] P16 n60 p0.7 i102 minorminer s3: SUCCESS acl=7.8833/7.3833 9.086s
[691/8235    386s] P16 n60 p0.7 i102 mmfork-cuthill s1: SUCCESS acl=7.2/6.8667 8.9997s
[692/8235    387s] P16 n180 p0.9 i102 attraction s2: FAILURE  74.3377s
[693/8235    387s] P16 n180 p0.9 i103 minorminer s0: FAILURE  71.0195s
[694/8235    388s] P16 n60 p0.7 i102 mmfork-cuthill s3: SUCCESS acl=7.1833/7.0 9.6619s
[695/8235    388s] P16 n180 p0.9 i103 minorminer s1: FAILURE  70.1292s
[696/8235    388s] P16 n60 p0.7 i102 mmfork-cuthill s2: SUCCESS acl=6.95/6.6667 10.6117s
[697/8235    388s] P16 n180 p0.9 i102 attraction s1: FAILURE  76.1528s
[698/8235    388s] P16 n180 p0.9 i103 minorminer s2: FAILURE  70.5818s
[699/8235    388s] P16 n60 p0.7 i103 template s-1: SUCCESS acl=6.65/6.65 0.0109s
[700/8235    388s] P16 n60 p0.7 i103 clique s-1: SUCCESS acl=6.8/6.65 0.0187s
[701/8235    389s] P16 n60 p0.7 i103 pssa s0: SUCCESS acl=6.5833/6.5833 0.3475s
[702/8235    389s] P16 n60 p0.7 i103 pssa s1: SUCCESS acl=6.5833/6.5833 0.3439s
[703/8235    389s] P16 n60 p0.7 i103 pssa s2: SUCCESS acl=6.5833/6.5833 0.3688s
[704/8235    389s] P16 n60 p0.7 i103 pssa s3: SUCCESS acl=6.5833/6.5833 0.3591s
[705/8235    389s] P16 n60 p0.7 i103 clmm s0: SUCCESS acl=6.7333/6.6667 2.3893s
[706/8235    389s] P16 n60 p0.7 i103 pssa s4: SUCCESS acl=6.5833/6.5833 0.3504s
[707/8235    389s] P16 n180 p0.9 i102 attraction s3: FAILURE  76.5334s
[708/8235    390s] P16 n180 p0.9 i102 attraction s0: FAILURE  77.6985s
[709/8235    390s] P16 n60 p0.7 i103 clmm s1: SUCCESS acl=6.7333/6.6833 2.444s
[710/8235    390s] P16 n60 p0.7 i103 minorminer s2: SUCCESS acl=7.95/7.6 7.5945s
[711/8235    390s] P16 n60 p0.7 i103 clmm s3: SUCCESS acl=6.7333/6.7 2.4193s
[712/8235    390s] P16 n60 p0.7 i103 clmm s2: SUCCESS acl=6.75/6.7 2.6039s
[713/8235    391s] P16 n60 p0.7 i103 clmm s4: SUCCESS acl=6.7167/6.6667 2.4881s
[714/8235    392s] P16 n180 p0.9 i102 attraction s4: FAILURE  75.6882s
[715/8235    392s] P16 n60 p0.7 i101 attraction s3: SUCCESS acl=8.5167/8.5167 16.5993s
[716/8235    393s] P16 n60 p0.7 i103 mmfork-cuthill s2: SUCCESS acl=7.45/7.05 7.3486s
[717/8235    393s] P16 n60 p0.7 i103 minorminer s0: SUCCESS acl=8.1/7.65 11.6083s
[718/8235    394s] P16 n180 p0.9 i103 minorminer s4: FAILURE  67.2091s
[719/8235    395s] P16 n60 p0.7 i103 mmfork-cuthill s1: SUCCESS acl=7.3/6.85 9.4569s
[720/8235    395s] P16 n60 p0.7 i103 minorminer s4: SUCCESS acl=7.6333/7.0833 10.2421s
[721/8235    395s] P16 n180 p0.9 i103 clmm s2: SUCCESS acl=16.6667/16.6444 61.6728s
[722/8235    396s] P16 n180 p0.9 i103 clmm s1: SUCCESS acl=16.6667/16.6444 62.2086s
[723/8235    397s] P16 n60 p0.7 i103 mmfork-cuthill s0: SUCCESS acl=7.3333/6.9333 11.8022s
[724/8235    397s] P16 n60 p0.7 i103 minorminer s1: SUCCESS acl=7.8833/7.3333 14.7664s
[725/8235    397s] P16 n80 p0.7 i101 template s-1: SUCCESS acl=8.125/8.125 0.0275s
[726/8235    397s] P16 n80 p0.7 i101 clique s-1: SUCCESS acl=8.825/8.125 0.0204s
[727/8235    397s] P16 n60 p0.7 i102 mmfork-cuthill s4: SUCCESS acl=7.3/7.0 18.6222s
[728/8235    397s] P16 n80 p0.7 i101 pssa s0: SUCCESS acl=8.2625/8.2625 0.4418s
[729/8235    397s] P16 n60 p0.7 i101 attraction s1: SUCCESS acl=7.7667/7.3333 21.7572s
[730/8235    397s] P16 n60 p0.7 i103 mmfork-cuthill s4: SUCCESS acl=7.4167/7.0667 11.0973s
[731/8235    398s] P16 n180 p0.9 i103 mmfork-cuthill s0: FAILURE  70.4791s
[732/8235    398s] P16 n180 p0.9 i103 minorminer s3: FAILURE  71.0269s
[733/8235    398s] P16 n80 p0.7 i101 pssa s1: SUCCESS acl=8.2625/8.2625 0.4725s
[734/8235    398s] P16 n80 p0.7 i101 pssa s3: SUCCESS acl=8.2625/8.2625 0.4262s
[735/8235    398s] P16 n80 p0.7 i101 pssa s2: SUCCESS acl=8.2625/8.2625 0.4431s
[736/8235    398s] P16 n60 p0.7 i101 attraction s2: SUCCESS acl=8.2333/7.6333 22.0906s
[737/8235    398s] P16 n80 p0.7 i101 pssa s4: SUCCESS acl=8.2625/8.2625 0.4542s
[738/8235    399s] P16 n60 p0.7 i103 minorminer s3: SUCCESS acl=7.25/6.7167 15.8075s
[739/8235    399s] P16 n60 p0.7 i101 attraction s4: SUCCESS acl=7.75/7.2333 23.085s
[740/8235    399s] P16 n180 p0.9 i103 mmfork-cuthill s1: FAILURE  70.6513s
[741/8235    399s] P16 n60 p0.7 i103 mmfork-cuthill s3: SUCCESS acl=7.7833/7.5 13.1418s
[742/8235    400s] P16 n180 p0.9 i103 mmfork-cuthill s4: FAILURE  67.8248s
[743/8235    400s] P16 n60 p0.7 i101 attraction s0: SUCCESS acl=7.9667/7.3167 24.8309s
[744/8235    401s] P16 n180 p0.9 i103 clmm s3: SUCCESS acl=16.6667/16.6444 66.7341s
[745/8235    401s] P16 n180 p0.9 i103 mmfork-cuthill s2: FAILURE  69.5937s
[746/8235    401s] P16 n180 p0.9 i103 clmm s0: SUCCESS acl=16.6667/16.6444 68.0135s
[747/8235    401s] P16 n180 p0.9 i103 mmfork-cuthill s3: FAILURE  69.139s
[748/8235    401s] P16 n180 p0.9 i103 clmm s4: SUCCESS acl=16.6667/16.6444 66.4336s
[749/8235    402s] P16 n80 p0.7 i101 clmm s1: SUCCESS acl=8.7/8.6625 7.4492s
[750/8235    402s] P16 n80 p0.7 i101 clmm s0: SUCCESS acl=8.6875/8.6125 7.6297s
[751/8235    403s] P16 n80 p0.7 i101 clmm s3: SUCCESS acl=8.6375/8.6 7.362s
[752/8235    403s] P16 n80 p0.7 i101 clmm s2: SUCCESS acl=8.7375/8.7 7.8891s
[753/8235    403s] P16 n80 p0.7 i102 template s-1: SUCCESS acl=8.1125/8.1125 0.0274s
[754/8235    403s] P16 n80 p0.7 i102 clique s-1: SUCCESS acl=8.825/8.1125 0.02s
[755/8235    403s] P16 n80 p0.7 i102 pssa s0: SUCCESS acl=8.2625/8.2625 0.4548s
[756/8235    403s] P16 n80 p0.7 i102 pssa s1: SUCCESS acl=8.2625/8.2625 0.4505s
[757/8235    404s] P16 n80 p0.7 i102 pssa s2: SUCCESS acl=8.2625/8.2625 0.4597s
[758/8235    404s] P16 n80 p0.7 i102 pssa s3: SUCCESS acl=8.2625/8.2625 0.4662s
[759/8235    404s] P16 n80 p0.7 i101 clmm s4: SUCCESS acl=8.7/8.625 7.6954s
[760/8235    404s] P16 n80 p0.7 i102 pssa s4: SUCCESS acl=8.2625/8.2625 0.4623s
[761/8235    407s] P16 n60 p0.7 i102 attraction s0: SUCCESS acl=7.85/7.2833 25.4527s
[762/8235    408s] P16 n80 p0.7 i102 clmm s0: SUCCESS acl=8.675/8.3875 7.0906s
[763/8235    408s] P16 n80 p0.7 i102 clmm s1: SUCCESS acl=8.6625/8.5875 7.1009s
[764/8235    408s] P16 n80 p0.7 i102 clmm s2: SUCCESS acl=8.7/8.6125 7.3613s
[765/8235    409s] P16 n80 p0.7 i102 clmm s3: SUCCESS acl=8.675/8.6375 7.0106s
[766/8235    410s] P16 n80 p0.7 i101 minorminer s2: SUCCESS acl=11.15/10.125 19.8587s
[767/8235    410s] P16 n60 p0.7 i102 attraction s3: SUCCESS acl=8.0/7.3 28.8063s
[768/8235    410s] P16 n60 p0.7 i102 attraction s4: SUCCESS acl=7.9/7.2833 28.929s
[769/8235    411s] P16 n80 p0.7 i102 clmm s4: SUCCESS acl=8.7375/8.7 8.3883s
[770/8235    411s] P16 n60 p0.7 i102 attraction s1: SUCCESS acl=7.5/7.1167 29.8762s
[771/8235    411s] P16 n60 p0.7 i103 attraction s2: SUCCESS acl=7.8167/7.2167 21.9984s
[772/8235    411s] P16 n80 p0.7 i102 minorminer s4: SUCCESS acl=9.825/9.025 12.2902s
[773/8235    412s] P16 n80 p0.7 i102 mmfork-cuthill s0: SUCCESS acl=10.05/9.375 12.3021s
[774/8235    413s] P16 n80 p0.7 i101 mmfork-cuthill s1: SUCCESS acl=10.2375/9.4625 20.1713s
[775/8235    413s] P16 n180 p0.9 i103 attraction s0: FAILURE  77.2594s
[776/8235    413s] P16 n180 p0.9 i103 attraction s1: FAILURE  77.0652s
[777/8235    414s] P16 n180 p0.9 i103 attraction s3: FAILURE  76.8946s
[778/8235    414s] P16 n60 p0.7 i103 attraction s0: SUCCESS acl=8.1167/7.4333 24.8898s
[779/8235    414s] P16 n80 p0.7 i103 template s-1: SUCCESS acl=8.1375/8.1375 0.026s
[780/8235    414s] P16 n80 p0.7 i103 clique s-1: SUCCESS acl=8.825/8.1375 0.0217s
[781/8235    414s] P16 n180 p0.9 i103 attraction s2: FAILURE  78.0473s
[782/8235    415s] P16 n60 p0.7 i103 attraction s4: SUCCESS acl=7.1333/6.9833 24.9456s
[783/8235    415s] P16 n80 p0.7 i103 pssa s0: SUCCESS acl=8.2875/8.2875 0.4467s
[784/8235    415s] P16 n80 p0.7 i102 minorminer s0: SUCCESS acl=10.1/9.2625 16.9112s
[785/8235    415s] P16 n80 p0.7 i103 pssa s2: SUCCESS acl=8.2875/8.2875 0.4517s
[786/8235    415s] P16 n80 p0.7 i103 pssa s1: SUCCESS acl=8.2875/8.2875 0.4678s
[787/8235    415s] P16 n80 p0.7 i103 pssa s3: SUCCESS acl=8.2875/8.2875 0.4451s
[788/8235    415s] P16 n80 p0.7 i103 pssa s4: SUCCESS acl=8.2875/8.2875 0.4549s
[789/8235    416s] P16 n180 p0.9 i103 attraction s4: FAILURE  78.7135s
[790/8235    416s] P16 n60 p0.7 i103 attraction s3: SUCCESS acl=7.6833/7.15 26.5205s
[791/8235    419s] P16 n60 p0.7 i103 attraction s1: SUCCESS acl=7.8667/7.35 29.2717s
[792/8235    419s] P16 n80 p0.7 i101 mmfork-cuthill s0: SUCCESS acl=10.55/9.825 27.1602s
[793/8235    419s] P16 n60 p0.7 i102 attraction s2: SUCCESS acl=7.35/6.9333 37.4058s
[794/8235    419s] P16 n80 p0.7 i101 mmfork-cuthill s2: SUCCESS acl=10.6125/9.925 26.1018s
[795/8235    420s] P16 n80 p0.7 i103 clmm s0: SUCCESS acl=8.6625/8.625 7.7496s
[796/8235    420s] P16 n80 p0.7 i102 minorminer s3: SUCCESS acl=10.575/9.7125 21.3415s
[797/8235    421s] P16 n80 p0.7 i103 clmm s2: SUCCESS acl=8.7125/8.675 7.2501s
[798/8235    421s] P16 n80 p0.7 i103 clmm s1: SUCCESS acl=8.7125/8.675 8.1248s
[799/8235    421s] P16 n80 p0.7 i103 clmm s4: SUCCESS acl=8.7/8.65 7.625s
[800/8235    421s] P16 n80 p0.7 i102 mmfork-cuthill s4: SUCCESS acl=9.7875/9.175 20.3172s
[801/8235    421s] P16 n80 p0.7 i102 mmfork-cuthill s2: SUCCESS acl=10.2125/9.4 21.1101s
[802/8235    422s] P16 n80 p0.7 i103 clmm s3: SUCCESS acl=8.725/8.6875 8.2608s
[803/8235    423s] P16 n80 p0.7 i102 mmfork-cuthill s3: SUCCESS acl=9.6/9.1 21.9319s
[804/8235    424s] P16 n80 p0.7 i103 minorminer s2: SUCCESS acl=11.1875/10.075 14.1977s
[805/8235    426s] P16 n80 p0.7 i102 minorminer s2: SUCCESS acl=10.425/9.4625 27.7398s
[806/8235    426s] P16 n100 p0.7 i101 template s-1: SUCCESS acl=9.76/9.76 0.0374s
[807/8235    427s] P16 n80 p0.7 i101 mmfork-cuthill s4: SUCCESS acl=9.725/9.1125 32.6108s
[808/8235    427s] P16 n100 p0.7 i101 clique s-1: SUCCESS acl=9.82/9.76 0.0208s
[809/8235    427s] P16 n80 p0.7 i102 mmfork-cuthill s1: SUCCESS acl=9.9125/9.1375 26.6999s
[810/8235    427s] P16 n100 p0.7 i101 pssa s0: SUCCESS acl=9.96/9.96 0.5149s
[811/8235    427s] P16 n100 p0.7 i101 pssa s1: SUCCESS acl=9.96/9.96 0.5021s
[812/8235    428s] P16 n100 p0.7 i101 pssa s2: SUCCESS acl=9.96/9.96 0.5088s
[813/8235    428s] P16 n100 p0.7 i101 pssa s4: SUCCESS acl=9.96/9.96 0.511s
[814/8235    428s] P16 n100 p0.7 i101 pssa s3: SUCCESS acl=9.96/9.96 0.5341s
[815/8235    429s] P16 n80 p0.7 i103 minorminer s0: SUCCESS acl=10.025/9.2375 20.7775s
[816/8235    429s] P16 n80 p0.7 i103 minorminer s3: SUCCESS acl=9.95/9.275 18.9846s
[817/8235    430s] P16 n80 p0.7 i101 minorminer s0: SUCCESS acl=10.4375/9.6375 40.1875s
[818/8235    430s] P16 n80 p0.7 i101 mmfork-cuthill s3: SUCCESS acl=10.4625/9.75 36.5928s
[819/8235    436s] P16 n80 p0.7 i101 minorminer s1: SUCCESS acl=10.15/9.3375 46.0446s
[820/8235    438s] P16 n80 p0.7 i101 minorminer s3: SUCCESS acl=9.75/9.1875 47.5401s
[821/8235    438s] P16 n80 p0.7 i103 mmfork-cuthill s2: SUCCESS acl=11.5375/10.4375 27.1153s
[822/8235    439s] P16 n100 p0.7 i101 clmm s2: SUCCESS acl=9.81/9.75 17.4775s
[823/8235    439s] P16 n100 p0.7 i101 clmm s1: SUCCESS acl=9.79/9.77 17.8685s
[824/8235    440s] P16 n100 p0.7 i101 clmm s0: SUCCESS acl=9.81/9.77 18.1406s
[825/8235    440s] P16 n80 p0.7 i103 mmfork-cuthill s0: SUCCESS acl=9.825/9.125 29.3207s
[826/8235    440s] P16 n100 p0.7 i101 clmm s3: SUCCESS acl=9.81/9.77 17.7118s
[827/8235    441s] P16 n80 p0.7 i103 minorminer s1: SUCCESS acl=10.5625/9.725 32.034s
[828/8235    441s] P16 n80 p0.7 i101 minorminer s4: SUCCESS acl=10.7625/9.8125 50.3653s
[829/8235    442s] P16 n100 p0.7 i101 clmm s4: SUCCESS acl=9.81/9.78 18.2354s
[830/8235    444s] P16 n80 p0.7 i101 attraction s1: SUCCESS acl=10.7875/9.8625 46.3592s
[831/8235    447s] P16 n100 p0.7 i101 minorminer s0: SUCCESS acl=13.41/12.22 31.0432s
[832/8235    449s] P16 n80 p0.7 i101 attraction s2: SUCCESS acl=10.3625/9.5375 50.9642s
[833/8235    449s] P16 n100 p0.7 i102 template s-1: SUCCESS acl=9.78/9.78 0.0383s
[834/8235    449s] P16 n100 p0.7 i102 clique s-1: SUCCESS acl=9.82/9.78 0.0205s
[835/8235    449s] P16 n80 p0.7 i102 minorminer s1: SUCCESS acl=10.3125/9.3875 51.2406s
[836/8235    449s] P16 n100 p0.7 i102 pssa s0: SUCCESS acl=9.95/9.95 0.5168s
[837/8235    450s] P16 n100 p0.7 i102 pssa s1: SUCCESS acl=9.95/9.95 0.5202s
[838/8235    450s] P16 n100 p0.7 i102 pssa s2: SUCCESS acl=9.95/9.95 0.526s
[839/8235    450s] P16 n100 p0.7 i102 pssa s3: SUCCESS acl=9.95/9.95 0.5134s
[840/8235    451s] P16 n80 p0.7 i103 mmfork-cuthill s3: SUCCESS acl=11.0625/10.05 39.0266s
[841/8235    451s] P16 n100 p0.7 i102 pssa s4: SUCCESS acl=9.95/9.95 0.5196s
[842/8235    452s] P16 n80 p0.7 i102 attraction s1: SUCCESS acl=11.2125/10.1125 47.4636s
[843/8235    458s] P16 n80 p0.7 i101 attraction s0: SUCCESS acl=10.25/9.45 60.3573s
[844/8235    458s] P16 n80 p0.7 i101 attraction s3: SUCCESS acl=10.175/9.325 60.1137s
[845/8235    458s] P16 n100 p0.7 i102 clmm s1: SUCCESS acl=9.81/9.78 17.1624s
[846/8235    459s] P16 n80 p0.7 i101 attraction s4: SUCCESS acl=10.375/9.4125 60.8631s
[847/8235    459s] P16 n80 p0.7 i103 attraction s1: SUCCESS acl=11.2125/9.975 43.7723s
[848/8235    459s] P16 n100 p0.7 i102 clmm s0: SUCCESS acl=9.8/9.76 18.2913s
[849/8235    459s] P16 n80 p0.7 i103 minorminer s4: SUCCESS acl=10.45/9.7 48.8021s
[850/8235    460s] P16 n100 p0.7 i102 clmm s2: SUCCESS acl=9.81/9.78 17.6292s
[851/8235    461s] P16 n80 p0.7 i103 mmfork-cuthill s1: SUCCESS acl=9.45/8.8 49.8995s
[852/8235    462s] P16 n100 p0.7 i102 clmm s3: SUCCESS acl=9.81/9.78 18.0215s
[853/8235    463s] P16 n80 p0.7 i103 mmfork-cuthill s4: SUCCESS acl=9.925/9.225 51.3238s
[854/8235    464s] P16 n80 p0.7 i103 attraction s2: SUCCESS acl=11.1625/9.8625 48.5535s
[855/8235    464s] P16 n100 p0.7 i102 clmm s4: SUCCESS acl=9.8/9.76 16.9382s
[856/8235    464s] P16 n80 p0.7 i102 attraction s0: SUCCESS acl=10.15/9.625 60.272s
[857/8235    464s] P16 n100 p0.7 i101 minorminer s4: SUCCESS acl=12.88/11.92 45.4104s
[858/8235    465s] P16 n80 p0.7 i102 attraction s2: SUCCESS acl=9.7875/9.225 60.573s
[859/8235    467s] P16 n80 p0.7 i102 attraction s3: SUCCESS acl=10.45/9.675 60.6598s
[860/8235    468s] P16 n100 p0.7 i103 template s-1: SUCCESS acl=9.78/9.78 0.037s
[861/8235    468s] P16 n100 p0.7 i103 clique s-1: SUCCESS acl=9.82/9.78 0.0219s
[862/8235    468s] P16 n100 p0.7 i103 pssa s0: SUCCESS acl=9.96/9.96 0.4877s
[863/8235    469s] P16 n80 p0.7 i102 attraction s4: SUCCESS acl=10.7375/9.825 60.4187s
[864/8235    469s] P16 n100 p0.7 i103 pssa s1: SUCCESS acl=9.96/9.96 0.49s
[865/8235    469s] P16 n100 p0.7 i103 pssa s2: SUCCESS acl=9.96/9.96 0.4969s
[866/8235    469s] P16 n100 p0.7 i103 pssa s3: SUCCESS acl=9.96/9.96 0.4891s
[867/8235    470s] P16 n100 p0.7 i103 pssa s4: SUCCESS acl=9.96/9.96 0.4922s
[868/8235    472s] P16 n100 p0.7 i101 minorminer s1: SUCCESS acl=13.27/12.05 53.7107s
[869/8235    473s] P16 n100 p0.7 i101 minorminer s3: SUCCESS acl=12.96/11.89 53.8681s
[870/8235    476s] P16 n80 p0.7 i103 attraction s0: SUCCESS acl=10.7875/9.875 60.5432s
[871/8235    476s] P16 n80 p0.7 i103 attraction s3: SUCCESS acl=10.6375/9.7875 60.2525s
[872/8235    476s] P16 n80 p0.7 i103 attraction s4: SUCCESS acl=10.8375/9.8375 60.0773s
[873/8235    476s] P16 n100 p0.7 i102 mmfork-cuthill s1: SUCCESS acl=12.27/11.35 36.1976s
[874/8235    476s] P16 n100 p0.7 i102 mmfork-cuthill s0: SUCCESS acl=13.19/12.07 36.3853s
[875/8235    478s] P16 n100 p0.7 i103 minorminer s1: SUCCESS acl=11.19/10.9 19.4901s
[876/8235    480s] P16 n100 p0.7 i102 mmfork-cuthill s3: SUCCESS acl=12.91/11.97 39.768s
[877/8235    480s] P16 n100 p0.7 i101 minorminer s2: SUCCESS acl=12.18/11.43 60.6858s
[878/8235    480s] P16 n100 p0.7 i103 clmm s1: SUCCESS acl=9.82/9.78 15.894s
[879/8235    480s] P16 n100 p0.7 i103 clmm s0: SUCCESS acl=9.79/9.77 16.7006s
[880/8235    481s] P16 n100 p0.7 i101 mmfork-cuthill s2: SUCCESS acl=12.66/11.55 60.0439s
[881/8235    481s] P16 n100 p0.7 i101 mmfork-cuthill s1: SUCCESS acl=12.84/11.77 60.4278s
[882/8235    481s] P16 n100 p0.7 i103 clmm s3: SUCCESS acl=9.8/9.77 16.6418s
[883/8235    481s] P16 n100 p0.7 i101 mmfork-cuthill s0: SUCCESS acl=12.23/11.28 61.5346s
[884/8235    481s] P16 n100 p0.7 i101 mmfork-cuthill s3: SUCCESS acl=13.01/11.92 60.3219s
[885/8235    482s] P16 n100 p0.7 i103 clmm s2: SUCCESS acl=9.8/9.77 17.5274s
[886/8235    483s] P16 n100 p0.7 i101 mmfork-cuthill s4: SUCCESS acl=12.74/11.77 61.2057s
[887/8235    483s] P16 n100 p0.7 i103 clmm s4: SUCCESS acl=9.81/9.76 17.6548s
[888/8235    483s] P16 n140 p0.7 i101 template s-1: SUCCESS acl=13.1357/13.1357 0.1732s
[889/8235    483s] P16 n140 p0.7 i101 clique s-1: SUCCESS acl=13.8286/13.1357 0.0205s
[890/8235    484s] P16 n140 p0.7 i101 pssa s0: SUCCESS acl=13.2857/13.2857 0.6119s
[891/8235    484s] P16 n140 p0.7 i101 pssa s1: SUCCESS acl=13.2857/13.2857 0.597s
[892/8235    484s] P16 n100 p0.7 i103 minorminer s2: SUCCESS acl=12.33/11.39 24.8718s
[893/8235    484s] P16 n140 p0.7 i101 pssa s2: SUCCESS acl=13.2857/13.2857 0.6134s
[894/8235    484s] P16 n140 p0.7 i101 pssa s3: SUCCESS acl=13.2857/13.2857 0.5997s
[895/8235    484s] P16 n140 p0.7 i101 pssa s4: SUCCESS acl=13.2857/13.2857 0.6213s
[896/8235    487s] P16 n100 p0.7 i102 minorminer s1: SUCCESS acl=13.49/12.42 57.3881s
[897/8235    488s] P16 n100 p0.7 i101 attraction s0: SUCCESS acl=14.59/13.03 60.1178s
[898/8235    488s] P16 n100 p0.7 i101 attraction s2: SUCCESS acl=14.35/13.19 60.5889s
[899/8235    489s] P16 n100 p0.7 i101 attraction s1: SUCCESS acl=13.79/12.69 61.0988s
[900/8235    489s] P16 n100 p0.7 i102 mmfork-cuthill s4: SUCCESS acl=14.42/12.97 48.6137s
[901/8235    490s] P16 n100 p0.7 i101 attraction s3: SUCCESS acl=14.4/12.93 60.4102s
[902/8235    491s] P16 n100 p0.7 i102 minorminer s0: SUCCESS acl=13.63/12.51 61.092s
[903/8235    491s] P16 n100 p0.7 i101 attraction s4: SUCCESS acl=14.46/13.17 61.8096s
[904/8235    495s] P16 n100 p0.7 i103 mmfork-cuthill s0: SUCCESS acl=12.34/11.21 35.7481s
[905/8235    497s] P16 n100 p0.7 i102 minorminer s2: SUCCESS acl=13.42/12.23 60.5894s
[906/8235    498s] P16 n100 p0.7 i102 minorminer s4: SUCCESS acl=12.09/11.31 59.5887s
[907/8235    498s] P16 n100 p0.7 i102 minorminer s3: SUCCESS acl=12.97/12.08 60.2599s
[908/8235    501s] P16 n100 p0.7 i102 mmfork-cuthill s2: SUCCESS acl=11.64/10.89 60.9455s
[909/8235    502s] P16 n100 p0.7 i103 minorminer s4: SUCCESS acl=13.88/12.64 42.7308s
[910/8235    502s] P16 n100 p0.7 i103 minorminer s3: SUCCESS acl=14.03/12.66 43.3266s
[911/8235    508s] P16 n100 p0.7 i103 mmfork-cuthill s3: SUCCESS acl=12.58/11.66 46.0389s
[912/8235    510s] P16 n100 p0.7 i103 minorminer s0: SUCCESS acl=13.58/12.5 52.1304s
[913/8235    511s] P16 n100 p0.7 i102 attraction s0: SUCCESS acl=14.48/13.0 60.382s
[914/8235    511s] P16 n140 p0.7 i102 template s-1: SUCCESS acl=13.1214/13.1214 0.1251s
[915/8235    511s] P16 n140 p0.7 i102 clique s-1: SUCCESS acl=13.8286/13.1214 0.0236s
[916/8235    511s] P16 n100 p0.7 i102 attraction s2: SUCCESS acl=16.78/14.47 60.4711s
[917/8235    512s] P16 n100 p0.7 i102 attraction s1: SUCCESS acl=13.24/12.13 61.2182s
[918/8235    512s] P16 n140 p0.7 i102 pssa s0: SUCCESS acl=13.2857/13.2857 0.6044s
[919/8235    512s] P16 n140 p0.7 i102 pssa s1: SUCCESS acl=13.2857/13.2857 0.6135s
[920/8235    512s] P16 n100 p0.7 i102 attraction s3: SUCCESS acl=13.75/12.56 60.361s
[921/8235    513s] P16 n140 p0.7 i102 pssa s2: SUCCESS acl=13.2857/13.2857 0.6193s
[922/8235    513s] P16 n140 p0.7 i102 pssa s3: SUCCESS acl=13.2857/13.2857 0.6108s
[923/8235    513s] P16 n140 p0.7 i102 pssa s4: SUCCESS acl=13.2857/13.2857 0.6125s
[924/8235    518s] P16 n100 p0.7 i103 mmfork-cuthill s4: SUCCESS acl=12.98/11.87 54.6643s
[925/8235    518s] P16 n100 p0.7 i103 mmfork-cuthill s2: SUCCESS acl=12.3/11.52 57.4935s
[926/8235    518s] P16 n100 p0.7 i102 attraction s4: SUCCESS acl=13.23/12.13 60.3494s
[927/8235    521s] P16 n100 p0.7 i103 mmfork-cuthill s1: SUCCESS acl=12.16/11.22 61.0753s
[928/8235    530s] P16 n100 p0.7 i103 attraction s0: SUCCESS acl=15.14/13.4 60.4453s
[929/8235    530s] P16 n100 p0.7 i103 attraction s1: SUCCESS acl=15.89/14.0 60.4992s
[930/8235    533s] P16 n100 p0.7 i103 attraction s2: SUCCESS acl=14.71/13.12 60.3186s
[931/8235    534s] P16 n100 p0.7 i103 attraction s3: SUCCESS acl=15.84/13.84 60.9355s
[932/8235    536s] P16 n100 p0.7 i103 attraction s4: SUCCESS acl=13.0/12.02 60.5115s
[933/8235    537s] P16 n140 p0.7 i101 minorminer s1: SUCCESS acl=19.2071/17.4571 60.1702s
[934/8235    538s] P16 n140 p0.7 i101 minorminer s0: SUCCESS acl=20.4714/18.4286 61.3338s
[935/8235    538s] P16 n140 p0.7 i101 clmm s3: SUCCESS acl=13.7643/13.7429 56.5483s
[936/8235    538s] P16 n140 p0.7 i101 minorminer s3: SUCCESS acl=19.2714/17.4357 62.1462s
[937/8235    539s] P16 n140 p0.7 i101 clmm s1: SUCCESS acl=13.7571/13.7143 57.3763s
[938/8235    539s] P16 n140 p0.7 i101 minorminer s2: SUCCESS acl=21.7286/19.3286 62.2277s
[939/8235    540s] P16 n140 p0.7 i101 clmm s2: SUCCESS acl=13.75/13.7214 58.6034s
[940/8235    540s] P16 n140 p0.7 i101 clmm s4: SUCCESS acl=13.7714/13.7286 58.208s
[941/8235    540s] P16 n140 p0.7 i103 template s-1: SUCCESS acl=13.1429/13.1429 0.1242s
[942/8235    541s] P16 n140 p0.7 i103 clique s-1: SUCCESS acl=13.8286/13.1429 0.0222s
[943/8235    541s] P16 n140 p0.7 i101 clmm s0: SUCCESS acl=13.7786/13.75 59.6982s
[944/8235    541s] P16 n140 p0.7 i101 minorminer s4: SUCCESS acl=20.0214/17.8071 62.3156s
[945/8235    541s] P16 n140 p0.7 i103 pssa s0: SUCCESS acl=13.3143/13.3143 0.5991s
[946/8235    541s] P16 n140 p0.7 i103 pssa s1: SUCCESS acl=13.3143/13.3143 0.6162s
[947/8235    541s] P16 n140 p0.7 i103 pssa s2: SUCCESS acl=13.3143/13.3143 0.5973s
[948/8235    542s] P16 n140 p0.7 i101 mmfork-cuthill s1: SUCCESS acl=17.8714/16.4571 61.4129s
[949/8235    542s] P16 n140 p0.7 i101 mmfork-cuthill s0: SUCCESS acl=20.4857/18.3143 61.5238s
[950/8235    542s] P16 n140 p0.7 i103 pssa s3: SUCCESS acl=13.3143/13.3143 0.6199s
[951/8235    542s] P16 n140 p0.7 i101 mmfork-cuthill s4: SUCCESS acl=20.8143/18.6357 60.6192s
[952/8235    542s] P16 n140 p0.7 i103 pssa s4: SUCCESS acl=13.3143/13.3143 0.6171s
[953/8235    543s] P16 n140 p0.7 i101 mmfork-cuthill s3: SUCCESS acl=18.7214/17.0571 61.6389s
[954/8235    543s] P16 n140 p0.7 i101 mmfork-cuthill s2: SUCCESS acl=21.8643/19.4786 62.4489s
[955/8235    550s] P16 n140 p0.7 i102 minorminer s0: SUCCESS acl=20.9071/18.5071 61.1698s
[956/8235    551s] P16 n140 p0.7 i102 minorminer s1: SUCCESS acl=23.6357/20.6143 61.6382s
[957/8235    552s] P16 n140 p0.7 i102 minorminer s2: SUCCESS acl=21.5786/19.2071 61.6836s
[958/8235    552s] P16 n140 p0.7 i102 minorminer s3: SUCCESS acl=19.5714/17.5571 62.1737s
[959/8235    553s] P16 n140 p0.7 i101 attraction s1: FAILURE  68.2478s
[960/8235    553s] P16 n140 p0.7 i102 mmfork-cuthill s0: SUCCESS acl=17.4214/16.1786 61.1247s
[961/8235    553s] P16 n140 p0.7 i102 clmm s2: SUCCESS acl=13.7714/13.7357 50.2532s
[962/8235    553s] P16 n140 p0.7 i101 attraction s0: FAILURE  68.4759s
[963/8235    554s] P16 n140 p0.7 i101 attraction s4: FAILURE  66.3965s
[964/8235    555s] P16 n140 p0.7 i102 minorminer s4: SUCCESS acl=20.8714/18.3857 62.6808s
[965/8235    555s] P16 n140 p0.7 i101 attraction s2: FAILURE  70.132s
[966/8235    556s] P16 n140 p0.7 i101 attraction s3: FAILURE  68.109s
[967/8235    556s] P16 n140 p0.7 i102 clmm s0: SUCCESS acl=13.7357/13.7 55.4977s
[968/8235    557s] P16 n180 p0.7 i101 template s-1: SUCCESS acl=16.6167/16.6167 0.2241s
[969/8235    557s] P16 n180 p0.7 i101 clique s-1: SUCCESS acl=16.6667/16.6167 0.0219s
[970/8235    557s] P16 n140 p0.7 i102 mmfork-cuthill s1: SUCCESS acl=17.4286/15.85 61.6079s
[971/8235    558s] P16 n180 p0.7 i101 pssa s0: SUCCESS acl=16.6222/16.6222 0.4987s
[972/8235    558s] P16 n180 p0.7 i101 pssa s1: SUCCESS acl=16.6222/16.6222 0.4892s
[973/8235    558s] P16 n140 p0.7 i102 clmm s1: SUCCESS acl=13.7571/13.7286 56.1825s
[974/8235    558s] P16 n180 p0.7 i101 pssa s2: SUCCESS acl=16.6222/16.6222 0.5019s
[975/8235    558s] P16 n180 p0.7 i101 pssa s3: SUCCESS acl=16.6222/16.6222 0.4912s
[976/8235    559s] P16 n180 p0.7 i101 pssa s4: SUCCESS acl=16.6222/16.6222 0.509s
[977/8235    559s] P16 n140 p0.7 i102 mmfork-cuthill s2: SUCCESS acl=20.4643/18.3071 61.5607s
[978/8235    561s] P16 n140 p0.7 i102 mmfork-cuthill s4: SUCCESS acl=21.9214/19.0857 61.6551s
[979/8235    561s] P16 n140 p0.7 i102 mmfork-cuthill s3: SUCCESS acl=19.8071/17.6857 62.5251s
[980/8235    565s] P16 n140 p0.7 i102 clmm s4: SUCCESS acl=13.75/13.7286 54.4911s
[981/8235    565s] P16 n140 p0.7 i102 clmm s3: SUCCESS acl=13.7714/13.7357 56.9487s
[982/8235    574s] P16 n140 p0.7 i102 attraction s2: SUCCESS acl=22.2786/19.1571 60.3066s
[983/8235    574s] P16 n140 p0.7 i102 attraction s3: SUCCESS acl=28.4071/28.4071 60.8185s
[984/8235    575s] P16 n140 p0.7 i102 attraction s1: SUCCESS acl=23.35/20.1786 61.4292s
[985/8235    580s] P16 n140 p0.7 i102 attraction s4: SUCCESS acl=25.3714/20.5714 61.058s
[986/8235    580s] P16 n140 p0.7 i102 attraction s0: FAILURE  67.5727s
[987/8235    581s] P16 n140 p0.7 i103 minorminer s0: SUCCESS acl=20.9429/18.7571 61.9656s
[988/8235    582s] P16 n140 p0.7 i103 minorminer s1: SUCCESS acl=19.5786/18.0071 62.4895s
[989/8235    584s] P16 n140 p0.7 i103 mmfork-cuthill s0: SUCCESS acl=17.0357/15.7714 50.212s
[990/8235    584s] P16 n140 p0.7 i103 minorminer s2: SUCCESS acl=21.6857/18.8357 62.1957s
[991/8235    586s] P16 n140 p0.7 i103 clmm s0: SUCCESS acl=13.75/13.7214 47.674s
[992/8235    588s] P16 n140 p0.7 i103 clmm s3: SUCCESS acl=13.7571/13.75 49.2941s
[993/8235    589s] P16 n140 p0.7 i103 clmm s4: SUCCESS acl=13.7643/13.75 48.8379s
[994/8235    591s] P16 n140 p0.7 i103 clmm s1: SUCCESS acl=13.75/13.7286 52.1635s
[995/8235    591s] P16 n180 p0.7 i102 template s-1: SUCCESS acl=16.6389/16.6389 0.2248s
[996/8235    591s] P16 n140 p0.7 i103 clmm s2: SUCCESS acl=13.7786/13.7643 52.5806s
[997/8235    591s] P16 n180 p0.7 i102 clique s-1: SUCCESS acl=16.6667/16.6389 0.02s
[998/8235    592s] P16 n180 p0.7 i102 pssa s0: SUCCESS acl=16.6333/16.6333 0.4831s
[999/8235    592s] P16 n180 p0.7 i102 pssa s1: SUCCESS acl=16.6333/16.6333 0.5616s
[1000/8235    593s] P16 n140 p0.7 i103 minorminer s4: SUCCESS acl=20.75/18.4714 61.5305s
[1001/8235    593s] P16 n180 p0.7 i102 pssa s2: SUCCESS acl=16.6333/16.6333 0.4855s
[1002/8235    593s] P16 n180 p0.7 i102 pssa s3: SUCCESS acl=16.6333/16.6333 0.582s
[1003/8235    593s] P16 n140 p0.7 i103 minorminer s3: SUCCESS acl=19.1857/17.3286 62.3841s
[1004/8235    593s] P16 n180 p0.7 i102 pssa s4: SUCCESS acl=16.6333/16.6333 0.5026s
[1005/8235    597s] P16 n140 p0.7 i103 mmfork-cuthill s1: SUCCESS acl=19.4286/17.5143 62.5077s
[1006/8235    600s] P16 n140 p0.7 i103 mmfork-cuthill s2: SUCCESS acl=21.1286/18.7 62.4922s
[1007/8235    600s] P16 n140 p0.7 i103 mmfork-cuthill s4: SUCCESS acl=19.0929/17.3429 61.5799s
[1008/8235    600s] P16 n140 p0.7 i103 mmfork-cuthill s3: SUCCESS acl=21.1786/18.5857 62.5864s
[1009/8235    603s] P16 n140 p0.7 i103 attraction s1: SUCCESS acl=22.9286/19.8071 60.3743s
[1010/8235    603s] P16 n140 p0.7 i103 attraction s0: SUCCESS acl=29.5643/24.6 60.0767s
[1011/8235    603s] P16 n140 p0.7 i103 attraction s4: SUCCESS acl=22.8214/19.9214 60.5515s
[1012/8235    604s] P16 n140 p0.7 i103 attraction s2: SUCCESS acl=23.0571/20.1143 61.2932s
[1013/8235    609s] P16 n180 p0.7 i101 minorminer s1: FAILURE  66.5392s
[1014/8235    609s] P16 n140 p0.7 i103 attraction s3: FAILURE  67.4438s
[1015/8235    613s] P16 n180 p0.7 i101 minorminer s2: FAILURE  69.8058s
[1016/8235    615s] P16 n180 p0.7 i101 minorminer s0: FAILURE  73.0141s
[1017/8235    615s] P16 n180 p0.7 i101 clmm s2: SUCCESS acl=16.6667/16.6167 60.2767s
[1018/8235    615s] P16 n180 p0.7 i101 clmm s3: SUCCESS acl=16.6667/16.6167 60.4838s
[1019/8235    616s] P16 n180 p0.7 i101 mmfork-cuthill s1: FAILURE  63.7138s
[1020/8235    618s] P16 n180 p0.7 i101 clmm s0: SUCCESS acl=16.6667/16.6167 64.9833s
[1021/8235    619s] P16 n180 p0.7 i101 clmm s4: SUCCESS acl=16.6667/16.6167 63.175s
[1022/8235    619s] P16 n180 p0.7 i101 minorminer s3: FAILURE  68.9064s
[1023/8235    619s] P16 n180 p0.7 i101 mmfork-cuthill s3: FAILURE  66.513s
[1024/8235    619s] P16 n180 p0.7 i101 mmfork-cuthill s2: FAILURE  66.7104s
[1025/8235    619s] P16 n180 p0.7 i103 template s-1: SUCCESS acl=16.6278/16.6278 0.2295s
[1026/8235    619s] P16 n180 p0.7 i103 clique s-1: SUCCESS acl=16.6667/16.6278 0.0215s
[1027/8235    620s] P16 n180 p0.7 i103 pssa s0: SUCCESS acl=16.6278/16.6278 0.4973s
[1028/8235    620s] P16 n180 p0.7 i101 clmm s1: SUCCESS acl=16.6667/16.6167 65.2594s
[1029/8235    620s] P16 n180 p0.7 i103 pssa s1: SUCCESS acl=16.6278/16.6278 0.4705s
[1030/8235    620s] P16 n180 p0.7 i103 pssa s2: SUCCESS acl=16.6278/16.6278 0.4718s
[1031/8235    620s] P16 n180 p0.7 i103 pssa s3: SUCCESS acl=16.6278/16.6278 0.5681s
[1032/8235    621s] P16 n180 p0.7 i101 minorminer s4: FAILURE  69.0621s
[1033/8235    621s] P16 n180 p0.7 i103 pssa s4: SUCCESS acl=16.6278/16.6278 0.508s
[1034/8235    621s] P16 n180 p0.7 i101 mmfork-cuthill s4: FAILURE  68.4561s
[1035/8235    622s] P16 n180 p0.7 i101 mmfork-cuthill s0: FAILURE  70.5214s
[1036/8235    624s] P16 n180 p0.7 i102 minorminer s0: FAILURE  62.6932s
[1037/8235    629s] P16 n180 p0.7 i102 minorminer s1: SUCCESS acl=24.1944/22.2111 62.4168s
[1038/8235    629s] P16 n180 p0.7 i102 minorminer s2: FAILURE  64.1852s
[1039/8235    632s] P16 n180 p0.7 i101 attraction s2: FAILURE  72.7705s
[1040/8235    632s] P16 n180 p0.7 i101 attraction s4: FAILURE  70.7862s
[1041/8235    632s] P16 n180 p0.7 i101 attraction s3: FAILURE  72.837s
[1042/8235    632s] P16 n180 p0.7 i101 attraction s0: FAILURE  73.8973s
[1043/8235    633s] P16 n180 p0.7 i101 attraction s1: FAILURE  74.2875s
[1044/8235    641s] P16 n180 p0.7 i102 minorminer s3: FAILURE  67.6735s
[1045/8235    642s] P16 n180 p0.7 i102 minorminer s4: FAILURE  67.7408s
[1046/8235    645s] P16 n180 p0.7 i102 mmfork-cuthill s4: FAILURE  63.208s
[1047/8235    645s] P16 n180 p0.7 i102 mmfork-cuthill s0: FAILURE  69.8834s
[1048/8235    645s] P16 n180 p0.7 i102 clmm s1: SUCCESS acl=16.6667/16.6389 61.2437s
[1049/8235    645s] P16 n220 p0.7 i101 template s-1: INFEASIBLE  0.0s
[1050/8235    646s] P16 n220 p0.7 i101 clique s-1: FAILURE  0.02s
[1051/8235    648s] P16 n180 p0.7 i102 mmfork-cuthill s3: FAILURE  66.8825s
[1052/8235    648s] P16 n180 p0.7 i102 clmm s0: SUCCESS acl=16.6667/16.6389 64.1256s
[1053/8235    648s] P16 n180 p0.7 i102 mmfork-cuthill s1: FAILURE  68.5654s
[1054/8235    648s] P16 n180 p0.7 i102 mmfork-cuthill s2: FAILURE  68.5253s
[1055/8235    649s] P16 n180 p0.7 i102 clmm s2: SUCCESS acl=16.6667/16.6389 63.4731s
[1056/8235    650s] P16 n180 p0.7 i102 clmm s3: SUCCESS acl=16.6667/16.6389 61.3924s
[1057/8235    653s] P16 n180 p0.7 i102 clmm s4: SUCCESS acl=16.6667/16.6389 63.7271s
[1058/8235    664s] P16 n180 p0.7 i103 minorminer s2: FAILURE  64.4092s
[1059/8235    665s] P16 n180 p0.7 i102 attraction s2: FAILURE  72.3871s
[1060/8235    667s] P16 n180 p0.7 i102 attraction s0: FAILURE  74.3924s
[1061/8235    668s] P16 n180 p0.7 i102 attraction s3: FAILURE  74.2442s
[1062/8235    668s] P16 n180 p0.7 i102 attraction s1: FAILURE  75.2796s
[1063/8235    669s] P16 n180 p0.7 i103 minorminer s0: FAILURE  68.7914s
[1064/8235    670s] P16 n180 p0.7 i103 minorminer s1: FAILURE  70.1584s
[1065/8235    670s] P16 n180 p0.7 i103 minorminer s3: FAILURE  67.5867s
[1066/8235    671s] P16 n180 p0.7 i102 attraction s4: FAILURE  73.3965s
[1067/8235    671s] P16 n180 p0.7 i103 minorminer s4: FAILURE  67.5195s
[1068/8235    671s] P16 n180 p0.7 i103 mmfork-cuthill s0: FAILURE  67.8945s
[1069/8235    676s] P16 n180 p0.7 i103 mmfork-cuthill s2: FAILURE  67.1419s
[1070/8235    677s] P16 n180 p0.7 i103 clmm s2: SUCCESS acl=16.6667/16.6278 60.9093s
[1071/8235    678s] P16 n180 p0.7 i103 mmfork-cuthill s1: FAILURE  73.7393s
[1072/8235    678s] P16 n180 p0.7 i103 clmm s3: SUCCESS acl=16.6667/16.6278 61.9447s
[1073/8235    679s] P16 n180 p0.7 i103 clmm s1: SUCCESS acl=16.6667/16.6278 63.0283s
[1074/8235    679s] P16 n180 p0.7 i103 clmm s0: SUCCESS acl=16.6667/16.6278 63.9117s
[1075/8235    680s] P16 n180 p0.7 i103 mmfork-cuthill s3: FAILURE  70.2402s
[1076/8235    680s] P16 n220 p0.7 i102 template s-1: INFEASIBLE  0.0s
[1077/8235    680s] P16 n220 p0.7 i102 clique s-1: FAILURE  0.0215s
[1078/8235    681s] P16 n180 p0.7 i103 clmm s4: SUCCESS acl=16.6667/16.6278 62.1822s
[1079/8235    681s] P16 n180 p0.7 i103 mmfork-cuthill s4: FAILURE  67.8189s
[1080/8235    690s] P16 n220 p0.7 i101 minorminer s0: FAILURE  69.6611s
[1081/8235    691s] P16 n220 p0.7 i101 minorminer s1: FAILURE  69.3387s
[1082/8235    691s] P16 n180 p0.7 i103 attraction s1: FAILURE  70.9264s
[1083/8235    691s] P16 n180 p0.7 i103 attraction s0: FAILURE  71.445s
[1084/8235    692s] P16 n180 p0.7 i103 attraction s2: FAILURE  71.4049s
[1085/8235    694s] P16 n180 p0.7 i103 attraction s3: FAILURE  74.1189s
[1086/8235    694s] P16 n180 p0.7 i103 attraction s4: FAILURE  73.8815s
[1087/8235    695s] P16 n220 p0.7 i101 minorminer s2: FAILURE  72.4547s
[1088/8235    695s] P16 n220 p0.7 i101 minorminer s3: FAILURE  70.983s
[1089/8235    698s] P16 n220 p0.7 i101 minorminer s4: FAILURE  69.294s
[1090/8235    699s] P16 n220 p0.7 i101 mmfork-cuthill s0: FAILURE  69.0578s
[1091/8235    701s] P16 n220 p0.7 i101 mmfork-cuthill s3: FAILURE  68.8608s
[1092/8235    702s] P16 n220 p0.7 i101 mmfork-cuthill s4: FAILURE  70.1881s
[1093/8235    704s] P16 n220 p0.7 i101 mmfork-cuthill s2: FAILURE  72.7816s
[1094/8235    705s] P16 n220 p0.7 i101 mmfork-cuthill s1: FAILURE  73.2189s
[1095/8235    708s] P16 n220 p0.7 i101 clmm s0: FAILURE  74.9577s
[1096/8235    710s] P16 n220 p0.7 i101 attraction s0: FAILURE  60.1819s
[1097/8235    711s] P16 n220 p0.7 i101 pssa s4: FAILURE  62.5202s
[1098/8235    711s] P16 n220 p0.7 i101 pssa s0: FAILURE  65.8429s
[1099/8235    711s] P16 n220 p0.7 i101 attraction s1: FAILURE  61.5801s
[1100/8235    712s] P16 n220 p0.7 i101 pssa s3: FAILURE  64.0699s
[1101/8235    713s] P16 n220 p0.7 i101 pssa s2: FAILURE  64.9247s
[1102/8235    715s] P16 n220 p0.7 i101 pssa s1: FAILURE  67.492s
[1103/8235    716s] P16 n220 p0.7 i103 template s-1: INFEASIBLE  0.0s
[1104/8235    716s] P16 n220 p0.7 i103 clique s-1: FAILURE  0.0234s
[1105/8235    717s] P16 n220 p0.7 i101 clmm s2: FAILURE  74.9332s
[1106/8235    719s] P16 n220 p0.7 i101 clmm s3: FAILURE  74.511s
[1107/8235    720s] P16 n220 p0.7 i101 clmm s1: FAILURE  78.4839s
[1108/8235    721s] P16 n220 p0.7 i101 clmm s4: FAILURE  75.9532s
[1109/8235    726s] P16 n220 p0.7 i101 attraction s4: FAILURE  60.5656s
[1110/8235    735s] P16 n220 p0.7 i102 minorminer s0: FAILURE  67.9753s
[1111/8235    736s] P16 n220 p0.7 i102 minorminer s1: FAILURE  68.8715s
[1112/8235    737s] P16 n220 p0.7 i102 minorminer s2: FAILURE  68.7129s
[1113/8235    739s] P16 n220 p0.7 i102 minorminer s3: FAILURE  70.1051s
[1114/8235    739s] P16 n220 p0.7 i102 minorminer s4: FAILURE  68.9978s
[1115/8235    739s] P16 n220 p0.7 i102 mmfork-cuthill s0: FAILURE  69.1727s
[1116/8235    741s] P16 n220 p0.7 i102 mmfork-cuthill s3: FAILURE  69.8132s
[1117/8235    741s] P16 n220 p0.7 i102 mmfork-cuthill s1: FAILURE  70.8937s
[1118/8235    742s] P16 n220 p0.7 i101 attraction s2: FAILURE  89.0309s
[1119/8235    743s] P16 n220 p0.7 i102 pssa s1: FAILURE  62.2711s
[1120/8235    744s] P16 n220 p0.7 i102 mmfork-cuthill s2: FAILURE  72.9656s
[1121/8235    744s] P16 n60 p0.5 i101 minorminer s0: SUCCESS acl=7.2667/6.85 4.856s
[1122/8235    744s] P16 n220 p0.7 i102 pssa s0: FAILURE  64.1771s
[1123/8235    745s] P16 n220 p0.7 i102 pssa s2: FAILURE  64.2874s
[1124/8235    746s] P16 n60 p0.5 i101 minorminer s1: SUCCESS acl=7.4167/7.0 6.2222s
[1125/8235    747s] P16 n60 p0.5 i101 minorminer s2: SUCCESS acl=6.95/6.65 5.9331s
[1126/8235    747s] P16 n60 p0.5 i101 clmm s0: SUCCESS acl=6.6167/6.4833 1.7376s
[1127/8235    748s] P16 n220 p0.7 i102 mmfork-cuthill s4: FAILURE  71.8908s
[1128/8235    749s] P16 n60 p0.5 i101 clmm s1: SUCCESS acl=6.75/6.5833 1.5932s
[1129/8235    750s] P16 n60 p0.5 i101 clmm s3: SUCCESS acl=6.7833/6.5167 1.4835s
[1130/8235    750s] P16 n60 p0.5 i101 template s-1: SUCCESS acl=6.5/6.5 0.0095s
[1131/8235    750s] P16 n60 p0.5 i101 clique s-1: SUCCESS acl=6.8/6.5 0.0218s
[1132/8235    750s] P16 n60 p0.5 i101 pssa s0: SUCCESS acl=6.5333/6.5333 0.3505s
[1133/8235    750s] P16 n60 p0.5 i101 minorminer s3: SUCCESS acl=7.1833/6.85 8.8651s
[1134/8235    750s] P16 n60 p0.5 i101 clmm s4: SUCCESS acl=6.6667/6.5833 1.633s
[1135/8235    751s] P16 n60 p0.5 i101 pssa s1: SUCCESS acl=6.5333/6.5333 0.3532s
[1136/8235    751s] P16 n60 p0.5 i101 minorminer s4: SUCCESS acl=7.25/6.9833 8.7779s
[1137/8235    751s] P16 n60 p0.5 i101 pssa s2: SUCCESS acl=6.5333/6.5333 0.3577s
[1138/8235    751s] P16 n60 p0.5 i101 pssa s3: SUCCESS acl=6.5333/6.5333 0.3526s
[1139/8235    751s] P16 n60 p0.5 i101 pssa s4: SUCCESS acl=6.5333/6.5333 0.3555s
[1140/8235    751s] P16 n60 p0.5 i101 mmfork-cuthill s3: SUCCESS acl=7.4/6.9333 7.0607s
[1141/8235    751s] P16 n60 p0.5 i101 clmm s2: SUCCESS acl=6.3/6.2 3.7909s
[1142/8235    751s] P16 n220 p0.7 i102 clmm s1: FAILURE  73.5695s
[1143/8235    751s] P16 n220 p0.7 i102 attraction s0: FAILURE  60.4154s
[1144/8235    752s] P16 n220 p0.7 i101 attraction s3: FAILURE  87.4409s
[1145/8235    753s] P16 n220 p0.7 i102 clmm s0: FAILURE  75.9523s
[1146/8235    753s] P16 n60 p0.5 i101 mmfork-cuthill s1: SUCCESS acl=6.95/6.7333 9.1322s
[1147/8235    753s] P16 n60 p0.5 i101 mmfork-cuthill s2: SUCCESS acl=6.7667/6.5333 9.1953s
[1148/8235    753s] P16 n60 p0.5 i101 mmfork-cuthill s0: SUCCESS acl=6.9/6.6333 10.4857s
[1149/8235    754s] P16 n220 p0.7 i102 attraction s1: FAILURE  62.513s
[1150/8235    754s] P16 n220 p0.7 i102 clmm s4: FAILURE  74.8874s
[1151/8235    754s] P16 n220 p0.7 i102 attraction s2: FAILURE  62.8845s
[1152/8235    755s] P16 n220 p0.7 i102 clmm s2: FAILURE  76.6947s
[1153/8235    756s] P16 n60 p0.5 i102 clmm s0: SUCCESS acl=6.7167/6.6 1.6866s
[1154/8235    757s] P16 n60 p0.5 i102 clmm s1: SUCCESS acl=6.7/6.6 1.6792s
[1155/8235    757s] P16 n220 p0.7 i102 pssa s4: FAILURE  66.2757s
[1156/8235    757s] P16 n220 p0.7 i102 pssa s3: FAILURE  66.8375s
[1157/8235    757s] P16 n60 p0.5 i102 template s-1: SUCCESS acl=6.5833/6.5833 0.009s
[1158/8235    757s] P16 n60 p0.5 i102 clique s-1: SUCCESS acl=6.8/6.5833 0.0193s
[1159/8235    757s] P16 n220 p0.7 i102 clmm s3: FAILURE  78.6769s
[1160/8235    757s] P16 n220 p0.7 i102 attraction s3: FAILURE  62.9226s
[1161/8235    757s] P16 n220 p0.7 i102 attraction s4: FAILURE  62.9409s
[1162/8235    758s] P16 n60 p0.5 i102 pssa s0: SUCCESS acl=6.5/6.5 0.3587s
[1163/8235    758s] P16 n60 p0.5 i102 pssa s1: SUCCESS acl=6.5/6.5 0.3535s
[1164/8235    758s] P16 n60 p0.5 i102 minorminer s3: SUCCESS acl=7.3167/6.85 5.7059s
[1165/8235    758s] P16 n60 p0.5 i102 pssa s2: SUCCESS acl=6.5/6.5 0.3649s
[1166/8235    758s] P16 n60 p0.5 i102 pssa s3: SUCCESS acl=6.5/6.5 0.3565s
[1167/8235    758s] P16 n60 p0.5 i102 minorminer s0: SUCCESS acl=7.6667/7.1667 6.5705s
[1168/8235    758s] P16 n60 p0.5 i102 pssa s4: SUCCESS acl=6.5/6.5 0.3561s
[1169/8235    758s] P16 n60 p0.5 i102 clmm s2: SUCCESS acl=6.6667/6.55 1.9166s
[1170/8235    758s] P16 n60 p0.5 i102 clmm s4: SUCCESS acl=6.6333/6.5167 1.4509s
[1171/8235    758s] P16 n60 p0.5 i101 mmfork-cuthill s4: SUCCESS acl=7.2/6.8833 13.1486s
[1172/8235    758s] P16 n60 p0.5 i102 mmfork-cuthill s1: SUCCESS acl=6.3667/6.15 5.2728s
[1173/8235    759s] P16 n60 p0.5 i102 mmfork-cuthill s0: SUCCESS acl=6.4667/6.2167 5.9385s
[1174/8235    759s] P16 n60 p0.5 i102 minorminer s2: SUCCESS acl=7.0667/6.7167 7.3872s
[1175/8235    759s] P16 n60 p0.5 i102 clmm s3: SUCCESS acl=6.4333/6.3167 2.3547s
[1176/8235    760s] P16 n60 p0.5 i102 minorminer s1: SUCCESS acl=7.0667/6.6 8.9196s
[1177/8235    760s] P16 n60 p0.5 i102 mmfork-cuthill s4: SUCCESS acl=7.2667/7.0167 6.011s
[1178/8235    760s] P16 n60 p0.5 i102 mmfork-cuthill s2: SUCCESS acl=6.8/6.6333 6.9855s
[1179/8235    761s] P16 n60 p0.5 i102 minorminer s4: SUCCESS acl=7.4167/7.0833 8.4672s
[1180/8235    762s] P16 n220 p0.7 i103 minorminer s2: FAILURE  63.7976s
[1181/8235    762s] P16 n60 p0.5 i103 clmm s0: SUCCESS acl=6.7333/6.6 1.7826s
[1182/8235    763s] P16 n60 p0.5 i103 clmm s1: SUCCESS acl=6.7333/6.55 1.7748s
[1183/8235    763s] P16 n60 p0.5 i102 mmfork-cuthill s3: SUCCESS acl=6.6833/6.4667 9.0626s
[1184/8235    763s] P16 n60 p0.5 i103 template s-1: SUCCESS acl=6.4833/6.4833 0.0118s
[1185/8235    763s] P16 n60 p0.5 i103 clique s-1: SUCCESS acl=6.8/6.4833 0.0186s
[1186/8235    763s] P16 n220 p0.7 i103 minorminer s1: FAILURE  68.5689s
[1187/8235    763s] P16 n60 p0.5 i103 pssa s0: SUCCESS acl=6.4667/6.4667 0.3602s
[1188/8235    764s] P16 n60 p0.5 i103 clmm s2: SUCCESS acl=6.6833/6.5667 1.6866s
[1189/8235    764s] P16 n60 p0.5 i103 pssa s1: SUCCESS acl=6.4667/6.4667 0.3768s
[1190/8235    764s] P16 n60 p0.5 i103 pssa s2: SUCCESS acl=6.4667/6.4667 0.372s
[1191/8235    764s] P16 n60 p0.5 i103 pssa s3: SUCCESS acl=6.4667/6.4667 0.3651s
[1192/8235    764s] P16 n60 p0.5 i103 clmm s3: SUCCESS acl=6.7/6.5833 1.8994s
[1193/8235    764s] P16 n60 p0.5 i103 minorminer s3: SUCCESS acl=7.2333/6.8667 5.7657s
[1194/8235    764s] P16 n60 p0.5 i103 pssa s4: SUCCESS acl=6.4667/6.4667 0.3715s
[1195/8235    765s] P16 n60 p0.5 i103 clmm s4: SUCCESS acl=6.7667/6.6167 1.6181s
[1196/8235    765s] P16 n60 p0.5 i103 mmfork-cuthill s4: SUCCESS acl=6.9667/6.75 5.143s
[1197/8235    766s] P16 n220 p0.7 i103 minorminer s0: FAILURE  70.972s
[1198/8235    766s] P16 n60 p0.5 i103 minorminer s2: SUCCESS acl=7.1333/6.7167 8.1381s
[1199/8235    767s] P16 n60 p0.5 i103 mmfork-cuthill s3: SUCCESS acl=6.85/6.5167 6.3696s
[1200/8235    767s] P16 n60 p0.5 i103 mmfork-cuthill s2: SUCCESS acl=6.7667/6.5333 7.9187s
[1201/8235    767s] P16 n60 p0.5 i101 attraction s0: SUCCESS acl=7.7333/7.0833 16.4453s
[1202/8235    767s] P16 n60 p0.5 i101 attraction s1: SUCCESS acl=7.3/7.1167 16.4454s
[1203/8235    768s] P16 n60 p0.5 i101 attraction s4: SUCCESS acl=7.55/7.2667 16.4555s
[1204/8235    768s] P16 n60 p0.5 i103 mmfork-cuthill s1: SUCCESS acl=6.9/6.6833 8.72s
[1205/8235    769s] P16 n60 p0.5 i103 minorminer s0: SUCCESS acl=7.2/6.8 10.71s
[1206/8235    769s] P16 n60 p0.5 i103 minorminer s1: SUCCESS acl=7.1833/6.8167 10.6326s
[1207/8235    769s] P16 n220 p0.7 i103 minorminer s4: FAILURE  68.369s
[1208/8235    769s] P16 n60 p0.5 i101 attraction s3: SUCCESS acl=7.0833/6.8667 18.2784s
[1209/8235    769s] P16 n60 p0.5 i101 attraction s2: SUCCESS acl=6.9333/6.7167 18.42s
[1210/8235    770s] P16 n220 p0.7 i103 minorminer s3: FAILURE  71.2018s
[1211/8235    770s] P16 n80 p0.5 i101 template s-1: SUCCESS acl=8.0875/8.0875 0.0206s
[1212/8235    770s] P16 n80 p0.5 i101 clique s-1: SUCCESS acl=8.825/8.0875 0.0194s
[1213/8235    770s] P16 n80 p0.5 i101 pssa s0: SUCCESS acl=8.15/8.15 0.4391s
[1214/8235    771s] P16 n80 p0.5 i101 pssa s1: SUCCESS acl=8.15/8.15 0.437s
[1215/8235    771s] P16 n60 p0.5 i103 minorminer s4: SUCCESS acl=7.0667/6.6667 12.7762s
[1216/8235    771s] P16 n220 p0.7 i103 mmfork-cuthill s0: FAILURE  68.8252s
[1217/8235    771s] P16 n80 p0.5 i101 pssa s2: SUCCESS acl=8.15/8.15 0.4401s
[1218/8235    772s] P16 n60 p0.5 i102 attraction s3: SUCCESS acl=7.0833/6.7667 13.8098s
[1219/8235    772s] P16 n80 p0.5 i101 pssa s4: SUCCESS acl=8.15/8.15 0.4297s
[1220/8235    772s] P16 n80 p0.5 i101 pssa s3: SUCCESS acl=8.15/8.15 0.4408s
[1221/8235    773s] P16 n60 p0.5 i102 attraction s4: SUCCESS acl=7.3667/7.1 14.7117s
[1222/8235    773s] P16 n220 p0.7 i103 mmfork-cuthill s2: FAILURE  68.5405s
[1223/8235    773s] P16 n220 p0.7 i103 mmfork-cuthill s1: FAILURE  68.9517s
[1224/8235    774s] P16 n60 p0.5 i102 attraction s1: SUCCESS acl=7.2833/6.8333 16.3029s
[1225/8235    774s] P16 n80 p0.5 i101 clmm s1: SUCCESS acl=8.625/8.5 5.2721s
[1226/8235    774s] P16 n80 p0.5 i101 clmm s0: SUCCESS acl=8.675/8.575 5.6549s
[1227/8235    774s] P16 n80 p0.5 i101 clmm s4: SUCCESS acl=8.7/8.55 5.1735s
[1228/8235    774s] P16 n80 p0.5 i101 clmm s2: SUCCESS acl=8.675/8.575 5.38s
[1229/8235    774s] P16 n80 p0.5 i101 clmm s3: SUCCESS acl=8.6875/8.65 5.2294s
[1230/8235    776s] P16 n60 p0.5 i103 mmfork-cuthill s0: SUCCESS acl=6.65/6.35 16.8195s
[1231/8235    777s] P16 n60 p0.5 i102 attraction s0: SUCCESS acl=7.3333/6.9667 18.9542s
[1232/8235    777s] P16 n80 p0.5 i101 minorminer s0: SUCCESS acl=10.1875/9.5375 12.6674s
[1233/8235    778s] P16 n60 p0.5 i103 attraction s4: SUCCESS acl=8.0667/7.55 13.9823s
[1234/8235    778s] P16 n220 p0.7 i103 mmfork-cuthill s3: FAILURE  70.6395s
[1235/8235    779s] P16 n80 p0.5 i101 minorminer s1: SUCCESS acl=10.3625/9.4875 13.057s
[1236/8235    780s] P16 n60 p0.5 i103 attraction s1: SUCCESS acl=7.4/6.9 15.7327s
[1237/8235    781s] P16 n60 p0.5 i102 attraction s2: SUCCESS acl=6.9833/6.7833 23.167s
[1238/8235    781s] P16 n80 p0.5 i102 template s-1: SUCCESS acl=8.0375/8.0375 0.0204s
[1239/8235    781s] P16 n220 p0.7 i103 mmfork-cuthill s4: FAILURE  71.3396s
[1240/8235    781s] P16 n80 p0.5 i102 clique s-1: SUCCESS acl=8.825/8.0375 0.0191s
[1241/8235    781s] P16 n80 p0.5 i102 pssa s0: SUCCESS acl=8.175/8.175 0.4602s
[1242/8235    782s] P16 n80 p0.5 i102 pssa s1: SUCCESS acl=8.175/8.175 0.4537s
[1243/8235    782s] P16 n60 p0.5 i103 attraction s2: SUCCESS acl=7.65/7.25 17.6169s
[1244/8235    782s] P16 n80 p0.5 i102 pssa s2: SUCCESS acl=8.175/8.175 0.4493s
[1245/8235    782s] P16 n80 p0.5 i102 pssa s3: SUCCESS acl=8.175/8.175 0.4491s
[1246/8235    782s] P16 n80 p0.5 i102 pssa s4: SUCCESS acl=8.175/8.175 0.4394s
[1247/8235    782s] P16 n80 p0.5 i102 clmm s0: SUCCESS acl=8.7125/8.575 5.1447s
[1248/8235    782s] P16 n220 p0.7 i103 pssa s1: FAILURE  65.9493s
[1249/8235    783s] P16 n80 p0.5 i101 minorminer s4: SUCCESS acl=10.2/9.45 15.9813s
[1250/8235    783s] P16 n220 p0.7 i103 pssa s0: FAILURE  67.2146s
[1251/8235    783s] P16 n60 p0.5 i103 attraction s3: SUCCESS acl=7.4833/7.1 18.6992s
[1252/8235    783s] P16 n60 p0.5 i103 attraction s0: SUCCESS acl=7.2667/6.8667 19.1896s
[1253/8235    783s] P16 n80 p0.5 i102 minorminer s2: SUCCESS acl=10.1875/9.4 9.1826s
[1254/8235    783s] P16 n80 p0.5 i102 clmm s2: SUCCESS acl=8.7/8.4625 4.913s
[1255/8235    783s] P16 n80 p0.5 i102 clmm s1: SUCCESS acl=8.7375/8.625 5.2534s
[1256/8235    784s] P16 n80 p0.5 i102 clmm s3: SUCCESS acl=8.675/8.5375 5.1559s
[1257/8235    785s] P16 n80 p0.5 i101 mmfork-cuthill s0: SUCCESS acl=9.5/9.2125 17.3221s
[1258/8235    785s] P16 n220 p0.7 i103 clmm s0: FAILURE  73.6082s
[1259/8235    785s] P16 n80 p0.5 i102 clmm s4: SUCCESS acl=8.6375/8.5375 5.1452s
[1260/8235    786s] P16 n220 p0.7 i103 pssa s4: FAILURE  64.618s
[1261/8235    786s] P16 n80 p0.5 i101 mmfork-cuthill s3: SUCCESS acl=10.05/9.3375 18.1254s
[1262/8235    786s] P16 n80 p0.5 i102 mmfork-cuthill s4: SUCCESS acl=10.075/9.275 9.3037s
[1263/8235    786s] P16 n80 p0.5 i101 mmfork-cuthill s4: SUCCESS acl=9.4625/8.95 18.478s
[1264/8235    787s] P16 n220 p0.7 i103 pssa s2: FAILURE  67.7812s
[1265/8235    787s] P16 n80 p0.5 i103 template s-1: SUCCESS acl=8.0125/8.0125 0.0207s
[1266/8235    787s] P16 n220 p0.7 i103 pssa s3: FAILURE  67.3043s
[1267/8235    787s] P16 n80 p0.5 i103 clique s-1: SUCCESS acl=8.825/8.0125 0.0204s
[1268/8235    788s] P16 n80 p0.5 i101 mmfork-cuthill s1: SUCCESS acl=9.925/9.3125 20.3365s
[1269/8235    788s] P16 n80 p0.5 i103 pssa s0: SUCCESS acl=8.225/8.225 0.4422s
[1270/8235    788s] P16 n80 p0.5 i103 pssa s1: SUCCESS acl=8.225/8.225 0.4469s
[1271/8235    788s] P16 n80 p0.5 i103 pssa s2: SUCCESS acl=8.225/8.225 0.444s
[1272/8235    788s] P16 n220 p0.7 i103 clmm s2: FAILURE  76.5272s
[1273/8235    788s] P16 n80 p0.5 i103 pssa s3: SUCCESS acl=8.225/8.225 0.4427s
[1274/8235    788s] P16 n80 p0.5 i103 pssa s4: SUCCESS acl=8.225/8.225 0.4443s
[1275/8235    789s] P16 n80 p0.5 i102 mmfork-cuthill s1: SUCCESS acl=9.3375/8.85 14.0169s
[1276/8235    789s] P16 n220 p0.7 i103 attraction s0: FAILURE  63.4651s
[1277/8235    790s] P16 n220 p0.7 i103 clmm s1: FAILURE  78.2576s
[1278/8235    790s] P16 n220 p0.7 i103 clmm s3: FAILURE  77.317s
[1279/8235    790s] P16 n80 p0.5 i101 mmfork-cuthill s2: SUCCESS acl=9.2625/8.725 22.8134s
[1280/8235    790s] P16 n220 p0.7 i103 clmm s4: FAILURE  77.1211s
[1281/8235    790s] P16 n80 p0.5 i101 minorminer s3: SUCCESS acl=9.7125/9.1125 23.9286s
[1282/8235    790s] P16 n80 p0.5 i103 clmm s0: SUCCESS acl=8.675/8.5625 5.5411s
[1283/8235    791s] P16 n80 p0.5 i103 clmm s2: SUCCESS acl=8.725/8.5875 4.9591s
[1284/8235    791s] P16 n80 p0.5 i103 clmm s1: SUCCESS acl=8.7/8.625 5.3904s
[1285/8235    791s] P16 n80 p0.5 i103 clmm s4: SUCCESS acl=8.6125/8.525 4.8737s
[1286/8235    791s] P16 n80 p0.5 i103 clmm s3: SUCCESS acl=8.6375/8.55 5.0768s
[1287/8235    791s] P16 n80 p0.5 i101 minorminer s2: SUCCESS acl=10.1/9.4125 25.6478s
[1288/8235    792s] P16 n80 p0.5 i103 minorminer s1: SUCCESS acl=10.8125/10.2375 8.7289s
[1289/8235    793s] P16 n80 p0.5 i102 minorminer s1: SUCCESS acl=10.4625/9.65 19.367s
[1290/8235    793s] P16 n80 p0.5 i102 mmfork-cuthill s0: SUCCESS acl=9.375/8.925 18.5908s
[1291/8235    794s] P16 n80 p0.5 i103 minorminer s0: SUCCESS acl=10.3625/9.6875 11.1479s
[1292/8235    794s] P16 n100 p0.5 i101 template s-1: SUCCESS acl=9.72/9.72 0.0291s
[1293/8235    794s] P16 n100 p0.5 i101 clique s-1: SUCCESS acl=9.82/9.72 0.0188s
[1294/8235    794s] P16 n100 p0.5 i101 pssa s0: SUCCESS acl=9.9/9.9 0.4986s
[1295/8235    795s] P16 n80 p0.5 i102 minorminer s4: SUCCESS acl=10.0875/9.5375 20.2019s
[1296/8235    795s] P16 n100 p0.5 i101 pssa s1: SUCCESS acl=9.9/9.9 0.5857s
[1297/8235    795s] P16 n100 p0.5 i101 pssa s2: SUCCESS acl=9.9/9.9 0.485s
[1298/8235    796s] P16 n100 p0.5 i101 pssa s3: SUCCESS acl=9.9/9.9 0.5019s
[1299/8235    796s] P16 n100 p0.5 i101 pssa s4: SUCCESS acl=9.9/9.9 0.4803s
[1300/8235    797s] P16 n220 p0.7 i103 attraction s1: FAILURE  62.2447s
[1301/8235    798s] P16 n80 p0.5 i102 mmfork-cuthill s2: SUCCESS acl=9.275/8.7375 23.1589s
[1302/8235    798s] P16 n220 p0.7 i103 attraction s2: FAILURE  61.6595s
[1303/8235    799s] P16 n220 p0.7 i103 attraction s3: FAILURE  61.8827s
[1304/8235    800s] P16 n80 p0.5 i103 mmfork-cuthill s3: SUCCESS acl=9.0125/8.7 14.9853s
[1305/8235    800s] P16 n220 p0.7 i103 attraction s4: FAILURE  61.8138s
[1306/8235    801s] P16 n80 p0.5 i103 mmfork-cuthill s2: SUCCESS acl=10.075/9.375 17.0566s
[1307/8235    802s] P16 n80 p0.5 i102 mmfork-cuthill s3: SUCCESS acl=9.775/9.15 26.6444s
[1308/8235    803s] P16 n80 p0.5 i103 minorminer s3: SUCCESS acl=9.8125/9.1 19.5068s
[1309/8235    803s] P16 n100 p0.5 i101 clmm s0: SUCCESS acl=9.79/9.72 11.7539s
[1310/8235    803s] P16 n100 p0.5 i101 clmm s1: SUCCESS acl=9.8/9.73 11.3965s
[1311/8235    804s] P16 n80 p0.5 i103 minorminer s2: SUCCESS acl=10.425/9.8125 20.7323s
[1312/8235    804s] P16 n100 p0.5 i101 clmm s4: SUCCESS acl=9.79/9.7 10.9477s
[1313/8235    804s] P16 n100 p0.5 i101 clmm s2: SUCCESS acl=9.79/9.72 12.7825s
[1314/8235    806s] P16 n80 p0.5 i101 attraction s2: SUCCESS acl=10.1125/9.5875 33.8579s
[1315/8235    806s] P16 n100 p0.5 i101 clmm s3: SUCCESS acl=9.78/9.71 12.6873s
[1316/8235    806s] P16 n80 p0.5 i103 minorminer s4: SUCCESS acl=9.2375/8.7875 22.8861s
[1317/8235    810s] P16 n80 p0.5 i102 minorminer s0: SUCCESS acl=9.55/8.95 36.4107s
[1318/8235    811s] P16 n80 p0.5 i101 attraction s4: SUCCESS acl=10.2875/9.625 38.8339s
[1319/8235    811s] P16 n100 p0.5 i102 template s-1: SUCCESS acl=9.73/9.73 0.03s
[1320/8235    812s] P16 n100 p0.5 i102 clique s-1: SUCCESS acl=9.82/9.73 0.0208s
[1321/8235    812s] P16 n100 p0.5 i102 pssa s0: SUCCESS acl=9.9/9.9 0.5033s
[1322/8235    812s] P16 n80 p0.5 i101 attraction s3: SUCCESS acl=10.3375/9.525 40.5101s
[1323/8235    812s] P16 n80 p0.5 i102 minorminer s3: SUCCESS acl=9.75/9.2375 38.3499s
[1324/8235    812s] P16 n80 p0.5 i103 mmfork-cuthill s1: SUCCESS acl=9.525/8.8875 28.9281s
[1325/8235    813s] P16 n100 p0.5 i102 pssa s1: SUCCESS acl=9.9/9.9 0.5086s
[1326/8235    813s] P16 n80 p0.5 i101 attraction s1: SUCCESS acl=10.15/9.5 41.0476s
[1327/8235    813s] P16 n100 p0.5 i102 pssa s2: SUCCESS acl=9.9/9.9 0.4979s
[1328/8235    813s] P16 n100 p0.5 i102 pssa s3: SUCCESS acl=9.9/9.9 0.5122s
[1329/8235    813s] P16 n100 p0.5 i102 pssa s4: SUCCESS acl=9.9/9.9 0.5077s
[1330/8235    815s] P16 n100 p0.5 i101 minorminer s1: SUCCESS acl=12.96/11.9 25.5232s
[1331/8235    817s] P16 n100 p0.5 i102 clmm s0: SUCCESS acl=9.81/9.72 12.203s
[1332/8235    818s] P16 n100 p0.5 i101 mmfork-cuthill s2: SUCCESS acl=12.3/11.6 26.8125s
[1333/8235    818s] P16 n100 p0.5 i102 clmm s2: SUCCESS acl=9.81/9.73 12.3743s
[1334/8235    819s] P16 n100 p0.5 i102 clmm s1: SUCCESS acl=9.78/9.71 12.9794s
[1335/8235    819s] P16 n100 p0.5 i102 minorminer s3: SUCCESS acl=14.59/13.3 18.0421s
[1336/8235    819s] P16 n80 p0.5 i103 mmfork-cuthill s4: SUCCESS acl=9.725/9.1375 34.3526s
[1337/8235    819s] P16 n100 p0.5 i102 clmm s3: SUCCESS acl=9.81/9.73 13.126s
[1338/8235    820s] P16 n80 p0.5 i102 attraction s2: SUCCESS acl=10.9875/10.2375 37.7947s
[1339/8235    821s] P16 n100 p0.5 i102 clmm s4: SUCCESS acl=9.82/9.73 11.2798s
[1340/8235    821s] P16 n100 p0.5 i101 mmfork-cuthill s0: SUCCESS acl=12.15/11.38 30.6653s
[1341/8235    822s] P16 n80 p0.5 i102 attraction s3: SUCCESS acl=10.725/9.7625 39.404s
[1342/8235    822s] P16 n80 p0.5 i102 attraction s0: SUCCESS acl=10.6375/9.725 39.8929s
[1343/8235    822s] P16 n80 p0.5 i103 mmfork-cuthill s0: SUCCESS acl=9.2125/8.7875 38.5317s
[1344/8235    824s] P16 n80 p0.5 i101 attraction s0: SUCCESS acl=9.55/8.925 52.5425s
[1345/8235    826s] P16 n80 p0.5 i103 attraction s3: SUCCESS acl=10.2375/9.525 37.2331s
[1346/8235    826s] P16 n100 p0.5 i103 template s-1: SUCCESS acl=9.74/9.74 0.0331s
[1347/8235    826s] P16 n100 p0.5 i103 clique s-1: SUCCESS acl=9.82/9.74 0.023s
[1348/8235    826s] P16 n80 p0.5 i102 attraction s4: SUCCESS acl=9.6875/9.0875 43.184s
[1349/8235    826s] P16 n100 p0.5 i103 pssa s0: SUCCESS acl=9.88/9.88 0.5199s
[1350/8235    826s] P16 n100 p0.5 i103 pssa s1: SUCCESS acl=9.88/9.88 0.5293s
[1351/8235    827s] P16 n80 p0.5 i103 attraction s4: SUCCESS acl=10.0125/9.275 37.9676s
[1352/8235    827s] P16 n80 p0.5 i102 attraction s1: SUCCESS acl=10.05/9.425 44.6092s
[1353/8235    827s] P16 n100 p0.5 i103 pssa s2: SUCCESS acl=9.88/9.88 0.5334s
[1354/8235    827s] P16 n100 p0.5 i101 minorminer s3: SUCCESS acl=12.87/11.94 36.627s
[1355/8235    827s] P16 n100 p0.5 i103 pssa s3: SUCCESS acl=9.88/9.88 0.5185s
[1356/8235    827s] P16 n100 p0.5 i103 pssa s4: SUCCESS acl=9.88/9.88 0.524s
[1357/8235    828s] P16 n80 p0.5 i103 attraction s2: SUCCESS acl=10.2125/9.5 40.0676s
[1358/8235    828s] P16 n100 p0.5 i101 minorminer s0: SUCCESS acl=12.08/11.23 38.8676s
[1359/8235    829s] P16 n100 p0.5 i101 minorminer s4: SUCCESS acl=12.98/11.8 38.5982s
[1360/8235    830s] P16 n100 p0.5 i102 mmfork-cuthill s3: SUCCESS acl=12.61/11.66 26.0379s
[1361/8235    831s] P16 n80 p0.5 i103 attraction s1: SUCCESS acl=10.05/9.5625 42.6884s
[1362/8235    832s] P16 n100 p0.5 i103 clmm s2: SUCCESS acl=9.82/9.74 10.3816s
[1363/8235    832s] P16 n100 p0.5 i103 clmm s0: SUCCESS acl=9.78/9.7 11.2552s
[1364/8235    833s] P16 n100 p0.5 i103 minorminer s2: SUCCESS acl=12.99/12.33 14.966s
[1365/8235    833s] P16 n100 p0.5 i103 clmm s1: SUCCESS acl=9.82/9.74 10.7943s
[1366/8235    834s] P16 n100 p0.5 i103 clmm s3: SUCCESS acl=9.78/9.7 11.5226s
[1367/8235    834s] P16 n100 p0.5 i101 mmfork-cuthill s3: SUCCESS acl=12.4/11.49 42.5773s
[1368/8235    834s] P16 n100 p0.5 i101 mmfork-cuthill s1: SUCCESS acl=12.55/11.74 43.3133s
[1369/8235    835s] P16 n100 p0.5 i102 minorminer s0: SUCCESS acl=13.17/12.2 35.6897s
[1370/8235    836s] P16 n100 p0.5 i103 clmm s4: SUCCESS acl=9.8/9.74 11.8622s
[1371/8235    837s] P16 n80 p0.5 i103 attraction s0: SUCCESS acl=9.9125/9.325 48.9497s
[1372/8235    839s] P16 n100 p0.5 i102 mmfork-cuthill s1: SUCCESS acl=11.58/10.89 36.3865s
[1373/8235    840s] P16 n140 p0.5 i101 template s-1: SUCCESS acl=13.0714/13.0714 0.1314s
[1374/8235    840s] P16 n140 p0.5 i101 clique s-1: SUCCESS acl=13.8286/13.0714 0.0214s
[1375/8235    840s] P16 n140 p0.5 i101 pssa s0: SUCCESS acl=13.2/13.2 0.5923s
[1376/8235    840s] P16 n100 p0.5 i103 mmfork-cuthill s2: SUCCESS acl=12.76/11.72 21.0632s
[1377/8235    841s] P16 n140 p0.5 i101 pssa s1: SUCCESS acl=13.2/13.2 0.5855s
[1378/8235    841s] P16 n140 p0.5 i101 pssa s2: SUCCESS acl=13.2/13.2 0.5986s
[1379/8235    842s] P16 n100 p0.5 i102 mmfork-cuthill s0: SUCCESS acl=12.66/11.71 38.8864s
[1380/8235    842s] P16 n140 p0.5 i101 pssa s3: SUCCESS acl=13.2/13.2 0.5916s
[1381/8235    842s] P16 n140 p0.5 i101 pssa s4: SUCCESS acl=13.2/13.2 0.6913s
[1382/8235    844s] P16 n100 p0.5 i102 minorminer s2: SUCCESS acl=12.71/11.85 43.038s
[1383/8235    844s] P16 n100 p0.5 i102 mmfork-cuthill s2: SUCCESS acl=11.96/11.43 41.4131s
[1384/8235    845s] P16 n100 p0.5 i102 minorminer s1: SUCCESS acl=12.96/11.94 45.3934s
[1385/8235    850s] P16 n100 p0.5 i103 minorminer s0: SUCCESS acl=12.91/11.98 34.7294s
[1386/8235    851s] P16 n100 p0.5 i101 minorminer s2: SUCCESS acl=12.13/11.45 60.8355s
[1387/8235    851s] P16 n100 p0.5 i101 mmfork-cuthill s4: SUCCESS acl=12.29/11.45 60.0896s
[1388/8235    855s] P16 n100 p0.5 i102 minorminer s4: SUCCESS acl=12.46/11.63 52.4478s
[1389/8235    856s] P16 n100 p0.5 i101 attraction s0: SUCCESS acl=13.62/12.58 60.0467s
[1390/8235    856s] P16 n100 p0.5 i101 attraction s1: SUCCESS acl=13.87/12.64 60.5223s
[1391/8235    856s] P16 n100 p0.5 i102 mmfork-cuthill s4: SUCCESS acl=11.51/10.81 52.2821s
[1392/8235    858s] P16 n100 p0.5 i101 attraction s3: SUCCESS acl=14.04/12.75 60.1784s
[1393/8235    858s] P16 n100 p0.5 i101 attraction s2: SUCCESS acl=13.29/12.2 60.7507s
[1394/8235    859s] P16 n100 p0.5 i101 attraction s4: SUCCESS acl=13.73/12.42 60.7374s
[1395/8235    860s] P16 n100 p0.5 i102 attraction s4: SUCCESS acl=15.19/13.62 46.6802s
[1396/8235    863s] P16 n100 p0.5 i103 mmfork-cuthill s4: SUCCESS acl=12.25/11.52 41.7275s
[1397/8235    868s] P16 n100 p0.5 i103 minorminer s4: SUCCESS acl=12.66/11.62 49.0143s
[1398/8235    868s] P16 n140 p0.5 i101 clmm s1: SUCCESS acl=13.7214/13.4643 33.8429s
[1399/8235    869s] P16 n140 p0.5 i101 clmm s0: SUCCESS acl=13.75/13.6857 35.5381s
[1400/8235    869s] P16 n140 p0.5 i101 clmm s3: SUCCESS acl=13.7571/13.6929 33.5181s
[1401/8235    869s] P16 n140 p0.5 i102 template s-1: SUCCESS acl=13.0714/13.0714 0.0982s
[1402/8235    870s] P16 n140 p0.5 i102 clique s-1: SUCCESS acl=13.8286/13.0714 0.0235s
[1403/8235    870s] P16 n140 p0.5 i102 pssa s0: SUCCESS acl=13.2286/13.2286 0.6096s
[1404/8235    870s] P16 n140 p0.5 i102 pssa s1: SUCCESS acl=13.2286/13.2286 0.6616s
[1405/8235    870s] P16 n100 p0.5 i102 attraction s0: SUCCESS acl=15.15/13.83 57.5924s
[1406/8235    871s] P16 n100 p0.5 i103 minorminer s3: SUCCESS acl=12.27/11.55 52.5182s
[1407/8235    871s] P16 n140 p0.5 i102 pssa s2: SUCCESS acl=13.2286/13.2286 0.6004s
[1408/8235    871s] P16 n140 p0.5 i102 pssa s3: SUCCESS acl=13.2286/13.2286 0.5992s
[1409/8235    871s] P16 n140 p0.5 i102 pssa s4: SUCCESS acl=13.2286/13.2286 0.5859s
[1410/8235    871s] P16 n140 p0.5 i101 clmm s4: SUCCESS acl=13.7143/13.6357 34.0177s
[1411/8235    872s] P16 n140 p0.5 i101 clmm s2: SUCCESS acl=13.8143/13.0571 36.8444s
[1412/8235    873s] P16 n100 p0.5 i102 attraction s1: SUCCESS acl=13.97/12.92 60.2004s
[1413/8235    874s] P16 n100 p0.5 i102 attraction s3: SUCCESS acl=13.37/12.27 60.4948s
[1414/8235    874s] P16 n100 p0.5 i102 attraction s2: SUCCESS acl=13.16/11.96 61.0748s
[1415/8235    876s] P16 n100 p0.5 i103 mmfork-cuthill s1: SUCCESS acl=12.45/11.75 57.2825s
[1416/8235    878s] P16 n100 p0.5 i103 minorminer s1: SUCCESS acl=12.64/11.65 60.7365s
[1417/8235    879s] P16 n100 p0.5 i103 mmfork-cuthill s0: SUCCESS acl=12.06/11.36 60.02s
[1418/8235    881s] P16 n100 p0.5 i103 mmfork-cuthill s3: SUCCESS acl=11.98/11.24 60.8857s
[1419/8235    884s] P16 n140 p0.5 i102 mmfork-cuthill s0: SUCCESS acl=17.7571/16.2643 28.222s
[1420/8235    885s] P16 n100 p0.5 i103 attraction s2: SUCCESS acl=13.74/12.39 58.314s
[1421/8235    887s] P16 n100 p0.5 i103 attraction s0: SUCCESS acl=12.51/11.61 60.0792s
[1422/8235    887s] P16 n100 p0.5 i103 attraction s1: SUCCESS acl=13.8/12.77 60.4566s
[1423/8235    887s] P16 n100 p0.5 i103 attraction s3: SUCCESS acl=13.76/12.66 60.4419s
[1424/8235    888s] P16 n100 p0.5 i103 attraction s4: SUCCESS acl=13.63/12.34 60.2964s
[1425/8235    890s] P16 n140 p0.5 i101 minorminer s1: SUCCESS acl=18.3143/16.7786 60.8046s
[1426/8235    890s] P16 n140 p0.5 i101 minorminer s2: SUCCESS acl=21.05/18.4786 60.4499s
[1427/8235    890s] P16 n140 p0.5 i103 template s-1: SUCCESS acl=13.1071/13.1071 0.0967s
[1428/8235    890s] P16 n140 p0.5 i103 clique s-1: SUCCESS acl=13.8286/13.1071 0.0252s
[1429/8235    890s] P16 n140 p0.5 i101 minorminer s0: SUCCESS acl=19.0786/17.3857 61.647s
[1430/8235    891s] P16 n140 p0.5 i103 pssa s0: SUCCESS acl=13.2786/13.2786 0.6849s
[1431/8235    891s] P16 n140 p0.5 i103 pssa s1: SUCCESS acl=13.2786/13.2786 0.6752s
[1432/8235    892s] P16 n140 p0.5 i103 pssa s2: SUCCESS acl=13.2786/13.2786 0.6798s
[1433/8235    892s] P16 n140 p0.5 i103 pssa s3: SUCCESS acl=13.2786/13.2786 0.59s
[1434/8235    892s] P16 n140 p0.5 i101 minorminer s3: SUCCESS acl=20.6286/18.6071 61.7637s
[1435/8235    892s] P16 n140 p0.5 i103 pssa s4: SUCCESS acl=13.2786/13.2786 0.6737s
[1436/8235    893s] P16 n140 p0.5 i101 minorminer s4: SUCCESS acl=18.8429/17.2214 61.4532s
[1437/8235    893s] P16 n140 p0.5 i101 mmfork-cuthill s0: SUCCESS acl=18.0071/16.5214 60.4109s
[1438/8235    894s] P16 n140 p0.5 i101 mmfork-cuthill s2: SUCCESS acl=18.9143/17.3786 61.4293s
[1439/8235    895s] P16 n140 p0.5 i101 mmfork-cuthill s1: SUCCESS acl=16.8/15.6929 61.8574s
[1440/8235    895s] P16 n140 p0.5 i101 mmfork-cuthill s3: SUCCESS acl=18.5071/17.2143 61.4578s
[1441/8235    895s] P16 n140 p0.5 i101 mmfork-cuthill s4: SUCCESS acl=19.7429/18.0214 61.2349s
[1442/8235    896s] P16 n140 p0.5 i102 clmm s0: SUCCESS acl=13.7786/13.7143 37.1736s
[1443/8235    899s] P16 n140 p0.5 i102 clmm s2: SUCCESS acl=13.8071/13.2286 36.1153s
[1444/8235    899s] P16 n140 p0.5 i102 clmm s1: SUCCESS acl=13.7643/13.6929 39.3951s
[1445/8235    902s] P16 n140 p0.5 i101 attraction s0: SUCCESS acl=28.65/28.6143 60.0335s
[1446/8235    904s] P16 n140 p0.5 i101 attraction s1: SUCCESS acl=22.5214/19.8786 61.2534s
[1447/8235    904s] P16 n140 p0.5 i101 attraction s2: SUCCESS acl=20.6/18.3286 61.2667s
[1448/8235    904s] P16 n140 p0.5 i102 clmm s3: SUCCESS acl=13.7714/13.5786 36.3563s
[1449/8235    905s] P16 n140 p0.5 i102 clmm s4: SUCCESS acl=13.7286/13.65 36.9987s
[1450/8235    906s] P16 n140 p0.5 i101 attraction s4: SUCCESS acl=22.9/20.3143 61.3275s
[1451/8235    907s] P16 n140 p0.5 i102 minorminer s0: SUCCESS acl=19.9357/18.0214 61.004s
[1452/8235    908s] P16 n140 p0.5 i101 attraction s3: FAILURE  64.7294s
[1453/8235    911s] P16 n140 p0.5 i102 minorminer s2: SUCCESS acl=20.65/18.6071 60.1298s
[1454/8235    912s] P16 n180 p0.5 i101 template s-1: SUCCESS acl=16.5833/16.5833 0.1745s
[1455/8235    912s] P16 n180 p0.5 i101 clique s-1: SUCCESS acl=16.6667/16.5833 0.0211s
[1456/8235    912s] P16 n140 p0.5 i102 minorminer s3: SUCCESS acl=19.9429/18.0786 60.4339s
[1457/8235    912s] P16 n140 p0.5 i102 minorminer s1: SUCCESS acl=19.3714/17.7429 61.7203s
[1458/8235    913s] P16 n180 p0.5 i101 pssa s0: SUCCESS acl=16.5889/16.5889 0.5709s
[1459/8235    913s] P16 n180 p0.5 i101 pssa s1: SUCCESS acl=16.5889/16.5889 0.5841s
[1460/8235    913s] P16 n180 p0.5 i101 pssa s2: SUCCESS acl=16.5889/16.5889 0.5772s
[1461/8235    913s] P16 n180 p0.5 i101 pssa s3: SUCCESS acl=16.5889/16.5889 0.5816s
[1462/8235    913s] P16 n180 p0.5 i101 pssa s4: SUCCESS acl=16.5889/16.5889 0.5905s
[1463/8235    915s] P16 n140 p0.5 i102 minorminer s4: SUCCESS acl=17.7929/16.4714 60.2262s
[1464/8235    917s] P16 n140 p0.5 i102 mmfork-cuthill s2: SUCCESS acl=18.1429/16.6714 60.4163s
[1465/8235    917s] P16 n140 p0.5 i102 mmfork-cuthill s1: SUCCESS acl=18.5143/17.0357 60.7356s
[1466/8235    918s] P16 n140 p0.5 i103 clmm s2: SUCCESS acl=13.8286/13.1071 30.4152s
[1467/8235    920s] P16 n140 p0.5 i102 mmfork-cuthill s3: SUCCESS acl=16.5214/15.4357 61.3876s
[1468/8235    921s] P16 n140 p0.5 i102 mmfork-cuthill s4: SUCCESS acl=19.1071/17.3429 61.9571s
[1469/8235    922s] P16 n140 p0.5 i103 minorminer s2: SUCCESS acl=22.7786/20.0357 47.8177s
[1470/8235    922s] P16 n140 p0.5 i103 clmm s4: SUCCESS acl=13.7357/13.6571 32.4425s
[1471/8235    923s] P16 n140 p0.5 i103 clmm s0: SUCCESS acl=13.75/13.6786 36.4358s
[1472/8235    924s] P16 n140 p0.5 i103 clmm s3: SUCCESS acl=13.7286/13.6786 36.1714s
[1473/8235    924s] P16 n140 p0.5 i103 clmm s1: SUCCESS acl=13.7571/13.6786 36.9532s
[1474/8235    931s] P16 n140 p0.5 i102 attraction s1: SUCCESS acl=21.8/19.2 60.0727s
[1475/8235    932s] P16 n140 p0.5 i102 attraction s2: SUCCESS acl=22.7429/20.15 60.6692s
[1476/8235    932s] P16 n140 p0.5 i102 attraction s0: SUCCESS acl=19.8571/17.9857 61.1996s
[1477/8235    933s] P16 n140 p0.5 i103 minorminer s0: SUCCESS acl=18.2143/16.7714 60.5154s
[1478/8235    933s] P16 n140 p0.5 i102 attraction s3: SUCCESS acl=22.5857/19.6786 60.9518s
[1479/8235    933s] P16 n140 p0.5 i102 attraction s4: SUCCESS acl=20.1143/18.25 61.2597s
[1480/8235    935s] P16 n140 p0.5 i103 minorminer s1: SUCCESS acl=19.6571/17.9357 61.3934s
[1481/8235    935s] P16 n140 p0.5 i103 minorminer s3: SUCCESS acl=19.5/17.7429 60.5965s
[1482/8235    935s] P16 n180 p0.5 i102 template s-1: SUCCESS acl=16.5944/16.5944 0.1796s
[1483/8235    935s] P16 n180 p0.5 i102 clique s-1: SUCCESS acl=16.6667/16.5944 0.019s
[1484/8235    936s] P16 n180 p0.5 i102 pssa s0: SUCCESS acl=16.5944/16.5944 0.5679s
[1485/8235    936s] P16 n180 p0.5 i102 pssa s1: SUCCESS acl=16.5944/16.5944 0.557s
[1486/8235    937s] P16 n180 p0.5 i102 pssa s2: SUCCESS acl=16.5944/16.5944 0.5605s
[1487/8235    937s] P16 n180 p0.5 i102 pssa s3: SUCCESS acl=16.5944/16.5944 0.5595s
[1488/8235    937s] P16 n180 p0.5 i102 pssa s4: SUCCESS acl=16.5944/16.5944 0.5701s
[1489/8235    938s] P16 n140 p0.5 i103 minorminer s4: SUCCESS acl=19.2714/17.45 60.7377s
[1490/8235    940s] P16 n140 p0.5 i103 mmfork-cuthill s0: SUCCESS acl=19.3357/17.4857 61.6207s
[1491/8235    941s] P16 n140 p0.5 i103 mmfork-cuthill s1: SUCCESS acl=18.1286/16.65 61.2822s
[1492/8235    943s] P16 n140 p0.5 i103 mmfork-cuthill s2: SUCCESS acl=19.8357/17.8857 61.4252s
[1493/8235    945s] P16 n140 p0.5 i103 mmfork-cuthill s3: SUCCESS acl=18.8071/17.3857 60.5684s
[1494/8235    946s] P16 n140 p0.5 i103 mmfork-cuthill s4: SUCCESS acl=19.1786/17.3929 60.7246s
[1495/8235    953s] P16 n140 p0.5 i103 attraction s0: SUCCESS acl=21.3286/18.8357 60.6255s
[1496/8235    954s] P16 n140 p0.5 i103 attraction s1: SUCCESS acl=20.9643/18.8286 61.0714s
[1497/8235    954s] P16 n140 p0.5 i103 attraction s4: SUCCESS acl=22.2786/19.7 60.1112s
[1498/8235    955s] P16 n140 p0.5 i103 attraction s2: SUCCESS acl=22.4/19.7286 61.5009s
[1499/8235    955s] P16 n140 p0.5 i103 attraction s3: SUCCESS acl=20.4286/18.2 61.5514s
[1500/8235    956s] P16 n180 p0.5 i101 minorminer s1: SUCCESS acl=22.2167/20.7556 60.4296s
[1501/8235    957s] P16 n180 p0.5 i101 clmm s1: SUCCESS acl=16.6667/16.5833 52.2986s
[1502/8235    960s] P16 n180 p0.5 i101 minorminer s2: FAILURE  65.4721s
[1503/8235    960s] P16 n180 p0.5 i101 minorminer s4: FAILURE  64.1094s
[1504/8235    960s] P16 n180 p0.5 i101 clmm s0: SUCCESS acl=16.6667/16.5833 56.0732s
[1505/8235    961s] P16 n180 p0.5 i101 minorminer s3: FAILURE  65.4846s
[1506/8235    962s] P16 n180 p0.5 i101 minorminer s0: FAILURE  68.042s
[1507/8235    962s] P16 n180 p0.5 i101 clmm s2: SUCCESS acl=16.6667/16.5833 55.9825s
[1508/8235    963s] P16 n180 p0.5 i103 template s-1: SUCCESS acl=16.5611/16.5611 0.1786s
[1509/8235    963s] P16 n180 p0.5 i103 clique s-1: SUCCESS acl=16.6667/16.5611 0.0206s
[1510/8235    964s] P16 n180 p0.5 i103 pssa s0: SUCCESS acl=16.5556/16.5556 0.5546s
[1511/8235    964s] P16 n180 p0.5 i101 mmfork-cuthill s0: FAILURE  64.9862s
[1512/8235    964s] P16 n180 p0.5 i101 mmfork-cuthill s1: FAILURE  64.9431s
[1513/8235    964s] P16 n180 p0.5 i103 pssa s1: SUCCESS acl=16.5556/16.5556 0.5503s
[1514/8235    965s] P16 n180 p0.5 i103 pssa s3: SUCCESS acl=16.5556/16.5556 0.4493s
[1515/8235    965s] P16 n180 p0.5 i103 pssa s2: SUCCESS acl=16.5556/16.5556 0.5556s
[1516/8235    965s] P16 n180 p0.5 i103 pssa s4: SUCCESS acl=16.5556/16.5556 0.5436s
[1517/8235    965s] P16 n180 p0.5 i101 mmfork-cuthill s3: SUCCESS acl=25.7/23.5833 60.3107s
[1518/8235    967s] P16 n180 p0.5 i101 clmm s3: SUCCESS acl=16.6667/16.5833 59.8157s
[1519/8235    968s] P16 n180 p0.5 i101 clmm s4: SUCCESS acl=16.6667/16.5833 59.8224s
[1520/8235    972s] P16 n180 p0.5 i101 mmfork-cuthill s4: FAILURE  68.1171s
[1521/8235    972s] P16 n180 p0.5 i101 mmfork-cuthill s2: FAILURE  69.7265s
[1522/8235    982s] P16 n180 p0.5 i102 minorminer s0: FAILURE  64.3185s
[1523/8235    982s] P16 n180 p0.5 i101 attraction s1: FAILURE  68.7065s
[1524/8235    982s] P16 n180 p0.5 i101 attraction s2: FAILURE  68.6543s
[1525/8235    983s] P16 n180 p0.5 i101 attraction s0: FAILURE  69.7771s
[1526/8235    985s] P16 n180 p0.5 i101 attraction s3: FAILURE  69.0924s
[1527/8235    985s] P16 n180 p0.5 i101 attraction s4: FAILURE  67.8758s
[1528/8235    985s] P16 n180 p0.5 i102 minorminer s3: FAILURE  64.4659s
[1529/8235    985s] P16 n180 p0.5 i102 minorminer s1: FAILURE  67.3069s
[1530/8235    987s] P16 n180 p0.5 i102 minorminer s2: FAILURE  67.3036s
[1531/8235    989s] P16 n180 p0.5 i102 clmm s2: SUCCESS acl=16.6667/16.5944 56.1789s
[1532/8235    990s] P16 n180 p0.5 i102 mmfork-cuthill s0: FAILURE  67.4948s
[1533/8235    990s] P16 n180 p0.5 i102 minorminer s4: FAILURE  67.7245s
[1534/8235    990s] P16 n180 p0.5 i102 mmfork-cuthill s2: FAILURE  66.1511s
[1535/8235    990s] P16 n240 p0.5 i101 template s-1: INFEASIBLE  0.0s
[1536/8235    990s] P16 n240 p0.5 i101 clique s-1: FAILURE  0.0198s
[1537/8235    991s] P16 n180 p0.5 i102 clmm s0: SUCCESS acl=16.6667/16.5944 58.5289s
[1538/8235    992s] P16 n180 p0.5 i102 mmfork-cuthill s3: FAILURE  67.3593s
[1539/8235    993s] P16 n180 p0.5 i102 mmfork-cuthill s1: FAILURE  69.8399s
[1540/8235    994s] P16 n180 p0.5 i102 clmm s3: SUCCESS acl=16.6667/16.5944 61.1393s
[1541/8235    996s] P16 n180 p0.5 i102 clmm s1: SUCCESS acl=16.6667/16.5944 63.135s
[1542/8235    997s] P16 n180 p0.5 i102 clmm s4: SUCCESS acl=16.6611/16.5944 63.9384s
[1543/8235    998s] P16 n180 p0.5 i102 mmfork-cuthill s4: FAILURE  66.2443s
[1544/8235   1005s] P16 n180 p0.5 i102 attraction s0: FAILURE  67.7757s
[1545/8235   1007s] P16 n180 p0.5 i102 attraction s1: FAILURE  69.308s
[1546/8235   1007s] P16 n180 p0.5 i103 minorminer s1: SUCCESS acl=24.4389/22.2056 60.5175s
[1547/8235   1007s] P16 n180 p0.5 i102 attraction s3: FAILURE  67.7151s
[1548/8235   1007s] P16 n180 p0.5 i102 attraction s2: FAILURE  69.9017s
[1549/8235   1009s] P16 n180 p0.5 i103 minorminer s0: FAILURE  65.707s
[1550/8235   1009s] P16 n180 p0.5 i102 attraction s4: FAILURE  67.8974s
[1551/8235   1013s] P16 n180 p0.5 i103 minorminer s2: FAILURE  66.3804s
[1552/8235   1015s] P16 n180 p0.5 i103 mmfork-cuthill s1: FAILURE  60.5212s
[1553/8235   1018s] P16 n180 p0.5 i103 mmfork-cuthill s0: FAILURE  63.8954s
[1554/8235   1018s] P16 n180 p0.5 i103 minorminer s3: FAILURE  64.991s
[1555/8235   1019s] P16 n180 p0.5 i103 minorminer s4: FAILURE  65.3688s
[1556/8235   1020s] P16 n180 p0.5 i103 mmfork-cuthill s2: FAILURE  65.6453s
[1557/8235   1022s] P16 n180 p0.5 i103 clmm s1: SUCCESS acl=16.6556/16.5556 61.2793s
[1558/8235   1022s] P16 n180 p0.5 i103 mmfork-cuthill s3: FAILURE  65.9706s
[1559/8235   1022s] P16 n180 p0.5 i103 clmm s0: SUCCESS acl=16.6667/16.5611 61.9967s
[1560/8235   1023s] P16 n180 p0.5 i103 clmm s2: SUCCESS acl=16.6667/16.5611 62.0729s
[1561/8235   1023s] P16 n180 p0.5 i103 mmfork-cuthill s4: FAILURE  65.4655s
[1562/8235   1023s] P16 n240 p0.5 i102 template s-1: INFEASIBLE  0.0s
[1563/8235   1023s] P16 n240 p0.5 i102 clique s-1: FAILURE  0.0193s
[1564/8235   1025s] P16 n180 p0.5 i103 clmm s3: SUCCESS acl=16.6611/16.5611 64.4969s
[1565/8235   1027s] P16 n180 p0.5 i103 clmm s4: SUCCESS acl=16.6667/16.5611 64.1305s
[1566/8235   1033s] P16 n180 p0.5 i103 attraction s3: FAILURE  68.1773s
[1567/8235   1034s] P16 n180 p0.5 i103 attraction s0: FAILURE  68.8954s
[1568/8235   1034s] P16 n180 p0.5 i103 attraction s2: FAILURE  68.9095s
[1569/8235   1034s] P16 n180 p0.5 i103 attraction s1: FAILURE  69.6354s
[1570/8235   1035s] P16 n240 p0.5 i101 minorminer s0: FAILURE  66.9873s
[1571/8235   1036s] P16 n180 p0.5 i103 attraction s4: FAILURE  69.2903s
[1572/8235   1040s] P16 n240 p0.5 i101 minorminer s1: FAILURE  68.0356s
[1573/8235   1042s] P16 n240 p0.5 i101 minorminer s2: FAILURE  70.2763s
[1574/8235   1049s] P16 n240 p0.5 i101 minorminer s4: FAILURE  67.2635s
[1575/8235   1052s] P16 n240 p0.5 i101 minorminer s3: FAILURE  69.97s
[1576/8235   1052s] P16 n240 p0.5 i101 pssa s0: FAILURE  61.8341s
[1577/8235   1053s] P16 n240 p0.5 i101 mmfork-cuthill s3: FAILURE  68.1559s
[1578/8235   1053s] P16 n240 p0.5 i101 clmm s0: FAILURE  67.9336s
[1579/8235   1054s] P16 n240 p0.5 i101 mmfork-cuthill s4: FAILURE  68.4812s
[1580/8235   1054s] P16 n240 p0.5 i101 mmfork-cuthill s1: FAILURE  71.4477s
[1581/8235   1056s] P16 n240 p0.5 i101 mmfork-cuthill s0: FAILURE  73.4701s
[1582/8235   1057s] P16 n240 p0.5 i101 mmfork-cuthill s2: FAILURE  72.0012s
[1583/8235   1058s] P16 n240 p0.5 i101 pssa s1: FAILURE  66.8886s
[1584/8235   1059s] P16 n240 p0.5 i101 pssa s2: FAILURE  67.1804s
[1585/8235   1060s] P16 n240 p0.5 i101 pssa s3: FAILURE  66.2655s
[1586/8235   1061s] P16 n240 p0.5 i101 pssa s4: FAILURE  66.4749s
[1587/8235   1061s] P16 n240 p0.5 i101 clmm s1: FAILURE  74.0754s
[1588/8235   1062s] P16 n240 p0.5 i101 clmm s2: FAILURE  72.7599s
[1589/8235   1062s] P16 n240 p0.5 i103 template s-1: INFEASIBLE  0.0s
[1590/8235   1062s] P16 n240 p0.5 i103 clique s-1: FAILURE  0.0202s
[1591/8235   1063s] P16 n240 p0.5 i101 clmm s4: FAILURE  73.3452s
[1592/8235   1064s] P16 n240 p0.5 i101 clmm s3: FAILURE  74.3836s
[1593/8235   1072s] P16 n240 p0.5 i101 attraction s1: FAILURE  74.6494s
[1594/8235   1076s] P16 n240 p0.5 i102 minorminer s4: FAILURE  67.3905s
[1595/8235   1077s] P16 n240 p0.5 i102 minorminer s2: FAILURE  69.3176s
[1596/8235   1077s] P16 n240 p0.5 i101 attraction s0: FAILURE  81.3135s
[1597/8235   1078s] P16 n240 p0.5 i102 minorminer s3: FAILURE  69.0134s
[1598/8235   1078s] P16 n240 p0.5 i102 minorminer s0: FAILURE  71.4533s
[1599/8235   1080s] P16 n240 p0.5 i101 attraction s2: FAILURE  81.9226s
[1600/8235   1080s] P16 n240 p0.5 i102 minorminer s1: FAILURE  72.5189s
[1601/8235   1081s] P16 n240 p0.5 i102 mmfork-cuthill s0: FAILURE  68.4591s
[1602/8235   1082s] P16 n240 p0.5 i101 attraction s4: FAILURE  74.8805s
[1603/8235   1082s] P16 n60 p0.3 i101 minorminer s0: SUCCESS acl=6.25/6.0 2.5336s
[1604/8235   1085s] P16 n240 p0.5 i102 mmfork-cuthill s1: FAILURE  69.7837s
[1605/8235   1085s] P16 n60 p0.3 i101 minorminer s1: SUCCESS acl=5.8333/5.7 3.9491s
[1606/8235   1085s] P16 n240 p0.5 i102 pssa s0: FAILURE  62.2567s
[1607/8235   1086s] P16 n60 p0.3 i101 minorminer s2: SUCCESS acl=6.2/6.0 4.2288s
[1608/8235   1087s] P16 n240 p0.5 i101 attraction s3: FAILURE  82.3458s
[1609/8235   1087s] P16 n60 p0.3 i101 mmfork-cuthill s0: SUCCESS acl=6.5/6.25 2.0135s
[1610/8235   1088s] P16 n60 p0.3 i101 mmfork-cuthill s2: SUCCESS acl=6.1667/6.0 2.2259s
[1611/8235   1088s] P16 n240 p0.5 i102 pssa s2: FAILURE  61.4254s
[1612/8235   1089s] P16 n240 p0.5 i102 mmfork-cuthill s3: FAILURE  70.4738s
[1613/8235   1089s] P16 n60 p0.3 i101 minorminer s4: SUCCESS acl=6.3333/6.0167 3.5975s
[1614/8235   1089s] P16 n240 p0.5 i102 mmfork-cuthill s4: FAILURE  69.6165s
[1615/8235   1089s] P16 n60 p0.3 i101 mmfork-cuthill s1: SUCCESS acl=6.0333/5.8333 3.7337s
[1616/8235   1089s] P16 n60 p0.3 i101 template s-1: SUCCESS acl=6.25/6.25 0.0069s
[1617/8235   1089s] P16 n60 p0.3 i101 clique s-1: SUCCESS acl=6.8/6.25 0.021s
[1618/8235   1089s] P16 n60 p0.3 i101 minorminer s3: SUCCESS acl=5.95/5.7333 6.8614s
[1619/8235   1089s] P16 n60 p0.3 i101 clmm s0: SUCCESS acl=5.85/5.8167 1.2358s
[1620/8235   1089s] P16 n60 p0.3 i101 pssa s0: SUCCESS acl=6.2833/6.2833 0.356s
[1621/8235   1090s] P16 n60 p0.3 i101 clmm s1: SUCCESS acl=6.2833/6.1667 1.2209s
[1622/8235   1090s] P16 n60 p0.3 i101 clmm s2: SUCCESS acl=6.0333/5.9833 1.1294s
[1623/8235   1090s] P16 n60 p0.3 i101 clmm s4: SUCCESS acl=6.6667/6.3667 0.9623s
[1624/8235   1090s] P16 n60 p0.3 i101 pssa s1: SUCCESS acl=6.2833/6.2833 0.4405s
[1625/8235   1090s] P16 n60 p0.3 i101 pssa s2: SUCCESS acl=6.2833/6.2833 0.4485s
[1626/8235   1090s] P16 n60 p0.3 i101 pssa s3: SUCCESS acl=6.2833/6.2833 0.3676s
[1627/8235   1090s] P16 n60 p0.3 i101 pssa s4: SUCCESS acl=6.2833/6.2833 0.3552s
[1628/8235   1091s] P16 n60 p0.3 i101 clmm s3: SUCCESS acl=5.9/5.7667 2.1786s
[1629/8235   1091s] P16 n240 p0.5 i102 mmfork-cuthill s2: FAILURE  73.1135s
[1630/8235   1092s] P16 n60 p0.3 i101 mmfork-cuthill s3: SUCCESS acl=5.5333/5.45 4.6193s
[1631/8235   1092s] P16 n60 p0.3 i101 mmfork-cuthill s4: SUCCESS acl=6.0167/5.8833 4.4304s
[1632/8235   1092s] P16 n240 p0.5 i102 clmm s2: FAILURE  70.0251s
[1633/8235   1093s] P16 n240 p0.5 i102 pssa s1: FAILURE  67.8322s
[1634/8235   1094s] P16 n240 p0.5 i102 clmm s1: FAILURE  72.0861s
[1635/8235   1094s] P16 n60 p0.3 i102 mmfork-cuthill s0: SUCCESS acl=5.7167/5.55 1.9815s
[1636/8235   1094s] P16 n60 p0.3 i102 minorminer s3: SUCCESS acl=5.7333/5.6167 2.7569s
[1637/8235   1095s] P16 n60 p0.3 i102 minorminer s4: SUCCESS acl=5.8333/5.7 2.8159s
[1638/8235   1095s] P16 n60 p0.3 i102 minorminer s2: SUCCESS acl=5.7833/5.6833 3.7799s
[1639/8235   1095s] P16 n60 p0.3 i102 minorminer s1: SUCCESS acl=5.55/5.3167 4.1799s
[1640/8235   1096s] P16 n60 p0.3 i102 clmm s1: SUCCESS acl=5.8167/5.6667 0.8766s
[1641/8235   1096s] P16 n60 p0.3 i102 clmm s0: SUCCESS acl=5.65/5.55 1.3451s
[1642/8235   1096s] P16 n240 p0.5 i102 clmm s0: FAILURE  75.6278s
[1643/8235   1096s] P16 n60 p0.3 i102 template s-1: SUCCESS acl=6.0833/6.0833 0.0108s
[1644/8235   1096s] P16 n60 p0.3 i102 clique s-1: SUCCESS acl=6.8/6.0833 0.0214s
[1645/8235   1096s] P16 n60 p0.3 i102 mmfork-cuthill s1: SUCCESS acl=5.4667/5.35 3.1944s
[1646/8235   1097s] P16 n60 p0.3 i102 pssa s0: SUCCESS acl=6.05/6.05 0.3547s
[1647/8235   1097s] P16 n60 p0.3 i102 clmm s2: SUCCESS acl=5.7667/5.6167 1.8272s
[1648/8235   1097s] P16 n60 p0.3 i102 pssa s1: SUCCESS acl=6.05/6.05 0.3633s
[1649/8235   1097s] P16 n60 p0.3 i102 pssa s2: SUCCESS acl=6.05/6.05 0.3556s
[1650/8235   1097s] P16 n60 p0.3 i102 minorminer s0: SUCCESS acl=5.2833/5.1833 7.031s
[1651/8235   1097s] P16 n60 p0.3 i102 clmm s3: SUCCESS acl=5.55/5.45 1.4554s
[1652/8235   1097s] P16 n60 p0.3 i102 mmfork-cuthill s2: SUCCESS acl=5.6/5.3833 3.0018s
[1653/8235   1097s] P16 n60 p0.3 i102 pssa s3: SUCCESS acl=6.05/6.05 0.3522s
[1654/8235   1097s] P16 n60 p0.3 i102 pssa s4: SUCCESS acl=6.05/6.05 0.3494s
[1655/8235   1097s] P16 n240 p0.5 i102 clmm s3: FAILURE  74.8053s
[1656/8235   1097s] P16 n240 p0.5 i102 clmm s4: FAILURE  74.4163s
[1657/8235   1097s] P16 n60 p0.3 i102 mmfork-cuthill s3: SUCCESS acl=5.6833/5.45 3.2064s
[1658/8235   1097s] P16 n60 p0.3 i102 clmm s4: SUCCESS acl=5.55/5.5 1.562s
[1659/8235   1099s] P16 n240 p0.5 i102 pssa s3: FAILURE  65.4029s
[1660/8235   1099s] P16 n60 p0.3 i101 attraction s2: SUCCESS acl=6.4/6.1333 9.0328s
[1661/8235   1099s] P16 n60 p0.3 i103 minorminer s0: SUCCESS acl=6.3333/6.0833 2.1548s
[1662/8235   1099s] P16 n60 p0.3 i102 mmfork-cuthill s4: SUCCESS acl=5.7333/5.6 5.1732s
[1663/8235   1100s] P16 n60 p0.3 i101 attraction s4: SUCCESS acl=5.9167/5.7333 9.802s
[1664/8235   1101s] P16 n60 p0.3 i103 minorminer s3: SUCCESS acl=6.0667/5.85 3.3018s
[1665/8235   1102s] P16 n60 p0.3 i103 mmfork-cuthill s1: SUCCESS acl=5.65/5.5333 2.6829s
[1666/8235   1102s] P16 n60 p0.3 i103 clmm s0: SUCCESS acl=6.6667/6.3 1.002s
[1667/8235   1102s] P16 n60 p0.3 i103 minorminer s4: SUCCESS acl=5.95/5.7333 4.1028s
[1668/8235   1102s] P16 n60 p0.3 i103 mmfork-cuthill s2: SUCCESS acl=5.8833/5.7167 2.3928s
[1669/8235   1102s] P16 n60 p0.3 i103 mmfork-cuthill s0: SUCCESS acl=5.8/5.65 3.1059s
[1670/8235   1102s] P16 n60 p0.3 i103 template s-1: SUCCESS acl=6.1833/6.1833 0.0104s
[1671/8235   1102s] P16 n60 p0.3 i101 attraction s1: SUCCESS acl=5.7833/5.65 12.2875s
[1672/8235   1102s] P16 n60 p0.3 i103 clique s-1: SUCCESS acl=6.8/6.1833 0.023s
[1673/8235   1102s] P16 n60 p0.3 i101 attraction s0: SUCCESS acl=5.7/5.5 12.3466s
[1674/8235   1102s] P16 n60 p0.3 i103 mmfork-cuthill s3: SUCCESS acl=5.6167/5.5 2.8218s
[1675/8235   1102s] P16 n60 p0.3 i103 pssa s0: SUCCESS acl=6.2/6.2 0.3509s
[1676/8235   1102s] P16 n60 p0.3 i103 pssa s1: SUCCESS acl=6.2/6.2 0.3661s
[1677/8235   1102s] P16 n60 p0.3 i101 attraction s3: SUCCESS acl=6.2667/5.95 12.5525s
[1678/8235   1102s] P16 n60 p0.3 i103 pssa s2: SUCCESS acl=6.2/6.2 0.4402s
[1679/8235   1103s] P16 n60 p0.3 i103 clmm s1: SUCCESS acl=6.0667/6.0333 1.0227s
[1680/8235   1103s] P16 n60 p0.3 i103 clmm s4: SUCCESS acl=6.6667/6.3167 0.911s
[1681/8235   1103s] P16 n60 p0.3 i103 pssa s4: SUCCESS acl=6.2/6.2 0.3678s
[1682/8235   1103s] P16 n60 p0.3 i103 pssa s3: SUCCESS acl=6.2/6.2 0.4347s
[1683/8235   1103s] P16 n60 p0.3 i103 clmm s2: SUCCESS acl=6.0/5.85 1.1991s
[1684/8235   1103s] P16 n240 p0.5 i102 pssa s4: FAILURE  69.1771s
[1685/8235   1103s] P16 n60 p0.3 i103 clmm s3: SUCCESS acl=5.9/5.8 1.329s
[1686/8235   1103s] P16 n60 p0.3 i103 minorminer s1: SUCCESS acl=5.5833/5.4833 5.8784s
[1687/8235   1103s] P16 n60 p0.3 i103 mmfork-cuthill s4: SUCCESS acl=5.7333/5.6167 3.739s
[1688/8235   1105s] P16 n60 p0.3 i102 attraction s3: SUCCESS acl=5.8667/5.7 7.4659s
[1689/8235   1105s] P16 n60 p0.3 i102 attraction s0: SUCCESS acl=5.85/5.65 7.8927s
[1690/8235   1105s] P16 n60 p0.3 i103 minorminer s2: SUCCESS acl=5.5333/5.4 8.0747s
[1691/8235   1106s] P16 n60 p0.3 i102 attraction s2: SUCCESS acl=5.55/5.4167 8.9647s
[1692/8235   1107s] P16 n60 p0.3 i102 attraction s4: SUCCESS acl=5.4167/5.3 9.7305s
[1693/8235   1108s] P16 n60 p0.3 i102 attraction s1: SUCCESS acl=5.4/5.2833 11.2476s
[1694/8235   1111s] P16 n240 p0.5 i103 minorminer s0: FAILURE  68.4726s
[1695/8235   1112s] P16 n240 p0.5 i102 attraction s0: FAILURE  77.9274s
[1696/8235   1112s] P16 n100 p0.3 i101 clmm s0: SUCCESS acl=9.8/9.55 6.0302s
[1697/8235   1112s] P16 n240 p0.5 i102 attraction s2: FAILURE  76.6294s
[1698/8235   1112s] P16 n100 p0.3 i101 template s-1: SUCCESS acl=9.52/9.52 0.0218s
[1699/8235   1112s] P16 n100 p0.3 i101 clique s-1: SUCCESS acl=9.82/9.52 0.0227s
[1700/8235   1112s] P16 n60 p0.3 i103 attraction s0: SUCCESS acl=5.8833/5.7667 9.8419s
[1701/8235   1112s] P16 n60 p0.3 i103 attraction s1: SUCCESS acl=6.1167/5.9 9.8991s
[1702/8235   1113s] P16 n100 p0.3 i101 pssa s0: SUCCESS acl=9.75/9.75 0.4847s
[1703/8235   1113s] P16 n240 p0.5 i102 attraction s1: FAILURE  78.1397s
[1704/8235   1113s] P16 n100 p0.3 i101 pssa s2: SUCCESS acl=9.75/9.75 0.4841s
[1705/8235   1113s] P16 n100 p0.3 i101 pssa s1: SUCCESS acl=9.75/9.75 0.5599s
[1706/8235   1113s] P16 n100 p0.3 i101 pssa s3: SUCCESS acl=9.75/9.75 0.4745s
[1707/8235   1113s] P16 n100 p0.3 i101 clmm s1: SUCCESS acl=9.8/9.55 5.9404s
[1708/8235   1113s] P16 n100 p0.3 i101 pssa s4: SUCCESS acl=9.75/9.75 0.4971s
[1709/8235   1114s] P16 n60 p0.3 i103 attraction s4: SUCCESS acl=5.9/5.7167 11.0118s
[1710/8235   1114s] P16 n240 p0.5 i102 attraction s3: FAILURE  78.5491s
[1711/8235   1115s] P16 n60 p0.3 i103 attraction s2: SUCCESS acl=5.6833/5.55 12.7471s
[1712/8235   1116s] P16 n60 p0.3 i103 attraction s3: SUCCESS acl=5.8167/5.6167 13.0966s
[1713/8235   1116s] P16 n100 p0.3 i101 clmm s2: SUCCESS acl=9.27/9.19 7.9978s
[1714/8235   1116s] P16 n240 p0.5 i103 minorminer s4: FAILURE  63.0429s
[1715/8235   1117s] P16 n100 p0.3 i101 clmm s3: SUCCESS acl=9.75/9.46 6.21s
[1716/8235   1117s] P16 n240 p0.5 i102 attraction s4: FAILURE  77.1137s
[1717/8235   1118s] P16 n100 p0.3 i101 clmm s4: SUCCESS acl=9.78/9.51 6.1317s
[1718/8235   1122s] P16 n240 p0.5 i103 mmfork-cuthill s1: FAILURE  67.8292s
[1719/8235   1122s] P16 n240 p0.5 i103 minorminer s1: FAILURE  72.2293s
[1720/8235   1122s] P16 n240 p0.5 i103 mmfork-cuthill s0: FAILURE  68.7852s
[1721/8235   1122s] P16 n240 p0.5 i103 minorminer s2: FAILURE  70.3083s
[1722/8235   1123s] P16 n100 p0.3 i101 minorminer s1: SUCCESS acl=11.18/10.47 19.7627s
[1723/8235   1123s] P16 n100 p0.3 i101 minorminer s4: SUCCESS acl=11.68/10.93 19.6426s
[1724/8235   1123s] P16 n100 p0.3 i102 template s-1: SUCCESS acl=9.5/9.5 0.0225s
[1725/8235   1123s] P16 n100 p0.3 i102 clique s-1: SUCCESS acl=9.82/9.5 0.0187s
[1726/8235   1123s] P16 n100 p0.3 i102 pssa s0: SUCCESS acl=9.64/9.64 0.481s
[1727/8235   1124s] P16 n100 p0.3 i102 pssa s1: SUCCESS acl=9.64/9.64 0.4798s
[1728/8235   1124s] P16 n100 p0.3 i101 mmfork-cuthill s0: SUCCESS acl=10.69/10.2 20.6707s
[1729/8235   1124s] P16 n240 p0.5 i103 mmfork-cuthill s3: FAILURE  68.3327s
[1730/8235   1124s] P16 n100 p0.3 i101 mmfork-cuthill s1: SUCCESS acl=10.71/10.15 20.6537s
[1731/8235   1124s] P16 n240 p0.5 i103 minorminer s3: FAILURE  72.333s
[1732/8235   1124s] P16 n100 p0.3 i102 pssa s2: SUCCESS acl=9.64/9.64 0.4797s
[1733/8235   1124s] P16 n100 p0.3 i102 pssa s3: SUCCESS acl=9.64/9.64 0.492s
[1734/8235   1124s] P16 n100 p0.3 i102 pssa s4: SUCCESS acl=9.64/9.64 0.4826s
[1735/8235   1125s] P16 n100 p0.3 i101 minorminer s2: SUCCESS acl=11.11/10.53 21.893s
[1736/8235   1126s] P16 n240 p0.5 i103 pssa s1: FAILURE  62.9588s
[1737/8235   1127s] P16 n240 p0.5 i103 pssa s2: FAILURE  62.6238s
[1738/8235   1127s] P16 n100 p0.3 i102 clmm s0: SUCCESS acl=9.82/9.5 5.933s
[1739/8235   1128s] P16 n240 p0.5 i103 pssa s0: FAILURE  65.8724s
[1740/8235   1128s] P16 n100 p0.3 i102 clmm s3: SUCCESS acl=9.75/9.47 5.9057s
[1741/8235   1128s] P16 n100 p0.3 i102 clmm s2: SUCCESS acl=9.77/9.5 5.9883s
[1742/8235   1128s] P16 n100 p0.3 i102 clmm s1: SUCCESS acl=9.8/9.5 6.8204s
[1743/8235   1129s] P16 n100 p0.3 i102 clmm s4: SUCCESS acl=9.76/9.46 6.2652s
[1744/8235   1129s] P16 n100 p0.3 i102 mmfork-cuthill s2: SUCCESS acl=11.06/10.56 12.1501s
[1745/8235   1130s] P16 n240 p0.5 i103 mmfork-cuthill s2: FAILURE  75.3676s
[1746/8235   1130s] P16 n100 p0.3 i102 mmfork-cuthill s3: SUCCESS acl=11.28/10.68 12.7175s
[1747/8235   1130s] P16 n100 p0.3 i101 mmfork-cuthill s2: SUCCESS acl=10.69/10.15 25.6035s
[1748/8235   1130s] P16 n240 p0.5 i103 clmm s1: FAILURE  71.3362s
[1749/8235   1131s] P16 n240 p0.5 i103 mmfork-cuthill s4: FAILURE  74.1098s
[1750/8235   1132s] P16 n100 p0.3 i102 minorminer s2: SUCCESS acl=12.78/11.97 17.2744s
[1751/8235   1132s] P16 n100 p0.3 i103 template s-1: SUCCESS acl=9.42/9.42 0.0227s
[1752/8235   1132s] P16 n100 p0.3 i103 clique s-1: SUCCESS acl=9.82/9.42 0.0203s
[1753/8235   1132s] P16 n100 p0.3 i103 pssa s0: SUCCESS acl=9.6/9.6 0.4882s
[1754/8235   1133s] P16 n100 p0.3 i103 pssa s1: SUCCESS acl=9.6/9.6 0.4946s
[1755/8235   1133s] P16 n240 p0.5 i103 clmm s2: FAILURE  73.5064s
[1756/8235   1133s] P16 n240 p0.5 i103 pssa s3: FAILURE  61.6096s
[1757/8235   1133s] P16 n240 p0.5 i103 clmm s0: FAILURE  75.5686s
[1758/8235   1134s] P16 n100 p0.3 i103 pssa s2: SUCCESS acl=9.6/9.6 0.4942s
[1759/8235   1134s] P16 n100 p0.3 i103 pssa s3: SUCCESS acl=9.6/9.6 0.4977s
[1760/8235   1134s] P16 n100 p0.3 i103 pssa s4: SUCCESS acl=9.6/9.6 0.51s
[1761/8235   1136s] P16 n100 p0.3 i103 clmm s0: SUCCESS acl=9.78/9.44 6.221s
[1762/8235   1136s] P16 n100 p0.3 i103 clmm s1: SUCCESS acl=9.77/9.38 6.1599s
[1763/8235   1136s] P16 n240 p0.5 i103 clmm s3: FAILURE  75.5655s
[1764/8235   1136s] P16 n100 p0.3 i103 clmm s2: SUCCESS acl=9.78/9.39 5.9796s
[1765/8235   1137s] P16 n240 p0.5 i103 clmm s4: FAILURE  76.0171s
[1766/8235   1137s] P16 n100 p0.3 i102 minorminer s0: SUCCESS acl=11.19/10.67 24.1839s
[1767/8235   1139s] P16 n100 p0.3 i101 minorminer s3: SUCCESS acl=11.3/10.55 35.552s
[1768/8235   1139s] P16 n100 p0.3 i101 mmfork-cuthill s3: SUCCESS acl=10.52/10.1 33.9868s
[1769/8235   1139s] P16 n100 p0.3 i103 clmm s3: SUCCESS acl=9.27/9.23 8.4859s
[1770/8235   1139s] P16 n100 p0.3 i102 minorminer s1: SUCCESS acl=11.84/11.0 25.1863s
[1771/8235   1142s] P16 n100 p0.3 i103 clmm s4: SUCCESS acl=9.38/9.27 11.2762s
[1772/8235   1143s] P16 n100 p0.3 i102 mmfork-cuthill s0: SUCCESS acl=10.8/10.29 26.194s
[1773/8235   1143s] P16 n100 p0.3 i102 mmfork-cuthill s1: SUCCESS acl=11.42/10.69 26.654s
[1774/8235   1143s] P16 n100 p0.3 i102 mmfork-cuthill s4: SUCCESS acl=11.06/10.43 25.1473s
[1775/8235   1144s] P16 n100 p0.3 i102 minorminer s4: SUCCESS acl=11.82/11.21 27.8094s
[1776/8235   1144s] P16 n100 p0.3 i102 minorminer s3: SUCCESS acl=11.41/10.85 28.5265s
[1777/8235   1145s] P16 n240 p0.5 i103 pssa s4: FAILURE  68.4312s
[1778/8235   1145s] P16 n100 p0.3 i103 mmfork-cuthill s2: SUCCESS acl=10.86/10.28 16.2706s
[1779/8235   1145s] P16 n140 p0.3 i101 template s-1: SUCCESS acl=12.85/12.85 0.0933s
[1780/8235   1145s] P16 n140 p0.3 i101 clique s-1: SUCCESS acl=13.8286/12.85 0.0211s
[1781/8235   1146s] P16 n140 p0.3 i101 pssa s0: SUCCESS acl=13.0357/13.0357 0.663s
[1782/8235   1146s] P16 n140 p0.3 i101 pssa s1: SUCCESS acl=13.0357/13.0357 0.6729s
[1783/8235   1146s] P16 n140 p0.3 i101 pssa s2: SUCCESS acl=13.0357/13.0357 0.6629s
[1784/8235   1146s] P16 n140 p0.3 i101 pssa s3: SUCCESS acl=13.0357/13.0357 0.6761s
[1785/8235   1147s] P16 n140 p0.3 i101 pssa s4: SUCCESS acl=13.0357/13.0357 0.6603s
[1786/8235   1147s] P16 n100 p0.3 i103 minorminer s3: SUCCESS acl=11.68/11.14 19.8644s
[1787/8235   1148s] P16 n100 p0.3 i103 minorminer s2: SUCCESS acl=11.67/10.93 20.9562s
[1788/8235   1149s] P16 n100 p0.3 i103 mmfork-cuthill s3: SUCCESS acl=12.04/11.26 19.5336s
[1789/8235   1149s] P16 n100 p0.3 i103 minorminer s4: SUCCESS acl=11.84/11.03 21.0831s
[1790/8235   1149s] P16 n100 p0.3 i101 minorminer s0: SUCCESS acl=10.69/10.23 46.1865s
[1791/8235   1151s] P16 n240 p0.5 i103 attraction s1: FAILURE  74.2032s
[1792/8235   1152s] P16 n100 p0.3 i101 attraction s4: SUCCESS acl=12.5/11.79 39.0084s
[1793/8235   1153s] P16 n100 p0.3 i103 mmfork-cuthill s4: SUCCESS acl=11.68/11.04 23.958s
[1794/8235   1154s] P16 n240 p0.5 i103 attraction s3: FAILURE  75.3121s
[1795/8235   1154s] P16 n240 p0.5 i103 attraction s2: FAILURE  76.0104s
[1796/8235   1154s] P16 n240 p0.5 i103 attraction s0: FAILURE  77.0199s
[1797/8235   1154s] P16 n100 p0.3 i101 attraction s1: SUCCESS acl=11.2/10.7 41.0198s
[1798/8235   1154s] P16 n100 p0.3 i101 attraction s2: SUCCESS acl=11.72/11.16 41.5274s
[1799/8235   1157s] P16 n240 p0.5 i103 attraction s4: FAILURE  77.7325s
[1800/8235   1160s] P16 n100 p0.3 i103 minorminer s0: SUCCESS acl=12.0/11.3 35.3591s
[1801/8235   1161s] P16 n140 p0.3 i101 clmm s2: SUCCESS acl=13.8286/12.85 17.2131s
[1802/8235   1162s] P16 n140 p0.3 i101 clmm s1: SUCCESS acl=13.7571/13.5143 18.4618s
[1803/8235   1162s] P16 n140 p0.3 i101 clmm s0: SUCCESS acl=13.7/13.4357 19.348s
[1804/8235   1162s] P16 n140 p0.3 i101 clmm s4: SUCCESS acl=13.7357/13.4214 18.4599s
[1805/8235   1162s] P16 n100 p0.3 i101 attraction s3: SUCCESS acl=11.62/11.01 49.537s
[1806/8235   1162s] P16 n140 p0.3 i102 template s-1: SUCCESS acl=12.85/12.85 0.0716s
[1807/8235   1163s] P16 n140 p0.3 i102 clique s-1: SUCCESS acl=13.8286/12.85 0.0204s
[1808/8235   1163s] P16 n140 p0.3 i102 pssa s0: SUCCESS acl=13.0357/13.0357 0.6582s
[1809/8235   1163s] P16 n140 p0.3 i102 pssa s1: SUCCESS acl=13.0357/13.0357 0.6478s
[1810/8235   1164s] P16 n100 p0.3 i102 attraction s3: SUCCESS acl=11.89/11.18 39.1497s
[1811/8235   1164s] P16 n140 p0.3 i102 pssa s2: SUCCESS acl=13.0357/13.0357 0.6579s
[1812/8235   1164s] P16 n140 p0.3 i102 pssa s3: SUCCESS acl=13.0357/13.0357 0.6569s
[1813/8235   1164s] P16 n140 p0.3 i101 clmm s3: SUCCESS acl=13.7143/13.4214 20.6562s
[1814/8235   1164s] P16 n140 p0.3 i102 pssa s4: SUCCESS acl=13.0357/13.0357 0.6806s
[1815/8235   1166s] P16 n100 p0.3 i102 attraction s0: SUCCESS acl=11.28/10.71 41.564s
[1816/8235   1166s] P16 n100 p0.3 i101 mmfork-cuthill s4: SUCCESS acl=10.42/10.0 60.3943s
[1817/8235   1166s] P16 n100 p0.3 i103 mmfork-cuthill s1: SUCCESS acl=11.02/10.37 37.7687s
[1818/8235   1169s] P16 n140 p0.3 i101 mmfork-cuthill s3: SUCCESS acl=17.8143/16.6 30.087s
[1819/8235   1169s] P16 n100 p0.3 i103 mmfork-cuthill s0: SUCCESS acl=11.07/10.59 41.3669s
[1820/8235   1170s] P16 n100 p0.3 i102 attraction s1: SUCCESS acl=11.44/10.9 45.3072s
[1821/8235   1171s] P16 n100 p0.3 i102 attraction s2: SUCCESS acl=11.15/10.62 46.7641s
[1822/8235   1172s] P16 n100 p0.3 i101 attraction s0: SUCCESS acl=11.4/10.74 58.9224s
[1823/8235   1172s] P16 n100 p0.3 i102 attraction s4: SUCCESS acl=11.86/11.11 47.2528s
[1824/8235   1172s] P16 n100 p0.3 i103 minorminer s1: SUCCESS acl=11.08/10.41 46.2451s
[1825/8235   1177s] P16 n140 p0.3 i102 clmm s0: SUCCESS acl=13.7643/13.3357 19.1545s
[1826/8235   1178s] P16 n140 p0.3 i102 clmm s2: SUCCESS acl=13.8286/12.85 16.8571s
[1827/8235   1179s] P16 n140 p0.3 i102 clmm s1: SUCCESS acl=13.7429/13.3571 19.1849s
[1828/8235   1181s] P16 n140 p0.3 i102 clmm s3: SUCCESS acl=13.7857/13.3929 19.4521s
[1829/8235   1182s] P16 n140 p0.3 i102 clmm s4: SUCCESS acl=13.7571/13.4571 19.6398s
[1830/8235   1182s] P16 n140 p0.3 i101 minorminer s1: SUCCESS acl=17.7929/16.4786 45.5431s
[1831/8235   1182s] P16 n100 p0.3 i103 attraction s1: SUCCESS acl=11.82/11.22 48.3095s
[1832/8235   1182s] P16 n100 p0.3 i103 attraction s4: SUCCESS acl=11.44/10.94 46.0079s
[1833/8235   1182s] P16 n140 p0.3 i103 template s-1: SUCCESS acl=12.8786/12.8786 0.0701s
[1834/8235   1182s] P16 n140 p0.3 i103 clique s-1: SUCCESS acl=13.8286/12.8786 0.0239s
[1835/8235   1183s] P16 n140 p0.3 i102 minorminer s0: SUCCESS acl=19.4/17.8214 33.3228s
[1836/8235   1183s] P16 n140 p0.3 i103 pssa s0: SUCCESS acl=13.0929/13.0929 0.6609s
[1837/8235   1183s] P16 n140 p0.3 i103 pssa s1: SUCCESS acl=13.0929/13.0929 0.673s
[1838/8235   1183s] P16 n100 p0.3 i103 attraction s0: SUCCESS acl=11.82/10.89 49.5336s
[1839/8235   1183s] P16 n140 p0.3 i103 pssa s3: SUCCESS acl=13.0929/13.0929 0.5635s
[1840/8235   1183s] P16 n140 p0.3 i103 pssa s2: SUCCESS acl=13.0929/13.0929 0.6889s
[1841/8235   1184s] P16 n140 p0.3 i103 pssa s4: SUCCESS acl=13.0929/13.0929 0.6777s
[1842/8235   1187s] P16 n140 p0.3 i101 mmfork-cuthill s2: SUCCESS acl=17.5714/16.2286 48.1284s
[1843/8235   1193s] P16 n100 p0.3 i103 attraction s2: SUCCESS acl=11.81/11.11 58.8395s
[1844/8235   1194s] P16 n100 p0.3 i103 attraction s3: SUCCESS acl=11.6/10.91 60.0518s
[1845/8235   1196s] P16 n140 p0.3 i101 minorminer s2: SUCCESS acl=17.0857/15.8143 60.0441s
[1846/8235   1197s] P16 n140 p0.3 i101 minorminer s0: SUCCESS acl=17.8429/16.6714 60.9716s
[1847/8235   1198s] P16 n140 p0.3 i102 mmfork-cuthill s0: SUCCESS acl=16.5571/15.5286 43.8781s
[1848/8235   1198s] P16 n140 p0.3 i103 clmm s0: SUCCESS acl=13.7143/13.4429 19.9744s
[1849/8235   1198s] P16 n140 p0.3 i101 minorminer s3: SUCCESS acl=18.2786/16.6 60.8072s
[1850/8235   1199s] P16 n140 p0.3 i101 minorminer s4: SUCCESS acl=16.7214/15.6214 60.7939s
[1851/8235   1199s] P16 n140 p0.3 i101 mmfork-cuthill s0: SUCCESS acl=16.5786/15.5143 60.032s
[1852/8235   1199s] P16 n140 p0.3 i103 clmm s2: SUCCESS acl=13.7714/13.4929 18.0702s
[1853/8235   1200s] P16 n140 p0.3 i102 minorminer s4: SUCCESS acl=17.3286/16.15 46.5024s
[1854/8235   1200s] P16 n140 p0.3 i103 clmm s3: SUCCESS acl=13.75/13.45 18.1518s
[1855/8235   1200s] P16 n140 p0.3 i101 mmfork-cuthill s1: SUCCESS acl=17.1071/15.9143 60.9705s
[1856/8235   1201s] P16 n140 p0.3 i103 clmm s1: SUCCESS acl=13.75/13.5286 21.4193s
[1857/8235   1202s] P16 n140 p0.3 i103 clmm s4: SUCCESS acl=13.7143/13.4786 20.1198s
[1858/8235   1203s] P16 n140 p0.3 i101 mmfork-cuthill s4: SUCCESS acl=16.55/15.6429 61.0831s
[1859/8235   1204s] P16 n180 p0.3 i101 template s-1: SUCCESS acl=16.4278/16.4278 0.1885s
[1860/8235   1204s] P16 n180 p0.3 i101 clique s-1: SUCCESS acl=16.6667/16.4278 0.0241s
[1861/8235   1205s] P16 n180 p0.3 i101 pssa s0: SUCCESS acl=16.4278/16.4278 0.6128s
[1862/8235   1205s] P16 n180 p0.3 i101 pssa s1: SUCCESS acl=16.4278/16.4278 0.6176s
[1863/8235   1206s] P16 n180 p0.3 i101 pssa s2: SUCCESS acl=16.4278/16.4278 0.6101s
[1864/8235   1207s] P16 n180 p0.3 i101 pssa s3: SUCCESS acl=16.4278/16.4278 0.6085s
[1865/8235   1207s] P16 n140 p0.3 i101 attraction s0: SUCCESS acl=19.7929/17.9929 60.0512s
[1866/8235   1207s] P16 n140 p0.3 i103 minorminer s0: SUCCESS acl=17.5643/16.2571 41.1151s
[1867/8235   1207s] P16 n180 p0.3 i101 pssa s4: SUCCESS acl=16.4278/16.4278 0.6133s
[1868/8235   1208s] P16 n140 p0.3 i101 attraction s1: SUCCESS acl=18.1643/16.9357 60.7258s
[1869/8235   1208s] P16 n140 p0.3 i101 attraction s3: SUCCESS acl=20.4357/18.7571 60.1697s
[1870/8235   1208s] P16 n140 p0.3 i101 attraction s2: SUCCESS acl=18.9571/17.6143 60.7038s
[1871/8235   1209s] P16 n140 p0.3 i101 attraction s4: SUCCESS acl=18.8429/17.4357 60.3991s
[1872/8235   1209s] P16 n140 p0.3 i102 minorminer s1: SUCCESS acl=18.5286/17.3286 60.2151s
[1873/8235   1210s] P16 n140 p0.3 i103 minorminer s3: SUCCESS acl=18.4786/17.0143 40.5125s
[1874/8235   1213s] P16 n140 p0.3 i102 minorminer s2: SUCCESS acl=17.6214/16.2714 60.8952s
[1875/8235   1213s] P16 n140 p0.3 i102 minorminer s3: SUCCESS acl=17.2071/15.9357 60.9669s
[1876/8235   1214s] P16 n140 p0.3 i102 mmfork-cuthill s1: SUCCESS acl=16.6429/15.6143 60.3268s
[1877/8235   1215s] P16 n140 p0.3 i102 mmfork-cuthill s3: SUCCESS acl=17.7214/16.6071 60.5754s
[1878/8235   1215s] P16 n140 p0.3 i102 mmfork-cuthill s2: SUCCESS acl=16.5/15.4643 60.737s
[1879/8235   1216s] P16 n140 p0.3 i102 mmfork-cuthill s4: SUCCESS acl=15.5/14.8143 61.2085s
[1880/8235   1217s] P16 n140 p0.3 i103 minorminer s1: SUCCESS acl=17.7429/16.45 50.9718s
[1881/8235   1219s] P16 n140 p0.3 i103 mmfork-cuthill s3: SUCCESS acl=17.9/16.7429 46.1365s
[1882/8235   1221s] P16 n140 p0.3 i103 mmfork-cuthill s2: SUCCESS acl=16.4714/15.5857 48.5462s
[1883/8235   1222s] P16 n140 p0.3 i103 mmfork-cuthill s0: SUCCESS acl=17.0643/15.9214 50.7551s
[1884/8235   1223s] P16 n140 p0.3 i102 attraction s0: SUCCESS acl=21.7714/19.5143 58.258s
[1885/8235   1224s] P16 n140 p0.3 i103 mmfork-cuthill s4: SUCCESS acl=17.3571/16.1714 46.6521s
[1886/8235   1224s] P16 n180 p0.3 i102 template s-1: SUCCESS acl=16.4278/16.4278 0.2425s
[1887/8235   1224s] P16 n180 p0.3 i102 clique s-1: SUCCESS acl=16.6667/16.4278 0.0195s
[1888/8235   1224s] P16 n140 p0.3 i102 attraction s1: SUCCESS acl=19.6286/17.9929 60.1437s
[1889/8235   1225s] P16 n140 p0.3 i102 attraction s3: SUCCESS acl=18.2643/16.9214 60.4004s
[1890/8235   1225s] P16 n140 p0.3 i102 attraction s2: SUCCESS acl=20.95/18.9643 60.3823s
[1891/8235   1225s] P16 n180 p0.3 i102 pssa s0: SUCCESS acl=16.4278/16.4278 0.651s
[1892/8235   1225s] P16 n180 p0.3 i102 pssa s1: SUCCESS acl=16.4278/16.4278 0.6651s
[1893/8235   1226s] P16 n180 p0.3 i102 pssa s3: SUCCESS acl=16.4278/16.4278 0.5503s
[1894/8235   1226s] P16 n180 p0.3 i102 pssa s2: SUCCESS acl=16.4278/16.4278 0.6328s
[1895/8235   1226s] P16 n180 p0.3 i102 pssa s4: SUCCESS acl=16.4278/16.4278 0.6514s
[1896/8235   1227s] P16 n140 p0.3 i102 attraction s4: SUCCESS acl=19.1143/17.3929 61.2321s
[1897/8235   1230s] P16 n140 p0.3 i103 minorminer s2: SUCCESS acl=17.6786/16.5429 60.2259s
[1898/8235   1231s] P16 n140 p0.3 i103 minorminer s4: SUCCESS acl=17.35/16.2786 61.2619s
[1899/8235   1233s] P16 n140 p0.3 i103 mmfork-cuthill s1: SUCCESS acl=17.0286/16.0143 60.7492s
[1900/8235   1237s] P16 n180 p0.3 i101 clmm s2: SUCCESS acl=16.6667/16.4278 36.6991s
[1901/8235   1238s] P16 n180 p0.3 i101 clmm s3: SUCCESS acl=16.6667/16.4278 36.5852s
[1902/8235   1238s] P16 n180 p0.3 i101 clmm s0: SUCCESS acl=16.6667/16.4278 37.7348s
[1903/8235   1238s] P16 n180 p0.3 i101 clmm s1: SUCCESS acl=16.6556/16.4222 38.1371s
[1904/8235   1239s] P16 n180 p0.3 i101 clmm s4: SUCCESS acl=16.6667/16.4278 36.7798s
[1905/8235   1244s] P16 n140 p0.3 i103 attraction s0: SUCCESS acl=18.5/17.3143 60.3005s
[1906/8235   1244s] P16 n140 p0.3 i103 attraction s2: SUCCESS acl=20.1071/18.4643 60.3224s
[1907/8235   1244s] P16 n140 p0.3 i103 attraction s3: SUCCESS acl=19.2571/17.8214 60.4139s
[1908/8235   1245s] P16 n140 p0.3 i103 attraction s1: SUCCESS acl=20.2714/18.3286 60.934s
[1909/8235   1245s] P16 n180 p0.3 i101 mmfork-cuthill s4: SUCCESS acl=22.9556/21.4778 44.8563s
[1910/8235   1248s] P16 n140 p0.3 i103 attraction s4: SUCCESS acl=19.3214/17.5571 60.1667s
[1911/8235   1253s] P16 n180 p0.3 i101 minorminer s1: SUCCESS acl=21.6444/20.3 58.0445s
[1912/8235   1254s] P16 n180 p0.3 i101 minorminer s0: SUCCESS acl=24.0111/22.1778 60.7552s
[1913/8235   1254s] P16 n180 p0.3 i103 template s-1: SUCCESS acl=16.3667/16.3667 0.1243s
[1914/8235   1254s] P16 n180 p0.3 i103 clique s-1: SUCCESS acl=16.6667/16.3667 0.0194s
[1915/8235   1255s] P16 n180 p0.3 i102 clmm s0: SUCCESS acl=16.6667/16.4278 37.172s
[1916/8235   1255s] P16 n180 p0.3 i103 pssa s0: SUCCESS acl=16.3667/16.3667 0.5201s
[1917/8235   1255s] P16 n180 p0.3 i103 pssa s1: SUCCESS acl=16.3667/16.3667 0.4987s
[1918/8235   1256s] P16 n180 p0.3 i103 pssa s2: SUCCESS acl=16.3667/16.3667 0.5285s
[1919/8235   1256s] P16 n180 p0.3 i103 pssa s3: SUCCESS acl=16.3667/16.3667 0.488s
[1920/8235   1256s] P16 n180 p0.3 i103 pssa s4: SUCCESS acl=16.3667/16.3667 0.5266s
[1921/8235   1258s] P16 n180 p0.3 i102 clmm s2: SUCCESS acl=16.6667/16.4278 36.6902s
[1922/8235   1258s] P16 n180 p0.3 i101 minorminer s4: SUCCESS acl=24.9944/22.9833 60.0635s
[1923/8235   1259s] P16 n180 p0.3 i102 clmm s3: SUCCESS acl=16.6667/16.4278 36.1402s
[1924/8235   1259s] P16 n180 p0.3 i101 mmfork-cuthill s0: SUCCESS acl=20.8778/19.6222 60.9433s
[1925/8235   1259s] P16 n180 p0.3 i101 minorminer s2: FAILURE  62.666s
[1926/8235   1260s] P16 n180 p0.3 i102 clmm s1: SUCCESS acl=16.65/16.4167 40.5889s
[1927/8235   1260s] P16 n180 p0.3 i101 minorminer s3: FAILURE  62.4111s
[1928/8235   1260s] P16 n180 p0.3 i102 clmm s4: SUCCESS acl=16.6667/16.4278 36.9521s
[1929/8235   1260s] P16 n180 p0.3 i101 mmfork-cuthill s1: SUCCESS acl=25.9944/23.6111 60.5034s
[1930/8235   1260s] P16 n180 p0.3 i101 mmfork-cuthill s2: SUCCESS acl=25.6833/24.0556 60.6881s
[1931/8235   1260s] P16 n180 p0.3 i101 mmfork-cuthill s3: SUCCESS acl=24.0056/22.15 60.4507s
[1932/8235   1270s] P16 n180 p0.3 i102 minorminer s0: SUCCESS acl=23.7056/21.8611 60.5318s
[1933/8235   1270s] P16 n180 p0.3 i102 minorminer s1: SUCCESS acl=22.6444/20.9278 60.0486s
[1934/8235   1270s] P16 n180 p0.3 i102 minorminer s2: SUCCESS acl=24.9333/23.1056 60.0815s
[1935/8235   1272s] P16 n180 p0.3 i101 attraction s0: FAILURE  64.856s
[1936/8235   1272s] P16 n180 p0.3 i101 attraction s1: FAILURE  65.1264s
[1937/8235   1272s] P16 n180 p0.3 i101 attraction s2: FAILURE  64.9529s
[1938/8235   1273s] P16 n180 p0.3 i101 attraction s3: FAILURE  65.1328s
[1939/8235   1273s] P16 n180 p0.3 i101 attraction s4: FAILURE  64.9167s
[1940/8235   1273s] P16 n240 p0.3 i101 template s-1: INFEASIBLE  0.0s
[1941/8235   1273s] P16 n240 p0.3 i101 clique s-1: FAILURE  0.0207s
[1942/8235   1274s] P16 n180 p0.3 i102 minorminer s4: SUCCESS acl=24.9111/23.2167 60.684s
[1943/8235   1275s] P16 n180 p0.3 i102 minorminer s3: FAILURE  64.5063s
[1944/8235   1276s] P16 n180 p0.3 i102 mmfork-cuthill s2: SUCCESS acl=23.4611/21.5667 60.5566s
[1945/8235   1276s] P16 n180 p0.3 i102 mmfork-cuthill s3: SUCCESS acl=23.0444/21.5833 60.9561s
[1946/8235   1277s] P16 n180 p0.3 i102 mmfork-cuthill s1: FAILURE  62.5185s
[1947/8235   1278s] P16 n180 p0.3 i102 mmfork-cuthill s0: FAILURE  64.6278s
[1948/8235   1278s] P16 n180 p0.3 i103 clmm s0: SUCCESS acl=16.6667/16.3667 33.5265s
[1949/8235   1280s] P16 n180 p0.3 i102 mmfork-cuthill s4: FAILURE  64.2974s
[1950/8235   1281s] P16 n180 p0.3 i103 clmm s1: SUCCESS acl=16.6611/16.3722 36.4002s
[1951/8235   1283s] P16 n180 p0.3 i103 clmm s2: SUCCESS acl=16.6611/16.3611 37.833s
[1952/8235   1287s] P16 n180 p0.3 i103 clmm s3: SUCCESS acl=16.6611/16.3667 38.5154s
[1953/8235   1291s] P16 n180 p0.3 i102 attraction s1: FAILURE  65.0384s
[1954/8235   1291s] P16 n180 p0.3 i103 minorminer s0: SUCCESS acl=25.9444/24.0056 60.4208s
[1955/8235   1291s] P16 n180 p0.3 i102 attraction s3: FAILURE  65.1313s
[1956/8235   1291s] P16 n180 p0.3 i103 mmfork-cuthill s3: SUCCESS acl=23.7944/21.8333 46.7372s
[1957/8235   1292s] P16 n180 p0.3 i102 attraction s4: FAILURE  64.6851s
[1958/8235   1292s] P16 n180 p0.3 i103 minorminer s1: SUCCESS acl=22.0833/20.5 60.5528s
[1959/8235   1292s] P16 n180 p0.3 i102 attraction s0: FAILURE  67.1524s
[1960/8235   1293s] P16 n180 p0.3 i102 attraction s2: FAILURE  67.0725s
[1961/8235   1296s] P16 n180 p0.3 i103 minorminer s2: FAILURE  63.4432s
[1962/8235   1299s] P16 n180 p0.3 i103 mmfork-cuthill s0: SUCCESS acl=23.8778/21.9389 60.588s
[1963/8235   1299s] P16 n180 p0.3 i103 mmfork-cuthill s1: SUCCESS acl=24.1889/22.2056 60.1194s
[1964/8235   1300s] P16 n180 p0.3 i103 minorminer s3: FAILURE  62.6864s
[1965/8235   1301s] P16 n180 p0.3 i103 minorminer s4: FAILURE  62.7805s
[1966/8235   1301s] P16 n180 p0.3 i103 mmfork-cuthill s2: SUCCESS acl=23.1889/21.4 61.0168s
[1967/8235   1301s] P16 n240 p0.3 i102 template s-1: INFEASIBLE  0.0s
[1968/8235   1301s] P16 n240 p0.3 i102 clique s-1: FAILURE  0.0216s
[1969/8235   1305s] P16 n180 p0.3 i103 mmfork-cuthill s4: SUCCESS acl=22.3833/20.8778 60.9438s
[1970/8235   1313s] P16 n180 p0.3 i103 clmm s4: SUCCESS acl=16.1889/16.1389 59.7879s
[1971/8235   1322s] P16 n180 p0.3 i103 attraction s0: FAILURE  66.2375s
[1972/8235   1322s] P16 n180 p0.3 i103 attraction s1: FAILURE  65.9637s
[1973/8235   1322s] P16 n180 p0.3 i103 attraction s2: FAILURE  64.6821s
[1974/8235   1323s] P16 n180 p0.3 i103 attraction s4: FAILURE  64.6446s
[1975/8235   1324s] P16 n240 p0.3 i101 minorminer s3: FAILURE  64.3971s
[1976/8235   1324s] P16 n240 p0.3 i101 minorminer s4: FAILURE  64.6659s
[1977/8235   1325s] P16 n180 p0.3 i103 attraction s3: FAILURE  66.9708s
[1978/8235   1325s] P16 n240 p0.3 i101 minorminer s0: FAILURE  66.2634s
[1979/8235   1326s] P16 n240 p0.3 i101 minorminer s1: FAILURE  66.454s
[1980/8235   1326s] P16 n240 p0.3 i101 mmfork-cuthill s1: FAILURE  65.8301s
[1981/8235   1326s] P16 n240 p0.3 i101 minorminer s2: FAILURE  66.0358s
[1982/8235   1326s] P16 n240 p0.3 i101 mmfork-cuthill s2: FAILURE  66.3363s
[1983/8235   1327s] P16 n240 p0.3 i101 mmfork-cuthill s0: FAILURE  66.8107s
[1984/8235   1336s] P16 n240 p0.3 i101 mmfork-cuthill s3: FAILURE  65.9791s
[1985/8235   1336s] P16 n240 p0.3 i101 mmfork-cuthill s4: FAILURE  66.1441s
[1986/8235   1337s] P16 n240 p0.3 i101 pssa s1: FAILURE  62.9579s
[1987/8235   1338s] P16 n240 p0.3 i101 pssa s0: FAILURE  64.6317s
[1988/8235   1338s] P16 n240 p0.3 i101 clmm s0: FAILURE  67.7457s
[1989/8235   1338s] P16 n240 p0.3 i101 pssa s3: FAILURE  62.5529s
[1990/8235   1338s] P16 n240 p0.3 i101 clmm s1: FAILURE  66.7476s
[1991/8235   1339s] P16 n240 p0.3 i101 clmm s3: FAILURE  66.6543s
[1992/8235   1341s] P16 n240 p0.3 i101 pssa s2: FAILURE  66.3421s
[1993/8235   1342s] P16 n240 p0.3 i101 clmm s2: FAILURE  69.2948s
[1994/8235   1342s] P16 n240 p0.3 i103 template s-1: INFEASIBLE  0.0s
[1995/8235   1342s] P16 n240 p0.3 i103 clique s-1: FAILURE  0.0193s
[1996/8235   1343s] P16 n240 p0.3 i101 clmm s4: FAILURE  69.8636s
[1997/8235   1345s] P16 n240 p0.3 i101 pssa s4: FAILURE  68.0395s
[1998/8235   1345s] P16 n240 p0.3 i101 attraction s0: FAILURE  68.0041s
[1999/8235   1347s] P16 n240 p0.3 i101 attraction s2: FAILURE  69.0294s
[2000/8235   1347s] P16 n240 p0.3 i102 minorminer s0: FAILURE  64.2866s
[2001/8235   1348s] P16 n240 p0.3 i101 attraction s1: FAILURE  69.8554s
[2002/8235   1350s] P16 n240 p0.3 i101 attraction s4: FAILURE  68.2588s
[2003/8235   1350s] P16 n240 p0.3 i101 attraction s3: FAILURE  70.0469s
[2004/8235   1352s] P16 n240 p0.3 i102 minorminer s1: FAILURE  65.4109s
[2005/8235   1355s] P16 n240 p0.3 i102 mmfork-cuthill s0: FAILURE  64.4226s
[2006/8235   1356s] P16 n240 p0.3 i102 minorminer s2: FAILURE  65.0185s
[2007/8235   1356s] P16 n240 p0.3 i102 minorminer s3: FAILURE  64.934s
[2008/8235   1356s] P16 n240 p0.3 i102 minorminer s4: FAILURE  64.8472s
[2009/8235   1357s] P16 n240 p0.3 i102 mmfork-cuthill s4: FAILURE  64.5456s
[2010/8235   1359s] P16 n240 p0.3 i102 mmfork-cuthill s2: FAILURE  66.3453s
[2011/8235   1359s] P16 n240 p0.3 i102 mmfork-cuthill s1: FAILURE  66.962s
[2012/8235   1359s] P16 n240 p0.3 i102 mmfork-cuthill s3: FAILURE  66.6583s
[2013/8235   1364s] P16 n240 p0.3 i102 clmm s0: FAILURE  67.4555s
[2014/8235   1364s] P16 n240 p0.3 i102 pssa s0: FAILURE  62.8939s
[2015/8235   1367s] P16 n240 p0.3 i102 clmm s2: FAILURE  67.2422s
[2016/8235   1367s] P16 n240 p0.3 i102 clmm s1: FAILURE  67.7533s
[2017/8235   1367s] P16 n240 p0.3 i102 pssa s1: FAILURE  61.6411s
[2018/8235   1368s] P16 n240 p0.3 i102 clmm s3: FAILURE  67.982s
[2019/8235   1368s] P16 n240 p0.3 i102 clmm s4: FAILURE  67.2652s
[2020/8235   1374s] P16 n240 p0.3 i102 pssa s2: FAILURE  61.3231s
[2021/8235   1374s] P16 n300 p0.3 i101 template s-1: INFEASIBLE  0.0s
[2022/8235   1374s] P16 n300 p0.3 i101 clique s-1: FAILURE  0.0197s
[2023/8235   1386s] P16 n240 p0.3 i102 pssa s4: FAILURE  63.3468s
[2024/8235   1387s] P16 n240 p0.3 i103 minorminer s1: FAILURE  61.1687s
[2025/8235   1389s] P16 n240 p0.3 i102 pssa s3: FAILURE  66.52s
[2026/8235   1390s] P16 n240 p0.3 i103 minorminer s0: FAILURE  64.5151s
[2027/8235   1391s] P16 n240 p0.3 i103 minorminer s3: FAILURE  65.1547s
[2028/8235   1391s] P16 n240 p0.3 i103 minorminer s2: FAILURE  65.263s
[2029/8235   1392s] P16 n240 p0.3 i102 attraction s0: FAILURE  69.2979s
[2030/8235   1393s] P16 n240 p0.3 i103 minorminer s4: FAILURE  66.4195s
[2031/8235   1393s] P16 n240 p0.3 i102 attraction s1: FAILURE  70.044s
[2032/8235   1393s] P16 n240 p0.3 i103 mmfork-cuthill s0: FAILURE  66.8275s
[2033/8235   1394s] P16 n240 p0.3 i102 attraction s4: FAILURE  68.2678s
[2034/8235   1394s] P16 n240 p0.3 i102 attraction s3: FAILURE  69.582s
[2035/8235   1394s] P16 n240 p0.3 i102 attraction s2: FAILURE  70.0862s
[2036/8235   1401s] P16 n240 p0.3 i103 mmfork-cuthill s2: FAILURE  64.463s
[2037/8235   1402s] P16 n240 p0.3 i103 mmfork-cuthill s1: FAILURE  66.0604s
[2038/8235   1402s] P16 n240 p0.3 i103 mmfork-cuthill s3: FAILURE  64.7462s
[2039/8235   1403s] P16 n240 p0.3 i103 pssa s0: FAILURE  61.1597s
[2040/8235   1404s] P16 n240 p0.3 i103 mmfork-cuthill s4: FAILURE  66.0904s
[2041/8235   1406s] P16 n240 p0.3 i103 clmm s0: FAILURE  67.6805s
[2042/8235   1407s] P16 n240 p0.3 i103 clmm s1: FAILURE  68.8883s
[2043/8235   1407s] P16 n240 p0.3 i103 pssa s2: FAILURE  62.8014s
[2044/8235   1407s] P16 n240 p0.3 i103 pssa s1: FAILURE  64.3702s
[2045/8235   1408s] P16 n240 p0.3 i103 clmm s2: FAILURE  69.5747s
[2046/8235   1408s] P16 n240 p0.3 i103 clmm s3: FAILURE  69.1167s
[2047/8235   1409s] P16 n240 p0.3 i103 clmm s4: FAILURE  68.0922s
[2048/8235   1409s] P16 n300 p0.3 i102 template s-1: INFEASIBLE  0.0s
[2049/8235   1409s] P16 n300 p0.3 i102 clique s-1: FAILURE  0.0216s
[2050/8235   1409s] P16 n240 p0.3 i103 pssa s3: FAILURE  64.5745s
[2051/8235   1410s] P16 n240 p0.3 i103 pssa s4: FAILURE  63.3033s
[2052/8235   1417s] P16 n240 p0.3 i103 attraction s1: FAILURE  69.1733s
[2053/8235   1417s] P16 n240 p0.3 i103 attraction s0: FAILURE  70.3113s
[2054/8235   1418s] P16 n240 p0.3 i103 attraction s3: FAILURE  68.2577s
[2055/8235   1419s] P16 n240 p0.3 i103 attraction s2: FAILURE  69.2094s
[2056/8235   1421s] P16 n300 p0.3 i101 minorminer s3: FAILURE  64.996s
[2057/8235   1421s] P16 n240 p0.3 i103 attraction s4: FAILURE  69.2511s
[2058/8235   1422s] P16 n300 p0.3 i101 minorminer s0: FAILURE  67.0337s
[2059/8235   1424s] P16 n300 p0.3 i101 minorminer s1: FAILURE  68.7542s
[2060/8235   1425s] P16 n300 p0.3 i101 minorminer s4: FAILURE  67.9026s
[2061/8235   1425s] P16 n300 p0.3 i101 minorminer s2: FAILURE  69.5963s
[2062/8235   1426s] P16 n300 p0.3 i101 mmfork-cuthill s2: FAILURE  67.0477s
[2063/8235   1428s] P16 n300 p0.3 i101 mmfork-cuthill s1: FAILURE  68.9938s
[2064/8235   1429s] P16 n300 p0.3 i101 mmfork-cuthill s0: FAILURE  70.2576s
[2065/8235   1431s] P16 n300 p0.3 i101 mmfork-cuthill s3: FAILURE  67.1695s
[2066/8235   1431s] P16 n300 p0.3 i101 mmfork-cuthill s4: FAILURE  67.4603s
[2067/8235   1438s] P16 n300 p0.3 i101 clmm s3: FAILURE  70.1193s
[2068/8235   1439s] P16 n300 p0.3 i101 clmm s0: FAILURE  72.3435s
[2069/8235   1440s] P16 n300 p0.3 i101 clmm s2: FAILURE  72.7646s
[2070/8235   1441s] P16 n300 p0.3 i101 clmm s1: FAILURE  73.7721s
[2071/8235   1441s] P16 n300 p0.3 i101 pssa s0: FAILURE  66.8799s
[2072/8235   1442s] P16 n300 p0.3 i101 clmm s4: FAILURE  73.7991s
[2073/8235   1448s] P16 n300 p0.3 i101 pssa s2: FAILURE  61.4084s
[2074/8235   1453s] P16 n300 p0.3 i101 pssa s1: FAILURE  67.3137s
[2075/8235   1453s] P16 n300 p0.3 i103 template s-1: INFEASIBLE  0.0s
[2076/8235   1453s] P16 n300 p0.3 i103 clique s-1: FAILURE  0.0226s
[2077/8235   1454s] P16 n300 p0.3 i101 pssa s3: FAILURE  64.9321s
[2078/8235   1456s] P16 n300 p0.3 i101 pssa s4: FAILURE  66.3218s
[2079/8235   1460s] P16 n300 p0.3 i102 minorminer s0: FAILURE  66.1357s
[2080/8235   1461s] P16 n300 p0.3 i102 minorminer s2: FAILURE  67.1253s
[2081/8235   1462s] P16 n300 p0.3 i102 minorminer s1: FAILURE  68.7592s
[2082/8235   1465s] P16 n300 p0.3 i101 attraction s1: FAILURE  73.9674s
[2083/8235   1465s] P16 n300 p0.3 i102 mmfork-cuthill s1: FAILURE  63.5646s
[2084/8235   1465s] P16 n300 p0.3 i102 minorminer s3: FAILURE  70.9621s
[2085/8235   1466s] P16 n300 p0.3 i101 attraction s4: FAILURE  72.8946s
[2086/8235   1467s] P16 n300 p0.3 i101 attraction s0: FAILURE  76.1013s
[2087/8235   1468s] P16 n300 p0.3 i102 mmfork-cuthill s0: FAILURE  66.2799s
[2088/8235   1469s] P16 n300 p0.3 i101 attraction s2: FAILURE  76.8575s
[2089/8235   1469s] P16 n60 p0.2 i101 minorminer s0: SUCCESS acl=4.5833/4.5167 1.7167s
[2090/8235   1469s] P16 n300 p0.3 i102 mmfork-cuthill s2: FAILURE  66.2091s
[2091/8235   1470s] P16 n300 p0.3 i102 minorminer s4: FAILURE  68.8208s
[2092/8235   1470s] P16 n300 p0.3 i101 attraction s3: FAILURE  77.1362s
[2093/8235   1470s] P16 n60 p0.2 i101 minorminer s3: SUCCESS acl=4.65/4.5333 1.3889s
[2094/8235   1470s] P16 n60 p0.2 i101 minorminer s4: SUCCESS acl=4.4667/4.3667 1.2925s
[2095/8235   1470s] P16 n60 p0.2 i101 minorminer s2: SUCCESS acl=4.4667/4.4167 1.9138s
[2096/8235   1471s] P16 n60 p0.2 i101 minorminer s1: SUCCESS acl=4.1333/4.1 2.6883s
[2097/8235   1471s] P16 n60 p0.2 i101 mmfork-cuthill s0: SUCCESS acl=4.9833/4.8333 1.1236s
[2098/8235   1471s] P16 n60 p0.2 i101 clmm s1: SUCCESS acl=5.05/4.9333 0.6254s
[2099/8235   1472s] P16 n60 p0.2 i101 mmfork-cuthill s1: SUCCESS acl=4.35/4.25 1.7928s
[2100/8235   1472s] P16 n60 p0.2 i101 clmm s0: SUCCESS acl=4.7/4.6167 1.438s
[2101/8235   1472s] P16 n300 p0.3 i102 mmfork-cuthill s3: FAILURE  68.224s
[2102/8235   1472s] P16 n60 p0.2 i101 template s-1: SUCCESS acl=5.8833/5.8833 0.0054s
[2103/8235   1472s] P16 n60 p0.2 i101 clique s-1: SUCCESS acl=6.8/5.8833 0.0221s
[2104/8235   1472s] P16 n60 p0.2 i101 mmfork-cuthill s4: SUCCESS acl=4.55/4.45 1.7649s
[2105/8235   1472s] P16 n60 p0.2 i101 clmm s2: SUCCESS acl=5.2167/5.1167 0.7648s
[2106/8235   1472s] P16 n300 p0.3 i102 pssa s2: FAILURE  61.9241s
[2107/8235   1472s] P16 n60 p0.2 i101 mmfork-cuthill s2: SUCCESS acl=4.7167/4.6167 2.2458s
[2108/8235   1473s] P16 n60 p0.2 i101 mmfork-cuthill s3: SUCCESS acl=4.4333/4.4167 2.2254s
[2109/8235   1473s] P16 n60 p0.2 i101 pssa s1: SUCCESS acl=6.05/5.95 0.3519s
[2110/8235   1473s] P16 n60 p0.2 i101 pssa s2: SUCCESS acl=6.05/5.95 0.3557s
[2111/8235   1473s] P16 n60 p0.2 i101 pssa s0: SUCCESS acl=6.05/5.95 0.4487s
[2112/8235   1473s] P16 n60 p0.2 i101 pssa s3: SUCCESS acl=6.05/5.95 0.3534s
[2113/8235   1473s] P16 n60 p0.2 i101 pssa s4: SUCCESS acl=6.05/5.95 0.3525s
[2114/8235   1473s] P16 n60 p0.2 i101 clmm s4: SUCCESS acl=4.8833/4.85 0.6664s
[2115/8235   1473s] P16 n60 p0.2 i101 clmm s3: SUCCESS acl=4.8333/4.7333 1.1385s
[2116/8235   1474s] P16 n300 p0.3 i102 pssa s1: FAILURE  64.6058s
[2117/8235   1474s] P16 n60 p0.2 i102 minorminer s0: SUCCESS acl=4.3333/4.2167 1.4847s
[2118/8235   1474s] P16 n60 p0.2 i102 minorminer s1: SUCCESS acl=4.15/4.05 1.5534s
[2119/8235   1475s] P16 n60 p0.2 i102 minorminer s2: SUCCESS acl=4.1333/4.0667 1.607s
[2120/8235   1475s] P16 n60 p0.2 i102 minorminer s3: SUCCESS acl=4.4667/4.4 0.859s
[2121/8235   1475s] P16 n60 p0.2 i102 minorminer s4: SUCCESS acl=4.6/4.45 0.955s
[2122/8235   1476s] P16 n300 p0.3 i102 mmfork-cuthill s4: FAILURE  70.3922s
[2123/8235   1476s] P16 n60 p0.2 i102 mmfork-cuthill s0: SUCCESS acl=4.5333/4.45 1.8574s
[2124/8235   1476s] P16 n60 p0.2 i102 mmfork-cuthill s2: SUCCESS acl=4.5833/4.4833 1.4608s
[2125/8235   1477s] P16 n60 p0.2 i102 mmfork-cuthill s3: SUCCESS acl=4.7833/4.5667 1.4853s
[2126/8235   1477s] P16 n60 p0.2 i102 mmfork-cuthill s1: SUCCESS acl=4.5667/4.4667 2.2063s
[2127/8235   1477s] P16 n60 p0.2 i101 attraction s1: SUCCESS acl=4.5667/4.5333 4.4938s
[2128/8235   1478s] P16 n60 p0.2 i102 clmm s1: SUCCESS acl=4.75/4.6667 1.2033s
[2129/8235   1478s] P16 n60 p0.2 i102 template s-1: SUCCESS acl=5.6333/5.6333 0.0073s
[2130/8235   1478s] P16 n60 p0.2 i102 clique s-1: SUCCESS acl=6.8/5.6333 0.021s
[2131/8235   1478s] P16 n60 p0.2 i102 mmfork-cuthill s4: SUCCESS acl=4.2667/4.2167 1.4798s
[2132/8235   1478s] P16 n60 p0.2 i102 clmm s2: SUCCESS acl=4.3667/4.35 0.984s
[2133/8235   1478s] P16 n60 p0.2 i101 attraction s0: SUCCESS acl=4.3333/4.2333 5.1783s
[2134/8235   1478s] P16 n60 p0.2 i102 clmm s0: SUCCESS acl=4.5/4.4333 1.5686s
[2135/8235   1478s] P16 n300 p0.3 i102 pssa s0: FAILURE  68.6533s
[2136/8235   1478s] P16 n60 p0.2 i102 pssa s1: SUCCESS acl=5.7833/5.7833 0.352s
[2137/8235   1478s] P16 n60 p0.2 i102 pssa s2: SUCCESS acl=5.7833/5.7833 0.3895s
[2138/8235   1478s] P16 n60 p0.2 i101 attraction s4: SUCCESS acl=4.4/4.2833 5.4195s
[2139/8235   1478s] P16 n60 p0.2 i102 pssa s0: SUCCESS acl=5.7833/5.7833 0.4608s
[2140/8235   1478s] P16 n60 p0.2 i102 pssa s4: SUCCESS acl=5.7833/5.7833 0.3464s
[2141/8235   1478s] P16 n60 p0.2 i102 pssa s3: SUCCESS acl=5.7833/5.7833 0.3504s
[2142/8235   1478s] P16 n60 p0.2 i102 clmm s4: SUCCESS acl=4.4167/4.3667 1.1023s
[2143/8235   1478s] P16 n60 p0.2 i101 attraction s3: SUCCESS acl=4.2667/4.2333 5.6231s
[2144/8235   1478s] P16 n60 p0.2 i101 attraction s2: SUCCESS acl=4.1167/4.0833 5.6453s
[2145/8235   1478s] P16 n60 p0.2 i102 clmm s3: SUCCESS acl=4.35/4.3 1.5861s
[2146/8235   1479s] P16 n300 p0.3 i102 clmm s2: FAILURE  71.183s
[2147/8235   1479s] P16 n300 p0.3 i102 clmm s0: FAILURE  71.9427s
[2148/8235   1479s] P16 n60 p0.2 i103 minorminer s0: SUCCESS acl=4.7333/4.5833 1.2507s
[2149/8235   1480s] P16 n60 p0.2 i103 mmfork-cuthill s0: SUCCESS acl=4.9167/4.6667 1.2453s
[2150/8235   1480s] P16 n60 p0.2 i103 minorminer s3: SUCCESS acl=4.4333/4.3833 1.3787s
[2151/8235   1480s] P16 n60 p0.2 i103 minorminer s4: SUCCESS acl=4.4833/4.3333 1.5902s
[2152/8235   1480s] P16 n60 p0.2 i103 minorminer s1: SUCCESS acl=4.5333/4.45 1.8027s
[2153/8235   1480s] P16 n60 p0.2 i103 minorminer s2: SUCCESS acl=4.45/4.3667 1.7544s
[2154/8235   1480s] P16 n300 p0.3 i102 clmm s3: FAILURE  72.156s
[2155/8235   1481s] P16 n60 p0.2 i103 clmm s1: SUCCESS acl=5.15/5.0333 0.6723s
[2156/8235   1481s] P16 n60 p0.2 i103 template s-1: SUCCESS acl=5.85/5.85 0.0073s
[2157/8235   1481s] P16 n60 p0.2 i103 clique s-1: SUCCESS acl=6.8/5.85 0.0224s
[2158/8235   1481s] P16 n60 p0.2 i103 mmfork-cuthill s4: SUCCESS acl=5.1333/4.95 1.065s
[2159/8235   1481s] P16 n60 p0.2 i103 mmfork-cuthill s2: SUCCESS acl=4.7667/4.5667 1.5031s
[2160/8235   1481s] P16 n300 p0.3 i102 clmm s4: FAILURE  72.5969s
[2161/8235   1481s] P16 n60 p0.2 i103 clmm s0: SUCCESS acl=4.8/4.7833 1.2418s
[2162/8235   1481s] P16 n60 p0.2 i103 clmm s2: SUCCESS acl=4.85/4.6833 1.0173s
[2163/8235   1481s] P16 n60 p0.2 i103 pssa s0: SUCCESS acl=5.85/5.85 0.3468s
[2164/8235   1481s] P16 n60 p0.2 i103 pssa s1: SUCCESS acl=5.85/5.85 0.3524s
[2165/8235   1481s] P16 n60 p0.2 i103 pssa s2: SUCCESS acl=5.85/5.85 0.3484s
[2166/8235   1481s] P16 n60 p0.2 i103 pssa s3: SUCCESS acl=5.85/5.85 0.4466s
[2167/8235   1481s] P16 n60 p0.2 i103 pssa s4: SUCCESS acl=5.85/5.85 0.4466s
[2168/8235   1482s] P16 n60 p0.2 i103 mmfork-cuthill s1: SUCCESS acl=4.2667/4.2 2.9741s
[2169/8235   1482s] P16 n300 p0.3 i102 clmm s1: FAILURE  74.3286s
[2170/8235   1482s] P16 n60 p0.2 i103 mmfork-cuthill s3: SUCCESS acl=4.4/4.3333 2.403s
[2171/8235   1482s] P16 n60 p0.2 i103 clmm s4: SUCCESS acl=4.6167/4.5333 1.5447s
[2172/8235   1482s] P16 n60 p0.2 i103 clmm s3: SUCCESS acl=4.9833/4.85 1.9617s
[2173/8235   1483s] P16 n300 p0.3 i102 pssa s3: FAILURE  65.9308s
[2174/8235   1483s] P16 n60 p0.2 i102 attraction s2: SUCCESS acl=4.4833/4.3 4.7433s
[2175/8235   1483s] P16 n60 p0.2 i102 attraction s0: SUCCESS acl=4.4333/4.3333 5.0116s
[2176/8235   1483s] P16 n60 p0.2 i102 attraction s1: SUCCESS acl=4.4833/4.3833 5.0368s
[2177/8235   1483s] P16 n60 p0.2 i102 attraction s3: SUCCESS acl=4.3667/4.2667 5.3128s
[2178/8235   1484s] P16 n60 p0.2 i102 attraction s4: SUCCESS acl=4.1833/4.1333 5.5739s
[2179/8235   1484s] P16 n300 p0.3 i102 pssa s4: FAILURE  66.5852s
[2180/8235   1485s] P16 n60 p0.2 i103 attraction s2: SUCCESS acl=4.5667/4.4667 4.4166s
[2181/8235   1486s] P16 n60 p0.2 i103 attraction s4: SUCCESS acl=4.4167/4.3167 4.8273s
[2182/8235   1486s] P16 n60 p0.2 i103 attraction s0: SUCCESS acl=4.3167/4.2667 5.4381s
[2183/8235   1486s] P16 n100 p0.2 i101 template s-1: SUCCESS acl=9.2/9.2 0.0257s
[2184/8235   1487s] P16 n100 p0.2 i101 clique s-1: SUCCESS acl=9.82/9.2 0.0214s
[2185/8235   1487s] P16 n60 p0.2 i103 attraction s1: SUCCESS acl=4.4333/4.3333 5.6275s
[2186/8235   1487s] P16 n60 p0.2 i103 attraction s3: SUCCESS acl=4.3/4.25 5.7271s
[2187/8235   1487s] P16 n100 p0.2 i101 pssa s0: SUCCESS acl=9.35/9.35 0.4969s
[2188/8235   1487s] P16 n100 p0.2 i101 pssa s1: SUCCESS acl=9.35/9.35 0.5749s
[2189/8235   1487s] P16 n100 p0.2 i101 pssa s2: SUCCESS acl=9.35/9.35 0.495s
[2190/8235   1488s] P16 n100 p0.2 i101 pssa s3: SUCCESS acl=9.35/9.35 0.504s
[2191/8235   1488s] P16 n100 p0.2 i101 clmm s0: SUCCESS acl=8.87/8.74 4.1649s
[2192/8235   1488s] P16 n100 p0.2 i101 pssa s4: SUCCESS acl=9.35/9.35 0.5792s
[2193/8235   1490s] P16 n100 p0.2 i101 clmm s1: SUCCESS acl=8.61/8.58 6.2982s
[2194/8235   1491s] P16 n100 p0.2 i101 clmm s3: SUCCESS acl=8.74/8.7 5.2162s
[2195/8235   1492s] P16 n300 p0.3 i102 attraction s1: FAILURE  73.1527s
[2196/8235   1492s] P16 n300 p0.3 i103 minorminer s0: FAILURE  67.5626s
[2197/8235   1492s] P16 n300 p0.3 i102 attraction s0: FAILURE  73.7912s
[2198/8235   1493s] P16 n100 p0.2 i101 clmm s2: SUCCESS acl=8.7/8.64 9.096s
[2199/8235   1494s] P16 n100 p0.2 i101 clmm s4: SUCCESS acl=8.75/8.7 7.8889s
[2200/8235   1494s] P16 n300 p0.3 i103 minorminer s1: FAILURE  68.9703s
[2201/8235   1495s] P16 n300 p0.3 i102 attraction s3: FAILURE  73.3063s
[2202/8235   1495s] P16 n300 p0.3 i102 attraction s2: FAILURE  73.8884s
[2203/8235   1495s] P16 n300 p0.3 i102 attraction s4: FAILURE  72.8974s
[2204/8235   1496s] P16 n100 p0.2 i101 minorminer s4: SUCCESS acl=10.14/9.72 13.6408s
[2205/8235   1496s] P16 n300 p0.3 i103 minorminer s3: FAILURE  69.578s
[2206/8235   1496s] P16 n100 p0.2 i101 mmfork-cuthill s2: SUCCESS acl=9.66/9.18 12.9709s
[2207/8235   1496s] P16 n300 p0.3 i103 minorminer s2: FAILURE  70.5533s
[2208/8235   1496s] P16 n300 p0.3 i103 minorminer s4: FAILURE  67.9963s
[2209/8235   1497s] P16 n100 p0.2 i101 minorminer s2: SUCCESS acl=10.19/9.72 15.0076s
[2210/8235   1497s] P16 n100 p0.2 i102 template s-1: SUCCESS acl=9.13/9.13 0.0254s
[2211/8235   1497s] P16 n100 p0.2 i101 minorminer s3: SUCCESS acl=10.13/9.67 14.9526s
[2212/8235   1497s] P16 n100 p0.2 i102 clique s-1: SUCCESS acl=9.82/9.13 0.0219s
[2213/8235   1497s] P16 n100 p0.2 i101 mmfork-cuthill s4: SUCCESS acl=9.58/9.29 13.9186s
[2214/8235   1497s] P16 n100 p0.2 i101 mmfork-cuthill s1: SUCCESS acl=9.77/9.43 14.2613s
[2215/8235   1497s] P16 n100 p0.2 i102 pssa s1: SUCCESS acl=9.37/9.37 0.4844s
[2216/8235   1497s] P16 n100 p0.2 i102 pssa s0: SUCCESS acl=9.37/9.37 0.6065s
[2217/8235   1498s] P16 n100 p0.2 i102 pssa s2: SUCCESS acl=9.37/9.37 0.5722s
[2218/8235   1498s] P16 n100 p0.2 i102 pssa s3: SUCCESS acl=9.37/9.37 0.5828s
[2219/8235   1498s] P16 n100 p0.2 i102 pssa s4: SUCCESS acl=9.37/9.37 0.4904s
[2220/8235   1499s] P16 n100 p0.2 i102 minorminer s3: SUCCESS acl=10.44/9.89 6.4391s
[2221/8235   1499s] P16 n300 p0.3 i103 mmfork-cuthill s0: FAILURE  70.2016s
[2222/8235   1500s] P16 n100 p0.2 i102 clmm s3: SUCCESS acl=8.83/8.73 3.9164s
[2223/8235   1500s] P16 n300 p0.3 i103 mmfork-cuthill s1: FAILURE  69.1423s
[2224/8235   1500s] P16 n100 p0.2 i102 clmm s2: SUCCESS acl=8.84/8.75 4.1073s
[2225/8235   1500s] P16 n100 p0.2 i101 minorminer s1: SUCCESS acl=9.55/9.08 18.4639s
[2226/8235   1501s] P16 n100 p0.2 i101 mmfork-cuthill s0: SUCCESS acl=9.61/9.24 18.8824s
[2227/8235   1501s] P16 n100 p0.2 i102 clmm s1: SUCCESS acl=8.76/8.68 5.191s
[2228/8235   1501s] P16 n300 p0.3 i103 mmfork-cuthill s2: FAILURE  69.8437s
[2229/8235   1502s] P16 n100 p0.2 i101 mmfork-cuthill s3: SUCCESS acl=9.79/9.38 18.657s
[2230/8235   1502s] P16 n100 p0.2 i102 clmm s4: SUCCESS acl=8.73/8.66 5.7871s
[2231/8235   1502s] P16 n100 p0.2 i102 clmm s0: SUCCESS acl=8.75/8.7 6.548s
[2232/8235   1502s] P16 n100 p0.2 i101 minorminer s0: SUCCESS acl=9.58/9.2 20.8726s
[2233/8235   1505s] P16 n100 p0.2 i102 minorminer s2: SUCCESS acl=9.54/9.06 12.9397s
[2234/8235   1505s] P16 n100 p0.2 i102 minorminer s4: SUCCESS acl=9.96/9.51 12.1632s
[2235/8235   1505s] P16 n100 p0.2 i103 clmm s1: SUCCESS acl=9.82/9.22 3.136s
[2236/8235   1506s] P16 n300 p0.3 i103 mmfork-cuthill s4: FAILURE  66.9963s
[2237/8235   1506s] P16 n100 p0.2 i103 template s-1: SUCCESS acl=9.22/9.22 0.0263s
[2238/8235   1506s] P16 n100 p0.2 i103 clique s-1: SUCCESS acl=9.82/9.22 0.0183s
[2239/8235   1507s] P16 n100 p0.2 i103 pssa s0: SUCCESS acl=9.38/9.38 0.4935s
[2240/8235   1507s] P16 n100 p0.2 i103 pssa s1: SUCCESS acl=9.38/9.38 0.4934s
[2241/8235   1508s] P16 n100 p0.2 i103 pssa s2: SUCCESS acl=9.38/9.38 0.4944s
[2242/8235   1508s] P16 n300 p0.3 i103 mmfork-cuthill s3: FAILURE  70.1387s
[2243/8235   1508s] P16 n100 p0.2 i103 pssa s3: SUCCESS acl=9.38/9.38 0.4972s
[2244/8235   1509s] P16 n100 p0.2 i103 pssa s4: SUCCESS acl=9.38/9.38 0.5754s
[2245/8235   1509s] P16 n100 p0.2 i103 clmm s2: SUCCESS acl=9.8/9.28 3.6613s
[2246/8235   1509s] P16 n100 p0.2 i102 minorminer s0: SUCCESS acl=9.34/8.9 18.3327s
[2247/8235   1510s] P16 n100 p0.2 i103 clmm s3: SUCCESS acl=9.7/9.23 4.2543s
[2248/8235   1510s] P16 n100 p0.2 i101 attraction s3: SUCCESS acl=11.13/10.39 22.055s
[2249/8235   1510s] P16 n100 p0.2 i103 clmm s0: SUCCESS acl=8.9/8.81 7.9092s
[2250/8235   1511s] P16 n100 p0.2 i103 clmm s4: SUCCESS acl=8.88/8.81 5.5246s
[2251/8235   1511s] P16 n100 p0.2 i102 mmfork-cuthill s2: SUCCESS acl=9.31/8.98 16.5566s
[2252/8235   1512s] P16 n100 p0.2 i103 minorminer s4: SUCCESS acl=9.78/9.16 12.3725s
[2253/8235   1512s] P16 n100 p0.2 i102 minorminer s1: SUCCESS acl=9.7/9.18 20.4419s
[2254/8235   1512s] P16 n100 p0.2 i103 minorminer s3: SUCCESS acl=9.72/9.31 12.464s
[2255/8235   1513s] P16 n100 p0.2 i103 mmfork-cuthill s4: SUCCESS acl=9.63/9.28 11.1894s
[2256/8235   1513s] P16 n100 p0.2 i102 mmfork-cuthill s1: SUCCESS acl=9.43/9.1 18.7687s
[2257/8235   1513s] P16 n100 p0.2 i102 mmfork-cuthill s4: SUCCESS acl=8.84/8.5 17.7618s
[2258/8235   1513s] P16 n100 p0.2 i103 mmfork-cuthill s2: SUCCESS acl=9.66/9.18 12.2056s
[2259/8235   1513s] P16 n300 p0.3 i103 clmm s3: FAILURE  71.6395s
[2260/8235   1514s] P16 n300 p0.3 i103 clmm s2: FAILURE  72.8896s
[2261/8235   1514s] P16 n300 p0.3 i103 clmm s1: FAILURE  73.312s
[2262/8235   1514s] P16 n100 p0.2 i103 mmfork-cuthill s0: SUCCESS acl=9.37/8.94 13.145s
[2263/8235   1515s] P16 n300 p0.3 i103 pssa s0: FAILURE  61.4649s
[2264/8235   1515s] P16 n140 p0.2 i101 template s-1: SUCCESS acl=12.5929/12.5929 0.0735s
[2265/8235   1515s] P16 n300 p0.3 i103 clmm s0: FAILURE  74.7378s
[2266/8235   1515s] P16 n140 p0.2 i101 clique s-1: SUCCESS acl=13.8286/12.5929 0.0209s
[2267/8235   1515s] P16 n100 p0.2 i102 mmfork-cuthill s0: SUCCESS acl=9.12/8.7 21.1983s
[2268/8235   1515s] P16 n140 p0.2 i101 pssa s0: SUCCESS acl=12.7214/12.7214 0.5864s
[2269/8235   1515s] P16 n300 p0.3 i103 pssa s1: FAILURE  61.7896s
[2270/8235   1515s] P16 n140 p0.2 i101 pssa s1: SUCCESS acl=12.7214/12.7214 0.5828s
[2271/8235   1516s] P16 n100 p0.2 i103 minorminer s0: SUCCESS acl=9.66/9.18 16.5214s
[2272/8235   1516s] P16 n100 p0.2 i103 mmfork-cuthill s1: SUCCESS acl=9.01/8.65 14.9248s
[2273/8235   1516s] P16 n140 p0.2 i101 pssa s2: SUCCESS acl=12.7214/12.7214 0.5859s
[2274/8235   1516s] P16 n140 p0.2 i101 pssa s3: SUCCESS acl=12.7214/12.7214 0.5916s
[2275/8235   1516s] P16 n140 p0.2 i101 pssa s4: SUCCESS acl=12.7214/12.7214 0.6894s
[2276/8235   1516s] P16 n100 p0.2 i103 minorminer s2: SUCCESS acl=9.61/9.13 16.3643s
[2277/8235   1516s] P16 n100 p0.2 i101 attraction s4: SUCCESS acl=10.34/9.83 26.3232s
[2278/8235   1517s] P16 n100 p0.2 i102 mmfork-cuthill s3: SUCCESS acl=9.13/8.86 22.2987s
[2279/8235   1518s] P16 n100 p0.2 i103 minorminer s1: SUCCESS acl=9.55/9.12 18.3414s
[2280/8235   1519s] P16 n100 p0.2 i102 attraction s4: SUCCESS acl=10.67/10.15 20.4216s
[2281/8235   1520s] P16 n300 p0.3 i103 clmm s4: FAILURE  71.7685s
[2282/8235   1521s] P16 n300 p0.3 i103 pssa s3: FAILURE  61.6253s
[2283/8235   1523s] P16 n100 p0.2 i102 attraction s3: SUCCESS acl=10.12/9.48 25.1625s
[2284/8235   1524s] P16 n100 p0.2 i101 attraction s1: SUCCESS acl=9.56/9.21 36.2922s
[2285/8235   1524s] P16 n140 p0.2 i101 clmm s0: SUCCESS acl=13.6643/13.0857 11.1686s
[2286/8235   1525s] P16 n300 p0.3 i103 pssa s2: FAILURE  68.5838s
[2287/8235   1525s] P16 n100 p0.2 i102 attraction s0: SUCCESS acl=9.81/9.47 27.4995s
[2288/8235   1525s] P16 n140 p0.2 i101 clmm s1: SUCCESS acl=13.7/13.0071 11.7633s
[2289/8235   1526s] P16 n100 p0.2 i101 attraction s2: SUCCESS acl=9.37/9.03 38.1977s
[2290/8235   1526s] P16 n140 p0.2 i101 clmm s2: SUCCESS acl=13.7571/12.8857 12.2151s
[2291/8235   1526s] P16 n140 p0.2 i102 template s-1: SUCCESS acl=12.4429/12.4429 0.0747s
[2292/8235   1526s] P16 n140 p0.2 i101 clmm s3: SUCCESS acl=13.7929/12.9071 12.1962s
[2293/8235   1526s] P16 n140 p0.2 i102 clique s-1: SUCCESS acl=13.8286/12.4429 0.0195s
[2294/8235   1527s] P16 n140 p0.2 i102 pssa s1: SUCCESS acl=12.7143/12.7143 0.5561s
[2295/8235   1527s] P16 n140 p0.2 i102 pssa s0: SUCCESS acl=12.7143/12.7143 0.6482s
[2296/8235   1528s] P16 n140 p0.2 i102 pssa s2: SUCCESS acl=12.7143/12.7143 0.6746s
[2297/8235   1528s] P16 n140 p0.2 i102 pssa s3: SUCCESS acl=12.7143/12.7143 0.6588s
[2298/8235   1528s] P16 n140 p0.2 i102 pssa s4: SUCCESS acl=12.7143/12.7143 0.5671s
[2299/8235   1529s] P16 n100 p0.2 i102 attraction s1: SUCCESS acl=9.42/8.86 31.4653s
[2300/8235   1530s] P16 n100 p0.2 i102 attraction s2: SUCCESS acl=9.64/9.19 32.1714s
[2301/8235   1530s] P16 n100 p0.2 i103 mmfork-cuthill s3: SUCCESS acl=9.2/8.81 28.2432s
[2302/8235   1530s] P16 n300 p0.3 i103 pssa s4: FAILURE  69.149s
[2303/8235   1531s] P16 n140 p0.2 i101 clmm s4: SUCCESS acl=12.7286/12.5643 16.5064s
[2304/8235   1531s] P16 n100 p0.2 i103 attraction s3: SUCCESS acl=10.41/9.85 22.3066s
[2305/8235   1532s] P16 n100 p0.2 i101 attraction s0: SUCCESS acl=9.27/8.88 44.7445s
[2306/8235   1535s] P16 n140 p0.2 i102 clmm s0: SUCCESS acl=13.7714/12.6357 10.3276s
[2307/8235   1535s] P16 n140 p0.2 i102 clmm s2: SUCCESS acl=13.8286/12.4429 10.103s
[2308/8235   1536s] P16 n100 p0.2 i103 attraction s4: SUCCESS acl=9.88/9.28 25.9903s
[2309/8235   1536s] P16 n140 p0.2 i102 clmm s1: SUCCESS acl=13.7286/13.0071 10.7764s
[2310/8235   1536s] P16 n140 p0.2 i102 clmm s3: SUCCESS acl=13.7786/12.6857 10.6765s
[2311/8235   1536s] P16 n100 p0.2 i103 attraction s0: SUCCESS acl=10.22/9.56 27.9538s
[2312/8235   1537s] P16 n140 p0.2 i101 mmfork-cuthill s4: SUCCESS acl=15.8214/14.9571 23.2711s
[2313/8235   1537s] P16 n140 p0.2 i102 clmm s4: SUCCESS acl=13.6929/13.0643 10.7693s
[2314/8235   1537s] P16 n300 p0.3 i103 attraction s0: FAILURE  74.5021s
[2315/8235   1539s] P16 n300 p0.3 i103 attraction s1: FAILURE  73.7248s
[2316/8235   1539s] P16 n140 p0.2 i101 mmfork-cuthill s1: SUCCESS acl=14.7214/14.0214 26.6438s
[2317/8235   1539s] P16 n300 p0.3 i103 attraction s2: FAILURE  74.1478s
[2318/8235   1540s] P16 n140 p0.2 i103 template s-1: SUCCESS acl=12.5429/12.5429 0.0721s
[2319/8235   1540s] P16 n140 p0.2 i103 clique s-1: SUCCESS acl=13.8286/12.5429 0.0199s
[2320/8235   1540s] P16 n300 p0.3 i103 attraction s3: FAILURE  74.8124s
[2321/8235   1540s] P16 n140 p0.2 i103 pssa s0: SUCCESS acl=12.7143/12.7143 0.66s
[2322/8235   1540s] P16 n300 p0.3 i103 attraction s4: FAILURE  74.0868s
[2323/8235   1541s] P16 n140 p0.2 i103 pssa s1: SUCCESS acl=12.7143/12.7143 0.5683s
[2324/8235   1541s] P16 n140 p0.2 i103 pssa s3: SUCCESS acl=12.7143/12.7143 0.5639s
[2325/8235   1541s] P16 n140 p0.2 i103 pssa s2: SUCCESS acl=12.7143/12.7143 0.567s
[2326/8235   1541s] P16 n140 p0.2 i103 pssa s4: SUCCESS acl=12.7143/12.7143 0.5683s
[2327/8235   1542s] P16 n100 p0.2 i103 attraction s1: SUCCESS acl=9.79/9.25 32.7658s
[2328/8235   1544s] P16 n140 p0.2 i102 mmfork-cuthill s2: SUCCESS acl=14.2786/13.5857 22.1022s
[2329/8235   1547s] P16 n140 p0.2 i102 mmfork-cuthill s0: SUCCESS acl=14.0/13.4643 27.7539s
[2330/8235   1547s] P16 n140 p0.2 i103 clmm s1: SUCCESS acl=13.7929/12.6 10.4651s
[2331/8235   1548s] P16 n140 p0.2 i103 clmm s0: SUCCESS acl=13.7357/13.0143 11.1281s
[2332/8235   1548s] P16 n140 p0.2 i103 clmm s2: SUCCESS acl=13.7071/13.1571 10.9738s
[2333/8235   1548s] P16 n100 p0.2 i103 attraction s2: SUCCESS acl=9.41/8.91 39.58s
[2334/8235   1549s] P16 n140 p0.2 i103 clmm s3: SUCCESS acl=13.8143/12.6786 10.4612s
[2335/8235   1550s] P16 n140 p0.2 i101 minorminer s1: SUCCESS acl=15.1643/14.2857 39.9764s
[2336/8235   1551s] P16 n140 p0.2 i103 clmm s4: SUCCESS acl=13.7571/13.1571 11.7384s
[2337/8235   1553s] P16 n140 p0.2 i101 mmfork-cuthill s0: SUCCESS acl=15.9143/15.0714 40.7645s
[2338/8235   1553s] P16 n140 p0.2 i101 minorminer s2: SUCCESS acl=16.0571/15.0643 42.2599s
[2339/8235   1555s] P16 n140 p0.2 i102 minorminer s2: SUCCESS acl=15.4071/14.6429 38.5802s
[2340/8235   1556s] P16 n140 p0.2 i101 mmfork-cuthill s3: SUCCESS acl=14.75/13.8714 42.9953s
[2341/8235   1559s] P16 n140 p0.2 i102 minorminer s0: SUCCESS acl=15.85/15.0071 42.646s
[2342/8235   1559s] P16 n140 p0.2 i103 minorminer s0: SUCCESS acl=16.2071/15.2357 28.643s
[2343/8235   1560s] P16 n140 p0.2 i102 minorminer s4: SUCCESS acl=15.35/14.6214 41.608s
[2344/8235   1562s] P16 n140 p0.2 i103 minorminer s3: SUCCESS acl=15.2429/14.4143 29.4247s
[2345/8235   1562s] P16 n200 p0.2 i101 template s-1: INFEASIBLE  0.0s
[2346/8235   1562s] P16 n200 p0.2 i101 clique s-1: FAILURE  0.0205s
[2347/8235   1563s] P16 n140 p0.2 i102 minorminer s1: SUCCESS acl=15.0/14.2357 46.5248s
[2348/8235   1565s] P16 n140 p0.2 i102 mmfork-cuthill s4: SUCCESS acl=14.6286/13.8929 40.7896s
[2349/8235   1565s] P16 n140 p0.2 i103 minorminer s4: SUCCESS acl=16.0714/15.0 30.0112s
[2350/8235   1566s] P16 n140 p0.2 i103 mmfork-cuthill s1: SUCCESS acl=15.1714/14.5143 30.5073s
[2351/8235   1566s] P16 n140 p0.2 i103 minorminer s1: SUCCESS acl=15.9143/15.0143 35.5939s
[2352/8235   1567s] P16 n140 p0.2 i101 minorminer s0: SUCCESS acl=15.0429/14.2143 56.422s
[2353/8235   1567s] P16 n140 p0.2 i101 minorminer s4: SUCCESS acl=15.3786/14.45 54.3591s
[2354/8235   1571s] P16 n140 p0.2 i102 mmfork-cuthill s1: SUCCESS acl=15.6786/14.7429 50.8013s
[2355/8235   1571s] P16 n140 p0.2 i101 minorminer s3: SUCCESS acl=15.6/14.8214 60.0687s
[2356/8235   1572s] P16 n140 p0.2 i102 attraction s1: SUCCESS acl=19.0214/17.3286 43.6717s
[2357/8235   1572s] P16 n140 p0.2 i103 mmfork-cuthill s3: SUCCESS acl=14.2786/13.6 36.225s
[2358/8235   1573s] P16 n140 p0.2 i103 mmfork-cuthill s2: SUCCESS acl=14.2929/13.7286 36.7541s
[2359/8235   1574s] P16 n140 p0.2 i101 mmfork-cuthill s2: SUCCESS acl=15.2857/14.5286 60.2572s
[2360/8235   1576s] P16 n140 p0.2 i102 minorminer s3: SUCCESS acl=14.4929/13.7 58.5998s
[2361/8235   1576s] P16 n140 p0.2 i101 attraction s0: SUCCESS acl=17.1/15.7143 60.3327s
[2362/8235   1576s] P16 n140 p0.2 i101 attraction s1: SUCCESS acl=17.3/16.1214 60.2245s
[2363/8235   1576s] P16 n140 p0.2 i101 attraction s3: SUCCESS acl=16.6786/15.3143 60.0444s
[2364/8235   1576s] P16 n140 p0.2 i101 attraction s2: SUCCESS acl=16.3786/15.3286 60.2885s
[2365/8235   1577s] P16 n140 p0.2 i101 attraction s4: SUCCESS acl=16.6143/15.6929 60.4879s
[2366/8235   1582s] P16 n140 p0.2 i103 mmfork-cuthill s4: SUCCESS acl=14.1357/13.6214 45.6714s
[2367/8235   1583s] P16 n140 p0.2 i103 mmfork-cuthill s0: SUCCESS acl=14.7929/14.1 47.9362s
[2368/8235   1584s] P16 n140 p0.2 i102 mmfork-cuthill s3: SUCCESS acl=15.15/14.3143 60.5738s
[2369/8235   1588s] P16 n140 p0.2 i102 attraction s0: SUCCESS acl=15.95/15.0286 60.1335s
[2370/8235   1589s] P16 n140 p0.2 i102 attraction s2: SUCCESS acl=16.55/15.3143 60.0805s
[2371/8235   1590s] P16 n140 p0.2 i102 attraction s4: SUCCESS acl=16.8786/15.5214 60.0352s
[2372/8235   1590s] P16 n200 p0.2 i102 template s-1: INFEASIBLE  0.0s
[2373/8235   1590s] P16 n200 p0.2 i102 clique s-1: FAILURE  0.0203s
[2374/8235   1591s] P16 n140 p0.2 i102 attraction s3: SUCCESS acl=16.5286/15.2429 60.4565s
[2375/8235   1592s] P16 n140 p0.2 i103 minorminer s2: SUCCESS acl=15.0786/14.2071 60.5653s
[2376/8235   1601s] P16 n140 p0.2 i103 attraction s0: SUCCESS acl=16.8071/15.7786 59.3068s
[2377/8235   1602s] P16 n140 p0.2 i103 attraction s3: SUCCESS acl=15.7714/14.9 60.1662s
[2378/8235   1602s] P16 n140 p0.2 i103 attraction s1: SUCCESS acl=17.6/16.2857 60.5816s
[2379/8235   1602s] P16 n140 p0.2 i103 attraction s2: SUCCESS acl=16.15/15.0 60.7342s
[2380/8235   1604s] P16 n140 p0.2 i103 attraction s4: SUCCESS acl=16.0/14.7857 60.5034s
[2381/8235   1610s] P16 n200 p0.2 i101 minorminer s0: FAILURE  62.87s
[2382/8235   1610s] P16 n200 p0.2 i101 minorminer s1: FAILURE  63.0356s
[2383/8235   1611s] P16 n200 p0.2 i101 minorminer s3: FAILURE  62.6084s
[2384/8235   1611s] P16 n200 p0.2 i101 minorminer s4: FAILURE  63.0576s
[2385/8235   1612s] P16 n200 p0.2 i101 mmfork-cuthill s0: FAILURE  62.3055s
[2386/8235   1612s] P16 n200 p0.2 i101 minorminer s2: FAILURE  64.4095s
[2387/8235   1613s] P16 n200 p0.2 i101 mmfork-cuthill s1: FAILURE  63.1923s
[2388/8235   1614s] P16 n200 p0.2 i101 mmfork-cuthill s2: FAILURE  62.9414s
[2389/8235   1616s] P16 n200 p0.2 i101 clmm s0: SUCCESS acl=22.135/21.135 60.1493s
[2390/8235   1616s] P16 n200 p0.2 i101 mmfork-cuthill s3: FAILURE  62.8623s
[2391/8235   1617s] P16 n200 p0.2 i101 mmfork-cuthill s4: FAILURE  63.3197s
[2392/8235   1619s] P16 n200 p0.2 i101 clmm s1: FAILURE  63.1174s
[2393/8235   1620s] P16 n200 p0.2 i101 clmm s3: SUCCESS acl=22.3/21.165 60.4492s
[2394/8235   1622s] P16 n200 p0.2 i101 clmm s2: FAILURE  62.6863s
[2395/8235   1622s] P16 n200 p0.2 i101 clmm s4: FAILURE  61.9138s
[2396/8235   1624s] P16 n200 p0.2 i101 pssa s1: FAILURE  61.2366s
[2397/8235   1627s] P16 n200 p0.2 i101 attraction s0: FAILURE  60.2554s
[2398/8235   1628s] P16 n200 p0.2 i101 pssa s0: FAILURE  65.9653s
[2399/8235   1628s] P16 n200 p0.2 i103 template s-1: INFEASIBLE  0.0s
[2400/8235   1628s] P16 n200 p0.2 i103 clique s-1: FAILURE  0.0173s
[2401/8235   1629s] P16 n200 p0.2 i101 pssa s4: FAILURE  62.9691s
[2402/8235   1630s] P16 n200 p0.2 i101 attraction s1: FAILURE  62.8025s
[2403/8235   1630s] P16 n200 p0.2 i101 attraction s2: FAILURE  63.2513s
[2404/8235   1632s] P16 n200 p0.2 i101 pssa s2: FAILURE  66.86s
[2405/8235   1633s] P16 n200 p0.2 i101 pssa s3: FAILURE  67.5307s
[2406/8235   1634s] P16 n200 p0.2 i102 minorminer s2: FAILURE  61.1503s
[2407/8235   1635s] P16 n200 p0.2 i102 minorminer s0: FAILURE  62.727s
[2408/8235   1635s] P16 n200 p0.2 i102 minorminer s1: FAILURE  62.7715s
[2409/8235   1636s] P16 n200 p0.2 i101 attraction s4: FAILURE  64.5309s
[2410/8235   1637s] P16 n200 p0.2 i101 attraction s3: FAILURE  65.6119s
[2411/8235   1637s] P16 n200 p0.2 i102 minorminer s4: FAILURE  60.8521s
[2412/8235   1637s] P16 n200 p0.2 i102 mmfork-cuthill s4: FAILURE  60.5385s
[2413/8235   1637s] P16 n200 p0.2 i102 mmfork-cuthill s1: FAILURE  61.277s
[2414/8235   1638s] P16 n200 p0.2 i102 minorminer s3: FAILURE  64.0963s
[2415/8235   1638s] P16 n200 p0.2 i102 mmfork-cuthill s0: FAILURE  62.4215s
[2416/8235   1640s] P16 n200 p0.2 i102 mmfork-cuthill s3: FAILURE  63.8321s
[2417/8235   1641s] P16 n200 p0.2 i102 mmfork-cuthill s2: FAILURE  64.4236s
[2418/8235   1643s] P16 n200 p0.2 i102 clmm s0: SUCCESS acl=22.83/21.835 60.5074s
[2419/8235   1643s] P16 n200 p0.2 i102 clmm s3: SUCCESS acl=23.185/22.15 54.4872s
[2420/8235   1644s] P16 n200 p0.2 i102 clmm s1: SUCCESS acl=21.895/21.12 60.3658s
[2421/8235   1645s] P16 n200 p0.2 i102 clmm s2: SUCCESS acl=21.92/20.95 60.0865s
[2422/8235   1651s] P16 n200 p0.2 i102 clmm s4: FAILURE  61.9598s
[2423/8235   1655s] P16 n200 p0.2 i102 pssa s0: FAILURE  64.2656s
[2424/8235   1655s] P16 n200 p0.2 i102 pssa s1: FAILURE  64.5791s
[2425/8235   1658s] P16 n200 p0.2 i102 pssa s2: FAILURE  65.8698s
[2426/8235   1658s] P16 n260 p0.2 i101 template s-1: INFEASIBLE  0.0s
[2427/8235   1658s] P16 n260 p0.2 i101 clique s-1: FAILURE  0.0241s
[2428/8235   1663s] P16 n200 p0.2 i102 attraction s0: FAILURE  61.1251s
[2429/8235   1664s] P16 n200 p0.2 i102 pssa s3: FAILURE  63.4233s
[2430/8235   1666s] P16 n200 p0.2 i102 attraction s2: FAILURE  61.9254s
[2431/8235   1668s] P16 n200 p0.2 i102 pssa s4: FAILURE  65.9155s
[2432/8235   1668s] P16 n200 p0.2 i102 attraction s1: FAILURE  65.9551s
[2433/8235   1670s] P16 n200 p0.2 i102 attraction s3: FAILURE  60.4651s
[2434/8235   1671s] P16 n200 p0.2 i103 minorminer s0: FAILURE  60.5753s
[2435/8235   1673s] P16 n200 p0.2 i103 minorminer s1: FAILURE  61.975s
[2436/8235   1674s] P16 n200 p0.2 i103 minorminer s2: FAILURE  62.7769s
[2437/8235   1676s] P16 n200 p0.2 i103 minorminer s3: FAILURE  63.8951s
[2438/8235   1676s] P16 n200 p0.2 i102 attraction s4: FAILURE  65.9059s
[2439/8235   1677s] P16 n200 p0.2 i103 mmfork-cuthill s3: FAILURE  60.4246s
[2440/8235   1677s] P16 n200 p0.2 i103 minorminer s4: FAILURE  63.992s
[2441/8235   1679s] P16 n200 p0.2 i103 mmfork-cuthill s1: FAILURE  62.6679s
[2442/8235   1679s] P16 n200 p0.2 i103 mmfork-cuthill s0: FAILURE  64.7481s
[2443/8235   1680s] P16 n200 p0.2 i103 mmfork-cuthill s2: FAILURE  63.659s
[2444/8235   1682s] P16 n200 p0.2 i103 clmm s0: SUCCESS acl=22.18/20.965 60.5122s
[2445/8235   1684s] P16 n200 p0.2 i103 mmfork-cuthill s4: FAILURE  64.3412s
[2446/8235   1684s] P16 n200 p0.2 i103 clmm s4: SUCCESS acl=22.155/21.06 56.6484s
[2447/8235   1684s] P16 n200 p0.2 i103 clmm s1: FAILURE  62.1872s
[2448/8235   1684s] P16 n200 p0.2 i103 clmm s2: FAILURE  62.3009s
[2449/8235   1685s] P16 n200 p0.2 i103 clmm s3: SUCCESS acl=22.11/21.09 60.0516s
[2450/8235   1692s] P16 n200 p0.2 i103 pssa s0: FAILURE  63.5659s
[2451/8235   1693s] P16 n200 p0.2 i103 pssa s1: FAILURE  63.39s
[2452/8235   1694s] P16 n200 p0.2 i103 pssa s2: FAILURE  64.5674s
[2453/8235   1694s] P16 n260 p0.2 i102 template s-1: INFEASIBLE  0.0s
[2454/8235   1694s] P16 n260 p0.2 i102 clique s-1: FAILURE  0.0231s
[2455/8235   1694s] P16 n200 p0.2 i103 pssa s4: FAILURE  62.5451s
[2456/8235   1695s] P16 n200 p0.2 i103 attraction s0: FAILURE  61.9233s
[2457/8235   1696s] P16 n200 p0.2 i103 attraction s3: FAILURE  61.037s
[2458/8235   1697s] P16 n200 p0.2 i103 attraction s2: FAILURE  61.7904s
[2459/8235   1697s] P16 n260 p0.2 i101 minorminer s1: FAILURE  60.5049s
[2460/8235   1697s] P16 n200 p0.2 i103 pssa s3: FAILURE  67.1753s
[2461/8235   1698s] P16 n200 p0.2 i103 attraction s4: FAILURE  61.9052s
[2462/8235   1699s] P16 n200 p0.2 i103 attraction s1: FAILURE  64.8s
[2463/8235   1701s] P16 n260 p0.2 i101 minorminer s2: FAILURE  63.5826s
[2464/8235   1701s] P16 n260 p0.2 i101 minorminer s0: FAILURE  64.3246s
[2465/8235   1702s] P16 n260 p0.2 i101 minorminer s4: FAILURE  63.8781s
[2466/8235   1702s] P16 n260 p0.2 i101 minorminer s3: FAILURE  64.8822s
[2467/8235   1703s] P16 n260 p0.2 i101 mmfork-cuthill s0: FAILURE  64.9356s
[2468/8235   1705s] P16 n260 p0.2 i101 mmfork-cuthill s1: FAILURE  64.9248s
[2469/8235   1706s] P16 n260 p0.2 i101 clmm s0: FAILURE  61.8124s
[2470/8235   1706s] P16 n260 p0.2 i101 mmfork-cuthill s2: FAILURE  65.4906s
[2471/8235   1707s] P16 n260 p0.2 i101 mmfork-cuthill s4: FAILURE  63.3784s
[2472/8235   1708s] P16 n260 p0.2 i101 mmfork-cuthill s3: FAILURE  65.0977s
[2473/8235   1709s] P16 n260 p0.2 i101 clmm s1: FAILURE  64.5139s
[2474/8235   1716s] P16 n260 p0.2 i101 clmm s2: FAILURE  64.4394s
[2475/8235   1719s] P16 n260 p0.2 i101 clmm s3: FAILURE  63.994s
[2476/8235   1719s] P16 n260 p0.2 i101 clmm s4: FAILURE  63.6214s
[2477/8235   1720s] P16 n260 p0.2 i101 pssa s0: FAILURE  61.6489s
[2478/8235   1726s] P16 n260 p0.2 i101 pssa s2: FAILURE  61.8918s
[2479/8235   1727s] P16 n260 p0.2 i101 pssa s3: FAILURE  61.1217s
[2480/8235   1727s] P16 n260 p0.2 i103 template s-1: INFEASIBLE  0.0s
[2481/8235   1727s] P16 n260 p0.2 i103 clique s-1: FAILURE  0.0216s
[2482/8235   1731s] P16 n260 p0.2 i101 pssa s1: FAILURE  68.1102s
[2483/8235   1736s] P16 n260 p0.2 i101 pssa s4: FAILURE  67.7936s
[2484/8235   1736s] P16 n260 p0.2 i101 attraction s0: FAILURE  67.39s
[2485/8235   1738s] P16 n260 p0.2 i101 attraction s1: FAILURE  67.5584s
[2486/8235   1738s] P16 n260 p0.2 i101 attraction s2: FAILURE  67.2344s
[2487/8235   1740s] P16 n260 p0.2 i101 attraction s3: FAILURE  66.5217s
[2488/8235   1741s] P16 n260 p0.2 i102 minorminer s0: FAILURE  64.7189s
[2489/8235   1741s] P16 n260 p0.2 i102 minorminer s1: FAILURE  64.5924s
[2490/8235   1741s] P16 n260 p0.2 i102 minorminer s2: FAILURE  64.1163s
[2491/8235   1742s] P16 n260 p0.2 i101 attraction s4: FAILURE  67.3567s
[2492/8235   1742s] P16 n260 p0.2 i102 minorminer s3: FAILURE  64.5653s
[2493/8235   1742s] P16 n260 p0.2 i102 minorminer s4: FAILURE  63.6483s
[2494/8235   1743s] P16 n260 p0.2 i102 mmfork-cuthill s0: FAILURE  64.1428s
[2495/8235   1745s] P16 n260 p0.2 i102 mmfork-cuthill s1: FAILURE  64.7028s
[2496/8235   1746s] P16 n260 p0.2 i102 clmm s1: FAILURE  62.1298s
[2497/8235   1746s] P16 n260 p0.2 i102 clmm s0: FAILURE  62.4545s
[2498/8235   1747s] P16 n260 p0.2 i102 mmfork-cuthill s2: FAILURE  64.7997s
[2499/8235   1748s] P16 n260 p0.2 i102 mmfork-cuthill s3: FAILURE  64.1928s
[2500/8235   1748s] P16 n260 p0.2 i102 mmfork-cuthill s4: FAILURE  64.0289s
[2501/8235   1749s] P16 n260 p0.2 i102 clmm s2: FAILURE  63.3283s
[2502/8235   1754s] P16 n260 p0.2 i102 clmm s3: FAILURE  62.9657s
[2503/8235   1757s] P16 n260 p0.2 i102 clmm s4: FAILURE  64.0604s
[2504/8235   1760s] P16 n260 p0.2 i102 pssa s3: FAILURE  64.0764s
[2505/8235   1763s] P16 n260 p0.2 i102 pssa s1: FAILURE  68.12s
[2506/8235   1763s] P16 n260 p0.2 i102 pssa s0: FAILURE  68.6234s
[2507/8235   1763s] P16 n340 p0.2 i101 template s-1: INFEASIBLE  0.0s
[2508/8235   1763s] P16 n340 p0.2 i101 clique s-1: FAILURE  0.019s
[2509/8235   1764s] P16 n260 p0.2 i102 attraction s0: FAILURE  66.4159s
[2510/8235   1764s] P16 n260 p0.2 i102 pssa s2: FAILURE  68.9946s
[2511/8235   1765s] P16 n260 p0.2 i102 pssa s4: FAILURE  67.8816s
[2512/8235   1765s] P16 n260 p0.2 i103 minorminer s1: FAILURE  63.396s
[2513/8235   1766s] P16 n260 p0.2 i103 minorminer s2: FAILURE  63.2018s
[2514/8235   1766s] P16 n260 p0.2 i102 attraction s1: FAILURE  68.1488s
[2515/8235   1766s] P16 n260 p0.2 i103 minorminer s0: FAILURE  64.6179s
[2516/8235   1766s] P16 n260 p0.2 i102 attraction s2: FAILURE  67.9002s
[2517/8235   1767s] P16 n260 p0.2 i102 attraction s3: FAILURE  67.9999s
[2518/8235   1767s] P16 n260 p0.2 i103 minorminer s3: FAILURE  63.8669s
[2519/8235   1768s] P16 n260 p0.2 i102 attraction s4: FAILURE  67.2009s
[2520/8235   1770s] P16 n260 p0.2 i103 mmfork-cuthill s0: FAILURE  63.9345s
[2521/8235   1770s] P16 n260 p0.2 i103 minorminer s4: FAILURE  64.8346s
[2522/8235   1772s] P16 n260 p0.2 i103 mmfork-cuthill s1: FAILURE  65.4243s
[2523/8235   1772s] P16 n260 p0.2 i103 mmfork-cuthill s2: FAILURE  65.3105s
[2524/8235   1775s] P16 n260 p0.2 i103 mmfork-cuthill s4: FAILURE  65.4155s
[2525/8235   1775s] P16 n260 p0.2 i103 mmfork-cuthill s3: FAILURE  66.8226s
[2526/8235   1780s] P16 n260 p0.2 i103 clmm s0: FAILURE  64.3684s
[2527/8235   1783s] P16 n260 p0.2 i103 clmm s2: FAILURE  64.4482s
[2528/8235   1784s] P16 n260 p0.2 i103 clmm s1: FAILURE  64.9315s
[2529/8235   1784s] P16 n260 p0.2 i103 clmm s3: FAILURE  64.0819s
[2530/8235   1790s] P16 n260 p0.2 i103 clmm s4: FAILURE  63.8784s
[2531/8235   1794s] P16 n260 p0.2 i103 pssa s0: FAILURE  66.3837s
[2532/8235   1799s] P16 n260 p0.2 i103 pssa s1: FAILURE  67.385s
[2533/8235   1800s] P16 n260 p0.2 i103 pssa s4: FAILURE  61.7914s
[2534/8235   1800s] P16 n340 p0.2 i102 template s-1: INFEASIBLE  0.0s
[2535/8235   1800s] P16 n340 p0.2 i102 clique s-1: FAILURE  0.0243s
[2536/8235   1803s] P16 n260 p0.2 i103 pssa s3: FAILURE  67.2034s
[2537/8235   1804s] P16 n260 p0.2 i103 pssa s2: FAILURE  67.8948s
[2538/8235   1805s] P16 n340 p0.2 i101 minorminer s3: FAILURE  62.3727s
[2539/8235   1806s] P16 n260 p0.2 i103 attraction s0: FAILURE  67.2176s
[2540/8235   1807s] P16 n340 p0.2 i101 minorminer s4: FAILURE  61.946s
[2541/8235   1808s] P16 n260 p0.2 i103 attraction s3: FAILURE  66.6517s
[2542/8235   1808s] P16 n260 p0.2 i103 attraction s2: FAILURE  67.0653s
[2543/8235   1808s] P16 n260 p0.2 i103 attraction s1: FAILURE  68.2668s
[2544/8235   1809s] P16 n260 p0.2 i103 attraction s4: FAILURE  67.299s
[2545/8235   1809s] P16 n340 p0.2 i101 minorminer s0: FAILURE  67.0148s
[2546/8235   1810s] P16 n340 p0.2 i101 minorminer s2: FAILURE  67.364s
[2547/8235   1810s] P16 n340 p0.2 i101 mmfork-cuthill s4: FAILURE  61.8283s
[2548/8235   1810s] P16 n340 p0.2 i101 minorminer s1: FAILURE  68.1346s
[2549/8235   1812s] P16 n340 p0.2 i101 mmfork-cuthill s0: FAILURE  65.8268s
[2550/8235   1815s] P16 n340 p0.2 i101 mmfork-cuthill s1: FAILURE  68.5434s
[2551/8235   1816s] P16 n340 p0.2 i101 mmfork-cuthill s2: FAILURE  69.0071s
[2552/8235   1816s] P16 n340 p0.2 i101 clmm s1: FAILURE  61.5255s
[2553/8235   1817s] P16 n340 p0.2 i101 clmm s2: FAILURE  60.5027s
[2554/8235   1819s] P16 n340 p0.2 i101 mmfork-cuthill s3: FAILURE  70.5841s
[2555/8235   1819s] P16 n340 p0.2 i101 clmm s0: FAILURE  70.4306s
[2556/8235   1823s] P16 n340 p0.2 i101 clmm s4: FAILURE  60.9356s
[2557/8235   1824s] P16 n340 p0.2 i101 pssa s0: FAILURE  61.069s
[2558/8235   1830s] P16 n340 p0.2 i101 pssa s2: FAILURE  66.2336s
[2559/8235   1830s] P16 n340 p0.2 i101 pssa s1: FAILURE  66.7598s
[2560/8235   1831s] P16 n340 p0.2 i101 clmm s3: FAILURE  70.5378s
[2561/8235   1831s] P16 n340 p0.2 i103 template s-1: INFEASIBLE  0.0s
[2562/8235   1831s] P16 n340 p0.2 i103 clique s-1: FAILURE  0.0187s
[2563/8235   1831s] P16 n340 p0.2 i101 pssa s3: FAILURE  66.3097s
[2564/8235   1831s] P16 n340 p0.2 i101 pssa s4: FAILURE  66.189s
[2565/8235   1834s] P16 n340 p0.2 i102 minorminer s0: FAILURE  66.7485s
[2566/8235   1837s] P16 n340 p0.2 i101 attraction s1: FAILURE  71.4538s
[2567/8235   1837s] P16 n340 p0.2 i101 attraction s2: FAILURE  71.622s
[2568/8235   1837s] P16 n340 p0.2 i102 minorminer s4: FAILURE  65.8401s
[2569/8235   1838s] P16 n340 p0.2 i102 minorminer s1: FAILURE  69.4789s
[2570/8235   1838s] P16 n340 p0.2 i102 mmfork-cuthill s0: FAILURE  65.7792s
[2571/8235   1838s] P16 n340 p0.2 i101 attraction s3: FAILURE  72.1397s
[2572/8235   1839s] P16 n340 p0.2 i102 minorminer s3: FAILURE  68.7813s
[2573/8235   1839s] P16 n340 p0.2 i101 attraction s0: FAILURE  73.3802s
[2574/8235   1839s] P16 n60 p0.12 i101 minorminer s0: SUCCESS acl=2.8/2.7833 0.5302s
[2575/8235   1839s] P16 n60 p0.12 i101 minorminer s1: SUCCESS acl=2.9667/2.9667 0.5486s
[2576/8235   1840s] P16 n340 p0.2 i102 minorminer s2: FAILURE  69.989s
[2577/8235   1840s] P16 n60 p0.12 i101 minorminer s2: SUCCESS acl=2.8833/2.85 0.5222s
[2578/8235   1840s] P16 n60 p0.12 i101 minorminer s3: SUCCESS acl=2.8667/2.8333 0.5407s
[2579/8235   1840s] P16 n60 p0.12 i101 mmfork-cuthill s0: SUCCESS acl=2.8667/2.8667 0.4273s
[2580/8235   1841s] P16 n60 p0.12 i101 mmfork-cuthill s1: SUCCESS acl=3.2333/3.15 0.6539s
[2581/8235   1841s] P16 n60 p0.12 i101 minorminer s4: SUCCESS acl=2.7333/2.7167 0.9349s
[2582/8235   1841s] P16 n340 p0.2 i101 attraction s4: FAILURE  74.1193s
[2583/8235   1841s] P16 n60 p0.12 i101 mmfork-cuthill s2: SUCCESS acl=2.8/2.7833 0.6104s
[2584/8235   1841s] P16 n60 p0.12 i101 clmm s0: SUCCESS acl=2.9667/2.95 0.1543s
[2585/8235   1841s] P16 n60 p0.12 i101 clmm s1: SUCCESS acl=2.9333/2.8833 0.2706s
[2586/8235   1841s] P16 n60 p0.12 i101 mmfork-cuthill s4: SUCCESS acl=2.8167/2.8167 0.4203s
[2587/8235   1841s] P16 n60 p0.12 i101 clmm s3: SUCCESS acl=3.4/3.3833 0.2125s
[2588/8235   1841s] P16 n60 p0.12 i101 template s-1: SUCCESS acl=5.1167/5.1167 0.0087s
[2589/8235   1841s] P16 n60 p0.12 i101 clique s-1: SUCCESS acl=6.8/5.1167 0.0192s
[2590/8235   1842s] P16 n340 p0.2 i102 mmfork-cuthill s1: FAILURE  66.9261s
[2591/8235   1842s] P16 n60 p0.12 i101 clmm s2: SUCCESS acl=2.5833/2.5667 0.5521s
[2592/8235   1842s] P16 n340 p0.2 i102 mmfork-cuthill s2: FAILURE  66.658s
[2593/8235   1842s] P16 n60 p0.12 i101 clmm s4: SUCCESS acl=2.9833/2.95 0.4972s
[2594/8235   1842s] P16 n60 p0.12 i101 mmfork-cuthill s3: SUCCESS acl=2.9333/2.8667 1.0371s
[2595/8235   1842s] P16 n60 p0.12 i101 pssa s0: SUCCESS acl=5.35/5.2667 0.3508s
[2596/8235   1842s] P16 n60 p0.12 i101 pssa s2: SUCCESS acl=5.35/5.2667 0.3454s
[2597/8235   1842s] P16 n60 p0.12 i101 pssa s1: SUCCESS acl=5.35/5.2667 0.4435s
[2598/8235   1842s] P16 n60 p0.12 i101 pssa s4: SUCCESS acl=5.35/5.2667 0.3431s
[2599/8235   1842s] P16 n60 p0.12 i101 pssa s3: SUCCESS acl=5.35/5.2667 0.3494s
[2600/8235   1843s] P16 n60 p0.12 i102 minorminer s0: SUCCESS acl=2.7167/2.6833 0.5018s
[2601/8235   1843s] P16 n60 p0.12 i102 minorminer s1: SUCCESS acl=2.8667/2.8333 0.5061s
[2602/8235   1844s] P16 n60 p0.12 i102 minorminer s2: SUCCESS acl=2.7333/2.7333 0.5563s
[2603/8235   1844s] P16 n60 p0.12 i102 minorminer s3: SUCCESS acl=2.7/2.6833 0.5551s
[2604/8235   1844s] P16 n60 p0.12 i101 attraction s1: SUCCESS acl=2.8167/2.7833 2.3966s
[2605/8235   1844s] P16 n60 p0.12 i101 attraction s0: SUCCESS acl=2.7667/2.7333 2.6069s
[2606/8235   1844s] P16 n60 p0.12 i101 attraction s2: SUCCESS acl=2.7167/2.6833 2.3769s
[2607/8235   1844s] P16 n60 p0.12 i101 attraction s4: SUCCESS acl=2.75/2.6833 2.3915s
[2608/8235   1845s] P16 n60 p0.12 i101 attraction s3: SUCCESS acl=2.7333/2.6833 2.6895s
[2609/8235   1845s] P16 n60 p0.12 i102 minorminer s4: SUCCESS acl=2.4/2.3833 0.6567s
[2610/8235   1845s] P16 n60 p0.12 i102 mmfork-cuthill s2: SUCCESS acl=2.7833/2.7333 0.5441s
[2611/8235   1845s] P16 n60 p0.12 i102 clmm s0: SUCCESS acl=3.2667/3.2 0.1846s
[2612/8235   1845s] P16 n60 p0.12 i102 mmfork-cuthill s0: SUCCESS acl=2.7833/2.7 0.7835s
[2613/8235   1845s] P16 n60 p0.12 i102 mmfork-cuthill s1: SUCCESS acl=2.6333/2.6333 0.8319s
[2614/8235   1845s] P16 n60 p0.12 i102 clmm s1: SUCCESS acl=2.55/2.5333 0.4157s
[2615/8235   1845s] P16 n60 p0.12 i102 template s-1: SUCCESS acl=4.5833/4.5833 0.0078s
[2616/8235   1845s] P16 n60 p0.12 i102 mmfork-cuthill s3: SUCCESS acl=2.8667/2.8 0.9097s
[2617/8235   1845s] P16 n60 p0.12 i102 clique s-1: SUCCESS acl=6.8/4.5833 0.0208s
[2618/8235   1845s] P16 n60 p0.12 i102 clmm s3: SUCCESS acl=2.7/2.6333 0.3583s
[2619/8235   1845s] P16 n60 p0.12 i102 clmm s2: SUCCESS acl=2.85/2.85 0.3927s
[2620/8235   1845s] P16 n60 p0.12 i102 clmm s4: SUCCESS acl=3.2667/3.1833 0.2778s
[2621/8235   1846s] P16 n60 p0.12 i102 mmfork-cuthill s4: SUCCESS acl=2.7167/2.6833 1.033s
[2622/8235   1846s] P16 n60 p0.12 i102 pssa s0: SUCCESS acl=4.7667/4.7667 0.3404s
[2623/8235   1846s] P16 n60 p0.12 i102 pssa s1: SUCCESS acl=4.7667/4.7667 0.3565s
[2624/8235   1846s] P16 n60 p0.12 i102 pssa s2: SUCCESS acl=4.7667/4.7667 0.3459s
[2625/8235   1846s] P16 n60 p0.12 i102 pssa s3: SUCCESS acl=4.7667/4.7667 0.344s
[2626/8235   1846s] P16 n60 p0.12 i102 pssa s4: SUCCESS acl=4.7667/4.7667 0.341s
[2627/8235   1846s] P16 n60 p0.12 i103 minorminer s0: SUCCESS acl=3.2167/3.1333 0.4419s
[2628/8235   1847s] P16 n60 p0.12 i103 minorminer s1: SUCCESS acl=3.1667/3.1167 0.6823s
[2629/8235   1848s] P16 n60 p0.12 i103 minorminer s2: SUCCESS acl=2.6667/2.6 0.8323s
[2630/8235   1848s] P16 n60 p0.12 i102 attraction s0: SUCCESS acl=2.4833/2.45 2.2824s
[2631/8235   1848s] P16 n60 p0.12 i102 attraction s1: SUCCESS acl=2.6333/2.6 2.4121s
[2632/8235   1848s] P16 n60 p0.12 i103 minorminer s3: SUCCESS acl=2.9667/2.9167 0.3769s
[2633/8235   1848s] P16 n60 p0.12 i102 attraction s2: SUCCESS acl=2.5833/2.5667 2.4501s
[2634/8235   1848s] P16 n60 p0.12 i102 attraction s4: SUCCESS acl=2.4667/2.45 2.5237s
[2635/8235   1849s] P16 n60 p0.12 i102 attraction s3: SUCCESS acl=2.45/2.4167 2.836s
[2636/8235   1849s] P16 n60 p0.12 i103 minorminer s4: SUCCESS acl=2.8833/2.85 0.696s
[2637/8235   1849s] P16 n60 p0.12 i103 mmfork-cuthill s2: SUCCESS acl=3.2167/3.15 0.5337s
[2638/8235   1849s] P16 n60 p0.12 i103 mmfork-cuthill s1: SUCCESS acl=2.85/2.7833 0.7024s
[2639/8235   1849s] P16 n60 p0.12 i103 mmfork-cuthill s0: SUCCESS acl=2.8/2.7833 0.7335s
[2640/8235   1849s] P16 n60 p0.12 i103 clmm s0: SUCCESS acl=3.0667/3.0167 0.3372s
[2641/8235   1849s] P16 n60 p0.12 i103 mmfork-cuthill s3: SUCCESS acl=3.05/3.0333 0.8783s
[2642/8235   1849s] P16 n60 p0.12 i103 clmm s3: SUCCESS acl=2.8333/2.8167 0.3436s
[2643/8235   1849s] P16 n60 p0.12 i103 template s-1: SUCCESS acl=5.2833/5.2833 0.0072s
[2644/8235   1849s] P16 n60 p0.12 i103 clmm s1: SUCCESS acl=2.9667/2.95 0.4848s
[2645/8235   1849s] P16 n60 p0.12 i103 clique s-1: SUCCESS acl=6.8/5.2833 0.0191s
[2646/8235   1849s] P16 n60 p0.12 i103 clmm s2: SUCCESS acl=2.9667/2.9 0.4278s
[2647/8235   1849s] P16 n60 p0.12 i103 clmm s4: SUCCESS acl=3.0667/3.0 0.3674s
[2648/8235   1850s] P16 n60 p0.12 i103 mmfork-cuthill s4: SUCCESS acl=2.9667/2.8833 0.8793s
[2649/8235   1850s] P16 n60 p0.12 i103 pssa s0: SUCCESS acl=5.15/5.15 0.3532s
[2650/8235   1850s] P16 n60 p0.12 i103 pssa s1: SUCCESS acl=5.15/5.15 0.3433s
[2651/8235   1850s] P16 n60 p0.12 i103 pssa s2: SUCCESS acl=5.15/5.15 0.3433s
[2652/8235   1850s] P16 n60 p0.12 i103 pssa s3: SUCCESS acl=5.15/5.15 0.3523s
[2653/8235   1850s] P16 n60 p0.12 i103 pssa s4: SUCCESS acl=5.15/5.15 0.3514s
[2654/8235   1850s] P16 n340 p0.2 i102 mmfork-cuthill s3: FAILURE  69.5436s
[2655/8235   1851s] P16 n340 p0.2 i102 mmfork-cuthill s4: FAILURE  67.7931s
[2656/8235   1852s] P16 n60 p0.12 i103 attraction s0: SUCCESS acl=3.05/2.9333 2.6883s
[2657/8235   1852s] P16 n60 p0.12 i103 attraction s4: SUCCESS acl=2.85/2.7833 2.58s
[2658/8235   1852s] P16 n340 p0.2 i102 clmm s0: FAILURE  68.8269s
[2659/8235   1853s] P16 n60 p0.12 i103 attraction s1: SUCCESS acl=3.05/3.0167 2.9405s
[2660/8235   1853s] P16 n60 p0.12 i103 attraction s3: SUCCESS acl=2.8667/2.85 2.9893s
[2661/8235   1853s] P16 n60 p0.12 i103 attraction s2: SUCCESS acl=2.8/2.7667 3.0179s
[2662/8235   1855s] P16 n340 p0.2 i102 clmm s1: FAILURE  70.6101s
[2663/8235   1856s] P16 n100 p0.12 i101 minorminer s1: SUCCESS acl=7.23/6.94 6.3437s
[2664/8235   1857s] P16 n100 p0.12 i101 mmfork-cuthill s0: SUCCESS acl=7.51/7.18 4.1625s
[2665/8235   1857s] P16 n100 p0.12 i101 minorminer s0: SUCCESS acl=6.89/6.6 7.2545s
[2666/8235   1858s] P16 n100 p0.12 i101 mmfork-cuthill s1: SUCCESS acl=6.92/6.66 5.5578s
[2667/8235   1858s] P16 n100 p0.12 i101 mmfork-cuthill s2: SUCCESS acl=7.15/6.89 5.8328s
[2668/8235   1859s] P16 n100 p0.12 i101 clmm s0: SUCCESS acl=7.72/7.6 2.3957s
[2669/8235   1859s] P16 n100 p0.12 i101 template s-1: SUCCESS acl=8.5/8.5 0.0267s
[2670/8235   1859s] P16 n100 p0.12 i101 clique s-1: SUCCESS acl=9.82/8.5 0.0236s
[2671/8235   1859s] P16 n100 p0.12 i101 minorminer s2: SUCCESS acl=6.78/6.54 7.9294s
[2672/8235   1859s] P16 n100 p0.12 i101 pssa s0: SUCCESS acl=8.69/8.69 0.4735s
[2673/8235   1859s] P16 n100 p0.12 i101 mmfork-cuthill s3: SUCCESS acl=6.63/6.44 6.5823s
[2674/8235   1860s] P16 n340 p0.2 i102 clmm s4: FAILURE  60.9936s
[2675/8235   1860s] P16 n100 p0.12 i101 pssa s1: SUCCESS acl=8.69/8.69 0.4731s
[2676/8235   1860s] P16 n100 p0.12 i101 pssa s3: SUCCESS acl=8.69/8.69 0.4928s
[2677/8235   1860s] P16 n100 p0.12 i101 pssa s2: SUCCESS acl=8.69/8.69 0.4757s
[2678/8235   1860s] P16 n100 p0.12 i101 clmm s2: SUCCESS acl=7.26/7.22 2.8777s
[2679/8235   1860s] P16 n100 p0.12 i101 pssa s4: SUCCESS acl=8.69/8.69 0.4949s
[2680/8235   1860s] P16 n100 p0.12 i101 minorminer s3: SUCCESS acl=6.76/6.5 7.8974s
[2681/8235   1860s] P16 n100 p0.12 i101 minorminer s4: SUCCESS acl=6.22/6.06 8.1428s
[2682/8235   1861s] P16 n100 p0.12 i101 clmm s4: SUCCESS acl=7.65/7.51 2.1887s
[2683/8235   1861s] P16 n100 p0.12 i101 clmm s3: SUCCESS acl=7.36/7.31 2.7076s
[2684/8235   1861s] P16 n340 p0.2 i102 clmm s2: FAILURE  71.4984s
[2685/8235   1862s] P16 n100 p0.12 i101 mmfork-cuthill s4: SUCCESS acl=6.88/6.62 7.3872s
[2686/8235   1864s] P16 n100 p0.12 i102 minorminer s0: SUCCESS acl=6.97/6.68 4.2214s
[2687/8235   1866s] P16 n100 p0.12 i102 minorminer s2: SUCCESS acl=6.5/6.25 4.7917s
[2688/8235   1866s] P16 n100 p0.12 i102 minorminer s4: SUCCESS acl=7.19/6.83 4.188s
[2689/8235   1866s] P16 n100 p0.12 i101 clmm s1: SUCCESS acl=7.14/7.06 9.0002s
[2690/8235   1866s] P16 n340 p0.2 i102 clmm s3: FAILURE  72.5773s
[2691/8235   1867s] P16 n100 p0.12 i102 minorminer s3: SUCCESS acl=6.63/6.42 5.8507s
[2692/8235   1867s] P16 n340 p0.2 i102 pssa s0: FAILURE  67.3447s
[2693/8235   1869s] P16 n100 p0.12 i102 mmfork-cuthill s0: SUCCESS acl=6.96/6.71 6.4665s
[2694/8235   1869s] P16 n100 p0.12 i102 minorminer s1: SUCCESS acl=6.32/6.11 8.1178s
[2695/8235   1869s] P16 n100 p0.12 i102 clmm s2: SUCCESS acl=9.78/8.73 1.699s
[2696/8235   1869s] P16 n100 p0.12 i102 template s-1: SUCCESS acl=8.7/8.7 0.0211s
[2697/8235   1869s] P16 n100 p0.12 i102 mmfork-cuthill s1: SUCCESS acl=6.75/6.49 4.725s
[2698/8235   1869s] P16 n100 p0.12 i102 clique s-1: SUCCESS acl=9.82/8.7 0.0226s
[2699/8235   1869s] P16 n100 p0.12 i102 clmm s1: SUCCESS acl=7.45/7.33 2.4326s
[2700/8235   1869s] P16 n340 p0.2 i102 pssa s2: FAILURE  65.8524s
[2701/8235   1870s] P16 n100 p0.12 i102 pssa s0: SUCCESS acl=8.88/8.88 0.5004s
[2702/8235   1870s] P16 n100 p0.12 i102 pssa s1: SUCCESS acl=8.88/8.88 0.4726s
[2703/8235   1870s] P16 n100 p0.12 i102 pssa s2: SUCCESS acl=8.88/8.88 0.4692s
[2704/8235   1870s] P16 n100 p0.12 i102 clmm s0: SUCCESS acl=7.49/7.35 3.2424s
[2705/8235   1870s] P16 n100 p0.12 i102 pssa s3: SUCCESS acl=8.88/8.88 0.4752s
[2706/8235   1870s] P16 n340 p0.2 i102 pssa s1: FAILURE  67.2408s
[2707/8235   1870s] P16 n100 p0.12 i102 pssa s4: SUCCESS acl=8.88/8.88 0.4927s
[2708/8235   1871s] P16 n100 p0.12 i102 mmfork-cuthill s2: SUCCESS acl=6.7/6.53 5.0844s
[2709/8235   1871s] P16 n100 p0.12 i102 mmfork-cuthill s3: SUCCESS acl=6.5/6.3 5.2081s
[2710/8235   1871s] P16 n100 p0.12 i101 attraction s3: SUCCESS acl=6.99/6.65 10.9335s
[2711/8235   1871s] P16 n340 p0.2 i102 pssa s3: FAILURE  65.5724s
[2712/8235   1871s] P16 n100 p0.12 i102 clmm s4: SUCCESS acl=7.6/7.52 2.5848s
[2713/8235   1871s] P16 n100 p0.12 i102 clmm s3: SUCCESS acl=7.6/7.54 2.9088s
[2714/8235   1873s] P16 n340 p0.2 i102 pssa s4: FAILURE  66.8223s
[2715/8235   1873s] P16 n100 p0.12 i101 attraction s0: SUCCESS acl=6.49/6.31 13.1933s
[2716/8235   1873s] P16 n100 p0.12 i101 attraction s1: SUCCESS acl=6.38/6.17 13.3465s
[2717/8235   1873s] P16 n100 p0.12 i101 attraction s4: SUCCESS acl=6.24/6.0 13.0456s
[2718/8235   1874s] P16 n100 p0.12 i102 mmfork-cuthill s4: SUCCESS acl=6.76/6.51 8.1636s
[2719/8235   1874s] P16 n340 p0.2 i103 minorminer s2: FAILURE  64.2342s
[2720/8235   1875s] P16 n100 p0.12 i103 minorminer s3: SUCCESS acl=7.27/7.08 3.9663s
[2721/8235   1875s] P16 n100 p0.12 i103 mmfork-cuthill s1: SUCCESS acl=7.26/7.07 3.8896s
[2722/8235   1875s] P16 n100 p0.12 i103 clmm s0: SUCCESS acl=7.84/7.65 2.1824s
[2723/8235   1875s] P16 n100 p0.12 i103 template s-1: SUCCESS acl=8.61/8.61 0.0205s
[2724/8235   1876s] P16 n100 p0.12 i103 clique s-1: SUCCESS acl=9.82/8.61 0.0191s
[2725/8235   1876s] P16 n100 p0.12 i103 pssa s0: SUCCESS acl=8.8/8.8 0.5138s
[2726/8235   1876s] P16 n100 p0.12 i103 clmm s2: SUCCESS acl=7.67/7.49 2.1822s
[2727/8235   1877s] P16 n340 p0.2 i103 minorminer s1: FAILURE  66.8652s
[2728/8235   1877s] P16 n100 p0.12 i103 pssa s1: SUCCESS acl=8.8/8.8 0.5196s
[2729/8235   1877s] P16 n100 p0.12 i103 minorminer s0: SUCCESS acl=6.97/6.59 6.4144s
[2730/8235   1877s] P16 n100 p0.12 i103 mmfork-cuthill s3: SUCCESS acl=7.02/6.82 3.8981s
[2731/8235   1877s] P16 n100 p0.12 i103 minorminer s1: SUCCESS acl=6.53/6.35 6.2117s
[2732/8235   1877s] P16 n100 p0.12 i103 pssa s2: SUCCESS acl=8.8/8.8 0.5186s
[2733/8235   1877s] P16 n100 p0.12 i103 mmfork-cuthill s0: SUCCESS acl=6.77/6.57 5.6875s
[2734/8235   1877s] P16 n100 p0.12 i103 pssa s3: SUCCESS acl=8.8/8.8 0.5248s
[2735/8235   1877s] P16 n100 p0.12 i103 pssa s4: SUCCESS acl=8.8/8.8 0.5269s
[2736/8235   1877s] P16 n340 p0.2 i103 minorminer s0: FAILURE  68.5127s
[2737/8235   1877s] P16 n100 p0.12 i103 clmm s4: SUCCESS acl=7.76/7.62 2.045s
[2738/8235   1878s] P16 n100 p0.12 i103 mmfork-cuthill s4: SUCCESS acl=7.17/6.98 4.6512s
[2739/8235   1878s] P16 n100 p0.12 i103 clmm s3: SUCCESS acl=7.52/7.36 3.2258s
[2740/8235   1878s] P16 n100 p0.12 i101 attraction s2: SUCCESS acl=6.29/6.06 18.5446s
[2741/8235   1879s] P16 n100 p0.12 i103 clmm s1: SUCCESS acl=7.11/7.0 4.7228s
[2742/8235   1879s] P16 n340 p0.2 i103 minorminer s3: FAILURE  68.7344s
[2743/8235   1879s] P16 n340 p0.2 i102 attraction s0: FAILURE  72.3024s
[2744/8235   1879s] P16 n100 p0.12 i103 minorminer s4: SUCCESS acl=6.79/6.53 8.2883s
[2745/8235   1880s] P16 n100 p0.12 i102 attraction s0: SUCCESS acl=6.88/6.59 9.8385s
[2746/8235   1880s] P16 n100 p0.12 i103 mmfork-cuthill s2: SUCCESS acl=6.6/6.38 7.0143s
[2747/8235   1880s] P16 n340 p0.2 i102 attraction s2: FAILURE  71.8345s
[2748/8235   1880s] P16 n340 p0.2 i102 attraction s3: FAILURE  72.0951s
[2749/8235   1880s] P16 n340 p0.2 i103 minorminer s4: FAILURE  68.1168s
[2750/8235   1881s] P16 n160 p0.12 i101 template s-1: SUCCESS acl=13.7/13.7 0.0919s
[2751/8235   1881s] P16 n160 p0.12 i101 clique s-1: SUCCESS acl=14.825/13.7 0.0185s
[2752/8235   1881s] P16 n340 p0.2 i102 attraction s1: FAILURE  73.1521s
[2753/8235   1881s] P16 n100 p0.12 i103 minorminer s2: SUCCESS acl=6.54/6.38 10.2531s
[2754/8235   1881s] P16 n100 p0.12 i102 attraction s2: SUCCESS acl=6.33/6.16 11.4453s
[2755/8235   1881s] P16 n100 p0.12 i102 attraction s1: SUCCESS acl=6.72/6.57 11.5937s
[2756/8235   1881s] P16 n340 p0.2 i103 mmfork-cuthill s0: FAILURE  66.2662s
[2757/8235   1881s] P16 n160 p0.12 i101 pssa s0: SUCCESS acl=13.8562/13.8562 0.611s
[2758/8235   1881s] P16 n160 p0.12 i101 pssa s1: SUCCESS acl=13.8562/13.8562 0.6223s
[2759/8235   1882s] P16 n160 p0.12 i101 pssa s2: SUCCESS acl=13.8562/13.8562 0.6461s
[2760/8235   1882s] P16 n160 p0.12 i101 pssa s3: SUCCESS acl=13.8562/13.8562 0.6271s
[2761/8235   1882s] P16 n160 p0.12 i101 pssa s4: SUCCESS acl=13.8562/13.8562 0.6177s
[2762/8235   1882s] P16 n340 p0.2 i102 attraction s4: FAILURE  73.4154s
[2763/8235   1883s] P16 n100 p0.12 i102 attraction s3: SUCCESS acl=6.33/6.07 13.2801s
[2764/8235   1884s] P16 n340 p0.2 i103 mmfork-cuthill s1: FAILURE  68.1005s
[2765/8235   1884s] P16 n340 p0.2 i103 mmfork-cuthill s4: FAILURE  65.6019s
[2766/8235   1884s] P16 n100 p0.12 i102 attraction s4: SUCCESS acl=6.22/6.05 14.1917s
[2767/8235   1884s] P16 n340 p0.2 i103 clmm s2: FAILURE  60.2766s
[2768/8235   1886s] P16 n340 p0.2 i103 mmfork-cuthill s2: FAILURE  69.5335s
[2769/8235   1886s] P16 n340 p0.2 i103 mmfork-cuthill s3: FAILURE  68.8894s
[2770/8235   1887s] P16 n100 p0.12 i103 attraction s0: SUCCESS acl=7.7/7.35 10.286s
[2771/8235   1887s] P16 n160 p0.12 i101 clmm s2: SUCCESS acl=14.825/13.7 7.6334s
[2772/8235   1889s] P16 n100 p0.12 i103 attraction s4: SUCCESS acl=7.12/6.82 12.2027s
[2773/8235   1889s] P16 n100 p0.12 i103 attraction s1: SUCCESS acl=6.57/6.48 12.2913s
[2774/8235   1889s] P16 n100 p0.12 i103 attraction s3: SUCCESS acl=7.12/6.78 12.2778s
[2775/8235   1889s] P16 n100 p0.12 i103 attraction s2: SUCCESS acl=6.71/6.44 12.3824s
[2776/8235   1890s] P16 n340 p0.2 i103 clmm s0: FAILURE  70.8611s
[2777/8235   1890s] P16 n160 p0.12 i102 template s-1: SUCCESS acl=13.5625/13.5625 0.0944s
[2778/8235   1890s] P16 n160 p0.12 i102 clique s-1: SUCCESS acl=14.825/13.5625 0.0223s
[2779/8235   1891s] P16 n160 p0.12 i101 clmm s3: SUCCESS acl=13.15/13.0375 10.7004s
[2780/8235   1891s] P16 n160 p0.12 i102 pssa s0: SUCCESS acl=13.8375/13.8375 0.6261s
[2781/8235   1891s] P16 n160 p0.12 i102 pssa s1: SUCCESS acl=13.8375/13.8375 0.6198s
[2782/8235   1892s] P16 n160 p0.12 i102 pssa s2: SUCCESS acl=13.8375/13.8375 0.6346s
[2783/8235   1892s] P16 n340 p0.2 i103 clmm s3: FAILURE  61.8385s
[2784/8235   1892s] P16 n160 p0.12 i102 pssa s3: SUCCESS acl=13.8375/13.8375 0.6284s
[2785/8235   1892s] P16 n340 p0.2 i103 pssa s1: FAILURE  61.0065s
[2786/8235   1892s] P16 n160 p0.12 i101 minorminer s0: SUCCESS acl=17.0312/15.9313 15.0529s
[2787/8235   1892s] P16 n160 p0.12 i102 pssa s4: SUCCESS acl=13.8375/13.8375 0.6385s
[2788/8235   1893s] P16 n340 p0.2 i103 clmm s4: FAILURE  62.3841s
[2789/8235   1893s] P16 n340 p0.2 i103 pssa s0: FAILURE  62.5367s
[2790/8235   1894s] P16 n340 p0.2 i103 clmm s1: FAILURE  70.795s
[2791/8235   1895s] P16 n160 p0.12 i101 mmfork-cuthill s2: SUCCESS acl=16.6562/15.6438 16.21s
[2792/8235   1898s] P16 n160 p0.12 i101 clmm s1: SUCCESS acl=13.0/12.8625 18.3795s
[2793/8235   1899s] P16 n340 p0.2 i103 pssa s2: FAILURE  67.9342s
[2794/8235   1899s] P16 n160 p0.12 i102 minorminer s4: SUCCESS acl=16.0437/14.975 15.1035s
[2795/8235   1900s] P16 n160 p0.12 i101 minorminer s3: SUCCESS acl=15.1062/14.2875 22.0555s
[2796/8235   1900s] P16 n160 p0.12 i102 minorminer s3: SUCCESS acl=15.775/14.9313 15.8776s
[2797/8235   1900s] P16 n160 p0.12 i102 clmm s4: SUCCESS acl=12.7937/12.6375 10.8906s
[2798/8235   1901s] P16 n160 p0.12 i102 clmm s3: SUCCESS acl=12.8375/12.7562 11.4872s
[2799/8235   1901s] P16 n160 p0.12 i101 mmfork-cuthill s3: SUCCESS acl=15.15/14.2688 22.2459s
[2800/8235   1902s] P16 n160 p0.12 i102 clmm s0: SUCCESS acl=12.8375/12.7438 14.9947s
[2801/8235   1903s] P16 n160 p0.12 i101 minorminer s2: SUCCESS acl=15.3688/14.3688 25.0503s
[2802/8235   1903s] P16 n340 p0.2 i103 pssa s3: FAILURE  68.6041s
[2803/8235   1904s] P16 n160 p0.12 i101 clmm s0: SUCCESS acl=13.0625/12.8938 24.4575s
[2804/8235   1904s] P16 n160 p0.12 i103 template s-1: SUCCESS acl=13.5563/13.5563 0.0774s
[2805/8235   1904s] P16 n160 p0.12 i103 clique s-1: SUCCESS acl=14.825/13.5563 0.023s
[2806/8235   1905s] P16 n160 p0.12 i102 mmfork-cuthill s0: SUCCESS acl=15.45/14.4875 20.271s
[2807/8235   1905s] P16 n160 p0.12 i103 pssa s0: SUCCESS acl=13.6687/13.6687 0.752s
[2808/8235   1905s] P16 n160 p0.12 i102 clmm s1: SUCCESS acl=12.8187/12.7438 15.7618s
[2809/8235   1905s] P16 n160 p0.12 i101 clmm s4: SUCCESS acl=13.0/12.8688 24.5578s
[2810/8235   1906s] P16 n160 p0.12 i103 pssa s1: SUCCESS acl=13.6687/13.6687 0.7647s
[2811/8235   1906s] P16 n160 p0.12 i103 pssa s2: SUCCESS acl=13.6687/13.6687 0.7607s
[2812/8235   1906s] P16 n160 p0.12 i103 pssa s3: SUCCESS acl=13.6687/13.6687 0.7716s
[2813/8235   1906s] P16 n340 p0.2 i103 pssa s4: FAILURE  68.6336s
[2814/8235   1906s] P16 n160 p0.12 i103 pssa s4: SUCCESS acl=13.6687/13.6687 0.7662s
[2815/8235   1906s] P16 n160 p0.12 i101 mmfork-cuthill s1: SUCCESS acl=15.2125/14.3688 27.4204s
[2816/8235   1907s] P16 n160 p0.12 i101 minorminer s4: SUCCESS acl=15.325/14.5437 29.066s
[2817/8235   1908s] P16 n160 p0.12 i101 mmfork-cuthill s0: SUCCESS acl=14.0312/13.4187 29.5384s
[2818/8235   1908s] P16 n160 p0.12 i101 minorminer s1: SUCCESS acl=14.8562/14.1 30.5604s
[2819/8235   1908s] P16 n340 p0.2 i103 attraction s0: FAILURE  71.0836s
[2820/8235   1910s] P16 n160 p0.12 i102 mmfork-cuthill s1: SUCCESS acl=15.8812/14.9187 25.1196s
[2821/8235   1910s] P16 n160 p0.12 i101 mmfork-cuthill s4: SUCCESS acl=13.85/13.2812 30.6758s
[2822/8235   1910s] P16 n340 p0.2 i103 attraction s1: FAILURE  72.7697s
[2823/8235   1911s] P16 n340 p0.2 i103 attraction s4: FAILURE  72.4184s
[2824/8235   1911s] P16 n340 p0.2 i103 attraction s2: FAILURE  73.0087s
[2825/8235   1913s] P16 n340 p0.2 i103 attraction s3: FAILURE  74.7071s
[2826/8235   1914s] P16 n160 p0.12 i103 clmm s0: SUCCESS acl=12.725/12.625 13.2778s
[2827/8235   1915s] P16 n160 p0.12 i103 mmfork-cuthill s4: SUCCESS acl=15.0687/14.1937 14.5692s
[2828/8235   1917s] P16 n160 p0.12 i102 mmfork-cuthill s2: SUCCESS acl=13.9437/13.25 31.0598s
[2829/8235   1917s] P16 n160 p0.12 i102 clmm s2: SUCCESS acl=12.7125/12.5625 27.9658s
[2830/8235   1918s] P16 n160 p0.12 i102 mmfork-cuthill s4: SUCCESS acl=14.1125/13.4563 30.7691s
[2831/8235   1918s] P16 n220 p0.12 i101 template s-1: INFEASIBLE  0.0s
[2832/8235   1918s] P16 n220 p0.12 i101 clique s-1: FAILURE  0.0195s
[2833/8235   1918s] P16 n160 p0.12 i103 minorminer s3: SUCCESS acl=15.1062/14.2937 23.09s
[2834/8235   1919s] P16 n160 p0.12 i102 mmfork-cuthill s3: SUCCESS acl=14.375/13.6375 32.5534s
[2835/8235   1919s] P16 n160 p0.12 i103 clmm s1: SUCCESS acl=12.7438/12.6312 17.8554s
[2836/8235   1920s] P16 n160 p0.12 i103 minorminer s1: SUCCESS acl=14.825/14.075 26.3096s
[2837/8235   1921s] P16 n160 p0.12 i102 minorminer s2: SUCCESS acl=15.3375/14.6562 37.5564s
[2838/8235   1921s] P16 n160 p0.12 i102 minorminer s0: SUCCESS acl=14.9563/14.1062 39.0238s
[2839/8235   1923s] P16 n160 p0.12 i103 clmm s2: SUCCESS acl=12.7562/12.6188 20.847s
[2840/8235   1926s] P16 n160 p0.12 i103 clmm s4: SUCCESS acl=12.7937/12.7125 23.1258s
[2841/8235   1927s] P16 n160 p0.12 i103 minorminer s2: SUCCESS acl=14.75/13.95 32.5485s
[2842/8235   1931s] P16 n160 p0.12 i103 minorminer s4: SUCCESS acl=15.25/14.3625 33.1394s
[2843/8235   1933s] P16 n160 p0.12 i103 mmfork-cuthill s2: SUCCESS acl=14.625/13.95 33.2266s
[2844/8235   1934s] P16 n160 p0.12 i103 mmfork-cuthill s0: SUCCESS acl=14.4187/13.5875 34.4027s
[2845/8235   1934s] P16 n160 p0.12 i101 attraction s4: SUCCESS acl=15.6312/14.5375 51.9449s
[2846/8235   1936s] P16 n160 p0.12 i103 clmm s3: SUCCESS acl=12.5687/12.5188 32.9328s
[2847/8235   1936s] P16 n160 p0.12 i102 attraction s4: SUCCESS acl=16.4312/15.4563 43.1121s
[2848/8235   1936s] P16 n160 p0.12 i103 minorminer s0: SUCCESS acl=14.8625/14.125 43.3569s
[2849/8235   1937s] P16 n160 p0.12 i102 minorminer s1: SUCCESS acl=14.15/13.4812 55.0577s
[2850/8235   1938s] P16 n160 p0.12 i103 mmfork-cuthill s3: SUCCESS acl=14.1875/13.575 37.7064s
[2851/8235   1941s] P16 n160 p0.12 i103 mmfork-cuthill s1: SUCCESS acl=14.3125/13.575 41.6521s
[2852/8235   1942s] P16 n160 p0.12 i101 attraction s1: SUCCESS acl=15.0563/14.1625 60.0849s
[2853/8235   1942s] P16 n160 p0.12 i101 attraction s0: SUCCESS acl=14.725/13.7562 60.2412s
[2854/8235   1942s] P16 n160 p0.12 i101 attraction s3: SUCCESS acl=15.3625/14.45 60.0815s
[2855/8235   1942s] P16 n160 p0.12 i101 attraction s2: SUCCESS acl=14.6875/14.0125 60.6218s
[2856/8235   1952s] P16 n160 p0.12 i102 attraction s0: SUCCESS acl=15.1687/14.2125 60.0979s
[2857/8235   1952s] P16 n160 p0.12 i102 attraction s1: SUCCESS acl=14.4812/13.7063 60.0763s
[2858/8235   1952s] P16 n220 p0.12 i102 template s-1: INFEASIBLE  0.0s
[2859/8235   1952s] P16 n220 p0.12 i102 clique s-1: FAILURE  0.0182s
[2860/8235   1953s] P16 n160 p0.12 i102 attraction s2: SUCCESS acl=14.3063/13.525 60.4414s
[2861/8235   1953s] P16 n160 p0.12 i102 attraction s3: SUCCESS acl=15.0563/14.1125 60.2218s
[2862/8235   1963s] P16 n160 p0.12 i103 attraction s3: SUCCESS acl=14.9812/14.1562 57.4204s
[2863/8235   1964s] P16 n160 p0.12 i103 attraction s4: SUCCESS acl=14.625/13.75 57.6704s
[2864/8235   1966s] P16 n160 p0.12 i103 attraction s0: SUCCESS acl=14.9688/14.1312 60.2777s
[2865/8235   1966s] P16 n160 p0.12 i103 attraction s2: SUCCESS acl=14.6562/13.8438 60.425s
[2866/8235   1966s] P16 n160 p0.12 i103 attraction s1: SUCCESS acl=14.325/13.4062 60.5323s
[2867/8235   1968s] P16 n220 p0.12 i101 minorminer s0: FAILURE  61.8833s
[2868/8235   1969s] P16 n220 p0.12 i101 minorminer s2: FAILURE  61.3796s
[2869/8235   1970s] P16 n220 p0.12 i101 minorminer s1: FAILURE  62.7478s
[2870/8235   1970s] P16 n220 p0.12 i101 minorminer s3: FAILURE  62.5233s
[2871/8235   1971s] P16 n220 p0.12 i101 minorminer s4: FAILURE  62.3392s
[2872/8235   1972s] P16 n220 p0.12 i101 mmfork-cuthill s1: FAILURE  61.8521s
[2873/8235   1972s] P16 n220 p0.12 i101 mmfork-cuthill s0: FAILURE  62.6207s
[2874/8235   1972s] P16 n220 p0.12 i101 mmfork-cuthill s4: FAILURE  61.8691s
[2875/8235   1973s] P16 n220 p0.12 i101 mmfork-cuthill s2: FAILURE  63.1796s
[2876/8235   1974s] P16 n220 p0.12 i101 mmfork-cuthill s3: FAILURE  63.2017s
[2877/8235   1975s] P16 n220 p0.12 i101 clmm s0: FAILURE  62.8085s
[2878/8235   1976s] P16 n220 p0.12 i101 clmm s1: FAILURE  62.2754s
[2879/8235   1979s] P16 n220 p0.12 i101 clmm s2: FAILURE  63.7967s
[2880/8235   1979s] P16 n220 p0.12 i101 clmm s3: FAILURE  62.1929s
[2881/8235   1980s] P16 n220 p0.12 i101 clmm s4: FAILURE  62.6221s
[2882/8235   1985s] P16 n220 p0.12 i101 attraction s0: FAILURE  63.5059s
[2883/8235   1985s] P16 n220 p0.12 i101 attraction s1: FAILURE  64.0722s
[2884/8235   1985s] P16 n220 p0.12 i101 pssa s2: FAILURE  66.3996s
[2885/8235   1985s] P16 n220 p0.12 i103 template s-1: INFEASIBLE  0.0s
[2886/8235   1985s] P16 n220 p0.12 i101 pssa s1: FAILURE  67.2062s
[2887/8235   1985s] P16 n220 p0.12 i103 clique s-1: FAILURE  0.0199s
[2888/8235   1986s] P16 n220 p0.12 i101 attraction s2: FAILURE  62.9241s
[2889/8235   1987s] P16 n220 p0.12 i101 pssa s0: FAILURE  68.7491s
[2890/8235   1988s] P16 n220 p0.12 i101 pssa s3: FAILURE  69.1564s
[2891/8235   1988s] P16 n220 p0.12 i101 pssa s4: FAILURE  68.4788s
[2892/8235   1990s] P16 n220 p0.12 i101 attraction s4: FAILURE  62.9785s
[2893/8235   1990s] P16 n220 p0.12 i101 attraction s3: FAILURE  64.5079s
[2894/8235   1994s] P16 n220 p0.12 i102 minorminer s0: FAILURE  62.6214s
[2895/8235   1996s] P16 n220 p0.12 i102 minorminer s1: FAILURE  62.6546s
[2896/8235   1996s] P16 n220 p0.12 i102 minorminer s3: FAILURE  62.3267s
[2897/8235   1997s] P16 n220 p0.12 i102 minorminer s2: FAILURE  62.7786s
[2898/8235   1997s] P16 n220 p0.12 i102 minorminer s4: FAILURE  61.7743s
[2899/8235   1998s] P16 n220 p0.12 i102 mmfork-cuthill s0: FAILURE  62.698s
[2900/8235   1998s] P16 n220 p0.12 i102 mmfork-cuthill s1: FAILURE  62.1226s
[2901/8235   1999s] P16 n220 p0.12 i102 mmfork-cuthill s3: FAILURE  61.7067s
[2902/8235   1999s] P16 n220 p0.12 i102 mmfork-cuthill s2: FAILURE  62.0771s
[2903/8235   2003s] P16 n220 p0.12 i102 clmm s2: FAILURE  61.0117s
[2904/8235   2004s] P16 n220 p0.12 i102 clmm s3: FAILURE  61.5478s
[2905/8235   2004s] P16 n220 p0.12 i102 mmfork-cuthill s4: FAILURE  63.0669s
[2906/8235   2005s] P16 n220 p0.12 i102 clmm s1: FAILURE  62.9691s
[2907/8235   2005s] P16 n220 p0.12 i102 clmm s0: FAILURE  63.0922s
[2908/8235   2014s] P16 n220 p0.12 i102 clmm s4: FAILURE  62.0445s
[2909/8235   2014s] P16 n220 p0.12 i102 pssa s2: FAILURE  61.5989s
[2910/8235   2018s] P16 n220 p0.12 i102 pssa s1: FAILURE  65.6288s
[2911/8235   2021s] P16 n220 p0.12 i102 pssa s0: FAILURE  68.4405s
[2912/8235   2021s] P16 n300 p0.12 i101 template s-1: INFEASIBLE  0.0s
[2913/8235   2021s] P16 n300 p0.12 i101 clique s-1: FAILURE  0.0222s
[2914/8235   2029s] P16 n220 p0.12 i102 pssa s3: FAILURE  65.3417s
[2915/8235   2029s] P16 n220 p0.12 i102 attraction s2: FAILURE  62.7357s
[2916/8235   2030s] P16 n220 p0.12 i102 pssa s4: FAILURE  65.857s
[2917/8235   2030s] P16 n220 p0.12 i102 attraction s1: FAILURE  63.473s
[2918/8235   2030s] P16 n220 p0.12 i102 attraction s0: FAILURE  64.0092s
[2919/8235   2031s] P16 n220 p0.12 i102 attraction s3: FAILURE  63.4466s
[2920/8235   2032s] P16 n220 p0.12 i103 minorminer s1: FAILURE  61.7768s
[2921/8235   2032s] P16 n220 p0.12 i103 minorminer s2: FAILURE  61.6177s
[2922/8235   2033s] P16 n220 p0.12 i103 minorminer s0: FAILURE  62.6758s
[2923/8235   2033s] P16 n220 p0.12 i102 attraction s4: FAILURE  63.333s
[2924/8235   2033s] P16 n220 p0.12 i103 minorminer s3: FAILURE  61.7647s
[2925/8235   2034s] P16 n220 p0.12 i103 minorminer s4: FAILURE  61.9577s
[2926/8235   2035s] P16 n220 p0.12 i103 mmfork-cuthill s1: FAILURE  62.0666s
[2927/8235   2036s] P16 n220 p0.12 i103 mmfork-cuthill s0: FAILURE  63.2188s
[2928/8235   2037s] P16 n220 p0.12 i103 mmfork-cuthill s2: FAILURE  62.8625s
[2929/8235   2038s] P16 n220 p0.12 i103 mmfork-cuthill s4: FAILURE  61.6538s
[2930/8235   2039s] P16 n220 p0.12 i103 mmfork-cuthill s3: FAILURE  63.2884s
[2931/8235   2042s] P16 n220 p0.12 i103 clmm s0: FAILURE  62.8401s
[2932/8235   2042s] P16 n220 p0.12 i103 clmm s1: FAILURE  62.957s
[2933/8235   2043s] P16 n220 p0.12 i103 clmm s2: FAILURE  63.3958s
[2934/8235   2046s] P16 n220 p0.12 i103 clmm s3: FAILURE  61.6545s
[2935/8235   2048s] P16 n220 p0.12 i103 clmm s4: FAILURE  62.3109s
[2936/8235   2050s] P16 n220 p0.12 i103 pssa s1: FAILURE  64.9711s
[2937/8235   2051s] P16 n220 p0.12 i103 pssa s0: FAILURE  65.1728s
[2938/8235   2052s] P16 n220 p0.12 i103 attraction s0: FAILURE  63.2776s
[2939/8235   2052s] P16 n300 p0.12 i102 template s-1: INFEASIBLE  0.0s
[2940/8235   2052s] P16 n300 p0.12 i102 clique s-1: FAILURE  0.0229s
[2941/8235   2053s] P16 n220 p0.12 i103 pssa s2: FAILURE  66.7519s
[2942/8235   2054s] P16 n220 p0.12 i103 pssa s3: FAILURE  67.0873s
[2943/8235   2054s] P16 n220 p0.12 i103 attraction s2: FAILURE  63.4149s
[2944/8235   2054s] P16 n220 p0.12 i103 attraction s1: FAILURE  63.989s
[2945/8235   2055s] P16 n220 p0.12 i103 pssa s4: FAILURE  66.5465s
[2946/8235   2058s] P16 n220 p0.12 i103 attraction s3: FAILURE  63.7346s
[2947/8235   2059s] P16 n220 p0.12 i103 attraction s4: FAILURE  63.3294s
[2948/8235   2059s] P16 n300 p0.12 i101 minorminer s0: FAILURE  62.6629s
[2949/8235   2060s] P16 n300 p0.12 i101 minorminer s1: FAILURE  63.7931s
[2950/8235   2062s] P16 n300 p0.12 i101 minorminer s2: FAILURE  64.3358s
[2951/8235   2062s] P16 n300 p0.12 i101 minorminer s3: FAILURE  63.4439s
[2952/8235   2062s] P16 n300 p0.12 i101 minorminer s4: FAILURE  63.8129s
[2953/8235   2063s] P16 n300 p0.12 i101 mmfork-cuthill s1: FAILURE  63.6394s
[2954/8235   2065s] P16 n300 p0.12 i101 mmfork-cuthill s0: FAILURE  65.3198s
[2955/8235   2065s] P16 n300 p0.12 i101 mmfork-cuthill s2: FAILURE  61.6799s
[2956/8235   2067s] P16 n300 p0.12 i101 mmfork-cuthill s3: FAILURE  63.3208s
[2957/8235   2068s] P16 n300 p0.12 i101 mmfork-cuthill s4: FAILURE  64.2007s
[2958/8235   2069s] P16 n300 p0.12 i101 clmm s0: FAILURE  64.0552s
[2959/8235   2069s] P16 n300 p0.12 i101 clmm s1: FAILURE  64.263s
[2960/8235   2078s] P16 n300 p0.12 i101 clmm s2: FAILURE  63.6459s
[2961/8235   2079s] P16 n300 p0.12 i101 clmm s3: FAILURE  64.6535s
[2962/8235   2083s] P16 n300 p0.12 i101 clmm s4: FAILURE  64.8236s
[2963/8235   2087s] P16 n300 p0.12 i101 pssa s0: FAILURE  66.2575s
[2964/8235   2093s] P16 n300 p0.12 i101 pssa s1: FAILURE  64.1068s
[2965/8235   2095s] P16 n300 p0.12 i102 minorminer s2: FAILURE  61.0125s
[2966/8235   2095s] P16 n300 p0.12 i103 template s-1: INFEASIBLE  0.0s
[2967/8235   2095s] P16 n300 p0.12 i103 clique s-1: FAILURE  0.0216s
[2968/8235   2097s] P16 n300 p0.12 i102 minorminer s0: FAILURE  64.3333s
[2969/8235   2097s] P16 n300 p0.12 i101 pssa s2: FAILURE  68.0159s
[2970/8235   2097s] P16 n300 p0.12 i101 attraction s1: FAILURE  65.9942s
[2971/8235   2097s] P16 n300 p0.12 i101 attraction s2: FAILURE  65.2471s
[2972/8235   2098s] P16 n300 p0.12 i101 attraction s3: FAILURE  65.1612s
[2973/8235   2098s] P16 n300 p0.12 i102 minorminer s1: FAILURE  64.2124s
[2974/8235   2098s] P16 n300 p0.12 i101 attraction s4: FAILURE  65.5765s
[2975/8235   2098s] P16 n300 p0.12 i101 pssa s3: FAILURE  68.5474s
[2976/8235   2099s] P16 n300 p0.12 i101 attraction s0: FAILURE  68.658s
[2977/8235   2099s] P16 n300 p0.12 i101 pssa s4: FAILURE  69.3383s
[2978/8235   2100s] P16 n300 p0.12 i102 minorminer s4: FAILURE  63.9843s
[2979/8235   2101s] P16 n300 p0.12 i102 mmfork-cuthill s0: FAILURE  64.3379s
[2980/8235   2102s] P16 n300 p0.12 i102 minorminer s3: FAILURE  66.0545s
[2981/8235   2103s] P16 n300 p0.12 i102 mmfork-cuthill s2: FAILURE  63.9065s
[2982/8235   2105s] P16 n300 p0.12 i102 mmfork-cuthill s1: FAILURE  66.8594s
[2983/8235   2106s] P16 n300 p0.12 i102 mmfork-cuthill s3: FAILURE  64.0309s
[2984/8235   2108s] P16 n300 p0.12 i102 clmm s0: FAILURE  64.7028s
[2985/8235   2108s] P16 n300 p0.12 i102 mmfork-cuthill s4: FAILURE  66.2396s
[2986/8235   2111s] P16 n300 p0.12 i102 clmm s1: FAILURE  64.377s
[2987/8235   2112s] P16 n300 p0.12 i102 clmm s2: FAILURE  64.8804s
[2988/8235   2113s] P16 n300 p0.12 i102 clmm s4: FAILURE  62.5748s
[2989/8235   2115s] P16 n300 p0.12 i102 clmm s3: FAILURE  64.2968s
[2990/8235   2118s] P16 n300 p0.12 i102 pssa s1: FAILURE  65.2805s
[2991/8235   2121s] P16 n300 p0.12 i102 pssa s0: FAILURE  68.7841s
[2992/8235   2121s] P16 n300 p0.12 i102 pssa s4: FAILURE  67.0774s
[2993/8235   2121s] P16 n400 p0.12 i101 template s-1: INFEASIBLE  0.0s
[2994/8235   2121s] P16 n400 p0.12 i101 clique s-1: FAILURE  0.0193s
[2995/8235   2121s] P16 n300 p0.12 i102 pssa s3: FAILURE  67.5708s
[2996/8235   2122s] P16 n300 p0.12 i102 pssa s2: FAILURE  68.2916s
[2997/8235   2122s] P16 n300 p0.12 i102 attraction s0: FAILURE  67.2286s
[2998/8235   2123s] P16 n300 p0.12 i103 minorminer s2: FAILURE  60.5583s
[2999/8235   2124s] P16 n300 p0.12 i102 attraction s3: FAILURE  65.3357s
[3000/8235   2125s] P16 n300 p0.12 i102 attraction s2: FAILURE  65.5925s
[3001/8235   2125s] P16 n300 p0.12 i102 attraction s4: FAILURE  64.987s
[3002/8235   2126s] P16 n300 p0.12 i103 minorminer s0: FAILURE  63.8294s
[3003/8235   2126s] P16 n300 p0.12 i102 attraction s1: FAILURE  68.4394s
[3004/8235   2126s] P16 n300 p0.12 i103 minorminer s1: FAILURE  64.2509s
[3005/8235   2128s] P16 n300 p0.12 i103 minorminer s3: FAILURE  65.0556s
[3006/8235   2130s] P16 n300 p0.12 i103 minorminer s4: FAILURE  65.7392s
[3007/8235   2132s] P16 n300 p0.12 i103 mmfork-cuthill s0: FAILURE  66.9116s
[3008/8235   2132s] P16 n300 p0.12 i103 mmfork-cuthill s3: FAILURE  62.8539s
[3009/8235   2132s] P16 n300 p0.12 i103 mmfork-cuthill s2: FAILURE  63.8569s
[3010/8235   2134s] P16 n300 p0.12 i103 mmfork-cuthill s1: FAILURE  66.596s
[3011/8235   2135s] P16 n300 p0.12 i103 mmfork-cuthill s4: FAILURE  66.2903s
[3012/8235   2142s] P16 n300 p0.12 i103 clmm s0: FAILURE  63.7408s
[3013/8235   2144s] P16 n300 p0.12 i103 clmm s1: FAILURE  64.6816s
[3014/8235   2147s] P16 n300 p0.12 i103 clmm s2: FAILURE  63.9354s
[3015/8235   2151s] P16 n300 p0.12 i103 clmm s3: FAILURE  64.2836s
[3016/8235   2156s] P16 n300 p0.12 i103 clmm s4: FAILURE  63.1566s
[3017/8235   2159s] P16 n300 p0.12 i103 pssa s2: FAILURE  61.7507s
[3018/8235   2159s] P16 n300 p0.12 i103 pssa s0: FAILURE  64.0034s
[3019/8235   2162s] P16 n300 p0.12 i103 pssa s3: FAILURE  64.9459s
[3020/8235   2162s] P16 n400 p0.12 i102 template s-1: INFEASIBLE  0.0s
[3021/8235   2162s] P16 n400 p0.12 i102 clique s-1: FAILURE  0.0224s
[3022/8235   2164s] P16 n300 p0.12 i103 attraction s3: FAILURE  65.7357s
[3023/8235   2164s] P16 n300 p0.12 i103 pssa s1: FAILURE  67.3803s
[3024/8235   2165s] P16 n300 p0.12 i103 pssa s4: FAILURE  67.5049s
[3025/8235   2165s] P16 n300 p0.12 i103 attraction s0: FAILURE  67.5361s
[3026/8235   2165s] P16 n400 p0.12 i101 minorminer s1: FAILURE  65.7296s
[3027/8235   2166s] P16 n400 p0.12 i101 minorminer s2: FAILURE  64.8799s
[3028/8235   2166s] P16 n300 p0.12 i103 attraction s2: FAILURE  67.7852s
[3029/8235   2166s] P16 n400 p0.12 i101 minorminer s0: FAILURE  66.8054s
[3030/8235   2166s] P16 n300 p0.12 i103 attraction s1: FAILURE  68.5061s
[3031/8235   2167s] P16 n400 p0.12 i101 minorminer s4: FAILURE  64.7647s
[3032/8235   2168s] P16 n300 p0.12 i103 attraction s4: FAILURE  68.7316s
[3033/8235   2171s] P16 n400 p0.12 i101 minorminer s3: FAILURE  69.4598s
[3034/8235   2173s] P16 n400 p0.12 i101 mmfork-cuthill s0: FAILURE  67.6041s
[3035/8235   2174s] P16 n400 p0.12 i101 mmfork-cuthill s1: FAILURE  68.2403s
[3036/8235   2175s] P16 n400 p0.12 i101 mmfork-cuthill s2: FAILURE  66.5491s
[3037/8235   2176s] P16 n400 p0.12 i101 clmm s1: FAILURE  62.512s
[3038/8235   2176s] P16 n400 p0.12 i101 mmfork-cuthill s4: FAILURE  65.1955s
[3039/8235   2178s] P16 n400 p0.12 i101 mmfork-cuthill s3: FAILURE  70.0589s
[3040/8235   2181s] P16 n400 p0.12 i101 clmm s0: FAILURE  68.5174s
[3041/8235   2181s] P16 n400 p0.12 i101 clmm s2: FAILURE  66.3176s
[3042/8235   2184s] P16 n400 p0.12 i101 pssa s2: FAILURE  62.0151s
[3043/8235   2184s] P16 n400 p0.12 i101 pssa s4: FAILURE  61.3922s
[3044/8235   2185s] P16 n400 p0.12 i101 clmm s3: FAILURE  66.6839s
[3045/8235   2188s] P16 n400 p0.12 i101 clmm s4: FAILURE  67.1063s
[3046/8235   2189s] P16 n400 p0.12 i101 pssa s0: FAILURE  67.3594s
[3047/8235   2189s] P16 n400 p0.12 i103 template s-1: INFEASIBLE  0.0s
[3048/8235   2189s] P16 n400 p0.12 i103 clique s-1: FAILURE  0.0201s
[3049/8235   2189s] P16 n400 p0.12 i101 pssa s1: FAILURE  67.4901s
[3050/8235   2191s] P16 n400 p0.12 i101 pssa s3: FAILURE  68.5815s
[3051/8235   2192s] P16 n400 p0.12 i102 minorminer s0: FAILURE  65.3789s
[3052/8235   2196s] P16 n400 p0.12 i101 attraction s2: FAILURE  70.2506s
[3053/8235   2196s] P16 n400 p0.12 i102 minorminer s2: FAILURE  65.3023s
[3054/8235   2196s] P16 n400 p0.12 i101 attraction s0: FAILURE  71.48s
[3055/8235   2196s] P16 n400 p0.12 i101 attraction s3: FAILURE  70.2752s
[3056/8235   2196s] P16 n400 p0.12 i102 minorminer s1: FAILURE  67.8159s
[3057/8235   2197s] P16 n400 p0.12 i101 attraction s1: FAILURE  71.9725s
[3058/8235   2197s] P16 n400 p0.12 i101 attraction s4: FAILURE  70.4144s
[3059/8235   2198s] P16 n80 p0.08 i101 minorminer s0: SUCCESS acl=2.825/2.7875 1.0889s
[3060/8235   2198s] P16 n80 p0.08 i101 minorminer s1: SUCCESS acl=2.7375/2.7 0.5803s
[3061/8235   2199s] P16 n80 p0.08 i101 minorminer s2: SUCCESS acl=3.1875/3.1375 0.5874s
[3062/8235   2200s] P16 n80 p0.08 i101 minorminer s3: SUCCESS acl=3.0625/3.025 0.6256s
[3063/8235   2200s] P16 n400 p0.12 i102 mmfork-cuthill s1: FAILURE  65.7503s
[3064/8235   2200s] P16 n400 p0.12 i102 minorminer s4: FAILURE  68.3809s
[3065/8235   2200s] P16 n80 p0.08 i101 minorminer s4: SUCCESS acl=3.025/2.9625 0.7036s
[3066/8235   2200s] P16 n400 p0.12 i102 minorminer s3: FAILURE  68.6011s
[3067/8235   2200s] P16 n80 p0.08 i101 mmfork-cuthill s1: SUCCESS acl=3.05/3.0125 0.3853s
[3068/8235   2201s] P16 n80 p0.08 i101 mmfork-cuthill s0: SUCCESS acl=3.175/3.1125 0.9699s
[3069/8235   2201s] P16 n80 p0.08 i101 mmfork-cuthill s3: SUCCESS acl=2.9875/2.9625 0.6485s
[3070/8235   2201s] P16 n80 p0.08 i101 mmfork-cuthill s2: SUCCESS acl=2.9625/2.9375 0.8519s
[3071/8235   2201s] P16 n80 p0.08 i101 clmm s0: SUCCESS acl=3.325/3.3 0.5665s
[3072/8235   2201s] P16 n80 p0.08 i101 clmm s1: SUCCESS acl=3.175/3.1125 0.3784s
[3073/8235   2202s] P16 n80 p0.08 i101 mmfork-cuthill s4: SUCCESS acl=2.8625/2.8625 1.0518s
[3074/8235   2202s] P16 n80 p0.08 i101 template s-1: SUCCESS acl=6.5125/6.5125 0.0161s
[3075/8235   2202s] P16 n80 p0.08 i101 clmm s3: SUCCESS acl=3.225/3.2 0.5169s
[3076/8235   2202s] P16 n80 p0.08 i101 clique s-1: SUCCESS acl=8.825/6.5125 0.019s
[3077/8235   2202s] P16 n80 p0.08 i101 clmm s2: SUCCESS acl=3.2875/3.275 0.6179s
[3078/8235   2202s] P16 n80 p0.08 i101 clmm s4: SUCCESS acl=3.1375/3.1125 0.3709s
[3079/8235   2202s] P16 n80 p0.08 i101 pssa s0: SUCCESS acl=6.425/6.425 0.4033s
[3080/8235   2202s] P16 n80 p0.08 i101 pssa s1: SUCCESS acl=6.425/6.425 0.4112s
[3081/8235   2202s] P16 n80 p0.08 i101 pssa s2: SUCCESS acl=6.425/6.425 0.4155s
[3082/8235   2202s] P16 n80 p0.08 i101 pssa s3: SUCCESS acl=6.425/6.425 0.3973s
[3083/8235   2202s] P16 n80 p0.08 i101 pssa s4: SUCCESS acl=6.425/6.425 0.4069s
[3084/8235   2203s] P16 n400 p0.12 i102 mmfork-cuthill s0: FAILURE  70.1737s
[3085/8235   2203s] P16 n400 p0.12 i102 mmfork-cuthill s2: FAILURE  67.4991s
[3086/8235   2204s] P16 n80 p0.08 i102 minorminer s0: SUCCESS acl=2.825/2.8 0.8045s
[3087/8235   2204s] P16 n80 p0.08 i102 minorminer s1: SUCCESS acl=2.7625/2.7625 0.704s
[3088/8235   2205s] P16 n80 p0.08 i101 attraction s1: SUCCESS acl=2.875/2.85 3.192s
[3089/8235   2206s] P16 n80 p0.08 i102 minorminer s2: SUCCESS acl=2.6625/2.6125 1.1732s
[3090/8235   2206s] P16 n80 p0.08 i101 attraction s3: SUCCESS acl=3.2/3.125 3.3887s
[3091/8235   2206s] P16 n80 p0.08 i102 mmfork-cuthill s0: FAILURE  0.0257s
[3092/8235   2206s] P16 n80 p0.08 i102 mmfork-cuthill s1: FAILURE  0.0158s
[3093/8235   2206s] P16 n80 p0.08 i102 mmfork-cuthill s2: FAILURE  0.0105s
[3094/8235   2206s] P16 n80 p0.08 i102 mmfork-cuthill s3: FAILURE  0.0072s
[3095/8235   2206s] P16 n80 p0.08 i102 mmfork-cuthill s4: FAILURE  0.0069s
[3096/8235   2206s] P16 n80 p0.08 i101 attraction s0: SUCCESS acl=2.9625/2.9375 4.0525s
[3097/8235   2206s] P16 n80 p0.08 i102 clmm s0: SUCCESS acl=3.4875/3.3 0.2119s
[3098/8235   2206s] P16 n80 p0.08 i102 minorminer s3: SUCCESS acl=2.925/2.9125 0.8478s
[3099/8235   2206s] P16 n80 p0.08 i102 minorminer s4: SUCCESS acl=3.05/2.975 0.6464s
[3100/8235   2206s] P16 n80 p0.08 i101 attraction s4: SUCCESS acl=2.775/2.75 3.788s
[3101/8235   2206s] P16 n80 p0.08 i102 template s-1: SUCCESS acl=6.0125/6.0125 0.0165s
[3102/8235   2206s] P16 n80 p0.08 i102 clmm s1: SUCCESS acl=3.075/2.925 0.2517s
[3103/8235   2206s] P16 n80 p0.08 i102 clique s-1: SUCCESS acl=8.825/6.0125 0.0215s
[3104/8235   2206s] P16 n80 p0.08 i102 clmm s3: SUCCESS acl=3.2125/3.05 0.2295s
[3105/8235   2206s] P16 n80 p0.08 i102 clmm s4: SUCCESS acl=3.0125/2.825 0.1926s
[3106/8235   2206s] P16 n80 p0.08 i102 clmm s2: SUCCESS acl=3.4625/3.275 0.2835s
[3107/8235   2207s] P16 n80 p0.08 i101 attraction s2: SUCCESS acl=3.0625/3.0125 4.3497s
[3108/8235   2207s] P16 n80 p0.08 i102 pssa s0: SUCCESS acl=6.0625/6.0625 0.4s
[3109/8235   2207s] P16 n80 p0.08 i102 pssa s1: SUCCESS acl=6.0625/6.0625 0.4099s
[3110/8235   2207s] P16 n80 p0.08 i102 pssa s2: SUCCESS acl=6.0625/6.0625 0.4181s
[3111/8235   2207s] P16 n80 p0.08 i102 pssa s4: SUCCESS acl=6.0625/6.0625 0.4096s
[3112/8235   2207s] P16 n80 p0.08 i102 pssa s3: SUCCESS acl=6.0625/6.0625 0.4301s
[3113/8235   2208s] P16 n80 p0.08 i103 minorminer s0: SUCCESS acl=2.7625/2.725 0.7673s
[3114/8235   2208s] P16 n80 p0.08 i103 minorminer s1: SUCCESS acl=2.8375/2.8125 0.5996s
[3115/8235   2209s] P16 n400 p0.12 i102 mmfork-cuthill s3: FAILURE  66.8638s
[3116/8235   2209s] P16 n80 p0.08 i103 minorminer s2: SUCCESS acl=2.9875/2.925 0.4884s
[3117/8235   2209s] P16 n80 p0.08 i103 minorminer s3: SUCCESS acl=2.625/2.5875 0.7377s
[3118/8235   2209s] P16 n80 p0.08 i103 minorminer s4: SUCCESS acl=2.825/2.7875 0.5716s
[3119/8235   2210s] P16 n400 p0.12 i102 mmfork-cuthill s4: FAILURE  65.7154s
[3120/8235   2210s] P16 n80 p0.08 i102 attraction s0: SUCCESS acl=2.7625/2.75 3.3601s
[3121/8235   2210s] P16 n80 p0.08 i102 attraction s1: SUCCESS acl=2.75/2.7 3.1952s
[3122/8235   2210s] P16 n80 p0.08 i102 attraction s2: SUCCESS acl=2.7125/2.7 3.2181s
[3123/8235   2210s] P16 n80 p0.08 i103 mmfork-cuthill s0: SUCCESS acl=2.8625/2.7875 0.8597s
[3124/8235   2210s] P16 n80 p0.08 i102 attraction s3: SUCCESS acl=2.7/2.675 3.273s
[3125/8235   2210s] P16 n80 p0.08 i103 mmfork-cuthill s2: SUCCESS acl=2.75/2.7125 0.7829s
[3126/8235   2210s] P16 n80 p0.08 i102 attraction s4: SUCCESS acl=2.575/2.55 3.4339s
[3127/8235   2210s] P16 n80 p0.08 i103 clmm s2: SUCCESS acl=2.9625/2.925 0.2998s
[3128/8235   2210s] P16 n80 p0.08 i103 template s-1: SUCCESS acl=5.6125/5.6125 0.017s
[3129/8235   2211s] P16 n80 p0.08 i103 mmfork-cuthill s3: SUCCESS acl=2.625/2.6125 0.6163s
[3130/8235   2211s] P16 n80 p0.08 i103 clique s-1: SUCCESS acl=8.825/5.6125 0.0217s
[3131/8235   2211s] P16 n80 p0.08 i103 clmm s0: SUCCESS acl=2.8125/2.8 0.5211s
[3132/8235   2211s] P16 n80 p0.08 i103 mmfork-cuthill s1: SUCCESS acl=2.9/2.875 1.4157s
[3133/8235   2211s] P16 n80 p0.08 i103 clmm s1: SUCCESS acl=2.7/2.65 0.6448s
[3134/8235   2211s] P16 n80 p0.08 i103 clmm s4: SUCCESS acl=3.025/2.975 0.584s
[3135/8235   2211s] P16 n80 p0.08 i103 pssa s0: SUCCESS acl=5.7125/5.7125 0.4098s
[3136/8235   2211s] P16 n80 p0.08 i103 mmfork-cuthill s4: SUCCESS acl=3.075/3.0125 0.9247s
[3137/8235   2211s] P16 n80 p0.08 i103 clmm s3: SUCCESS acl=2.85/2.8125 0.6969s
[3138/8235   2211s] P16 n80 p0.08 i103 pssa s1: SUCCESS acl=5.7125/5.7125 0.4346s
[3139/8235   2211s] P16 n80 p0.08 i103 pssa s2: SUCCESS acl=5.7125/5.7125 0.4351s
[3140/8235   2211s] P16 n80 p0.08 i103 pssa s3: SUCCESS acl=5.7125/5.7125 0.4095s
[3141/8235   2211s] P16 n80 p0.08 i103 pssa s4: SUCCESS acl=5.7125/5.7125 0.4068s
[3142/8235   2213s] P16 n400 p0.12 i102 clmm s0: FAILURE  66.1718s
[3143/8235   2214s] P16 n80 p0.08 i103 attraction s0: SUCCESS acl=2.6625/2.625 2.8078s
[3144/8235   2214s] P16 n80 p0.08 i103 attraction s2: SUCCESS acl=2.6/2.6 3.0363s
[3145/8235   2214s] P16 n80 p0.08 i103 attraction s4: SUCCESS acl=2.7/2.6875 3.0066s
[3146/8235   2214s] P16 n80 p0.08 i103 attraction s3: SUCCESS acl=2.7/2.65 3.1502s
[3147/8235   2215s] P16 n80 p0.08 i103 attraction s1: SUCCESS acl=2.425/2.4125 3.6336s
[3148/8235   2216s] P16 n120 p0.08 i101 minorminer s2: SUCCESS acl=6.325/6.0833 4.3893s
[3149/8235   2216s] P16 n120 p0.08 i101 minorminer s1: SUCCESS acl=6.4667/6.2833 5.0434s
[3150/8235   2218s] P16 n120 p0.08 i101 mmfork-cuthill s0: SUCCESS acl=6.4667/6.275 3.6135s
[3151/8235   2218s] P16 n120 p0.08 i101 minorminer s0: SUCCESS acl=6.0667/5.8917 6.8194s
[3152/8235   2218s] P16 n120 p0.08 i101 minorminer s4: SUCCESS acl=6.5333/6.325 4.5074s
[3153/8235   2220s] P16 n400 p0.12 i102 clmm s1: FAILURE  68.2289s
[3154/8235   2221s] P16 n120 p0.08 i101 mmfork-cuthill s4: SUCCESS acl=6.95/6.725 5.1832s
[3155/8235   2221s] P16 n120 p0.08 i101 clmm s0: SUCCESS acl=6.7417/6.575 4.606s
[3156/8235   2221s] P16 n120 p0.08 i101 template s-1: SUCCESS acl=9.4833/9.4833 0.0415s
[3157/8235   2221s] P16 n120 p0.08 i101 clique s-1: SUCCESS acl=11.8167/9.4833 0.0201s
[3158/8235   2221s] P16 n120 p0.08 i101 pssa s0: SUCCESS acl=9.6333/9.6333 0.5752s
[3159/8235   2222s] P16 n120 p0.08 i101 pssa s1: SUCCESS acl=9.6333/9.6333 0.5674s
[3160/8235   2222s] P16 n120 p0.08 i101 clmm s1: SUCCESS acl=7.225/7.0667 3.8757s
[3161/8235   2222s] P16 n120 p0.08 i101 mmfork-cuthill s2: SUCCESS acl=6.0833/5.9333 7.5387s
[3162/8235   2222s] P16 n120 p0.08 i101 minorminer s3: SUCCESS acl=5.9333/5.8 8.3858s
[3163/8235   2222s] P16 n120 p0.08 i101 clmm s3: SUCCESS acl=7.25/7.125 3.4733s
[3164/8235   2222s] P16 n120 p0.08 i101 pssa s2: SUCCESS acl=9.6333/9.6333 0.5838s
[3165/8235   2222s] P16 n400 p0.12 i102 clmm s2: FAILURE  65.9692s
[3166/8235   2222s] P16 n120 p0.08 i101 pssa s3: SUCCESS acl=9.6333/9.6333 0.5653s
[3167/8235   2222s] P16 n120 p0.08 i101 pssa s4: SUCCESS acl=9.6333/9.6333 0.5673s
[3168/8235   2223s] P16 n120 p0.08 i101 mmfork-cuthill s1: SUCCESS acl=6.0333/5.8667 8.7288s
[3169/8235   2224s] P16 n120 p0.08 i101 clmm s2: SUCCESS acl=6.8167/6.7 6.1301s
[3170/8235   2225s] P16 n400 p0.12 i102 pssa s0: FAILURE  62.5012s
[3171/8235   2225s] P16 n120 p0.08 i101 clmm s4: SUCCESS acl=6.9/6.7667 5.676s
[3172/8235   2227s] P16 n400 p0.12 i102 pssa s2: FAILURE  62.5763s
[3173/8235   2227s] P16 n400 p0.12 i102 clmm s4: FAILURE  67.5372s
[3174/8235   2227s] P16 n400 p0.12 i102 clmm s3: FAILURE  68.1085s
[3175/8235   2227s] P16 n120 p0.08 i102 minorminer s1: SUCCESS acl=6.6583/6.4167 5.217s
[3176/8235   2227s] P16 n120 p0.08 i101 mmfork-cuthill s3: SUCCESS acl=5.9917/5.8167 12.819s
[3177/8235   2227s] P16 n120 p0.08 i102 minorminer s0: SUCCESS acl=6.4167/6.2333 5.2936s
[3178/8235   2228s] P16 n400 p0.12 i102 pssa s3: FAILURE  63.0011s
[3179/8235   2228s] P16 n120 p0.08 i102 minorminer s2: SUCCESS acl=6.35/6.2167 5.599s
[3180/8235   2229s] P16 n400 p0.12 i102 pssa s1: FAILURE  64.8781s
[3181/8235   2230s] P16 n120 p0.08 i102 minorminer s3: SUCCESS acl=5.95/5.7833 5.6356s
[3182/8235   2230s] P16 n120 p0.08 i102 template s-1: SUCCESS acl=9.35/9.35 0.0475s
[3183/8235   2230s] P16 n120 p0.08 i102 clique s-1: SUCCESS acl=11.8167/9.35 0.0226s
[3184/8235   2230s] P16 n400 p0.12 i102 pssa s4: FAILURE  64.8289s
[3185/8235   2231s] P16 n120 p0.08 i102 pssa s0: SUCCESS acl=9.4833/9.4833 0.6126s
[3186/8235   2231s] P16 n120 p0.08 i102 pssa s1: SUCCESS acl=9.4833/9.4833 0.6113s
[3187/8235   2231s] P16 n120 p0.08 i102 clmm s0: SUCCESS acl=7.075/6.8833 3.4898s
[3188/8235   2231s] P16 n120 p0.08 i102 pssa s2: SUCCESS acl=9.4833/9.4833 0.6113s
[3189/8235   2231s] P16 n120 p0.08 i102 mmfork-cuthill s0: SUCCESS acl=6.6417/6.3833 5.792s
[3190/8235   2231s] P16 n120 p0.08 i102 pssa s3: SUCCESS acl=9.4833/9.4833 0.6135s
[3191/8235   2232s] P16 n120 p0.08 i102 pssa s4: SUCCESS acl=9.4833/9.4833 0.6143s
[3192/8235   2232s] P16 n120 p0.08 i102 mmfork-cuthill s2: SUCCESS acl=6.4167/6.1917 5.333s
[3193/8235   2232s] P16 n120 p0.08 i102 clmm s1: SUCCESS acl=6.925/6.725 4.8766s
[3194/8235   2233s] P16 n120 p0.08 i102 clmm s4: SUCCESS acl=7.2333/6.9833 3.7616s
[3195/8235   2233s] P16 n120 p0.08 i102 clmm s2: SUCCESS acl=6.9917/6.8417 4.8694s
[3196/8235   2233s] P16 n120 p0.08 i101 attraction s0: SUCCESS acl=6.2833/6.0583 11.2001s
[3197/8235   2233s] P16 n120 p0.08 i101 attraction s3: SUCCESS acl=6.5917/6.375 11.05s
[3198/8235   2233s] P16 n120 p0.08 i102 mmfork-cuthill s1: SUCCESS acl=6.5917/6.4 6.2626s
[3199/8235   2233s] P16 n400 p0.12 i103 minorminer s0: FAILURE  65.8785s
[3200/8235   2233s] P16 n120 p0.08 i102 minorminer s4: SUCCESS acl=6.425/6.2 8.5862s
[3201/8235   2234s] P16 n120 p0.08 i101 attraction s2: SUCCESS acl=6.2333/6.0 11.9411s
[3202/8235   2235s] P16 n120 p0.08 i101 attraction s1: SUCCESS acl=5.975/5.7917 13.1698s
[3203/8235   2235s] P16 n120 p0.08 i102 mmfork-cuthill s4: SUCCESS acl=6.3583/6.1833 7.6628s
[3204/8235   2236s] P16 n120 p0.08 i102 clmm s3: SUCCESS acl=6.7/6.5417 7.0941s
[3205/8235   2236s] P16 n400 p0.12 i102 attraction s1: FAILURE  69.711s
[3206/8235   2236s] P16 n120 p0.08 i101 attraction s4: SUCCESS acl=6.0/5.825 13.9001s
[3207/8235   2236s] P16 n120 p0.08 i102 mmfork-cuthill s3: SUCCESS acl=5.9833/5.825 9.0187s
[3208/8235   2237s] P16 n400 p0.12 i102 attraction s4: FAILURE  70.4035s
[3209/8235   2237s] P16 n400 p0.12 i103 minorminer s2: FAILURE  65.6102s
[3210/8235   2237s] P16 n400 p0.12 i102 attraction s3: FAILURE  70.5487s
[3211/8235   2237s] P16 n120 p0.08 i103 template s-1: SUCCESS acl=9.4083/9.4083 0.0349s
[3212/8235   2237s] P16 n120 p0.08 i103 clique s-1: SUCCESS acl=11.8167/9.4083 0.0232s
[3213/8235   2237s] P16 n400 p0.12 i102 attraction s2: FAILURE  70.9153s
[3214/8235   2237s] P16 n400 p0.12 i103 minorminer s1: FAILURE  69.3039s
[3215/8235   2237s] P16 n120 p0.08 i103 pssa s1: SUCCESS acl=9.5833/9.5833 0.5833s
[3216/8235   2237s] P16 n120 p0.08 i103 pssa s0: SUCCESS acl=9.5833/9.5833 0.5907s
[3217/8235   2237s] P16 n120 p0.08 i103 pssa s2: SUCCESS acl=9.5833/9.5833 0.575s
[3218/8235   2237s] P16 n120 p0.08 i103 clmm s0: SUCCESS acl=7.225/7.0833 2.25s
[3219/8235   2237s] P16 n120 p0.08 i103 pssa s3: SUCCESS acl=9.5833/9.5833 0.5938s
[3220/8235   2238s] P16 n120 p0.08 i103 pssa s4: SUCCESS acl=9.5833/9.5833 0.5879s
[3221/8235   2238s] P16 n120 p0.08 i103 mmfork-cuthill s3: SUCCESS acl=6.6083/6.4 3.8123s
[3222/8235   2238s] P16 n120 p0.08 i103 minorminer s2: SUCCESS acl=5.8667/5.6833 5.1883s
[3223/8235   2238s] P16 n400 p0.12 i103 minorminer s3: FAILURE  65.7055s
[3224/8235   2238s] P16 n120 p0.08 i103 clmm s2: SUCCESS acl=7.125/6.9417 2.8164s
[3225/8235   2238s] P16 n120 p0.08 i103 minorminer s3: SUCCESS acl=6.35/6.2083 5.4996s
[3226/8235   2239s] P16 n120 p0.08 i103 minorminer s0: SUCCESS acl=6.2583/6.0167 6.6556s
[3227/8235   2239s] P16 n120 p0.08 i103 clmm s4: SUCCESS acl=6.825/6.6167 2.9514s
[3228/8235   2239s] P16 n120 p0.08 i103 minorminer s1: SUCCESS acl=6.125/5.95 6.7183s
[3229/8235   2239s] P16 n120 p0.08 i103 clmm s1: SUCCESS acl=6.9/6.7417 3.8711s
[3230/8235   2239s] P16 n120 p0.08 i103 mmfork-cuthill s4: SUCCESS acl=6.2833/6.0083 4.4714s
[3231/8235   2240s] P16 n120 p0.08 i103 mmfork-cuthill s2: SUCCESS acl=6.2417/5.975 6.2461s
[3232/8235   2240s] P16 n120 p0.08 i103 clmm s3: SUCCESS acl=6.925/6.7833 4.0982s
[3233/8235   2240s] P16 n400 p0.12 i102 attraction s0: FAILURE  74.9153s
[3234/8235   2241s] P16 n120 p0.08 i103 mmfork-cuthill s0: SUCCESS acl=5.75/5.625 7.4699s
[3235/8235   2241s] P16 n120 p0.08 i103 minorminer s4: SUCCESS acl=6.0917/5.75 8.2745s
[3236/8235   2242s] P16 n400 p0.12 i103 clmm s0: FAILURE  60.5019s
[3237/8235   2242s] P16 n180 p0.08 i101 template s-1: SUCCESS acl=14.9667/14.9667 0.1409s
[3238/8235   2242s] P16 n180 p0.08 i101 clique s-1: SUCCESS acl=16.6667/14.9667 0.021s
[3239/8235   2242s] P16 n120 p0.08 i102 attraction s2: SUCCESS acl=6.0917/5.875 10.6036s
[3240/8235   2242s] P16 n180 p0.08 i101 pssa s0: SUCCESS acl=14.9667/14.9667 0.5868s
[3241/8235   2242s] P16 n180 p0.08 i101 pssa s1: SUCCESS acl=14.9667/14.9667 0.6033s
[3242/8235   2243s] P16 n120 p0.08 i102 attraction s1: SUCCESS acl=6.05/5.8167 11.3611s
[3243/8235   2243s] P16 n180 p0.08 i101 pssa s2: SUCCESS acl=14.9667/14.9667 0.5919s
[3244/8235   2243s] P16 n120 p0.08 i102 attraction s0: SUCCESS acl=5.7667/5.55 11.6258s
[3245/8235   2243s] P16 n400 p0.12 i103 mmfork-cuthill s2: FAILURE  66.9813s
[3246/8235   2243s] P16 n400 p0.12 i103 minorminer s4: FAILURE  68.9997s
[3247/8235   2243s] P16 n180 p0.08 i101 pssa s3: SUCCESS acl=14.9667/14.9667 0.5878s
[3248/8235   2243s] P16 n180 p0.08 i101 pssa s4: SUCCESS acl=14.9667/14.9667 0.6053s
[3249/8235   2243s] P16 n400 p0.12 i103 mmfork-cuthill s0: FAILURE  68.6407s
[3250/8235   2244s] P16 n120 p0.08 i103 mmfork-cuthill s1: SUCCESS acl=5.9583/5.8167 10.6539s
[3251/8235   2244s] P16 n120 p0.08 i102 attraction s3: SUCCESS acl=5.9417/5.7583 12.5916s
[3252/8235   2245s] P16 n400 p0.12 i103 mmfork-cuthill s1: FAILURE  69.3589s
[3253/8235   2246s] P16 n120 p0.08 i102 attraction s4: SUCCESS acl=5.8583/5.7167 13.3137s
[3254/8235   2247s] P16 n120 p0.08 i103 attraction s3: SUCCESS acl=6.675/6.45 9.3893s
[3255/8235   2247s] P16 n120 p0.08 i103 attraction s2: SUCCESS acl=6.525/6.2333 9.7745s
[3256/8235   2247s] P16 n180 p0.08 i101 clmm s2: SUCCESS acl=13.7444/13.5667 7.0027s
[3257/8235   2247s] P16 n120 p0.08 i103 attraction s1: SUCCESS acl=6.1333/5.9 10.1403s
[3258/8235   2248s] P16 n120 p0.08 i103 attraction s0: SUCCESS acl=6.0667/5.8917 10.5968s
[3259/8235   2248s] P16 n400 p0.12 i103 mmfork-cuthill s3: FAILURE  70.1141s
[3260/8235   2249s] P16 n180 p0.08 i101 minorminer s1: SUCCESS acl=14.8778/14.0389 10.8217s
[3261/8235   2249s] P16 n400 p0.12 i103 mmfork-cuthill s4: FAILURE  67.6375s
[3262/8235   2249s] P16 n180 p0.08 i101 clmm s4: SUCCESS acl=13.4722/13.2222 8.6285s
[3263/8235   2250s] P16 n180 p0.08 i102 template s-1: SUCCESS acl=14.6944/14.6944 0.2147s
[3264/8235   2250s] P16 n180 p0.08 i102 clique s-1: SUCCESS acl=16.6667/14.6944 0.022s
[3265/8235   2251s] P16 n400 p0.12 i103 clmm s3: FAILURE  65.6242s
[3266/8235   2251s] P16 n180 p0.08 i102 pssa s0: SUCCESS acl=14.6944/14.6944 0.9011s
[3267/8235   2252s] P16 n120 p0.08 i103 attraction s4: SUCCESS acl=5.8/5.65 14.153s
[3268/8235   2252s] P16 n180 p0.08 i102 pssa s1: SUCCESS acl=14.6944/14.6944 0.9066s
[3269/8235   2252s] P16 n180 p0.08 i102 pssa s2: SUCCESS acl=14.6944/14.6944 0.9036s
[3270/8235   2252s] P16 n180 p0.08 i101 clmm s3: SUCCESS acl=13.3/13.1056 11.6074s
[3271/8235   2252s] P16 n400 p0.12 i103 clmm s1: FAILURE  68.2073s
[3272/8235   2253s] P16 n180 p0.08 i102 pssa s3: SUCCESS acl=14.6944/14.6944 0.9055s
[3273/8235   2253s] P16 n180 p0.08 i102 pssa s4: SUCCESS acl=14.6944/14.6944 0.9057s
[3274/8235   2253s] P16 n400 p0.12 i103 pssa s1: FAILURE  63.8906s
[3275/8235   2253s] P16 n400 p0.12 i103 clmm s2: FAILURE  69.0758s
[3276/8235   2254s] P16 n180 p0.08 i101 clmm s0: SUCCESS acl=13.2611/13.05 14.1975s
[3277/8235   2254s] P16 n400 p0.12 i103 clmm s4: FAILURE  66.1208s
[3278/8235   2255s] P16 n180 p0.08 i102 clmm s0: SUCCESS acl=13.3222/13.1444 7.6175s
[3279/8235   2255s] P16 n180 p0.08 i102 clmm s2: SUCCESS acl=13.1944/12.9389 6.897s
[3280/8235   2256s] P16 n400 p0.12 i103 pssa s0: FAILURE  67.7021s
[3281/8235   2257s] P16 n180 p0.08 i102 mmfork-cuthill s4: SUCCESS acl=15.7667/14.7444 9.2097s
[3282/8235   2257s] P16 n180 p0.08 i102 clmm s1: SUCCESS acl=13.0278/12.7833 9.318s
[3283/8235   2259s] P16 n400 p0.12 i103 pssa s3: FAILURE  67.377s
[3284/8235   2259s] P16 n180 p0.08 i101 minorminer s3: SUCCESS acl=13.95/13.2944 20.648s
[3285/8235   2259s] P16 n400 p0.12 i103 pssa s4: FAILURE  63.5163s
[3286/8235   2260s] P16 n400 p0.12 i103 pssa s2: FAILURE  68.7764s
[3287/8235   2260s] P16 n180 p0.08 i101 clmm s1: SUCCESS acl=13.2444/13.1167 19.7736s
[3288/8235   2260s] P16 n180 p0.08 i102 minorminer s0: SUCCESS acl=14.1444/13.3056 17.2389s
[3289/8235   2262s] P16 n180 p0.08 i101 mmfork-cuthill s1: SUCCESS acl=14.0/13.2278 22.37s
[3290/8235   2262s] P16 n180 p0.08 i103 template s-1: SUCCESS acl=14.85/14.85 0.1675s
[3291/8235   2262s] P16 n180 p0.08 i102 mmfork-cuthill s2: SUCCESS acl=14.1944/13.35 14.9823s
[3292/8235   2262s] P16 n180 p0.08 i103 clique s-1: SUCCESS acl=16.6667/14.85 0.0217s
[3293/8235   2262s] P16 n180 p0.08 i102 minorminer s1: SUCCESS acl=13.8556/13.1111 18.8374s
[3294/8235   2263s] P16 n180 p0.08 i103 pssa s0: SUCCESS acl=14.85/14.85 0.6707s
[3295/8235   2263s] P16 n180 p0.08 i103 pssa s1: SUCCESS acl=14.85/14.85 0.6712s
[3296/8235   2263s] P16 n180 p0.08 i102 minorminer s2: SUCCESS acl=14.15/13.3222 19.3608s
[3297/8235   2263s] P16 n180 p0.08 i103 pssa s2: SUCCESS acl=14.85/14.85 0.6703s
[3298/8235   2263s] P16 n180 p0.08 i102 clmm s3: SUCCESS acl=13.0056/12.7778 14.3976s
[3299/8235   2263s] P16 n180 p0.08 i101 minorminer s4: SUCCESS acl=13.55/12.9556 24.5841s
[3300/8235   2263s] P16 n180 p0.08 i103 pssa s3: SUCCESS acl=14.85/14.85 0.6854s
[3301/8235   2263s] P16 n180 p0.08 i103 pssa s4: SUCCESS acl=14.85/14.85 0.6698s
[3302/8235   2264s] P16 n180 p0.08 i102 clmm s4: SUCCESS acl=12.9056/12.7556 15.2645s
[3303/8235   2264s] P16 n180 p0.08 i102 mmfork-cuthill s1: SUCCESS acl=13.6833/13.0556 18.6218s
[3304/8235   2265s] P16 n180 p0.08 i103 minorminer s2: SUCCESS acl=16.1944/15.0667 10.7828s
[3305/8235   2265s] P16 n180 p0.08 i101 mmfork-cuthill s0: SUCCESS acl=13.1/12.55 26.1583s
[3306/8235   2265s] P16 n180 p0.08 i102 mmfork-cuthill s0: SUCCESS acl=14.5111/13.6833 20.0912s
[3307/8235   2266s] P16 n180 p0.08 i102 minorminer s4: SUCCESS acl=14.1722/13.5278 21.6165s
[3308/8235   2267s] P16 n180 p0.08 i101 minorminer s2: SUCCESS acl=13.4333/12.8444 28.4575s
[3309/8235   2267s] P16 n180 p0.08 i102 minorminer s3: SUCCESS acl=13.6278/12.9333 23.0672s
[3310/8235   2267s] P16 n400 p0.12 i103 attraction s1: FAILURE  71.507s
[3311/8235   2267s] P16 n180 p0.08 i101 mmfork-cuthill s4: SUCCESS acl=13.4444/12.75 27.878s
[3312/8235   2269s] P16 n400 p0.12 i103 attraction s4: FAILURE  72.2702s
[3313/8235   2269s] P16 n180 p0.08 i103 clmm s4: SUCCESS acl=13.4167/13.2111 8.9253s
[3314/8235   2269s] P16 n180 p0.08 i103 minorminer s0: SUCCESS acl=13.8111/13.1056 16.5163s
[3315/8235   2270s] P16 n400 p0.12 i103 attraction s0: FAILURE  73.7933s
[3316/8235   2270s] P16 n180 p0.08 i102 mmfork-cuthill s3: SUCCESS acl=13.0333/12.2722 22.6058s
[3317/8235   2270s] P16 n260 p0.08 i101 template s-1: INFEASIBLE  0.0s
[3318/8235   2270s] P16 n260 p0.08 i101 clique s-1: FAILURE  0.0198s
[3319/8235   2271s] P16 n400 p0.12 i103 attraction s3: FAILURE  74.7354s
[3320/8235   2271s] P16 n180 p0.08 i103 clmm s3: SUCCESS acl=13.1278/12.9556 11.132s
[3321/8235   2271s] P16 n180 p0.08 i103 clmm s2: SUCCESS acl=13.3333/13.1389 11.1426s
[3322/8235   2271s] P16 n400 p0.12 i103 attraction s2: FAILURE  74.9292s
[3323/8235   2271s] P16 n180 p0.08 i103 clmm s0: SUCCESS acl=13.0889/12.8778 11.8601s
[3324/8235   2271s] P16 n180 p0.08 i101 minorminer s0: SUCCESS acl=13.4667/12.8722 33.4368s
[3325/8235   2271s] P16 n180 p0.08 i101 mmfork-cuthill s3: SUCCESS acl=12.6778/12.1444 31.6444s
[3326/8235   2273s] P16 n180 p0.08 i103 minorminer s1: SUCCESS acl=13.8944/13.1444 19.611s
[3327/8235   2274s] P16 n180 p0.08 i103 minorminer s3: SUCCESS acl=13.9278/13.1333 20.095s
[3328/8235   2275s] P16 n180 p0.08 i103 mmfork-cuthill s3: SUCCESS acl=14.1333/13.4222 17.4224s
[3329/8235   2276s] P16 n180 p0.08 i103 mmfork-cuthill s2: SUCCESS acl=14.2167/13.3889 18.9005s
[3330/8235   2277s] P16 n180 p0.08 i103 clmm s1: SUCCESS acl=13.0278/12.8333 17.4473s
[3331/8235   2278s] P16 n180 p0.08 i103 mmfork-cuthill s1: SUCCESS acl=14.2167/13.3667 21.3597s
[3332/8235   2279s] P16 n180 p0.08 i101 mmfork-cuthill s2: SUCCESS acl=13.35/12.6833 39.531s
[3333/8235   2279s] P16 n180 p0.08 i101 attraction s0: SUCCESS acl=14.6722/13.7778 36.1667s
[3334/8235   2280s] P16 n180 p0.08 i101 attraction s1: SUCCESS acl=14.4056/13.4333 37.0277s
[3335/8235   2281s] P16 n180 p0.08 i101 attraction s3: SUCCESS acl=13.9556/13.0611 37.8495s
[3336/8235   2281s] P16 n180 p0.08 i103 mmfork-cuthill s4: SUCCESS acl=13.8222/13.0833 21.7254s
[3337/8235   2285s] P16 n180 p0.08 i102 attraction s2: SUCCESS acl=14.7389/13.8611 32.2422s
[3338/8235   2289s] P16 n180 p0.08 i101 attraction s2: SUCCESS acl=13.6889/12.9278 45.7236s
[3339/8235   2290s] P16 n180 p0.08 i102 attraction s4: SUCCESS acl=13.2833/12.4333 37.1503s
[3340/8235   2290s] P16 n180 p0.08 i102 attraction s1: SUCCESS acl=12.9/12.2389 37.7723s
[3341/8235   2292s] P16 n180 p0.08 i103 mmfork-cuthill s0: SUCCESS acl=12.8167/12.1944 36.1849s
[3342/8235   2292s] P16 n180 p0.08 i102 attraction s0: SUCCESS acl=13.4167/12.7278 40.1741s
[3343/8235   2295s] P16 n180 p0.08 i103 minorminer s4: SUCCESS acl=13.4556/12.8944 40.1693s
[3344/8235   2295s] P16 n260 p0.08 i102 template s-1: INFEASIBLE  0.0s
[3345/8235   2295s] P16 n260 p0.08 i102 clique s-1: FAILURE  0.0207s
[3346/8235   2296s] P16 n180 p0.08 i101 attraction s4: SUCCESS acl=13.6222/12.8222 53.3151s
[3347/8235   2298s] P16 n180 p0.08 i103 attraction s0: SUCCESS acl=14.2722/13.3389 34.7067s
[3348/8235   2300s] P16 n180 p0.08 i102 attraction s3: SUCCESS acl=12.8278/12.1222 47.5385s
[3349/8235   2305s] P16 n180 p0.08 i103 attraction s1: SUCCESS acl=14.2611/13.4944 41.8051s
[3350/8235   2305s] P16 n180 p0.08 i103 attraction s2: SUCCESS acl=13.5444/12.7722 41.7309s
[3351/8235   2307s] P16 n180 p0.08 i103 attraction s4: SUCCESS acl=13.3833/12.6778 43.3666s
[3352/8235   2311s] P16 n180 p0.08 i103 attraction s3: SUCCESS acl=13.1944/12.5389 47.7583s
[3353/8235   2326s] P16 n260 p0.08 i101 minorminer s0: FAILURE  62.5704s
[3354/8235   2327s] P16 n260 p0.08 i101 mmfork-cuthill s0: FAILURE  61.3542s
[3355/8235   2327s] P16 n260 p0.08 i101 minorminer s1: FAILURE  62.7907s
[3356/8235   2327s] P16 n260 p0.08 i101 minorminer s3: FAILURE  62.2255s
[3357/8235   2327s] P16 n260 p0.08 i101 minorminer s4: FAILURE  62.3088s
[3358/8235   2327s] P16 n260 p0.08 i101 minorminer s2: FAILURE  62.7257s
[3359/8235   2327s] P16 n260 p0.08 i101 mmfork-cuthill s2: FAILURE  60.4858s
[3360/8235   2329s] P16 n260 p0.08 i101 mmfork-cuthill s1: FAILURE  62.78s
[3361/8235   2329s] P16 n260 p0.08 i101 mmfork-cuthill s4: FAILURE  61.5491s
[3362/8235   2329s] P16 n260 p0.08 i101 clmm s0: FAILURE  62.0103s
[3363/8235   2330s] P16 n260 p0.08 i101 mmfork-cuthill s3: FAILURE  62.6386s
[3364/8235   2330s] P16 n260 p0.08 i101 clmm s3: FAILURE  60.7678s
[3365/8235   2331s] P16 n260 p0.08 i101 clmm s1: FAILURE  62.4714s
[3366/8235   2332s] P16 n260 p0.08 i101 clmm s4: FAILURE  62.4119s
[3367/8235   2332s] P16 n260 p0.08 i101 clmm s2: FAILURE  62.622s
[3368/8235   2333s] P16 n260 p0.08 i101 pssa s0: FAILURE  62.8481s
[3369/8235   2333s] P16 n260 p0.08 i101 pssa s3: FAILURE  62.0835s
[3370/8235   2333s] P16 n260 p0.08 i101 pssa s1: FAILURE  62.2847s
[3371/8235   2333s] P16 n260 p0.08 i101 pssa s4: FAILURE  62.1785s
[3372/8235   2333s] P16 n260 p0.08 i103 template s-1: INFEASIBLE  0.0s
[3373/8235   2333s] P16 n260 p0.08 i103 clique s-1: FAILURE  0.022s
[3374/8235   2334s] P16 n260 p0.08 i101 attraction s1: FAILURE  62.5684s
[3375/8235   2334s] P16 n260 p0.08 i101 pssa s2: FAILURE  63.3967s
[3376/8235   2334s] P16 n260 p0.08 i101 attraction s0: FAILURE  63.2588s
[3377/8235   2335s] P16 n260 p0.08 i101 attraction s2: FAILURE  63.9303s
[3378/8235   2336s] P16 n260 p0.08 i101 attraction s3: FAILURE  63.1185s
[3379/8235   2337s] P16 n260 p0.08 i102 minorminer s0: FAILURE  62.2178s
[3380/8235   2338s] P16 n260 p0.08 i101 attraction s4: FAILURE  63.6188s
[3381/8235   2338s] P16 n260 p0.08 i102 minorminer s1: FAILURE  62.3413s
[3382/8235   2338s] P16 n260 p0.08 i102 minorminer s2: FAILURE  61.5382s
[3383/8235   2340s] P16 n260 p0.08 i102 minorminer s3: FAILURE  62.2449s
[3384/8235   2340s] P16 n260 p0.08 i102 minorminer s4: FAILURE  61.414s
[3385/8235   2341s] P16 n260 p0.08 i102 mmfork-cuthill s0: FAILURE  61.9426s
[3386/8235   2342s] P16 n260 p0.08 i102 mmfork-cuthill s1: FAILURE  62.5416s
[3387/8235   2343s] P16 n260 p0.08 i102 mmfork-cuthill s3: FAILURE  61.8612s
[3388/8235   2343s] P16 n260 p0.08 i102 mmfork-cuthill s2: FAILURE  62.1431s
[3389/8235   2347s] P16 n260 p0.08 i102 mmfork-cuthill s4: FAILURE  61.8328s
[3390/8235   2351s] P16 n260 p0.08 i102 clmm s0: FAILURE  62.6699s
[3391/8235   2352s] P16 n260 p0.08 i102 clmm s1: FAILURE  62.1548s
[3392/8235   2353s] P16 n260 p0.08 i102 clmm s2: FAILURE  62.9541s
[3393/8235   2354s] P16 n260 p0.08 i102 clmm s3: FAILURE  61.8269s
[3394/8235   2354s] P16 n260 p0.08 i102 clmm s4: FAILURE  62.1092s
[3395/8235   2360s] P16 n260 p0.08 i102 pssa s1: FAILURE  63.7278s
[3396/8235   2362s] P16 n260 p0.08 i102 pssa s2: FAILURE  64.3335s
[3397/8235   2362s] P16 n260 p0.08 i102 pssa s0: FAILURE  66.8742s
[3398/8235   2362s] P16 n360 p0.08 i101 template s-1: INFEASIBLE  0.0s
[3399/8235   2362s] P16 n360 p0.08 i101 clique s-1: FAILURE  0.0217s
[3400/8235   2368s] P16 n260 p0.08 i102 attraction s0: FAILURE  62.6581s
[3401/8235   2368s] P16 n260 p0.08 i102 pssa s3: FAILURE  68.0509s
[3402/8235   2370s] P16 n260 p0.08 i102 attraction s1: FAILURE  63.562s
[3403/8235   2372s] P16 n260 p0.08 i102 pssa s4: FAILURE  67.1372s
[3404/8235   2375s] P16 n260 p0.08 i102 attraction s2: FAILURE  63.7386s
[3405/8235   2389s] P16 n260 p0.08 i103 minorminer s4: FAILURE  61.5383s
[3406/8235   2389s] P16 n260 p0.08 i103 minorminer s0: FAILURE  62.3549s
[3407/8235   2389s] P16 n260 p0.08 i102 attraction s3: FAILURE  63.2094s
[3408/8235   2390s] P16 n260 p0.08 i103 minorminer s1: FAILURE  62.7399s
[3409/8235   2390s] P16 n260 p0.08 i103 minorminer s2: FAILURE  62.7018s
[3410/8235   2390s] P16 n260 p0.08 i103 minorminer s3: FAILURE  62.7879s
[3411/8235   2391s] P16 n260 p0.08 i102 attraction s4: FAILURE  63.9677s
[3412/8235   2391s] P16 n260 p0.08 i103 mmfork-cuthill s1: FAILURE  62.1925s
[3413/8235   2391s] P16 n260 p0.08 i103 mmfork-cuthill s3: FAILURE  61.6879s
[3414/8235   2391s] P16 n260 p0.08 i103 mmfork-cuthill s0: FAILURE  62.6821s
[3415/8235   2392s] P16 n260 p0.08 i103 mmfork-cuthill s2: FAILURE  62.2706s
[3416/8235   2393s] P16 n260 p0.08 i103 mmfork-cuthill s4: FAILURE  62.4598s
[3417/8235   2393s] P16 n260 p0.08 i103 clmm s0: FAILURE  62.0403s
[3418/8235   2394s] P16 n260 p0.08 i103 clmm s2: FAILURE  62.3789s
[3419/8235   2395s] P16 n260 p0.08 i103 clmm s4: FAILURE  61.8689s
[3420/8235   2395s] P16 n260 p0.08 i103 clmm s3: FAILURE  62.1411s
[3421/8235   2395s] P16 n260 p0.08 i103 clmm s1: FAILURE  63.0146s
[3422/8235   2396s] P16 n260 p0.08 i103 pssa s2: FAILURE  62.3177s
[3423/8235   2398s] P16 n260 p0.08 i103 pssa s3: FAILURE  63.6053s
[3424/8235   2398s] P16 n260 p0.08 i103 attraction s0: FAILURE  63.139s
[3425/8235   2398s] P16 n360 p0.08 i102 template s-1: INFEASIBLE  0.0s
[3426/8235   2398s] P16 n360 p0.08 i102 clique s-1: FAILURE  0.0193s
[3427/8235   2399s] P16 n260 p0.08 i103 attraction s1: FAILURE  62.6361s
[3428/8235   2400s] P16 n260 p0.08 i103 pssa s4: FAILURE  65.2537s
[3429/8235   2400s] P16 n260 p0.08 i103 attraction s2: FAILURE  62.7413s
[3430/8235   2401s] P16 n260 p0.08 i103 attraction s4: FAILURE  62.9323s
[3431/8235   2401s] P16 n260 p0.08 i103 attraction s3: FAILURE  63.639s
[3432/8235   2402s] P16 n260 p0.08 i103 pssa s0: FAILURE  68.5334s
[3433/8235   2402s] P16 n360 p0.08 i101 minorminer s0: FAILURE  63.392s
[3434/8235   2402s] P16 n260 p0.08 i103 pssa s1: FAILURE  68.8341s
[3435/8235   2403s] P16 n360 p0.08 i101 minorminer s1: FAILURE  62.7737s
[3436/8235   2405s] P16 n360 p0.08 i101 minorminer s3: FAILURE  63.8898s
[3437/8235   2405s] P16 n360 p0.08 i101 minorminer s2: FAILURE  64.8751s
[3438/8235   2406s] P16 n360 p0.08 i101 minorminer s4: FAILURE  63.8947s
[3439/8235   2406s] P16 n360 p0.08 i101 mmfork-cuthill s0: FAILURE  63.5548s
[3440/8235   2407s] P16 n360 p0.08 i101 mmfork-cuthill s1: FAILURE  63.7276s
[3441/8235   2411s] P16 n360 p0.08 i101 mmfork-cuthill s2: FAILURE  64.1763s
[3442/8235   2415s] P16 n360 p0.08 i101 mmfork-cuthill s4: FAILURE  63.0473s
[3443/8235   2415s] P16 n360 p0.08 i101 mmfork-cuthill s3: FAILURE  64.107s
[3444/8235   2417s] P16 n360 p0.08 i101 clmm s1: FAILURE  63.646s
[3445/8235   2417s] P16 n360 p0.08 i101 clmm s0: FAILURE  64.4941s
[3446/8235   2420s] P16 n360 p0.08 i101 clmm s2: FAILURE  65.5297s
[3447/8235   2425s] P16 n360 p0.08 i101 clmm s3: FAILURE  65.2104s
[3448/8235   2426s] P16 n360 p0.08 i101 clmm s4: FAILURE  64.5046s
[3449/8235   2431s] P16 n360 p0.08 i101 pssa s0: FAILURE  68.6049s
[3450/8235   2435s] P16 n360 p0.08 i101 pssa s1: FAILURE  67.3027s
[3451/8235   2436s] P16 n360 p0.08 i101 pssa s2: FAILURE  67.2071s
[3452/8235   2436s] P16 n360 p0.08 i103 template s-1: INFEASIBLE  0.0s
[3453/8235   2436s] P16 n360 p0.08 i103 clique s-1: FAILURE  0.0197s
[3454/8235   2436s] P16 n360 p0.08 i101 pssa s3: FAILURE  65.5193s
[3455/8235   2436s] P16 n360 p0.08 i101 pssa s4: FAILURE  64.5375s
[3456/8235   2441s] P16 n360 p0.08 i101 attraction s0: FAILURE  65.9807s
[3457/8235   2453s] P16 n360 p0.08 i102 minorminer s0: FAILURE  63.5359s
[3458/8235   2454s] P16 n360 p0.08 i102 minorminer s2: FAILURE  62.8889s
[3459/8235   2454s] P16 n360 p0.08 i102 mmfork-cuthill s0: FAILURE  62.5133s
[3460/8235   2454s] P16 n360 p0.08 i101 attraction s3: FAILURE  64.8598s
[3461/8235   2455s] P16 n360 p0.08 i101 attraction s1: FAILURE  66.053s
[3462/8235   2455s] P16 n360 p0.08 i102 mmfork-cuthill s1: FAILURE  63.0962s
[3463/8235   2455s] P16 n360 p0.08 i101 attraction s2: FAILURE  65.6427s
[3464/8235   2455s] P16 n360 p0.08 i102 minorminer s1: FAILURE  65.222s
[3465/8235   2455s] P16 n360 p0.08 i102 minorminer s3: FAILURE  64.0072s
[3466/8235   2455s] P16 n360 p0.08 i101 attraction s4: FAILURE  65.5609s
[3467/8235   2456s] P16 n360 p0.08 i102 mmfork-cuthill s2: FAILURE  63.5893s
[3468/8235   2456s] P16 n360 p0.08 i102 minorminer s4: FAILURE  64.9594s
[3469/8235   2458s] P16 n360 p0.08 i102 mmfork-cuthill s4: FAILURE  63.8422s
[3470/8235   2458s] P16 n360 p0.08 i102 mmfork-cuthill s3: FAILURE  64.8716s
[3471/8235   2459s] P16 n360 p0.08 i102 clmm s0: FAILURE  64.6094s
[3472/8235   2460s] P16 n360 p0.08 i102 clmm s2: FAILURE  64.8346s
[3473/8235   2460s] P16 n360 p0.08 i102 clmm s1: FAILURE  65.2875s
[3474/8235   2461s] P16 n360 p0.08 i102 clmm s4: FAILURE  62.8026s
[3475/8235   2461s] P16 n360 p0.08 i102 clmm s3: FAILURE  64.9432s
[3476/8235   2464s] P16 n360 p0.08 i102 pssa s0: FAILURE  65.3576s
[3477/8235   2464s] P16 n360 p0.08 i102 pssa s1: FAILURE  65.5369s
[3478/8235   2465s] P16 n360 p0.08 i102 pssa s2: FAILURE  65.4003s
[3479/8235   2465s] P16 n480 p0.08 i101 template s-1: INFEASIBLE  0.0s
[3480/8235   2465s] P16 n480 p0.08 i101 clique s-1: FAILURE  0.0242s
[3481/8235   2466s] P16 n360 p0.08 i102 pssa s3: FAILURE  66.1042s
[3482/8235   2467s] P16 n360 p0.08 i102 pssa s4: FAILURE  65.7005s
[3483/8235   2467s] P16 n360 p0.08 i103 minorminer s0: FAILURE  62.7981s
[3484/8235   2468s] P16 n360 p0.08 i102 attraction s0: FAILURE  66.4086s
[3485/8235   2468s] P16 n360 p0.08 i102 attraction s1: FAILURE  66.5689s
[3486/8235   2468s] P16 n360 p0.08 i102 attraction s3: FAILURE  66.2448s
[3487/8235   2469s] P16 n360 p0.08 i102 attraction s2: FAILURE  66.9044s
[3488/8235   2469s] P16 n360 p0.08 i102 attraction s4: FAILURE  65.8027s
[3489/8235   2469s] P16 n360 p0.08 i103 minorminer s1: FAILURE  63.9634s
[3490/8235   2470s] P16 n360 p0.08 i103 minorminer s3: FAILURE  63.8663s
[3491/8235   2471s] P16 n360 p0.08 i103 minorminer s2: FAILURE  65.0907s
[3492/8235   2472s] P16 n360 p0.08 i103 minorminer s4: FAILURE  65.0387s
[3493/8235   2474s] P16 n360 p0.08 i103 mmfork-cuthill s0: FAILURE  63.6158s
[3494/8235   2479s] P16 n360 p0.08 i103 mmfork-cuthill s1: FAILURE  63.3351s
[3495/8235   2479s] P16 n360 p0.08 i103 mmfork-cuthill s2: FAILURE  63.5686s
[3496/8235   2480s] P16 n360 p0.08 i103 mmfork-cuthill s3: FAILURE  63.0611s
[3497/8235   2481s] P16 n360 p0.08 i103 mmfork-cuthill s4: FAILURE  63.3742s
[3498/8235   2485s] P16 n360 p0.08 i103 clmm s0: FAILURE  65.1589s
[3499/8235   2490s] P16 n360 p0.08 i103 clmm s1: FAILURE  65.1423s
[3500/8235   2491s] P16 n360 p0.08 i103 clmm s2: FAILURE  64.9065s
[3501/8235   2497s] P16 n360 p0.08 i103 clmm s3: FAILURE  65.4914s
[3502/8235   2499s] P16 n360 p0.08 i103 clmm s4: FAILURE  63.9068s
[3503/8235   2500s] P16 n360 p0.08 i103 pssa s0: FAILURE  64.475s
[3504/8235   2500s] P16 n360 p0.08 i103 pssa s2: FAILURE  63.8433s
[3505/8235   2503s] P16 n360 p0.08 i103 pssa s1: FAILURE  67.4687s
[3506/8235   2503s] P16 n480 p0.08 i102 template s-1: INFEASIBLE  0.0s
[3507/8235   2503s] P16 n480 p0.08 i102 clique s-1: FAILURE  0.0198s
[3508/8235   2506s] P16 n360 p0.08 i103 pssa s3: FAILURE  65.1324s
[3509/8235   2516s] P16 n360 p0.08 i103 pssa s4: FAILURE  62.593s
[3510/8235   2518s] P16 n480 p0.08 i101 mmfork-cuthill s0: FAILURE  61.4659s
[3511/8235   2520s] P16 n360 p0.08 i103 attraction s1: FAILURE  65.6015s
[3512/8235   2520s] P16 n360 p0.08 i103 attraction s0: FAILURE  66.0605s
[3513/8235   2520s] P16 n480 p0.08 i101 minorminer s0: FAILURE  65.4816s
[3514/8235   2520s] P16 n360 p0.08 i103 attraction s4: FAILURE  65.6393s
[3515/8235   2521s] P16 n360 p0.08 i103 attraction s2: FAILURE  66.4218s
[3516/8235   2522s] P16 n480 p0.08 i101 minorminer s3: FAILURE  66.5375s
[3517/8235   2522s] P16 n360 p0.08 i103 attraction s3: FAILURE  67.2216s
[3518/8235   2523s] P16 n480 p0.08 i101 minorminer s1: FAILURE  67.3999s
[3519/8235   2523s] P16 n480 p0.08 i101 minorminer s4: FAILURE  66.6541s
[3520/8235   2524s] P16 n480 p0.08 i101 minorminer s2: FAILURE  69.1106s
[3521/8235   2525s] P16 n480 p0.08 i101 mmfork-cuthill s4: FAILURE  65.2334s
[3522/8235   2525s] P16 n480 p0.08 i101 mmfork-cuthill s3: FAILURE  65.9135s
[3523/8235   2526s] P16 n480 p0.08 i101 mmfork-cuthill s2: FAILURE  67.6159s
[3524/8235   2526s] P16 n480 p0.08 i101 clmm s1: FAILURE  65.2535s
[3525/8235   2526s] P16 n480 p0.08 i101 mmfork-cuthill s1: FAILURE  68.137s
[3526/8235   2527s] P16 n480 p0.08 i101 clmm s2: FAILURE  65.9964s
[3527/8235   2527s] P16 n480 p0.08 i101 clmm s0: FAILURE  67.0239s
[3528/8235   2531s] P16 n480 p0.08 i101 clmm s3: FAILURE  66.9562s
[3529/8235   2532s] P16 n480 p0.08 i101 pssa s3: FAILURE  64.6329s
[3530/8235   2533s] P16 n480 p0.08 i101 pssa s0: FAILURE  67.805s
[3531/8235   2533s] P16 n480 p0.08 i101 pssa s2: FAILURE  66.1833s
[3532/8235   2533s] P16 n480 p0.08 i101 clmm s4: FAILURE  68.5984s
[3533/8235   2533s] P16 n480 p0.08 i103 template s-1: INFEASIBLE  0.0s
[3534/8235   2533s] P16 n480 p0.08 i103 clique s-1: FAILURE  0.0204s
[3535/8235   2535s] P16 n480 p0.08 i101 pssa s1: FAILURE  68.6957s
[3536/8235   2535s] P16 n480 p0.08 i101 pssa s4: FAILURE  67.6436s
[3537/8235   2537s] P16 n480 p0.08 i102 minorminer s0: FAILURE  67.0466s
[3538/8235   2539s] P16 n480 p0.08 i102 minorminer s2: FAILURE  66.9265s
[3539/8235   2540s] P16 n480 p0.08 i101 attraction s0: FAILURE  71.5484s
[3540/8235   2540s] P16 n480 p0.08 i101 attraction s1: FAILURE  71.8529s
[3541/8235   2540s] P16 n480 p0.08 i101 attraction s2: FAILURE  71.7591s
[3542/8235   2541s] P16 n480 p0.08 i102 minorminer s1: FAILURE  69.4629s
[3543/8235   2541s] P16 n480 p0.08 i101 attraction s4: FAILURE  71.8457s
[3544/8235   2541s] P16 n480 p0.08 i101 attraction s3: FAILURE  72.3896s
[3545/8235   2542s] P16 n480 p0.08 i102 minorminer s3: FAILURE  67.4936s
[3546/8235   2542s] P16 n100 p0.05 i101 minorminer s0: SUCCESS acl=2.52/2.52 1.0668s
[3547/8235   2543s] P16 n100 p0.05 i101 minorminer s1: SUCCESS acl=2.5/2.47 0.7816s
[3548/8235   2543s] P16 n100 p0.05 i101 minorminer s2: SUCCESS acl=2.58/2.54 0.9435s
[3549/8235   2544s] P16 n100 p0.05 i101 minorminer s3: SUCCESS acl=2.42/2.39 0.928s
[3550/8235   2544s] P16 n100 p0.05 i101 mmfork-cuthill s0: FAILURE  0.0098s
[3551/8235   2544s] P16 n100 p0.05 i101 mmfork-cuthill s1: FAILURE  0.0079s
[3552/8235   2544s] P16 n100 p0.05 i101 mmfork-cuthill s2: FAILURE  0.0071s
[3553/8235   2544s] P16 n100 p0.05 i101 mmfork-cuthill s3: FAILURE  0.0069s
[3554/8235   2544s] P16 n100 p0.05 i101 mmfork-cuthill s4: FAILURE  0.0068s
[3555/8235   2544s] P16 n100 p0.05 i101 minorminer s4: SUCCESS acl=2.79/2.76 0.7992s
[3556/8235   2544s] P16 n100 p0.05 i101 clmm s0: SUCCESS acl=3.24/3.11 0.3844s
[3557/8235   2544s] P16 n100 p0.05 i101 clmm s1: SUCCESS acl=2.87/2.72 0.2697s
[3558/8235   2544s] P16 n100 p0.05 i101 clmm s2: SUCCESS acl=3.15/3.01 0.2322s
[3559/8235   2545s] P16 n100 p0.05 i101 clmm s3: SUCCESS acl=2.84/2.7 0.3752s
[3560/8235   2545s] P16 n100 p0.05 i101 template s-1: SUCCESS acl=6.4/6.4 0.021s
[3561/8235   2545s] P16 n100 p0.05 i101 clmm s4: SUCCESS acl=2.72/2.57 0.4048s
[3562/8235   2545s] P16 n100 p0.05 i101 clique s-1: SUCCESS acl=9.82/6.4 0.0199s
[3563/8235   2545s] P16 n100 p0.05 i101 pssa s0: SUCCESS acl=6.5/6.5 0.4708s
[3564/8235   2545s] P16 n100 p0.05 i101 pssa s1: SUCCESS acl=6.5/6.5 0.4633s
[3565/8235   2546s] P16 n100 p0.05 i101 pssa s2: SUCCESS acl=6.5/6.5 0.4689s
[3566/8235   2546s] P16 n100 p0.05 i101 pssa s3: SUCCESS acl=6.5/6.5 0.4641s
[3567/8235   2546s] P16 n480 p0.08 i102 minorminer s4: FAILURE  67.2592s
[3568/8235   2546s] P16 n480 p0.08 i102 mmfork-cuthill s0: FAILURE  67.2169s
[3569/8235   2546s] P16 n100 p0.05 i101 pssa s4: SUCCESS acl=6.5/6.5 0.4758s
[3570/8235   2547s] P16 n480 p0.08 i102 mmfork-cuthill s1: FAILURE  67.1247s
[3571/8235   2549s] P16 n480 p0.08 i102 mmfork-cuthill s2: FAILURE  67.9156s
[3572/8235   2549s] P16 n100 p0.05 i101 attraction s1: SUCCESS acl=2.25/2.24 3.1401s
[3573/8235   2549s] P16 n100 p0.05 i101 attraction s2: SUCCESS acl=2.3/2.27 3.2018s
[3574/8235   2549s] P16 n100 p0.05 i101 attraction s0: SUCCESS acl=2.33/2.3 3.6337s
[3575/8235   2550s] P16 n100 p0.05 i101 attraction s3: SUCCESS acl=2.31/2.27 3.2662s
[3576/8235   2550s] P16 n480 p0.08 i102 mmfork-cuthill s3: FAILURE  64.6224s
[3577/8235   2550s] P16 n100 p0.05 i102 mmfork-cuthill s0: FAILURE  0.0095s
[3578/8235   2550s] P16 n100 p0.05 i102 mmfork-cuthill s1: FAILURE  0.008s
[3579/8235   2550s] P16 n100 p0.05 i102 mmfork-cuthill s2: FAILURE  0.0075s
[3580/8235   2550s] P16 n100 p0.05 i102 mmfork-cuthill s3: FAILURE  0.0071s
[3581/8235   2550s] P16 n100 p0.05 i102 mmfork-cuthill s4: FAILURE  0.0071s
[3582/8235   2550s] P16 n100 p0.05 i102 minorminer s1: SUCCESS acl=2.64/2.6 0.684s
[3583/8235   2550s] P16 n100 p0.05 i102 minorminer s0: SUCCESS acl=2.54/2.5 0.9911s
[3584/8235   2550s] P16 n100 p0.05 i102 clmm s1: SUCCESS acl=2.84/2.63 0.2413s
[3585/8235   2550s] P16 n100 p0.05 i102 clmm s0: SUCCESS acl=2.78/2.57 0.3542s
[3586/8235   2550s] P16 n100 p0.05 i102 clmm s2: SUCCESS acl=2.8/2.58 0.3786s
[3587/8235   2550s] P16 n100 p0.05 i102 clmm s3: SUCCESS acl=3.4/3.17 0.2356s
[3588/8235   2550s] P16 n100 p0.05 i102 template s-1: SUCCESS acl=6.57/6.57 0.0276s
[3589/8235   2550s] P16 n100 p0.05 i102 clique s-1: SUCCESS acl=9.82/6.57 0.02s
[3590/8235   2550s] P16 n100 p0.05 i102 minorminer s4: SUCCESS acl=2.4/2.36 0.7361s
[3591/8235   2550s] P16 n100 p0.05 i102 clmm s4: SUCCESS acl=2.87/2.66 0.3471s
[3592/8235   2550s] P16 n100 p0.05 i101 attraction s4: SUCCESS acl=2.31/2.3 3.0664s
[3593/8235   2551s] P16 n100 p0.05 i102 minorminer s3: SUCCESS acl=2.44/2.38 1.1553s
[3594/8235   2551s] P16 n100 p0.05 i102 pssa s0: SUCCESS acl=6.83/6.83 0.5046s
[3595/8235   2551s] P16 n100 p0.05 i102 pssa s1: SUCCESS acl=6.83/6.83 0.489s
[3596/8235   2551s] P16 n100 p0.05 i102 pssa s2: SUCCESS acl=6.83/6.83 0.4939s
[3597/8235   2551s] P16 n100 p0.05 i102 pssa s3: SUCCESS acl=6.83/6.83 0.4806s
[3598/8235   2551s] P16 n100 p0.05 i102 pssa s4: SUCCESS acl=6.83/6.83 0.479s
[3599/8235   2551s] P16 n100 p0.05 i102 minorminer s2: SUCCESS acl=2.48/2.45 1.5741s
[3600/8235   2552s] P16 n100 p0.05 i103 minorminer s0: SUCCESS acl=2.79/2.74 0.732s
[3601/8235   2552s] P16 n100 p0.05 i103 minorminer s1: SUCCESS acl=2.49/2.44 0.826s
[3602/8235   2552s] P16 n100 p0.05 i103 minorminer s2: SUCCESS acl=2.59/2.58 0.6263s
[3603/8235   2552s] P16 n100 p0.05 i103 minorminer s3: SUCCESS acl=2.52/2.48 0.5764s
[3604/8235   2553s] P16 n100 p0.05 i103 minorminer s4: SUCCESS acl=2.59/2.51 0.4856s
[3605/8235   2553s] P16 n100 p0.05 i103 mmfork-cuthill s0: SUCCESS acl=2.59/2.54 0.76s
[3606/8235   2553s] P16 n100 p0.05 i103 mmfork-cuthill s1: SUCCESS acl=2.59/2.56 0.4844s
[3607/8235   2554s] P16 n100 p0.05 i103 mmfork-cuthill s2: SUCCESS acl=2.42/2.4 0.6804s
[3608/8235   2554s] P16 n100 p0.05 i102 attraction s0: SUCCESS acl=2.47/2.45 3.4117s
[3609/8235   2554s] P16 n100 p0.05 i103 mmfork-cuthill s4: SUCCESS acl=2.46/2.46 0.3479s
[3610/8235   2554s] P16 n100 p0.05 i102 attraction s2: SUCCESS acl=2.36/2.34 3.4717s
[3611/8235   2554s] P16 n100 p0.05 i102 attraction s3: SUCCESS acl=2.23/2.22 3.4837s
[3612/8235   2554s] P16 n100 p0.05 i103 mmfork-cuthill s3: SUCCESS acl=2.49/2.47 1.0203s
[3613/8235   2554s] P16 n100 p0.05 i102 attraction s1: SUCCESS acl=2.3/2.25 3.7214s
[3614/8235   2555s] P16 n100 p0.05 i103 template s-1: SUCCESS acl=6.62/6.62 0.0263s
[3615/8235   2555s] P16 n100 p0.05 i103 clmm s2: SUCCESS acl=2.73/2.72 0.3289s
[3616/8235   2555s] P16 n100 p0.05 i103 clique s-1: SUCCESS acl=9.82/6.62 0.0194s
[3617/8235   2555s] P16 n100 p0.05 i102 attraction s4: SUCCESS acl=2.43/2.37 3.7374s
[3618/8235   2555s] P16 n100 p0.05 i103 clmm s3: SUCCESS acl=2.96/2.9 0.4247s
[3619/8235   2555s] P16 n100 p0.05 i103 clmm s4: SUCCESS acl=2.75/2.73 0.3643s
[3620/8235   2555s] P16 n100 p0.05 i103 clmm s1: SUCCESS acl=2.73/2.7 0.4917s
[3621/8235   2555s] P16 n100 p0.05 i103 clmm s0: SUCCESS acl=2.53/2.49 0.8823s
[3622/8235   2555s] P16 n100 p0.05 i103 pssa s0: SUCCESS acl=6.77/6.77 0.4777s
[3623/8235   2555s] P16 n100 p0.05 i103 pssa s1: SUCCESS acl=6.77/6.77 0.4774s
[3624/8235   2555s] P16 n100 p0.05 i103 pssa s2: SUCCESS acl=6.77/6.77 0.4739s
[3625/8235   2555s] P16 n100 p0.05 i103 pssa s4: SUCCESS acl=6.77/6.77 0.4716s
[3626/8235   2555s] P16 n100 p0.05 i103 pssa s3: SUCCESS acl=6.77/6.77 0.4818s
[3627/8235   2556s] P16 n480 p0.08 i102 mmfork-cuthill s4: FAILURE  65.7707s
[3628/8235   2557s] P16 n480 p0.08 i102 clmm s0: FAILURE  65.6207s
[3629/8235   2558s] P16 n100 p0.05 i103 attraction s0: SUCCESS acl=2.39/2.37 3.5413s
[3630/8235   2558s] P16 n100 p0.05 i103 attraction s1: SUCCESS acl=2.32/2.32 3.3695s
[3631/8235   2558s] P16 n100 p0.05 i103 attraction s2: SUCCESS acl=2.33/2.33 3.2322s
[3632/8235   2559s] P16 n100 p0.05 i103 attraction s4: SUCCESS acl=2.43/2.43 3.5921s
[3633/8235   2559s] P16 n100 p0.05 i103 attraction s3: SUCCESS acl=2.52/2.51 3.7421s
[3634/8235   2562s] P16 n480 p0.08 i102 clmm s1: FAILURE  65.5203s
[3635/8235   2563s] P16 n160 p0.05 i101 minorminer s2: SUCCESS acl=6.6375/6.4375 6.3787s
[3636/8235   2563s] P16 n160 p0.05 i101 minorminer s0: SUCCESS acl=6.3375/6.1688 7.5574s
[3637/8235   2563s] P16 n160 p0.05 i101 mmfork-cuthill s1: SUCCESS acl=6.575/6.4062 5.0444s
[3638/8235   2565s] P16 n160 p0.05 i101 minorminer s1: SUCCESS acl=6.1437/6.0125 10.2073s
[3639/8235   2565s] P16 n160 p0.05 i101 minorminer s4: SUCCESS acl=6.4688/6.25 7.1278s
[3640/8235   2566s] P16 n160 p0.05 i101 mmfork-cuthill s0: SUCCESS acl=6.7562/6.5812 7.7628s
[3641/8235   2566s] P16 n160 p0.05 i101 template s-1: SUCCESS acl=11.6438/11.6438 0.1293s
[3642/8235   2566s] P16 n160 p0.05 i101 clique s-1: SUCCESS acl=14.825/11.6438 0.0201s
[3643/8235   2567s] P16 n480 p0.08 i102 clmm s2: FAILURE  67.8406s
[3644/8235   2567s] P16 n160 p0.05 i101 clmm s1: SUCCESS acl=7.9688/7.75 4.1545s
[3645/8235   2567s] P16 n480 p0.08 i102 clmm s4: FAILURE  66.8791s
[3646/8235   2567s] P16 n160 p0.05 i101 mmfork-cuthill s3: SUCCESS acl=6.9875/6.775 8.3608s
[3647/8235   2567s] P16 n160 p0.05 i101 pssa s0: SUCCESS acl=11.8688/11.8688 0.8587s
[3648/8235   2568s] P16 n160 p0.05 i101 pssa s1: SUCCESS acl=11.8688/11.8688 0.8728s
[3649/8235   2568s] P16 n480 p0.08 i102 clmm s3: FAILURE  67.4913s
[3650/8235   2568s] P16 n160 p0.05 i101 pssa s2: SUCCESS acl=11.8688/11.8688 0.881s
[3651/8235   2568s] P16 n160 p0.05 i101 clmm s2: SUCCESS acl=7.3312/7.1875 4.4818s
[3652/8235   2568s] P16 n160 p0.05 i101 pssa s3: SUCCESS acl=11.8688/11.8688 0.895s
[3653/8235   2568s] P16 n160 p0.05 i101 pssa s4: SUCCESS acl=11.8688/11.8688 0.9082s
[3654/8235   2568s] P16 n160 p0.05 i101 clmm s0: SUCCESS acl=7.2313/6.9813 5.6966s
[3655/8235   2569s] P16 n160 p0.05 i101 minorminer s3: SUCCESS acl=6.2125/6.0438 12.2761s
[3656/8235   2569s] P16 n480 p0.08 i102 pssa s0: FAILURE  65.8654s
[3657/8235   2571s] P16 n160 p0.05 i101 clmm s3: SUCCESS acl=7.5187/7.2562 5.1885s
[3658/8235   2572s] P16 n160 p0.05 i101 mmfork-cuthill s2: SUCCESS acl=6.0187/5.8563 13.0686s
[3659/8235   2572s] P16 n160 p0.05 i101 clmm s4: SUCCESS acl=7.6937/7.475 6.8961s
[3660/8235   2573s] P16 n160 p0.05 i102 minorminer s1: SUCCESS acl=6.4437/6.1688 5.2097s
[3661/8235   2574s] P16 n480 p0.08 i102 pssa s1: FAILURE  67.9826s
[3662/8235   2574s] P16 n160 p0.05 i102 minorminer s0: SUCCESS acl=6.8375/6.6 5.9882s
[3663/8235   2576s] P16 n160 p0.05 i102 minorminer s2: SUCCESS acl=5.8688/5.7625 7.2155s
[3664/8235   2576s] P16 n160 p0.05 i101 mmfork-cuthill s4: SUCCESS acl=6.2313/6.0938 13.9035s
[3665/8235   2576s] P16 n160 p0.05 i102 minorminer s4: SUCCESS acl=6.4188/6.1875 6.807s
[3666/8235   2578s] P16 n160 p0.05 i102 mmfork-cuthill s1: SUCCESS acl=6.4938/6.2313 5.8763s
[3667/8235   2579s] P16 n160 p0.05 i102 minorminer s3: SUCCESS acl=6.1063/5.9062 9.3265s
[3668/8235   2579s] P16 n160 p0.05 i102 template s-1: SUCCESS acl=11.5125/11.5125 0.1257s
[3669/8235   2579s] P16 n160 p0.05 i102 clique s-1: SUCCESS acl=14.825/11.5125 0.0213s
[3670/8235   2579s] P16 n160 p0.05 i101 attraction s0: SUCCESS acl=6.2938/6.0312 11.984s
[3671/8235   2579s] P16 n160 p0.05 i102 mmfork-cuthill s3: SUCCESS acl=6.5687/6.3312 5.9044s
[3672/8235   2580s] P16 n160 p0.05 i102 clmm s0: SUCCESS acl=7.2438/7.0875 5.423s
[3673/8235   2580s] P16 n160 p0.05 i101 attraction s1: SUCCESS acl=6.1312/5.9125 12.0952s
[3674/8235   2580s] P16 n160 p0.05 i101 attraction s3: SUCCESS acl=6.5625/6.2562 11.8529s
[3675/8235   2580s] P16 n160 p0.05 i102 pssa s0: SUCCESS acl=11.775/11.775 0.8955s
[3676/8235   2580s] P16 n160 p0.05 i102 clmm s2: SUCCESS acl=7.5312/7.3187 3.8524s
[3677/8235   2580s] P16 n160 p0.05 i102 pssa s1: SUCCESS acl=11.775/11.775 0.9137s
[3678/8235   2580s] P16 n160 p0.05 i102 pssa s2: SUCCESS acl=11.775/11.775 0.9268s
[3679/8235   2581s] P16 n160 p0.05 i102 clmm s3: SUCCESS acl=7.2812/7.1188 4.297s
[3680/8235   2581s] P16 n160 p0.05 i102 pssa s3: SUCCESS acl=11.775/11.775 0.914s
[3681/8235   2581s] P16 n160 p0.05 i102 clmm s1: SUCCESS acl=7.2687/7.0125 4.9976s
[3682/8235   2581s] P16 n160 p0.05 i102 pssa s4: SUCCESS acl=11.775/11.775 0.9153s
[3683/8235   2581s] P16 n160 p0.05 i102 mmfork-cuthill s4: SUCCESS acl=6.5062/6.2812 6.8006s
[3684/8235   2581s] P16 n160 p0.05 i101 attraction s2: SUCCESS acl=6.5563/6.3063 13.1183s
[3685/8235   2581s] P16 n160 p0.05 i101 attraction s4: SUCCESS acl=6.4375/6.2625 12.9084s
[3686/8235   2581s] P16 n160 p0.05 i102 mmfork-cuthill s0: SUCCESS acl=6.4188/6.2062 10.6306s
[3687/8235   2582s] P16 n160 p0.05 i102 mmfork-cuthill s2: SUCCESS acl=6.0938/5.95 9.8826s
[3688/8235   2583s] P16 n480 p0.08 i103 minorminer s0: FAILURE  60.5493s
[3689/8235   2584s] P16 n160 p0.05 i102 clmm s4: SUCCESS acl=7.075/6.9 5.7899s
[3690/8235   2584s] P16 n480 p0.08 i102 pssa s2: FAILURE  68.0009s
[3691/8235   2585s] P16 n160 p0.05 i103 mmfork-cuthill s2: SUCCESS acl=6.9062/6.6 3.7408s
[3692/8235   2585s] P16 n160 p0.05 i103 minorminer s0: SUCCESS acl=6.65/6.4938 4.8612s
[3693/8235   2586s] P16 n480 p0.08 i102 pssa s4: FAILURE  65.9033s
[3694/8235   2586s] P16 n160 p0.05 i103 minorminer s2: SUCCESS acl=6.9375/6.65 5.0795s
[3695/8235   2586s] P16 n160 p0.05 i103 template s-1: SUCCESS acl=11.1875/11.1875 0.1583s
[3696/8235   2586s] P16 n160 p0.05 i103 minorminer s1: SUCCESS acl=6.5062/6.25 5.4324s
[3697/8235   2586s] P16 n160 p0.05 i103 clique s-1: SUCCESS acl=14.825/11.1875 0.0226s
[3698/8235   2586s] P16 n480 p0.08 i102 pssa s3: FAILURE  68.3217s
[3699/8235   2587s] P16 n480 p0.08 i103 minorminer s3: FAILURE  62.3012s
[3700/8235   2587s] P16 n160 p0.05 i103 pssa s0: SUCCESS acl=11.3438/11.3438 0.7938s
[3701/8235   2587s] P16 n160 p0.05 i103 pssa s1: SUCCESS acl=11.3438/11.3438 0.7918s
[3702/8235   2587s] P16 n160 p0.05 i103 pssa s2: SUCCESS acl=11.3438/11.3438 0.7911s
[3703/8235   2587s] P16 n160 p0.05 i103 minorminer s3: SUCCESS acl=6.3812/6.1625 6.3377s
[3704/8235   2587s] P16 n160 p0.05 i103 pssa s3: SUCCESS acl=11.3438/11.3438 0.7894s
[3705/8235   2588s] P16 n160 p0.05 i103 pssa s4: SUCCESS acl=11.3438/11.3438 0.7955s
[3706/8235   2588s] P16 n480 p0.08 i102 attraction s0: FAILURE  68.4283s
[3707/8235   2588s] P16 n160 p0.05 i103 clmm s1: SUCCESS acl=7.7062/7.5625 4.3763s
[3708/8235   2589s] P16 n160 p0.05 i103 minorminer s4: SUCCESS acl=6.0438/5.85 7.9485s
[3709/8235   2589s] P16 n480 p0.08 i103 minorminer s1: FAILURE  66.3686s
[3710/8235   2589s] P16 n160 p0.05 i103 mmfork-cuthill s0: SUCCESS acl=6.4313/6.2812 8.2939s
[3711/8235   2590s] P16 n160 p0.05 i103 clmm s0: SUCCESS acl=8.0312/7.85 6.0464s
[3712/8235   2590s] P16 n160 p0.05 i103 mmfork-cuthill s4: SUCCESS acl=6.9813/6.7938 7.6641s
[3713/8235   2590s] P16 n160 p0.05 i103 clmm s2: SUCCESS acl=7.2812/7.0375 5.3455s
[3714/8235   2591s] P16 n160 p0.05 i102 attraction s4: SUCCESS acl=6.9625/6.65 10.1804s
[3715/8235   2591s] P16 n160 p0.05 i103 mmfork-cuthill s1: SUCCESS acl=6.4313/6.2687 9.6694s
[3716/8235   2591s] P16 n480 p0.08 i103 minorminer s2: FAILURE  67.9604s
[3717/8235   2591s] P16 n160 p0.05 i103 clmm s3: SUCCESS acl=7.5/7.275 5.6107s
[3718/8235   2591s] P16 n160 p0.05 i102 attraction s0: SUCCESS acl=6.25/6.0687 11.2887s
[3719/8235   2591s] P16 n160 p0.05 i103 mmfork-cuthill s3: SUCCESS acl=6.4688/6.2375 8.965s
[3720/8235   2592s] P16 n160 p0.05 i103 clmm s4: SUCCESS acl=6.9688/6.7687 5.9549s
[3721/8235   2592s] P16 n480 p0.08 i103 mmfork-cuthill s0: FAILURE  66.1318s
[3722/8235   2592s] P16 n240 p0.05 i101 template s-1: INFEASIBLE  0.0s
[3723/8235   2592s] P16 n240 p0.05 i101 clique s-1: FAILURE  0.0196s
[3724/8235   2592s] P16 n480 p0.08 i103 mmfork-cuthill s1: FAILURE  65.6658s
[3725/8235   2592s] P16 n480 p0.08 i103 minorminer s4: FAILURE  66.529s
[3726/8235   2592s] P16 n160 p0.05 i102 attraction s2: SUCCESS acl=6.075/5.8563 12.0079s
[3727/8235   2592s] P16 n480 p0.08 i102 attraction s1: FAILURE  72.0132s
[3728/8235   2593s] P16 n480 p0.08 i102 attraction s2: FAILURE  72.0399s
[3729/8235   2593s] P16 n480 p0.08 i102 attraction s3: FAILURE  72.0319s
[3730/8235   2593s] P16 n480 p0.08 i103 mmfork-cuthill s2: FAILURE  67.0234s
[3731/8235   2593s] P16 n480 p0.08 i102 attraction s4: FAILURE  71.467s
[3732/8235   2594s] P16 n160 p0.05 i102 attraction s3: SUCCESS acl=5.9375/5.775 13.7709s
[3733/8235   2595s] P16 n480 p0.08 i103 mmfork-cuthill s3: FAILURE  68.1329s
[3734/8235   2595s] P16 n160 p0.05 i102 attraction s1: SUCCESS acl=6.0/5.7938 14.772s
[3735/8235   2595s] P16 n480 p0.08 i103 clmm s0: FAILURE  67.8561s
[3736/8235   2595s] P16 n480 p0.08 i103 mmfork-cuthill s4: FAILURE  68.3291s
[3737/8235   2599s] P16 n480 p0.08 i103 clmm s2: FAILURE  66.4417s
[3738/8235   2599s] P16 n480 p0.08 i103 clmm s1: FAILURE  67.975s
[3739/8235   2600s] P16 n160 p0.05 i103 attraction s3: SUCCESS acl=6.2125/5.9875 12.4864s
[3740/8235   2600s] P16 n160 p0.05 i103 attraction s1: SUCCESS acl=6.0625/5.9188 12.9256s
[3741/8235   2600s] P16 n480 p0.08 i103 clmm s4: FAILURE  67.3881s
[3742/8235   2601s] P16 n160 p0.05 i103 attraction s2: SUCCESS acl=5.9625/5.8063 13.4849s
[3743/8235   2601s] P16 n480 p0.08 i103 clmm s3: FAILURE  68.052s
[3744/8235   2602s] P16 n160 p0.05 i103 attraction s4: SUCCESS acl=6.0625/5.8625 13.9508s
[3745/8235   2602s] P16 n160 p0.05 i103 attraction s0: SUCCESS acl=6.0312/5.8187 14.9726s
[3746/8235   2602s] P16 n240 p0.05 i101 mmfork-cuthill s3: SUCCESS acl=16.8167/15.9208 11.5163s
[3747/8235   2602s] P16 n480 p0.08 i103 pssa s0: FAILURE  69.1144s
[3748/8235   2603s] P16 n480 p0.08 i103 pssa s2: FAILURE  67.817s
[3749/8235   2603s] P16 n240 p0.05 i102 template s-1: INFEASIBLE  0.0s
[3750/8235   2603s] P16 n240 p0.05 i102 clique s-1: FAILURE  0.0218s
[3751/8235   2604s] P16 n480 p0.08 i103 pssa s1: FAILURE  68.7701s
[3752/8235   2605s] P16 n480 p0.08 i103 pssa s4: FAILURE  65.8344s
[3753/8235   2606s] P16 n240 p0.05 i101 clmm s2: SUCCESS acl=16.925/16.3125 14.1658s
[3754/8235   2606s] P16 n480 p0.08 i103 pssa s3: FAILURE  68.4465s
[3755/8235   2607s] P16 n240 p0.05 i102 minorminer s2: SUCCESS acl=16.0875/15.2708 11.5952s
[3756/8235   2609s] P16 n480 p0.08 i103 attraction s0: FAILURE  68.9278s
[3757/8235   2609s] P16 n480 p0.08 i103 attraction s2: FAILURE  68.3292s
[3758/8235   2609s] P16 n240 p0.05 i101 mmfork-cuthill s4: SUCCESS acl=15.7542/15.0583 18.1932s
[3759/8235   2609s] P16 n240 p0.05 i101 clmm s4: SUCCESS acl=16.7417/15.9833 17.2599s
[3760/8235   2610s] P16 n240 p0.05 i101 mmfork-cuthill s1: SUCCESS acl=15.5875/14.8542 19.1819s
[3761/8235   2610s] P16 n240 p0.05 i102 minorminer s3: SUCCESS acl=16.6083/15.5542 14.1634s
[3762/8235   2610s] P16 n240 p0.05 i102 minorminer s0: SUCCESS acl=16.0417/15.1 15.1411s
[3763/8235   2610s] P16 n240 p0.05 i101 minorminer s0: SUCCESS acl=15.3958/14.6542 21.8907s
[3764/8235   2610s] P16 n240 p0.05 i101 clmm s1: SUCCESS acl=16.7167/15.8875 18.969s
[3765/8235   2611s] P16 n240 p0.05 i101 minorminer s2: SUCCESS acl=14.9792/14.3208 22.0968s
[3766/8235   2611s] P16 n240 p0.05 i101 mmfork-cuthill s0: SUCCESS acl=15.775/15.0167 21.4093s
[3767/8235   2612s] P16 n480 p0.08 i103 attraction s1: FAILURE  71.6175s
[3768/8235   2612s] P16 n240 p0.05 i101 clmm s0: SUCCESS acl=16.7708/15.9167 20.9795s
[3769/8235   2613s] P16 n480 p0.08 i103 attraction s4: FAILURE  71.5567s
[3770/8235   2613s] P16 n480 p0.08 i103 attraction s3: FAILURE  72.1625s
[3771/8235   2614s] P16 n240 p0.05 i101 clmm s3: SUCCESS acl=15.9/15.2375 22.3672s
[3772/8235   2614s] P16 n240 p0.05 i102 mmfork-cuthill s3: SUCCESS acl=17.7583/16.5625 13.2259s
[3773/8235   2614s] P16 n240 p0.05 i101 mmfork-cuthill s2: SUCCESS acl=15.3375/14.4667 23.6665s
[3774/8235   2615s] P16 n240 p0.05 i101 minorminer s1: SUCCESS acl=14.8625/14.1333 26.3036s
[3775/8235   2615s] P16 n240 p0.05 i101 minorminer s4: SUCCESS acl=14.9417/14.1417 25.5724s
[3776/8235   2615s] P16 n240 p0.05 i103 template s-1: INFEASIBLE  0.0s
[3777/8235   2615s] P16 n240 p0.05 i103 clique s-1: FAILURE  0.0232s
[3778/8235   2615s] P16 n240 p0.05 i102 minorminer s1: SUCCESS acl=14.825/14.1875 20.3887s
[3779/8235   2617s] P16 n240 p0.05 i102 mmfork-cuthill s1: SUCCESS acl=15.525/14.7708 17.1033s
[3780/8235   2618s] P16 n240 p0.05 i102 clmm s0: SUCCESS acl=16.8/16.1167 16.8788s
[3781/8235   2618s] P16 n240 p0.05 i101 minorminer s3: SUCCESS acl=14.8792/14.2208 29.4459s
[3782/8235   2619s] P16 n240 p0.05 i102 mmfork-cuthill s2: SUCCESS acl=15.7667/15.0625 19.1458s
[3783/8235   2621s] P16 n240 p0.05 i102 clmm s1: SUCCESS acl=16.025/15.3375 18.5607s
[3784/8235   2621s] P16 n240 p0.05 i102 minorminer s4: SUCCESS acl=14.7833/14.0958 21.8963s
[3785/8235   2623s] P16 n240 p0.05 i102 clmm s4: SUCCESS acl=15.875/15.15 20.3752s
[3786/8235   2623s] P16 n240 p0.05 i103 minorminer s3: SUCCESS acl=16.0208/15.1083 12.8208s
[3787/8235   2623s] P16 n240 p0.05 i102 clmm s2: SUCCESS acl=15.6833/14.8917 21.1627s
[3788/8235   2624s] P16 n240 p0.05 i102 mmfork-cuthill s4: SUCCESS acl=15.45/14.7 22.7518s
[3789/8235   2624s] P16 n240 p0.05 i103 minorminer s4: SUCCESS acl=15.8958/15.0458 13.7239s
[3790/8235   2625s] P16 n240 p0.05 i103 mmfork-cuthill s0: SUCCESS acl=17.1792/16.4208 13.8102s
[3791/8235   2625s] P16 n240 p0.05 i103 minorminer s1: SUCCESS acl=16.1292/15.1917 15.1628s
[3792/8235   2626s] P16 n240 p0.05 i102 mmfork-cuthill s0: SUCCESS acl=14.6958/14.0458 26.6641s
[3793/8235   2626s] P16 n240 p0.05 i102 clmm s3: SUCCESS acl=15.7208/14.9542 23.1948s
[3794/8235   2626s] P16 n240 p0.05 i101 attraction s4: SUCCESS acl=16.4333/15.6458 31.7359s
[3795/8235   2627s] P16 n240 p0.05 i101 attraction s1: SUCCESS acl=16.4667/15.3625 33.5887s
[3796/8235   2628s] P16 n240 p0.05 i101 attraction s2: SUCCESS acl=16.0125/15.0417 34.7542s
[3797/8235   2628s] P16 n240 p0.05 i103 minorminer s2: SUCCESS acl=15.2667/14.5792 18.261s
[3798/8235   2629s] P16 n240 p0.05 i101 attraction s0: SUCCESS acl=15.5625/14.7625 36.5069s
[3799/8235   2630s] P16 n240 p0.05 i103 mmfork-cuthill s2: SUCCESS acl=15.4167/14.7 18.2083s
[3800/8235   2630s] P16 n240 p0.05 i103 clmm s2: SUCCESS acl=16.7083/15.9292 16.2786s
[3801/8235   2632s] P16 n240 p0.05 i103 mmfork-cuthill s3: SUCCESS acl=15.3542/14.5458 19.4854s
[3802/8235   2632s] P16 n240 p0.05 i103 minorminer s0: SUCCESS acl=15.3458/14.5583 22.1244s
[3803/8235   2632s] P16 n340 p0.05 i101 template s-1: INFEASIBLE  0.0s
[3804/8235   2632s] P16 n340 p0.05 i101 clique s-1: FAILURE  0.0199s
[3805/8235   2634s] P16 n240 p0.05 i103 clmm s4: SUCCESS acl=16.6125/15.7583 18.2948s
[3806/8235   2634s] P16 n240 p0.05 i101 attraction s3: SUCCESS acl=15.0083/14.3458 40.3765s
[3807/8235   2635s] P16 n240 p0.05 i103 mmfork-cuthill s1: SUCCESS acl=15.2708/14.5333 23.1436s
[3808/8235   2636s] P16 n240 p0.05 i103 clmm s0: SUCCESS acl=15.5333/14.8 23.0141s
[3809/8235   2638s] P16 n240 p0.05 i103 mmfork-cuthill s4: SUCCESS acl=15.3083/14.5708 25.351s
[3810/8235   2638s] P16 n240 p0.05 i103 clmm s1: SUCCESS acl=15.7292/15.0083 24.1095s
[3811/8235   2639s] P16 n240 p0.05 i103 clmm s3: SUCCESS acl=15.325/14.6583 23.9888s
[3812/8235   2642s] P16 n240 p0.05 i102 attraction s4: SUCCESS acl=16.1333/15.25 32.7335s
[3813/8235   2647s] P16 n240 p0.05 i102 attraction s3: SUCCESS acl=15.2708/14.5208 38.3084s
[3814/8235   2653s] P16 n240 p0.05 i102 attraction s1: SUCCESS acl=14.1667/13.5042 43.6932s
[3815/8235   2653s] P16 n240 p0.05 i103 attraction s2: SUCCESS acl=16.7042/15.6875 32.0711s
[3816/8235   2653s] P16 n240 p0.05 i103 attraction s0: SUCCESS acl=15.0958/14.35 33.6576s
[3817/8235   2655s] P16 n240 p0.05 i102 attraction s0: SUCCESS acl=14.1333/13.3708 47.7412s
[3818/8235   2655s] P16 n240 p0.05 i101 pssa s2: FAILURE  63.3354s
[3819/8235   2655s] P16 n240 p0.05 i101 pssa s3: FAILURE  63.4758s
[3820/8235   2655s] P16 n240 p0.05 i101 pssa s0: FAILURE  63.8808s
[3821/8235   2656s] P16 n240 p0.05 i102 attraction s2: SUCCESS acl=14.1875/13.4417 47.0011s
[3822/8235   2656s] P16 n240 p0.05 i101 pssa s1: FAILURE  64.552s
[3823/8235   2656s] P16 n240 p0.05 i101 pssa s4: FAILURE  63.9918s
[3824/8235   2657s] P16 n240 p0.05 i103 attraction s4: SUCCESS acl=15.9/14.95 33.3491s
[3825/8235   2660s] P16 n240 p0.05 i103 attraction s3: SUCCESS acl=15.3458/14.3333 36.5567s
[3826/8235   2667s] P16 n240 p0.05 i102 pssa s0: FAILURE  63.6148s
[3827/8235   2669s] P16 n240 p0.05 i102 pssa s2: FAILURE  63.9715s
[3828/8235   2669s] P16 n240 p0.05 i102 pssa s4: FAILURE  62.9498s
[3829/8235   2669s] P16 n240 p0.05 i102 pssa s1: FAILURE  65.2375s
[3830/8235   2669s] P16 n340 p0.05 i102 template s-1: INFEASIBLE  0.0s
[3831/8235   2669s] P16 n340 p0.05 i102 clique s-1: FAILURE  0.0214s
[3832/8235   2670s] P16 n240 p0.05 i102 pssa s3: FAILURE  64.5876s
[3833/8235   2671s] P16 n240 p0.05 i103 attraction s1: SUCCESS acl=14.2625/13.6333 50.1845s
[3834/8235   2678s] P16 n240 p0.05 i103 pssa s1: FAILURE  63.2051s
[3835/8235   2682s] P16 n240 p0.05 i103 pssa s4: FAILURE  63.4149s
[3836/8235   2682s] P16 n240 p0.05 i103 pssa s2: FAILURE  64.8186s
[3837/8235   2683s] P16 n240 p0.05 i103 pssa s3: FAILURE  64.5815s
[3838/8235   2684s] P16 n240 p0.05 i103 pssa s0: FAILURE  69.0932s
[3839/8235   2685s] P16 n340 p0.05 i101 minorminer s0: FAILURE  61.5259s
[3840/8235   2685s] P16 n340 p0.05 i101 minorminer s2: FAILURE  61.0594s
[3841/8235   2686s] P16 n340 p0.05 i101 minorminer s1: FAILURE  61.9638s
[3842/8235   2687s] P16 n340 p0.05 i101 minorminer s4: FAILURE  61.3776s
[3843/8235   2687s] P16 n340 p0.05 i101 minorminer s3: FAILURE  62.0783s
[3844/8235   2688s] P16 n340 p0.05 i101 mmfork-cuthill s0: FAILURE  62.3543s
[3845/8235   2688s] P16 n340 p0.05 i101 mmfork-cuthill s1: FAILURE  62.383s
[3846/8235   2688s] P16 n340 p0.05 i101 mmfork-cuthill s3: FAILURE  61.7183s
[3847/8235   2689s] P16 n340 p0.05 i101 mmfork-cuthill s2: FAILURE  62.6369s
[3848/8235   2690s] P16 n340 p0.05 i101 clmm s0: FAILURE  61.6307s
[3849/8235   2690s] P16 n340 p0.05 i101 mmfork-cuthill s4: FAILURE  62.2673s
[3850/8235   2692s] P16 n340 p0.05 i101 clmm s1: FAILURE  62.7592s
[3851/8235   2693s] P16 n340 p0.05 i101 clmm s2: FAILURE  62.6389s
[3852/8235   2693s] P16 n340 p0.05 i101 clmm s3: FAILURE  62.4679s
[3853/8235   2694s] P16 n340 p0.05 i101 clmm s4: FAILURE  61.9206s
[3854/8235   2699s] P16 n340 p0.05 i101 pssa s0: FAILURE  66.9287s
[3855/8235   2699s] P16 n340 p0.05 i101 attraction s1: FAILURE  61.1928s
[3856/8235   2701s] P16 n340 p0.05 i101 pssa s2: FAILURE  67.2231s
[3857/8235   2701s] P16 n340 p0.05 i103 template s-1: INFEASIBLE  0.0s
[3858/8235   2701s] P16 n340 p0.05 i103 clique s-1: FAILURE  0.0201s
[3859/8235   2701s] P16 n340 p0.05 i101 pssa s1: FAILURE  67.7652s
[3860/8235   2702s] P16 n340 p0.05 i101 attraction s2: FAILURE  63.0207s
[3861/8235   2702s] P16 n340 p0.05 i101 attraction s0: FAILURE  63.477s
[3862/8235   2703s] P16 n340 p0.05 i101 pssa s3: FAILURE  67.9322s
[3863/8235   2705s] P16 n340 p0.05 i101 pssa s4: FAILURE  68.7689s
[3864/8235   2706s] P16 n340 p0.05 i101 attraction s3: FAILURE  63.6804s
[3865/8235   2711s] P16 n340 p0.05 i101 attraction s4: FAILURE  63.7282s
[3866/8235   2715s] P16 n340 p0.05 i102 minorminer s1: FAILURE  61.4209s
[3867/8235   2715s] P16 n340 p0.05 i102 minorminer s2: FAILURE  61.4033s
[3868/8235   2715s] P16 n340 p0.05 i102 minorminer s0: FAILURE  62.6121s
[3869/8235   2717s] P16 n340 p0.05 i102 minorminer s4: FAILURE  61.8084s
[3870/8235   2717s] P16 n340 p0.05 i102 mmfork-cuthill s0: FAILURE  61.5304s
[3871/8235   2717s] P16 n340 p0.05 i102 mmfork-cuthill s1: FAILURE  61.676s
[3872/8235   2718s] P16 n340 p0.05 i102 minorminer s3: FAILURE  62.819s
[3873/8235   2718s] P16 n340 p0.05 i102 mmfork-cuthill s3: FAILURE  62.1044s
[3874/8235   2718s] P16 n340 p0.05 i102 mmfork-cuthill s2: FAILURE  62.2898s
[3875/8235   2719s] P16 n340 p0.05 i102 mmfork-cuthill s4: FAILURE  62.2359s
[3876/8235   2719s] P16 n340 p0.05 i102 clmm s0: FAILURE  62.4844s
[3877/8235   2722s] P16 n340 p0.05 i102 clmm s1: FAILURE  62.5244s
[3878/8235   2729s] P16 n340 p0.05 i102 clmm s2: FAILURE  61.8541s
[3879/8235   2729s] P16 n340 p0.05 i102 clmm s3: FAILURE  60.6321s
[3880/8235   2731s] P16 n340 p0.05 i102 clmm s4: FAILURE  62.3309s
[3881/8235   2735s] P16 n340 p0.05 i102 pssa s0: FAILURE  66.3945s
[3882/8235   2738s] P16 n340 p0.05 i102 pssa s2: FAILURE  67.2924s
[3883/8235   2739s] P16 n340 p0.05 i102 pssa s1: FAILURE  68.9175s
[3884/8235   2739s] P16 n460 p0.05 i101 template s-1: INFEASIBLE  0.0s
[3885/8235   2739s] P16 n460 p0.05 i101 clique s-1: FAILURE  0.0243s
[3886/8235   2745s] P16 n340 p0.05 i102 attraction s0: FAILURE  63.2671s
[3887/8235   2745s] P16 n340 p0.05 i102 pssa s3: FAILURE  67.0182s
[3888/8235   2746s] P16 n340 p0.05 i102 attraction s1: FAILURE  63.3993s
[3889/8235   2747s] P16 n340 p0.05 i102 attraction s2: FAILURE  62.9365s
[3890/8235   2748s] P16 n340 p0.05 i103 minorminer s0: FAILURE  62.2422s
[3891/8235   2748s] P16 n340 p0.05 i102 pssa s4: FAILURE  66.1015s
[3892/8235   2749s] P16 n340 p0.05 i102 attraction s3: FAILURE  63.6132s
[3893/8235   2749s] P16 n340 p0.05 i103 minorminer s1: FAILURE  62.1689s
[3894/8235   2749s] P16 n340 p0.05 i102 attraction s4: FAILURE  63.4894s
[3895/8235   2749s] P16 n340 p0.05 i103 minorminer s2: FAILURE  61.7308s
[3896/8235   2750s] P16 n340 p0.05 i103 minorminer s3: FAILURE  61.8338s
[3897/8235   2750s] P16 n340 p0.05 i103 mmfork-cuthill s0: FAILURE  61.5264s
[3898/8235   2750s] P16 n340 p0.05 i103 minorminer s4: FAILURE  61.9022s
[3899/8235   2751s] P16 n340 p0.05 i103 mmfork-cuthill s1: FAILURE  61.8599s
[3900/8235   2753s] P16 n340 p0.05 i103 mmfork-cuthill s2: FAILURE  62.3765s
[3901/8235   2753s] P16 n340 p0.05 i103 mmfork-cuthill s3: FAILURE  62.4772s
[3902/8235   2754s] P16 n340 p0.05 i103 mmfork-cuthill s4: FAILURE  61.44s
[3903/8235   2755s] P16 n340 p0.05 i103 clmm s1: FAILURE  62.3675s
[3904/8235   2756s] P16 n340 p0.05 i103 clmm s0: FAILURE  62.9147s
[3905/8235   2756s] P16 n340 p0.05 i103 clmm s2: FAILURE  62.5392s
[3906/8235   2760s] P16 n340 p0.05 i103 clmm s3: FAILURE  60.7594s
[3907/8235   2761s] P16 n340 p0.05 i103 clmm s4: FAILURE  61.5835s
[3908/8235   2766s] P16 n340 p0.05 i103 pssa s3: FAILURE  64.1741s
[3909/8235   2766s] P16 n340 p0.05 i103 attraction s0: FAILURE  60.9748s
[3910/8235   2767s] P16 n340 p0.05 i103 pssa s0: FAILURE  66.078s
[3911/8235   2767s] P16 n460 p0.05 i102 template s-1: INFEASIBLE  0.0s
[3912/8235   2767s] P16 n460 p0.05 i102 clique s-1: FAILURE  0.0201s
[3913/8235   2768s] P16 n340 p0.05 i103 pssa s1: FAILURE  66.2442s
[3914/8235   2768s] P16 n340 p0.05 i103 pssa s2: FAILURE  66.4653s
[3915/8235   2769s] P16 n340 p0.05 i103 attraction s1: FAILURE  63.3796s
[3916/8235   2770s] P16 n340 p0.05 i103 pssa s4: FAILURE  67.0213s
[3917/8235   2773s] P16 n340 p0.05 i103 attraction s2: FAILURE  61.6125s
[3918/8235   2777s] P16 n340 p0.05 i103 attraction s3: FAILURE  62.7494s
[3919/8235   2778s] P16 n340 p0.05 i103 attraction s4: FAILURE  62.8807s
[3920/8235   2780s] P16 n460 p0.05 i101 minorminer s0: FAILURE  64.1619s
[3921/8235   2780s] P16 n460 p0.05 i101 minorminer s2: FAILURE  62.9032s
[3922/8235   2780s] P16 n460 p0.05 i101 minorminer s3: FAILURE  63.2148s
[3923/8235   2780s] P16 n460 p0.05 i101 minorminer s4: FAILURE  62.7123s
[3924/8235   2781s] P16 n460 p0.05 i101 minorminer s1: FAILURE  63.7336s
[3925/8235   2782s] P16 n460 p0.05 i101 mmfork-cuthill s0: FAILURE  63.8887s
[3926/8235   2783s] P16 n460 p0.05 i101 mmfork-cuthill s1: FAILURE  64.4982s
[3927/8235   2783s] P16 n460 p0.05 i101 mmfork-cuthill s2: FAILURE  64.6664s
[3928/8235   2783s] P16 n460 p0.05 i101 mmfork-cuthill s3: FAILURE  64.0616s
[3929/8235   2785s] P16 n460 p0.05 i101 mmfork-cuthill s4: FAILURE  62.8366s
[3930/8235   2793s] P16 n460 p0.05 i101 clmm s0: FAILURE  64.2185s
[3931/8235   2794s] P16 n460 p0.05 i101 clmm s1: FAILURE  64.4582s
[3932/8235   2795s] P16 n460 p0.05 i101 clmm s2: FAILURE  63.9432s
[3933/8235   2799s] P16 n460 p0.05 i101 clmm s3: FAILURE  63.7319s
[3934/8235   2803s] P16 n460 p0.05 i101 clmm s4: FAILURE  64.3161s
[3935/8235   2804s] P16 n460 p0.05 i101 pssa s0: FAILURE  64.6657s
[3936/8235   2810s] P16 n460 p0.05 i101 pssa s4: FAILURE  62.8794s
[3937/8235   2810s] P16 n460 p0.05 i101 pssa s3: FAILURE  63.9858s
[3938/8235   2810s] P16 n460 p0.05 i103 template s-1: INFEASIBLE  0.0s
[3939/8235   2810s] P16 n460 p0.05 i103 clique s-1: FAILURE  0.0233s
[3940/8235   2810s] P16 n460 p0.05 i101 pssa s1: FAILURE  64.9998s
[3941/8235   2811s] P16 n460 p0.05 i101 pssa s2: FAILURE  65.7787s
[3942/8235   2812s] P16 n460 p0.05 i102 minorminer s0: FAILURE  62.8525s
[3943/8235   2813s] P16 n460 p0.05 i101 attraction s1: FAILURE  64.717s
[3944/8235   2813s] P16 n460 p0.05 i102 minorminer s1: FAILURE  63.4004s
[3945/8235   2813s] P16 n460 p0.05 i102 minorminer s3: FAILURE  63.3931s
[3946/8235   2814s] P16 n460 p0.05 i101 attraction s3: FAILURE  64.8965s
[3947/8235   2814s] P16 n460 p0.05 i101 attraction s0: FAILURE  65.8759s
[3948/8235   2814s] P16 n460 p0.05 i101 attraction s4: FAILURE  65.2437s
[3949/8235   2814s] P16 n460 p0.05 i102 minorminer s2: FAILURE  64.5568s
[3950/8235   2815s] P16 n460 p0.05 i102 mmfork-cuthill s0: FAILURE  62.527s
[3951/8235   2815s] P16 n460 p0.05 i101 attraction s2: FAILURE  66.4776s
[3952/8235   2816s] P16 n460 p0.05 i102 mmfork-cuthill s1: FAILURE  62.8502s
[3953/8235   2817s] P16 n460 p0.05 i102 minorminer s4: FAILURE  65.9493s
[3954/8235   2817s] P16 n460 p0.05 i102 mmfork-cuthill s2: FAILURE  62.9893s
[3955/8235   2819s] P16 n460 p0.05 i102 mmfork-cuthill s3: FAILURE  63.3195s
[3956/8235   2820s] P16 n460 p0.05 i102 mmfork-cuthill s4: FAILURE  64.602s
[3957/8235   2821s] P16 n460 p0.05 i102 clmm s0: FAILURE  64.4252s
[3958/8235   2824s] P16 n460 p0.05 i102 clmm s1: FAILURE  64.7319s
[3959/8235   2825s] P16 n460 p0.05 i102 clmm s2: FAILURE  64.2768s
[3960/8235   2829s] P16 n460 p0.05 i102 clmm s3: FAILURE  63.0107s
[3961/8235   2830s] P16 n460 p0.05 i102 clmm s4: FAILURE  64.4569s
[3962/8235   2834s] P16 n460 p0.05 i102 pssa s1: FAILURE  65.9288s
[3963/8235   2834s] P16 n460 p0.05 i102 pssa s3: FAILURE  64.9969s
[3964/8235   2834s] P16 n460 p0.05 i102 pssa s0: FAILURE  66.7647s
[3965/8235   2834s] P16 n460 p0.05 i102 pssa s2: FAILURE  66.0144s
[3966/8235   2834s] P16 n600 p0.05 i101 template s-1: INFEASIBLE  0.0s
[3967/8235   2834s] P16 n600 p0.05 i101 clique s-1: FAILURE  0.0232s
[3968/8235   2836s] P16 n460 p0.05 i102 pssa s4: FAILURE  66.1702s
[3969/8235   2839s] P16 n460 p0.05 i102 attraction s0: FAILURE  66.4064s
[3970/8235   2842s] P16 n460 p0.05 i102 attraction s2: FAILURE  64.7981s
[3971/8235   2843s] P16 n460 p0.05 i103 minorminer s2: FAILURE  62.2194s
[3972/8235   2843s] P16 n460 p0.05 i103 minorminer s0: FAILURE  62.4798s
[3973/8235   2844s] P16 n460 p0.05 i103 minorminer s1: FAILURE  63.2257s
[3974/8235   2844s] P16 n460 p0.05 i102 attraction s1: FAILURE  66.7969s
[3975/8235   2844s] P16 n460 p0.05 i103 minorminer s4: FAILURE  61.4221s
[3976/8235   2845s] P16 n460 p0.05 i102 attraction s3: FAILURE  65.4377s
[3977/8235   2846s] P16 n460 p0.05 i102 attraction s4: FAILURE  65.6447s
[3978/8235   2846s] P16 n460 p0.05 i103 minorminer s3: FAILURE  64.2787s
[3979/8235   2847s] P16 n460 p0.05 i103 mmfork-cuthill s0: FAILURE  63.4662s
[3980/8235   2848s] P16 n460 p0.05 i103 mmfork-cuthill s1: FAILURE  64.4857s
[3981/8235   2850s] P16 n460 p0.05 i103 mmfork-cuthill s2: FAILURE  64.4462s
[3982/8235   2857s] P16 n460 p0.05 i103 mmfork-cuthill s4: FAILURE  62.9051s
[3983/8235   2857s] P16 n460 p0.05 i103 mmfork-cuthill s3: FAILURE  63.9357s
[3984/8235   2859s] P16 n460 p0.05 i103 clmm s0: FAILURE  64.0293s
[3985/8235   2863s] P16 n460 p0.05 i103 clmm s1: FAILURE  63.5418s
[3986/8235   2866s] P16 n460 p0.05 i103 clmm s2: FAILURE  63.834s
[3987/8235   2867s] P16 n460 p0.05 i103 clmm s3: FAILURE  63.0985s
[3988/8235   2873s] P16 n460 p0.05 i103 pssa s0: FAILURE  62.5014s
[3989/8235   2874s] P16 n460 p0.05 i103 clmm s4: FAILURE  64.0805s
[3990/8235   2874s] P16 n460 p0.05 i103 pssa s1: FAILURE  63.9319s
[3991/8235   2878s] P16 n460 p0.05 i103 pssa s2: FAILURE  66.1926s
[3992/8235   2878s] P16 n600 p0.05 i102 template s-1: INFEASIBLE  0.0s
[3993/8235   2878s] P16 n600 p0.05 i102 clique s-1: FAILURE  0.0202s
[3994/8235   2878s] P16 n460 p0.05 i103 pssa s3: FAILURE  66.0803s
[3995/8235   2879s] P16 n460 p0.05 i103 attraction s3: FAILURE  65.1837s
[3996/8235   2879s] P16 n460 p0.05 i103 attraction s2: FAILURE  65.2191s
[3997/8235   2879s] P16 n460 p0.05 i103 pssa s4: FAILURE  66.2424s
[3998/8235   2879s] P16 n460 p0.05 i103 attraction s0: FAILURE  66.2434s
[3999/8235   2880s] P16 n460 p0.05 i103 attraction s4: FAILURE  65.9677s
[4000/8235   2880s] P16 n460 p0.05 i103 attraction s1: FAILURE  66.6534s
[4001/8235   2881s] P16 n600 p0.05 i101 minorminer s1: FAILURE  65.9705s
[4002/8235   2882s] P16 n600 p0.05 i101 minorminer s4: FAILURE  65.304s
[4003/8235   2883s] P16 n600 p0.05 i101 minorminer s3: FAILURE  67.0867s
[4004/8235   2883s] P16 n600 p0.05 i101 minorminer s0: FAILURE  69.0218s
[4005/8235   2885s] P16 n600 p0.05 i101 minorminer s2: FAILURE  69.935s
[4006/8235   2886s] P16 n600 p0.05 i101 mmfork-cuthill s0: FAILURE  69.1185s
[4007/8235   2887s] P16 n600 p0.05 i101 mmfork-cuthill s1: FAILURE  68.2607s
[4008/8235   2888s] P16 n600 p0.05 i101 mmfork-cuthill s3: FAILURE  67.5598s
[4009/8235   2890s] P16 n600 p0.05 i101 mmfork-cuthill s2: FAILURE  69.6667s
[4010/8235   2892s] P16 n600 p0.05 i101 clmm s0: FAILURE  66.2523s
[4011/8235   2895s] P16 n600 p0.05 i101 mmfork-cuthill s4: FAILURE  70.0329s
[4012/8235   2897s] P16 n600 p0.05 i101 pssa s0: FAILURE  62.8624s
[4013/8235   2898s] P16 n600 p0.05 i101 clmm s2: FAILURE  67.8692s
[4014/8235   2898s] P16 n600 p0.05 i101 pssa s1: FAILURE  64.2606s
[4015/8235   2899s] P16 n600 p0.05 i101 clmm s1: FAILURE  70.1874s
[4016/8235   2900s] P16 n600 p0.05 i101 pssa s2: FAILURE  64.253s
[4017/8235   2903s] P16 n600 p0.05 i101 clmm s4: FAILURE  68.5818s
[4018/8235   2904s] P16 n600 p0.05 i101 clmm s3: FAILURE  70.5573s
[4019/8235   2904s] P16 n600 p0.05 i103 template s-1: INFEASIBLE  0.0s
[4020/8235   2904s] P16 n600 p0.05 i103 clique s-1: FAILURE  0.0247s
[4021/8235   2905s] P16 n600 p0.05 i101 pssa s3: FAILURE  65.246s
[4022/8235   2908s] P16 n600 p0.05 i101 pssa s4: FAILURE  65.2768s
[4023/8235   2913s] P16 n600 p0.05 i102 minorminer s0: FAILURE  67.8621s
[4024/8235   2914s] P16 n600 p0.05 i102 minorminer s2: FAILURE  67.4626s
[4025/8235   2914s] P16 n600 p0.05 i101 attraction s0: FAILURE  71.114s
[4026/8235   2914s] P16 n600 p0.05 i101 attraction s1: FAILURE  71.1444s
[4027/8235   2914s] P16 n600 p0.05 i102 minorminer s1: FAILURE  68.6226s
[4028/8235   2916s] P16 n600 p0.05 i101 attraction s4: FAILURE  71.2006s
[4029/8235   2916s] P16 n600 p0.05 i102 minorminer s3: FAILURE  68.7342s
[4030/8235   2916s] P16 n600 p0.05 i101 attraction s2: FAILURE  71.8746s
[4031/8235   2917s] P16 n600 p0.05 i102 minorminer s4: FAILURE  69.2745s
[4032/8235   2918s] P16 n600 p0.05 i101 attraction s3: FAILURE  73.9622s
[4033/8235   2919s] P16 n600 p0.05 i102 mmfork-cuthill s0: FAILURE  69.2862s
[4034/8235   2924s] Z12 n60 p1 i101 minorminer s0: SUCCESS acl=6.15/5.6667 8.5075s
[4035/8235   2925s] P16 n600 p0.05 i102 mmfork-cuthill s1: FAILURE  68.2827s
[4036/8235   2927s] P16 n600 p0.05 i102 mmfork-cuthill s2: FAILURE  69.3644s
[4037/8235   2927s] Z12 n60 p1 i101 minorminer s3: SUCCESS acl=6.3333/5.7833 7.7233s
[4038/8235   2928s] Z12 n60 p1 i101 minorminer s2: SUCCESS acl=7.1/6.4833 9.3517s
[4039/8235   2929s] P16 n600 p0.05 i102 mmfork-cuthill s3: FAILURE  69.6339s
[4040/8235   2930s] P16 n600 p0.05 i102 mmfork-cuthill s4: FAILURE  67.2542s
[4041/8235   2931s] Z12 n60 p1 i101 minorminer s1: SUCCESS acl=6.15/5.7 13.6313s
[4042/8235   2932s] P16 n600 p0.05 i102 clmm s0: FAILURE  65.4867s
[4043/8235   2933s] Z12 n60 p1 i101 minorminer s4: SUCCESS acl=6.4833/5.9667 8.5942s
[4044/8235   2933s] P16 n600 p0.05 i102 clmm s1: FAILURE  66.1432s
[4045/8235   2935s] Z12 n60 p1 i101 clmm s0: SUCCESS acl=5.8167/5.75 5.0647s
[4046/8235   2935s] Z12 n60 p1 i101 template s-1: SUCCESS acl=5.4333/5.4333 0.0196s
[4047/8235   2935s] Z12 n60 p1 i101 clique s-1: SUCCESS acl=6.0/5.4333 0.0243s
[4048/8235   2935s] Z12 n60 p1 i101 pssa s0: SUCCESS acl=6.5167/5.4333 0.2922s
[4049/8235   2936s] Z12 n60 p1 i101 pssa s1: SUCCESS acl=6.5167/5.4333 0.296s
[4050/8235   2936s] Z12 n60 p1 i101 pssa s2: SUCCESS acl=6.5167/5.4333 0.2961s
[4051/8235   2936s] Z12 n60 p1 i101 pssa s3: SUCCESS acl=6.5167/5.4333 0.2998s
[4052/8235   2937s] Z12 n60 p1 i101 clmm s1: SUCCESS acl=5.8333/5.7333 5.806s
[4053/8235   2937s] Z12 n60 p1 i101 pssa s4: SUCCESS acl=6.5167/5.4333 0.2921s
[4054/8235   2937s] Z12 n60 p1 i101 mmfork-cuthill s2: SUCCESS acl=6.0/5.7667 10.2523s
[4055/8235   2937s] Z12 n60 p1 i101 clmm s2: SUCCESS acl=5.8167/5.7833 5.0515s
[4056/8235   2938s] Z12 n60 p1 i101 mmfork-cuthill s3: SUCCESS acl=6.3667/5.85 10.4982s
[4057/8235   2938s] Z12 n60 p1 i101 clmm s3: SUCCESS acl=5.8333/5.7667 5.3673s
[4058/8235   2939s] Z12 n60 p1 i101 mmfork-cuthill s1: SUCCESS acl=5.85/5.4167 12.1279s
[4059/8235   2939s] Z12 n60 p1 i101 clmm s4: SUCCESS acl=5.7833/5.3833 6.1908s
[4060/8235   2940s] P16 n600 p0.05 i102 pssa s0: FAILURE  62.6536s
[4061/8235   2941s] Z12 n60 p1 i101 mmfork-cuthill s4: SUCCESS acl=6.2167/5.8 12.5666s
[4062/8235   2941s] P16 n600 p0.05 i102 clmm s2: FAILURE  68.7623s
[4063/8235   2942s] P16 n600 p0.05 i102 clmm s3: FAILURE  68.419s
[4064/8235   2943s] P16 n600 p0.05 i102 pssa s4: FAILURE  63.4602s
[4065/8235   2943s] P16 n600 p0.05 i102 pssa s1: FAILURE  64.73s
[4066/8235   2943s] Z12 n60 p1 i101 mmfork-cuthill s0: SUCCESS acl=6.0167/5.6167 18.4866s
[4067/8235   2943s] P16 n600 p0.05 i102 clmm s4: FAILURE  69.0108s
[4068/8235   2945s] P16 n600 p0.05 i102 pssa s3: FAILURE  66.4801s
[4069/8235   2946s] P16 n600 p0.05 i102 pssa s2: FAILURE  66.9964s
[4070/8235   2949s] P16 n600 p0.05 i103 minorminer s0: FAILURE  66.0746s
[4071/8235   2949s] P16 n600 p0.05 i102 attraction s0: FAILURE  69.5674s
[4072/8235   2950s] P16 n600 p0.05 i103 minorminer s1: FAILURE  66.138s
[4073/8235   2950s] Z12 n100 p1 i101 template s-1: SUCCESS acl=7.96/7.96 0.0479s
[4074/8235   2950s] Z12 n100 p1 i101 clique s-1: SUCCESS acl=8.0/7.96 0.0252s
[4075/8235   2950s] P16 n600 p0.05 i102 attraction s1: FAILURE  70.0679s
[4076/8235   2950s] Z12 n100 p1 i101 pssa s0: SUCCESS acl=7.96/7.96 0.3724s
[4077/8235   2951s] Z12 n100 p1 i101 pssa s2: SUCCESS acl=7.96/7.96 0.3753s
[4078/8235   2951s] Z12 n100 p1 i101 pssa s1: SUCCESS acl=7.96/7.96 0.3954s
[4079/8235   2951s] Z12 n100 p1 i101 pssa s3: SUCCESS acl=7.96/7.96 0.3896s
[4080/8235   2951s] Z12 n100 p1 i101 pssa s4: SUCCESS acl=7.96/7.96 0.4068s
[4081/8235   2951s] P16 n600 p0.05 i102 attraction s2: FAILURE  71.3353s
[4082/8235   2952s] P16 n600 p0.05 i102 attraction s3: FAILURE  70.5294s
[4083/8235   2952s] P16 n600 p0.05 i103 minorminer s4: FAILURE  65.1484s
[4084/8235   2952s] P16 n600 p0.05 i103 minorminer s2: FAILURE  67.1918s
[4085/8235   2953s] P16 n600 p0.05 i103 minorminer s3: FAILURE  66.8812s
[4086/8235   2954s] P16 n600 p0.05 i102 attraction s4: FAILURE  71.748s
[4087/8235   2958s] P16 n600 p0.05 i103 mmfork-cuthill s0: FAILURE  69.5841s
[4088/8235   2959s] P16 n600 p0.05 i103 mmfork-cuthill s1: FAILURE  68.7437s
[4089/8235   2961s] P16 n600 p0.05 i103 mmfork-cuthill s2: FAILURE  69.7176s
[4090/8235   2962s] Z12 n60 p1 i101 attraction s2: SUCCESS acl=6.5/5.8833 24.7414s
[4091/8235   2963s] P16 n600 p0.05 i103 clmm s0: FAILURE  64.9428s
[4092/8235   2964s] P16 n600 p0.05 i103 clmm s1: FAILURE  65.2827s
[4093/8235   2964s] P16 n600 p0.05 i103 mmfork-cuthill s3: FAILURE  69.4878s
[4094/8235   2965s] Z12 n60 p1 i101 attraction s4: SUCCESS acl=6.05/5.7167 26.4797s
[4095/8235   2965s] P16 n600 p0.05 i103 clmm s2: FAILURE  66.2886s
[4096/8235   2965s] P16 n600 p0.05 i103 clmm s3: FAILURE  65.2617s
[4097/8235   2967s] P16 n600 p0.05 i103 mmfork-cuthill s4: FAILURE  70.0446s
[4098/8235   2968s] P16 n600 p0.05 i103 pssa s1: FAILURE  63.3524s
[4099/8235   2969s] P16 n600 p0.05 i103 clmm s4: FAILURE  66.0253s
[4100/8235   2969s] Z12 n140 p1 i101 template s-1: SUCCESS acl=10.4714/10.4714 0.1831s
[4101/8235   2969s] Z12 n140 p1 i101 clique s-1: SUCCESS acl=11.0/10.4714 0.0238s
[4102/8235   2970s] P16 n600 p0.05 i103 pssa s0: FAILURE  65.6087s
[4103/8235   2970s] Z12 n140 p1 i101 pssa s0: SUCCESS acl=10.4714/10.4714 0.4835s
[4104/8235   2970s] Z12 n140 p1 i101 pssa s2: SUCCESS acl=10.4714/10.4714 0.4876s
[4105/8235   2970s] Z12 n140 p1 i101 pssa s1: SUCCESS acl=10.4714/10.4714 0.4883s
[4106/8235   2971s] Z12 n100 p1 i101 minorminer s1: SUCCESS acl=10.71/9.43 32.2015s
[4107/8235   2971s] Z12 n140 p1 i101 pssa s3: SUCCESS acl=10.4714/10.4714 0.482s
[4108/8235   2971s] Z12 n140 p1 i101 pssa s4: SUCCESS acl=10.4714/10.4714 0.4922s
[4109/8235   2972s] Z12 n60 p1 i101 attraction s1: SUCCESS acl=6.0167/5.7 35.4052s
[4110/8235   2974s] Z12 n60 p1 i101 attraction s0: SUCCESS acl=6.25/5.7667 37.0662s
[4111/8235   2976s] P16 n600 p0.05 i103 pssa s2: FAILURE  68.4909s
[4112/8235   2977s] P16 n600 p0.05 i103 pssa s4: FAILURE  62.726s
[4113/8235   2977s] P16 n600 p0.05 i103 pssa s3: FAILURE  63.969s
[4114/8235   2977s] Z12 n60 p1 i101 attraction s3: SUCCESS acl=6.3167/5.9333 39.9441s
[4115/8235   2979s] Z12 n100 p1 i101 minorminer s4: SUCCESS acl=11.01/9.82 37.7324s
[4116/8235   2982s] Z12 n100 p1 i101 clmm s0: SUCCESS acl=8.0/7.96 38.3404s
[4117/8235   2983s] Z12 n100 p1 i101 minorminer s2: SUCCESS acl=10.08/9.14 43.2096s
[4118/8235   2984s] P16 n600 p0.05 i103 attraction s0: FAILURE  70.0626s
[4119/8235   2985s] P16 n600 p0.05 i103 attraction s1: FAILURE  70.5039s
[4120/8235   2985s] P16 n600 p0.05 i103 attraction s2: FAILURE  70.848s
[4121/8235   2986s] P16 n600 p0.05 i103 attraction s3: FAILURE  70.1163s
[4122/8235   2986s] P16 n600 p0.05 i103 attraction s4: FAILURE  70.5249s
[4123/8235   2987s] Z12 n100 p1 i101 clmm s2: SUCCESS acl=7.94/7.92 40.8811s
[4124/8235   2988s] Z12 n100 p1 i101 clmm s1: SUCCESS acl=7.99/7.95 43.0392s
[4125/8235   2989s] Z12 n100 p1 i101 clmm s4: SUCCESS acl=7.96/7.94 39.8112s
[4126/8235   2989s] Z12 n100 p1 i101 minorminer s0: SUCCESS acl=10.04/9.11 50.876s
[4127/8235   2990s] Z12 n179 p1 i101 template s-1: SUCCESS acl=12.9777/12.9777 0.2467s
[4128/8235   2990s] Z12 n179 p1 i101 clique s-1: SUCCESS acl=13.0/12.9777 0.0247s
[4129/8235   2991s] Z12 n179 p1 i101 pssa s0: SUCCESS acl=12.9777/12.9777 0.497s
[4130/8235   2991s] Z12 n179 p1 i101 pssa s1: SUCCESS acl=12.9777/12.9777 0.498s
[4131/8235   2992s] Z12 n100 p1 i101 mmfork-cuthill s1: SUCCESS acl=11.0/9.62 48.8841s
[4132/8235   2992s] Z12 n100 p1 i101 clmm s3: SUCCESS acl=7.96/7.94 42.9341s
[4133/8235   2992s] Z12 n179 p1 i101 pssa s2: SUCCESS acl=12.9777/12.9777 0.5044s
[4134/8235   2992s] Z12 n179 p1 i101 pssa s3: SUCCESS acl=12.9777/12.9777 0.5966s
[4135/8235   2992s] Z12 n179 p1 i101 pssa s4: SUCCESS acl=12.9777/12.9777 0.5071s
[4136/8235   2996s] Z12 n100 p1 i101 mmfork-cuthill s3: SUCCESS acl=10.73/9.63 53.4142s
[4137/8235   3001s] Z12 n100 p1 i101 minorminer s3: SUCCESS acl=10.83/9.65 60.5009s
[4138/8235   3002s] Z12 n100 p1 i101 mmfork-cuthill s0: SUCCESS acl=11.31/9.97 60.2135s
[4139/8235   3004s] Z12 n100 p1 i101 mmfork-cuthill s2: SUCCESS acl=9.87/9.06 60.9641s
[4140/8235   3004s] Z12 n100 p1 i101 mmfork-cuthill s4: SUCCESS acl=10.63/9.47 60.7658s
[4141/8235   3012s] Z12 n100 p1 i101 attraction s0: SUCCESS acl=12.19/10.52 60.3959s
[4142/8235   3012s] Z12 n100 p1 i101 attraction s2: SUCCESS acl=13.42/11.22 60.646s
[4143/8235   3012s] Z12 n100 p1 i101 attraction s3: SUCCESS acl=13.44/11.34 60.5455s
[4144/8235   3012s] Z12 n100 p1 i101 attraction s1: SUCCESS acl=12.2/10.38 61.1172s
[4145/8235   3012s] Z12 n100 p1 i101 attraction s4: SUCCESS acl=12.46/10.62 60.0724s
[4146/8235   3013s] Z12 n140 p1 i101 minorminer s0: SUCCESS acl=16.8929/14.7071 60.7008s
[4147/8235   3016s] Z12 n140 p1 i101 minorminer s2: SUCCESS acl=17.5929/15.0429 61.0156s
[4148/8235   3017s] Z12 n140 p1 i101 minorminer s3: SUCCESS acl=18.6286/15.8214 58.1084s
[4149/8235   3020s] Z12 n140 p1 i101 minorminer s1: FAILURE  67.0138s
[4150/8235   3022s] Z12 n140 p1 i101 minorminer s4: SUCCESS acl=17.75/15.1286 62.5516s
[4151/8235   3023s] Z12 n140 p1 i101 mmfork-cuthill s1: SUCCESS acl=18.6214/15.7286 60.772s
[4152/8235   3024s] Z12 n140 p1 i101 mmfork-cuthill s0: SUCCESS acl=18.5357/15.5214 62.0176s
[4153/8235   3025s] Z12 n140 p1 i101 clmm s0: SUCCESS acl=10.9929/10.4714 60.6642s
[4154/8235   3026s] Z12 n180 p1 i101 template s-1: SUCCESS acl=12.9778/12.9778 0.248s
[4155/8235   3026s] Z12 n140 p1 i101 clmm s1: SUCCESS acl=11.0/10.4714 60.3558s
[4156/8235   3026s] Z12 n140 p1 i101 mmfork-cuthill s4: SUCCESS acl=17.4/14.8 61.5734s
[4157/8235   3026s] Z12 n180 p1 i101 clique s-1: SUCCESS acl=13.0/12.9778 0.0249s
[4158/8235   3027s] Z12 n180 p1 i101 pssa s0: SUCCESS acl=12.9778/12.9778 0.4642s
[4159/8235   3027s] Z12 n140 p1 i101 mmfork-cuthill s3: SUCCESS acl=16.4714/14.0857 62.3179s
[4160/8235   3027s] Z12 n180 p1 i101 pssa s1: SUCCESS acl=12.9778/12.9778 0.4644s
[4161/8235   3027s] Z12 n180 p1 i101 pssa s2: SUCCESS acl=12.9778/12.9778 0.5062s
[4162/8235   3027s] Z12 n140 p1 i101 mmfork-cuthill s2: SUCCESS acl=18.6143/15.6857 62.3663s
[4163/8235   3027s] Z12 n180 p1 i101 pssa s3: SUCCESS acl=12.9778/12.9778 0.4671s
[4164/8235   3027s] Z12 n140 p1 i101 clmm s3: SUCCESS acl=10.9929/10.4714 60.0679s
[4165/8235   3028s] Z12 n180 p1 i101 pssa s4: SUCCESS acl=12.9778/12.9778 0.6164s
[4166/8235   3029s] Z12 n140 p1 i101 clmm s2: SUCCESS acl=10.9429/10.4286 63.4734s
[4167/8235   3032s] Z12 n140 p1 i101 clmm s4: SUCCESS acl=10.9571/10.8071 64.2634s
[4168/8235   3037s] Z12 n179 p1 i101 minorminer s2: FAILURE  60.5221s
[4169/8235   3039s] Z12 n179 p1 i101 minorminer s4: FAILURE  60.2009s
[4170/8235   3040s] Z12 n140 p1 i101 attraction s2: FAILURE  68.4675s
[4171/8235   3041s] Z12 n140 p1 i101 attraction s1: FAILURE  69.6585s
[4172/8235   3043s] Z12 n140 p1 i101 attraction s0: FAILURE  72.1856s
[4173/8235   3044s] Z12 n140 p1 i101 attraction s3: FAILURE  71.4208s
[4174/8235   3044s] Z12 n179 p1 i101 minorminer s3: FAILURE  66.7176s
[4175/8235   3044s] Z12 n140 p1 i101 attraction s4: FAILURE  70.3134s
[4176/8235   3044s] Z12 n179 p1 i101 minorminer s0: FAILURE  68.0865s
[4177/8235   3047s] Z12 n179 p1 i101 minorminer s1: FAILURE  70.224s
[4178/8235   3050s] Z12 n179 p1 i101 mmfork-cuthill s1: FAILURE  66.9975s
[4179/8235   3050s] Z12 n179 p1 i101 clmm s3: SUCCESS acl=12.9497/12.9274 61.2016s
[4180/8235   3050s] Z12 n179 p1 i101 clmm s1: SUCCESS acl=12.9888/12.9665 63.6256s
[4181/8235   3050s] Z12 n184 p1 i101 template s-1: SUCCESS acl=12.9783/12.9783 0.2563s
[4182/8235   3051s] Z12 n179 p1 i101 mmfork-cuthill s3: FAILURE  66.0932s
[4183/8235   3051s] Z12 n179 p1 i101 clmm s0: SUCCESS acl=12.9888/12.9721 64.8668s
[4184/8235   3051s] Z12 n184 p1 i101 clique s-1: SUCCESS acl=13.0/12.9783 0.0231s
[4185/8235   3051s] Z12 n179 p1 i101 mmfork-cuthill s2: FAILURE  66.9226s
[4186/8235   3051s] Z12 n179 p1 i101 clmm s2: SUCCESS acl=12.9777/12.9609 64.2151s
[4187/8235   3051s] Z12 n184 p1 i101 pssa s0: SUCCESS acl=12.9783/12.9783 0.4755s
[4188/8235   3051s] Z12 n184 p1 i101 pssa s1: SUCCESS acl=12.9783/12.9783 0.4978s
[4189/8235   3052s] Z12 n184 p1 i101 pssa s2: SUCCESS acl=12.9783/12.9783 0.6219s
[4190/8235   3052s] Z12 n184 p1 i101 pssa s3: SUCCESS acl=12.9783/12.9783 0.6281s
[4191/8235   3052s] Z12 n184 p1 i101 pssa s4: SUCCESS acl=12.9783/12.9783 0.53s
[4192/8235   3053s] Z12 n179 p1 i101 mmfork-cuthill s0: FAILURE  70.9699s
[4193/8235   3054s] Z12 n179 p1 i101 mmfork-cuthill s4: FAILURE  69.0207s
[4194/8235   3056s] Z12 n179 p1 i101 clmm s4: SUCCESS acl=12.9721/12.9385 66.8694s
[4195/8235   3067s] Z12 n180 p1 i101 minorminer s2: FAILURE  63.0593s
[4196/8235   3069s] Z12 n179 p1 i101 attraction s1: FAILURE  76.2447s
[4197/8235   3069s] Z12 n179 p1 i101 attraction s0: FAILURE  77.3941s
[4198/8235   3070s] Z12 n179 p1 i101 attraction s2: FAILURE  77.7002s
[4199/8235   3071s] Z12 n180 p1 i101 minorminer s1: FAILURE  67.4317s
[4200/8235   3071s] Z12 n180 p1 i101 minorminer s0: FAILURE  69.2675s
[4201/8235   3073s] Z12 n179 p1 i101 attraction s3: FAILURE  76.8986s
[4202/8235   3074s] Z12 n179 p1 i101 attraction s4: FAILURE  73.4371s
[4203/8235   3076s] Z12 n180 p1 i101 minorminer s3: FAILURE  64.5181s
[4204/8235   3078s] Z12 n180 p1 i101 clmm s0: SUCCESS acl=13.0/12.9778 60.4899s
[4205/8235   3078s] Z12 n180 p1 i101 mmfork-cuthill s1: FAILURE  65.6491s
[4206/8235   3079s] Z12 n180 p1 i101 minorminer s4: FAILURE  67.1735s
[4207/8235   3081s] Z12 n180 p1 i101 mmfork-cuthill s3: FAILURE  67.2191s
[4208/8235   3081s] Z12 n189 p1 i101 template s-1: INFEASIBLE  0.0s
[4209/8235   3081s] Z12 n180 p1 i101 mmfork-cuthill s2: FAILURE  68.327s
[4210/8235   3081s] Z12 n189 p1 i101 clique s-1: FAILURE  0.0239s
[4211/8235   3081s] Z12 n180 p1 i101 mmfork-cuthill s0: FAILURE  68.8023s
[4212/8235   3082s] Z12 n180 p1 i101 mmfork-cuthill s4: FAILURE  66.4779s
[4213/8235   3083s] Z12 n180 p1 i101 clmm s1: SUCCESS acl=13.0/12.9778 62.8009s
[4214/8235   3086s] Z12 n180 p1 i101 clmm s2: SUCCESS acl=13.0/12.9778 63.8476s
[4215/8235   3090s] Z12 n180 p1 i101 clmm s3: SUCCESS acl=12.9778/12.9667 66.8575s
[4216/8235   3091s] Z12 n180 p1 i101 clmm s4: SUCCESS acl=12.9944/12.9833 66.4841s
[4217/8235   3093s] Z12 n184 p1 i101 minorminer s1: FAILURE  64.3573s
[4218/8235   3098s] Z12 n184 p1 i101 minorminer s2: FAILURE  65.6882s
[4219/8235   3099s] Z12 n184 p1 i101 minorminer s3: FAILURE  61.5031s
[4220/8235   3101s] Z12 n180 p1 i101 attraction s2: FAILURE  73.8916s
[4221/8235   3101s] Z12 n184 p1 i101 minorminer s0: FAILURE  73.5015s
[4222/8235   3102s] Z12 n40 p0.9 i101 minorminer s0: SUCCESS acl=4.3/4.075 2.76s
[4223/8235   3103s] Z12 n180 p1 i101 attraction s3: FAILURE  75.1981s
[4224/8235   3103s] Z12 n180 p1 i101 attraction s1: FAILURE  75.804s
[4225/8235   3103s] Z12 n40 p0.9 i101 minorminer s1: SUCCESS acl=4.15/4.025 2.1773s
[4226/8235   3104s] Z12 n180 p1 i101 attraction s4: FAILURE  76.1804s
[4227/8235   3104s] Z12 n180 p1 i101 attraction s0: FAILURE  77.2857s
[4228/8235   3104s] Z12 n184 p1 i101 mmfork-cuthill s1: FAILURE  63.4747s
[4229/8235   3104s] Z12 n40 p0.9 i101 minorminer s3: SUCCESS acl=4.4/4.25 2.5519s
[4230/8235   3105s] Z12 n40 p0.9 i101 mmfork-cuthill s2: SUCCESS acl=4.3/4.125 1.4108s
[4231/8235   3105s] Z12 n40 p0.9 i101 mmfork-cuthill s0: SUCCESS acl=4.05/3.9 2.3036s
[4232/8235   3105s] Z12 n40 p0.9 i101 clmm s0: SUCCESS acl=3.95/3.9 0.8556s
[4233/8235   3105s] Z12 n40 p0.9 i101 minorminer s2: SUCCESS acl=3.925/3.825 4.1318s
[4234/8235   3106s] Z12 n40 p0.9 i101 clmm s1: SUCCESS acl=4.0/3.9 0.9722s
[4235/8235   3106s] Z12 n40 p0.9 i101 template s-1: SUCCESS acl=3.9/3.9 0.0052s
[4236/8235   3106s] Z12 n40 p0.9 i101 clmm s3: SUCCESS acl=3.975/3.9 0.9731s
[4237/8235   3106s] Z12 n40 p0.9 i101 minorminer s4: SUCCESS acl=3.975/3.825 3.5712s
[4238/8235   3106s] Z12 n40 p0.9 i101 clmm s2: SUCCESS acl=3.95/3.9 1.0031s
[4239/8235   3106s] Z12 n40 p0.9 i101 clique s-1: SUCCESS acl=4.0/3.9 0.0266s
[4240/8235   3106s] Z12 n40 p0.9 i101 clmm s4: SUCCESS acl=3.975/3.9 0.8993s
[4241/8235   3106s] Z12 n40 p0.9 i101 pssa s1: SUCCESS acl=6.1/3.9 0.2481s
[4242/8235   3106s] Z12 n40 p0.9 i101 pssa s0: SUCCESS acl=6.1/3.9 0.2786s
[4243/8235   3106s] Z12 n40 p0.9 i101 pssa s2: SUCCESS acl=6.1/3.9 0.2971s
[4244/8235   3106s] Z12 n40 p0.9 i101 pssa s3: SUCCESS acl=6.1/3.9 0.2738s
[4245/8235   3106s] Z12 n40 p0.9 i101 pssa s4: SUCCESS acl=6.1/3.9 0.2792s
[4246/8235   3106s] Z12 n40 p0.9 i101 mmfork-cuthill s4: SUCCESS acl=4.5/4.3 2.226s
[4247/8235   3108s] Z12 n40 p0.9 i101 mmfork-cuthill s1: SUCCESS acl=4.025/3.85 4.4788s
[4248/8235   3108s] Z12 n40 p0.9 i101 mmfork-cuthill s3: SUCCESS acl=3.925/3.775 3.6515s
[4249/8235   3109s] Z12 n184 p1 i101 minorminer s4: FAILURE  69.5314s
[4250/8235   3109s] Z12 n184 p1 i101 clmm s0: SUCCESS acl=13.0/12.9783 64.4715s
[4251/8235   3109s] Z12 n40 p0.9 i102 minorminer s2: SUCCESS acl=4.275/4.05 1.4977s
[4252/8235   3111s] Z12 n184 p1 i101 mmfork-cuthill s3: FAILURE  66.9362s
[4253/8235   3111s] Z12 n184 p1 i101 mmfork-cuthill s0: FAILURE  71.1385s
[4254/8235   3111s] Z12 n40 p0.9 i102 mmfork-cuthill s0: SUCCESS acl=4.3/4.05 1.4147s
[4255/8235   3111s] Z12 n40 p0.9 i102 minorminer s1: SUCCESS acl=4.075/3.925 3.5172s
[4256/8235   3111s] Z12 n40 p0.9 i102 minorminer s4: SUCCESS acl=4.35/4.175 2.4967s
[4257/8235   3112s] Z12 n40 p0.9 i102 minorminer s3: SUCCESS acl=4.2/4.1 2.7714s
[4258/8235   3112s] Z12 n184 p1 i101 clmm s2: SUCCESS acl=13.0/12.9783 64.9718s
[4259/8235   3112s] Z12 n40 p0.9 i102 clmm s0: SUCCESS acl=3.975/3.9 0.8394s
[4260/8235   3112s] Z12 n184 p1 i101 clmm s1: SUCCESS acl=13.0/12.9783 67.6506s
[4261/8235   3113s] Z12 n40 p0.9 i102 clmm s1: SUCCESS acl=4.0/3.9 0.8702s
[4262/8235   3113s] Z12 n40 p0.9 i102 template s-1: SUCCESS acl=3.9/3.9 0.0053s
[4263/8235   3113s] Z12 n40 p0.9 i102 clique s-1: SUCCESS acl=4.0/3.9 0.0257s
[4264/8235   3113s] Z12 n40 p0.9 i102 mmfork-cuthill s1: SUCCESS acl=4.425/4.225 2.1933s
[4265/8235   3113s] Z12 n40 p0.9 i102 pssa s0: SUCCESS acl=6.275/3.875 0.2361s
[4266/8235   3113s] Z12 n40 p0.9 i102 clmm s2: SUCCESS acl=3.95/3.875 0.855s
[4267/8235   3113s] Z12 n40 p0.9 i102 pssa s1: SUCCESS acl=6.275/3.875 0.2656s
[4268/8235   3113s] Z12 n40 p0.9 i102 minorminer s0: SUCCESS acl=4.125/4.0 6.7417s
[4269/8235   3113s] Z12 n40 p0.9 i102 pssa s2: SUCCESS acl=6.275/3.875 0.2421s
[4270/8235   3113s] Z12 n40 p0.9 i102 clmm s3: SUCCESS acl=3.975/3.9 0.9392s
[4271/8235   3113s] Z12 n40 p0.9 i102 clmm s4: SUCCESS acl=3.975/3.9 0.9292s
[4272/8235   3113s] Z12 n40 p0.9 i102 pssa s4: SUCCESS acl=6.275/3.875 0.2505s
[4273/8235   3113s] Z12 n40 p0.9 i102 pssa s3: SUCCESS acl=6.275/3.875 0.2793s
[4274/8235   3114s] Z12 n184 p1 i101 mmfork-cuthill s4: FAILURE  69.8942s
[4275/8235   3114s] Z12 n40 p0.9 i102 mmfork-cuthill s2: SUCCESS acl=4.3/4.15 3.0428s
[4276/8235   3114s] Z12 n40 p0.9 i101 attraction s1: SUCCESS acl=4.325/4.175 7.5741s
[4277/8235   3114s] Z12 n184 p1 i101 mmfork-cuthill s2: FAILURE  70.856s
[4278/8235   3114s] Z12 n40 p0.9 i102 mmfork-cuthill s3: SUCCESS acl=3.95/3.85 3.4321s
[4279/8235   3115s] Z12 n40 p0.9 i101 attraction s3: SUCCESS acl=4.225/4.025 8.1748s
[4280/8235   3115s] Z12 n40 p0.9 i101 attraction s2: SUCCESS acl=3.95/3.925 8.6116s
[4281/8235   3115s] Z12 n40 p0.9 i103 minorminer s0: SUCCESS acl=4.225/4.075 1.6466s
[4282/8235   3115s] Z12 n40 p0.9 i101 attraction s4: SUCCESS acl=4.35/4.175 8.7119s
[4283/8235   3115s] Z12 n40 p0.9 i101 attraction s0: SUCCESS acl=4.075/4.0 8.8061s
[4284/8235   3115s] Z12 n40 p0.9 i103 mmfork-cuthill s0: SUCCESS acl=4.2/4.125 1.0321s
[4285/8235   3115s] Z12 n184 p1 i101 clmm s3: SUCCESS acl=13.0/12.9783 65.3294s
[4286/8235   3116s] Z12 n40 p0.9 i102 mmfork-cuthill s4: SUCCESS acl=4.225/4.125 4.7396s
[4287/8235   3116s] Z12 n40 p0.9 i103 minorminer s3: SUCCESS acl=4.95/4.8 1.8658s
[4288/8235   3116s] Z12 n184 p1 i101 clmm s4: SUCCESS acl=13.0/12.9783 65.7783s
[4289/8235   3116s] Z12 n40 p0.9 i103 clmm s0: SUCCESS acl=4.0/3.9 0.8386s
[4290/8235   3116s] Z12 n40 p0.9 i103 template s-1: SUCCESS acl=3.9/3.9 0.0045s
[4291/8235   3116s] Z12 n40 p0.9 i103 minorminer s1: SUCCESS acl=4.525/4.225 2.3705s
[4292/8235   3116s] Z12 n40 p0.9 i103 clique s-1: SUCCESS acl=4.0/3.9 0.025s
[4293/8235   3116s] Z12 n40 p0.9 i103 clmm s1: SUCCESS acl=4.0/3.9 0.8798s
[4294/8235   3116s] Z12 n40 p0.9 i103 pssa s1: SUCCESS acl=6.2/3.9 0.2389s
[4295/8235   3116s] Z12 n40 p0.9 i103 pssa s0: SUCCESS acl=6.2/3.9 0.2538s
[4296/8235   3116s] Z12 n40 p0.9 i103 minorminer s2: SUCCESS acl=4.325/4.125 2.5611s
[4297/8235   3116s] Z12 n40 p0.9 i103 pssa s2: SUCCESS acl=6.2/3.9 0.2396s
[4298/8235   3116s] Z12 n40 p0.9 i103 pssa s3: SUCCESS acl=6.2/3.9 0.245s
[4299/8235   3116s] Z12 n40 p0.9 i103 clmm s2: SUCCESS acl=3.975/3.9 1.0663s
[4300/8235   3117s] Z12 n40 p0.9 i103 pssa s4: SUCCESS acl=6.2/3.9 0.2425s
[4301/8235   3117s] Z12 n40 p0.9 i103 mmfork-cuthill s1: SUCCESS acl=4.15/4.075 2.0839s
[4302/8235   3117s] Z12 n40 p0.9 i103 clmm s3: SUCCESS acl=3.975/3.9 0.986s
[4303/8235   3117s] Z12 n40 p0.9 i103 clmm s4: SUCCESS acl=3.975/3.9 0.9804s
[4304/8235   3117s] Z12 n40 p0.9 i103 mmfork-cuthill s2: SUCCESS acl=4.15/4.0 2.2477s
[4305/8235   3117s] Z12 n40 p0.9 i103 mmfork-cuthill s3: SUCCESS acl=4.2/4.075 2.3659s
[4306/8235   3118s] Z12 n40 p0.9 i103 minorminer s4: SUCCESS acl=4.275/4.075 3.5117s
[4307/8235   3119s] Z12 n189 p1 i101 minorminer s2: FAILURE  63.0761s
[4308/8235   3119s] Z12 n189 p1 i101 minorminer s0: FAILURE  66.4271s
[4309/8235   3120s] Z12 n40 p0.9 i103 mmfork-cuthill s4: SUCCESS acl=4.075/4.025 4.5338s
[4310/8235   3121s] Z12 n40 p0.9 i102 attraction s3: SUCCESS acl=4.6/4.25 7.5187s
[4311/8235   3121s] Z12 n60 p0.9 i101 minorminer s1: SUCCESS acl=6.7333/6.1667 4.647s
[4312/8235   3121s] Z12 n40 p0.9 i102 attraction s0: SUCCESS acl=4.5/4.275 8.215s
[4313/8235   3122s] Z12 n40 p0.9 i102 attraction s4: SUCCESS acl=4.1/3.875 8.5674s
[4314/8235   3122s] Z12 n40 p0.9 i102 attraction s1: SUCCESS acl=4.4/4.15 8.8514s
[4315/8235   3122s] Z12 n40 p0.9 i102 attraction s2: SUCCESS acl=3.9/3.775 8.8779s
[4316/8235   3122s] Z12 n60 p0.9 i101 template s-1: SUCCESS acl=5.4333/5.4333 0.0169s
[4317/8235   3122s] Z12 n60 p0.9 i101 clique s-1: SUCCESS acl=6.0/5.4333 0.0229s
[4318/8235   3123s] Z12 n60 p0.9 i101 pssa s0: SUCCESS acl=6.45/5.4333 0.2954s
[4319/8235   3123s] Z12 n60 p0.9 i101 pssa s1: SUCCESS acl=6.45/5.4333 0.3038s
[4320/8235   3123s] Z12 n60 p0.9 i101 minorminer s0: SUCCESS acl=6.65/6.0333 6.725s
[4321/8235   3123s] Z12 n60 p0.9 i101 pssa s2: SUCCESS acl=6.45/5.4333 0.2978s
[4322/8235   3124s] Z12 n60 p0.9 i101 pssa s3: SUCCESS acl=6.45/5.4333 0.2871s
[4323/8235   3124s] Z12 n60 p0.9 i101 pssa s4: SUCCESS acl=6.45/5.4333 0.3054s
[4324/8235   3125s] Z12 n40 p0.9 i103 attraction s0: SUCCESS acl=4.45/4.175 8.6953s
[4325/8235   3125s] Z12 n40 p0.9 i103 attraction s2: SUCCESS acl=4.25/4.1 9.0476s
[4326/8235   3125s] Z12 n60 p0.9 i101 minorminer s2: SUCCESS acl=6.1167/5.6667 8.6617s
[4327/8235   3126s] Z12 n60 p0.9 i101 clmm s0: SUCCESS acl=5.8167/5.7333 4.9983s
[4328/8235   3126s] Z12 n60 p0.9 i101 clmm s4: SUCCESS acl=5.85/5.6167 4.0047s
[4329/8235   3126s] Z12 n40 p0.9 i103 attraction s4: SUCCESS acl=4.175/4.075 9.6887s
[4330/8235   3126s] Z12 n60 p0.9 i101 clmm s1: SUCCESS acl=5.8167/5.6 4.8447s
[4331/8235   3126s] Z12 n60 p0.9 i101 mmfork-cuthill s2: SUCCESS acl=6.7667/6.2167 7.2072s
[4332/8235   3126s] Z12 n60 p0.9 i101 clmm s3: SUCCESS acl=5.9/5.8167 4.3443s
[4333/8235   3127s] Z12 n60 p0.9 i101 clmm s2: SUCCESS acl=5.7333/5.7 5.2129s
[4334/8235   3127s] Z12 n60 p0.9 i101 mmfork-cuthill s1: SUCCESS acl=6.0167/5.7333 9.2862s
[4335/8235   3127s] Z12 n60 p0.9 i101 minorminer s3: SUCCESS acl=6.2833/5.8167 10.1854s
[4336/8235   3127s] Z12 n189 p1 i101 minorminer s1: FAILURE  73.0368s
[4337/8235   3127s] Z12 n40 p0.9 i103 attraction s3: SUCCESS acl=4.0/3.925 11.1048s
[4338/8235   3128s] Z12 n40 p0.9 i103 attraction s1: SUCCESS acl=4.175/3.95 11.3793s
[4339/8235   3128s] Z12 n184 p1 i101 attraction s1: FAILURE  76.8933s
[4340/8235   3128s] Z12 n184 p1 i101 attraction s2: FAILURE  76.7997s
[4341/8235   3129s] Z12 n60 p0.9 i101 mmfork-cuthill s0: SUCCESS acl=6.45/6.0833 11.1694s
[4342/8235   3129s] Z12 n184 p1 i101 attraction s0: FAILURE  77.2594s
[4343/8235   3129s] Z12 n60 p0.9 i102 template s-1: SUCCESS acl=5.4333/5.4333 0.0184s
[4344/8235   3129s] Z12 n60 p0.9 i101 minorminer s4: SUCCESS acl=6.4167/6.0167 11.4124s
[4345/8235   3129s] Z12 n60 p0.9 i102 clique s-1: SUCCESS acl=6.0/5.4333 0.0247s
[4346/8235   3129s] Z12 n184 p1 i101 attraction s4: FAILURE  76.7832s
[4347/8235   3129s] Z12 n60 p0.9 i102 pssa s0: SUCCESS acl=6.4167/5.4333 0.3037s
[4348/8235   3129s] Z12 n60 p0.9 i102 pssa s1: SUCCESS acl=6.4167/5.4333 0.3078s
[4349/8235   3129s] Z12 n60 p0.9 i102 pssa s2: SUCCESS acl=6.4167/5.4333 0.2969s
[4350/8235   3129s] Z12 n60 p0.9 i102 pssa s3: SUCCESS acl=6.4167/5.4333 0.2907s
[4351/8235   3129s] Z12 n60 p0.9 i102 pssa s4: SUCCESS acl=6.4167/5.4333 0.3059s
[4352/8235   3130s] Z12 n184 p1 i101 attraction s3: FAILURE  78.297s
[4353/8235   3131s] Z12 n189 p1 i101 minorminer s3: FAILURE  63.3618s
[4354/8235   3132s] Z12 n60 p0.9 i102 clmm s0: SUCCESS acl=5.7833/5.75 4.959s
[4355/8235   3133s] Z12 n189 p1 i101 minorminer s4: FAILURE  64.2738s
[4356/8235   3133s] Z12 n60 p0.9 i102 clmm s3: SUCCESS acl=5.8/5.7333 4.5311s
[4357/8235   3133s] Z12 n60 p0.9 i102 clmm s4: SUCCESS acl=5.9/5.45 4.4577s
[4358/8235   3133s] Z12 n60 p0.9 i102 clmm s1: SUCCESS acl=5.8/5.7167 5.3841s
[4359/8235   3133s] Z12 n60 p0.9 i102 clmm s2: SUCCESS acl=5.85/5.8 4.8435s
[4360/8235   3134s] Z12 n60 p0.9 i102 minorminer s2: SUCCESS acl=6.3667/5.65 7.509s
[4361/8235   3134s] Z12 n60 p0.9 i101 mmfork-cuthill s4: SUCCESS acl=5.7833/5.55 14.6311s
[4362/8235   3134s] Z12 n189 p1 i101 mmfork-cuthill s2: FAILURE  63.3088s
[4363/8235   3134s] Z12 n189 p1 i101 mmfork-cuthill s3: FAILURE  63.248s
[4364/8235   3136s] Z12 n60 p0.9 i102 minorminer s3: SUCCESS acl=6.1167/5.7 9.3573s
[4365/8235   3136s] Z12 n60 p0.9 i102 minorminer s4: SUCCESS acl=6.4/6.0 9.7433s
[4366/8235   3136s] Z12 n189 p1 i101 mmfork-cuthill s0: FAILURE  67.0288s
[4367/8235   3136s] Z12 n60 p0.9 i102 minorminer s0: SUCCESS acl=6.0833/5.65 10.5234s
[4368/8235   3136s] Z12 n60 p0.9 i101 mmfork-cuthill s3: SUCCESS acl=5.85/5.5167 17.1911s
[4369/8235   3137s] Z12 n60 p0.9 i103 minorminer s0: SUCCESS acl=6.1667/5.6667 4.5072s
[4370/8235   3137s] Z12 n60 p0.9 i103 template s-1: SUCCESS acl=5.4333/5.4333 0.0183s
[4371/8235   3137s] Z12 n60 p0.9 i103 clique s-1: SUCCESS acl=6.0/5.4333 0.0233s
[4372/8235   3137s] Z12 n60 p0.9 i102 mmfork-cuthill s0: SUCCESS acl=6.2/5.6167 10.9602s
[4373/8235   3137s] Z12 n60 p0.9 i103 pssa s0: SUCCESS acl=6.3333/5.4333 0.2886s
[4374/8235   3138s] Z12 n60 p0.9 i103 pssa s1: SUCCESS acl=6.3333/5.4333 0.2683s
[4375/8235   3138s] Z12 n60 p0.9 i102 mmfork-cuthill s2: SUCCESS acl=6.1667/5.6167 10.7875s
[4376/8235   3138s] Z12 n60 p0.9 i103 pssa s2: SUCCESS acl=6.3333/5.4333 0.2925s
[4377/8235   3138s] Z12 n60 p0.9 i103 pssa s3: SUCCESS acl=6.3333/5.4333 0.2711s
[4378/8235   3138s] Z12 n60 p0.9 i103 pssa s4: SUCCESS acl=6.3333/5.4333 0.2916s
[4379/8235   3138s] Z12 n189 p1 i101 mmfork-cuthill s4: FAILURE  65.1615s
[4380/8235   3140s] Z12 n60 p0.9 i103 minorminer s2: SUCCESS acl=6.8333/6.2333 7.1509s
[4381/8235   3141s] Z12 n60 p0.9 i102 minorminer s1: SUCCESS acl=5.95/5.7167 14.3924s
[4382/8235   3141s] Z12 n60 p0.9 i103 clmm s0: SUCCESS acl=5.8667/5.8 4.9661s
[4383/8235   3141s] Z12 n189 p1 i101 mmfork-cuthill s1: FAILURE  70.5409s
[4384/8235   3141s] Z12 n60 p0.9 i103 clmm s4: SUCCESS acl=5.9/5.4333 4.5327s
[4385/8235   3141s] Z12 n60 p0.9 i103 clmm s2: SUCCESS acl=5.75/5.7333 4.7941s
[4386/8235   3141s] Z12 n60 p0.9 i103 minorminer s3: SUCCESS acl=6.1/5.6833 8.1077s
[4387/8235   3141s] Z12 n60 p0.9 i103 clmm s1: SUCCESS acl=5.8333/5.7833 5.2308s
[4388/8235   3142s] Z12 n60 p0.9 i103 mmfork-cuthill s1: SUCCESS acl=6.8833/6.4 8.1849s
[4389/8235   3142s] Z12 n60 p0.9 i103 clmm s3: SUCCESS acl=5.8333/5.7667 5.5305s
[4390/8235   3143s] Z12 n60 p0.9 i102 mmfork-cuthill s1: SUCCESS acl=6.2333/5.8 16.1579s
[4391/8235   3143s] Z12 n60 p0.9 i102 mmfork-cuthill s3: SUCCESS acl=5.9833/5.6833 16.1019s
[4392/8235   3143s] Z12 n189 p1 i101 pssa s3: FAILURE  61.3027s
[4393/8235   3144s] Z12 n60 p0.9 i103 mmfork-cuthill s0: SUCCESS acl=6.3667/5.9167 10.3497s
[4394/8235   3144s] Z12 n60 p0.9 i103 minorminer s1: SUCCESS acl=6.3833/5.9 11.0579s
[4395/8235   3144s] Z12 n189 p1 i101 pssa s1: FAILURE  63.2716s
[4396/8235   3144s] Z12 n60 p0.9 i103 mmfork-cuthill s2: SUCCESS acl=6.1833/5.8 10.1046s
[4397/8235   3145s] Z12 n80 p0.9 i101 template s-1: SUCCESS acl=6.45/6.45 0.0367s
[4398/8235   3145s] Z12 n80 p0.9 i101 clique s-1: SUCCESS acl=7.0/6.45 0.0257s
[4399/8235   3145s] Z12 n80 p0.9 i101 pssa s0: SUCCESS acl=6.5125/6.45 0.4384s
[4400/8235   3146s] Z12 n80 p0.9 i101 pssa s1: SUCCESS acl=6.5125/6.45 0.4377s
[4401/8235   3146s] Z12 n60 p0.9 i102 mmfork-cuthill s4: SUCCESS acl=5.6667/5.4667 18.7333s
[4402/8235   3146s] Z12 n80 p0.9 i101 pssa s2: SUCCESS acl=6.5125/6.45 0.4332s
[4403/8235   3146s] Z12 n80 p0.9 i101 pssa s3: SUCCESS acl=6.5125/6.45 0.3203s
[4404/8235   3146s] Z12 n189 p1 i101 pssa s0: FAILURE  65.6856s
[4405/8235   3146s] Z12 n80 p0.9 i101 pssa s4: SUCCESS acl=6.5125/6.45 0.333s
[4406/8235   3147s] Z12 n60 p0.9 i103 mmfork-cuthill s3: SUCCESS acl=6.5/6.0167 12.4448s
[4407/8235   3147s] Z12 n189 p1 i101 pssa s2: FAILURE  65.9221s
[4408/8235   3148s] Z12 n60 p0.9 i103 minorminer s4: SUCCESS acl=6.1167/5.75 14.4462s
[4409/8235   3148s] Z12 n60 p0.9 i103 mmfork-cuthill s4: SUCCESS acl=5.9667/5.7333 13.6929s
[4410/8235   3148s] Z12 n189 p1 i101 clmm s0: FAILURE  73.8001s
[4411/8235   3150s] Z12 n60 p0.9 i101 attraction s0: SUCCESS acl=6.0667/5.5667 26.1246s
[4412/8235   3151s] Z12 n189 p1 i101 pssa s4: FAILURE  68.4367s
[4413/8235   3151s] Z12 n60 p0.9 i102 attraction s0: SUCCESS acl=6.8667/6.3 22.1142s
[4414/8235   3152s] Z12 n189 p1 i101 clmm s1: FAILURE  75.6021s
[4415/8235   3152s] Z12 n80 p0.9 i101 minorminer s4: SUCCESS acl=9.5375/8.55 10.7439s
[4416/8235   3152s] Z12 n60 p0.9 i102 attraction s3: SUCCESS acl=6.45/6.0333 21.8387s
[4417/8235   3154s] Z12 n60 p0.9 i102 attraction s4: SUCCESS acl=6.75/6.05 22.9737s
[4418/8235   3154s] Z12 n60 p0.9 i101 attraction s1: SUCCESS acl=5.7333/5.5167 30.0241s
[4419/8235   3154s] Z12 n60 p0.9 i102 attraction s1: SUCCESS acl=6.8667/5.9833 24.6216s
[4420/8235   3154s] Z12 n189 p1 i101 clmm s3: FAILURE  76.2655s
[4421/8235   3155s] Z12 n189 p1 i101 clmm s4: FAILURE  75.0305s
[4422/8235   3155s] Z12 n189 p1 i101 clmm s2: FAILURE  77.0312s
[4423/8235   3155s] Z12 n60 p0.9 i101 attraction s4: SUCCESS acl=6.1833/5.7667 29.9037s
[4424/8235   3155s] Z12 n80 p0.9 i102 template s-1: SUCCESS acl=6.45/6.45 0.0341s
[4425/8235   3156s] Z12 n80 p0.9 i102 clique s-1: SUCCESS acl=7.0/6.45 0.0237s
[4426/8235   3156s] Z12 n80 p0.9 i102 pssa s0: SUCCESS acl=6.5125/6.45 0.3579s
[4427/8235   3156s] Z12 n80 p0.9 i102 pssa s1: SUCCESS acl=6.5125/6.45 0.3593s
[4428/8235   3157s] Z12 n60 p0.9 i101 attraction s3: SUCCESS acl=6.1667/5.7333 31.1618s
[4429/8235   3157s] Z12 n80 p0.9 i102 pssa s2: SUCCESS acl=6.5125/6.45 0.3549s
[4430/8235   3157s] Z12 n80 p0.9 i102 pssa s3: SUCCESS acl=6.5125/6.45 0.3476s
[4431/8235   3157s] Z12 n80 p0.9 i101 minorminer s1: SUCCESS acl=9.1875/8.2 16.4149s
[4432/8235   3157s] Z12 n80 p0.9 i102 pssa s4: SUCCESS acl=6.5125/6.45 0.3592s
[4433/8235   3157s] Z12 n80 p0.9 i101 clmm s0: SUCCESS acl=6.825/6.7875 14.2735s
[4434/8235   3158s] Z12 n60 p0.9 i101 attraction s2: SUCCESS acl=5.9667/5.5167 32.4725s
[4435/8235   3158s] Z12 n80 p0.9 i101 clmm s4: SUCCESS acl=6.925/6.8875 13.9237s
[4436/8235   3158s] Z12 n80 p0.9 i101 clmm s1: SUCCESS acl=6.9125/6.8625 14.9043s
[4437/8235   3159s] Z12 n80 p0.9 i101 clmm s2: SUCCESS acl=6.9125/6.875 15.698s
[4438/8235   3159s] Z12 n60 p0.9 i103 attraction s3: SUCCESS acl=6.3667/5.7667 21.0262s
[4439/8235   3160s] Z12 n80 p0.9 i101 minorminer s2: SUCCESS acl=8.5625/7.8875 18.736s
[4440/8235   3160s] Z12 n60 p0.9 i103 attraction s1: SUCCESS acl=7.1167/6.3333 22.2052s
[4441/8235   3161s] Z12 n80 p0.9 i101 clmm s3: SUCCESS acl=6.8875/6.85 16.6648s
[4442/8235   3162s] Z12 n60 p0.9 i103 attraction s2: SUCCESS acl=6.0333/5.6167 24.3191s
[4443/8235   3163s] Z12 n60 p0.9 i103 attraction s0: SUCCESS acl=6.3667/5.85 25.5813s
[4444/8235   3164s] Z12 n80 p0.9 i101 mmfork-cuthill s4: SUCCESS acl=8.075/7.3375 20.7309s
[4445/8235   3165s] Z12 n189 p1 i101 attraction s0: FAILURE  78.686s
[4446/8235   3165s] Z12 n60 p0.9 i102 attraction s2: SUCCESS acl=6.0833/5.6667 35.6894s
[4447/8235   3167s] Z12 n189 p1 i101 attraction s2: FAILURE  75.385s
[4448/8235   3167s] Z12 n60 p0.9 i103 attraction s4: SUCCESS acl=6.1667/5.75 27.0974s
[4449/8235   3168s] Z12 n80 p0.9 i102 clmm s1: SUCCESS acl=6.875/6.8375 13.7376s
[4450/8235   3169s] Z12 n80 p0.9 i102 clmm s2: SUCCESS acl=6.875/6.8375 14.3919s
[4451/8235   3169s] Z12 n80 p0.9 i103 template s-1: SUCCESS acl=6.45/6.45 0.0338s
[4452/8235   3169s] Z12 n80 p0.9 i103 clique s-1: SUCCESS acl=7.0/6.45 0.026s
[4453/8235   3169s] Z12 n189 p1 i101 attraction s1: FAILURE  78.7416s
[4454/8235   3169s] Z12 n80 p0.9 i102 clmm s0: SUCCESS acl=6.925/6.9 15.3437s
[4455/8235   3169s] Z12 n80 p0.9 i103 pssa s0: SUCCESS acl=6.475/6.45 0.3385s
[4456/8235   3169s] Z12 n80 p0.9 i103 pssa s1: SUCCESS acl=6.475/6.45 0.3549s
[4457/8235   3170s] Z12 n80 p0.9 i103 pssa s2: SUCCESS acl=6.475/6.45 0.3572s
[4458/8235   3170s] Z12 n80 p0.9 i103 pssa s3: SUCCESS acl=6.475/6.45 0.3445s
[4459/8235   3170s] Z12 n80 p0.9 i103 pssa s4: SUCCESS acl=6.475/6.45 0.3619s
[4460/8235   3171s] Z12 n80 p0.9 i102 clmm s3: SUCCESS acl=6.8625/6.8375 16.2765s
[4461/8235   3171s] Z12 n80 p0.9 i102 clmm s4: SUCCESS acl=6.9/6.8375 16.296s
[4462/8235   3172s] Z12 n80 p0.9 i102 mmfork-cuthill s2: SUCCESS acl=8.6375/7.9625 19.4799s
[4463/8235   3172s] Z12 n80 p0.9 i102 minorminer s3: SUCCESS acl=8.425/7.5625 21.7324s
[4464/8235   3173s] Z12 n80 p0.9 i102 minorminer s1: SUCCESS acl=8.9375/8.15 24.3844s
[4465/8235   3173s] Z12 n189 p1 i101 attraction s3: FAILURE  79.3052s
[4466/8235   3173s] Z12 n189 p1 i101 attraction s4: FAILURE  74.8367s
[4467/8235   3175s] Z12 n80 p0.9 i101 mmfork-cuthill s3: SUCCESS acl=8.2/7.4375 33.3027s
[4468/8235   3178s] Z12 n80 p0.9 i101 mmfork-cuthill s2: SUCCESS acl=8.225/7.675 36.052s
[4469/8235   3179s] Z12 n80 p0.9 i101 minorminer s3: SUCCESS acl=7.9/7.3875 37.9584s
[4470/8235   3180s] Z12 n80 p0.9 i103 clmm s1: SUCCESS acl=6.85/6.8 14.354s
[4471/8235   3180s] Z12 n80 p0.9 i101 mmfork-cuthill s1: SUCCESS acl=8.5/7.6875 38.5657s
[4472/8235   3180s] Z12 n80 p0.9 i103 minorminer s0: SUCCESS acl=8.45/7.625 22.2543s
[4473/8235   3181s] Z12 n80 p0.9 i103 minorminer s1: SUCCESS acl=8.7/7.8375 22.3562s
[4474/8235   3181s] Z12 n80 p0.9 i103 clmm s0: SUCCESS acl=6.875/6.825 16.2614s
[4475/8235   3182s] Z12 n80 p0.9 i103 clmm s2: SUCCESS acl=6.9125/6.8625 15.0967s
[4476/8235   3182s] Z12 n80 p0.9 i103 minorminer s2: SUCCESS acl=9.1125/8.025 22.8188s
[4477/8235   3183s] Z12 n80 p0.9 i103 clmm s4: SUCCESS acl=6.9375/6.8875 14.7848s
[4478/8235   3183s] Z12 n100 p0.9 i101 template s-1: SUCCESS acl=7.96/7.96 0.0428s
[4479/8235   3183s] Z12 n100 p0.9 i101 clique s-1: SUCCESS acl=8.0/7.96 0.0237s
[4480/8235   3183s] Z12 n80 p0.9 i103 clmm s3: SUCCESS acl=6.95/6.8625 15.9666s
[4481/8235   3183s] Z12 n100 p0.9 i101 pssa s0: SUCCESS acl=7.96/7.96 0.4086s
[4482/8235   3184s] Z12 n80 p0.9 i103 minorminer s4: SUCCESS acl=8.8125/7.9375 23.9067s
[4483/8235   3184s] Z12 n80 p0.9 i103 mmfork-cuthill s0: SUCCESS acl=8.525/7.9125 23.3269s
[4484/8235   3184s] Z12 n100 p0.9 i101 pssa s2: SUCCESS acl=7.96/7.96 0.4132s
[4485/8235   3184s] Z12 n80 p0.9 i102 mmfork-cuthill s0: SUCCESS acl=8.225/7.4625 32.417s
[4486/8235   3184s] Z12 n100 p0.9 i101 pssa s1: SUCCESS acl=7.96/7.96 0.5258s
[4487/8235   3184s] Z12 n100 p0.9 i101 pssa s3: SUCCESS acl=7.96/7.96 0.4053s
[4488/8235   3184s] Z12 n100 p0.9 i101 pssa s4: SUCCESS acl=7.96/7.96 0.387s
[4489/8235   3185s] Z12 n80 p0.9 i103 minorminer s3: SUCCESS acl=8.375/7.6 25.1909s
[4490/8235   3185s] Z12 n80 p0.9 i102 mmfork-cuthill s4: SUCCESS acl=8.6875/7.8 31.2378s
[4491/8235   3189s] Z12 n80 p0.9 i103 mmfork-cuthill s1: SUCCESS acl=8.3/7.55 27.8588s
[4492/8235   3191s] Z12 n80 p0.9 i101 mmfork-cuthill s0: SUCCESS acl=8.4125/7.6375 50.1372s
[4493/8235   3192s] Z12 n80 p0.9 i102 mmfork-cuthill s3: SUCCESS acl=8.4875/7.7125 39.7957s
[4494/8235   3192s] Z12 n80 p0.9 i102 mmfork-cuthill s1: SUCCESS acl=8.175/7.625 40.2469s
[4495/8235   3192s] Z12 n80 p0.9 i102 minorminer s4: SUCCESS acl=8.35/7.6375 41.0785s
[4496/8235   3197s] Z12 n80 p0.9 i102 minorminer s0: SUCCESS acl=8.475/7.725 49.3847s
[4497/8235   3198s] Z12 n80 p0.9 i101 minorminer s0: SUCCESS acl=7.8625/7.2375 57.6772s
[4498/8235   3203s] Z12 n80 p0.9 i101 attraction s4: SUCCESS acl=8.525/7.75 55.4961s
[4499/8235   3204s] Z12 n80 p0.9 i101 attraction s0: SUCCESS acl=8.15/7.5375 57.3989s
[4500/8235   3204s] Z12 n80 p0.9 i102 attraction s0: SUCCESS acl=8.775/7.85 47.0144s
[4501/8235   3204s] Z12 n80 p0.9 i103 mmfork-cuthill s4: SUCCESS acl=7.7625/7.2875 40.6244s
[4502/8235   3204s] Z12 n80 p0.9 i101 attraction s2: SUCCESS acl=8.3625/7.575 57.9609s
[4503/8235   3206s] Z12 n80 p0.9 i102 minorminer s2: SUCCESS acl=7.75/7.425 57.7777s
[4504/8235   3207s] Z12 n80 p0.9 i101 attraction s1: SUCCESS acl=8.4875/7.7125 60.2341s
[4505/8235   3207s] Z12 n100 p0.9 i102 template s-1: SUCCESS acl=7.96/7.96 0.0438s
[4506/8235   3207s] Z12 n100 p0.9 i102 clique s-1: SUCCESS acl=8.0/7.96 0.0269s
[4507/8235   3207s] Z12 n80 p0.9 i101 attraction s3: SUCCESS acl=8.525/7.775 60.1965s
[4508/8235   3207s] Z12 n100 p0.9 i102 pssa s0: SUCCESS acl=7.96/7.96 0.4009s
[4509/8235   3208s] Z12 n100 p0.9 i102 pssa s1: SUCCESS acl=7.96/7.96 0.3976s
[4510/8235   3208s] Z12 n100 p0.9 i102 pssa s2: SUCCESS acl=7.96/7.96 0.3947s
[4511/8235   3208s] Z12 n100 p0.9 i102 pssa s3: SUCCESS acl=7.96/7.96 0.3921s
[4512/8235   3208s] Z12 n80 p0.9 i103 mmfork-cuthill s2: SUCCESS acl=8.1375/7.4 45.6335s
[4513/8235   3208s] Z12 n100 p0.9 i102 pssa s4: SUCCESS acl=7.96/7.96 0.4023s
[4514/8235   3209s] Z12 n80 p0.9 i103 mmfork-cuthill s3: SUCCESS acl=8.225/7.4625 45.1035s
[4515/8235   3209s] Z12 n100 p0.9 i101 mmfork-cuthill s2: SUCCESS acl=11.51/10.12 29.4786s
[4516/8235   3209s] Z12 n80 p0.9 i102 attraction s3: SUCCESS acl=9.025/7.975 51.2037s
[4517/8235   3212s] Z12 n80 p0.9 i102 attraction s2: SUCCESS acl=8.6/7.6875 54.7035s
[4518/8235   3214s] Z12 n100 p0.9 i101 clmm s1: SUCCESS acl=8.0/7.96 33.2482s
[4519/8235   3215s] Z12 n100 p0.9 i101 clmm s0: SUCCESS acl=8.0/7.96 34.4623s
[4520/8235   3215s] Z12 n100 p0.9 i101 minorminer s0: SUCCESS acl=10.12/9.22 43.3281s
[4521/8235   3218s] Z12 n80 p0.9 i102 attraction s1: SUCCESS acl=8.2125/7.45 60.5125s
[4522/8235   3218s] Z12 n80 p0.9 i102 attraction s4: SUCCESS acl=8.875/8.0625 60.2162s
[4523/8235   3218s] Z12 n100 p0.9 i101 clmm s4: SUCCESS acl=8.0/7.96 35.5991s
[4524/8235   3219s] Z12 n100 p0.9 i102 mmfork-cuthill s1: SUCCESS acl=12.25/10.64 26.3323s
[4525/8235   3219s] Z12 n100 p0.9 i101 clmm s2: SUCCESS acl=7.95/7.93 38.0666s
[4526/8235   3221s] Z12 n100 p0.9 i101 clmm s3: SUCCESS acl=7.94/7.92 39.0994s
[4527/8235   3224s] Z12 n80 p0.9 i103 attraction s1: SUCCESS acl=8.4875/7.725 54.2811s
[4528/8235   3224s] Z12 n100 p0.9 i101 minorminer s3: SUCCESS acl=10.98/9.65 51.5694s
[4529/8235   3227s] Z12 n80 p0.9 i103 attraction s4: SUCCESS acl=8.7625/7.85 56.1474s
[4530/8235   3228s] Z12 n100 p0.9 i101 minorminer s4: SUCCESS acl=10.77/9.55 54.8425s
[4531/8235   3230s] Z12 n80 p0.9 i103 attraction s2: SUCCESS acl=9.6625/8.25 60.3676s
[4532/8235   3230s] Z12 n100 p0.9 i103 template s-1: SUCCESS acl=7.96/7.96 0.0425s
[4533/8235   3230s] Z12 n100 p0.9 i102 mmfork-cuthill s3: SUCCESS acl=11.14/9.95 32.0843s
[4534/8235   3230s] Z12 n100 p0.9 i103 clique s-1: SUCCESS acl=8.0/7.96 0.0265s
[4535/8235   3231s] Z12 n80 p0.9 i103 attraction s0: SUCCESS acl=9.025/7.8375 60.8908s
[4536/8235   3231s] Z12 n100 p0.9 i103 pssa s0: SUCCESS acl=7.96/7.96 0.4044s
[4537/8235   3231s] Z12 n100 p0.9 i103 pssa s2: SUCCESS acl=7.96/7.96 0.4084s
[4538/8235   3231s] Z12 n100 p0.9 i103 pssa s1: SUCCESS acl=7.96/7.96 0.521s
[4539/8235   3231s] Z12 n80 p0.9 i103 attraction s3: SUCCESS acl=8.6625/7.8875 60.245s
[4540/8235   3231s] Z12 n100 p0.9 i103 pssa s3: SUCCESS acl=7.96/7.96 0.4061s
[4541/8235   3231s] Z12 n100 p0.9 i103 pssa s4: SUCCESS acl=7.96/7.96 0.4057s
[4542/8235   3232s] Z12 n100 p0.9 i101 minorminer s1: SUCCESS acl=10.27/9.31 60.4023s
[4543/8235   3234s] Z12 n100 p0.9 i101 minorminer s2: SUCCESS acl=11.36/10.02 60.9397s
[4544/8235   3235s] Z12 n100 p0.9 i102 mmfork-cuthill s2: SUCCESS acl=11.41/10.39 37.6234s
[4545/8235   3237s] Z12 n100 p0.9 i101 mmfork-cuthill s0: SUCCESS acl=11.18/9.84 61.5566s
[4546/8235   3239s] Z12 n100 p0.9 i101 mmfork-cuthill s1: SUCCESS acl=10.48/9.29 60.9427s
[4547/8235   3240s] Z12 n100 p0.9 i102 clmm s0: SUCCESS acl=8.0/7.96 36.3484s
[4548/8235   3241s] Z12 n100 p0.9 i101 mmfork-cuthill s4: SUCCESS acl=10.06/9.29 60.6233s
[4549/8235   3241s] Z12 n100 p0.9 i101 mmfork-cuthill s3: SUCCESS acl=10.31/9.48 61.2154s
[4550/8235   3243s] Z12 n100 p0.9 i102 clmm s1: SUCCESS acl=7.95/7.92 38.966s
[4551/8235   3243s] Z12 n100 p0.9 i102 clmm s3: SUCCESS acl=7.99/7.95 38.695s
[4552/8235   3244s] Z12 n100 p0.9 i102 clmm s2: SUCCESS acl=7.96/7.94 39.6573s
[4553/8235   3244s] Z12 n100 p0.9 i101 attraction s2: SUCCESS acl=13.21/11.23 60.2311s
[4554/8235   3244s] Z12 n100 p0.9 i101 attraction s3: SUCCESS acl=12.4/10.64 60.1356s
[4555/8235   3245s] Z12 n100 p0.9 i102 clmm s4: SUCCESS acl=7.97/7.95 38.7494s
[4556/8235   3245s] Z12 n100 p0.9 i102 minorminer s0: SUCCESS acl=10.37/9.45 60.259s
[4557/8235   3245s] Z12 n100 p0.9 i101 attraction s0: SUCCESS acl=12.16/10.51 61.1011s
[4558/8235   3245s] Z12 n100 p0.9 i101 attraction s4: SUCCESS acl=11.64/10.04 60.9075s
[4559/8235   3245s] Z12 n100 p0.9 i101 attraction s1: SUCCESS acl=12.81/10.97 61.3544s
[4560/8235   3245s] Z12 n140 p0.9 i101 template s-1: SUCCESS acl=10.45/10.45 0.1678s
[4561/8235   3246s] Z12 n140 p0.9 i101 clique s-1: SUCCESS acl=11.0/10.45 0.0254s
[4562/8235   3246s] Z12 n140 p0.9 i101 pssa s0: SUCCESS acl=10.45/10.45 0.4597s
[4563/8235   3246s] Z12 n140 p0.9 i101 pssa s1: SUCCESS acl=10.45/10.45 0.4629s
[4564/8235   3247s] Z12 n140 p0.9 i101 pssa s2: SUCCESS acl=10.45/10.45 0.4556s
[4565/8235   3247s] Z12 n140 p0.9 i101 pssa s3: SUCCESS acl=10.45/10.45 0.4544s
[4566/8235   3247s] Z12 n100 p0.9 i102 minorminer s1: SUCCESS acl=10.7/9.44 61.6761s
[4567/8235   3247s] Z12 n140 p0.9 i101 pssa s4: SUCCESS acl=10.45/10.45 0.4645s
[4568/8235   3249s] Z12 n100 p0.9 i102 minorminer s2: SUCCESS acl=10.5/9.38 60.7446s
[4569/8235   3252s] Z12 n100 p0.9 i102 mmfork-cuthill s0: SUCCESS acl=10.31/9.52 60.0301s
[4570/8235   3252s] Z12 n100 p0.9 i102 minorminer s3: SUCCESS acl=10.58/9.35 60.8926s
[4571/8235   3253s] Z12 n100 p0.9 i102 minorminer s4: SUCCESS acl=10.72/9.72 60.9887s
[4572/8235   3256s] Z12 n100 p0.9 i103 clmm s0: SUCCESS acl=7.94/7.92 34.7019s
[4573/8235   3259s] Z12 n100 p0.9 i103 clmm s2: SUCCESS acl=8.0/7.96 34.9377s
[4574/8235   3262s] Z12 n100 p0.9 i103 mmfork-cuthill s2: SUCCESS acl=10.66/9.53 44.4292s
[4575/8235   3263s] Z12 n100 p0.9 i103 clmm s1: SUCCESS acl=7.92/7.91 38.548s
[4576/8235   3263s] Z12 n100 p0.9 i102 mmfork-cuthill s4: SUCCESS acl=11.52/10.17 60.5455s
[4577/8235   3267s] Z12 n100 p0.9 i103 clmm s4: SUCCESS acl=7.96/7.93 39.3523s
[4578/8235   3267s] Z12 n100 p0.9 i103 clmm s3: SUCCESS acl=7.99/7.96 39.9431s
[4579/8235   3268s] Z12 n100 p0.9 i103 mmfork-cuthill s4: SUCCESS acl=10.34/9.38 48.3822s
[4580/8235   3269s] Z12 n100 p0.9 i102 attraction s3: SUCCESS acl=12.11/10.46 60.2106s
[4581/8235   3269s] Z12 n100 p0.9 i102 attraction s1: SUCCESS acl=12.58/10.57 60.8832s
[4582/8235   3269s] Z12 n100 p0.9 i103 minorminer s2: SUCCESS acl=10.77/9.64 54.8702s
[4583/8235   3269s] Z12 n100 p0.9 i102 attraction s0: SUCCESS acl=11.77/10.22 61.0411s
[4584/8235   3270s] Z12 n100 p0.9 i102 attraction s2: SUCCESS acl=13.52/11.48 61.1017s
[4585/8235   3270s] Z12 n100 p0.9 i102 attraction s4: SUCCESS acl=11.7/10.17 61.5385s
[4586/8235   3270s] Z12 n100 p0.9 i103 minorminer s0: SUCCESS acl=10.2/9.4 61.5717s
[4587/8235   3271s] Z12 n140 p0.9 i102 template s-1: SUCCESS acl=10.4714/10.4714 0.1661s
[4588/8235   3271s] Z12 n140 p0.9 i102 clique s-1: SUCCESS acl=11.0/10.4714 0.0271s
[4589/8235   3271s] Z12 n140 p0.9 i102 pssa s0: SUCCESS acl=10.4714/10.4714 0.4832s
[4590/8235   3271s] Z12 n140 p0.9 i102 pssa s1: SUCCESS acl=10.4714/10.4714 0.4859s
[4591/8235   3272s] Z12 n140 p0.9 i102 pssa s2: SUCCESS acl=10.4714/10.4714 0.4866s
[4592/8235   3272s] Z12 n140 p0.9 i102 pssa s3: SUCCESS acl=10.4714/10.4714 0.4813s
[4593/8235   3272s] Z12 n140 p0.9 i102 pssa s4: SUCCESS acl=10.4714/10.4714 0.4755s
[4594/8235   3273s] Z12 n100 p0.9 i103 minorminer s1: SUCCESS acl=11.22/9.8 60.8087s
[4595/8235   3274s] Z12 n100 p0.9 i103 mmfork-cuthill s3: SUCCESS acl=10.92/9.71 55.3318s
[4596/8235   3276s] Z12 n100 p0.9 i103 minorminer s3: SUCCESS acl=10.11/9.14 61.1586s
[4597/8235   3277s] Z12 n100 p0.9 i103 minorminer s4: SUCCESS acl=11.89/10.39 61.6925s
[4598/8235   3278s] Z12 n100 p0.9 i103 mmfork-cuthill s1: SUCCESS acl=9.65/8.96 60.4361s
[4599/8235   3279s] Z12 n100 p0.9 i103 mmfork-cuthill s0: SUCCESS acl=11.01/9.84 61.3936s
[4600/8235   3291s] Z12 n100 p0.9 i103 attraction s0: SUCCESS acl=11.55/9.88 60.1939s
[4601/8235   3292s] Z12 n100 p0.9 i103 attraction s3: SUCCESS acl=13.39/11.46 60.2609s
[4602/8235   3292s] Z12 n100 p0.9 i103 attraction s1: SUCCESS acl=11.8/10.36 60.731s
[4603/8235   3293s] Z12 n100 p0.9 i103 attraction s2: SUCCESS acl=12.8/10.83 60.9387s
[4604/8235   3294s] Z12 n100 p0.9 i103 attraction s4: SUCCESS acl=12.8/11.01 61.5399s
[4605/8235   3296s] Z12 n140 p0.9 i101 minorminer s0: SUCCESS acl=17.9429/15.3857 61.3117s
[4606/8235   3296s] Z12 n140 p0.9 i101 minorminer s1: SUCCESS acl=18.1357/15.2929 60.7395s
[4607/8235   3299s] Z12 n140 p0.9 i101 minorminer s2: SUCCESS acl=25.4214/20.8714 60.3614s
[4608/8235   3300s] Z12 n140 p0.9 i101 minorminer s3: SUCCESS acl=18.05/15.3143 60.0271s
[4609/8235   3303s] Z12 n140 p0.9 i101 minorminer s4: SUCCESS acl=17.3429/14.8143 62.1247s
[4610/8235   3303s] Z12 n140 p0.9 i101 mmfork-cuthill s1: SUCCESS acl=20.7286/16.9786 61.0905s
[4611/8235   3304s] Z12 n140 p0.9 i101 mmfork-cuthill s0: SUCCESS acl=18.1643/15.4071 62.4654s
[4612/8235   3304s] Z12 n140 p0.9 i101 mmfork-cuthill s2: SUCCESS acl=18.1786/15.4786 60.0966s
[4613/8235   3304s] Z12 n140 p0.9 i103 template s-1: SUCCESS acl=10.4714/10.4714 0.1674s
[4614/8235   3305s] Z12 n140 p0.9 i103 clique s-1: SUCCESS acl=11.0/10.4714 0.0243s
[4615/8235   3305s] Z12 n140 p0.9 i103 pssa s0: SUCCESS acl=10.4714/10.4714 0.5873s
[4616/8235   3306s] Z12 n140 p0.9 i101 clmm s4: SUCCESS acl=10.95/10.45 60.4229s
[4617/8235   3306s] Z12 n140 p0.9 i103 pssa s1: SUCCESS acl=10.4714/10.4714 0.6046s
[4618/8235   3306s] Z12 n140 p0.9 i103 pssa s2: SUCCESS acl=10.4714/10.4714 0.4808s
[4619/8235   3306s] Z12 n140 p0.9 i101 clmm s1: SUCCESS acl=10.9643/10.9357 61.8599s
[4620/8235   3307s] Z12 n140 p0.9 i101 mmfork-cuthill s3: SUCCESS acl=17.6/15.2786 62.6312s
[4621/8235   3307s] Z12 n140 p0.9 i103 pssa s3: SUCCESS acl=10.4714/10.4714 0.6032s
[4622/8235   3307s] Z12 n140 p0.9 i103 pssa s4: SUCCESS acl=10.4714/10.4714 0.4654s
[4623/8235   3307s] Z12 n140 p0.9 i101 mmfork-cuthill s4: SUCCESS acl=17.2571/14.9929 62.9694s
[4624/8235   3308s] Z12 n140 p0.9 i101 clmm s3: SUCCESS acl=10.9571/10.9071 63.4505s
[4625/8235   3311s] Z12 n140 p0.9 i101 clmm s0: SUCCESS acl=10.9286/10.4643 66.5396s
[4626/8235   3312s] Z12 n140 p0.9 i101 clmm s2: SUCCESS acl=10.9643/10.9286 67.128s
[4627/8235   3314s] Z12 n140 p0.9 i102 minorminer s0: SUCCESS acl=17.9357/15.2143 61.4163s
[4628/8235   3315s] Z12 n140 p0.9 i102 minorminer s1: SUCCESS acl=19.75/16.8143 61.0185s
[4629/8235   3316s] Z12 n140 p0.9 i101 attraction s3: FAILURE  66.804s
[4630/8235   3317s] Z12 n140 p0.9 i101 attraction s2: FAILURE  69.4921s
[4631/8235   3317s] Z12 n140 p0.9 i102 minorminer s2: SUCCESS acl=17.7214/15.0143 60.8395s
[4632/8235   3317s] Z12 n140 p0.9 i101 attraction s1: FAILURE  70.4966s
[4633/8235   3318s] Z12 n140 p0.9 i101 attraction s0: FAILURE  70.8574s
[4634/8235   3322s] Z12 n140 p0.9 i102 minorminer s3: SUCCESS acl=18.0071/15.6 61.9293s
[4635/8235   3322s] Z12 n140 p0.9 i101 attraction s4: FAILURE  70.0285s
[4636/8235   3324s] Z12 n140 p0.9 i102 mmfork-cuthill s0: SUCCESS acl=17.2571/14.8929 60.9447s
[4637/8235   3325s] Z12 n140 p0.9 i102 minorminer s4: SUCCESS acl=17.3571/14.8857 61.74s
[4638/8235   3325s] Z12 n140 p0.9 i102 mmfork-cuthill s1: SUCCESS acl=17.2214/14.9643 61.3931s
[4639/8235   3328s] Z12 n140 p0.9 i102 mmfork-cuthill s3: SUCCESS acl=16.8143/14.6143 60.3848s
[4640/8235   3329s] Z12 n180 p0.9 i101 template s-1: SUCCESS acl=12.9722/12.9722 0.2276s
[4641/8235   3329s] Z12 n180 p0.9 i101 clique s-1: SUCCESS acl=13.0/12.9722 0.0272s
[4642/8235   3330s] Z12 n180 p0.9 i101 pssa s0: SUCCESS acl=12.9722/12.9722 0.6193s
[4643/8235   3330s] Z12 n140 p0.9 i102 mmfork-cuthill s4: SUCCESS acl=18.1071/15.3214 61.1206s
[4644/8235   3330s] Z12 n140 p0.9 i102 mmfork-cuthill s2: SUCCESS acl=16.7/14.55 62.1938s
[4645/8235   3331s] Z12 n180 p0.9 i101 pssa s2: SUCCESS acl=12.9722/12.9722 0.48s
[4646/8235   3331s] Z12 n180 p0.9 i101 pssa s3: SUCCESS acl=12.9722/12.9722 0.4569s
[4647/8235   3331s] Z12 n140 p0.9 i102 clmm s4: SUCCESS acl=10.9714/10.4571 60.8786s
[4648/8235   3331s] Z12 n180 p0.9 i101 pssa s1: SUCCESS acl=12.9722/12.9722 0.6204s
[4649/8235   3331s] Z12 n180 p0.9 i101 pssa s4: SUCCESS acl=12.9722/12.9722 0.4848s
[4650/8235   3332s] Z12 n140 p0.9 i102 clmm s0: SUCCESS acl=10.9786/10.4714 62.6276s
[4651/8235   3333s] Z12 n140 p0.9 i102 clmm s2: SUCCESS acl=10.9929/10.8143 63.6893s
[4652/8235   3334s] Z12 n140 p0.9 i102 clmm s3: SUCCESS acl=10.9357/10.8643 64.4878s
[4653/8235   3336s] Z12 n140 p0.9 i102 clmm s1: SUCCESS acl=10.9643/10.4714 67.0557s
[4654/8235   3340s] Z12 n140 p0.9 i103 minorminer s2: SUCCESS acl=17.9714/15.3571 60.1745s
[4655/8235   3340s] Z12 n140 p0.9 i103 minorminer s0: SUCCESS acl=18.7429/15.9786 62.8864s
[4656/8235   3341s] Z12 n140 p0.9 i102 attraction s3: FAILURE  66.7798s
[4657/8235   3342s] Z12 n140 p0.9 i103 minorminer s1: SUCCESS acl=21.2/17.65 62.2572s
[4658/8235   3342s] Z12 n140 p0.9 i102 attraction s2: FAILURE  69.0783s
[4659/8235   3343s] Z12 n140 p0.9 i102 attraction s1: FAILURE  70.1381s
[4660/8235   3344s] Z12 n140 p0.9 i102 attraction s4: FAILURE  67.8982s
[4661/8235   3344s] Z12 n140 p0.9 i102 attraction s0: FAILURE  72.285s
[4662/8235   3353s] Z12 n140 p0.9 i103 minorminer s3: SUCCESS acl=23.05/18.8214 60.4842s
[4663/8235   3353s] Z12 n140 p0.9 i103 mmfork-cuthill s0: SUCCESS acl=18.6071/15.6857 60.3355s
[4664/8235   3355s] Z12 n140 p0.9 i103 minorminer s4: SUCCESS acl=17.1/14.6071 62.0134s
[4665/8235   3355s] Z12 n140 p0.9 i103 mmfork-cuthill s2: SUCCESS acl=18.9571/16.0929 60.6105s
[4666/8235   3355s] Z12 n140 p0.9 i103 mmfork-cuthill s1: SUCCESS acl=22.5929/18.3429 61.4014s
[4667/8235   3356s] Z12 n180 p0.9 i102 template s-1: SUCCESS acl=12.9778/12.9778 0.2318s
[4668/8235   3356s] Z12 n180 p0.9 i102 clique s-1: SUCCESS acl=13.0/12.9778 0.0245s
[4669/8235   3357s] Z12 n180 p0.9 i102 pssa s0: SUCCESS acl=12.9778/12.9778 0.4936s
[4670/8235   3357s] Z12 n180 p0.9 i102 pssa s1: SUCCESS acl=12.9778/12.9778 0.4958s
[4671/8235   3357s] Z12 n140 p0.9 i103 mmfork-cuthill s4: SUCCESS acl=17.4571/15.2857 60.5383s
[4672/8235   3358s] Z12 n180 p0.9 i102 pssa s2: SUCCESS acl=12.9778/12.9778 0.6091s
[4673/8235   3358s] Z12 n180 p0.9 i102 pssa s3: SUCCESS acl=12.9778/12.9778 0.5729s
[4674/8235   3359s] Z12 n180 p0.9 i102 pssa s4: SUCCESS acl=12.9778/12.9778 0.5981s
[4675/8235   3359s] Z12 n140 p0.9 i103 mmfork-cuthill s3: SUCCESS acl=22.9571/18.9929 62.2495s
[4676/8235   3360s] Z12 n140 p0.9 i103 clmm s0: SUCCESS acl=10.9571/10.4786 60.8271s
[4677/8235   3363s] Z12 n140 p0.9 i103 clmm s1: SUCCESS acl=10.9429/10.45 62.6622s
[4678/8235   3366s] Z12 n140 p0.9 i103 clmm s3: SUCCESS acl=10.9214/10.8571 63.2201s
[4679/8235   3367s] Z12 n140 p0.9 i103 clmm s2: SUCCESS acl=10.9357/10.8929 63.7219s
[4680/8235   3367s] Z12 n140 p0.9 i103 clmm s4: SUCCESS acl=10.9429/10.75 63.1055s
[4681/8235   3372s] Z12 n180 p0.9 i101 minorminer s0: FAILURE  63.9241s
[4682/8235   3376s] Z12 n140 p0.9 i103 attraction s2: FAILURE  69.1619s
[4683/8235   3378s] Z12 n140 p0.9 i103 attraction s4: FAILURE  70.3365s
[4684/8235   3378s] Z12 n140 p0.9 i103 attraction s3: FAILURE  71.4296s
[4685/8235   3378s] Z12 n140 p0.9 i103 attraction s1: FAILURE  71.892s
[4686/8235   3379s] Z12 n140 p0.9 i103 attraction s0: FAILURE  72.7446s
[4687/8235   3380s] Z12 n180 p0.9 i101 mmfork-cuthill s0: FAILURE  63.4739s
[4688/8235   3381s] Z12 n180 p0.9 i101 mmfork-cuthill s4: FAILURE  62.9473s
[4689/8235   3381s] Z12 n180 p0.9 i101 minorminer s2: FAILURE  68.5108s
[4690/8235   3381s] Z12 n180 p0.9 i101 mmfork-cuthill s3: FAILURE  63.2999s
[4691/8235   3383s] Z12 n180 p0.9 i101 minorminer s4: FAILURE  68.6047s
[4692/8235   3384s] Z12 n180 p0.9 i101 minorminer s1: FAILURE  72.56s
[4693/8235   3386s] Z12 n180 p0.9 i101 clmm s0: SUCCESS acl=12.9944/12.9722 63.1545s
[4694/8235   3386s] Z12 n180 p0.9 i101 minorminer s3: FAILURE  71.3631s
[4695/8235   3386s] Z12 n180 p0.9 i103 template s-1: SUCCESS acl=12.9778/12.9778 0.2271s
[4696/8235   3386s] Z12 n180 p0.9 i101 clmm s3: SUCCESS acl=12.9944/12.9778 60.9406s
[4697/8235   3386s] Z12 n180 p0.9 i103 clique s-1: SUCCESS acl=13.0/12.9778 0.0274s
[4698/8235   3387s] Z12 n180 p0.9 i103 pssa s0: SUCCESS acl=12.9778/12.9778 0.4836s
[4699/8235   3387s] Z12 n180 p0.9 i103 pssa s1: SUCCESS acl=12.9778/12.9778 0.5679s
[4700/8235   3387s] Z12 n180 p0.9 i103 pssa s2: SUCCESS acl=12.9778/12.9778 0.4852s
[4701/8235   3387s] Z12 n180 p0.9 i103 pssa s3: SUCCESS acl=12.9778/12.9778 0.4812s
[4702/8235   3388s] Z12 n180 p0.9 i103 pssa s4: SUCCESS acl=12.9778/12.9778 0.5742s
[4703/8235   3388s] Z12 n180 p0.9 i101 clmm s1: SUCCESS acl=13.0/12.9722 65.7036s
[4704/8235   3389s] Z12 n180 p0.9 i101 mmfork-cuthill s2: FAILURE  71.4795s
[4705/8235   3389s] Z12 n180 p0.9 i101 mmfork-cuthill s1: FAILURE  72.6584s
[4706/8235   3390s] Z12 n40 p0.7 i101 minorminer s0: SUCCESS acl=4.025/3.925 0.956s
[4707/8235   3392s] Z12 n180 p0.9 i101 clmm s2: SUCCESS acl=13.0/12.9722 67.6041s
[4708/8235   3393s] Z12 n40 p0.7 i101 minorminer s1: SUCCESS acl=3.95/3.8 2.7003s
[4709/8235   3393s] Z12 n180 p0.9 i101 clmm s4: SUCCESS acl=12.9778/12.9667 67.385s
[4710/8235   3394s] Z12 n40 p0.7 i101 minorminer s2: SUCCESS acl=4.05/3.95 1.4955s
[4711/8235   3395s] Z12 n40 p0.7 i101 minorminer s4: SUCCESS acl=4.425/4.125 1.6259s
[4712/8235   3395s] Z12 n40 p0.7 i101 minorminer s3: SUCCESS acl=4.075/3.925 1.8452s
[4713/8235   3395s] Z12 n40 p0.7 i101 mmfork-cuthill s0: SUCCESS acl=4.1/3.975 1.6181s
[4714/8235   3396s] Z12 n40 p0.7 i101 mmfork-cuthill s1: SUCCESS acl=3.75/3.675 1.2831s
[4715/8235   3397s] Z12 n40 p0.7 i101 mmfork-cuthill s3: SUCCESS acl=3.9/3.875 1.8687s
[4716/8235   3397s] Z12 n40 p0.7 i101 mmfork-cuthill s2: SUCCESS acl=3.95/3.875 2.4792s
[4717/8235   3398s] Z12 n40 p0.7 i101 clmm s0: SUCCESS acl=3.95/3.875 0.6934s
[4718/8235   3398s] Z12 n40 p0.7 i101 clmm s1: SUCCESS acl=4.0/3.9 0.5947s
[4719/8235   3398s] Z12 n40 p0.7 i101 clmm s2: SUCCESS acl=4.0/3.9 0.5657s
[4720/8235   3399s] Z12 n40 p0.7 i101 clmm s3: SUCCESS acl=3.975/3.9 0.67s
[4721/8235   3399s] Z12 n40 p0.7 i101 template s-1: SUCCESS acl=3.9/3.9 0.0031s
[4722/8235   3399s] Z12 n40 p0.7 i101 clique s-1: SUCCESS acl=4.0/3.9 0.0251s
[4723/8235   3399s] Z12 n40 p0.7 i101 mmfork-cuthill s4: SUCCESS acl=3.95/3.875 2.7945s
[4724/8235   3399s] Z12 n40 p0.7 i101 pssa s1: SUCCESS acl=5.6/3.9 0.2467s
[4725/8235   3399s] Z12 n40 p0.7 i101 pssa s0: SUCCESS acl=5.6/3.9 0.2762s
[4726/8235   3399s] Z12 n180 p0.9 i102 minorminer s0: FAILURE  65.989s
[4727/8235   3399s] Z12 n40 p0.7 i101 clmm s4: SUCCESS acl=3.95/3.9 0.6464s
[4728/8235   3399s] Z12 n40 p0.7 i101 pssa s2: SUCCESS acl=5.6/3.9 0.2553s
[4729/8235   3399s] Z12 n40 p0.7 i101 pssa s3: SUCCESS acl=5.6/3.9 0.2797s
[4730/8235   3399s] Z12 n40 p0.7 i101 pssa s4: SUCCESS acl=5.6/3.9 0.2706s
[4731/8235   3402s] Z12 n180 p0.9 i102 minorminer s4: FAILURE  62.0152s
[4732/8235   3405s] Z12 n180 p0.9 i101 attraction s1: FAILURE  73.9687s
[4733/8235   3405s] Z12 n180 p0.9 i101 attraction s3: FAILURE  73.7271s
[4734/8235   3405s] Z12 n180 p0.9 i102 minorminer s1: FAILURE  71.1441s
[4735/8235   3405s] Z12 n40 p0.7 i101 attraction s1: SUCCESS acl=4.55/4.3 5.8275s
[4736/8235   3405s] Z12 n180 p0.9 i101 attraction s2: FAILURE  74.5354s
[4737/8235   3406s] Z12 n40 p0.7 i101 attraction s0: SUCCESS acl=4.1/3.95 6.5704s
[4738/8235   3406s] Z12 n40 p0.7 i101 attraction s2: SUCCESS acl=4.225/4.05 6.5605s
[4739/8235   3406s] Z12 n180 p0.9 i101 attraction s0: FAILURE  75.2711s
[4740/8235   3406s] Z12 n180 p0.9 i102 minorminer s2: FAILURE  69.8958s
[4741/8235   3406s] Z12 n40 p0.7 i101 attraction s3: SUCCESS acl=4.125/3.825 7.0187s
[4742/8235   3406s] Z12 n40 p0.7 i102 minorminer s1: SUCCESS acl=4.275/4.075 1.4544s
[4743/8235   3407s] Z12 n180 p0.9 i101 attraction s4: FAILURE  74.8709s
[4744/8235   3407s] Z12 n40 p0.7 i102 minorminer s2: SUCCESS acl=3.95/3.85 1.7535s
[4745/8235   3407s] Z12 n40 p0.7 i102 clmm s0: SUCCESS acl=3.95/3.875 0.6581s
[4746/8235   3407s] Z12 n40 p0.7 i102 clmm s1: SUCCESS acl=4.0/3.875 0.6568s
[4747/8235   3407s] Z12 n40 p0.7 i102 clmm s2: SUCCESS acl=3.975/3.875 0.6286s
[4748/8235   3407s] Z12 n40 p0.7 i102 template s-1: SUCCESS acl=3.875/3.875 0.0031s
[4749/8235   3407s] Z12 n40 p0.7 i102 clique s-1: SUCCESS acl=4.0/3.875 0.0225s
[4750/8235   3408s] Z12 n40 p0.7 i102 mmfork-cuthill s1: SUCCESS acl=3.725/3.675 1.6937s
[4751/8235   3408s] Z12 n40 p0.7 i102 pssa s0: SUCCESS acl=5.9/3.875 0.25s
[4752/8235   3408s] Z12 n40 p0.7 i102 mmfork-cuthill s0: SUCCESS acl=4.0/3.825 2.0845s
[4753/8235   3408s] Z12 n40 p0.7 i102 minorminer s3: SUCCESS acl=4.025/3.8 2.7298s
[4754/8235   3408s] Z12 n40 p0.7 i102 minorminer s0: SUCCESS acl=3.8/3.775 3.1649s
[4755/8235   3408s] Z12 n40 p0.7 i102 pssa s1: SUCCESS acl=5.9/3.875 0.2616s
[4756/8235   3408s] Z12 n40 p0.7 i102 clmm s3: SUCCESS acl=3.975/3.9 0.7057s
[4757/8235   3408s] Z12 n40 p0.7 i102 mmfork-cuthill s4: SUCCESS acl=3.825/3.75 1.67s
[4758/8235   3408s] Z12 n40 p0.7 i102 clmm s4: SUCCESS acl=3.95/3.875 0.6856s
[4759/8235   3408s] Z12 n40 p0.7 i102 pssa s3: SUCCESS acl=5.9/3.875 0.2424s
[4760/8235   3408s] Z12 n40 p0.7 i102 pssa s2: SUCCESS acl=5.9/3.875 0.2574s
[4761/8235   3408s] Z12 n40 p0.7 i102 pssa s4: SUCCESS acl=5.9/3.875 0.2576s
[4762/8235   3408s] Z12 n40 p0.7 i102 minorminer s4: SUCCESS acl=3.75/3.65 3.0153s
[4763/8235   3409s] Z12 n180 p0.9 i102 mmfork-cuthill s2: FAILURE  66.4785s
[4764/8235   3409s] Z12 n40 p0.7 i102 mmfork-cuthill s2: SUCCESS acl=4.15/3.875 2.6832s
[4765/8235   3409s] Z12 n40 p0.7 i101 attraction s4: SUCCESS acl=4.275/4.0 6.4995s
[4766/8235   3409s] Z12 n180 p0.9 i102 mmfork-cuthill s4: FAILURE  64.993s
[4767/8235   3410s] Z12 n180 p0.9 i102 minorminer s3: FAILURE  69.6866s
[4768/8235   3410s] Z12 n40 p0.7 i103 minorminer s3: SUCCESS acl=4.05/3.95 1.5171s
[4769/8235   3410s] Z12 n40 p0.7 i103 minorminer s0: SUCCESS acl=3.75/3.65 1.8134s
[4770/8235   3410s] Z12 n40 p0.7 i103 minorminer s1: SUCCESS acl=4.225/4.1 1.8366s
[4771/8235   3410s] Z12 n40 p0.7 i103 minorminer s2: SUCCESS acl=3.85/3.775 1.9971s
[4772/8235   3410s] Z12 n40 p0.7 i103 mmfork-cuthill s2: SUCCESS acl=4.05/3.825 1.1317s
[4773/8235   3410s] Z12 n180 p0.9 i102 mmfork-cuthill s1: FAILURE  68.5966s
[4774/8235   3410s] Z12 n40 p0.7 i103 clmm s0: SUCCESS acl=4.0/3.85 0.5563s
[4775/8235   3410s] Z12 n40 p0.7 i103 template s-1: SUCCESS acl=3.85/3.85 0.005s
[4776/8235   3410s] Z12 n40 p0.7 i103 clique s-1: SUCCESS acl=4.0/3.85 0.0247s
[4777/8235   3410s] Z12 n40 p0.7 i103 clmm s1: SUCCESS acl=4.0/3.85 0.5857s
[4778/8235   3411s] Z12 n180 p0.9 i102 mmfork-cuthill s0: FAILURE  69.3851s
[4779/8235   3411s] Z12 n40 p0.7 i102 mmfork-cuthill s3: SUCCESS acl=3.7/3.675 4.3909s
[4780/8235   3411s] Z12 n40 p0.7 i103 mmfork-cuthill s0: SUCCESS acl=3.925/3.85 2.0875s
[4781/8235   3411s] Z12 n40 p0.7 i103 clmm s2: SUCCESS acl=4.0/3.85 0.6264s
[4782/8235   3411s] Z12 n40 p0.7 i103 pssa s0: SUCCESS acl=5.55/3.825 0.2708s
[4783/8235   3411s] Z12 n180 p0.9 i102 clmm s0: SUCCESS acl=13.0/12.9778 66.2487s
[4784/8235   3411s] Z12 n40 p0.7 i103 pssa s1: SUCCESS acl=5.55/3.825 0.2589s
[4785/8235   3411s] Z12 n40 p0.7 i103 minorminer s4: SUCCESS acl=4.0/3.875 2.2324s
[4786/8235   3411s] Z12 n40 p0.7 i103 pssa s2: SUCCESS acl=5.55/3.825 0.2608s
[4787/8235   3411s] Z12 n40 p0.7 i103 clmm s3: SUCCESS acl=4.0/3.85 0.5933s
[4788/8235   3411s] Z12 n40 p0.7 i103 pssa s3: SUCCESS acl=5.55/3.825 0.2768s
[4789/8235   3411s] Z12 n40 p0.7 i103 pssa s4: SUCCESS acl=5.55/3.825 0.2781s
[4790/8235   3411s] Z12 n40 p0.7 i103 clmm s4: SUCCESS acl=4.0/3.85 0.6046s
[4791/8235   3411s] Z12 n180 p0.9 i102 mmfork-cuthill s3: FAILURE  68.9272s
[4792/8235   3412s] Z12 n40 p0.7 i103 mmfork-cuthill s3: SUCCESS acl=4.2/3.9 1.7892s
[4793/8235   3412s] Z12 n40 p0.7 i103 mmfork-cuthill s1: SUCCESS acl=3.975/3.925 2.6345s
[4794/8235   3413s] Z12 n40 p0.7 i103 mmfork-cuthill s4: SUCCESS acl=3.8/3.725 2.9823s
[4795/8235   3414s] Z12 n40 p0.7 i102 attraction s3: SUCCESS acl=4.15/4.0 5.861s
[4796/8235   3414s] Z12 n40 p0.7 i102 attraction s0: SUCCESS acl=3.875/3.775 6.2937s
[4797/8235   3414s] Z12 n40 p0.7 i102 attraction s4: SUCCESS acl=3.675/3.65 6.3224s
[4798/8235   3415s] Z12 n40 p0.7 i102 attraction s2: SUCCESS acl=3.95/3.8 7.0542s
[4799/8235   3415s] Z12 n40 p0.7 i102 attraction s1: SUCCESS acl=3.925/3.875 7.5538s
[4800/8235   3416s] Z12 n60 p0.7 i101 minorminer s1: SUCCESS acl=6.4333/5.8333 5.6224s
[4801/8235   3417s] Z12 n40 p0.7 i103 attraction s3: SUCCESS acl=4.325/4.2 6.4916s
[4802/8235   3417s] Z12 n60 p0.7 i101 template s-1: SUCCESS acl=5.4167/5.4167 0.0137s
[4803/8235   3417s] Z12 n60 p0.7 i101 clique s-1: SUCCESS acl=6.0/5.4167 0.0253s
[4804/8235   3417s] Z12 n40 p0.7 i103 attraction s2: SUCCESS acl=4.125/3.925 6.6125s
[4805/8235   3417s] Z12 n60 p0.7 i101 clmm s1: SUCCESS acl=5.8833/5.75 3.1032s
[4806/8235   3417s] Z12 n40 p0.7 i103 attraction s0: SUCCESS acl=4.1/3.975 6.7765s
[4807/8235   3418s] Z12 n40 p0.7 i103 attraction s1: SUCCESS acl=3.775/3.65 6.8407s
[4808/8235   3418s] Z12 n60 p0.7 i101 clmm s0: SUCCESS acl=5.7667/5.6833 3.5379s
[4809/8235   3418s] Z12 n60 p0.7 i101 pssa s1: SUCCESS acl=6.2667/5.4167 0.2924s
[4810/8235   3418s] Z12 n60 p0.7 i101 pssa s0: SUCCESS acl=6.2667/5.4167 0.3114s
[4811/8235   3418s] Z12 n60 p0.7 i101 mmfork-cuthill s3: SUCCESS acl=6.3167/5.8667 4.9579s
[4812/8235   3418s] Z12 n60 p0.7 i101 pssa s3: SUCCESS acl=6.2667/5.4167 0.309s
[4813/8235   3418s] Z12 n60 p0.7 i101 pssa s2: SUCCESS acl=6.2667/5.4167 0.3145s
[4814/8235   3418s] Z12 n180 p0.9 i102 clmm s2: SUCCESS acl=13.0/12.9778 64.3043s
[4815/8235   3418s] Z12 n60 p0.7 i101 pssa s4: SUCCESS acl=6.2667/5.4167 0.3105s
[4816/8235   3418s] Z12 n180 p0.9 i102 clmm s1: SUCCESS acl=13.0/12.9778 64.9764s
[4817/8235   3419s] Z12 n60 p0.7 i101 clmm s2: SUCCESS acl=5.6333/5.5833 3.7189s
[4818/8235   3419s] Z12 n60 p0.7 i101 minorminer s2: SUCCESS acl=6.1333/5.7167 7.9854s
[4819/8235   3419s] Z12 n60 p0.7 i101 clmm s3: SUCCESS acl=5.8333/5.7 3.5457s
[4820/8235   3419s] Z12 n180 p0.9 i102 clmm s3: SUCCESS acl=13.0/12.9778 63.8777s
[4821/8235   3419s] Z12 n60 p0.7 i101 mmfork-cuthill s2: SUCCESS acl=6.1167/5.6833 7.4567s
[4822/8235   3419s] Z12 n60 p0.7 i101 mmfork-cuthill s0: SUCCESS acl=6.0667/5.7 7.7766s
[4823/8235   3419s] Z12 n40 p0.7 i103 attraction s4: SUCCESS acl=4.025/3.9 8.5837s
[4824/8235   3419s] Z12 n180 p0.9 i102 clmm s4: SUCCESS acl=13.0/12.9778 64.2067s
[4825/8235   3419s] Z12 n60 p0.7 i101 minorminer s0: SUCCESS acl=5.8/5.55 8.6746s
[4826/8235   3420s] Z12 n60 p0.7 i101 clmm s4: SUCCESS acl=5.8667/5.8 3.2234s
[4827/8235   3420s] Z12 n60 p0.7 i101 minorminer s3: SUCCESS acl=5.8333/5.4667 9.4469s
[4828/8235   3421s] Z12 n60 p0.7 i101 mmfork-cuthill s4: SUCCESS acl=6.3333/5.8833 7.5122s
[4829/8235   3421s] Z12 n60 p0.7 i102 template s-1: SUCCESS acl=5.4333/5.4333 0.014s
[4830/8235   3421s] Z12 n60 p0.7 i102 clique s-1: SUCCESS acl=6.0/5.4333 0.0235s
[4831/8235   3422s] Z12 n60 p0.7 i102 pssa s0: SUCCESS acl=6.2167/5.4333 0.4176s
[4832/8235   3422s] Z12 n60 p0.7 i102 pssa s1: SUCCESS acl=6.2167/5.4333 0.3123s
[4833/8235   3423s] Z12 n60 p0.7 i102 pssa s2: SUCCESS acl=6.2167/5.4333 0.313s
[4834/8235   3423s] Z12 n60 p0.7 i102 minorminer s2: SUCCESS acl=6.2333/5.85 4.6959s
[4835/8235   3423s] Z12 n60 p0.7 i102 clmm s0: SUCCESS acl=5.8833/5.3833 3.3662s
[4836/8235   3423s] Z12 n60 p0.7 i102 clmm s1: SUCCESS acl=5.7833/5.7333 3.2368s
[4837/8235   3423s] Z12 n60 p0.7 i102 pssa s4: SUCCESS acl=6.2167/5.4333 0.3043s
[4838/8235   3423s] Z12 n60 p0.7 i102 clmm s2: SUCCESS acl=5.8/5.7333 3.511s
[4839/8235   3423s] Z12 n60 p0.7 i101 mmfork-cuthill s1: SUCCESS acl=6.1333/5.75 11.5031s
[4840/8235   3423s] Z12 n60 p0.7 i102 pssa s3: SUCCESS acl=6.2167/5.4333 0.4273s
[4841/8235   3423s] Z12 n60 p0.7 i102 clmm s3: SUCCESS acl=5.8/5.7667 3.401s
[4842/8235   3424s] Z12 n60 p0.7 i102 clmm s4: SUCCESS acl=5.85/5.8167 3.5953s
[4843/8235   3426s] Z12 n60 p0.7 i102 minorminer s3: SUCCESS acl=6.0833/5.6833 7.4028s
[4844/8235   3427s] Z12 n60 p0.7 i102 minorminer s4: SUCCESS acl=6.15/5.7333 8.436s
[4845/8235   3427s] Z12 n60 p0.7 i101 minorminer s4: SUCCESS acl=5.9667/5.5667 16.1677s
[4846/8235   3428s] Z12 n60 p0.7 i102 mmfork-cuthill s0: SUCCESS acl=6.3333/5.8167 9.5016s
[4847/8235   3428s] Z12 n60 p0.7 i103 minorminer s2: SUCCESS acl=6.3833/5.8 4.4428s
[4848/8235   3429s] Z12 n60 p0.7 i102 mmfork-cuthill s4: SUCCESS acl=6.0833/5.8 9.7031s
[4849/8235   3430s] Z12 n180 p0.9 i103 minorminer s1: FAILURE  62.745s
[4850/8235   3430s] Z12 n60 p0.7 i102 mmfork-cuthill s1: SUCCESS acl=5.8667/5.5333 11.2086s
[4851/8235   3431s] Z12 n60 p0.7 i103 minorminer s3: SUCCESS acl=6.6167/6.05 5.6307s
[4852/8235   3431s] Z12 n60 p0.7 i102 mmfork-cuthill s3: SUCCESS acl=5.8833/5.6333 12.3558s
[4853/8235   3432s] Z12 n60 p0.7 i101 attraction s1: SUCCESS acl=6.3667/5.75 13.9921s
[4854/8235   3432s] Z12 n180 p0.9 i102 attraction s1: FAILURE  72.9549s
[4855/8235   3432s] Z12 n60 p0.7 i102 mmfork-cuthill s2: SUCCESS acl=5.7333/5.4333 13.0275s
[4856/8235   3432s] Z12 n60 p0.7 i103 template s-1: SUCCESS acl=5.4167/5.4167 0.0146s
[4857/8235   3432s] Z12 n60 p0.7 i103 clique s-1: SUCCESS acl=6.0/5.4167 0.0243s
[4858/8235   3432s] Z12 n60 p0.7 i103 pssa s0: SUCCESS acl=6.0167/5.4167 0.2968s
[4859/8235   3433s] Z12 n180 p0.9 i102 attraction s0: FAILURE  74.4455s
[4860/8235   3433s] Z12 n60 p0.7 i103 pssa s1: SUCCESS acl=6.0167/5.4167 0.3046s
[4861/8235   3433s] Z12 n60 p0.7 i103 pssa s2: SUCCESS acl=6.0167/5.4167 0.2935s
[4862/8235   3433s] Z12 n180 p0.9 i103 minorminer s0: FAILURE  66.5027s
[4863/8235   3433s] Z12 n60 p0.7 i103 pssa s3: SUCCESS acl=6.0167/5.4167 0.3033s
[4864/8235   3433s] Z12 n60 p0.7 i103 mmfork-cuthill s0: SUCCESS acl=5.8167/5.4667 5.9602s
[4865/8235   3433s] Z12 n60 p0.7 i103 pssa s4: SUCCESS acl=6.0167/5.4167 0.3041s
[4866/8235   3433s] Z12 n180 p0.9 i102 attraction s2: FAILURE  74.3566s
[4867/8235   3434s] Z12 n60 p0.7 i103 clmm s0: SUCCESS acl=5.8667/5.7667 3.9068s
[4868/8235   3434s] Z12 n60 p0.7 i103 minorminer s0: SUCCESS acl=5.95/5.7 11.3125s
[4869/8235   3435s] Z12 n60 p0.7 i103 clmm s3: SUCCESS acl=5.8333/5.6833 2.9666s
[4870/8235   3435s] Z12 n60 p0.7 i103 clmm s2: SUCCESS acl=5.7/5.6667 3.2501s
[4871/8235   3435s] Z12 n60 p0.7 i103 clmm s1: SUCCESS acl=5.7333/5.6833 3.6941s
[4872/8235   3435s] Z12 n180 p0.9 i102 attraction s3: FAILURE  75.2739s
[4873/8235   3435s] Z12 n60 p0.7 i103 clmm s4: SUCCESS acl=5.8333/5.7333 3.4067s
[4874/8235   3436s] Z12 n60 p0.7 i103 minorminer s1: SUCCESS acl=6.2167/5.8167 12.447s
[4875/8235   3436s] Z12 n60 p0.7 i101 attraction s0: SUCCESS acl=6.1833/5.75 18.7304s
[4876/8235   3437s] Z12 n60 p0.7 i101 attraction s3: SUCCESS acl=6.1833/5.7333 18.788s
[4877/8235   3437s] Z12 n180 p0.9 i102 attraction s4: FAILURE  73.9386s
[4878/8235   3437s] Z12 n60 p0.7 i103 mmfork-cuthill s2: SUCCESS acl=6.1/5.7 8.6203s
[4879/8235   3437s] Z12 n180 p0.9 i103 minorminer s2: FAILURE  70.1131s
[4880/8235   3438s] Z12 n60 p0.7 i103 mmfork-cuthill s1: SUCCESS acl=5.9833/5.5333 9.4429s
[4881/8235   3438s] Z12 n60 p0.7 i102 minorminer s1: SUCCESS acl=5.7333/5.4 20.477s
[4882/8235   3439s] Z12 n180 p0.9 i103 mmfork-cuthill s0: FAILURE  60.8143s
[4883/8235   3439s] Z12 n80 p0.7 i101 template s-1: SUCCESS acl=6.4375/6.4375 0.0284s
[4884/8235   3439s] Z12 n80 p0.7 i101 clique s-1: SUCCESS acl=7.0/6.4375 0.0227s
[4885/8235   3439s] Z12 n60 p0.7 i102 minorminer s0: SUCCESS acl=5.8333/5.5 21.0585s
[4886/8235   3439s] Z12 n60 p0.7 i103 minorminer s4: SUCCESS acl=6.0833/5.7833 11.8716s
[4887/8235   3439s] Z12 n60 p0.7 i102 attraction s3: SUCCESS acl=6.4/5.8167 16.0309s
[4888/8235   3439s] Z12 n80 p0.7 i101 pssa s0: SUCCESS acl=6.4875/6.45 0.3409s
[4889/8235   3439s] Z12 n80 p0.7 i101 pssa s1: SUCCESS acl=6.4875/6.45 0.3683s
[4890/8235   3439s] Z12 n80 p0.7 i101 pssa s2: SUCCESS acl=6.4875/6.45 0.3662s
[4891/8235   3439s] Z12 n80 p0.7 i101 pssa s3: SUCCESS acl=6.4875/6.45 0.3242s
[4892/8235   3440s] Z12 n80 p0.7 i101 pssa s4: SUCCESS acl=6.4875/6.45 0.3576s
[4893/8235   3440s] Z12 n60 p0.7 i102 attraction s0: SUCCESS acl=6.4833/6.0167 17.6517s
[4894/8235   3441s] Z12 n60 p0.7 i103 mmfork-cuthill s4: SUCCESS acl=5.8167/5.5167 11.2381s
[4895/8235   3442s] Z12 n180 p0.9 i103 clmm s1: SUCCESS acl=13.0/12.9778 60.8466s
[4896/8235   3442s] Z12 n60 p0.7 i101 attraction s2: SUCCESS acl=6.1333/5.6667 24.6565s
[4897/8235   3443s] Z12 n180 p0.9 i103 clmm s2: SUCCESS acl=13.0/12.9778 61.6299s
[4898/8235   3444s] Z12 n180 p0.9 i103 mmfork-cuthill s3: FAILURE  64.7419s
[4899/8235   3444s] Z12 n180 p0.9 i103 mmfork-cuthill s1: FAILURE  65.8479s
[4900/8235   3445s] Z12 n180 p0.9 i103 minorminer s4: FAILURE  68.8023s
[4901/8235   3446s] Z12 n60 p0.7 i102 attraction s2: SUCCESS acl=6.0167/5.65 22.4611s
[4902/8235   3446s] Z12 n180 p0.9 i103 minorminer s3: FAILURE  73.24s
[4903/8235   3446s] Z12 n80 p0.7 i101 clmm s1: SUCCESS acl=6.9/6.875 9.328s
[4904/8235   3447s] Z12 n180 p0.9 i103 mmfork-cuthill s2: FAILURE  68.0256s
[4905/8235   3447s] Z12 n180 p0.9 i103 clmm s0: SUCCESS acl=13.0/12.9778 66.1489s
[4906/8235   3448s] Z12 n80 p0.7 i101 clmm s0: SUCCESS acl=6.925/6.8625 10.9613s
[4907/8235   3448s] Z12 n60 p0.7 i102 attraction s4: SUCCESS acl=6.0833/5.5667 24.6465s
[4908/8235   3448s] Z12 n80 p0.7 i101 clmm s2: SUCCESS acl=6.8875/6.8 10.9418s
[4909/8235   3448s] Z12 n180 p0.9 i103 clmm s3: SUCCESS acl=13.0/12.9778 64.4965s
[4910/8235   3448s] Z12 n80 p0.7 i102 template s-1: SUCCESS acl=6.4375/6.4375 0.0216s
[4911/8235   3448s] Z12 n80 p0.7 i101 clmm s4: SUCCESS acl=6.9125/6.8375 9.8528s
[4912/8235   3448s] Z12 n80 p0.7 i102 clique s-1: SUCCESS acl=7.0/6.4375 0.0276s
[4913/8235   3448s] Z12 n60 p0.7 i102 attraction s1: SUCCESS acl=5.75/5.3333 25.6353s
[4914/8235   3449s] Z12 n60 p0.7 i101 attraction s4: SUCCESS acl=5.8167/5.4833 30.8131s
[4915/8235   3449s] Z12 n80 p0.7 i102 pssa s0: SUCCESS acl=6.4875/6.45 0.3597s
[4916/8235   3449s] Z12 n80 p0.7 i102 pssa s1: SUCCESS acl=6.4875/6.45 0.371s
[4917/8235   3449s] Z12 n80 p0.7 i102 pssa s2: SUCCESS acl=6.4875/6.45 0.3438s
[4918/8235   3449s] Z12 n80 p0.7 i101 clmm s3: SUCCESS acl=6.9125/6.8375 11.0774s
[4919/8235   3449s] Z12 n80 p0.7 i102 pssa s3: SUCCESS acl=6.4875/6.45 0.3648s
[4920/8235   3449s] Z12 n60 p0.7 i103 mmfork-cuthill s3: SUCCESS acl=5.8333/5.4833 20.1032s
[4921/8235   3449s] Z12 n80 p0.7 i102 pssa s4: SUCCESS acl=6.4875/6.45 0.4718s
[4922/8235   3450s] Z12 n180 p0.9 i103 mmfork-cuthill s4: FAILURE  70.3101s
[4923/8235   3451s] Z12 n180 p0.9 i103 clmm s4: SUCCESS acl=13.0/12.9778 66.8309s
[4924/8235   3451s] Z12 n60 p0.7 i103 attraction s2: SUCCESS acl=6.1167/5.8333 18.0945s
[4925/8235   3452s] Z12 n60 p0.7 i103 attraction s0: SUCCESS acl=6.4167/5.9 19.2004s
[4926/8235   3454s] Z12 n60 p0.7 i103 attraction s4: SUCCESS acl=6.0/5.65 20.6422s
[4927/8235   3455s] Z12 n60 p0.7 i103 attraction s3: SUCCESS acl=5.85/5.55 21.3007s
[4928/8235   3455s] Z12 n80 p0.7 i101 minorminer s3: SUCCESS acl=8.1875/7.3875 19.7889s
[4929/8235   3456s] Z12 n80 p0.7 i102 minorminer s3: SUCCESS acl=9.5875/8.55 12.8068s
[4930/8235   3456s] Z12 n80 p0.7 i101 mmfork-cuthill s2: SUCCESS acl=8.1875/7.5875 19.9902s
[4931/8235   3457s] Z12 n60 p0.7 i103 attraction s1: SUCCESS acl=6.1/5.6667 23.4261s
[4932/8235   3457s] Z12 n80 p0.7 i102 clmm s1: SUCCESS acl=6.95/6.85 9.539s
[4933/8235   3457s] Z12 n80 p0.7 i102 clmm s2: SUCCESS acl=6.95/6.8 9.7356s
[4934/8235   3458s] Z12 n80 p0.7 i102 clmm s3: SUCCESS acl=6.925/6.8125 9.8295s
[4935/8235   3458s] Z12 n80 p0.7 i102 clmm s0: SUCCESS acl=6.8375/6.8 11.4793s
[4936/8235   3458s] Z12 n80 p0.7 i102 clmm s4: SUCCESS acl=6.875/6.8375 10.0006s
[4937/8235   3458s] Z12 n80 p0.7 i103 template s-1: SUCCESS acl=6.45/6.45 0.0277s
[4938/8235   3458s] Z12 n80 p0.7 i103 clique s-1: SUCCESS acl=7.0/6.45 0.0255s
[4939/8235   3458s] Z12 n80 p0.7 i101 minorminer s1: SUCCESS acl=8.425/7.6625 23.9063s
[4940/8235   3459s] Z12 n80 p0.7 i101 mmfork-cuthill s4: SUCCESS acl=7.75/7.3375 21.9726s
[4941/8235   3459s] Z12 n80 p0.7 i103 pssa s0: SUCCESS acl=6.475/6.45 0.3431s
[4942/8235   3459s] Z12 n80 p0.7 i103 pssa s1: SUCCESS acl=6.475/6.45 0.4435s
[4943/8235   3459s] Z12 n80 p0.7 i103 pssa s2: SUCCESS acl=6.475/6.45 0.4574s
[4944/8235   3459s] Z12 n80 p0.7 i103 pssa s3: SUCCESS acl=6.475/6.45 0.3327s
[4945/8235   3459s] Z12 n80 p0.7 i103 pssa s4: SUCCESS acl=6.475/6.45 0.3294s
[4946/8235   3459s] Z12 n80 p0.7 i102 mmfork-cuthill s3: SUCCESS acl=8.575/7.9 13.7228s
[4947/8235   3460s] Z12 n180 p0.9 i103 attraction s2: FAILURE  72.3797s
[4948/8235   3460s] Z12 n80 p0.7 i101 minorminer s2: SUCCESS acl=7.925/7.2375 25.2536s
[4949/8235   3462s] Z12 n180 p0.9 i103 attraction s0: FAILURE  75.0083s
[4950/8235   3462s] Z12 n180 p0.9 i103 attraction s3: FAILURE  73.8932s
[4951/8235   3463s] Z12 n80 p0.7 i103 minorminer s0: SUCCESS acl=8.0125/7.4125 13.7694s
[4952/8235   3463s] Z12 n180 p0.9 i103 attraction s1: FAILURE  75.8359s
[4953/8235   3463s] Z12 n180 p0.9 i103 attraction s4: FAILURE  74.84s
[4954/8235   3464s] Z12 n80 p0.7 i102 minorminer s1: SUCCESS acl=8.3/7.55 22.1538s
[4955/8235   3464s] Z12 n80 p0.7 i101 mmfork-cuthill s3: SUCCESS acl=7.7375/7.25 27.522s
[4956/8235   3464s] Z12 n80 p0.7 i102 mmfork-cuthill s1: SUCCESS acl=8.2125/7.675 19.4674s
[4957/8235   3466s] Z12 n80 p0.7 i101 minorminer s4: SUCCESS acl=8.1625/7.475 31.2294s
[4958/8235   3466s] Z12 n80 p0.7 i102 minorminer s0: SUCCESS acl=8.1/7.475 25.4583s
[4959/8235   3466s] Z12 n80 p0.7 i101 mmfork-cuthill s1: SUCCESS acl=7.4875/7.0125 31.2288s
[4960/8235   3466s] Z12 n80 p0.7 i103 clmm s1: SUCCESS acl=7.0/6.45 9.8983s
[4961/8235   3467s] Z12 n80 p0.7 i102 mmfork-cuthill s0: SUCCESS acl=7.6375/7.1375 22.9714s
[4962/8235   3467s] Z12 n80 p0.7 i103 clmm s0: SUCCESS acl=6.9375/6.7625 10.6962s
[4963/8235   3469s] Z12 n80 p0.7 i102 minorminer s4: SUCCESS acl=8.125/7.475 24.6709s
[4964/8235   3469s] Z12 n100 p0.7 i101 template s-1: SUCCESS acl=7.91/7.91 0.0374s
[4965/8235   3469s] Z12 n100 p0.7 i101 clique s-1: SUCCESS acl=8.0/7.91 0.0231s
[4966/8235   3469s] Z12 n80 p0.7 i103 clmm s2: SUCCESS acl=6.9375/6.775 11.3759s
[4967/8235   3469s] Z12 n80 p0.7 i103 clmm s4: SUCCESS acl=6.9375/6.775 10.7715s
[4968/8235   3469s] Z12 n100 p0.7 i101 pssa s0: SUCCESS acl=7.91/7.91 0.3826s
[4969/8235   3469s] Z12 n100 p0.7 i101 pssa s1: SUCCESS acl=7.91/7.91 0.3963s
[4970/8235   3469s] Z12 n80 p0.7 i102 mmfork-cuthill s4: SUCCESS acl=7.8/7.2375 22.813s
[4971/8235   3469s] Z12 n100 p0.7 i101 pssa s2: SUCCESS acl=7.91/7.91 0.5108s
[4972/8235   3470s] Z12 n100 p0.7 i101 pssa s3: SUCCESS acl=7.91/7.91 0.3941s
[4973/8235   3470s] Z12 n100 p0.7 i101 pssa s4: SUCCESS acl=7.91/7.91 0.4006s
[4974/8235   3470s] Z12 n80 p0.7 i101 minorminer s0: SUCCESS acl=8.475/7.7125 35.6558s
[4975/8235   3470s] Z12 n80 p0.7 i103 clmm s3: SUCCESS acl=6.875/6.8125 12.2119s
[4976/8235   3471s] Z12 n80 p0.7 i103 minorminer s4: SUCCESS acl=8.25/7.6875 18.3383s
[4977/8235   3472s] Z12 n80 p0.7 i103 mmfork-cuthill s1: SUCCESS acl=8.6/7.7625 17.0692s
[4978/8235   3473s] Z12 n80 p0.7 i103 minorminer s3: SUCCESS acl=8.2875/7.65 21.7212s
[4979/8235   3473s] Z12 n80 p0.7 i103 minorminer s2: SUCCESS acl=8.5125/7.7875 22.4289s
[4980/8235   3474s] Z12 n80 p0.7 i103 minorminer s1: SUCCESS acl=8.225/7.4875 23.9564s
[4981/8235   3474s] Z12 n80 p0.7 i103 mmfork-cuthill s4: SUCCESS acl=7.975/7.5125 18.5928s
[4982/8235   3474s] Z12 n80 p0.7 i103 mmfork-cuthill s0: SUCCESS acl=8.0375/7.5375 20.4531s
[4983/8235   3476s] Z12 n80 p0.7 i101 mmfork-cuthill s0: SUCCESS acl=7.825/7.2875 41.2268s
[4984/8235   3478s] Z12 n80 p0.7 i102 mmfork-cuthill s2: SUCCESS acl=7.625/7.175 32.4016s
[4985/8235   3478s] Z12 n80 p0.7 i103 mmfork-cuthill s3: SUCCESS acl=8.1/7.5875 22.8906s
[4986/8235   3480s] Z12 n80 p0.7 i103 mmfork-cuthill s2: SUCCESS acl=7.8375/7.4125 25.8974s
[4987/8235   3481s] Z12 n80 p0.7 i102 attraction s2: SUCCESS acl=9.4625/8.725 31.8705s
[4988/8235   3482s] Z12 n80 p0.7 i101 attraction s1: SUCCESS acl=8.5375/7.7875 42.9617s
[4989/8235   3488s] Z12 n100 p0.7 i101 clmm s4: SUCCESS acl=7.97/7.93 21.0791s
[4990/8235   3489s] Z12 n100 p0.7 i101 mmfork-cuthill s2: SUCCESS acl=10.68/9.76 25.2463s
[4991/8235   3489s] Z12 n100 p0.7 i102 template s-1: SUCCESS acl=7.95/7.95 0.0378s
[4992/8235   3489s] Z12 n80 p0.7 i102 attraction s3: SUCCESS acl=8.5875/7.9625 40.281s
[4993/8235   3489s] Z12 n100 p0.7 i102 clique s-1: SUCCESS acl=8.0/7.95 0.0258s
[4994/8235   3490s] Z12 n100 p0.7 i101 clmm s1: SUCCESS acl=8.0/7.91 23.117s
[4995/8235   3490s] Z12 n100 p0.7 i102 pssa s0: SUCCESS acl=7.95/7.95 0.3874s
[4996/8235   3490s] Z12 n100 p0.7 i102 pssa s1: SUCCESS acl=7.95/7.95 0.3961s
[4997/8235   3490s] Z12 n100 p0.7 i101 clmm s2: SUCCESS acl=7.94/7.9 23.5165s
[4998/8235   3490s] Z12 n100 p0.7 i102 pssa s2: SUCCESS acl=7.95/7.95 0.5133s
[4999/8235   3490s] Z12 n100 p0.7 i102 pssa s4: SUCCESS acl=7.95/7.95 0.4012s
[5000/8235   3490s] Z12 n100 p0.7 i102 pssa s3: SUCCESS acl=7.95/7.95 0.4956s
[5001/8235   3491s] Z12 n100 p0.7 i101 clmm s0: SUCCESS acl=8.0/7.91 24.1491s
[5002/8235   3492s] Z12 n80 p0.7 i101 attraction s0: SUCCESS acl=8.375/7.6375 52.1747s
[5003/8235   3492s] Z12 n80 p0.7 i102 attraction s1: SUCCESS acl=8.35/7.55 42.9292s
[5004/8235   3492s] Z12 n100 p0.7 i102 mmfork-cuthill s0: SUCCESS acl=11.39/9.95 18.1041s
[5005/8235   3493s] Z12 n100 p0.7 i101 minorminer s0: SUCCESS acl=10.24/9.28 33.254s
[5006/8235   3494s] Z12 n100 p0.7 i101 minorminer s1: SUCCESS acl=10.7/9.59 32.3059s
[5007/8235   3495s] Z12 n80 p0.7 i102 attraction s4: SUCCESS acl=8.575/7.7375 45.4536s
[5008/8235   3495s] Z12 n100 p0.7 i101 clmm s3: SUCCESS acl=7.99/7.92 27.7095s
[5009/8235   3496s] Z12 n80 p0.7 i102 minorminer s2: SUCCESS acl=7.8/7.2875 53.5078s
[5010/8235   3500s] Z12 n80 p0.7 i101 attraction s3: SUCCESS acl=7.9625/7.425 60.0797s
[5011/8235   3500s] Z12 n80 p0.7 i101 attraction s2: SUCCESS acl=8.0/7.3125 60.1292s
[5012/8235   3501s] Z12 n80 p0.7 i101 attraction s4: SUCCESS acl=8.6375/8.0875 60.2805s
[5013/8235   3504s] Z12 n80 p0.7 i103 attraction s4: SUCCESS acl=8.7375/7.85 43.6496s
[5014/8235   3505s] Z12 n100 p0.7 i101 mmfork-cuthill s3: SUCCESS acl=10.58/9.65 40.5461s
[5015/8235   3505s] Z12 n100 p0.7 i102 minorminer s0: SUCCESS acl=11.02/10.04 35.2676s
[5016/8235   3506s] Z12 n100 p0.7 i101 mmfork-cuthill s0: SUCCESS acl=10.25/9.48 42.1632s
[5017/8235   3506s] Z12 n100 p0.7 i102 clmm s1: SUCCESS acl=7.98/7.94 25.2847s
[5018/8235   3506s] Z12 n100 p0.7 i103 template s-1: SUCCESS acl=7.96/7.96 0.0344s
[5019/8235   3506s] Z12 n100 p0.7 i103 clique s-1: SUCCESS acl=8.0/7.96 0.0237s
[5020/8235   3507s] Z12 n100 p0.7 i103 pssa s0: SUCCESS acl=7.96/7.96 0.4993s
[5021/8235   3507s] Z12 n100 p0.7 i101 minorminer s3: SUCCESS acl=10.58/9.61 43.7665s
[5022/8235   3507s] Z12 n100 p0.7 i103 pssa s1: SUCCESS acl=7.96/7.96 0.5032s
[5023/8235   3507s] Z12 n100 p0.7 i103 pssa s2: SUCCESS acl=7.96/7.96 0.5103s
[5024/8235   3508s] Z12 n100 p0.7 i103 pssa s3: SUCCESS acl=7.96/7.96 0.4878s
[5025/8235   3508s] Z12 n100 p0.7 i102 clmm s0: SUCCESS acl=7.98/7.93 29.1736s
[5026/8235   3508s] Z12 n100 p0.7 i102 clmm s2: SUCCESS acl=7.96/7.93 26.9427s
[5027/8235   3508s] Z12 n100 p0.7 i103 pssa s4: SUCCESS acl=7.96/7.96 0.5174s
[5028/8235   3509s] Z12 n100 p0.7 i102 mmfork-cuthill s1: SUCCESS acl=10.83/9.71 34.37s
[5029/8235   3509s] Z12 n100 p0.7 i102 clmm s3: SUCCESS acl=7.96/7.94 26.6569s
[5030/8235   3509s] Z12 n80 p0.7 i102 attraction s0: SUCCESS acl=7.8125/7.325 60.3352s
[5031/8235   3509s] Z12 n100 p0.7 i102 minorminer s3: SUCCESS acl=11.0/9.82 36.2364s
[5032/8235   3512s] Z12 n100 p0.7 i101 minorminer s4: SUCCESS acl=10.02/9.16 48.3585s
[5033/8235   3512s] Z12 n100 p0.7 i102 minorminer s1: SUCCESS acl=11.08/9.82 41.1329s
[5034/8235   3514s] Z12 n100 p0.7 i102 clmm s4: SUCCESS acl=7.99/7.94 25.2348s
[5035/8235   3515s] Z12 n100 p0.7 i102 minorminer s2: SUCCESS acl=10.01/9.32 42.9589s
[5036/8235   3515s] Z12 n100 p0.7 i102 mmfork-cuthill s2: SUCCESS acl=10.84/9.74 40.2886s
[5037/8235   3517s] Z12 n80 p0.7 i103 attraction s2: SUCCESS acl=7.9875/7.425 57.6497s
[5038/8235   3519s] Z12 n80 p0.7 i103 attraction s1: SUCCESS acl=8.025/7.375 60.3334s
[5039/8235   3520s] Z12 n80 p0.7 i103 attraction s0: SUCCESS acl=8.15/7.525 60.6321s
[5040/8235   3520s] Z12 n80 p0.7 i103 attraction s3: SUCCESS acl=8.0375/7.425 60.4505s
[5041/8235   3520s] Z12 n100 p0.7 i102 mmfork-cuthill s4: SUCCESS acl=10.2/9.31 41.9351s
[5042/8235   3522s] Z12 n100 p0.7 i101 minorminer s2: SUCCESS acl=10.48/9.57 60.0692s
[5043/8235   3523s] Z12 n100 p0.7 i101 mmfork-cuthill s4: SUCCESS acl=9.63/8.97 56.1454s
[5044/8235   3525s] Z12 n100 p0.7 i101 mmfork-cuthill s1: SUCCESS acl=9.69/9.08 60.5148s
[5045/8235   3525s] Z12 n140 p0.7 i101 template s-1: SUCCESS acl=10.4357/10.4357 0.1341s
[5046/8235   3525s] Z12 n140 p0.7 i101 clique s-1: SUCCESS acl=11.0/10.4357 0.0247s
[5047/8235   3525s] Z12 n100 p0.7 i103 mmfork-cuthill s3: SUCCESS acl=10.47/9.58 25.3144s
[5048/8235   3526s] Z12 n140 p0.7 i101 pssa s0: SUCCESS acl=10.4357/10.4357 0.5693s
[5049/8235   3526s] Z12 n140 p0.7 i101 pssa s1: SUCCESS acl=10.4357/10.4357 0.4796s
[5050/8235   3526s] Z12 n140 p0.7 i101 pssa s3: SUCCESS acl=10.4357/10.4357 0.4793s
[5051/8235   3526s] Z12 n140 p0.7 i101 pssa s2: SUCCESS acl=10.4357/10.4357 0.5733s
[5052/8235   3527s] Z12 n100 p0.7 i102 mmfork-cuthill s3: SUCCESS acl=10.21/9.29 50.0771s
[5053/8235   3527s] Z12 n140 p0.7 i101 pssa s4: SUCCESS acl=10.4357/10.4357 0.5792s
[5054/8235   3529s] Z12 n100 p0.7 i103 clmm s0: SUCCESS acl=7.99/7.94 27.918s
[5055/8235   3530s] Z12 n100 p0.7 i101 attraction s0: SUCCESS acl=11.82/10.33 60.4845s
[5056/8235   3530s] Z12 n100 p0.7 i101 attraction s1: SUCCESS acl=10.31/9.21 60.4604s
[5057/8235   3530s] Z12 n100 p0.7 i101 attraction s2: SUCCESS acl=11.51/10.09 60.5663s
[5058/8235   3530s] Z12 n100 p0.7 i101 attraction s3: SUCCESS acl=10.69/9.64 60.509s
[5059/8235   3531s] Z12 n100 p0.7 i103 clmm s3: SUCCESS acl=7.96/7.93 25.7047s
[5060/8235   3531s] Z12 n100 p0.7 i101 attraction s4: SUCCESS acl=11.22/9.93 61.1392s
[5061/8235   3531s] Z12 n100 p0.7 i103 clmm s2: SUCCESS acl=7.95/7.91 26.2604s
[5062/8235   3532s] Z12 n100 p0.7 i103 clmm s1: SUCCESS acl=7.99/7.94 27.9182s
[5063/8235   3532s] Z12 n100 p0.7 i103 clmm s4: SUCCESS acl=7.95/7.92 26.125s
[5064/8235   3532s] Z12 n100 p0.7 i103 mmfork-cuthill s2: SUCCESS acl=11.49/10.06 35.9971s
[5065/8235   3534s] Z12 n100 p0.7 i102 minorminer s4: SUCCESS acl=10.23/9.42 60.7153s
[5066/8235   3539s] Z12 n100 p0.7 i103 mmfork-cuthill s1: SUCCESS acl=10.97/9.85 44.0367s
[5067/8235   3543s] Z12 n100 p0.7 i103 minorminer s2: SUCCESS acl=10.95/9.8 50.7357s
[5068/8235   3546s] Z12 n100 p0.7 i103 minorminer s4: SUCCESS acl=10.6/9.46 52.0664s
[5069/8235   3550s] Z12 n100 p0.7 i102 attraction s0: SUCCESS acl=11.37/10.06 60.2518s
[5070/8235   3551s] Z12 n100 p0.7 i102 attraction s2: SUCCESS acl=11.16/10.01 60.4889s
[5071/8235   3551s] Z12 n100 p0.7 i102 attraction s4: SUCCESS acl=11.95/10.38 60.3364s
[5072/8235   3551s] Z12 n100 p0.7 i102 attraction s1: SUCCESS acl=11.24/10.01 60.8674s
[5073/8235   3551s] Z12 n140 p0.7 i102 template s-1: SUCCESS acl=10.4714/10.4714 0.136s
[5074/8235   3551s] Z12 n140 p0.7 i102 clique s-1: SUCCESS acl=11.0/10.4714 0.0282s
[5075/8235   3552s] Z12 n100 p0.7 i102 attraction s3: SUCCESS acl=11.83/10.55 61.0092s
[5076/8235   3552s] Z12 n100 p0.7 i103 mmfork-cuthill s0: SUCCESS acl=10.35/9.45 57.0497s
[5077/8235   3552s] Z12 n140 p0.7 i102 pssa s0: SUCCESS acl=10.4714/10.4714 0.5924s
[5078/8235   3552s] Z12 n140 p0.7 i102 pssa s1: SUCCESS acl=10.4714/10.4714 0.6192s
[5079/8235   3552s] Z12 n100 p0.7 i103 minorminer s1: SUCCESS acl=10.26/9.32 60.2754s
[5080/8235   3552s] Z12 n140 p0.7 i102 pssa s2: SUCCESS acl=10.4714/10.4714 0.5921s
[5081/8235   3552s] Z12 n140 p0.7 i102 pssa s3: SUCCESS acl=10.4714/10.4714 0.4634s
[5082/8235   3552s] Z12 n100 p0.7 i103 minorminer s0: SUCCESS acl=10.63/9.61 60.7733s
[5083/8235   3553s] Z12 n140 p0.7 i102 pssa s4: SUCCESS acl=10.4714/10.4714 0.6003s
[5084/8235   3554s] Z12 n100 p0.7 i103 minorminer s3: SUCCESS acl=10.94/9.87 60.8542s
[5085/8235   3561s] Z12 n100 p0.7 i103 mmfork-cuthill s4: SUCCESS acl=10.49/9.35 60.9756s
[5086/8235   3569s] Z12 n100 p0.7 i103 attraction s2: SUCCESS acl=10.96/9.71 60.4449s
[5087/8235   3569s] Z12 n100 p0.7 i103 attraction s1: SUCCESS acl=11.77/10.45 60.8305s
[5088/8235   3569s] Z12 n100 p0.7 i103 attraction s3: SUCCESS acl=11.22/9.82 60.5009s
[5089/8235   3569s] Z12 n100 p0.7 i103 attraction s0: SUCCESS acl=11.82/10.46 61.0174s
[5090/8235   3570s] Z12 n140 p0.7 i101 minorminer s1: SUCCESS acl=16.0429/14.1857 60.0732s
[5091/8235   3570s] Z12 n100 p0.7 i103 attraction s4: SUCCESS acl=11.35/9.93 60.7341s
[5092/8235   3570s] Z12 n140 p0.7 i101 minorminer s2: SUCCESS acl=17.3214/15.05 60.3691s
[5093/8235   3571s] Z12 n140 p0.7 i101 minorminer s0: SUCCESS acl=16.9643/14.8 60.9462s
[5094/8235   3573s] Z12 n140 p0.7 i101 minorminer s3: SUCCESS acl=18.5/15.5286 60.9906s
[5095/8235   3574s] Z12 n140 p0.7 i101 minorminer s4: SUCCESS acl=17.6286/15.2357 61.3589s
[5096/8235   3576s] Z12 n140 p0.7 i101 mmfork-cuthill s0: SUCCESS acl=16.5286/14.2643 61.7522s
[5097/8235   3577s] Z12 n140 p0.7 i101 mmfork-cuthill s2: SUCCESS acl=16.7214/14.7571 61.3687s
[5098/8235   3578s] Z12 n140 p0.7 i101 mmfork-cuthill s1: SUCCESS acl=16.3/14.4429 62.4691s
[5099/8235   3578s] Z12 n140 p0.7 i103 template s-1: SUCCESS acl=10.4714/10.4714 0.1348s
[5100/8235   3578s] Z12 n140 p0.7 i103 clique s-1: SUCCESS acl=11.0/10.4714 0.0258s
[5101/8235   3579s] Z12 n140 p0.7 i103 pssa s0: SUCCESS acl=10.4714/10.4714 0.5939s
[5102/8235   3579s] Z12 n140 p0.7 i101 mmfork-cuthill s3: SUCCESS acl=16.4714/14.4571 61.6105s
[5103/8235   3579s] Z12 n140 p0.7 i103 pssa s1: SUCCESS acl=10.4714/10.4714 0.5905s
[5104/8235   3580s] Z12 n140 p0.7 i103 pssa s2: SUCCESS acl=10.4714/10.4714 0.6018s
[5105/8235   3580s] Z12 n140 p0.7 i103 pssa s3: SUCCESS acl=10.4714/10.4714 0.5852s
[5106/8235   3580s] Z12 n140 p0.7 i101 clmm s2: SUCCESS acl=11.0/10.4357 59.9746s
[5107/8235   3580s] Z12 n140 p0.7 i103 pssa s4: SUCCESS acl=10.4714/10.4714 0.4496s
[5108/8235   3581s] Z12 n140 p0.7 i101 mmfork-cuthill s4: SUCCESS acl=15.6929/14.1143 61.2323s
[5109/8235   3581s] Z12 n140 p0.7 i101 clmm s1: SUCCESS acl=10.9714/10.7714 61.1964s
[5110/8235   3582s] Z12 n140 p0.7 i101 clmm s0: SUCCESS acl=10.9929/10.7786 62.0852s
[5111/8235   3582s] Z12 n140 p0.7 i101 clmm s3: SUCCESS acl=10.9929/10.4357 59.9668s
[5112/8235   3585s] Z12 n140 p0.7 i101 clmm s4: SUCCESS acl=10.9143/10.4357 62.2361s
[5113/8235   3591s] Z12 n140 p0.7 i102 minorminer s0: SUCCESS acl=17.7357/15.4071 60.0745s
[5114/8235   3591s] Z12 n140 p0.7 i101 attraction s3: SUCCESS acl=27.9214/23.6071 60.7261s
[5115/8235   3592s] Z12 n140 p0.7 i102 minorminer s1: SUCCESS acl=23.9143/20.0143 60.3338s
[5116/8235   3592s] Z12 n140 p0.7 i102 minorminer s2: SUCCESS acl=17.4143/14.8714 60.7538s
[5117/8235   3592s] Z12 n140 p0.7 i102 mmfork-cuthill s0: SUCCESS acl=17.1214/14.7071 60.4088s
[5118/8235   3593s] Z12 n140 p0.7 i102 minorminer s4: SUCCESS acl=16.9786/14.9071 61.248s
[5119/8235   3593s] Z12 n140 p0.7 i102 minorminer s3: SUCCESS acl=18.5929/15.9571 61.3994s
[5120/8235   3593s] Z12 n140 p0.7 i101 attraction s2: FAILURE  66.3831s
[5121/8235   3594s] Z12 n140 p0.7 i102 mmfork-cuthill s1: SUCCESS acl=17.7786/15.5571 61.8585s
[5122/8235   3594s] Z12 n140 p0.7 i102 mmfork-cuthill s2: SUCCESS acl=16.4857/14.4571 61.9805s
[5123/8235   3594s] Z12 n140 p0.7 i102 mmfork-cuthill s3: SUCCESS acl=15.7714/13.8857 61.7883s
[5124/8235   3594s] Z12 n140 p0.7 i101 attraction s0: FAILURE  68.009s
[5125/8235   3595s] Z12 n140 p0.7 i102 mmfork-cuthill s4: SUCCESS acl=15.5286/13.7786 60.3772s
[5126/8235   3595s] Z12 n140 p0.7 i101 attraction s1: FAILURE  68.3843s
[5127/8235   3595s] Z12 n180 p0.7 i101 template s-1: SUCCESS acl=12.9667/12.9667 0.1843s
[5128/8235   3595s] Z12 n180 p0.7 i101 clique s-1: SUCCESS acl=13.0/12.9667 0.0252s
[5129/8235   3596s] Z12 n180 p0.7 i101 pssa s0: SUCCESS acl=12.9667/12.9667 0.5618s
[5130/8235   3596s] Z12 n180 p0.7 i101 pssa s1: SUCCESS acl=12.9667/12.9667 0.4405s
[5131/8235   3597s] Z12 n180 p0.7 i101 pssa s3: SUCCESS acl=12.9667/12.9667 0.4387s
[5132/8235   3597s] Z12 n180 p0.7 i101 pssa s2: SUCCESS acl=12.9667/12.9667 0.5608s
[5133/8235   3597s] Z12 n180 p0.7 i101 pssa s4: SUCCESS acl=12.9667/12.9667 0.4364s
[5134/8235   3598s] Z12 n140 p0.7 i101 attraction s4: FAILURE  68.455s
[5135/8235   3602s] Z12 n140 p0.7 i102 clmm s2: SUCCESS acl=10.95/10.9143 55.1733s
[5136/8235   3603s] Z12 n140 p0.7 i102 clmm s0: SUCCESS acl=10.9643/10.9143 64.306s
[5137/8235   3606s] Z12 n140 p0.7 i102 clmm s1: SUCCESS acl=10.9643/10.8143 62.6389s
[5138/8235   3609s] Z12 n140 p0.7 i102 clmm s4: SUCCESS acl=10.9429/10.4857 57.9793s
[5139/8235   3616s] Z12 n140 p0.7 i103 minorminer s0: SUCCESS acl=17.6857/15.5143 62.2659s
[5140/8235   3616s] Z12 n140 p0.7 i102 clmm s3: SUCCESS acl=10.9214/10.8786 65.1017s
[5141/8235   3617s] Z12 n140 p0.7 i103 minorminer s1: SUCCESS acl=17.1143/14.8 61.9833s
[5142/8235   3621s] Z12 n140 p0.7 i102 attraction s2: FAILURE  68.4573s
[5143/8235   3621s] Z12 n140 p0.7 i102 attraction s0: FAILURE  68.8717s
[5144/8235   3621s] Z12 n140 p0.7 i102 attraction s1: FAILURE  68.8567s
[5145/8235   3622s] Z12 n140 p0.7 i102 attraction s3: FAILURE  69.4155s
[5146/8235   3622s] Z12 n140 p0.7 i102 attraction s4: FAILURE  69.7265s
[5147/8235   3623s] Z12 n140 p0.7 i103 minorminer s2: SUCCESS acl=17.8857/15.4143 61.678s
[5148/8235   3630s] Z12 n140 p0.7 i103 minorminer s3: SUCCESS acl=16.7643/14.6429 60.714s
[5149/8235   3630s] Z12 n140 p0.7 i103 clmm s2: SUCCESS acl=11.0/10.4714 55.8861s
[5150/8235   3630s] Z12 n140 p0.7 i103 minorminer s4: SUCCESS acl=16.3929/14.2643 61.2665s
[5151/8235   3631s] Z12 n140 p0.7 i103 mmfork-cuthill s1: SUCCESS acl=16.4929/14.5286 61.4637s
[5152/8235   3631s] Z12 n140 p0.7 i103 mmfork-cuthill s2: SUCCESS acl=15.9571/14.2071 60.9446s
[5153/8235   3631s] Z12 n140 p0.7 i103 mmfork-cuthill s0: SUCCESS acl=16.4357/14.3214 61.9939s
[5154/8235   3631s] Z12 n180 p0.7 i102 template s-1: SUCCESS acl=12.9667/12.9667 0.1862s
[5155/8235   3631s] Z12 n180 p0.7 i102 clique s-1: SUCCESS acl=13.0/12.9667 0.025s
[5156/8235   3632s] Z12 n140 p0.7 i103 mmfork-cuthill s3: SUCCESS acl=16.1929/14.25 61.4811s
[5157/8235   3632s] Z12 n140 p0.7 i103 mmfork-cuthill s4: SUCCESS acl=17.4714/15.2 60.9074s
[5158/8235   3632s] Z12 n180 p0.7 i102 pssa s0: SUCCESS acl=12.9667/12.9667 0.6148s
[5159/8235   3632s] Z12 n180 p0.7 i102 pssa s1: SUCCESS acl=12.9667/12.9667 0.6131s
[5160/8235   3632s] Z12 n180 p0.7 i102 pssa s2: SUCCESS acl=12.9667/12.9667 0.5729s
[5161/8235   3632s] Z12 n180 p0.7 i102 pssa s3: SUCCESS acl=12.9667/12.9667 0.5926s
[5162/8235   3633s] Z12 n180 p0.7 i102 pssa s4: SUCCESS acl=12.9667/12.9667 0.6195s
[5163/8235   3633s] Z12 n140 p0.7 i103 clmm s0: SUCCESS acl=10.9857/10.8571 62.6382s
[5164/8235   3635s] Z12 n140 p0.7 i103 clmm s4: SUCCESS acl=10.9643/10.4643 57.9271s
[5165/8235   3637s] Z12 n140 p0.7 i103 clmm s1: SUCCESS acl=10.9286/10.9143 63.1638s
[5166/8235   3639s] Z12 n140 p0.7 i103 clmm s3: SUCCESS acl=10.9929/10.8357 62.881s
[5167/8235   3642s] Z12 n140 p0.7 i103 attraction s1: SUCCESS acl=20.0643/16.8286 61.0375s
[5168/8235   3642s] Z12 n140 p0.7 i103 attraction s0: SUCCESS acl=17.8429/15.3857 61.2018s
[5169/8235   3642s] Z12 n140 p0.7 i103 attraction s3: SUCCESS acl=23.65/23.65 60.7811s
[5170/8235   3643s] Z12 n140 p0.7 i103 attraction s2: SUCCESS acl=30.1714/23.4643 60.5685s
[5171/8235   3643s] Z12 n140 p0.7 i103 attraction s4: SUCCESS acl=18.8429/16.0429 61.3381s
[5172/8235   3651s] Z12 n180 p0.7 i101 minorminer s1: FAILURE  68.6116s
[5173/8235   3651s] Z12 n180 p0.7 i101 minorminer s2: FAILURE  66.4812s
[5174/8235   3651s] Z12 n180 p0.7 i101 minorminer s0: FAILURE  69.4721s
[5175/8235   3653s] Z12 n180 p0.7 i101 clmm s2: SUCCESS acl=13.0/12.9667 58.9588s
[5176/8235   3655s] Z12 n180 p0.7 i101 clmm s1: SUCCESS acl=12.9833/12.95 60.8668s
[5177/8235   3656s] Z12 n180 p0.7 i101 mmfork-cuthill s1: FAILURE  64.5351s
[5178/8235   3656s] Z12 n180 p0.7 i101 mmfork-cuthill s0: FAILURE  64.7272s
[5179/8235   3657s] Z12 n180 p0.7 i101 minorminer s4: FAILURE  66.2135s
[5180/8235   3658s] Z12 n180 p0.7 i101 minorminer s3: FAILURE  66.8208s
[5181/8235   3658s] Z12 n180 p0.7 i101 mmfork-cuthill s2: FAILURE  65.578s
[5182/8235   3658s] Z12 n180 p0.7 i103 template s-1: SUCCESS acl=12.9778/12.9778 0.186s
[5183/8235   3658s] Z12 n180 p0.7 i103 clique s-1: SUCCESS acl=13.0/12.9778 0.0221s
[5184/8235   3658s] Z12 n180 p0.7 i103 pssa s0: SUCCESS acl=12.9778/12.9778 0.5663s
[5185/8235   3658s] Z12 n180 p0.7 i103 pssa s1: SUCCESS acl=12.9778/12.9778 0.5345s
[5186/8235   3658s] Z12 n180 p0.7 i101 clmm s3: SUCCESS acl=12.9778/12.95 63.9153s
[5187/8235   3658s] Z12 n180 p0.7 i103 pssa s2: SUCCESS acl=12.9778/12.9778 0.4365s
[5188/8235   3659s] Z12 n180 p0.7 i101 clmm s0: SUCCESS acl=13.0/12.9667 64.9749s
[5189/8235   3659s] Z12 n180 p0.7 i103 pssa s3: SUCCESS acl=12.9778/12.9778 0.5663s
[5190/8235   3659s] Z12 n180 p0.7 i103 pssa s4: SUCCESS acl=12.9778/12.9778 0.5392s
[5191/8235   3659s] Z12 n180 p0.7 i101 clmm s4: SUCCESS acl=12.9722/12.95 64.735s
[5192/8235   3660s] Z12 n180 p0.7 i101 mmfork-cuthill s3: FAILURE  66.9948s
[5193/8235   3663s] Z12 n180 p0.7 i101 mmfork-cuthill s4: FAILURE  70.2003s
[5194/8235   3668s] Z12 n180 p0.7 i101 attraction s0: FAILURE  71.5494s
[5195/8235   3668s] Z12 n180 p0.7 i101 attraction s2: FAILURE  69.8111s
[5196/8235   3670s] Z12 n180 p0.7 i101 attraction s1: FAILURE  72.9696s
[5197/8235   3671s] Z12 n180 p0.7 i101 attraction s3: FAILURE  69.3671s
[5198/8235   3675s] Z12 n180 p0.7 i101 attraction s4: FAILURE  71.3773s
[5199/8235   3675s] Z12 n180 p0.7 i102 minorminer s1: FAILURE  66.1664s
[5200/8235   3676s] Z12 n180 p0.7 i102 minorminer s0: FAILURE  69.8743s
[5201/8235   3682s] Z12 n180 p0.7 i102 minorminer s3: FAILURE  66.1584s
[5202/8235   3683s] Z12 n180 p0.7 i102 minorminer s4: FAILURE  66.0595s
[5203/8235   3683s] Z12 n180 p0.7 i102 minorminer s2: FAILURE  67.7028s
[5204/8235   3684s] Z12 n180 p0.7 i102 clmm s0: SUCCESS acl=13.0/12.9667 60.8174s
[5205/8235   3686s] Z12 n180 p0.7 i102 mmfork-cuthill s3: FAILURE  64.576s
[5206/8235   3687s] Z12 n180 p0.7 i102 mmfork-cuthill s2: FAILURE  65.7971s
[5207/8235   3687s] Z12 n220 p0.7 i101 template s-1: INFEASIBLE  0.0s
[5208/8235   3687s] Z12 n220 p0.7 i101 clique s-1: FAILURE  0.0219s
[5209/8235   3688s] Z12 n180 p0.7 i102 mmfork-cuthill s1: FAILURE  66.8615s
[5210/8235   3688s] Z12 n180 p0.7 i102 mmfork-cuthill s4: FAILURE  66.0318s
[5211/8235   3689s] Z12 n180 p0.7 i102 mmfork-cuthill s0: FAILURE  68.3817s
[5212/8235   3692s] Z12 n180 p0.7 i102 clmm s1: SUCCESS acl=13.0/12.9667 62.1539s
[5213/8235   3693s] Z12 n180 p0.7 i102 clmm s2: SUCCESS acl=13.0/12.9667 63.1174s
[5214/8235   3693s] Z12 n180 p0.7 i102 clmm s3: SUCCESS acl=13.0/12.9667 62.7003s
[5215/8235   3695s] Z12 n180 p0.7 i102 clmm s4: SUCCESS acl=13.0/12.9667 64.5608s
[5216/8235   3702s] Z12 n180 p0.7 i103 minorminer s0: FAILURE  66.9244s
[5217/8235   3702s] Z12 n180 p0.7 i102 attraction s2: FAILURE  69.5806s
[5218/8235   3702s] Z12 n180 p0.7 i102 attraction s1: FAILURE  70.1837s
[5219/8235   3703s] Z12 n180 p0.7 i102 attraction s4: FAILURE  70.1073s
[5220/8235   3704s] Z12 n180 p0.7 i102 attraction s0: FAILURE  72.0161s
[5221/8235   3704s] Z12 n180 p0.7 i103 minorminer s1: FAILURE  67.6166s
[5222/8235   3705s] Z12 n180 p0.7 i102 attraction s3: FAILURE  71.783s
[5223/8235   3707s] Z12 n180 p0.7 i103 minorminer s2: FAILURE  67.7648s
[5224/8235   3707s] Z12 n180 p0.7 i103 mmfork-cuthill s0: FAILURE  64.6953s
[5225/8235   3707s] Z12 n180 p0.7 i103 minorminer s4: FAILURE  65.2708s
[5226/8235   3708s] Z12 n180 p0.7 i103 minorminer s3: FAILURE  66.4216s
[5227/8235   3709s] Z12 n180 p0.7 i103 mmfork-cuthill s2: FAILURE  65.7903s
[5228/8235   3710s] Z12 n180 p0.7 i103 mmfork-cuthill s1: FAILURE  67.3165s
[5229/8235   3714s] Z12 n180 p0.7 i103 clmm s0: SUCCESS acl=13.0/12.9778 62.6991s
[5230/8235   3716s] Z12 n180 p0.7 i103 clmm s2: SUCCESS acl=13.0/12.9778 60.053s
[5231/8235   3716s] Z12 n180 p0.7 i103 mmfork-cuthill s4: FAILURE  64.7861s
[5232/8235   3716s] Z12 n180 p0.7 i103 clmm s1: SUCCESS acl=13.0/12.9778 62.5231s
[5233/8235   3717s] Z12 n180 p0.7 i103 mmfork-cuthill s3: FAILURE  65.8669s
[5234/8235   3717s] Z12 n220 p0.7 i102 template s-1: INFEASIBLE  0.0s
[5235/8235   3717s] Z12 n220 p0.7 i102 clique s-1: FAILURE  0.0217s
[5236/8235   3718s] Z12 n180 p0.7 i103 clmm s4: SUCCESS acl=13.0/12.9778 60.9803s
[5237/8235   3718s] Z12 n180 p0.7 i103 clmm s3: SUCCESS acl=13.0/12.9778 61.5395s
[5238/8235   3722s] Z12 n220 p0.7 i101 minorminer s0: FAILURE  62.6357s
[5239/8235   3728s] Z12 n180 p0.7 i103 attraction s2: FAILURE  69.3612s
[5240/8235   3729s] Z12 n220 p0.7 i101 minorminer s1: FAILURE  69.4979s
[5241/8235   3729s] Z12 n180 p0.7 i103 attraction s4: FAILURE  70.3037s
[5242/8235   3730s] Z12 n180 p0.7 i103 attraction s1: FAILURE  71.919s
[5243/8235   3731s] Z12 n180 p0.7 i103 attraction s0: FAILURE  72.2778s
[5244/8235   3731s] Z12 n180 p0.7 i103 attraction s3: FAILURE  72.2785s
[5245/8235   3732s] Z12 n220 p0.7 i101 minorminer s2: FAILURE  68.4803s
[5246/8235   3732s] Z12 n220 p0.7 i101 mmfork-cuthill s0: FAILURE  62.0833s
[5247/8235   3735s] Z12 n220 p0.7 i101 minorminer s3: FAILURE  67.3034s
[5248/8235   3736s] Z12 n220 p0.7 i101 minorminer s4: FAILURE  67.7053s
[5249/8235   3736s] Z12 n220 p0.7 i101 mmfork-cuthill s1: FAILURE  65.0791s
[5250/8235   3746s] Z12 n220 p0.7 i101 mmfork-cuthill s4: FAILURE  69.8806s
[5251/8235   3746s] Z12 n220 p0.7 i101 mmfork-cuthill s2: FAILURE  71.5095s
[5252/8235   3748s] Z12 n220 p0.7 i101 mmfork-cuthill s3: FAILURE  72.9115s
[5253/8235   3751s] Z12 n220 p0.7 i101 pssa s2: FAILURE  62.3986s
[5254/8235   3752s] Z12 n220 p0.7 i101 clmm s3: FAILURE  67.4508s
[5255/8235   3752s] Z12 n220 p0.7 i101 clmm s0: FAILURE  70.1389s
[5256/8235   3754s] Z12 n220 p0.7 i101 pssa s0: FAILURE  67.4276s
[5257/8235   3755s] Z12 n220 p0.7 i101 pssa s3: FAILURE  65.6164s
[5258/8235   3755s] Z12 n220 p0.7 i101 pssa s4: FAILURE  62.7922s
[5259/8235   3755s] Z12 n220 p0.7 i101 clmm s2: FAILURE  72.1498s
[5260/8235   3756s] Z12 n220 p0.7 i101 pssa s1: FAILURE  68.4979s
[5261/8235   3756s] Z12 n220 p0.7 i103 template s-1: INFEASIBLE  0.0s
[5262/8235   3756s] Z12 n220 p0.7 i103 clique s-1: FAILURE  0.0249s
[5263/8235   3757s] Z12 n220 p0.7 i101 clmm s1: FAILURE  73.6725s
[5264/8235   3760s] Z12 n220 p0.7 i101 clmm s4: FAILURE  73.3927s
[5265/8235   3765s] Z12 n220 p0.7 i102 minorminer s0: FAILURE  62.2615s
[5266/8235   3769s] Z12 n220 p0.7 i102 minorminer s4: FAILURE  64.1694s
[5267/8235   3770s] Z12 n220 p0.7 i101 attraction s1: FAILURE  76.8165s
[5268/8235   3772s] Z12 n220 p0.7 i101 attraction s0: FAILURE  78.9854s
[5269/8235   3773s] Z12 n220 p0.7 i102 minorminer s1: FAILURE  69.0826s
[5270/8235   3774s] Z12 n220 p0.7 i102 minorminer s3: FAILURE  69.609s
[5271/8235   3775s] Z12 n220 p0.7 i101 attraction s2: FAILURE  79.3369s
[5272/8235   3775s] Z12 n220 p0.7 i102 minorminer s2: FAILURE  70.6483s
[5273/8235   3775s] Z12 n220 p0.7 i102 mmfork-cuthill s4: FAILURE  66.3206s
[5274/8235   3776s] Z12 n220 p0.7 i102 mmfork-cuthill s0: FAILURE  69.0173s
[5275/8235   3777s] Z12 n220 p0.7 i102 mmfork-cuthill s1: FAILURE  69.6955s
[5276/8235   3777s] Z12 n220 p0.7 i102 clmm s0: FAILURE  66.5687s
[5277/8235   3778s] Z12 n220 p0.7 i102 mmfork-cuthill s2: FAILURE  70.7464s
[5278/8235   3778s] Z12 n220 p0.7 i101 attraction s3: FAILURE  76.7177s
[5279/8235   3779s] Z12 n220 p0.7 i102 mmfork-cuthill s3: FAILURE  70.1996s
[5280/8235   3779s] Z12 n60 p0.5 i101 minorminer s2: SUCCESS acl=6.3833/5.9167 3.6155s
[5281/8235   3780s] Z12 n220 p0.7 i101 attraction s4: FAILURE  77.6879s
[5282/8235   3780s] Z12 n220 p0.7 i102 pssa s0: FAILURE  62.6812s
[5283/8235   3782s] Z12 n220 p0.7 i102 pssa s2: FAILURE  63.4492s
[5284/8235   3782s] Z12 n60 p0.5 i101 minorminer s0: SUCCESS acl=5.6/5.35 6.711s
[5285/8235   3782s] Z12 n60 p0.5 i101 clmm s0: SUCCESS acl=5.7833/5.6167 2.3577s
[5286/8235   3782s] Z12 n60 p0.5 i101 minorminer s1: SUCCESS acl=5.6167/5.3 6.9623s
[5287/8235   3783s] Z12 n60 p0.5 i101 minorminer s3: SUCCESS acl=5.9333/5.7 6.0154s
[5288/8235   3783s] Z12 n60 p0.5 i101 minorminer s4: SUCCESS acl=5.6667/5.3667 5.6839s
[5289/8235   3783s] Z12 n60 p0.5 i101 template s-1: SUCCESS acl=5.35/5.35 0.012s
[5290/8235   3783s] Z12 n60 p0.5 i101 clique s-1: SUCCESS acl=6.0/5.35 0.0237s
[5291/8235   3783s] Z12 n60 p0.5 i101 mmfork-cuthill s1: SUCCESS acl=5.55/5.3167 4.3686s
[5292/8235   3783s] Z12 n60 p0.5 i101 pssa s0: SUCCESS acl=5.9167/5.35 0.2927s
[5293/8235   3783s] Z12 n60 p0.5 i101 mmfork-cuthill s2: SUCCESS acl=5.5167/5.25 4.2208s
[5294/8235   3783s] Z12 n60 p0.5 i101 pssa s1: SUCCESS acl=5.9167/5.35 0.2954s
[5295/8235   3783s] Z12 n60 p0.5 i101 pssa s2: SUCCESS acl=5.9167/5.35 0.3998s
[5296/8235   3783s] Z12 n60 p0.5 i101 pssa s3: SUCCESS acl=5.9167/5.35 0.2931s
[5297/8235   3783s] Z12 n60 p0.5 i101 pssa s4: SUCCESS acl=5.9167/5.35 0.3902s
[5298/8235   3784s] Z12 n60 p0.5 i101 mmfork-cuthill s0: SUCCESS acl=5.5/5.25 5.6257s
[5299/8235   3784s] Z12 n60 p0.5 i101 clmm s1: SUCCESS acl=5.6833/5.5833 2.3178s
[5300/8235   3784s] Z12 n60 p0.5 i101 clmm s2: SUCCESS acl=5.8/5.6833 2.6174s
[5301/8235   3784s] Z12 n60 p0.5 i101 clmm s3: SUCCESS acl=5.8/5.6167 2.1259s
[5302/8235   3784s] Z12 n220 p0.7 i102 pssa s1: FAILURE  66.8169s
[5303/8235   3785s] Z12 n60 p0.5 i101 mmfork-cuthill s3: SUCCESS acl=5.35/5.2167 5.3425s
[5304/8235   3785s] Z12 n60 p0.5 i101 clmm s4: SUCCESS acl=5.9167/5.6 2.4948s
[5305/8235   3786s] Z12 n220 p0.7 i102 clmm s1: FAILURE  71.4916s
[5306/8235   3786s] Z12 n60 p0.5 i101 mmfork-cuthill s4: SUCCESS acl=5.4833/5.1667 6.4679s
[5307/8235   3788s] Z12 n220 p0.7 i102 clmm s2: FAILURE  72.0891s
[5308/8235   3788s] Z12 n60 p0.5 i102 minorminer s0: SUCCESS acl=5.9333/5.4833 4.5048s
[5309/8235   3788s] Z12 n60 p0.5 i102 minorminer s2: SUCCESS acl=5.8/5.4167 4.1491s
[5310/8235   3789s] Z12 n220 p0.7 i102 clmm s4: FAILURE  72.7803s
[5311/8235   3789s] Z12 n60 p0.5 i102 minorminer s3: SUCCESS acl=5.6167/5.35 4.9824s
[5312/8235   3790s] Z12 n220 p0.7 i102 clmm s3: FAILURE  73.3017s
[5313/8235   3790s] Z12 n220 p0.7 i102 pssa s3: FAILURE  67.9136s
[5314/8235   3790s] Z12 n60 p0.5 i102 mmfork-cuthill s1: SUCCESS acl=5.75/5.55 4.2807s
[5315/8235   3790s] Z12 n60 p0.5 i102 template s-1: SUCCESS acl=5.35/5.35 0.012s
[5316/8235   3790s] Z12 n60 p0.5 i102 clique s-1: SUCCESS acl=6.0/5.35 0.0264s
[5317/8235   3791s] Z12 n60 p0.5 i102 clmm s0: SUCCESS acl=5.7833/5.65 2.1076s
[5318/8235   3791s] Z12 n60 p0.5 i102 pssa s0: SUCCESS acl=6.0833/5.3667 0.4172s
[5319/8235   3791s] Z12 n60 p0.5 i102 pssa s1: SUCCESS acl=6.0833/5.3667 0.2837s
[5320/8235   3791s] Z12 n60 p0.5 i102 mmfork-cuthill s2: SUCCESS acl=5.4333/5.1667 4.8708s
[5321/8235   3791s] Z12 n60 p0.5 i102 pssa s2: SUCCESS acl=6.0833/5.3667 0.2939s
[5322/8235   3791s] Z12 n60 p0.5 i102 pssa s3: SUCCESS acl=6.0833/5.3667 0.294s
[5323/8235   3791s] Z12 n60 p0.5 i102 pssa s4: SUCCESS acl=6.0833/5.3667 0.2851s
[5324/8235   3791s] Z12 n60 p0.5 i102 clmm s1: SUCCESS acl=5.8167/5.7333 2.3222s
[5325/8235   3792s] Z12 n60 p0.5 i102 clmm s2: SUCCESS acl=5.85/5.75 2.3407s
[5326/8235   3792s] Z12 n60 p0.5 i102 clmm s3: SUCCESS acl=5.85/5.4 2.2766s
[5327/8235   3792s] Z12 n60 p0.5 i102 clmm s4: SUCCESS acl=5.9333/5.5833 2.1534s
[5328/8235   3792s] Z12 n60 p0.5 i102 minorminer s4: SUCCESS acl=5.55/5.1667 7.3369s
[5329/8235   3793s] Z12 n60 p0.5 i102 mmfork-cuthill s0: SUCCESS acl=5.25/5.0667 7.7797s
[5330/8235   3793s] Z12 n60 p0.5 i102 minorminer s1: SUCCESS acl=5.8167/5.4667 9.2551s
[5331/8235   3795s] Z12 n60 p0.5 i102 mmfork-cuthill s4: SUCCESS acl=5.2833/5.1167 6.5132s
[5332/8235   3795s] Z12 n220 p0.7 i102 pssa s4: FAILURE  67.3227s
[5333/8235   3796s] Z12 n60 p0.5 i103 minorminer s0: SUCCESS acl=6.2167/5.8667 3.7918s
[5334/8235   3797s] Z12 n60 p0.5 i102 mmfork-cuthill s3: SUCCESS acl=5.6/5.3667 9.7034s
[5335/8235   3798s] Z12 n60 p0.5 i103 minorminer s1: SUCCESS acl=5.5167/5.2667 5.7298s
[5336/8235   3798s] Z12 n60 p0.5 i101 attraction s3: SUCCESS acl=6.1/5.6667 14.8987s
[5337/8235   3798s] Z12 n60 p0.5 i101 attraction s4: SUCCESS acl=5.55/5.4 14.5134s
[5338/8235   3798s] Z12 n60 p0.5 i103 minorminer s3: SUCCESS acl=5.6167/5.35 5.5866s
[5339/8235   3799s] Z12 n60 p0.5 i103 minorminer s4: SUCCESS acl=5.5167/5.2167 5.49s
[5340/8235   3799s] Z12 n60 p0.5 i103 mmfork-cuthill s0: SUCCESS acl=5.5/5.25 4.1597s
[5341/8235   3799s] Z12 n60 p0.5 i101 attraction s0: SUCCESS acl=5.6167/5.4167 16.4009s
[5342/8235   3799s] Z12 n60 p0.5 i103 template s-1: SUCCESS acl=5.2667/5.2667 0.0132s
[5343/8235   3799s] Z12 n60 p0.5 i103 clique s-1: SUCCESS acl=6.0/5.2667 0.0205s
[5344/8235   3799s] Z12 n60 p0.5 i103 minorminer s2: SUCCESS acl=5.7667/5.45 7.326s
[5345/8235   3800s] Z12 n60 p0.5 i103 mmfork-cuthill s2: SUCCESS acl=5.95/5.5167 4.098s
[5346/8235   3800s] Z12 n60 p0.5 i103 pssa s1: SUCCESS acl=5.7167/5.2667 0.2739s
[5347/8235   3800s] Z12 n60 p0.5 i103 pssa s0: SUCCESS acl=5.7167/5.2667 0.2889s
[5348/8235   3800s] Z12 n60 p0.5 i103 pssa s2: SUCCESS acl=5.7167/5.2667 0.2854s
[5349/8235   3800s] Z12 n60 p0.5 i103 pssa s3: SUCCESS acl=5.7167/5.2667 0.2803s
[5350/8235   3800s] Z12 n60 p0.5 i103 pssa s4: SUCCESS acl=5.7167/5.2667 0.2895s
[5351/8235   3801s] Z12 n60 p0.5 i103 clmm s1: SUCCESS acl=5.85/5.6667 2.3018s
[5352/8235   3801s] Z12 n60 p0.5 i101 attraction s2: SUCCESS acl=5.8167/5.45 17.461s
[5353/8235   3801s] Z12 n60 p0.5 i103 clmm s2: SUCCESS acl=5.8/5.7 2.4236s
[5354/8235   3801s] Z12 n60 p0.5 i103 clmm s0: SUCCESS acl=5.8333/5.6833 2.4638s
[5355/8235   3801s] Z12 n60 p0.5 i103 clmm s3: SUCCESS acl=5.7/5.6333 1.9713s
[5356/8235   3801s] Z12 n220 p0.7 i103 minorminer s1: FAILURE  68.8192s
[5357/8235   3801s] Z12 n60 p0.5 i101 attraction s1: SUCCESS acl=5.5/5.3 17.919s
[5358/8235   3802s] Z12 n60 p0.5 i103 clmm s4: SUCCESS acl=5.8167/5.65 2.4189s
[5359/8235   3802s] Z12 n220 p0.7 i103 minorminer s0: FAILURE  69.9058s
[5360/8235   3803s] Z12 n60 p0.5 i103 mmfork-cuthill s1: SUCCESS acl=5.4167/5.1667 7.3304s
[5361/8235   3803s] Z12 n60 p0.5 i103 mmfork-cuthill s3: SUCCESS acl=5.75/5.4667 5.4253s
[5362/8235   3805s] Z12 n60 p0.5 i102 attraction s2: SUCCESS acl=5.5167/5.3167 13.1827s
[5363/8235   3805s] Z12 n220 p0.7 i103 minorminer s4: FAILURE  68.8798s
[5364/8235   3805s] Z12 n220 p0.7 i103 minorminer s3: FAILURE  69.2158s
[5365/8235   3805s] Z12 n60 p0.5 i102 attraction s4: SUCCESS acl=6.0167/5.75 13.4496s
[5366/8235   3805s] Z12 n60 p0.5 i102 attraction s0: SUCCESS acl=5.8/5.4333 14.2108s
[5367/8235   3805s] Z12 n60 p0.5 i102 attraction s1: SUCCESS acl=5.7833/5.5 14.0937s
[5368/8235   3806s] Z12 n220 p0.7 i103 minorminer s2: FAILURE  70.4455s
[5369/8235   3806s] Z12 n80 p0.5 i101 template s-1: SUCCESS acl=6.425/6.425 0.0227s
[5370/8235   3806s] Z12 n80 p0.5 i101 clique s-1: SUCCESS acl=7.0/6.425 0.0232s
[5371/8235   3806s] Z12 n220 p0.7 i102 attraction s0: FAILURE  76.9983s
[5372/8235   3806s] Z12 n80 p0.5 i101 pssa s0: SUCCESS acl=6.4375/6.425 0.3026s
[5373/8235   3807s] Z12 n80 p0.5 i101 pssa s1: SUCCESS acl=6.4375/6.425 0.4357s
[5374/8235   3807s] Z12 n80 p0.5 i101 pssa s2: SUCCESS acl=6.4375/6.425 0.3038s
[5375/8235   3807s] Z12 n80 p0.5 i101 pssa s3: SUCCESS acl=6.4375/6.425 0.3243s
[5376/8235   3807s] Z12 n80 p0.5 i101 pssa s4: SUCCESS acl=6.4375/6.425 0.3092s
[5377/8235   3807s] Z12 n60 p0.5 i102 attraction s3: SUCCESS acl=5.5833/5.1833 15.7588s
[5378/8235   3808s] Z12 n60 p0.5 i103 mmfork-cuthill s4: SUCCESS acl=5.4833/5.3167 9.7764s
[5379/8235   3808s] Z12 n220 p0.7 i102 attraction s2: FAILURE  78.061s
[5380/8235   3809s] Z12 n220 p0.7 i102 attraction s1: FAILURE  79.6194s
[5381/8235   3810s] Z12 n220 p0.7 i102 attraction s3: FAILURE  78.8247s
[5382/8235   3810s] Z12 n220 p0.7 i102 attraction s4: FAILURE  78.1995s
[5383/8235   3811s] Z12 n80 p0.5 i101 clmm s0: SUCCESS acl=6.925/6.7 6.0671s
[5384/8235   3811s] Z12 n220 p0.7 i103 mmfork-cuthill s3: FAILURE  60.5439s
[5385/8235   3811s] Z12 n80 p0.5 i101 mmfork-cuthill s1: SUCCESS acl=8.0/7.375 9.7059s
[5386/8235   3811s] Z12 n80 p0.5 i101 clmm s2: SUCCESS acl=6.975/6.7625 6.0452s
[5387/8235   3812s] Z12 n80 p0.5 i101 clmm s3: SUCCESS acl=6.9125/6.8375 6.1558s
[5388/8235   3812s] Z12 n80 p0.5 i101 clmm s1: SUCCESS acl=6.95/6.7625 6.3792s
[5389/8235   3812s] Z12 n80 p0.5 i101 clmm s4: SUCCESS acl=6.925/6.825 6.4867s
[5390/8235   3813s] Z12 n80 p0.5 i101 minorminer s2: SUCCESS acl=7.9125/7.4625 11.5875s
[5391/8235   3813s] Z12 n80 p0.5 i101 minorminer s3: SUCCESS acl=8.0/7.475 11.6517s
[5392/8235   3814s] Z12 n80 p0.5 i101 minorminer s1: SUCCESS acl=7.95/7.35 13.6812s
[5393/8235   3816s] Z12 n60 p0.5 i103 attraction s0: SUCCESS acl=5.5833/5.3 15.7103s
[5394/8235   3816s] Z12 n220 p0.7 i103 mmfork-cuthill s0: FAILURE  70.6239s
[5395/8235   3816s] Z12 n80 p0.5 i101 mmfork-cuthill s0: SUCCESS acl=7.775/7.2625 14.8146s
[5396/8235   3816s] Z12 n80 p0.5 i102 template s-1: SUCCESS acl=6.4125/6.4125 0.0149s
[5397/8235   3816s] Z12 n80 p0.5 i102 clique s-1: SUCCESS acl=7.0/6.4125 0.0239s
[5398/8235   3817s] Z12 n220 p0.7 i103 mmfork-cuthill s1: FAILURE  70.1688s
[5399/8235   3817s] Z12 n80 p0.5 i102 pssa s0: SUCCESS acl=6.4625/6.4125 0.3495s
[5400/8235   3817s] Z12 n80 p0.5 i102 pssa s1: SUCCESS acl=6.4625/6.4125 0.3471s
[5401/8235   3817s] Z12 n80 p0.5 i101 minorminer s4: SUCCESS acl=7.95/7.3125 15.9858s
[5402/8235   3817s] Z12 n80 p0.5 i102 pssa s2: SUCCESS acl=6.4625/6.4125 0.4579s
[5403/8235   3817s] Z12 n80 p0.5 i102 pssa s3: SUCCESS acl=6.4625/6.4125 0.4749s
[5404/8235   3817s] Z12 n80 p0.5 i102 pssa s4: SUCCESS acl=6.4625/6.4125 0.3419s
[5405/8235   3818s] Z12 n220 p0.7 i103 mmfork-cuthill s2: FAILURE  69.6339s
[5406/8235   3818s] Z12 n60 p0.5 i103 attraction s2: SUCCESS acl=5.6/5.3833 18.2508s
[5407/8235   3819s] Z12 n80 p0.5 i102 minorminer s0: SUCCESS acl=8.8/8.175 10.0495s
[5408/8235   3819s] Z12 n80 p0.5 i102 clmm s1: SUCCESS acl=6.9125/6.4 6.3848s
[5409/8235   3819s] Z12 n80 p0.5 i102 clmm s0: SUCCESS acl=6.9/6.8 6.5998s
[5410/8235   3819s] Z12 n80 p0.5 i101 minorminer s0: SUCCESS acl=8.1375/7.475 18.6178s
[5411/8235   3820s] Z12 n220 p0.7 i103 mmfork-cuthill s4: FAILURE  68.2136s
[5412/8235   3820s] Z12 n80 p0.5 i101 mmfork-cuthill s2: SUCCESS acl=7.3875/6.9375 17.6687s
[5413/8235   3820s] Z12 n80 p0.5 i101 mmfork-cuthill s3: SUCCESS acl=7.325/6.9375 17.6522s
[5414/8235   3821s] Z12 n60 p0.5 i103 attraction s4: SUCCESS acl=5.5667/5.4167 20.1138s
[5415/8235   3821s] Z12 n80 p0.5 i102 mmfork-cuthill s1: SUCCESS acl=7.5125/7.0875 9.5657s
[5416/8235   3821s] Z12 n220 p0.7 i103 clmm s0: FAILURE  68.8538s
[5417/8235   3821s] Z12 n80 p0.5 i102 minorminer s2: SUCCESS acl=7.7875/7.325 11.3628s
[5418/8235   3821s] Z12 n60 p0.5 i103 attraction s3: SUCCESS acl=5.6333/5.2667 20.7s
[5419/8235   3821s] Z12 n80 p0.5 i102 clmm s2: SUCCESS acl=6.85/6.7375 6.9159s
[5420/8235   3822s] Z12 n80 p0.5 i101 mmfork-cuthill s4: SUCCESS acl=7.375/7.0125 17.8446s
[5421/8235   3823s] Z12 n80 p0.5 i102 clmm s4: SUCCESS acl=6.925/6.825 6.2021s
[5422/8235   3823s] Z12 n80 p0.5 i102 clmm s3: SUCCESS acl=6.85/6.8 6.9552s
[5423/8235   3823s] Z12 n80 p0.5 i103 template s-1: SUCCESS acl=6.4/6.4 0.0218s
[5424/8235   3823s] Z12 n80 p0.5 i103 clique s-1: SUCCESS acl=7.0/6.4 0.0232s
[5425/8235   3823s] Z12 n80 p0.5 i103 pssa s0: SUCCESS acl=6.4125/6.4 0.3394s
[5426/8235   3824s] Z12 n60 p0.5 i103 attraction s1: SUCCESS acl=5.3167/5.1167 23.5174s
[5427/8235   3824s] Z12 n80 p0.5 i103 pssa s1: SUCCESS acl=6.4125/6.4 0.4685s
[5428/8235   3824s] Z12 n80 p0.5 i103 pssa s2: SUCCESS acl=6.4125/6.4 0.3441s
[5429/8235   3824s] Z12 n80 p0.5 i103 pssa s3: SUCCESS acl=6.4125/6.4 0.4541s
[5430/8235   3824s] Z12 n80 p0.5 i102 mmfork-cuthill s4: SUCCESS acl=8.025/7.3625 12.3856s
[5431/8235   3825s] Z12 n80 p0.5 i103 pssa s4: SUCCESS acl=6.4125/6.4 0.4529s
[5432/8235   3825s] Z12 n220 p0.7 i103 pssa s0: FAILURE  68.0088s
[5433/8235   3825s] Z12 n80 p0.5 i102 minorminer s3: SUCCESS acl=8.025/7.475 13.9263s
[5434/8235   3826s] Z12 n220 p0.7 i103 pssa s1: FAILURE  69.2764s
[5435/8235   3827s] Z12 n220 p0.7 i103 clmm s1: FAILURE  72.1799s
[5436/8235   3827s] Z12 n220 p0.7 i103 clmm s4: FAILURE  71.7183s
[5437/8235   3827s] Z12 n80 p0.5 i102 mmfork-cuthill s0: SUCCESS acl=7.4625/7.0875 16.1688s
[5438/8235   3828s] Z12 n80 p0.5 i103 clmm s0: SUCCESS acl=6.8625/6.775 7.0189s
[5439/8235   3828s] Z12 n80 p0.5 i102 mmfork-cuthill s3: SUCCESS acl=7.5875/7.1875 16.5279s
[5440/8235   3828s] Z12 n80 p0.5 i103 clmm s2: SUCCESS acl=6.9/6.5875 6.9943s
[5441/8235   3829s] Z12 n80 p0.5 i103 clmm s4: SUCCESS acl=6.9375/6.6375 5.9867s
[5442/8235   3829s] Z12 n220 p0.7 i103 pssa s2: FAILURE  68.7285s
[5443/8235   3829s] Z12 n80 p0.5 i103 clmm s1: SUCCESS acl=6.9375/6.75 7.1512s
[5444/8235   3829s] Z12 n220 p0.7 i103 clmm s3: FAILURE  73.6197s
[5445/8235   3829s] Z12 n80 p0.5 i103 clmm s3: SUCCESS acl=6.9625/6.675 6.182s
[5446/8235   3830s] Z12 n220 p0.7 i103 clmm s2: FAILURE  74.9963s
[5447/8235   3830s] Z12 n80 p0.5 i102 mmfork-cuthill s2: SUCCESS acl=7.5125/7.05 18.6284s
[5448/8235   3831s] Z12 n220 p0.7 i103 pssa s3: FAILURE  65.8735s
[5449/8235   3832s] Z12 n80 p0.5 i103 minorminer s1: SUCCESS acl=8.025/7.4625 13.191s
[5450/8235   3832s] Z12 n100 p0.5 i101 template s-1: SUCCESS acl=7.87/7.87 0.0288s
[5451/8235   3832s] Z12 n100 p0.5 i101 clique s-1: SUCCESS acl=8.0/7.87 0.0251s
[5452/8235   3833s] Z12 n80 p0.5 i103 minorminer s3: SUCCESS acl=8.0125/7.4625 13.5897s
[5453/8235   3833s] Z12 n100 p0.5 i101 pssa s0: SUCCESS acl=7.87/7.87 0.506s
[5454/8235   3833s] Z12 n80 p0.5 i102 minorminer s4: SUCCESS acl=7.525/7.025 22.1014s
[5455/8235   3833s] Z12 n100 p0.5 i101 pssa s1: SUCCESS acl=7.87/7.87 0.36s
[5456/8235   3833s] Z12 n100 p0.5 i101 pssa s2: SUCCESS acl=7.87/7.87 0.3926s
[5457/8235   3834s] Z12 n100 p0.5 i101 pssa s4: SUCCESS acl=7.87/7.87 0.368s
[5458/8235   3834s] Z12 n100 p0.5 i101 pssa s3: SUCCESS acl=7.87/7.87 0.4942s
[5459/8235   3834s] Z12 n80 p0.5 i103 mmfork-cuthill s0: SUCCESS acl=7.675/7.2875 13.867s
[5460/8235   3834s] Z12 n80 p0.5 i103 minorminer s0: SUCCESS acl=7.95/7.475 15.0705s
[5461/8235   3834s] Z12 n80 p0.5 i103 minorminer s4: SUCCESS acl=7.8125/7.1875 14.3213s
[5462/8235   3837s] Z12 n80 p0.5 i103 minorminer s2: SUCCESS acl=7.9/7.3625 17.8103s
[5463/8235   3837s] Z12 n220 p0.7 i103 pssa s4: FAILURE  68.254s
[5464/8235   3837s] Z12 n80 p0.5 i103 mmfork-cuthill s4: SUCCESS acl=7.5125/7.0625 16.2648s
[5465/8235   3838s] Z12 n80 p0.5 i103 mmfork-cuthill s1: SUCCESS acl=8.0125/7.3375 17.5109s
[5466/8235   3838s] Z12 n80 p0.5 i103 mmfork-cuthill s2: SUCCESS acl=8.0/7.5125 17.1372s
[5467/8235   3838s] Z12 n80 p0.5 i101 attraction s2: SUCCESS acl=8.4125/7.875 31.0988s
[5468/8235   3841s] Z12 n80 p0.5 i101 attraction s4: SUCCESS acl=8.2/7.575 32.0901s
[5469/8235   3841s] Z12 n80 p0.5 i101 attraction s1: SUCCESS acl=7.725/7.1875 33.6434s
[5470/8235   3841s] Z12 n80 p0.5 i102 minorminer s1: SUCCESS acl=7.475/7.0375 31.5655s
[5471/8235   3842s] Z12 n100 p0.5 i101 clmm s1: SUCCESS acl=7.97/7.91 13.7539s
[5472/8235   3843s] Z12 n80 p0.5 i103 mmfork-cuthill s3: SUCCESS acl=7.55/7.15 21.5861s
[5473/8235   3845s] Z12 n100 p0.5 i101 clmm s0: SUCCESS acl=7.99/7.88 16.3134s
[5474/8235   3846s] Z12 n100 p0.5 i101 clmm s3: SUCCESS acl=7.98/7.9 15.7271s
[5475/8235   3847s] Z12 n100 p0.5 i101 clmm s2: SUCCESS acl=7.98/7.91 17.2435s
[5476/8235   3847s] Z12 n100 p0.5 i101 clmm s4: SUCCESS acl=7.98/7.88 16.7753s
[5477/8235   3848s] Z12 n100 p0.5 i102 template s-1: SUCCESS acl=7.91/7.91 0.03s
[5478/8235   3848s] Z12 n100 p0.5 i102 clique s-1: SUCCESS acl=8.0/7.91 0.0241s
[5479/8235   3848s] Z12 n100 p0.5 i102 pssa s0: SUCCESS acl=7.92/7.91 0.4968s
[5480/8235   3849s] Z12 n100 p0.5 i102 pssa s1: SUCCESS acl=7.92/7.91 0.3779s
[5481/8235   3849s] Z12 n100 p0.5 i102 pssa s2: SUCCESS acl=7.92/7.91 0.3812s
[5482/8235   3850s] Z12 n100 p0.5 i102 pssa s3: SUCCESS acl=7.92/7.91 0.49s
[5483/8235   3850s] Z12 n100 p0.5 i102 pssa s4: SUCCESS acl=7.92/7.91 0.3859s
[5484/8235   3850s] Z12 n220 p0.7 i103 attraction s0: FAILURE  79.8393s
[5485/8235   3851s] Z12 n220 p0.7 i103 attraction s2: FAILURE  78.7237s
[5486/8235   3851s] Z12 n220 p0.7 i103 attraction s1: FAILURE  78.9914s
[5487/8235   3853s] Z12 n80 p0.5 i101 attraction s3: SUCCESS acl=7.7/7.2875 45.8743s
[5488/8235   3855s] Z12 n220 p0.7 i103 attraction s3: FAILURE  80.82s
[5489/8235   3855s] Z12 n220 p0.7 i103 attraction s4: FAILURE  80.1563s
[5490/8235   3855s] Z12 n80 p0.5 i103 attraction s4: SUCCESS acl=8.475/7.7875 30.1605s
[5491/8235   3856s] Z12 n80 p0.5 i102 attraction s4: SUCCESS acl=7.7/7.1375 37.1553s
[5492/8235   3856s] Z12 n80 p0.5 i103 attraction s1: SUCCESS acl=7.9125/7.4875 31.6188s
[5493/8235   3856s] Z12 n80 p0.5 i101 attraction s0: SUCCESS acl=7.5875/7.025 48.9957s
[5494/8235   3857s] Z12 n100 p0.5 i101 minorminer s1: SUCCESS acl=10.17/9.38 30.1847s
[5495/8235   3858s] Z12 n100 p0.5 i101 mmfork-cuthill s1: SUCCESS acl=10.33/9.43 29.4106s
[5496/8235   3858s] Z12 n80 p0.5 i102 attraction s3: SUCCESS acl=7.8625/7.2875 40.4003s
[5497/8235   3859s] Z12 n80 p0.5 i102 attraction s0: SUCCESS acl=7.4375/6.9375 41.2348s
[5498/8235   3859s] Z12 n100 p0.5 i101 minorminer s2: SUCCESS acl=10.1/9.3 31.7643s
[5499/8235   3860s] Z12 n100 p0.5 i102 clmm s0: SUCCESS acl=7.98/7.91 17.0854s
[5500/8235   3860s] Z12 n100 p0.5 i102 minorminer s2: SUCCESS acl=11.23/10.13 22.6873s
[5501/8235   3861s] Z12 n100 p0.5 i102 minorminer s0: SUCCESS acl=11.14/10.17 26.2034s
[5502/8235   3861s] Z12 n100 p0.5 i102 clmm s1: SUCCESS acl=7.96/7.89 18.331s
[5503/8235   3861s] Z12 n100 p0.5 i101 mmfork-cuthill s2: SUCCESS acl=9.89/9.21 32.3312s
[5504/8235   3861s] Z12 n100 p0.5 i103 template s-1: SUCCESS acl=7.9/7.9 0.0421s
[5505/8235   3861s] Z12 n100 p0.5 i103 clique s-1: SUCCESS acl=8.0/7.9 0.0265s
[5506/8235   3861s] Z12 n80 p0.5 i103 attraction s3: SUCCESS acl=8.0625/7.475 36.8365s
[5507/8235   3862s] Z12 n100 p0.5 i102 clmm s3: SUCCESS acl=7.99/7.91 15.5817s
[5508/8235   3862s] Z12 n100 p0.5 i103 pssa s0: SUCCESS acl=7.91/7.9 0.5265s
[5509/8235   3862s] Z12 n100 p0.5 i103 pssa s1: SUCCESS acl=7.91/7.9 0.4184s
[5510/8235   3862s] Z12 n80 p0.5 i102 attraction s1: SUCCESS acl=7.45/7.125 44.4983s
[5511/8235   3862s] Z12 n100 p0.5 i103 pssa s2: SUCCESS acl=7.91/7.9 0.5414s
[5512/8235   3862s] Z12 n100 p0.5 i103 pssa s3: SUCCESS acl=7.91/7.9 0.4041s
[5513/8235   3862s] Z12 n100 p0.5 i102 clmm s2: SUCCESS acl=8.0/7.91 17.2808s
[5514/8235   3862s] Z12 n100 p0.5 i103 pssa s4: SUCCESS acl=7.91/7.9 0.5322s
[5515/8235   3864s] Z12 n80 p0.5 i102 attraction s2: SUCCESS acl=7.625/7.125 46.2168s
[5516/8235   3864s] Z12 n100 p0.5 i102 clmm s4: SUCCESS acl=7.96/7.88 17.2445s
[5517/8235   3865s] Z12 n100 p0.5 i102 minorminer s3: SUCCESS acl=10.27/9.28 27.7791s
[5518/8235   3867s] Z12 n100 p0.5 i101 minorminer s3: SUCCESS acl=9.94/9.29 39.1008s
[5519/8235   3868s] Z12 n80 p0.5 i103 attraction s2: SUCCESS acl=7.9/7.3375 43.7867s
[5520/8235   3869s] Z12 n100 p0.5 i101 minorminer s0: SUCCESS acl=9.93/9.15 43.341s
[5521/8235   3869s] Z12 n100 p0.5 i102 minorminer s1: SUCCESS acl=10.33/9.45 32.2519s
[5522/8235   3869s] Z12 n100 p0.5 i101 mmfork-cuthill s4: SUCCESS acl=9.77/8.95 40.7916s
[5523/8235   3870s] Z12 n100 p0.5 i102 mmfork-cuthill s1: SUCCESS acl=10.49/9.65 31.2944s
[5524/8235   3870s] Z12 n100 p0.5 i101 mmfork-cuthill s3: SUCCESS acl=9.62/8.91 41.5865s
[5525/8235   3873s] Z12 n100 p0.5 i102 minorminer s4: SUCCESS acl=9.84/9.15 34.843s
[5526/8235   3875s] Z12 n100 p0.5 i103 clmm s1: SUCCESS acl=7.98/7.92 15.6345s
[5527/8235   3876s] Z12 n100 p0.5 i103 clmm s0: SUCCESS acl=7.99/7.92 16.5723s
[5528/8235   3876s] Z12 n100 p0.5 i103 clmm s2: SUCCESS acl=7.96/7.9 16.4516s
[5529/8235   3877s] Z12 n100 p0.5 i103 clmm s4: SUCCESS acl=7.93/7.87 15.965s
[5530/8235   3877s] Z12 n100 p0.5 i103 clmm s3: SUCCESS acl=7.96/7.88 16.5323s
[5531/8235   3877s] Z12 n140 p0.5 i101 template s-1: SUCCESS acl=10.4143/10.4143 0.1054s
[5532/8235   3877s] Z12 n140 p0.5 i101 clique s-1: SUCCESS acl=11.0/10.4143 0.0266s
[5533/8235   3878s] Z12 n100 p0.5 i101 minorminer s4: SUCCESS acl=9.94/9.19 49.8112s
[5534/8235   3878s] Z12 n80 p0.5 i103 attraction s0: SUCCESS acl=7.475/7.0625 53.5432s
[5535/8235   3878s] Z12 n140 p0.5 i101 pssa s0: SUCCESS acl=10.4143/10.4143 0.586s
[5536/8235   3879s] Z12 n140 p0.5 i101 pssa s1: SUCCESS acl=10.4143/10.4143 0.5825s
[5537/8235   3879s] Z12 n140 p0.5 i101 pssa s2: SUCCESS acl=10.4143/10.4143 0.612s
[5538/8235   3879s] Z12 n140 p0.5 i101 pssa s3: SUCCESS acl=10.4143/10.4143 0.5871s
[5539/8235   3879s] Z12 n140 p0.5 i101 pssa s4: SUCCESS acl=10.4143/10.4143 0.592s
[5540/8235   3880s] Z12 n100 p0.5 i101 mmfork-cuthill s0: SUCCESS acl=9.71/9.2 51.8247s
[5541/8235   3880s] Z12 n100 p0.5 i103 mmfork-cuthill s0: SUCCESS acl=10.07/9.18 24.0921s
[5542/8235   3884s] Z12 n100 p0.5 i102 mmfork-cuthill s4: SUCCESS acl=9.65/9.02 42.7293s
[5543/8235   3885s] Z12 n100 p0.5 i102 mmfork-cuthill s0: SUCCESS acl=9.39/8.83 46.9567s
[5544/8235   3889s] Z12 n100 p0.5 i103 minorminer s3: SUCCESS acl=10.92/9.8 32.8957s
[5545/8235   3889s] Z12 n100 p0.5 i102 mmfork-cuthill s2: SUCCESS acl=9.59/8.99 48.0043s
[5546/8235   3889s] Z12 n100 p0.5 i101 attraction s3: SUCCESS acl=10.14/9.3 54.6654s
[5547/8235   3889s] Z12 n100 p0.5 i103 minorminer s4: SUCCESS acl=9.99/9.21 33.2986s
[5548/8235   3890s] Z12 n100 p0.5 i101 attraction s4: SUCCESS acl=10.3/9.55 55.9135s
[5549/8235   3891s] Z12 n100 p0.5 i103 mmfork-cuthill s3: SUCCESS acl=10.62/9.58 32.2953s
[5550/8235   3893s] Z12 n100 p0.5 i103 minorminer s0: SUCCESS acl=10.38/9.6 38.2151s
[5551/8235   3894s] Z12 n100 p0.5 i101 attraction s0: SUCCESS acl=9.91/9.14 60.0348s
[5552/8235   3894s] Z12 n100 p0.5 i101 attraction s2: SUCCESS acl=10.15/9.23 60.319s
[5553/8235   3894s] Z12 n100 p0.5 i101 attraction s1: SUCCESS acl=10.71/9.81 60.5881s
[5554/8235   3896s] Z12 n100 p0.5 i103 mmfork-cuthill s1: SUCCESS acl=10.07/9.36 39.5063s
[5555/8235   3900s] Z12 n100 p0.5 i103 minorminer s2: SUCCESS acl=9.92/9.17 44.2094s
[5556/8235   3900s] Z12 n100 p0.5 i102 mmfork-cuthill s3: SUCCESS acl=9.12/8.57 59.2677s
[5557/8235   3901s] Z12 n100 p0.5 i103 mmfork-cuthill s2: SUCCESS acl=9.99/9.12 42.6907s
[5558/8235   3901s] Z12 n140 p0.5 i102 template s-1: SUCCESS acl=10.4214/10.4214 0.1074s
[5559/8235   3901s] Z12 n140 p0.5 i102 clique s-1: SUCCESS acl=11.0/10.4214 0.0259s
[5560/8235   3902s] Z12 n140 p0.5 i102 pssa s0: SUCCESS acl=10.4214/10.4214 0.5683s
[5561/8235   3902s] Z12 n140 p0.5 i102 pssa s1: SUCCESS acl=10.4214/10.4214 0.5739s
[5562/8235   3902s] Z12 n100 p0.5 i102 attraction s2: SUCCESS acl=11.65/10.16 50.9959s
[5563/8235   3903s] Z12 n140 p0.5 i102 pssa s3: SUCCESS acl=10.4214/10.4214 0.449s
[5564/8235   3903s] Z12 n140 p0.5 i102 pssa s2: SUCCESS acl=10.4214/10.4214 0.5684s
[5565/8235   3904s] Z12 n140 p0.5 i102 pssa s4: SUCCESS acl=10.4214/10.4214 0.555s
[5566/8235   3905s] Z12 n100 p0.5 i103 minorminer s1: SUCCESS acl=10.49/9.68 49.4495s
[5567/8235   3910s] Z12 n100 p0.5 i102 attraction s1: SUCCESS acl=9.85/9.16 60.067s
[5568/8235   3911s] Z12 n100 p0.5 i102 attraction s0: SUCCESS acl=10.11/9.28 60.5405s
[5569/8235   3911s] Z12 n100 p0.5 i103 mmfork-cuthill s4: SUCCESS acl=9.28/8.66 52.6846s
[5570/8235   3912s] Z12 n100 p0.5 i102 attraction s3: SUCCESS acl=10.72/9.72 60.7498s
[5571/8235   3913s] Z12 n140 p0.5 i101 clmm s0: SUCCESS acl=10.95/10.8214 39.5955s
[5572/8235   3913s] Z12 n140 p0.5 i101 clmm s2: SUCCESS acl=10.9643/10.4857 37.0615s
[5573/8235   3913s] Z12 n140 p0.5 i101 clmm s3: SUCCESS acl=10.9857/10.6643 36.3306s
[5574/8235   3913s] Z12 n100 p0.5 i103 attraction s1: SUCCESS acl=11.01/9.83 50.8787s
[5575/8235   3914s] Z12 n100 p0.5 i102 attraction s4: SUCCESS acl=9.78/9.02 60.0591s
[5576/8235   3916s] Z12 n140 p0.5 i101 clmm s1: SUCCESS acl=11.0/10.4143 40.2135s
[5577/8235   3920s] Z12 n140 p0.5 i101 clmm s4: SUCCESS acl=10.9857/10.7 43.0094s
[5578/8235   3922s] Z12 n100 p0.5 i103 attraction s0: SUCCESS acl=10.09/9.31 60.1287s
[5579/8235   3923s] Z12 n100 p0.5 i103 attraction s4: SUCCESS acl=10.03/9.18 60.1582s
[5580/8235   3923s] Z12 n100 p0.5 i103 attraction s3: SUCCESS acl=10.11/9.37 60.7229s
[5581/8235   3923s] Z12 n100 p0.5 i103 attraction s2: SUCCESS acl=10.41/9.53 60.8684s
[5582/8235   3925s] Z12 n140 p0.5 i101 minorminer s0: SUCCESS acl=15.65/14.0143 60.5581s
[5583/8235   3925s] Z12 n140 p0.5 i101 minorminer s1: SUCCESS acl=15.7429/14.2286 60.4012s
[5584/8235   3926s] Z12 n140 p0.5 i101 minorminer s2: SUCCESS acl=15.7143/14.1929 60.8272s
[5585/8235   3926s] Z12 n140 p0.5 i103 template s-1: SUCCESS acl=10.4571/10.4571 0.1039s
[5586/8235   3927s] Z12 n140 p0.5 i103 clique s-1: SUCCESS acl=11.0/10.4571 0.027s
[5587/8235   3927s] Z12 n140 p0.5 i103 pssa s0: SUCCESS acl=10.4571/10.4571 0.587s
[5588/8235   3927s] Z12 n140 p0.5 i101 minorminer s3: SUCCESS acl=15.6/14.1714 60.3745s
[5589/8235   3928s] Z12 n140 p0.5 i103 pssa s1: SUCCESS acl=10.4571/10.4571 0.6155s
[5590/8235   3928s] Z12 n140 p0.5 i103 pssa s2: SUCCESS acl=10.4571/10.4571 0.5797s
[5591/8235   3929s] Z12 n140 p0.5 i103 pssa s3: SUCCESS acl=10.4571/10.4571 0.6012s
[5592/8235   3929s] Z12 n140 p0.5 i103 pssa s4: SUCCESS acl=10.4571/10.4571 0.5769s
[5593/8235   3929s] Z12 n140 p0.5 i101 minorminer s4: SUCCESS acl=15.8929/14.0643 60.4031s
[5594/8235   3930s] Z12 n140 p0.5 i101 mmfork-cuthill s1: SUCCESS acl=14.3286/12.9643 60.4157s
[5595/8235   3930s] Z12 n140 p0.5 i101 mmfork-cuthill s0: SUCCESS acl=15.8071/13.8643 60.6188s
[5596/8235   3931s] Z12 n140 p0.5 i101 mmfork-cuthill s2: SUCCESS acl=15.7857/14.0143 60.8499s
[5597/8235   3931s] Z12 n140 p0.5 i101 mmfork-cuthill s4: SUCCESS acl=14.4929/13.2929 60.2996s
[5598/8235   3931s] Z12 n140 p0.5 i101 mmfork-cuthill s3: SUCCESS acl=15.2071/13.7143 60.8445s
[5599/8235   3935s] Z12 n140 p0.5 i102 clmm s0: SUCCESS acl=10.9429/10.4214 41.0128s
[5600/8235   3937s] Z12 n140 p0.5 i102 clmm s4: SUCCESS acl=10.9286/10.3929 37.1162s
[5601/8235   3938s] Z12 n140 p0.5 i102 clmm s2: SUCCESS acl=11.0/10.4214 41.5472s
[5602/8235   3939s] Z12 n140 p0.5 i102 clmm s1: SUCCESS acl=10.9857/10.7071 44.1827s
[5603/8235   3940s] Z12 n140 p0.5 i101 attraction s1: SUCCESS acl=17.3357/15.0714 60.8887s
[5604/8235   3940s] Z12 n140 p0.5 i101 attraction s2: SUCCESS acl=20.1571/17.6143 60.1509s
[5605/8235   3940s] Z12 n140 p0.5 i101 attraction s0: SUCCESS acl=17.4071/15.3786 61.1224s
[5606/8235   3941s] Z12 n140 p0.5 i101 attraction s4: SUCCESS acl=17.05/14.6929 60.1636s
[5607/8235   3941s] Z12 n140 p0.5 i101 attraction s3: SUCCESS acl=18.35/15.95 60.7328s
[5608/8235   3945s] Z12 n140 p0.5 i102 minorminer s0: SUCCESS acl=15.7214/14.1571 60.776s
[5609/8235   3946s] Z12 n140 p0.5 i102 minorminer s1: SUCCESS acl=17.1143/15.1571 60.264s
[5610/8235   3947s] Z12 n140 p0.5 i102 clmm s3: SUCCESS acl=10.8786/10.8286 47.2837s
[5611/8235   3950s] Z12 n140 p0.5 i102 minorminer s3: SUCCESS acl=16.3/14.3071 61.3298s
[5612/8235   3950s] Z12 n140 p0.5 i102 minorminer s2: SUCCESS acl=14.95/13.4857 61.5475s
[5613/8235   3951s] Z12 n180 p0.5 i101 template s-1: SUCCESS acl=12.9389/12.9389 0.1429s
[5614/8235   3951s] Z12 n140 p0.5 i102 mmfork-cuthill s0: SUCCESS acl=15.6714/14.2357 60.9905s
[5615/8235   3951s] Z12 n180 p0.5 i101 clique s-1: SUCCESS acl=13.0/12.9389 0.0247s
[5616/8235   3951s] Z12 n140 p0.5 i102 minorminer s4: SUCCESS acl=15.2714/13.7857 61.4367s
[5617/8235   3951s] Z12 n180 p0.5 i101 pssa s0: SUCCESS acl=12.9389/12.9389 0.4158s
[5618/8235   3951s] Z12 n180 p0.5 i101 pssa s2: SUCCESS acl=12.9389/12.9389 0.4321s
[5619/8235   3951s] Z12 n140 p0.5 i102 mmfork-cuthill s1: SUCCESS acl=15.2071/13.5429 60.6934s
[5620/8235   3951s] Z12 n180 p0.5 i101 pssa s1: SUCCESS acl=12.9389/12.9389 0.5491s
[5621/8235   3951s] Z12 n180 p0.5 i101 pssa s3: SUCCESS acl=12.9389/12.9389 0.54s
[5622/8235   3952s] Z12 n180 p0.5 i101 pssa s4: SUCCESS acl=12.9389/12.9389 0.4123s
[5623/8235   3952s] Z12 n140 p0.5 i102 mmfork-cuthill s2: SUCCESS acl=15.5286/14.0429 60.5961s
[5624/8235   3954s] Z12 n140 p0.5 i102 mmfork-cuthill s3: SUCCESS acl=15.1571/13.6571 60.2772s
[5625/8235   3955s] Z12 n140 p0.5 i102 mmfork-cuthill s4: SUCCESS acl=15.3357/13.9357 61.0735s
[5626/8235   3960s] Z12 n140 p0.5 i103 clmm s1: SUCCESS acl=10.9/10.55 36.9513s
[5627/8235   3962s] Z12 n140 p0.5 i103 clmm s2: SUCCESS acl=10.95/10.8 38.5063s
[5628/8235   3963s] Z12 n140 p0.5 i103 clmm s0: SUCCESS acl=10.9857/10.6571 40.0105s
[5629/8235   3964s] Z12 n140 p0.5 i102 attraction s0: SUCCESS acl=17.5214/15.5857 60.4263s
[5630/8235   3964s] Z12 n140 p0.5 i102 attraction s1: SUCCESS acl=17.7143/15.4286 60.2882s
[5631/8235   3965s] Z12 n140 p0.5 i103 clmm s4: SUCCESS acl=10.9857/10.45 39.7s
[5632/8235   3966s] Z12 n140 p0.5 i102 attraction s2: SUCCESS acl=17.8857/15.4143 60.8481s
[5633/8235   3968s] Z12 n140 p0.5 i103 clmm s3: SUCCESS acl=10.9357/10.8571 43.1117s
[5634/8235   3972s] Z12 n140 p0.5 i102 attraction s3: SUCCESS acl=17.0071/15.2571 61.4752s
[5635/8235   3973s] Z12 n140 p0.5 i102 attraction s4: SUCCESS acl=18.3929/16.2143 61.5557s
[5636/8235   3973s] Z12 n140 p0.5 i103 minorminer s0: SUCCESS acl=15.8429/14.0429 60.8108s
[5637/8235   3973s] Z12 n140 p0.5 i103 minorminer s1: SUCCESS acl=16.1429/14.3357 60.1304s
[5638/8235   3973s] Z12 n140 p0.5 i103 minorminer s2: SUCCESS acl=15.8786/14.2429 60.3981s
[5639/8235   3974s] Z12 n140 p0.5 i103 minorminer s3: SUCCESS acl=15.5643/14.0857 60.2033s
[5640/8235   3974s] Z12 n180 p0.5 i102 template s-1: SUCCESS acl=12.9278/12.9278 0.14s
[5641/8235   3974s] Z12 n180 p0.5 i102 clique s-1: SUCCESS acl=13.0/12.9278 0.0246s
[5642/8235   3974s] Z12 n140 p0.5 i103 minorminer s4: SUCCESS acl=16.2929/14.4071 60.806s
[5643/8235   3974s] Z12 n180 p0.5 i102 pssa s0: SUCCESS acl=12.9278/12.9278 0.4182s
[5644/8235   3974s] Z12 n180 p0.5 i102 pssa s1: SUCCESS acl=12.9278/12.9278 0.4139s
[5645/8235   3974s] Z12 n140 p0.5 i103 mmfork-cuthill s1: SUCCESS acl=15.9714/14.2571 60.4964s
[5646/8235   3975s] Z12 n180 p0.5 i102 pssa s2: SUCCESS acl=12.9278/12.9278 0.4129s
[5647/8235   3975s] Z12 n180 p0.5 i102 pssa s3: SUCCESS acl=12.9278/12.9278 0.4255s
[5648/8235   3975s] Z12 n180 p0.5 i102 pssa s4: SUCCESS acl=12.9278/12.9278 0.4058s
[5649/8235   3975s] Z12 n140 p0.5 i103 mmfork-cuthill s0: SUCCESS acl=15.3714/13.8214 61.5584s
[5650/8235   3977s] Z12 n140 p0.5 i103 mmfork-cuthill s2: SUCCESS acl=15.85/14.2857 61.3089s
[5651/8235   3981s] Z12 n140 p0.5 i103 mmfork-cuthill s3: SUCCESS acl=15.5643/13.8857 60.5522s
[5652/8235   3984s] Z12 n140 p0.5 i103 mmfork-cuthill s4: SUCCESS acl=16.3357/14.8643 61.2712s
[5653/8235   3990s] Z12 n140 p0.5 i103 attraction s1: SUCCESS acl=17.5429/15.2643 60.2809s
[5654/8235   3990s] Z12 n140 p0.5 i103 attraction s0: SUCCESS acl=17.8429/15.5714 61.0129s
[5655/8235   3991s] Z12 n140 p0.5 i103 attraction s2: SUCCESS acl=18.55/15.9571 61.0051s
[5656/8235   3991s] Z12 n140 p0.5 i103 attraction s3: SUCCESS acl=17.7286/15.3714 60.0699s
[5657/8235   3991s] Z12 n140 p0.5 i103 attraction s4: SUCCESS acl=16.9214/14.6071 60.6872s
[5658/8235   3992s] Z12 n180 p0.5 i101 clmm s0: SUCCESS acl=13.0/12.9389 50.6547s
[5659/8235   3992s] Z12 n180 p0.5 i101 clmm s4: SUCCESS acl=13.0/12.9389 45.1681s
[5660/8235   3993s] Z12 n180 p0.5 i101 clmm s2: SUCCESS acl=13.0/12.9389 47.6756s
[5661/8235   3993s] Z12 n180 p0.5 i101 clmm s1: SUCCESS acl=12.9944/12.9333 51.6638s
[5662/8235   3995s] Z12 n180 p0.5 i101 minorminer s1: FAILURE  63.862s
[5663/8235   3995s] Z12 n180 p0.5 i101 minorminer s2: FAILURE  63.8633s
[5664/8235   3995s] Z12 n180 p0.5 i101 minorminer s0: FAILURE  64.7683s
[5665/8235   3998s] Z12 n180 p0.5 i101 clmm s3: SUCCESS acl=12.9833/12.9389 51.5877s
[5666/8235   3998s] Z12 n180 p0.5 i103 template s-1: SUCCESS acl=12.9389/12.9389 0.1437s
[5667/8235   3998s] Z12 n180 p0.5 i103 clique s-1: SUCCESS acl=13.0/12.9389 0.0258s
[5668/8235   3999s] Z12 n180 p0.5 i103 pssa s0: SUCCESS acl=12.9389/12.9389 0.5439s
[5669/8235   3999s] Z12 n180 p0.5 i103 pssa s1: SUCCESS acl=12.9389/12.9389 0.5459s
[5670/8235   4000s] Z12 n180 p0.5 i101 minorminer s3: FAILURE  64.2888s
[5671/8235   4000s] Z12 n180 p0.5 i103 pssa s2: SUCCESS acl=12.9389/12.9389 0.5448s
[5672/8235   4000s] Z12 n180 p0.5 i103 pssa s3: SUCCESS acl=12.9389/12.9389 0.4152s
[5673/8235   4001s] Z12 n180 p0.5 i103 pssa s4: SUCCESS acl=12.9389/12.9389 0.5528s
[5674/8235   4002s] Z12 n180 p0.5 i101 mmfork-cuthill s0: FAILURE  64.0026s
[5675/8235   4003s] Z12 n180 p0.5 i101 minorminer s4: FAILURE  66.041s
[5676/8235   4004s] Z12 n180 p0.5 i101 mmfork-cuthill s3: FAILURE  63.4579s
[5677/8235   4005s] Z12 n180 p0.5 i101 mmfork-cuthill s1: FAILURE  66.6203s
[5678/8235   4005s] Z12 n180 p0.5 i101 mmfork-cuthill s4: FAILURE  65.2385s
[5679/8235   4006s] Z12 n180 p0.5 i101 mmfork-cuthill s2: FAILURE  66.1534s
[5680/8235   4014s] Z12 n180 p0.5 i102 clmm s0: SUCCESS acl=13.0/12.9278 45.979s
[5681/8235   4015s] Z12 n180 p0.5 i102 clmm s1: SUCCESS acl=13.0/12.9278 42.5829s
[5682/8235   4016s] Z12 n180 p0.5 i102 minorminer s0: FAILURE  64.2014s
[5683/8235   4018s] Z12 n180 p0.5 i102 clmm s2: SUCCESS acl=13.0/12.9278 44.7465s
[5684/8235   4018s] Z12 n180 p0.5 i101 attraction s0: FAILURE  66.5197s
[5685/8235   4018s] Z12 n180 p0.5 i101 attraction s2: FAILURE  66.4635s
[5686/8235   4018s] Z12 n180 p0.5 i102 clmm s3: SUCCESS acl=13.0/12.9278 44.9454s
[5687/8235   4018s] Z12 n180 p0.5 i101 attraction s3: FAILURE  66.6552s
[5688/8235   4018s] Z12 n180 p0.5 i101 attraction s1: FAILURE  66.9065s
[5689/8235   4018s] Z12 n180 p0.5 i102 minorminer s1: FAILURE  64.8888s
[5690/8235   4019s] Z12 n180 p0.5 i101 attraction s4: FAILURE  67.3784s
[5691/8235   4021s] Z12 n180 p0.5 i102 minorminer s2: FAILURE  65.9623s
[5692/8235   4023s] Z12 n180 p0.5 i102 clmm s4: SUCCESS acl=12.9889/12.9278 49.9128s
[5693/8235   4023s] Z12 n240 p0.5 i101 template s-1: INFEASIBLE  0.0s
[5694/8235   4023s] Z12 n240 p0.5 i101 clique s-1: FAILURE  0.0228s
[5695/8235   4025s] Z12 n180 p0.5 i102 minorminer s3: FAILURE  64.6042s
[5696/8235   4028s] Z12 n180 p0.5 i102 minorminer s4: FAILURE  65.918s
[5697/8235   4029s] Z12 n180 p0.5 i102 mmfork-cuthill s1: FAILURE  64.6483s
[5698/8235   4029s] Z12 n180 p0.5 i102 mmfork-cuthill s0: FAILURE  66.2714s
[5699/8235   4030s] Z12 n180 p0.5 i102 mmfork-cuthill s2: FAILURE  65.5656s
[5700/8235   4032s] Z12 n180 p0.5 i102 mmfork-cuthill s3: FAILURE  66.6814s
[5701/8235   4032s] Z12 n180 p0.5 i102 mmfork-cuthill s4: FAILURE  65.7889s
[5702/8235   4039s] Z12 n180 p0.5 i103 clmm s1: SUCCESS acl=13.0/12.9389 45.48s
[5703/8235   4040s] Z12 n180 p0.5 i103 clmm s2: SUCCESS acl=13.0/12.9389 45.3748s
[5704/8235   4041s] Z12 n180 p0.5 i102 attraction s0: FAILURE  66.7583s
[5705/8235   4041s] Z12 n180 p0.5 i102 attraction s1: FAILURE  66.6739s
[5706/8235   4041s] Z12 n180 p0.5 i103 clmm s0: SUCCESS acl=13.0/12.9389 48.1265s
[5707/8235   4042s] Z12 n180 p0.5 i102 attraction s2: FAILURE  66.7595s
[5708/8235   4042s] Z12 n180 p0.5 i103 minorminer s0: FAILURE  64.1813s
[5709/8235   4043s] Z12 n180 p0.5 i103 clmm s3: SUCCESS acl=13.0/12.9389 48.0191s
[5710/8235   4043s] Z12 n180 p0.5 i102 attraction s3: FAILURE  68.4073s
[5711/8235   4044s] Z12 n180 p0.5 i102 attraction s4: FAILURE  68.5616s
[5712/8235   4044s] Z12 n180 p0.5 i103 clmm s4: SUCCESS acl=12.9889/12.95 48.2883s
[5713/8235   4047s] Z12 n180 p0.5 i103 minorminer s1: FAILURE  65.7153s
[5714/8235   4047s] Z12 n180 p0.5 i103 minorminer s2: FAILURE  63.3897s
[5715/8235   4054s] Z12 n180 p0.5 i103 minorminer s3: FAILURE  64.1878s
[5716/8235   4054s] Z12 n180 p0.5 i103 mmfork-cuthill s0: FAILURE  63.3297s
[5717/8235   4055s] Z12 n180 p0.5 i103 mmfork-cuthill s2: FAILURE  63.204s
[5718/8235   4055s] Z12 n180 p0.5 i103 mmfork-cuthill s3: FAILURE  63.378s
[5719/8235   4056s] Z12 n180 p0.5 i103 minorminer s4: FAILURE  65.4854s
[5720/8235   4056s] Z12 n240 p0.5 i102 template s-1: INFEASIBLE  0.0s
[5721/8235   4056s] Z12 n240 p0.5 i102 clique s-1: FAILURE  0.0233s
[5722/8235   4056s] Z12 n180 p0.5 i103 mmfork-cuthill s1: FAILURE  65.0277s
[5723/8235   4058s] Z12 n180 p0.5 i103 mmfork-cuthill s4: FAILURE  65.6827s
[5724/8235   4068s] Z12 n180 p0.5 i103 attraction s1: FAILURE  67.4075s
[5725/8235   4069s] Z12 n180 p0.5 i103 attraction s2: FAILURE  66.6744s
[5726/8235   4069s] Z12 n180 p0.5 i103 attraction s0: FAILURE  68.8064s
[5727/8235   4071s] Z12 n180 p0.5 i103 attraction s3: FAILURE  67.8635s
[5728/8235   4072s] Z12 n240 p0.5 i101 minorminer s0: FAILURE  66.5302s
[5729/8235   4072s] Z12 n180 p0.5 i103 attraction s4: FAILURE  68.379s
[5730/8235   4074s] Z12 n240 p0.5 i101 minorminer s2: FAILURE  67.299s
[5731/8235   4078s] Z12 n240 p0.5 i101 minorminer s1: FAILURE  72.7985s
[5732/8235   4081s] Z12 n240 p0.5 i101 clmm s4: FAILURE  60.2964s
[5733/8235   4084s] Z12 n240 p0.5 i101 mmfork-cuthill s1: FAILURE  66.78s
[5734/8235   4085s] Z12 n240 p0.5 i101 mmfork-cuthill s4: FAILURE  67.5933s
[5735/8235   4086s] Z12 n240 p0.5 i101 mmfork-cuthill s2: FAILURE  67.8862s
[5736/8235   4086s] Z12 n240 p0.5 i101 mmfork-cuthill s3: FAILURE  68.3128s
[5737/8235   4087s] Z12 n240 p0.5 i101 minorminer s4: FAILURE  71.66s
[5738/8235   4087s] Z12 n240 p0.5 i101 mmfork-cuthill s0: FAILURE  70.9964s
[5739/8235   4089s] Z12 n240 p0.5 i101 pssa s1: FAILURE  63.9118s
[5740/8235   4090s] Z12 n240 p0.5 i101 clmm s3: FAILURE  70.6394s
[5741/8235   4090s] Z12 n240 p0.5 i101 clmm s2: FAILURE  71.5821s
[5742/8235   4090s] Z12 n240 p0.5 i101 pssa s0: FAILURE  67.3713s
[5743/8235   4090s] Z12 n240 p0.5 i101 clmm s1: FAILURE  72.1905s
[5744/8235   4090s] Z12 n240 p0.5 i101 minorminer s3: FAILURE  76.3067s
[5745/8235   4092s] Z12 n240 p0.5 i101 clmm s0: FAILURE  73.5302s
[5746/8235   4094s] Z12 n240 p0.5 i101 pssa s4: FAILURE  64.6507s
[5747/8235   4094s] Z12 n240 p0.5 i103 template s-1: INFEASIBLE  0.0s
[5748/8235   4094s] Z12 n240 p0.5 i103 clique s-1: FAILURE  0.0242s
[5749/8235   4095s] Z12 n240 p0.5 i101 pssa s2: FAILURE  66.8541s
[5750/8235   4096s] Z12 n240 p0.5 i101 pssa s3: FAILURE  67.4658s
[5751/8235   4102s] Z12 n240 p0.5 i102 minorminer s2: FAILURE  60.3519s
[5752/8235   4104s] Z12 n240 p0.5 i101 attraction s0: FAILURE  73.9774s
[5753/8235   4105s] Z12 n240 p0.5 i101 attraction s2: FAILURE  72.8727s
[5754/8235   4106s] Z12 n240 p0.5 i101 attraction s1: FAILURE  73.9031s
[5755/8235   4108s] Z12 n240 p0.5 i102 minorminer s1: FAILURE  66.3356s
[5756/8235   4108s] Z12 n240 p0.5 i102 clmm s0: FAILURE  60.5543s
[5757/8235   4109s] Z12 n240 p0.5 i102 minorminer s0: FAILURE  67.4285s
[5758/8235   4111s] Z12 n240 p0.5 i102 mmfork-cuthill s1: FAILURE  67.5391s
[5759/8235   4112s] Z12 n240 p0.5 i102 minorminer s3: FAILURE  70.7035s
[5760/8235   4113s] Z12 n240 p0.5 i101 attraction s3: FAILURE  73.9044s
[5761/8235   4113s] Z12 n240 p0.5 i102 mmfork-cuthill s2: FAILURE  69.2818s
[5762/8235   4113s] Z12 n240 p0.5 i102 mmfork-cuthill s3: FAILURE  69.3618s
[5763/8235   4114s] Z12 n240 p0.5 i101 attraction s4: FAILURE  73.6591s
[5764/8235   4114s] Z12 n240 p0.5 i102 minorminer s4: FAILURE  72.6919s
[5765/8235   4115s] Z12 n60 p0.3 i101 minorminer s2: SUCCESS acl=4.8167/4.7167 2.3588s
[5766/8235   4116s] Z12 n60 p0.3 i101 minorminer s1: SUCCESS acl=4.7333/4.55 3.2979s
[5767/8235   4116s] Z12 n60 p0.3 i101 minorminer s0: SUCCESS acl=4.9667/4.8167 4.8668s
[5768/8235   4116s] Z12 n60 p0.3 i101 minorminer s3: SUCCESS acl=5.1667/4.95 3.2233s
[5769/8235   4117s] Z12 n60 p0.3 i101 mmfork-cuthill s1: SUCCESS acl=4.55/4.45 2.2946s
[5770/8235   4117s] Z12 n240 p0.5 i102 mmfork-cuthill s0: FAILURE  73.8306s
[5771/8235   4117s] Z12 n60 p0.3 i101 mmfork-cuthill s2: SUCCESS acl=5.05/4.85 1.7851s
[5772/8235   4117s] Z12 n60 p0.3 i101 clmm s0: SUCCESS acl=5.75/5.35 1.09s
[5773/8235   4119s] Z12 n60 p0.3 i101 minorminer s4: SUCCESS acl=4.5167/4.45 5.5232s
[5774/8235   4119s] Z12 n60 p0.3 i101 template s-1: SUCCESS acl=5.1667/5.1667 0.0108s
[5775/8235   4119s] Z12 n60 p0.3 i101 clique s-1: SUCCESS acl=6.0/5.1667 0.0229s
[5776/8235   4119s] Z12 n60 p0.3 i101 mmfork-cuthill s0: SUCCESS acl=4.65/4.5167 5.0891s
[5777/8235   4119s] Z12 n60 p0.3 i101 pssa s0: SUCCESS acl=5.6167/5.1667 0.2766s
[5778/8235   4119s] Z12 n240 p0.5 i102 mmfork-cuthill s4: FAILURE  72.6065s
[5779/8235   4119s] Z12 n60 p0.3 i101 pssa s1: SUCCESS acl=5.6167/5.1667 0.3945s
[5780/8235   4119s] Z12 n60 p0.3 i101 pssa s2: SUCCESS acl=5.6167/5.1667 0.2799s
[5781/8235   4120s] Z12 n60 p0.3 i101 clmm s2: SUCCESS acl=4.9/4.7667 2.6582s
[5782/8235   4120s] Z12 n60 p0.3 i101 pssa s3: SUCCESS acl=5.6167/5.1667 0.2824s
[5783/8235   4120s] Z12 n60 p0.3 i101 pssa s4: SUCCESS acl=5.6167/5.1667 0.2798s
[5784/8235   4120s] Z12 n240 p0.5 i102 pssa s1: FAILURE  64.2329s
[5785/8235   4120s] Z12 n60 p0.3 i101 clmm s3: SUCCESS acl=4.7667/4.6833 3.3397s
[5786/8235   4121s] Z12 n60 p0.3 i101 clmm s1: SUCCESS acl=4.6667/4.5667 4.1277s
[5787/8235   4121s] Z12 n60 p0.3 i101 mmfork-cuthill s4: SUCCESS acl=4.55/4.3667 5.1026s
[5788/8235   4121s] Z12 n60 p0.3 i101 clmm s4: SUCCESS acl=4.6667/4.55 3.5462s
[5789/8235   4121s] Z12 n60 p0.3 i101 mmfork-cuthill s3: SUCCESS acl=4.5833/4.4667 5.7677s
[5790/8235   4122s] Z12 n240 p0.5 i102 pssa s2: FAILURE  64.1418s
[5791/8235   4122s] Z12 n240 p0.5 i102 pssa s0: FAILURE  66.5753s
[5792/8235   4123s] Z12 n60 p0.3 i102 minorminer s3: SUCCESS acl=4.6333/4.5 2.1743s
[5793/8235   4123s] Z12 n60 p0.3 i102 minorminer s4: SUCCESS acl=4.65/4.55 1.8659s
[5794/8235   4124s] Z12 n60 p0.3 i102 minorminer s0: SUCCESS acl=4.6/4.4333 3.4975s
[5795/8235   4124s] Z12 n60 p0.3 i102 mmfork-cuthill s1: SUCCESS acl=4.6/4.5 1.6247s
[5796/8235   4124s] Z12 n60 p0.3 i102 minorminer s2: SUCCESS acl=4.3333/4.2833 3.5592s
[5797/8235   4125s] Z12 n60 p0.3 i102 minorminer s1: SUCCESS acl=4.4833/4.35 3.9882s
[5798/8235   4125s] Z12 n60 p0.3 i102 mmfork-cuthill s0: SUCCESS acl=4.3667/4.25 3.1313s
[5799/8235   4126s] Z12 n60 p0.3 i102 mmfork-cuthill s2: SUCCESS acl=4.65/4.55 2.6293s
[5800/8235   4126s] Z12 n60 p0.3 i102 clmm s2: SUCCESS acl=4.6333/4.5167 1.5703s
[5801/8235   4126s] Z12 n60 p0.3 i102 template s-1: SUCCESS acl=5.0167/5.0167 0.0117s
[5802/8235   4126s] Z12 n60 p0.3 i102 clique s-1: SUCCESS acl=6.0/5.0167 0.0242s
[5803/8235   4127s] Z12 n60 p0.3 i101 attraction s3: SUCCESS acl=5.05/4.7833 6.9288s
[5804/8235   4127s] Z12 n60 p0.3 i102 mmfork-cuthill s3: SUCCESS acl=4.65/4.4667 3.4435s
[5805/8235   4127s] Z12 n60 p0.3 i102 clmm s0: SUCCESS acl=4.4/4.35 2.7952s
[5806/8235   4127s] Z12 n60 p0.3 i102 pssa s0: SUCCESS acl=5.5833/5.0167 0.3986s
[5807/8235   4127s] Z12 n60 p0.3 i102 pssa s2: SUCCESS acl=5.5833/5.0167 0.278s
[5808/8235   4127s] Z12 n60 p0.3 i102 pssa s1: SUCCESS acl=5.5833/5.0167 0.283s
[5809/8235   4127s] Z12 n60 p0.3 i102 clmm s3: SUCCESS acl=4.7167/4.7 1.558s
[5810/8235   4127s] Z12 n60 p0.3 i102 pssa s3: SUCCESS acl=5.5833/5.0167 0.2884s
[5811/8235   4127s] Z12 n240 p0.5 i102 clmm s3: FAILURE  72.5928s
[5812/8235   4127s] Z12 n60 p0.3 i102 pssa s4: SUCCESS acl=5.5833/5.0167 0.4107s
[5813/8235   4127s] Z12 n60 p0.3 i101 attraction s4: SUCCESS acl=5.05/4.8 7.3855s
[5814/8235   4128s] Z12 n240 p0.5 i102 clmm s1: FAILURE  73.8971s
[5815/8235   4128s] Z12 n60 p0.3 i102 mmfork-cuthill s4: SUCCESS acl=4.5/4.3667 3.9036s
[5816/8235   4128s] Z12 n60 p0.3 i101 attraction s1: SUCCESS acl=4.8333/4.7 8.1886s
[5817/8235   4128s] Z12 n60 p0.3 i102 clmm s1: SUCCESS acl=4.3/4.2167 3.6279s
[5818/8235   4128s] Z12 n60 p0.3 i102 clmm s4: SUCCESS acl=4.4333/4.3667 2.2717s
[5819/8235   4128s] Z12 n60 p0.3 i101 attraction s2: SUCCESS acl=4.5167/4.4 8.5848s
[5820/8235   4128s] Z12 n240 p0.5 i102 clmm s2: FAILURE  74.2684s
[5821/8235   4128s] Z12 n240 p0.5 i102 clmm s4: FAILURE  73.2124s
[5822/8235   4129s] Z12 n60 p0.3 i103 minorminer s1: SUCCESS acl=5.75/5.3833 1.8261s
[5823/8235   4129s] Z12 n60 p0.3 i103 minorminer s2: SUCCESS acl=4.9333/4.7667 1.7523s
[5824/8235   4130s] Z12 n60 p0.3 i101 attraction s0: SUCCESS acl=4.75/4.6167 10.3408s
[5825/8235   4130s] Z12 n60 p0.3 i103 minorminer s0: SUCCESS acl=4.8667/4.7 2.7768s
[5826/8235   4130s] Z12 n60 p0.3 i103 clmm s0: SUCCESS acl=4.9/4.7833 1.1519s
[5827/8235   4131s] Z12 n60 p0.3 i103 mmfork-cuthill s1: SUCCESS acl=4.95/4.7667 2.6832s
[5828/8235   4131s] Z12 n60 p0.3 i103 template s-1: SUCCESS acl=5.1/5.1 0.009s
[5829/8235   4131s] Z12 n60 p0.3 i103 clique s-1: SUCCESS acl=6.0/5.1 0.0239s
[5830/8235   4131s] Z12 n60 p0.3 i103 pssa s0: SUCCESS acl=5.3667/5.1 0.273s
[5831/8235   4131s] Z12 n60 p0.3 i103 minorminer s3: SUCCESS acl=4.5167/4.4167 3.4802s
[5832/8235   4131s] Z12 n60 p0.3 i103 clmm s3: SUCCESS acl=5.7833/5.6333 1.3039s
[5833/8235   4131s] Z12 n60 p0.3 i103 pssa s1: SUCCESS acl=5.3667/5.1 0.2681s
[5834/8235   4132s] Z12 n60 p0.3 i103 mmfork-cuthill s4: SUCCESS acl=4.8333/4.65 3.0427s
[5835/8235   4132s] Z12 n60 p0.3 i103 pssa s2: SUCCESS acl=5.3667/5.1 0.4046s
[5836/8235   4132s] Z12 n60 p0.3 i103 pssa s3: SUCCESS acl=5.3667/5.1 0.2857s
[5837/8235   4132s] Z12 n60 p0.3 i103 mmfork-cuthill s0: SUCCESS acl=4.7333/4.5667 3.7401s
[5838/8235   4132s] Z12 n60 p0.3 i103 pssa s4: SUCCESS acl=5.3667/5.1 0.2749s
[5839/8235   4132s] Z12 n60 p0.3 i103 mmfork-cuthill s3: SUCCESS acl=4.6/4.5333 3.592s
[5840/8235   4132s] Z12 n60 p0.3 i103 minorminer s4: SUCCESS acl=4.9833/4.8 4.3648s
[5841/8235   4132s] Z12 n60 p0.3 i103 clmm s4: SUCCESS acl=4.6667/4.5333 2.0783s
[5842/8235   4133s] Z12 n60 p0.3 i103 clmm s1: SUCCESS acl=4.65/4.65 3.1017s
[5843/8235   4133s] Z12 n60 p0.3 i103 mmfork-cuthill s2: SUCCESS acl=4.7333/4.7 4.5028s
[5844/8235   4133s] Z12 n60 p0.3 i102 attraction s0: SUCCESS acl=4.7167/4.55 6.2315s
[5845/8235   4133s] Z12 n240 p0.5 i102 pssa s4: FAILURE  64.3606s
[5846/8235   4134s] Z12 n60 p0.3 i103 clmm s2: SUCCESS acl=4.6/4.5333 4.4194s
[5847/8235   4134s] Z12 n60 p0.3 i102 attraction s4: SUCCESS acl=4.6167/4.5167 7.1411s
[5848/8235   4135s] Z12 n60 p0.3 i102 attraction s1: SUCCESS acl=4.4333/4.3 7.6176s
[5849/8235   4135s] Z12 n60 p0.3 i102 attraction s3: SUCCESS acl=4.6/4.4 7.5956s
[5850/8235   4135s] Z12 n240 p0.5 i102 pssa s3: FAILURE  66.4533s
[5851/8235   4137s] Z12 n60 p0.3 i102 attraction s2: SUCCESS acl=4.3667/4.2667 10.0681s
[5852/8235   4139s] Z12 n60 p0.3 i103 attraction s1: SUCCESS acl=4.8167/4.6167 7.4205s
[5853/8235   4139s] Z12 n60 p0.3 i103 attraction s0: SUCCESS acl=4.8333/4.6333 7.8955s
[5854/8235   4140s] Z12 n60 p0.3 i103 attraction s4: SUCCESS acl=4.6833/4.5 8.3543s
[5855/8235   4140s] Z12 n100 p0.3 i101 template s-1: SUCCESS acl=7.72/7.72 0.0197s
[5856/8235   4140s] Z12 n100 p0.3 i101 clique s-1: SUCCESS acl=8.0/7.72 0.0241s
[5857/8235   4141s] Z12 n100 p0.3 i101 pssa s0: SUCCESS acl=7.72/7.72 0.3482s
[5858/8235   4141s] Z12 n60 p0.3 i103 attraction s2: SUCCESS acl=4.7167/4.6333 8.9936s
[5859/8235   4141s] Z12 n100 p0.3 i101 pssa s1: SUCCESS acl=7.72/7.72 0.341s
[5860/8235   4141s] Z12 n100 p0.3 i101 pssa s2: SUCCESS acl=7.72/7.72 0.3615s
[5861/8235   4141s] Z12 n100 p0.3 i101 pssa s3: SUCCESS acl=7.72/7.72 0.3452s
[5862/8235   4141s] Z12 n100 p0.3 i101 pssa s4: SUCCESS acl=7.72/7.72 0.3634s
[5863/8235   4142s] Z12 n100 p0.3 i101 clmm s0: SUCCESS acl=7.92/7.72 7.068s
[5864/8235   4142s] Z12 n100 p0.3 i101 clmm s1: SUCCESS acl=7.99/7.72 7.4412s
[5865/8235   4144s] Z12 n60 p0.3 i103 attraction s3: SUCCESS acl=4.5167/4.4 12.1678s
[5866/8235   4145s] Z12 n100 p0.3 i101 clmm s2: SUCCESS acl=7.94/7.77 7.9863s
[5867/8235   4145s] Z12 n100 p0.3 i101 minorminer s4: SUCCESS acl=9.15/8.5 12.3983s
[5868/8235   4146s] Z12 n240 p0.5 i103 minorminer s0: FAILURE  67.8102s
[5869/8235   4147s] Z12 n240 p0.5 i102 attraction s4: FAILURE  73.0276s
[5870/8235   4147s] Z12 n100 p0.3 i101 clmm s3: SUCCESS acl=7.95/7.74 7.9885s
[5871/8235   4147s] Z12 n100 p0.3 i101 clmm s4: SUCCESS acl=7.9/7.75 7.9344s
[5872/8235   4149s] Z12 n240 p0.5 i102 attraction s3: FAILURE  76.7157s
[5873/8235   4150s] Z12 n240 p0.5 i102 attraction s2: FAILURE  77.6312s
[5874/8235   4150s] Z12 n240 p0.5 i103 minorminer s1: FAILURE  68.2452s
[5875/8235   4150s] Z12 n240 p0.5 i102 attraction s0: FAILURE  80.7696s
[5876/8235   4150s] Z12 n100 p0.3 i101 minorminer s2: SUCCESS acl=8.95/8.5 17.6381s
[5877/8235   4151s] Z12 n100 p0.3 i101 minorminer s1: SUCCESS acl=9.31/8.69 18.467s
[5878/8235   4151s] Z12 n240 p0.5 i102 attraction s1: FAILURE  79.7429s
[5879/8235   4152s] Z12 n100 p0.3 i101 mmfork-cuthill s1: SUCCESS acl=8.97/8.45 18.4287s
[5880/8235   4152s] Z12 n240 p0.5 i103 clmm s4: FAILURE  60.4495s
[5881/8235   4152s] Z12 n240 p0.5 i103 minorminer s3: FAILURE  66.8647s
[5882/8235   4152s] Z12 n100 p0.3 i102 template s-1: SUCCESS acl=7.74/7.74 0.0315s
[5883/8235   4152s] Z12 n100 p0.3 i102 clique s-1: SUCCESS acl=8.0/7.74 0.0229s
[5884/8235   4153s] Z12 n100 p0.3 i102 pssa s0: SUCCESS acl=7.76/7.74 0.3616s
[5885/8235   4153s] Z12 n100 p0.3 i101 minorminer s3: SUCCESS acl=9.19/8.62 20.4785s
[5886/8235   4153s] Z12 n240 p0.5 i103 minorminer s4: FAILURE  67.4453s
[5887/8235   4153s] Z12 n100 p0.3 i102 pssa s1: SUCCESS acl=7.76/7.74 0.3626s
[5888/8235   4153s] Z12 n100 p0.3 i102 pssa s2: SUCCESS acl=7.76/7.74 0.369s
[5889/8235   4153s] Z12 n100 p0.3 i102 pssa s3: SUCCESS acl=7.76/7.74 0.3548s
[5890/8235   4154s] Z12 n100 p0.3 i101 mmfork-cuthill s0: SUCCESS acl=8.98/8.34 20.2231s
[5891/8235   4154s] Z12 n100 p0.3 i102 pssa s4: SUCCESS acl=7.76/7.74 0.369s
[5892/8235   4154s] Z12 n100 p0.3 i101 mmfork-cuthill s2: SUCCESS acl=8.55/8.12 19.5871s
[5893/8235   4154s] Z12 n240 p0.5 i103 minorminer s2: FAILURE  69.8785s
[5894/8235   4155s] Z12 n240 p0.5 i103 mmfork-cuthill s1: FAILURE  68.0246s
[5895/8235   4156s] Z12 n240 p0.5 i103 mmfork-cuthill s3: FAILURE  67.1256s
[5896/8235   4156s] Z12 n240 p0.5 i103 pssa s1: FAILURE  61.5308s
[5897/8235   4156s] Z12 n100 p0.3 i101 mmfork-cuthill s4: SUCCESS acl=8.67/8.3 21.7152s
[5898/8235   4157s] Z12 n240 p0.5 i103 mmfork-cuthill s0: FAILURE  70.9503s
[5899/8235   4158s] Z12 n100 p0.3 i102 minorminer s0: SUCCESS acl=9.26/8.69 12.583s
[5900/8235   4158s] Z12 n240 p0.5 i103 mmfork-cuthill s2: FAILURE  71.1695s
[5901/8235   4158s] Z12 n100 p0.3 i102 clmm s0: SUCCESS acl=7.96/7.74 8.1524s
[5902/8235   4159s] Z12 n100 p0.3 i102 clmm s1: SUCCESS acl=7.97/7.79 8.0005s
[5903/8235   4159s] Z12 n100 p0.3 i102 clmm s2: SUCCESS acl=7.95/7.76 8.0519s
[5904/8235   4159s] Z12 n100 p0.3 i102 clmm s3: SUCCESS acl=7.97/7.75 7.5523s
[5905/8235   4159s] Z12 n100 p0.3 i102 minorminer s1: SUCCESS acl=9.57/8.92 14.1371s
[5906/8235   4160s] Z12 n100 p0.3 i102 clmm s4: SUCCESS acl=7.98/7.75 8.2874s
[5907/8235   4161s] Z12 n240 p0.5 i103 mmfork-cuthill s4: FAILURE  70.8405s
[5908/8235   4162s] Z12 n100 p0.3 i101 minorminer s0: SUCCESS acl=8.58/8.15 30.4141s
[5909/8235   4162s] Z12 n100 p0.3 i103 template s-1: SUCCESS acl=7.66/7.66 0.0289s
[5910/8235   4162s] Z12 n100 p0.3 i103 clique s-1: SUCCESS acl=8.0/7.66 0.025s
[5911/8235   4162s] Z12 n240 p0.5 i103 pssa s0: FAILURE  68.3268s
[5912/8235   4163s] Z12 n100 p0.3 i103 pssa s1: SUCCESS acl=7.69/7.66 0.3868s
[5913/8235   4163s] Z12 n100 p0.3 i103 pssa s0: SUCCESS acl=7.69/7.66 0.4895s
[5914/8235   4163s] Z12 n100 p0.3 i103 pssa s2: SUCCESS acl=7.69/7.66 0.3842s
[5915/8235   4163s] Z12 n100 p0.3 i103 pssa s3: SUCCESS acl=7.69/7.66 0.4781s
[5916/8235   4163s] Z12 n240 p0.5 i103 pssa s3: FAILURE  61.6374s
[5917/8235   4164s] Z12 n100 p0.3 i101 mmfork-cuthill s3: SUCCESS acl=8.95/8.45 29.0799s
[5918/8235   4164s] Z12 n100 p0.3 i103 pssa s4: SUCCESS acl=7.69/7.66 0.3856s
[5919/8235   4164s] Z12 n240 p0.5 i103 clmm s3: FAILURE  73.3132s
[5920/8235   4164s] Z12 n240 p0.5 i103 clmm s0: FAILURE  73.8023s
[5921/8235   4164s] Z12 n240 p0.5 i103 clmm s1: FAILURE  73.5859s
[5922/8235   4165s] Z12 n100 p0.3 i102 mmfork-cuthill s1: SUCCESS acl=9.37/8.81 15.9879s
[5923/8235   4165s] Z12 n240 p0.5 i103 clmm s2: FAILURE  74.6972s
[5924/8235   4165s] Z12 n240 p0.5 i103 pssa s2: FAILURE  69.2088s
[5925/8235   4166s] Z12 n100 p0.3 i102 mmfork-cuthill s4: SUCCESS acl=9.3/8.63 15.5132s
[5926/8235   4166s] Z12 n100 p0.3 i102 mmfork-cuthill s2: SUCCESS acl=8.94/8.36 16.5214s
[5927/8235   4167s] Z12 n240 p0.5 i103 pssa s4: FAILURE  62.6401s
[5928/8235   4167s] Z12 n100 p0.3 i103 clmm s2: SUCCESS acl=7.87/7.72 7.6582s
[5929/8235   4167s] Z12 n100 p0.3 i102 minorminer s4: SUCCESS acl=9.65/8.94 20.0981s
[5930/8235   4167s] Z12 n100 p0.3 i103 clmm s0: SUCCESS acl=7.93/7.72 8.0979s
[5931/8235   4168s] Z12 n100 p0.3 i102 mmfork-cuthill s0: SUCCESS acl=8.82/8.28 20.2075s
[5932/8235   4168s] Z12 n100 p0.3 i103 clmm s1: SUCCESS acl=7.98/7.66 8.4122s
[5933/8235   4168s] Z12 n100 p0.3 i103 clmm s4: SUCCESS acl=7.97/7.7 7.4886s
[5934/8235   4169s] Z12 n100 p0.3 i103 clmm s3: SUCCESS acl=7.97/7.71 8.4978s
[5935/8235   4169s] Z12 n100 p0.3 i103 minorminer s1: SUCCESS acl=9.51/8.88 14.8659s
[5936/8235   4170s] Z12 n140 p0.3 i101 template s-1: SUCCESS acl=10.3/10.3 0.0717s
[5937/8235   4170s] Z12 n100 p0.3 i102 minorminer s3: SUCCESS acl=8.95/8.29 22.9422s
[5938/8235   4170s] Z12 n140 p0.3 i101 clique s-1: SUCCESS acl=11.0/10.3 0.0239s
[5939/8235   4170s] Z12 n100 p0.3 i103 minorminer s0: SUCCESS acl=10.22/9.38 15.6292s
[5940/8235   4170s] Z12 n140 p0.3 i101 pssa s0: SUCCESS acl=10.3/10.3 0.4251s
[5941/8235   4170s] Z12 n140 p0.3 i101 pssa s1: SUCCESS acl=10.3/10.3 0.549s
[5942/8235   4170s] Z12 n140 p0.3 i101 pssa s2: SUCCESS acl=10.3/10.3 0.5178s
[5943/8235   4171s] Z12 n140 p0.3 i101 pssa s3: SUCCESS acl=10.3/10.3 0.4162s
[5944/8235   4171s] Z12 n140 p0.3 i101 pssa s4: SUCCESS acl=10.3/10.3 0.4148s
[5945/8235   4173s] Z12 n100 p0.3 i101 attraction s2: SUCCESS acl=9.91/9.12 30.8628s
[5946/8235   4173s] Z12 n100 p0.3 i101 attraction s1: SUCCESS acl=9.87/9.21 31.2097s
[5947/8235   4173s] Z12 n100 p0.3 i103 minorminer s4: SUCCESS acl=9.39/8.81 16.694s
[5948/8235   4174s] Z12 n100 p0.3 i101 attraction s0: SUCCESS acl=9.04/8.55 32.7121s
[5949/8235   4175s] Z12 n100 p0.3 i103 minorminer s3: SUCCESS acl=9.31/8.7 18.9345s
[5950/8235   4175s] Z12 n100 p0.3 i103 mmfork-cuthill s0: SUCCESS acl=9.67/8.99 18.1161s
[5951/8235   4176s] Z12 n100 p0.3 i103 mmfork-cuthill s2: SUCCESS acl=9.09/8.54 18.2772s
[5952/8235   4178s] Z12 n100 p0.3 i103 mmfork-cuthill s3: SUCCESS acl=8.63/8.25 20.0721s
[5953/8235   4179s] Z12 n240 p0.5 i103 attraction s0: FAILURE  73.9461s
[5954/8235   4180s] Z12 n100 p0.3 i103 mmfork-cuthill s1: SUCCESS acl=8.85/8.42 21.9551s
[5955/8235   4180s] Z12 n100 p0.3 i103 mmfork-cuthill s4: SUCCESS acl=9.05/8.52 21.2539s
[5956/8235   4181s] Z12 n100 p0.3 i102 minorminer s2: SUCCESS acl=8.51/8.11 34.8368s
[5957/8235   4181s] Z12 n100 p0.3 i103 minorminer s2: SUCCESS acl=9.27/8.56 25.0677s
[5958/8235   4182s] Z12 n240 p0.5 i103 attraction s3: FAILURE  73.4993s
[5959/8235   4182s] Z12 n240 p0.5 i103 attraction s1: FAILURE  76.1968s
[5960/8235   4183s] Z12 n100 p0.3 i102 mmfork-cuthill s3: SUCCESS acl=8.92/8.44 32.873s
[5961/8235   4183s] Z12 n240 p0.5 i103 attraction s2: FAILURE  75.8683s
[5962/8235   4184s] Z12 n240 p0.5 i103 attraction s4: FAILURE  75.783s
[5963/8235   4185s] Z12 n140 p0.3 i102 template s-1: SUCCESS acl=10.2357/10.2357 0.0747s
[5964/8235   4185s] Z12 n140 p0.3 i102 clique s-1: SUCCESS acl=11.0/10.2357 0.025s
[5965/8235   4185s] Z12 n140 p0.3 i102 pssa s0: SUCCESS acl=10.2357/10.2357 0.4338s
[5966/8235   4186s] Z12 n140 p0.3 i101 clmm s0: SUCCESS acl=10.9714/10.3786 18.2801s
[5967/8235   4186s] Z12 n140 p0.3 i102 pssa s1: SUCCESS acl=10.2357/10.2357 0.4272s
[5968/8235   4186s] Z12 n140 p0.3 i102 pssa s2: SUCCESS acl=10.2357/10.2357 0.425s
[5969/8235   4186s] Z12 n140 p0.3 i102 pssa s3: SUCCESS acl=10.2357/10.2357 0.4405s
[5970/8235   4187s] Z12 n140 p0.3 i102 pssa s4: SUCCESS acl=10.2357/10.2357 0.4123s
[5971/8235   4187s] Z12 n140 p0.3 i101 clmm s2: SUCCESS acl=10.9857/10.3214 19.1804s
[5972/8235   4187s] Z12 n100 p0.3 i102 attraction s4: SUCCESS acl=9.26/8.58 33.5762s
[5973/8235   4188s] Z12 n140 p0.3 i101 clmm s1: SUCCESS acl=10.9286/10.6286 20.6321s
[5974/8235   4189s] Z12 n100 p0.3 i102 attraction s1: SUCCESS acl=9.52/8.79 35.4089s
[5975/8235   4189s] Z12 n100 p0.3 i101 attraction s4: SUCCESS acl=8.74/8.28 45.0963s
[5976/8235   4190s] Z12 n140 p0.3 i101 clmm s3: SUCCESS acl=10.9786/10.5 21.4909s
[5977/8235   4190s] Z12 n100 p0.3 i101 attraction s3: SUCCESS acl=9.1/8.6 47.5214s
[5978/8235   4192s] Z12 n140 p0.3 i101 clmm s4: SUCCESS acl=10.9143/10.5286 22.6503s
[5979/8235   4193s] Z12 n100 p0.3 i102 attraction s0: SUCCESS acl=8.89/8.31 39.6541s
[5980/8235   4194s] Z12 n100 p0.3 i102 attraction s3: SUCCESS acl=8.83/8.45 39.8266s
[5981/8235   4195s] Z12 n140 p0.3 i101 minorminer s0: SUCCESS acl=15.4357/14.0714 31.3041s
[5982/8235   4198s] Z12 n100 p0.3 i103 attraction s2: SUCCESS acl=9.08/8.66 33.9666s
[5983/8235   4200s] Z12 n140 p0.3 i102 clmm s0: SUCCESS acl=11.0/10.2357 18.719s
[5984/8235   4202s] Z12 n140 p0.3 i102 clmm s1: SUCCESS acl=10.9143/10.7214 20.0721s
[5985/8235   4202s] Z12 n140 p0.3 i102 clmm s3: SUCCESS acl=10.9429/10.25 19.4316s
[5986/8235   4203s] Z12 n140 p0.3 i102 clmm s2: SUCCESS acl=10.95/10.6714 20.6407s
[5987/8235   4204s] Z12 n100 p0.3 i103 attraction s4: SUCCESS acl=8.83/8.3 40.2616s
[5988/8235   4204s] Z12 n140 p0.3 i102 clmm s4: SUCCESS acl=10.9214/10.4714 20.6187s
[5989/8235   4204s] Z12 n100 p0.3 i103 attraction s1: SUCCESS acl=9.08/8.39 40.7217s
[5990/8235   4204s] Z12 n140 p0.3 i103 template s-1: SUCCESS acl=10.3071/10.3071 0.0723s
[5991/8235   4205s] Z12 n140 p0.3 i103 clique s-1: SUCCESS acl=11.0/10.3071 0.0241s
[5992/8235   4205s] Z12 n140 p0.3 i103 pssa s0: SUCCESS acl=10.3071/10.3071 0.4439s
[5993/8235   4205s] Z12 n140 p0.3 i103 pssa s1: SUCCESS acl=10.3071/10.3071 0.4357s
[5994/8235   4206s] Z12 n100 p0.3 i103 attraction s0: SUCCESS acl=9.2/8.56 42.1045s
[5995/8235   4206s] Z12 n140 p0.3 i103 pssa s2: SUCCESS acl=10.3071/10.3071 0.4387s
[5996/8235   4206s] Z12 n140 p0.3 i103 pssa s3: SUCCESS acl=10.3071/10.3071 0.5625s
[5997/8235   4206s] Z12 n140 p0.3 i103 pssa s4: SUCCESS acl=10.3071/10.3071 0.4201s
[5998/8235   4209s] Z12 n140 p0.3 i101 mmfork-cuthill s0: SUCCESS acl=15.3714/13.9643 43.1805s
[5999/8235   4212s] Z12 n140 p0.3 i102 minorminer s2: SUCCESS acl=14.9/13.4643 36.7222s
[6000/8235   4213s] Z12 n100 p0.3 i102 attraction s2: SUCCESS acl=8.27/7.93 59.1342s
[6001/8235   4213s] Z12 n100 p0.3 i103 attraction s3: SUCCESS acl=9.11/8.58 49.2594s
[6002/8235   4216s] Z12 n140 p0.3 i103 minorminer s1: SUCCESS acl=17.4286/15.6071 26.6788s
[6003/8235   4219s] Z12 n140 p0.3 i101 minorminer s3: SUCCESS acl=14.3/13.1071 53.4121s
[6004/8235   4219s] Z12 n140 p0.3 i101 mmfork-cuthill s1: SUCCESS acl=13.3571/12.6214 52.505s
[6005/8235   4221s] Z12 n140 p0.3 i101 minorminer s1: SUCCESS acl=13.8143/12.7929 57.1126s
[6006/8235   4223s] Z12 n140 p0.3 i103 clmm s2: SUCCESS acl=10.9143/10.3357 19.878s
[6007/8235   4223s] Z12 n140 p0.3 i102 mmfork-cuthill s2: SUCCESS acl=14.8643/13.6786 42.8533s
[6008/8235   4223s] Z12 n140 p0.3 i103 clmm s1: SUCCESS acl=10.9214/10.3357 21.0515s
[6009/8235   4223s] Z12 n140 p0.3 i103 clmm s0: SUCCESS acl=10.9857/10.4714 21.4825s
[6010/8235   4224s] Z12 n140 p0.3 i103 clmm s4: SUCCESS acl=10.9357/10.3286 20.0855s
[6011/8235   4225s] Z12 n140 p0.3 i103 mmfork-cuthill s1: SUCCESS acl=14.9643/13.6714 31.0435s
[6012/8235   4225s] Z12 n140 p0.3 i102 mmfork-cuthill s4: SUCCESS acl=14.8929/13.6429 43.7663s
[6013/8235   4226s] Z12 n140 p0.3 i101 minorminer s2: SUCCESS acl=13.6714/12.5143 60.6114s
[6014/8235   4226s] Z12 n140 p0.3 i101 minorminer s4: SUCCESS acl=13.7357/12.6857 60.1649s
[6015/8235   4226s] Z12 n140 p0.3 i103 clmm s3: SUCCESS acl=10.9786/10.4714 21.4321s
[6016/8235   4227s] Z12 n140 p0.3 i101 mmfork-cuthill s2: SUCCESS acl=14.0714/13.0357 60.2379s
[6017/8235   4227s] Z12 n180 p0.3 i101 template s-1: SUCCESS acl=12.7944/12.7944 0.1449s
[6018/8235   4227s] Z12 n180 p0.3 i101 clique s-1: SUCCESS acl=13.0/12.7944 0.028s
[6019/8235   4228s] Z12 n140 p0.3 i101 mmfork-cuthill s3: SUCCESS acl=13.7071/12.5071 60.5546s
[6020/8235   4228s] Z12 n140 p0.3 i101 mmfork-cuthill s4: SUCCESS acl=13.1429/12.2643 60.6872s
[6021/8235   4228s] Z12 n180 p0.3 i101 pssa s0: SUCCESS acl=12.7944/12.7944 0.5849s
[6022/8235   4228s] Z12 n180 p0.3 i101 pssa s1: SUCCESS acl=12.7944/12.7944 0.5595s
[6023/8235   4229s] Z12 n180 p0.3 i101 pssa s2: SUCCESS acl=12.7944/12.7944 0.4462s
[6024/8235   4229s] Z12 n180 p0.3 i101 pssa s3: SUCCESS acl=12.7944/12.7944 0.5845s
[6025/8235   4229s] Z12 n180 p0.3 i101 pssa s4: SUCCESS acl=12.7944/12.7944 0.5641s
[6026/8235   4231s] Z12 n140 p0.3 i101 attraction s0: SUCCESS acl=14.2071/13.0643 60.2392s
[6027/8235   4231s] Z12 n140 p0.3 i101 attraction s1: SUCCESS acl=14.6429/13.3143 60.6556s
[6028/8235   4232s] Z12 n140 p0.3 i101 attraction s2: SUCCESS acl=15.4786/14.0071 60.7076s
[6029/8235   4233s] Z12 n140 p0.3 i101 attraction s3: SUCCESS acl=14.2714/13.1286 60.5239s
[6030/8235   4234s] Z12 n140 p0.3 i103 minorminer s4: SUCCESS acl=14.0929/13.0571 41.609s
[6031/8235   4234s] Z12 n140 p0.3 i101 attraction s4: SUCCESS acl=14.2357/12.9857 61.0311s
[6032/8235   4234s] Z12 n140 p0.3 i102 minorminer s0: SUCCESS acl=13.9571/12.8214 60.8309s
[6033/8235   4235s] Z12 n140 p0.3 i102 minorminer s1: SUCCESS acl=13.4214/12.5071 60.5113s
[6034/8235   4236s] Z12 n140 p0.3 i102 minorminer s3: SUCCESS acl=13.1857/12.3143 60.677s
[6035/8235   4237s] Z12 n140 p0.3 i102 minorminer s4: SUCCESS acl=13.7857/12.75 60.724s
[6036/8235   4239s] Z12 n140 p0.3 i102 mmfork-cuthill s1: SUCCESS acl=13.3714/12.45 60.3069s
[6037/8235   4239s] Z12 n140 p0.3 i102 mmfork-cuthill s0: SUCCESS acl=13.6571/12.85 60.5663s
[6038/8235   4239s] Z12 n140 p0.3 i103 minorminer s0: SUCCESS acl=13.7857/12.6929 50.2332s
[6039/8235   4241s] Z12 n140 p0.3 i102 mmfork-cuthill s3: SUCCESS acl=13.2286/12.3714 60.351s
[6040/8235   4242s] Z12 n140 p0.3 i103 minorminer s2: SUCCESS acl=14.95/13.6571 51.5762s
[6041/8235   4246s] Z12 n140 p0.3 i102 attraction s0: SUCCESS acl=14.1643/13.0714 60.0476s
[6042/8235   4247s] Z12 n140 p0.3 i102 attraction s2: SUCCESS acl=14.6/13.3714 60.125s
[6043/8235   4248s] Z12 n140 p0.3 i102 attraction s1: SUCCESS acl=15.9714/14.4929 60.8711s
[6044/8235   4248s] Z12 n180 p0.3 i102 template s-1: SUCCESS acl=12.7667/12.7667 0.1438s
[6045/8235   4248s] Z12 n180 p0.3 i102 clique s-1: SUCCESS acl=13.0/12.7667 0.0254s
[6046/8235   4248s] Z12 n140 p0.3 i102 attraction s3: SUCCESS acl=14.5071/13.3143 60.6779s
[6047/8235   4249s] Z12 n180 p0.3 i102 pssa s0: SUCCESS acl=12.7667/12.7667 0.4334s
[6048/8235   4249s] Z12 n140 p0.3 i102 attraction s4: SUCCESS acl=14.7/13.5714 60.195s
[6049/8235   4249s] Z12 n180 p0.3 i102 pssa s1: SUCCESS acl=12.7667/12.7667 0.4236s
[6050/8235   4249s] Z12 n180 p0.3 i102 pssa s2: SUCCESS acl=12.7667/12.7667 0.4436s
[6051/8235   4249s] Z12 n180 p0.3 i102 pssa s4: SUCCESS acl=12.7667/12.7667 0.42s
[6052/8235   4249s] Z12 n180 p0.3 i102 pssa s3: SUCCESS acl=12.7667/12.7667 0.5514s
[6053/8235   4250s] Z12 n140 p0.3 i103 minorminer s3: SUCCESS acl=13.3/12.3429 60.3178s
[6054/8235   4254s] Z12 n140 p0.3 i103 mmfork-cuthill s2: SUCCESS acl=13.7714/12.5929 57.9196s
[6055/8235   4254s] Z12 n140 p0.3 i103 mmfork-cuthill s0: SUCCESS acl=13.5714/12.6 61.0134s
[6056/8235   4255s] Z12 n180 p0.3 i101 clmm s0: SUCCESS acl=13.0/12.7944 30.0725s
[6057/8235   4256s] Z12 n180 p0.3 i101 clmm s4: SUCCESS acl=12.9778/12.8 30.0569s
[6058/8235   4257s] Z12 n180 p0.3 i101 clmm s3: SUCCESS acl=13.0/12.7944 30.768s
[6059/8235   4257s] Z12 n180 p0.3 i101 clmm s2: SUCCESS acl=13.0/12.7944 30.9738s
[6060/8235   4257s] Z12 n180 p0.3 i101 clmm s1: SUCCESS acl=13.0/12.7944 31.8165s
[6061/8235   4258s] Z12 n140 p0.3 i103 mmfork-cuthill s3: SUCCESS acl=13.6071/12.4571 60.321s
[6062/8235   4261s] Z12 n140 p0.3 i103 mmfork-cuthill s4: SUCCESS acl=13.45/12.4071 60.6045s
[6063/8235   4261s] Z12 n140 p0.3 i103 attraction s2: SUCCESS acl=17.2214/15.5786 51.5132s
[6064/8235   4267s] Z12 n140 p0.3 i103 attraction s1: SUCCESS acl=14.8714/13.5429 60.1908s
[6065/8235   4267s] Z12 n140 p0.3 i103 attraction s0: SUCCESS acl=15.0857/13.7 60.7282s
[6066/8235   4268s] Z12 n180 p0.3 i102 clmm s1: SUCCESS acl=13.0/12.7667 26.8847s
[6067/8235   4268s] Z12 n180 p0.3 i102 clmm s0: SUCCESS acl=13.0/12.7667 28.4535s
[6068/8235   4271s] Z12 n180 p0.3 i102 clmm s2: SUCCESS acl=12.9944/12.7556 28.8981s
[6069/8235   4273s] Z12 n140 p0.3 i103 attraction s3: SUCCESS acl=14.6429/13.4571 60.2867s
[6070/8235   4274s] Z12 n140 p0.3 i103 attraction s4: SUCCESS acl=14.0286/12.8929 60.7767s
[6071/8235   4274s] Z12 n180 p0.3 i103 template s-1: SUCCESS acl=12.8/12.8 0.0972s
[6072/8235   4274s] Z12 n180 p0.3 i102 clmm s3: SUCCESS acl=13.0/12.7667 27.2737s
[6073/8235   4274s] Z12 n180 p0.3 i103 clique s-1: SUCCESS acl=13.0/12.8 0.0245s
[6074/8235   4274s] Z12 n180 p0.3 i102 clmm s4: SUCCESS acl=13.0/12.7667 26.8532s
[6075/8235   4274s] Z12 n180 p0.3 i103 pssa s0: SUCCESS acl=12.8/12.8 0.369s
[6076/8235   4274s] Z12 n180 p0.3 i103 pssa s1: SUCCESS acl=12.8/12.8 0.3765s
[6077/8235   4275s] Z12 n180 p0.3 i103 pssa s3: SUCCESS acl=12.8/12.8 0.3793s
[6078/8235   4275s] Z12 n180 p0.3 i103 pssa s4: SUCCESS acl=12.8/12.8 0.3806s
[6079/8235   4275s] Z12 n180 p0.3 i103 pssa s2: SUCCESS acl=12.8/12.8 0.4993s
[6080/8235   4277s] Z12 n180 p0.3 i101 minorminer s0: FAILURE  64.0288s
[6081/8235   4279s] Z12 n180 p0.3 i101 minorminer s1: FAILURE  62.9301s
[6082/8235   4281s] Z12 n180 p0.3 i101 minorminer s3: FAILURE  62.1606s
[6083/8235   4281s] Z12 n180 p0.3 i101 minorminer s2: FAILURE  62.4349s
[6084/8235   4285s] Z12 n180 p0.3 i101 minorminer s4: FAILURE  63.9154s
[6085/8235   4285s] Z12 n180 p0.3 i101 mmfork-cuthill s0: FAILURE  62.4926s
[6086/8235   4286s] Z12 n180 p0.3 i101 mmfork-cuthill s4: FAILURE  62.0246s
[6087/8235   4287s] Z12 n180 p0.3 i101 mmfork-cuthill s2: FAILURE  63.6177s
[6088/8235   4287s] Z12 n180 p0.3 i101 mmfork-cuthill s1: FAILURE  64.1297s
[6089/8235   4288s] Z12 n180 p0.3 i101 mmfork-cuthill s3: FAILURE  64.23s
[6090/8235   4290s] Z12 n180 p0.3 i101 attraction s0: FAILURE  61.6053s
[6091/8235   4293s] Z12 n180 p0.3 i101 attraction s1: FAILURE  64.3372s
[6092/8235   4295s] Z12 n180 p0.3 i101 attraction s3: FAILURE  63.8394s
[6093/8235   4295s] Z12 n180 p0.3 i101 attraction s4: FAILURE  63.7735s
[6094/8235   4295s] Z12 n180 p0.3 i101 attraction s2: FAILURE  66.238s
[6095/8235   4296s] Z12 n180 p0.3 i102 minorminer s2: FAILURE  62.1637s
[6096/8235   4296s] Z12 n180 p0.3 i102 minorminer s0: FAILURE  64.1242s
[6097/8235   4296s] Z12 n180 p0.3 i102 minorminer s4: FAILURE  61.8149s
[6098/8235   4296s] Z12 n240 p0.3 i101 template s-1: INFEASIBLE  0.0s
[6099/8235   4296s] Z12 n240 p0.3 i101 clique s-1: FAILURE  0.0234s
[6100/8235   4296s] Z12 n180 p0.3 i102 minorminer s1: FAILURE  62.6762s
[6101/8235   4297s] Z12 n180 p0.3 i103 clmm s0: SUCCESS acl=13.0/12.8 29.2099s
[6102/8235   4297s] Z12 n180 p0.3 i102 minorminer s3: FAILURE  63.3037s
[6103/8235   4298s] Z12 n180 p0.3 i102 mmfork-cuthill s0: FAILURE  63.5854s
[6104/8235   4299s] Z12 n180 p0.3 i103 clmm s1: SUCCESS acl=12.9889/12.8 31.6653s
[6105/8235   4300s] Z12 n180 p0.3 i103 clmm s2: SUCCESS acl=12.9944/12.7889 31.7849s
[6106/8235   4300s] Z12 n180 p0.3 i103 clmm s4: SUCCESS acl=13.0/12.8 27.0206s
[6107/8235   4301s] Z12 n180 p0.3 i102 mmfork-cuthill s2: FAILURE  63.1825s
[6108/8235   4301s] Z12 n180 p0.3 i102 mmfork-cuthill s1: FAILURE  64.4419s
[6109/8235   4301s] Z12 n180 p0.3 i103 clmm s3: SUCCESS acl=13.0/12.8 29.8904s
[6110/8235   4302s] Z12 n180 p0.3 i102 mmfork-cuthill s4: FAILURE  62.5869s
[6111/8235   4303s] Z12 n180 p0.3 i102 mmfork-cuthill s3: FAILURE  63.383s
[6112/8235   4313s] Z12 n180 p0.3 i102 attraction s0: FAILURE  64.1823s
[6113/8235   4315s] Z12 n180 p0.3 i102 attraction s1: FAILURE  65.1499s
[6114/8235   4315s] Z12 n180 p0.3 i102 attraction s3: FAILURE  64.8928s
[6115/8235   4315s] Z12 n180 p0.3 i102 attraction s2: FAILURE  66.0159s
[6116/8235   4318s] Z12 n180 p0.3 i103 minorminer s1: FAILURE  63.0387s
[6117/8235   4318s] Z12 n180 p0.3 i103 minorminer s4: FAILURE  61.4398s
[6118/8235   4319s] Z12 n180 p0.3 i102 attraction s4: FAILURE  64.954s
[6119/8235   4319s] Z12 n180 p0.3 i103 minorminer s0: FAILURE  64.37s
[6120/8235   4320s] Z12 n180 p0.3 i103 mmfork-cuthill s0: FAILURE  62.8064s
[6121/8235   4320s] Z12 n180 p0.3 i103 minorminer s3: FAILURE  63.1949s
[6122/8235   4320s] Z12 n180 p0.3 i103 minorminer s2: FAILURE  64.0352s
[6123/8235   4322s] Z12 n180 p0.3 i103 mmfork-cuthill s1: FAILURE  63.7917s
[6124/8235   4324s] Z12 n180 p0.3 i103 mmfork-cuthill s3: FAILURE  63.3095s
[6125/8235   4324s] Z12 n240 p0.3 i102 template s-1: INFEASIBLE  0.0s
[6126/8235   4324s] Z12 n240 p0.3 i102 clique s-1: FAILURE  0.0217s
[6127/8235   4324s] Z12 n180 p0.3 i103 mmfork-cuthill s2: FAILURE  63.7546s
[6128/8235   4330s] Z12 n180 p0.3 i103 mmfork-cuthill s4: FAILURE  62.6184s
[6129/8235   4339s] Z12 n180 p0.3 i103 attraction s1: FAILURE  64.149s
[6130/8235   4340s] Z12 n180 p0.3 i103 attraction s0: FAILURE  64.5999s
[6131/8235   4341s] Z12 n180 p0.3 i103 attraction s3: FAILURE  63.8026s
[6132/8235   4341s] Z12 n180 p0.3 i103 attraction s2: FAILURE  65.9471s
[6133/8235   4343s] Z12 n180 p0.3 i103 attraction s4: FAILURE  64.4753s
[6134/8235   4345s] Z12 n240 p0.3 i101 minorminer s1: FAILURE  63.895s
[6135/8235   4348s] Z12 n240 p0.3 i101 minorminer s0: FAILURE  67.1208s
[6136/8235   4350s] Z12 n240 p0.3 i101 minorminer s4: FAILURE  63.7617s
[6137/8235   4350s] Z12 n240 p0.3 i101 minorminer s2: FAILURE  65.2879s
[6138/8235   4350s] Z12 n240 p0.3 i101 mmfork-cuthill s1: FAILURE  63.6125s
[6139/8235   4351s] Z12 n240 p0.3 i101 minorminer s3: FAILURE  65.5398s
[6140/8235   4352s] Z12 n240 p0.3 i101 mmfork-cuthill s0: FAILURE  64.8876s
[6141/8235   4353s] Z12 n240 p0.3 i101 mmfork-cuthill s2: FAILURE  64.8587s
[6142/8235   4354s] Z12 n240 p0.3 i101 mmfork-cuthill s3: FAILURE  63.5075s
[6143/8235   4357s] Z12 n240 p0.3 i101 mmfork-cuthill s4: FAILURE  64.2046s
[6144/8235   4361s] Z12 n240 p0.3 i101 pssa s0: FAILURE  65.1679s
[6145/8235   4362s] Z12 n240 p0.3 i101 clmm s2: FAILURE  66.3077s
[6146/8235   4362s] Z12 n240 p0.3 i101 pssa s4: FAILURE  63.3753s
[6147/8235   4362s] Z12 n240 p0.3 i101 clmm s3: FAILURE  66.2715s
[6148/8235   4362s] Z12 n240 p0.3 i101 clmm s4: FAILURE  66.3663s
[6149/8235   4363s] Z12 n240 p0.3 i101 clmm s0: FAILURE  67.8101s
[6150/8235   4363s] Z12 n240 p0.3 i101 clmm s1: FAILURE  68.0584s
[6151/8235   4363s] Z12 n240 p0.3 i101 pssa s1: FAILURE  67.2414s
[6152/8235   4363s] Z12 n240 p0.3 i103 template s-1: INFEASIBLE  0.0s
[6153/8235   4363s] Z12 n240 p0.3 i103 clique s-1: FAILURE  0.0235s
[6154/8235   4364s] Z12 n240 p0.3 i101 pssa s2: FAILURE  67.0226s
[6155/8235   4365s] Z12 n240 p0.3 i101 pssa s3: FAILURE  67.3181s
[6156/8235   4365s] Z12 n240 p0.3 i102 minorminer s0: FAILURE  64.3863s
[6157/8235   4366s] Z12 n240 p0.3 i102 minorminer s1: FAILURE  64.4278s
[6158/8235   4367s] Z12 n240 p0.3 i101 attraction s0: FAILURE  67.1421s
[6159/8235   4368s] Z12 n240 p0.3 i101 attraction s2: FAILURE  67.6648s
[6160/8235   4368s] Z12 n240 p0.3 i101 attraction s4: FAILURE  67.2832s
[6161/8235   4369s] Z12 n240 p0.3 i101 attraction s1: FAILURE  68.7402s
[6162/8235   4369s] Z12 n240 p0.3 i101 attraction s3: FAILURE  68.246s
[6163/8235   4370s] Z12 n240 p0.3 i102 minorminer s2: FAILURE  66.9835s
[6164/8235   4378s] Z12 n240 p0.3 i102 minorminer s3: FAILURE  64.2956s
[6165/8235   4379s] Z12 n240 p0.3 i102 minorminer s4: FAILURE  64.9277s
[6166/8235   4381s] Z12 n240 p0.3 i102 mmfork-cuthill s0: FAILURE  65.5626s
[6167/8235   4381s] Z12 n240 p0.3 i102 mmfork-cuthill s1: FAILURE  65.6574s
[6168/8235   4382s] Z12 n240 p0.3 i102 mmfork-cuthill s2: FAILURE  64.1078s
[6169/8235   4382s] Z12 n240 p0.3 i102 mmfork-cuthill s3: FAILURE  64.1691s
[6170/8235   4386s] Z12 n240 p0.3 i102 clmm s0: FAILURE  66.8008s
[6171/8235   4386s] Z12 n240 p0.3 i102 mmfork-cuthill s4: FAILURE  67.3399s
[6172/8235   4387s] Z12 n240 p0.3 i102 clmm s2: FAILURE  67.3151s
[6173/8235   4387s] Z12 n240 p0.3 i102 clmm s1: FAILURE  67.395s
[6174/8235   4387s] Z12 n240 p0.3 i102 clmm s3: FAILURE  67.2157s
[6175/8235   4388s] Z12 n240 p0.3 i102 pssa s1: FAILURE  63.328s
[6176/8235   4390s] Z12 n240 p0.3 i102 clmm s4: FAILURE  67.7687s
[6177/8235   4391s] Z12 n240 p0.3 i102 pssa s0: FAILURE  66.946s
[6178/8235   4396s] Z12 n240 p0.3 i102 pssa s2: FAILURE  66.7754s
[6179/8235   4396s] Z12 n300 p0.3 i101 template s-1: INFEASIBLE  0.0s
[6180/8235   4396s] Z12 n300 p0.3 i101 clique s-1: FAILURE  0.0239s
[6181/8235   4405s] Z12 n240 p0.3 i102 pssa s3: FAILURE  66.3569s
[6182/8235   4408s] Z12 n240 p0.3 i102 attraction s0: FAILURE  67.482s
[6183/8235   4409s] Z12 n240 p0.3 i102 pssa s4: FAILURE  69.1909s
[6184/8235   4409s] Z12 n240 p0.3 i102 attraction s1: FAILURE  68.061s
[6185/8235   4411s] Z12 n240 p0.3 i102 attraction s2: FAILURE  67.2257s
[6186/8235   4412s] Z12 n240 p0.3 i103 minorminer s1: FAILURE  61.0529s
[6187/8235   4413s] Z12 n240 p0.3 i102 attraction s3: FAILURE  68.026s
[6188/8235   4415s] Z12 n240 p0.3 i103 minorminer s3: FAILURE  64.2859s
[6189/8235   4416s] Z12 n240 p0.3 i103 minorminer s4: FAILURE  63.8021s
[6190/8235   4416s] Z12 n240 p0.3 i103 minorminer s0: FAILURE  65.5264s
[6191/8235   4417s] Z12 n240 p0.3 i102 attraction s4: FAILURE  68.5328s
[6192/8235   4418s] Z12 n240 p0.3 i103 mmfork-cuthill s0: FAILURE  65.2528s
[6193/8235   4419s] Z12 n240 p0.3 i103 mmfork-cuthill s1: FAILURE  64.9303s
[6194/8235   4419s] Z12 n240 p0.3 i103 minorminer s2: FAILURE  68.3927s
[6195/8235   4425s] Z12 n240 p0.3 i103 mmfork-cuthill s2: FAILURE  67.4329s
[6196/8235   4427s] Z12 n240 p0.3 i103 pssa s1: FAILURE  62.7385s
[6197/8235   4428s] Z12 n240 p0.3 i103 clmm s2: FAILURE  65.8282s
[6198/8235   4428s] Z12 n240 p0.3 i103 clmm s0: FAILURE  66.2692s
[6199/8235   4428s] Z12 n240 p0.3 i103 mmfork-cuthill s3: FAILURE  67.0846s
[6200/8235   4429s] Z12 n240 p0.3 i103 clmm s1: FAILURE  66.5669s
[6201/8235   4430s] Z12 n240 p0.3 i103 clmm s4: FAILURE  66.2169s
[6202/8235   4430s] Z12 n240 p0.3 i103 clmm s3: FAILURE  67.2963s
[6203/8235   4430s] Z12 n300 p0.3 i101 minorminer s0: FAILURE  60.5586s
[6204/8235   4431s] Z12 n240 p0.3 i103 pssa s2: FAILURE  66.1841s
[6205/8235   4431s] Z12 n240 p0.3 i103 mmfork-cuthill s4: FAILURE  69.1448s
[6206/8235   4431s] Z12 n300 p0.3 i102 template s-1: INFEASIBLE  0.0s
[6207/8235   4431s] Z12 n300 p0.3 i102 clique s-1: FAILURE  0.0234s
[6208/8235   4431s] Z12 n240 p0.3 i103 pssa s3: FAILURE  65.9945s
[6209/8235   4432s] Z12 n240 p0.3 i103 pssa s0: FAILURE  68.7176s
[6210/8235   4433s] Z12 n240 p0.3 i103 pssa s4: FAILURE  66.4487s
[6211/8235   4435s] Z12 n240 p0.3 i103 attraction s2: FAILURE  66.9625s
[6212/8235   4435s] Z12 n240 p0.3 i103 attraction s0: FAILURE  68.7181s
[6213/8235   4435s] Z12 n240 p0.3 i103 attraction s1: FAILURE  67.8512s
[6214/8235   4436s] Z12 n240 p0.3 i103 attraction s3: FAILURE  67.7788s
[6215/8235   4437s] Z12 n240 p0.3 i103 attraction s4: FAILURE  68.0932s
[6216/8235   4442s] Z12 n300 p0.3 i101 minorminer s3: FAILURE  60.8112s
[6217/8235   4443s] Z12 n300 p0.3 i101 mmfork-cuthill s0: FAILURE  60.213s
[6218/8235   4443s] Z12 n300 p0.3 i101 mmfork-cuthill s1: FAILURE  60.3965s
[6219/8235   4444s] Z12 n300 p0.3 i101 minorminer s2: FAILURE  64.1192s
[6220/8235   4446s] Z12 n300 p0.3 i101 mmfork-cuthill s2: FAILURE  60.4039s
[6221/8235   4447s] Z12 n300 p0.3 i101 minorminer s1: FAILURE  68.7953s
[6222/8235   4448s] Z12 n300 p0.3 i101 mmfork-cuthill s4: FAILURE  60.6659s
[6223/8235   4449s] Z12 n300 p0.3 i101 minorminer s4: FAILURE  67.2812s
[6224/8235   4454s] Z12 n300 p0.3 i101 mmfork-cuthill s3: FAILURE  68.1692s
[6225/8235   4456s] Z12 n300 p0.3 i101 clmm s2: FAILURE  68.196s
[6226/8235   4457s] Z12 n300 p0.3 i101 clmm s0: FAILURE  69.2961s
[6227/8235   4457s] Z12 n300 p0.3 i101 clmm s1: FAILURE  69.5859s
[6228/8235   4460s] Z12 n300 p0.3 i101 pssa s0: FAILURE  63.3843s
[6229/8235   4460s] Z12 n300 p0.3 i101 clmm s4: FAILURE  68.6738s
[6230/8235   4461s] Z12 n300 p0.3 i101 clmm s3: FAILURE  71.5363s
[6231/8235   4469s] Z12 n300 p0.3 i101 pssa s1: FAILURE  63.0217s
[6232/8235   4472s] Z12 n300 p0.3 i101 pssa s4: FAILURE  62.8064s
[6233/8235   4472s] Z12 n300 p0.3 i103 template s-1: INFEASIBLE  0.0s
[6234/8235   4472s] Z12 n300 p0.3 i103 clique s-1: FAILURE  0.0235s
[6235/8235   4472s] Z12 n300 p0.3 i101 pssa s2: FAILURE  63.7946s
[6236/8235   4473s] Z12 n300 p0.3 i101 pssa s3: FAILURE  63.8892s
[6237/8235   4479s] Z12 n300 p0.3 i102 minorminer s4: FAILURE  60.3887s
[6238/8235   4484s] Z12 n300 p0.3 i102 minorminer s0: FAILURE  67.9037s
[6239/8235   4484s] Z12 n300 p0.3 i101 attraction s1: FAILURE  72.8307s
[6240/8235   4485s] Z12 n300 p0.3 i101 attraction s0: FAILURE  74.1143s
[6241/8235   4486s] Z12 n300 p0.3 i101 attraction s2: FAILURE  72.6978s
[6242/8235   4486s] Z12 n300 p0.3 i102 mmfork-cuthill s0: FAILURE  61.0234s
[6243/8235   4487s] Z12 n300 p0.3 i101 attraction s3: FAILURE  71.5023s
[6244/8235   4488s] Z12 n300 p0.3 i102 minorminer s3: FAILURE  69.0231s
[6245/8235   4488s] Z12 n300 p0.3 i102 minorminer s1: FAILURE  71.2134s
[6246/8235   4488s] Z12 n300 p0.3 i101 attraction s4: FAILURE  72.6087s
[6247/8235   4489s] Z12 n300 p0.3 i102 minorminer s2: FAILURE  70.7323s
[6248/8235   4489s] Z12 n60 p0.2 i101 minorminer s0: SUCCESS acl=3.7333/3.6667 1.129s
[6249/8235   4489s] Z12 n60 p0.2 i101 minorminer s1: SUCCESS acl=3.7167/3.65 1.4912s
[6250/8235   4490s] Z12 n60 p0.2 i101 minorminer s2: SUCCESS acl=3.45/3.4 1.2708s
[6251/8235   4490s] Z12 n60 p0.2 i101 minorminer s3: SUCCESS acl=3.55/3.5 1.1161s
[6252/8235   4490s] Z12 n300 p0.3 i102 mmfork-cuthill s4: FAILURE  61.2765s
[6253/8235   4490s] Z12 n60 p0.2 i101 minorminer s4: SUCCESS acl=3.6/3.4333 1.1845s
[6254/8235   4491s] Z12 n60 p0.2 i101 mmfork-cuthill s3: SUCCESS acl=3.7667/3.6833 1.1147s
[6255/8235   4491s] Z12 n60 p0.2 i101 mmfork-cuthill s0: SUCCESS acl=3.8167/3.7333 1.5951s
[6256/8235   4492s] Z12 n60 p0.2 i101 clmm s0: SUCCESS acl=3.9833/3.8833 0.9902s
[6257/8235   4492s] Z12 n60 p0.2 i101 mmfork-cuthill s1: SUCCESS acl=3.5167/3.4 2.4854s
[6258/8235   4492s] Z12 n60 p0.2 i101 mmfork-cuthill s2: SUCCESS acl=3.8167/3.75 2.4215s
[6259/8235   4492s] Z12 n60 p0.2 i101 clmm s1: SUCCESS acl=4.15/4.0333 1.1118s
[6260/8235   4492s] Z12 n60 p0.2 i101 template s-1: SUCCESS acl=4.75/4.75 0.0081s
[6261/8235   4492s] Z12 n60 p0.2 i101 clique s-1: SUCCESS acl=6.0/4.75 0.0245s
[6262/8235   4492s] Z12 n60 p0.2 i101 mmfork-cuthill s4: SUCCESS acl=3.5667/3.5667 2.153s
[6263/8235   4493s] Z12 n60 p0.2 i101 pssa s0: SUCCESS acl=5.15/4.75 0.2734s
[6264/8235   4493s] Z12 n60 p0.2 i101 pssa s1: SUCCESS acl=5.15/4.75 0.273s
[6265/8235   4493s] Z12 n300 p0.3 i102 mmfork-cuthill s3: FAILURE  64.5779s
[6266/8235   4493s] Z12 n60 p0.2 i101 pssa s2: SUCCESS acl=5.15/4.75 0.2869s
[6267/8235   4493s] Z12 n60 p0.2 i101 pssa s3: SUCCESS acl=5.15/4.75 0.2754s
[6268/8235   4493s] Z12 n60 p0.2 i101 pssa s4: SUCCESS acl=5.15/4.75 0.2837s
[6269/8235   4493s] Z12 n300 p0.3 i102 pssa s0: FAILURE  62.0429s
[6270/8235   4493s] Z12 n60 p0.2 i101 clmm s4: SUCCESS acl=3.8833/3.8167 1.021s
[6271/8235   4493s] Z12 n60 p0.2 i101 clmm s2: SUCCESS acl=3.8833/3.7833 1.5277s
[6272/8235   4493s] Z12 n60 p0.2 i101 clmm s3: SUCCESS acl=3.85/3.7833 1.3834s
[6273/8235   4494s] Z12 n300 p0.3 i102 pssa s1: FAILURE  63.1355s
[6274/8235   4494s] Z12 n300 p0.3 i102 pssa s3: FAILURE  61.5708s
[6275/8235   4495s] Z12 n60 p0.2 i102 minorminer s0: SUCCESS acl=3.4833/3.4167 1.4198s
[6276/8235   4495s] Z12 n60 p0.2 i102 minorminer s2: SUCCESS acl=3.5667/3.5167 1.0507s
[6277/8235   4496s] Z12 n60 p0.2 i102 minorminer s3: SUCCESS acl=3.6667/3.5833 1.2375s
[6278/8235   4496s] Z12 n60 p0.2 i102 minorminer s1: SUCCESS acl=3.35/3.2833 2.0934s
[6279/8235   4496s] Z12 n300 p0.3 i102 mmfork-cuthill s1: FAILURE  69.2557s
[6280/8235   4496s] Z12 n60 p0.2 i102 minorminer s4: SUCCESS acl=3.3667/3.3333 1.6424s
[6281/8235   4497s] Z12 n60 p0.2 i102 mmfork-cuthill s1: SUCCESS acl=3.55/3.4333 1.1134s
[6282/8235   4497s] Z12 n300 p0.3 i102 pssa s2: FAILURE  64.4675s
[6283/8235   4497s] Z12 n60 p0.2 i102 mmfork-cuthill s0: SUCCESS acl=3.5333/3.5 1.4375s
[6284/8235   4497s] Z12 n60 p0.2 i102 mmfork-cuthill s3: SUCCESS acl=3.6333/3.5833 1.0395s
[6285/8235   4497s] Z12 n60 p0.2 i101 attraction s1: SUCCESS acl=4.05/3.9667 4.0089s
[6286/8235   4497s] Z12 n60 p0.2 i101 attraction s0: SUCCESS acl=3.8333/3.7167 4.3584s
[6287/8235   4497s] Z12 n60 p0.2 i102 template s-1: SUCCESS acl=4.7/4.7 0.0085s
[6288/8235   4497s] Z12 n60 p0.2 i102 clique s-1: SUCCESS acl=6.0/4.7 0.0261s
[6289/8235   4498s] Z12 n60 p0.2 i102 mmfork-cuthill s2: SUCCESS acl=3.4167/3.3333 2.0099s
[6290/8235   4498s] Z12 n60 p0.2 i102 clmm s2: SUCCESS acl=3.8167/3.75 0.9303s
[6291/8235   4498s] Z12 n60 p0.2 i102 clmm s1: SUCCESS acl=3.8833/3.8333 0.9743s
[6292/8235   4498s] Z12 n60 p0.2 i102 pssa s0: SUCCESS acl=5.0167/4.7 0.389s
[6293/8235   4498s] Z12 n300 p0.3 i102 pssa s4: FAILURE  62.9066s
[6294/8235   4498s] Z12 n60 p0.2 i102 clmm s4: SUCCESS acl=3.65/3.5333 0.9497s
[6295/8235   4498s] Z12 n60 p0.2 i102 clmm s0: SUCCESS acl=3.8/3.6833 1.215s
[6296/8235   4498s] Z12 n60 p0.2 i102 pssa s1: SUCCESS acl=5.0167/4.7 0.2778s
[6297/8235   4498s] Z12 n60 p0.2 i101 attraction s4: SUCCESS acl=3.4/3.35 4.7368s
[6298/8235   4498s] Z12 n60 p0.2 i102 clmm s3: SUCCESS acl=3.65/3.65 1.0818s
[6299/8235   4498s] Z12 n60 p0.2 i102 pssa s2: SUCCESS acl=5.0167/4.7 0.2718s
[6300/8235   4498s] Z12 n60 p0.2 i102 pssa s3: SUCCESS acl=5.0167/4.7 0.278s
[6301/8235   4498s] Z12 n60 p0.2 i102 pssa s4: SUCCESS acl=5.0167/4.7 0.2741s
[6302/8235   4498s] Z12 n60 p0.2 i101 attraction s3: SUCCESS acl=3.5833/3.4167 4.9766s
[6303/8235   4498s] Z12 n60 p0.2 i101 attraction s2: SUCCESS acl=3.3667/3.2833 5.1662s
[6304/8235   4498s] Z12 n60 p0.2 i102 mmfork-cuthill s4: SUCCESS acl=3.5333/3.4833 1.8009s
[6305/8235   4498s] Z12 n300 p0.3 i102 mmfork-cuthill s2: FAILURE  70.2448s
[6306/8235   4499s] Z12 n60 p0.2 i103 minorminer s2: SUCCESS acl=3.4667/3.4167 0.8682s
[6307/8235   4499s] Z12 n300 p0.3 i102 clmm s1: FAILURE  69.4075s
[6308/8235   4499s] Z12 n60 p0.2 i103 minorminer s0: SUCCESS acl=3.35/3.3167 1.2893s
[6309/8235   4499s] Z12 n60 p0.2 i103 minorminer s1: SUCCESS acl=3.8167/3.7667 1.3779s
[6310/8235   4499s] Z12 n60 p0.2 i103 mmfork-cuthill s1: SUCCESS acl=3.6833/3.6333 1.1644s
[6311/8235   4500s] Z12 n60 p0.2 i103 minorminer s3: SUCCESS acl=3.4833/3.45 1.7092s
[6312/8235   4500s] Z12 n60 p0.2 i103 mmfork-cuthill s2: SUCCESS acl=3.5333/3.4833 1.3781s
[6313/8235   4500s] Z12 n60 p0.2 i103 mmfork-cuthill s0: SUCCESS acl=3.75/3.65 1.5421s
[6314/8235   4500s] Z12 n60 p0.2 i103 template s-1: SUCCESS acl=4.8167/4.8167 0.0106s
[6315/8235   4500s] Z12 n60 p0.2 i103 clique s-1: SUCCESS acl=6.0/4.8167 0.0237s
[6316/8235   4500s] Z12 n60 p0.2 i103 clmm s0: SUCCESS acl=4.0333/4.0 0.6343s
[6317/8235   4500s] Z12 n60 p0.2 i103 pssa s1: SUCCESS acl=4.9667/4.8167 0.274s
[6318/8235   4500s] Z12 n60 p0.2 i103 pssa s0: SUCCESS acl=4.9667/4.8167 0.2836s
[6319/8235   4500s] Z12 n60 p0.2 i103 minorminer s4: SUCCESS acl=3.65/3.5833 2.1661s
[6320/8235   4500s] Z12 n60 p0.2 i103 clmm s1: SUCCESS acl=4.1167/4.0333 0.96s
[6321/8235   4500s] Z12 n300 p0.3 i102 clmm s0: FAILURE  71.7009s
[6322/8235   4500s] Z12 n60 p0.2 i103 pssa s2: SUCCESS acl=4.9667/4.8167 0.2731s
[6323/8235   4500s] Z12 n60 p0.2 i103 pssa s3: SUCCESS acl=4.9667/4.8167 0.2788s
[6324/8235   4501s] Z12 n60 p0.2 i103 pssa s4: SUCCESS acl=4.9667/4.8167 0.2636s
[6325/8235   4501s] Z12 n60 p0.2 i103 mmfork-cuthill s3: SUCCESS acl=3.6333/3.5667 1.7722s
[6326/8235   4501s] Z12 n60 p0.2 i103 clmm s4: SUCCESS acl=4.1167/4.0 0.8859s
[6327/8235   4501s] Z12 n60 p0.2 i103 clmm s3: SUCCESS acl=3.8833/3.8167 0.9167s
[6328/8235   4501s] Z12 n60 p0.2 i103 mmfork-cuthill s4: SUCCESS acl=3.7/3.6333 1.9969s
[6329/8235   4501s] Z12 n300 p0.3 i102 clmm s3: FAILURE  70.8957s
[6330/8235   4501s] Z12 n60 p0.2 i103 clmm s2: SUCCESS acl=3.75/3.6667 2.0091s
[6331/8235   4502s] Z12 n300 p0.3 i102 clmm s4: FAILURE  70.8836s
[6332/8235   4502s] Z12 n60 p0.2 i102 attraction s3: SUCCESS acl=3.6333/3.5667 4.1521s
[6333/8235   4502s] Z12 n60 p0.2 i102 attraction s0: SUCCESS acl=3.85/3.7667 4.2758s
[6334/8235   4502s] Z12 n60 p0.2 i102 attraction s4: SUCCESS acl=3.5667/3.4833 4.3689s
[6335/8235   4502s] Z12 n60 p0.2 i102 attraction s2: SUCCESS acl=3.3667/3.3333 4.5116s
[6336/8235   4502s] Z12 n60 p0.2 i102 attraction s1: SUCCESS acl=3.6/3.5333 4.5889s
[6337/8235   4503s] Z12 n300 p0.3 i102 clmm s2: FAILURE  72.4748s
[6338/8235   4504s] Z12 n300 p0.3 i103 minorminer s0: FAILURE  61.5972s
[6339/8235   4504s] Z12 n300 p0.3 i103 minorminer s1: FAILURE  61.421s
[6340/8235   4505s] Z12 n60 p0.2 i103 attraction s1: SUCCESS acl=3.8/3.7 4.0756s
[6341/8235   4505s] Z12 n100 p0.2 i101 template s-1: SUCCESS acl=7.46/7.46 0.0236s
[6342/8235   4505s] Z12 n60 p0.2 i103 attraction s2: SUCCESS acl=3.7833/3.7333 4.1623s
[6343/8235   4505s] Z12 n100 p0.2 i101 clique s-1: SUCCESS acl=8.0/7.46 0.0241s
[6344/8235   4505s] Z12 n60 p0.2 i103 attraction s0: SUCCESS acl=3.6667/3.5667 4.3225s
[6345/8235   4505s] Z12 n60 p0.2 i103 attraction s3: SUCCESS acl=3.5833/3.5167 4.2871s
[6346/8235   4505s] Z12 n300 p0.3 i103 minorminer s2: FAILURE  61.1266s
[6347/8235   4505s] Z12 n100 p0.2 i101 pssa s0: SUCCESS acl=7.46/7.46 0.3625s
[6348/8235   4505s] Z12 n100 p0.2 i101 pssa s2: SUCCESS acl=7.46/7.46 0.3668s
[6349/8235   4505s] Z12 n100 p0.2 i101 pssa s1: SUCCESS acl=7.46/7.46 0.3694s
[6350/8235   4505s] Z12 n100 p0.2 i101 pssa s3: SUCCESS acl=7.46/7.46 0.3552s
[6351/8235   4505s] Z12 n100 p0.2 i101 pssa s4: SUCCESS acl=7.46/7.46 0.3765s
[6352/8235   4506s] Z12 n60 p0.2 i103 attraction s4: SUCCESS acl=3.2167/3.2 5.5912s
[6353/8235   4507s] Z12 n100 p0.2 i101 clmm s0: SUCCESS acl=7.99/7.48 4.1817s
[6354/8235   4507s] Z12 n300 p0.3 i102 attraction s1: FAILURE  71.1036s
[6355/8235   4507s] Z12 n100 p0.2 i101 clmm s1: SUCCESS acl=7.95/7.6 4.3416s
[6356/8235   4507s] Z12 n100 p0.2 i101 clmm s2: SUCCESS acl=7.91/7.55 4.4455s
[6357/8235   4509s] Z12 n100 p0.2 i101 clmm s4: SUCCESS acl=7.98/7.47 4.3371s
[6358/8235   4509s] Z12 n300 p0.3 i102 attraction s0: FAILURE  73.3421s
[6359/8235   4509s] Z12 n100 p0.2 i101 clmm s3: SUCCESS acl=7.99/7.49 4.8837s
[6360/8235   4511s] Z12 n300 p0.3 i102 attraction s3: FAILURE  74.2706s
[6361/8235   4511s] Z12 n300 p0.3 i102 attraction s2: FAILURE  74.8529s
[6362/8235   4512s] Z12 n100 p0.2 i101 minorminer s0: SUCCESS acl=7.99/7.49 11.6955s
[6363/8235   4513s] Z12 n300 p0.3 i103 mmfork-cuthill s1: FAILURE  64.1373s
[6364/8235   4514s] Z12 n100 p0.2 i102 minorminer s3: SUCCESS acl=7.83/7.38 7.2669s
[6365/8235   4515s] Z12 n300 p0.3 i103 mmfork-cuthill s0: FAILURE  67.0833s
[6366/8235   4515s] Z12 n100 p0.2 i101 mmfork-cuthill s3: SUCCESS acl=7.96/7.53 12.7941s
[6367/8235   4515s] Z12 n100 p0.2 i101 minorminer s4: SUCCESS acl=7.71/7.27 14.1285s
[6368/8235   4515s] Z12 n100 p0.2 i102 template s-1: SUCCESS acl=7.53/7.53 0.0248s
[6369/8235   4515s] Z12 n100 p0.2 i102 clique s-1: SUCCESS acl=8.0/7.53 0.0239s
[6370/8235   4516s] Z12 n100 p0.2 i102 pssa s0: SUCCESS acl=7.55/7.53 0.3433s
[6371/8235   4516s] Z12 n300 p0.3 i103 minorminer s4: FAILURE  69.4549s
[6372/8235   4516s] Z12 n100 p0.2 i102 pssa s1: SUCCESS acl=7.55/7.53 0.3457s
[6373/8235   4516s] Z12 n100 p0.2 i102 pssa s2: SUCCESS acl=7.55/7.53 0.3629s
[6374/8235   4516s] Z12 n100 p0.2 i102 pssa s3: SUCCESS acl=7.55/7.53 0.3567s
[6375/8235   4517s] Z12 n100 p0.2 i101 mmfork-cuthill s4: SUCCESS acl=7.66/7.35 14.3322s
[6376/8235   4517s] Z12 n300 p0.3 i102 attraction s4: FAILURE  75.0646s
[6377/8235   4517s] Z12 n100 p0.2 i102 pssa s4: SUCCESS acl=7.55/7.53 0.3511s
[6378/8235   4517s] Z12 n100 p0.2 i102 clmm s0: SUCCESS acl=7.96/7.62 4.7654s
[6379/8235   4518s] Z12 n100 p0.2 i101 minorminer s2: SUCCESS acl=7.82/7.48 16.8568s
[6380/8235   4518s] Z12 n100 p0.2 i102 clmm s1: SUCCESS acl=7.98/7.55 5.0104s
[6381/8235   4518s] Z12 n300 p0.3 i103 minorminer s3: FAILURE  71.8773s
[6382/8235   4518s] Z12 n100 p0.2 i102 mmfork-cuthill s0: SUCCESS acl=7.27/7.0 9.8204s
[6383/8235   4519s] Z12 n100 p0.2 i102 clmm s2: SUCCESS acl=7.92/7.51 4.351s
[6384/8235   4519s] Z12 n100 p0.2 i102 minorminer s4: SUCCESS acl=7.58/7.18 11.7741s
[6385/8235   4520s] Z12 n100 p0.2 i102 mmfork-cuthill s2: SUCCESS acl=7.42/7.02 10.4994s
[6386/8235   4520s] Z12 n100 p0.2 i102 mmfork-cuthill s4: SUCCESS acl=7.76/7.39 8.3653s
[6387/8235   4520s] Z12 n100 p0.2 i102 clmm s4: SUCCESS acl=7.99/7.54 4.7753s
[6388/8235   4520s] Z12 n100 p0.2 i102 clmm s3: SUCCESS acl=7.89/7.52 4.8923s
[6389/8235   4520s] Z12 n100 p0.2 i101 mmfork-cuthill s2: SUCCESS acl=7.19/6.95 18.1864s
[6390/8235   4521s] Z12 n100 p0.2 i102 minorminer s2: SUCCESS acl=7.49/7.13 14.4603s
[6391/8235   4521s] Z12 n100 p0.2 i102 minorminer s1: SUCCESS acl=7.51/7.18 14.5516s
[6392/8235   4523s] Z12 n100 p0.2 i102 minorminer s0: SUCCESS acl=7.34/7.02 16.4119s
[6393/8235   4523s] Z12 n300 p0.3 i103 mmfork-cuthill s2: FAILURE  68.989s
[6394/8235   4523s] Z12 n100 p0.2 i101 mmfork-cuthill s1: SUCCESS acl=7.13/6.95 21.5994s
[6395/8235   4523s] Z12 n100 p0.2 i103 template s-1: SUCCESS acl=7.48/7.48 0.0238s
[6396/8235   4524s] Z12 n100 p0.2 i103 clique s-1: SUCCESS acl=8.0/7.48 0.0211s
[6397/8235   4524s] Z12 n100 p0.2 i103 pssa s0: SUCCESS acl=7.52/7.48 0.3564s
[6398/8235   4524s] Z12 n100 p0.2 i103 pssa s1: SUCCESS acl=7.52/7.48 0.356s
[6399/8235   4524s] Z12 n100 p0.2 i101 minorminer s3: SUCCESS acl=7.41/7.13 23.373s
[6400/8235   4525s] Z12 n100 p0.2 i102 mmfork-cuthill s1: SUCCESS acl=7.22/6.96 15.7928s
[6401/8235   4525s] Z12 n100 p0.2 i103 pssa s2: SUCCESS acl=7.52/7.48 0.3525s
[6402/8235   4525s] Z12 n100 p0.2 i103 pssa s3: SUCCESS acl=7.52/7.48 0.3678s
[6403/8235   4525s] Z12 n100 p0.2 i103 clmm s0: SUCCESS acl=7.88/7.59 4.6835s
[6404/8235   4525s] Z12 n100 p0.2 i103 pssa s4: SUCCESS acl=7.52/7.48 0.362s
[6405/8235   4525s] Z12 n100 p0.2 i101 minorminer s1: SUCCESS acl=7.41/7.09 24.5936s
[6406/8235   4525s] Z12 n300 p0.3 i103 mmfork-cuthill s4: FAILURE  68.7965s
[6407/8235   4525s] Z12 n100 p0.2 i103 clmm s2: SUCCESS acl=7.91/7.53 4.1807s
[6408/8235   4526s] Z12 n300 p0.3 i103 mmfork-cuthill s3: FAILURE  69.4096s
[6409/8235   4526s] Z12 n100 p0.2 i103 clmm s1: SUCCESS acl=7.94/7.45 4.4715s
[6410/8235   4526s] Z12 n100 p0.2 i101 mmfork-cuthill s0: SUCCESS acl=7.42/7.09 24.3071s
[6411/8235   4526s] Z12 n100 p0.2 i101 attraction s3: SUCCESS acl=8.06/7.66 20.9916s
[6412/8235   4527s] Z12 n100 p0.2 i103 minorminer s1: SUCCESS acl=8.02/7.56 9.1144s
[6413/8235   4527s] Z12 n100 p0.2 i101 attraction s4: SUCCESS acl=7.86/7.55 21.8433s
[6414/8235   4528s] Z12 n100 p0.2 i103 clmm s3: SUCCESS acl=7.95/7.51 4.9109s
[6415/8235   4528s] Z12 n100 p0.2 i103 clmm s4: SUCCESS acl=7.95/7.56 4.3198s
[6416/8235   4528s] Z12 n100 p0.2 i101 attraction s2: SUCCESS acl=7.79/7.35 23.1629s
[6417/8235   4529s] Z12 n300 p0.3 i103 clmm s0: FAILURE  72.327s
[6418/8235   4529s] Z12 n100 p0.2 i103 mmfork-cuthill s0: SUCCESS acl=7.85/7.46 10.4324s
[6419/8235   4529s] Z12 n300 p0.3 i103 clmm s1: FAILURE  69.4367s
[6420/8235   4529s] Z12 n100 p0.2 i103 mmfork-cuthill s1: SUCCESS acl=8.09/7.59 9.8146s
[6421/8235   4530s] Z12 n100 p0.2 i103 minorminer s2: SUCCESS acl=7.78/7.44 11.6465s
[6422/8235   4530s] Z12 n140 p0.2 i101 template s-1: SUCCESS acl=10.1/10.1 0.0901s
[6423/8235   4530s] Z12 n140 p0.2 i101 clique s-1: SUCCESS acl=11.0/10.1 0.0249s
[6424/8235   4530s] Z12 n140 p0.2 i101 pssa s0: SUCCESS acl=10.1/10.1 0.4733s
[6425/8235   4531s] Z12 n140 p0.2 i101 pssa s1: SUCCESS acl=10.1/10.1 0.4915s
[6426/8235   4531s] Z12 n100 p0.2 i101 attraction s0: SUCCESS acl=7.47/7.04 26.0114s
[6427/8235   4531s] Z12 n300 p0.3 i103 clmm s3: FAILURE  69.9037s
[6428/8235   4531s] Z12 n140 p0.2 i101 pssa s2: SUCCESS acl=10.1/10.1 0.4672s
[6429/8235   4532s] Z12 n140 p0.2 i101 pssa s3: SUCCESS acl=10.1/10.1 0.4685s
[6430/8235   4532s] Z12 n300 p0.3 i103 clmm s2: FAILURE  71.6749s
[6431/8235   4532s] Z12 n140 p0.2 i101 pssa s4: SUCCESS acl=10.1/10.1 0.4793s
[6432/8235   4532s] Z12 n100 p0.2 i103 mmfork-cuthill s3: SUCCESS acl=7.49/7.14 12.6516s
[6433/8235   4533s] Z12 n100 p0.2 i103 minorminer s0: SUCCESS acl=7.39/7.03 14.9917s
[6434/8235   4533s] Z12 n100 p0.2 i103 minorminer s4: SUCCESS acl=7.93/7.46 14.0186s
[6435/8235   4533s] Z12 n100 p0.2 i102 attraction s0: SUCCESS acl=8.15/7.65 16.8433s
[6436/8235   4534s] Z12 n300 p0.3 i103 pssa s2: FAILURE  61.3429s
[6437/8235   4536s] Z12 n100 p0.2 i103 minorminer s3: SUCCESS acl=7.53/7.19 17.2886s
[6438/8235   4536s] Z12 n100 p0.2 i102 mmfork-cuthill s3: SUCCESS acl=7.29/6.9 24.6773s
[6439/8235   4537s] Z12 n100 p0.2 i101 attraction s1: SUCCESS acl=7.54/7.24 31.841s
[6440/8235   4537s] Z12 n300 p0.3 i103 pssa s1: FAILURE  65.1865s
[6441/8235   4538s] Z12 n300 p0.3 i103 clmm s4: FAILURE  68.9746s
[6442/8235   4539s] Z12 n300 p0.3 i103 pssa s0: FAILURE  67.0442s
[6443/8235   4539s] Z12 n100 p0.2 i103 mmfork-cuthill s2: SUCCESS acl=7.2/6.88 19.6412s
[6444/8235   4540s] Z12 n140 p0.2 i101 clmm s2: SUCCESS acl=11.0/10.1 10.8186s
[6445/8235   4541s] Z12 n100 p0.2 i102 attraction s1: SUCCESS acl=7.55/7.12 24.718s
[6446/8235   4542s] Z12 n140 p0.2 i101 clmm s0: SUCCESS acl=10.9143/10.5071 13.2683s
[6447/8235   4542s] Z12 n140 p0.2 i101 clmm s1: SUCCESS acl=10.9143/10.1786 12.4627s
[6448/8235   4542s] Z12 n140 p0.2 i101 clmm s3: SUCCESS acl=10.9857/10.0929 12.5242s
[6449/8235   4542s] Z12 n140 p0.2 i102 template s-1: SUCCESS acl=9.9857/9.9857 0.0717s
[6450/8235   4542s] Z12 n140 p0.2 i102 clique s-1: SUCCESS acl=11.0/9.9857 0.0248s
[6451/8235   4543s] Z12 n140 p0.2 i102 pssa s0: SUCCESS acl=9.9857/9.9857 0.4255s
[6452/8235   4543s] Z12 n140 p0.2 i101 clmm s4: SUCCESS acl=10.9286/10.4714 13.3527s
[6453/8235   4543s] Z12 n100 p0.2 i102 attraction s3: SUCCESS acl=7.41/7.05 26.2242s
[6454/8235   4543s] Z12 n140 p0.2 i102 pssa s1: SUCCESS acl=9.9857/9.9857 0.43s
[6455/8235   4543s] Z12 n140 p0.2 i102 pssa s2: SUCCESS acl=9.9857/9.9857 0.4423s
[6456/8235   4543s] Z12 n100 p0.2 i103 mmfork-cuthill s4: SUCCESS acl=7.29/7.0 23.5559s
[6457/8235   4544s] Z12 n140 p0.2 i102 pssa s3: SUCCESS acl=9.9857/9.9857 0.4457s
[6458/8235   4544s] Z12 n140 p0.2 i102 pssa s4: SUCCESS acl=9.9857/9.9857 0.4266s
[6459/8235   4544s] Z12 n100 p0.2 i103 attraction s4: SUCCESS acl=7.78/7.38 18.7142s
[6460/8235   4544s] Z12 n100 p0.2 i103 attraction s0: SUCCESS acl=8.47/7.91 19.3032s
[6461/8235   4545s] Z12 n100 p0.2 i103 attraction s3: SUCCESS acl=7.59/7.26 20.1148s
[6462/8235   4546s] Z12 n100 p0.2 i103 attraction s1: SUCCESS acl=8.37/7.82 21.14s
[6463/8235   4547s] Z12 n100 p0.2 i102 attraction s2: SUCCESS acl=7.82/7.41 30.4198s
[6464/8235   4549s] Z12 n300 p0.3 i103 pssa s3: FAILURE  69.7177s
[6465/8235   4549s] Z12 n100 p0.2 i103 attraction s2: SUCCESS acl=7.77/7.31 24.4743s
[6466/8235   4550s] Z12 n300 p0.3 i103 pssa s4: FAILURE  66.4464s
[6467/8235   4552s] Z12 n140 p0.2 i102 clmm s0: SUCCESS acl=10.8286/10.2286 12.2101s
[6468/8235   4552s] Z12 n140 p0.2 i101 minorminer s1: SUCCESS acl=13.0357/12.1143 26.4315s
[6469/8235   4552s] Z12 n140 p0.2 i102 clmm s1: SUCCESS acl=10.9929/9.9857 11.8256s
[6470/8235   4553s] Z12 n100 p0.2 i102 attraction s4: SUCCESS acl=7.04/6.78 35.4437s
[6471/8235   4553s] Z12 n140 p0.2 i101 minorminer s3: SUCCESS acl=13.2071/12.2286 27.3384s
[6472/8235   4553s] Z12 n140 p0.2 i102 clmm s2: SUCCESS acl=10.9714/10.0214 11.7176s
[6473/8235   4554s] Z12 n140 p0.2 i102 clmm s3: SUCCESS acl=10.9714/10.1643 12.4751s
[6474/8235   4555s] Z12 n140 p0.2 i102 clmm s4: SUCCESS acl=10.8786/10.3571 12.6085s
[6475/8235   4557s] Z12 n300 p0.3 i103 attraction s0: FAILURE  72.1413s
[6476/8235   4557s] Z12 n140 p0.2 i103 template s-1: SUCCESS acl=10.0357/10.0357 0.0552s
[6477/8235   4557s] Z12 n140 p0.2 i103 clique s-1: SUCCESS acl=11.0/10.0357 0.0227s
[6478/8235   4557s] Z12 n140 p0.2 i103 pssa s0: SUCCESS acl=10.0357/10.0357 0.4128s
[6479/8235   4557s] Z12 n140 p0.2 i102 mmfork-cuthill s4: SUCCESS acl=14.1143/13.1571 18.0494s
[6480/8235   4558s] Z12 n140 p0.2 i102 minorminer s2: SUCCESS acl=13.25/12.25 23.9869s
[6481/8235   4558s] Z12 n140 p0.2 i103 pssa s1: SUCCESS acl=10.0357/10.0357 0.4138s
[6482/8235   4558s] Z12 n140 p0.2 i103 pssa s2: SUCCESS acl=10.0357/10.0357 0.3949s
[6483/8235   4558s] Z12 n140 p0.2 i103 pssa s3: SUCCESS acl=10.0357/10.0357 0.3919s
[6484/8235   4558s] Z12 n140 p0.2 i103 pssa s4: SUCCESS acl=10.0357/10.0357 0.4145s
[6485/8235   4558s] Z12 n300 p0.3 i103 attraction s3: FAILURE  72.246s
[6486/8235   4558s] Z12 n140 p0.2 i101 mmfork-cuthill s3: SUCCESS acl=12.7143/11.75 30.6717s
[6487/8235   4559s] Z12 n140 p0.2 i101 minorminer s0: SUCCESS acl=12.6786/11.8643 33.065s
[6488/8235   4559s] Z12 n140 p0.2 i101 mmfork-cuthill s0: SUCCESS acl=12.3714/11.6643 33.0265s
[6489/8235   4559s] Z12 n300 p0.3 i103 attraction s4: FAILURE  72.7893s
[6490/8235   4560s] Z12 n300 p0.3 i103 attraction s1: FAILURE  75.5061s
[6491/8235   4561s] Z12 n140 p0.2 i103 minorminer s0: SUCCESS acl=14.4214/13.0429 16.7622s
[6492/8235   4561s] Z12 n140 p0.2 i101 mmfork-cuthill s2: SUCCESS acl=11.7071/11.1 33.8203s
[6493/8235   4562s] Z12 n300 p0.3 i103 attraction s2: FAILURE  75.5705s
[6494/8235   4563s] Z12 n140 p0.2 i101 minorminer s4: SUCCESS acl=12.7143/11.8786 37.3864s
[6495/8235   4564s] Z12 n140 p0.2 i103 clmm s0: SUCCESS acl=10.9071/10.1357 11.2912s
[6496/8235   4564s] Z12 n140 p0.2 i102 minorminer s0: SUCCESS acl=12.7643/11.7929 31.4691s
[6497/8235   4565s] Z12 n140 p0.2 i103 clmm s2: SUCCESS acl=10.9786/10.0571 11.3385s
[6498/8235   4566s] Z12 n140 p0.2 i103 clmm s1: SUCCESS acl=10.9071/10.3929 12.4908s
[6499/8235   4566s] Z12 n140 p0.2 i101 mmfork-cuthill s1: SUCCESS acl=11.9429/11.2214 39.2285s
[6500/8235   4566s] Z12 n140 p0.2 i103 clmm s4: SUCCESS acl=10.9357/10.1643 11.9272s
[6501/8235   4567s] Z12 n140 p0.2 i103 clmm s3: SUCCESS acl=10.8571/10.3929 12.5467s
[6502/8235   4570s] Z12 n140 p0.2 i102 mmfork-cuthill s0: SUCCESS acl=12.5357/11.8143 34.0421s
[6503/8235   4570s] Z12 n200 p0.2 i101 template s-1: INFEASIBLE  0.0s
[6504/8235   4570s] Z12 n200 p0.2 i101 clique s-1: FAILURE  0.0225s
[6505/8235   4573s] Z12 n140 p0.2 i102 mmfork-cuthill s3: SUCCESS acl=11.9929/11.3 35.466s
[6506/8235   4574s] Z12 n140 p0.2 i102 mmfork-cuthill s1: SUCCESS acl=11.6857/11.0571 36.6363s
[6507/8235   4575s] Z12 n140 p0.2 i102 mmfork-cuthill s2: SUCCESS acl=12.8857/11.9643 37.0417s
[6508/8235   4575s] Z12 n140 p0.2 i103 minorminer s1: SUCCESS acl=12.5214/11.7143 30.1053s
[6509/8235   4577s] Z12 n140 p0.2 i102 minorminer s4: SUCCESS acl=11.9929/11.4071 41.3706s
[6510/8235   4577s] Z12 n140 p0.2 i101 mmfork-cuthill s4: SUCCESS acl=11.8429/11.0143 49.7607s
[6511/8235   4579s] Z12 n140 p0.2 i103 minorminer s4: SUCCESS acl=12.55/11.7214 29.9436s
[6512/8235   4580s] Z12 n140 p0.2 i101 minorminer s2: SUCCESS acl=12.2357/11.3571 54.4983s
[6513/8235   4583s] Z12 n140 p0.2 i102 minorminer s1: SUCCESS acl=12.1429/11.4357 49.9498s
[6514/8235   4585s] Z12 n140 p0.2 i102 minorminer s3: SUCCESS acl=12.1143/11.3857 50.4261s
[6515/8235   4585s] Z12 n140 p0.2 i103 minorminer s2: SUCCESS acl=11.9857/11.2929 38.6588s
[6516/8235   4591s] Z12 n140 p0.2 i103 mmfork-cuthill s1: SUCCESS acl=11.6857/10.9857 40.9692s
[6517/8235   4591s] Z12 n140 p0.2 i103 mmfork-cuthill s2: SUCCESS acl=11.65/11.0 39.6577s
[6518/8235   4592s] Z12 n140 p0.2 i101 attraction s0: SUCCESS acl=12.5429/11.6857 60.371s
[6519/8235   4592s] Z12 n140 p0.2 i101 attraction s1: SUCCESS acl=12.4143/11.6643 60.4008s
[6520/8235   4592s] Z12 n140 p0.2 i101 attraction s2: SUCCESS acl=12.9143/11.9643 60.4761s
[6521/8235   4592s] Z12 n140 p0.2 i101 attraction s3: SUCCESS acl=12.3857/11.4929 60.394s
[6522/8235   4593s] Z12 n140 p0.2 i101 attraction s4: SUCCESS acl=12.0929/11.35 60.041s
[6523/8235   4595s] Z12 n140 p0.2 i103 minorminer s3: SUCCESS acl=12.4071/11.4643 47.6513s
[6524/8235   4599s] Z12 n140 p0.2 i103 mmfork-cuthill s4: SUCCESS acl=12.1571/11.4143 46.7052s
[6525/8235   4599s] Z12 n200 p0.2 i101 clmm s4: SUCCESS acl=16.655/15.88 32.0109s
[6526/8235   4600s] Z12 n140 p0.2 i103 mmfork-cuthill s0: SUCCESS acl=11.6857/11.0286 50.6498s
[6527/8235   4603s] Z12 n200 p0.2 i101 clmm s1: SUCCESS acl=16.495/15.54 36.7854s
[6528/8235   4604s] Z12 n140 p0.2 i102 attraction s0: SUCCESS acl=12.3143/11.4429 60.5125s
[6529/8235   4604s] Z12 n140 p0.2 i102 attraction s1: SUCCESS acl=12.45/11.7571 60.5483s
[6530/8235   4604s] Z12 n200 p0.2 i102 template s-1: INFEASIBLE  0.0s
[6531/8235   4604s] Z12 n140 p0.2 i102 attraction s2: SUCCESS acl=11.8929/11.1786 60.4586s
[6532/8235   4604s] Z12 n200 p0.2 i102 clique s-1: FAILURE  0.024s
[6533/8235   4604s] Z12 n140 p0.2 i102 attraction s4: SUCCESS acl=12.2/11.3643 60.0899s
[6534/8235   4604s] Z12 n140 p0.2 i102 attraction s3: SUCCESS acl=12.2857/11.4786 60.5841s
[6535/8235   4611s] Z12 n200 p0.2 i101 clmm s0: SUCCESS acl=17.315/16.38 45.3364s
[6536/8235   4612s] Z12 n140 p0.2 i103 mmfork-cuthill s3: SUCCESS acl=11.0357/10.5857 60.0367s
[6537/8235   4618s] Z12 n140 p0.2 i103 attraction s0: SUCCESS acl=12.8071/11.8571 60.3974s
[6538/8235   4619s] Z12 n140 p0.2 i103 attraction s3: SUCCESS acl=12.6429/11.7786 60.1235s
[6539/8235   4619s] Z12 n140 p0.2 i103 attraction s4: SUCCESS acl=12.55/11.6714 60.151s
[6540/8235   4619s] Z12 n140 p0.2 i103 attraction s1: SUCCESS acl=12.1786/11.4929 60.5518s
[6541/8235   4619s] Z12 n140 p0.2 i103 attraction s2: SUCCESS acl=12.0786/11.3357 60.7234s
[6542/8235   4621s] Z12 n200 p0.2 i101 minorminer s1: FAILURE  61.7398s
[6543/8235   4621s] Z12 n200 p0.2 i101 minorminer s2: FAILURE  61.6978s
[6544/8235   4622s] Z12 n200 p0.2 i101 minorminer s0: FAILURE  63.0s
[6545/8235   4622s] Z12 n200 p0.2 i101 minorminer s3: FAILURE  61.9207s
[6546/8235   4623s] Z12 n200 p0.2 i101 mmfork-cuthill s0: FAILURE  62.136s
[6547/8235   4624s] Z12 n200 p0.2 i101 minorminer s4: FAILURE  62.5619s
[6548/8235   4624s] Z12 n200 p0.2 i101 mmfork-cuthill s2: FAILURE  60.9226s
[6549/8235   4625s] Z12 n200 p0.2 i101 mmfork-cuthill s1: FAILURE  63.3944s
[6550/8235   4626s] Z12 n200 p0.2 i101 mmfork-cuthill s4: FAILURE  61.6859s
[6551/8235   4626s] Z12 n200 p0.2 i101 clmm s2: SUCCESS acl=17.0/16.06 59.756s
[6552/8235   4627s] Z12 n200 p0.2 i101 mmfork-cuthill s3: FAILURE  63.0876s
[6553/8235   4627s] Z12 n200 p0.2 i101 clmm s3: SUCCESS acl=16.705/15.735 60.4212s
[6554/8235   4632s] Z12 n200 p0.2 i102 clmm s2: SUCCESS acl=17.005/16.21 30.9901s
[6555/8235   4634s] Z12 n200 p0.2 i101 pssa s0: FAILURE  63.4339s
[6556/8235   4635s] Z12 n200 p0.2 i102 clmm s3: SUCCESS acl=17.325/16.45 31.9332s
[6557/8235   4636s] Z12 n200 p0.2 i103 template s-1: INFEASIBLE  0.0s
[6558/8235   4636s] Z12 n200 p0.2 i103 clique s-1: FAILURE  0.0212s
[6559/8235   4636s] Z12 n200 p0.2 i101 pssa s1: FAILURE  63.3587s
[6560/8235   4637s] Z12 n200 p0.2 i101 pssa s3: FAILURE  62.8s
[6561/8235   4638s] Z12 n200 p0.2 i101 pssa s2: FAILURE  64.4992s
[6562/8235   4641s] Z12 n200 p0.2 i101 attraction s1: FAILURE  64.0202s
[6563/8235   4642s] Z12 n200 p0.2 i101 pssa s4: FAILURE  66.1837s
[6564/8235   4642s] Z12 n200 p0.2 i101 attraction s0: FAILURE  64.9967s
[6565/8235   4644s] Z12 n200 p0.2 i101 attraction s2: FAILURE  64.7137s
[6566/8235   4646s] Z12 n200 p0.2 i101 attraction s3: FAILURE  65.4167s
[6567/8235   4646s] Z12 n200 p0.2 i101 attraction s4: FAILURE  63.5082s
[6568/8235   4647s] Z12 n200 p0.2 i102 minorminer s1: FAILURE  61.8143s
[6569/8235   4647s] Z12 n200 p0.2 i102 minorminer s0: FAILURE  62.5728s
[6570/8235   4650s] Z12 n200 p0.2 i102 clmm s1: SUCCESS acl=16.895/16.07 50.4506s
[6571/8235   4652s] Z12 n200 p0.2 i102 clmm s4: SUCCESS acl=16.66/15.725 47.253s
[6572/8235   4654s] Z12 n200 p0.2 i102 minorminer s3: FAILURE  62.2697s
[6573/8235   4654s] Z12 n200 p0.2 i102 minorminer s2: FAILURE  62.6706s
[6574/8235   4654s] Z12 n200 p0.2 i102 minorminer s4: FAILURE  62.0691s
[6575/8235   4655s] Z12 n200 p0.2 i102 mmfork-cuthill s3: FAILURE  62.7503s
[6576/8235   4656s] Z12 n200 p0.2 i102 mmfork-cuthill s1: FAILURE  63.4324s
[6577/8235   4656s] Z12 n200 p0.2 i102 mmfork-cuthill s0: FAILURE  63.5199s
[6578/8235   4656s] Z12 n200 p0.2 i102 mmfork-cuthill s4: FAILURE  61.0089s
[6579/8235   4656s] Z12 n200 p0.2 i102 mmfork-cuthill s2: FAILURE  63.7459s
[6580/8235   4657s] Z12 n200 p0.2 i103 clmm s1: SUCCESS acl=16.7/15.935 29.8755s
[6581/8235   4660s] Z12 n200 p0.2 i102 clmm s0: SUCCESS acl=16.655/15.805 60.4322s
[6582/8235   4664s] Z12 n200 p0.2 i103 clmm s0: SUCCESS acl=17.795/16.605 37.3091s
[6583/8235   4666s] Z12 n200 p0.2 i102 pssa s0: FAILURE  61.9779s
[6584/8235   4666s] Z12 n260 p0.2 i101 template s-1: INFEASIBLE  0.0s
[6585/8235   4666s] Z12 n260 p0.2 i101 clique s-1: FAILURE  0.0272s
[6586/8235   4667s] Z12 n200 p0.2 i102 pssa s1: FAILURE  62.8311s
[6587/8235   4667s] Z12 n200 p0.2 i102 pssa s3: FAILURE  62.8697s
[6588/8235   4670s] Z12 n200 p0.2 i102 pssa s2: FAILURE  65.5234s
[6589/8235   4671s] Z12 n200 p0.2 i103 clmm s2: SUCCESS acl=16.765/15.905 43.3705s
[6590/8235   4672s] Z12 n200 p0.2 i103 clmm s4: SUCCESS acl=16.96/16.0 38.2048s
[6591/8235   4677s] Z12 n200 p0.2 i102 attraction s0: FAILURE  64.9667s
[6592/8235   4679s] Z12 n200 p0.2 i102 pssa s4: FAILURE  67.9024s
[6593/8235   4682s] Z12 n200 p0.2 i103 minorminer s0: FAILURE  63.3292s
[6594/8235   4682s] Z12 n200 p0.2 i102 attraction s1: FAILURE  64.1017s
[6595/8235   4683s] Z12 n200 p0.2 i102 attraction s4: FAILURE  64.5029s
[6596/8235   4684s] Z12 n200 p0.2 i102 attraction s3: FAILURE  65.0377s
[6597/8235   4684s] Z12 n200 p0.2 i102 attraction s2: FAILURE  65.1068s
[6598/8235   4684s] Z12 n200 p0.2 i103 minorminer s1: FAILURE  63.0375s
[6599/8235   4685s] Z12 n200 p0.2 i103 minorminer s2: FAILURE  63.5484s
[6600/8235   4685s] Z12 n200 p0.2 i103 minorminer s3: FAILURE  63.3879s
[6601/8235   4686s] Z12 n200 p0.2 i103 mmfork-cuthill s1: FAILURE  62.0729s
[6602/8235   4686s] Z12 n200 p0.2 i103 minorminer s4: FAILURE  63.5327s
[6603/8235   4686s] Z12 n200 p0.2 i103 mmfork-cuthill s0: FAILURE  62.7048s
[6604/8235   4687s] Z12 n200 p0.2 i103 mmfork-cuthill s2: FAILURE  62.4903s
[6605/8235   4687s] Z12 n200 p0.2 i103 mmfork-cuthill s3: FAILURE  62.2965s
[6606/8235   4688s] Z12 n200 p0.2 i103 mmfork-cuthill s4: FAILURE  62.1428s
[6607/8235   4692s] Z12 n200 p0.2 i103 clmm s3: SUCCESS acl=16.76/15.875 60.0706s
[6608/8235   4699s] Z12 n200 p0.2 i103 pssa s0: FAILURE  63.2287s
[6609/8235   4699s] Z12 n200 p0.2 i103 pssa s2: FAILURE  61.8683s
[6610/8235   4700s] Z12 n200 p0.2 i103 pssa s3: FAILURE  62.0326s
[6611/8235   4700s] Z12 n260 p0.2 i102 template s-1: INFEASIBLE  0.0s
[6612/8235   4700s] Z12 n260 p0.2 i102 clique s-1: FAILURE  0.0206s
[6613/8235   4700s] Z12 n200 p0.2 i103 pssa s1: FAILURE  63.9034s
[6614/8235   4704s] Z12 n200 p0.2 i103 pssa s4: FAILURE  62.5839s
[6615/8235   4706s] Z12 n200 p0.2 i103 attraction s1: FAILURE  63.5294s
[6616/8235   4706s] Z12 n200 p0.2 i103 attraction s0: FAILURE  64.4756s
[6617/8235   4708s] Z12 n200 p0.2 i103 attraction s2: FAILURE  63.9185s
[6618/8235   4710s] Z12 n200 p0.2 i103 attraction s3: FAILURE  64.2857s
[6619/8235   4710s] Z12 n260 p0.2 i101 minorminer s1: FAILURE  63.0582s
[6620/8235   4710s] Z12 n200 p0.2 i103 attraction s4: FAILURE  64.0451s
[6621/8235   4711s] Z12 n260 p0.2 i101 minorminer s0: FAILURE  64.1281s
[6622/8235   4714s] Z12 n260 p0.2 i101 minorminer s2: FAILURE  64.0573s
[6623/8235   4716s] Z12 n260 p0.2 i101 minorminer s3: FAILURE  64.0924s
[6624/8235   4717s] Z12 n260 p0.2 i101 mmfork-cuthill s0: FAILURE  62.9019s
[6625/8235   4717s] Z12 n260 p0.2 i101 mmfork-cuthill s1: FAILURE  63.2528s
[6626/8235   4718s] Z12 n260 p0.2 i101 minorminer s4: FAILURE  63.9285s
[6627/8235   4719s] Z12 n260 p0.2 i101 mmfork-cuthill s2: FAILURE  63.2504s
[6628/8235   4720s] Z12 n260 p0.2 i101 clmm s1: FAILURE  63.809s
[6629/8235   4720s] Z12 n260 p0.2 i101 mmfork-cuthill s3: FAILURE  64.2503s
[6630/8235   4720s] Z12 n260 p0.2 i101 mmfork-cuthill s4: FAILURE  64.2519s
[6631/8235   4720s] Z12 n260 p0.2 i101 clmm s0: FAILURE  64.2907s
[6632/8235   4722s] Z12 n260 p0.2 i101 clmm s2: FAILURE  64.2227s
[6633/8235   4725s] Z12 n260 p0.2 i101 clmm s3: FAILURE  64.5115s
[6634/8235   4729s] Z12 n260 p0.2 i101 clmm s4: FAILURE  64.7542s
[6635/8235   4732s] Z12 n260 p0.2 i101 pssa s1: FAILURE  64.6854s
[6636/8235   4733s] Z12 n260 p0.2 i101 pssa s2: FAILURE  65.5812s
[6637/8235   4733s] Z12 n260 p0.2 i101 pssa s0: FAILURE  66.6711s
[6638/8235   4733s] Z12 n260 p0.2 i103 template s-1: INFEASIBLE  0.0s
[6639/8235   4733s] Z12 n260 p0.2 i103 clique s-1: FAILURE  0.027s
[6640/8235   4734s] Z12 n260 p0.2 i101 pssa s4: FAILURE  62.2905s
[6641/8235   4734s] Z12 n260 p0.2 i101 pssa s3: FAILURE  64.6448s
[6642/8235   4739s] Z12 n260 p0.2 i101 attraction s0: FAILURE  66.2595s
[6643/8235   4740s] Z12 n260 p0.2 i101 attraction s1: FAILURE  63.2146s
[6644/8235   4744s] Z12 n260 p0.2 i102 minorminer s3: FAILURE  60.0348s
[6645/8235   4745s] Z12 n260 p0.2 i101 attraction s2: FAILURE  66.8152s
[6646/8235   4746s] Z12 n260 p0.2 i102 minorminer s2: FAILURE  62.2948s
[6647/8235   4746s] Z12 n260 p0.2 i102 minorminer s1: FAILURE  62.8427s
[6648/8235   4748s] Z12 n260 p0.2 i102 minorminer s0: FAILURE  64.7719s
[6649/8235   4748s] Z12 n260 p0.2 i101 attraction s3: FAILURE  65.6632s
[6650/8235   4748s] Z12 n260 p0.2 i102 mmfork-cuthill s0: FAILURE  63.4761s
[6651/8235   4749s] Z12 n260 p0.2 i102 minorminer s4: FAILURE  64.218s
[6652/8235   4749s] Z12 n260 p0.2 i102 mmfork-cuthill s2: FAILURE  63.3477s
[6653/8235   4749s] Z12 n260 p0.2 i101 attraction s4: FAILURE  66.714s
[6654/8235   4751s] Z12 n260 p0.2 i102 mmfork-cuthill s1: FAILURE  65.6579s
[6655/8235   4752s] Z12 n260 p0.2 i102 clmm s0: FAILURE  64.6344s
[6656/8235   4752s] Z12 n260 p0.2 i102 mmfork-cuthill s4: FAILURE  65.325s
[6657/8235   4753s] Z12 n260 p0.2 i102 clmm s1: FAILURE  64.3899s
[6658/8235   4753s] Z12 n260 p0.2 i102 mmfork-cuthill s3: FAILURE  67.0463s
[6659/8235   4756s] Z12 n260 p0.2 i102 clmm s2: FAILURE  64.0482s
[6660/8235   4762s] Z12 n260 p0.2 i102 pssa s1: FAILURE  61.7185s
[6661/8235   4763s] Z12 n260 p0.2 i102 clmm s4: FAILURE  63.7984s
[6662/8235   4764s] Z12 n260 p0.2 i102 clmm s3: FAILURE  64.8002s
[6663/8235   4765s] Z12 n260 p0.2 i102 pssa s0: FAILURE  64.218s
[6664/8235   4771s] Z12 n260 p0.2 i102 pssa s2: FAILURE  66.5356s
[6665/8235   4771s] Z12 n340 p0.2 i101 template s-1: INFEASIBLE  0.0s
[6666/8235   4771s] Z12 n340 p0.2 i101 clique s-1: FAILURE  0.0234s
[6667/8235   4772s] Z12 n260 p0.2 i102 pssa s3: FAILURE  65.8157s
[6668/8235   4773s] Z12 n260 p0.2 i102 attraction s0: FAILURE  65.3897s
[6669/8235   4773s] Z12 n260 p0.2 i102 pssa s4: FAILURE  67.4219s
[6670/8235   4777s] Z12 n260 p0.2 i102 attraction s1: FAILURE  66.7934s
[6671/8235   4777s] Z12 n260 p0.2 i102 attraction s3: FAILURE  66.6267s
[6672/8235   4777s] Z12 n260 p0.2 i102 attraction s2: FAILURE  66.7121s
[6673/8235   4778s] Z12 n260 p0.2 i102 attraction s4: FAILURE  66.7832s
[6674/8235   4779s] Z12 n260 p0.2 i103 minorminer s1: FAILURE  63.4232s
[6675/8235   4780s] Z12 n260 p0.2 i103 minorminer s2: FAILURE  62.8286s
[6676/8235   4780s] Z12 n260 p0.2 i103 minorminer s0: FAILURE  65.5131s
[6677/8235   4782s] Z12 n260 p0.2 i103 minorminer s3: FAILURE  64.5357s
[6678/8235   4783s] Z12 n260 p0.2 i103 mmfork-cuthill s1: FAILURE  62.8814s
[6679/8235   4783s] Z12 n260 p0.2 i103 minorminer s4: FAILURE  65.1618s
[6680/8235   4783s] Z12 n260 p0.2 i103 mmfork-cuthill s0: FAILURE  64.1803s
[6681/8235   4783s] Z12 n260 p0.2 i103 mmfork-cuthill s3: FAILURE  63.4668s
[6682/8235   4784s] Z12 n260 p0.2 i103 mmfork-cuthill s4: FAILURE  64.2234s
[6683/8235   4786s] Z12 n260 p0.2 i103 clmm s0: FAILURE  63.9874s
[6684/8235   4787s] Z12 n260 p0.2 i103 mmfork-cuthill s2: FAILURE  66.9182s
[6685/8235   4789s] Z12 n260 p0.2 i103 clmm s1: FAILURE  64.5718s
[6686/8235   4794s] Z12 n260 p0.2 i103 clmm s2: FAILURE  65.2738s
[6687/8235   4796s] Z12 n260 p0.2 i103 clmm s3: FAILURE  63.8382s
[6688/8235   4797s] Z12 n260 p0.2 i103 clmm s4: FAILURE  63.6957s
[6689/8235   4798s] Z12 n260 p0.2 i103 pssa s1: FAILURE  64.8212s
[6690/8235   4799s] Z12 n260 p0.2 i103 pssa s0: FAILURE  66.0205s
[6691/8235   4802s] Z12 n260 p0.2 i103 pssa s2: FAILURE  67.5932s
[6692/8235   4802s] Z12 n340 p0.2 i102 template s-1: INFEASIBLE  0.0s
[6693/8235   4802s] Z12 n340 p0.2 i102 clique s-1: FAILURE  0.0251s
[6694/8235   4804s] Z12 n260 p0.2 i103 pssa s3: FAILURE  65.4986s
[6695/8235   4807s] Z12 n260 p0.2 i103 pssa s4: FAILURE  66.7338s
[6696/8235   4810s] Z12 n260 p0.2 i103 attraction s0: FAILURE  66.0694s
[6697/8235   4811s] Z12 n260 p0.2 i103 attraction s1: FAILURE  65.7894s
[6698/8235   4812s] Z12 n260 p0.2 i103 attraction s2: FAILURE  65.6259s
[6699/8235   4813s] Z12 n260 p0.2 i103 attraction s3: FAILURE  66.5379s
[6700/8235   4814s] Z12 n260 p0.2 i103 attraction s4: FAILURE  65.6342s
[6701/8235   4814s] Z12 n340 p0.2 i101 mmfork-cuthill s1: FAILURE  61.8799s
[6702/8235   4814s] Z12 n340 p0.2 i101 minorminer s2: FAILURE  65.1668s
[6703/8235   4814s] Z12 n340 p0.2 i101 minorminer s4: FAILURE  65.0298s
[6704/8235   4815s] Z12 n340 p0.2 i101 minorminer s3: FAILURE  66.2729s
[6705/8235   4816s] Z12 n340 p0.2 i101 mmfork-cuthill s3: FAILURE  62.9859s
[6706/8235   4817s] Z12 n340 p0.2 i101 mmfork-cuthill s2: FAILURE  64.9881s
[6707/8235   4819s] Z12 n340 p0.2 i101 mmfork-cuthill s0: FAILURE  67.1999s
[6708/8235   4820s] Z12 n340 p0.2 i101 mmfork-cuthill s4: FAILURE  66.7294s
[6709/8235   4821s] Z12 n340 p0.2 i101 minorminer s0: FAILURE  72.6215s
[6710/8235   4821s] Z12 n340 p0.2 i101 minorminer s1: FAILURE  73.0492s
[6711/8235   4825s] Z12 n340 p0.2 i101 clmm s0: FAILURE  69.235s
[6712/8235   4828s] Z12 n340 p0.2 i101 clmm s1: FAILURE  66.2802s
[6713/8235   4831s] Z12 n340 p0.2 i101 clmm s2: FAILURE  68.0028s
[6714/8235   4832s] Z12 n340 p0.2 i101 clmm s3: FAILURE  68.014s
[6715/8235   4832s] Z12 n340 p0.2 i101 clmm s4: FAILURE  67.5333s
[6716/8235   4834s] Z12 n340 p0.2 i101 pssa s0: FAILURE  63.1638s
[6717/8235   4837s] Z12 n340 p0.2 i101 pssa s3: FAILURE  63.166s
[6718/8235   4837s] Z12 n340 p0.2 i101 pssa s1: FAILURE  65.3637s
[6719/8235   4837s] Z12 n340 p0.2 i103 template s-1: INFEASIBLE  0.0s
[6720/8235   4837s] Z12 n340 p0.2 i103 clique s-1: FAILURE  0.0245s
[6721/8235   4837s] Z12 n340 p0.2 i101 pssa s2: FAILURE  63.9716s
[6722/8235   4838s] Z12 n340 p0.2 i101 pssa s4: FAILURE  61.0759s
[6723/8235   4846s] Z12 n340 p0.2 i102 minorminer s1: FAILURE  64.1358s
[6724/8235   4847s] Z12 n340 p0.2 i101 attraction s1: FAILURE  69.9125s
[6725/8235   4847s] Z12 n340 p0.2 i102 minorminer s0: FAILURE  67.2694s
[6726/8235   4849s] Z12 n340 p0.2 i101 attraction s0: FAILURE  71.6321s
[6727/8235   4849s] Z12 n340 p0.2 i101 attraction s4: FAILURE  69.6451s
[6728/8235   4850s] Z12 n340 p0.2 i101 attraction s2: FAILURE  72.5292s
[6729/8235   4850s] Z12 n340 p0.2 i102 mmfork-cuthill s0: FAILURE  66.6611s
[6730/8235   4850s] Z12 n340 p0.2 i102 minorminer s3: FAILURE  67.2712s
[6731/8235   4850s] Z12 n340 p0.2 i102 minorminer s2: FAILURE  67.4914s
[6732/8235   4851s] Z12 n60 p0.12 i101 minorminer s0: SUCCESS acl=2.4167/2.4 0.6111s
[6733/8235   4851s] Z12 n340 p0.2 i102 minorminer s4: FAILURE  68.0546s
[6734/8235   4851s] Z12 n340 p0.2 i101 attraction s3: FAILURE  71.6902s
[6735/8235   4851s] Z12 n60 p0.12 i101 minorminer s1: SUCCESS acl=2.2667/2.2333 0.8577s
[6736/8235   4851s] Z12 n60 p0.12 i101 minorminer s2: SUCCESS acl=2.1333/2.1167 0.4139s
[6737/8235   4851s] Z12 n60 p0.12 i101 minorminer s3: SUCCESS acl=2.2667/2.2667 0.3052s
[6738/8235   4851s] Z12 n60 p0.12 i101 minorminer s4: SUCCESS acl=2.3167/2.2833 0.3882s
[6739/8235   4852s] Z12 n60 p0.12 i101 mmfork-cuthill s0: SUCCESS acl=2.2667/2.2667 0.4783s
[6740/8235   4852s] Z12 n60 p0.12 i101 mmfork-cuthill s2: SUCCESS acl=2.3667/2.35 0.4936s
[6741/8235   4852s] Z12 n60 p0.12 i101 mmfork-cuthill s1: SUCCESS acl=2.2833/2.2667 0.7318s
[6742/8235   4852s] Z12 n60 p0.12 i101 mmfork-cuthill s3: SUCCESS acl=2.4/2.3833 0.6919s
[6743/8235   4852s] Z12 n340 p0.2 i102 mmfork-cuthill s2: FAILURE  66.4334s
[6744/8235   4852s] Z12 n60 p0.12 i101 mmfork-cuthill s4: SUCCESS acl=2.35/2.3167 0.6354s
[6745/8235   4852s] Z12 n60 p0.12 i101 clmm s2: SUCCESS acl=2.4833/2.45 0.2362s
[6746/8235   4852s] Z12 n60 p0.12 i101 clmm s1: SUCCESS acl=2.3333/2.3333 0.3725s
[6747/8235   4852s] Z12 n60 p0.12 i101 clmm s0: SUCCESS acl=2.3/2.2833 0.544s
[6748/8235   4852s] Z12 n60 p0.12 i101 template s-1: SUCCESS acl=4.2333/4.2333 0.0084s
[6749/8235   4852s] Z12 n60 p0.12 i101 clique s-1: SUCCESS acl=6.0/4.2333 0.0207s
[6750/8235   4853s] Z12 n60 p0.12 i101 pssa s0: SUCCESS acl=4.4/4.2333 0.2806s
[6751/8235   4853s] Z12 n60 p0.12 i101 pssa s1: SUCCESS acl=4.4/4.2333 0.2747s
[6752/8235   4853s] Z12 n60 p0.12 i101 pssa s2: SUCCESS acl=4.4/4.2333 0.2676s
[6753/8235   4853s] Z12 n340 p0.2 i102 mmfork-cuthill s1: FAILURE  68.1151s
[6754/8235   4853s] Z12 n60 p0.12 i101 clmm s4: SUCCESS acl=2.3667/2.3667 0.3484s
[6755/8235   4853s] Z12 n60 p0.12 i101 clmm s3: SUCCESS acl=2.2833/2.2833 0.5135s
[6756/8235   4853s] Z12 n60 p0.12 i101 pssa s3: SUCCESS acl=4.4/4.2333 0.2792s
[6757/8235   4853s] Z12 n60 p0.12 i101 pssa s4: SUCCESS acl=4.4/4.2333 0.2808s
[6758/8235   4853s] Z12 n60 p0.12 i102 minorminer s0: SUCCESS acl=2.4/2.3667 0.5715s
[6759/8235   4854s] Z12 n60 p0.12 i102 minorminer s1: SUCCESS acl=2.3667/2.2833 0.6076s
[6760/8235   4854s] Z12 n340 p0.2 i102 mmfork-cuthill s4: FAILURE  65.1184s
[6761/8235   4854s] Z12 n60 p0.12 i102 minorminer s2: SUCCESS acl=2.15/2.1333 0.2318s
[6762/8235   4855s] Z12 n60 p0.12 i102 minorminer s3: SUCCESS acl=2.2167/2.2167 0.4382s
[6763/8235   4855s] Z12 n60 p0.12 i102 minorminer s4: SUCCESS acl=2.3333/2.3333 0.4794s
[6764/8235   4855s] Z12 n60 p0.12 i101 attraction s2: SUCCESS acl=2.2167/2.1833 2.2733s
[6765/8235   4855s] Z12 n60 p0.12 i101 attraction s0: SUCCESS acl=2.1333/2.1333 2.4056s
[6766/8235   4855s] Z12 n60 p0.12 i101 attraction s3: SUCCESS acl=2.2833/2.25 2.3848s
[6767/8235   4855s] Z12 n340 p0.2 i102 mmfork-cuthill s3: FAILURE  68.2626s
[6768/8235   4855s] Z12 n60 p0.12 i102 mmfork-cuthill s1: SUCCESS acl=2.3167/2.2833 0.4548s
[6769/8235   4855s] Z12 n60 p0.12 i102 mmfork-cuthill s0: SUCCESS acl=2.0833/2.0333 0.5718s
[6770/8235   4855s] Z12 n60 p0.12 i101 attraction s4: SUCCESS acl=2.3/2.2833 2.4439s
[6771/8235   4855s] Z12 n60 p0.12 i102 mmfork-cuthill s2: SUCCESS acl=2.2833/2.2667 0.4281s
[6772/8235   4855s] Z12 n60 p0.12 i101 attraction s1: SUCCESS acl=2.2333/2.2 2.7875s
[6773/8235   4855s] Z12 n60 p0.12 i102 template s-1: SUCCESS acl=3.9167/3.9167 0.0075s
[6774/8235   4855s] Z12 n60 p0.12 i102 clique s-1: SUCCESS acl=6.0/3.9167 0.0233s
[6775/8235   4855s] Z12 n60 p0.12 i102 mmfork-cuthill s4: SUCCESS acl=2.3833/2.3833 0.389s
[6776/8235   4856s] Z12 n60 p0.12 i102 clmm s0: SUCCESS acl=2.3/2.2833 0.4564s
[6777/8235   4856s] Z12 n60 p0.12 i102 clmm s1: SUCCESS acl=2.1667/2.15 0.4149s
[6778/8235   4856s] Z12 n60 p0.12 i102 clmm s2: SUCCESS acl=2.2833/2.2333 0.4s
[6779/8235   4856s] Z12 n60 p0.12 i102 clmm s4: SUCCESS acl=2.3333/2.3 0.3687s
[6780/8235   4856s] Z12 n60 p0.12 i102 pssa s0: SUCCESS acl=4.1167/3.9167 0.2652s
[6781/8235   4856s] Z12 n60 p0.12 i102 clmm s3: SUCCESS acl=2.3167/2.2833 0.4299s
[6782/8235   4856s] Z12 n60 p0.12 i102 pssa s1: SUCCESS acl=4.1167/3.9167 0.2728s
[6783/8235   4856s] Z12 n60 p0.12 i102 pssa s2: SUCCESS acl=4.1167/3.9167 0.2772s
[6784/8235   4856s] Z12 n60 p0.12 i102 mmfork-cuthill s3: SUCCESS acl=2.15/2.15 0.9366s
[6785/8235   4856s] Z12 n60 p0.12 i102 pssa s3: SUCCESS acl=4.1167/3.9167 0.2788s
[6786/8235   4856s] Z12 n60 p0.12 i102 pssa s4: SUCCESS acl=4.1167/3.9167 0.2761s
[6787/8235   4856s] Z12 n60 p0.12 i103 minorminer s0: SUCCESS acl=2.2833/2.25 0.454s
[6788/8235   4857s] Z12 n60 p0.12 i103 minorminer s2: SUCCESS acl=2.4833/2.4 0.562s
[6789/8235   4857s] Z12 n60 p0.12 i103 minorminer s1: SUCCESS acl=2.3667/2.35 0.6944s
[6790/8235   4857s] Z12 n60 p0.12 i103 minorminer s4: SUCCESS acl=2.65/2.6167 0.4861s
[6791/8235   4857s] Z12 n60 p0.12 i103 minorminer s3: SUCCESS acl=2.4667/2.4167 0.6216s
[6792/8235   4857s] Z12 n60 p0.12 i103 mmfork-cuthill s0: SUCCESS acl=2.6833/2.6 0.5235s
[6793/8235   4858s] Z12 n60 p0.12 i103 mmfork-cuthill s3: SUCCESS acl=2.45/2.35 0.3513s
[6794/8235   4858s] Z12 n60 p0.12 i103 mmfork-cuthill s2: SUCCESS acl=2.4667/2.45 0.5447s
[6795/8235   4858s] Z12 n60 p0.12 i103 mmfork-cuthill s1: SUCCESS acl=2.2167/2.2 0.7336s
[6796/8235   4858s] Z12 n60 p0.12 i102 attraction s1: SUCCESS acl=2.1333/2.1 2.054s
[6797/8235   4858s] Z12 n60 p0.12 i102 attraction s3: SUCCESS acl=2.2667/2.2167 2.0614s
[6798/8235   4858s] Z12 n60 p0.12 i102 attraction s0: SUCCESS acl=2.1/2.0667 2.1494s
[6799/8235   4858s] Z12 n60 p0.12 i102 attraction s4: SUCCESS acl=2.2667/2.2333 2.163s
[6800/8235   4858s] Z12 n60 p0.12 i103 template s-1: SUCCESS acl=4.4/4.4 0.0074s
[6801/8235   4858s] Z12 n60 p0.12 i103 mmfork-cuthill s4: SUCCESS acl=2.35/2.3333 0.5789s
[6802/8235   4858s] Z12 n60 p0.12 i103 clmm s1: SUCCESS acl=2.6/2.5667 0.3461s
[6803/8235   4858s] Z12 n60 p0.12 i103 clique s-1: SUCCESS acl=6.0/4.4 0.0233s
[6804/8235   4858s] Z12 n60 p0.12 i103 clmm s3: SUCCESS acl=2.2167/2.2 0.3761s
[6805/8235   4858s] Z12 n60 p0.12 i103 clmm s2: SUCCESS acl=2.5833/2.5667 0.548s
[6806/8235   4858s] Z12 n60 p0.12 i103 clmm s0: SUCCESS acl=2.2833/2.2667 0.8111s
[6807/8235   4858s] Z12 n60 p0.12 i103 pssa s1: SUCCESS acl=4.5167/4.4 0.2746s
[6808/8235   4858s] Z12 n60 p0.12 i103 pssa s0: SUCCESS acl=4.5167/4.4 0.2835s
[6809/8235   4859s] Z12 n60 p0.12 i103 pssa s2: SUCCESS acl=4.5167/4.4 0.2882s
[6810/8235   4859s] Z12 n60 p0.12 i102 attraction s2: SUCCESS acl=2.0833/2.0833 2.6887s
[6811/8235   4859s] Z12 n60 p0.12 i103 clmm s4: SUCCESS acl=2.3333/2.3333 0.615s
[6812/8235   4859s] Z12 n60 p0.12 i103 pssa s3: SUCCESS acl=4.5167/4.4 0.2809s
[6813/8235   4859s] Z12 n60 p0.12 i103 pssa s4: SUCCESS acl=4.5167/4.4 0.2679s
[6814/8235   4861s] Z12 n60 p0.12 i103 attraction s3: SUCCESS acl=2.4/2.3833 2.2863s
[6815/8235   4861s] Z12 n60 p0.12 i103 attraction s1: SUCCESS acl=2.5333/2.5167 2.3541s
[6816/8235   4861s] Z12 n60 p0.12 i103 attraction s4: SUCCESS acl=2.5167/2.4333 2.3085s
[6817/8235   4861s] Z12 n60 p0.12 i103 attraction s2: SUCCESS acl=2.4833/2.4667 2.3673s
[6818/8235   4861s] Z12 n60 p0.12 i103 attraction s0: SUCCESS acl=2.1667/2.15 2.4727s
[6819/8235   4861s] Z12 n340 p0.2 i102 clmm s0: FAILURE  66.8361s
[6820/8235   4862s] Z12 n340 p0.2 i102 clmm s1: FAILURE  66.6006s
[6821/8235   4862s] Z12 n340 p0.2 i102 clmm s2: FAILURE  65.806s
[6822/8235   4863s] Z12 n100 p0.12 i101 minorminer s2: SUCCESS acl=5.32/5.12 4.4737s
[6823/8235   4864s] Z12 n100 p0.12 i101 minorminer s0: SUCCESS acl=5.43/5.27 5.2547s
[6824/8235   4864s] Z12 n100 p0.12 i101 minorminer s3: SUCCESS acl=5.94/5.74 3.1226s
[6825/8235   4864s] Z12 n100 p0.12 i101 minorminer s1: SUCCESS acl=5.23/5.14 5.539s
[6826/8235   4865s] Z12 n100 p0.12 i101 mmfork-cuthill s3: SUCCESS acl=5.49/5.24 3.8786s
[6827/8235   4865s] Z12 n100 p0.12 i101 template s-1: SUCCESS acl=6.94/6.94 0.0238s
[6828/8235   4865s] Z12 n100 p0.12 i101 clique s-1: SUCCESS acl=8.0/6.94 0.0238s
[6829/8235   4865s] Z12 n340 p0.2 i102 clmm s3: FAILURE  66.8755s
[6830/8235   4866s] Z12 n100 p0.12 i101 pssa s0: SUCCESS acl=6.95/6.94 0.356s
[6831/8235   4866s] Z12 n100 p0.12 i101 mmfork-cuthill s4: SUCCESS acl=5.69/5.53 3.4234s
[6832/8235   4866s] Z12 n100 p0.12 i101 pssa s1: SUCCESS acl=6.95/6.94 0.3678s
[6833/8235   4866s] Z12 n340 p0.2 i102 pssa s0: FAILURE  63.39s
[6834/8235   4866s] Z12 n100 p0.12 i101 pssa s2: SUCCESS acl=6.95/6.94 0.3636s
[6835/8235   4866s] Z12 n100 p0.12 i101 pssa s3: SUCCESS acl=6.95/6.94 0.3496s
[6836/8235   4866s] Z12 n100 p0.12 i101 pssa s4: SUCCESS acl=6.95/6.94 0.3536s
[6837/8235   4866s] Z12 n100 p0.12 i101 minorminer s4: SUCCESS acl=5.46/5.32 5.3277s
[6838/8235   4866s] Z12 n100 p0.12 i101 clmm s4: SUCCESS acl=7.95/6.92 2.0045s
[6839/8235   4866s] Z12 n100 p0.12 i101 clmm s0: SUCCESS acl=5.92/5.77 3.9459s
[6840/8235   4867s] Z12 n100 p0.12 i101 mmfork-cuthill s0: SUCCESS acl=5.63/5.42 5.7227s
[6841/8235   4867s] Z12 n100 p0.12 i101 clmm s3: SUCCESS acl=6.16/6.04 3.1762s
[6842/8235   4867s] Z12 n100 p0.12 i101 clmm s2: SUCCESS acl=5.99/5.89 3.6309s
[6843/8235   4868s] Z12 n340 p0.2 i102 clmm s4: FAILURE  68.8793s
[6844/8235   4869s] Z12 n100 p0.12 i101 mmfork-cuthill s1: SUCCESS acl=5.11/4.98 8.2187s
[6845/8235   4869s] Z12 n100 p0.12 i101 mmfork-cuthill s2: SUCCESS acl=5.18/4.99 8.4802s
[6846/8235   4870s] Z12 n100 p0.12 i101 clmm s1: SUCCESS acl=5.51/5.46 7.0836s
[6847/8235   4871s] Z12 n100 p0.12 i102 minorminer s1: SUCCESS acl=5.19/5.04 4.6799s
[6848/8235   4871s] Z12 n340 p0.2 i102 pssa s1: FAILURE  66.8947s
[6849/8235   4871s] Z12 n100 p0.12 i102 minorminer s3: SUCCESS acl=5.33/5.16 4.0716s
[6850/8235   4872s] Z12 n100 p0.12 i102 minorminer s2: SUCCESS acl=5.34/5.17 5.7362s
[6851/8235   4872s] Z12 n340 p0.2 i102 pssa s2: FAILURE  65.2244s
[6852/8235   4872s] Z12 n100 p0.12 i102 minorminer s0: SUCCESS acl=5.17/4.99 6.2512s
[6853/8235   4873s] Z12 n340 p0.2 i102 pssa s4: FAILURE  62.0752s
[6854/8235   4873s] Z12 n100 p0.12 i102 template s-1: SUCCESS acl=7.1/7.1 0.022s
[6855/8235   4873s] Z12 n100 p0.12 i102 clmm s0: SUCCESS acl=7.68/6.98 2.2463s
[6856/8235   4873s] Z12 n100 p0.12 i102 clique s-1: SUCCESS acl=8.0/7.1 0.0253s
[6857/8235   4874s] Z12 n100 p0.12 i102 minorminer s4: SUCCESS acl=5.22/5.01 6.2108s
[6858/8235   4874s] Z12 n100 p0.12 i102 pssa s0: SUCCESS acl=7.11/7.1 0.3516s
[6859/8235   4874s] Z12 n100 p0.12 i102 pssa s1: SUCCESS acl=7.11/7.1 0.365s
[6860/8235   4874s] Z12 n100 p0.12 i102 pssa s2: SUCCESS acl=7.11/7.1 0.3516s
[6861/8235   4874s] Z12 n100 p0.12 i102 pssa s3: SUCCESS acl=7.11/7.1 0.3531s
[6862/8235   4874s] Z12 n100 p0.12 i102 pssa s4: SUCCESS acl=7.11/7.1 0.3615s
[6863/8235   4875s] Z12 n100 p0.12 i102 mmfork-cuthill s3: SUCCESS acl=5.5/5.34 4.2905s
[6864/8235   4875s] Z12 n100 p0.12 i102 mmfork-cuthill s0: SUCCESS acl=5.54/5.33 7.0422s
[6865/8235   4875s] Z12 n340 p0.2 i102 pssa s3: FAILURE  64.784s
[6866/8235   4875s] Z12 n100 p0.12 i102 clmm s2: SUCCESS acl=6.24/6.08 2.9194s
[6867/8235   4875s] Z12 n100 p0.12 i102 mmfork-cuthill s4: SUCCESS acl=5.71/5.51 4.2666s
[6868/8235   4875s] Z12 n100 p0.12 i101 attraction s0: SUCCESS acl=5.47/5.25 9.598s
[6869/8235   4876s] Z12 n100 p0.12 i102 mmfork-cuthill s2: SUCCESS acl=5.54/5.28 6.287s
[6870/8235   4876s] Z12 n100 p0.12 i102 clmm s4: SUCCESS acl=6.01/5.9 3.5022s
[6871/8235   4876s] Z12 n100 p0.12 i101 attraction s4: SUCCESS acl=5.28/5.11 9.8036s
[6872/8235   4876s] Z12 n100 p0.12 i102 mmfork-cuthill s1: SUCCESS acl=5.02/4.85 7.2319s
[6873/8235   4876s] Z12 n100 p0.12 i101 attraction s3: SUCCESS acl=5.49/5.24 10.21s
[6874/8235   4876s] Z12 n340 p0.2 i103 minorminer s2: FAILURE  60.7834s
[6875/8235   4877s] Z12 n100 p0.12 i102 clmm s3: SUCCESS acl=5.97/5.85 4.1931s
[6876/8235   4877s] Z12 n100 p0.12 i101 attraction s1: SUCCESS acl=5.12/5.0 11.1428s
[6877/8235   4877s] Z12 n100 p0.12 i102 clmm s1: SUCCESS acl=5.68/5.62 6.0194s
[6878/8235   4878s] Z12 n100 p0.12 i101 attraction s2: SUCCESS acl=5.19/5.02 12.3794s
[6879/8235   4879s] Z12 n100 p0.12 i103 minorminer s3: SUCCESS acl=5.86/5.58 3.3544s
[6880/8235   4879s] Z12 n100 p0.12 i103 clmm s0: SUCCESS acl=6.28/6.11 2.5106s
[6881/8235   4879s] Z12 n100 p0.12 i103 mmfork-cuthill s4: SUCCESS acl=6.08/5.83 2.7434s
[6882/8235   4879s] Z12 n100 p0.12 i103 template s-1: SUCCESS acl=7.07/7.07 0.0211s
[6883/8235   4879s] Z12 n100 p0.12 i103 clique s-1: SUCCESS acl=8.0/7.07 0.0248s
[6884/8235   4879s] Z12 n340 p0.2 i103 minorminer s0: FAILURE  65.0294s
[6885/8235   4879s] Z12 n100 p0.12 i103 minorminer s0: SUCCESS acl=5.7/5.56 4.2263s
[6886/8235   4880s] Z12 n100 p0.12 i103 pssa s0: SUCCESS acl=7.14/7.07 0.3617s
[6887/8235   4880s] Z12 n100 p0.12 i103 pssa s1: SUCCESS acl=7.14/7.07 0.3613s
[6888/8235   4880s] Z12 n100 p0.12 i103 pssa s2: SUCCESS acl=7.14/7.07 0.3612s
[6889/8235   4880s] Z12 n100 p0.12 i103 pssa s3: SUCCESS acl=7.14/7.07 0.3658s
[6890/8235   4880s] Z12 n100 p0.12 i103 pssa s4: SUCCESS acl=7.14/7.07 0.3606s
[6891/8235   4880s] Z12 n100 p0.12 i103 mmfork-cuthill s3: SUCCESS acl=5.45/5.22 3.9298s
[6892/8235   4881s] Z12 n100 p0.12 i103 mmfork-cuthill s1: SUCCESS acl=5.81/5.6 4.5809s
[6893/8235   4881s] Z12 n100 p0.12 i103 minorminer s2: SUCCESS acl=5.5/5.28 5.2584s
[6894/8235   4882s] Z12 n100 p0.12 i103 minorminer s1: SUCCESS acl=5.36/5.14 6.3144s
[6895/8235   4882s] Z12 n100 p0.12 i103 clmm s4: SUCCESS acl=6.0/5.82 2.8463s
[6896/8235   4883s] Z12 n100 p0.12 i103 clmm s1: SUCCESS acl=5.93/5.79 5.4099s
[6897/8235   4883s] Z12 n340 p0.2 i102 attraction s1: FAILURE  69.6944s
[6898/8235   4883s] Z12 n100 p0.12 i103 clmm s2: SUCCESS acl=5.83/5.76 5.6793s
[6899/8235   4883s] Z12 n340 p0.2 i103 minorminer s1: FAILURE  67.6509s
[6900/8235   4883s] Z12 n100 p0.12 i102 attraction s3: SUCCESS acl=5.9/5.61 8.6778s
[6901/8235   4883s] Z12 n100 p0.12 i103 clmm s3: SUCCESS acl=6.14/5.96 4.8628s
[6902/8235   4883s] Z12 n340 p0.2 i102 attraction s3: FAILURE  69.4708s
[6903/8235   4884s] Z12 n340 p0.2 i102 attraction s0: FAILURE  72.0972s
[6904/8235   4884s] Z12 n340 p0.2 i103 minorminer s3: FAILURE  66.7476s
[6905/8235   4884s] Z12 n340 p0.2 i102 attraction s2: FAILURE  70.2336s
[6906/8235   4884s] Z12 n100 p0.12 i103 minorminer s4: SUCCESS acl=5.13/4.95 8.1471s
[6907/8235   4884s] Z12 n340 p0.2 i102 attraction s4: FAILURE  69.9379s
[6908/8235   4884s] Z12 n160 p0.12 i101 template s-1: SUCCESS acl=10.825/10.825 0.0768s
[6909/8235   4884s] Z12 n160 p0.12 i101 clique s-1: SUCCESS acl=12.0/10.825 0.0233s
[6910/8235   4885s] Z12 n100 p0.12 i103 mmfork-cuthill s0: SUCCESS acl=5.19/5.07 8.8213s
[6911/8235   4885s] Z12 n160 p0.12 i101 pssa s0: SUCCESS acl=10.825/10.825 0.4478s
[6912/8235   4885s] Z12 n160 p0.12 i101 pssa s1: SUCCESS acl=10.825/10.825 0.4447s
[6913/8235   4885s] Z12 n160 p0.12 i101 pssa s2: SUCCESS acl=10.825/10.825 0.4556s
[6914/8235   4885s] Z12 n100 p0.12 i102 attraction s1: SUCCESS acl=5.37/5.12 11.3318s
[6915/8235   4886s] Z12 n340 p0.2 i103 minorminer s4: FAILURE  67.0013s
[6916/8235   4886s] Z12 n160 p0.12 i101 pssa s3: SUCCESS acl=10.825/10.825 0.4488s
[6917/8235   4886s] Z12 n160 p0.12 i101 pssa s4: SUCCESS acl=10.825/10.825 0.4536s
[6918/8235   4886s] Z12 n340 p0.2 i103 mmfork-cuthill s0: FAILURE  66.4449s
[6919/8235   4886s] Z12 n100 p0.12 i102 attraction s2: SUCCESS acl=5.19/4.96 11.9838s
[6920/8235   4887s] Z12 n100 p0.12 i102 attraction s0: SUCCESS acl=4.98/4.74 12.7308s
[6921/8235   4887s] Z12 n100 p0.12 i103 mmfork-cuthill s2: SUCCESS acl=5.31/5.14 10.9171s
[6922/8235   4888s] Z12 n100 p0.12 i102 attraction s4: SUCCESS acl=5.14/4.98 12.815s
[6923/8235   4888s] Z12 n340 p0.2 i103 mmfork-cuthill s1: FAILURE  67.4596s
[6924/8235   4889s] Z12 n100 p0.12 i103 attraction s1: SUCCESS acl=5.85/5.54 8.8129s
[6925/8235   4889s] Z12 n100 p0.12 i103 attraction s0: SUCCESS acl=5.79/5.56 9.1321s
[6926/8235   4889s] Z12 n340 p0.2 i103 mmfork-cuthill s2: FAILURE  67.5336s
[6927/8235   4890s] Z12 n100 p0.12 i103 attraction s4: SUCCESS acl=5.26/5.11 9.6329s
[6928/8235   4890s] Z12 n100 p0.12 i103 attraction s2: SUCCESS acl=5.34/5.14 10.3853s
[6929/8235   4892s] Z12 n100 p0.12 i103 attraction s3: SUCCESS acl=5.3/5.13 11.573s
[6930/8235   4892s] Z12 n160 p0.12 i101 clmm s3: SUCCESS acl=11.9625/10.9437 8.0209s
[6931/8235   4892s] Z12 n160 p0.12 i101 clmm s4: SUCCESS acl=11.9938/10.825 8.1554s
[6932/8235   4892s] Z12 n160 p0.12 i101 clmm s0: SUCCESS acl=11.9625/10.9375 8.9126s
[6933/8235   4892s] Z12 n160 p0.12 i101 clmm s1: SUCCESS acl=11.9812/10.9187 8.6009s
[6934/8235   4893s] Z12 n160 p0.12 i101 clmm s2: SUCCESS acl=11.8438/10.975 8.988s
[6935/8235   4893s] Z12 n160 p0.12 i102 template s-1: SUCCESS acl=10.7562/10.7562 0.0755s
[6936/8235   4893s] Z12 n160 p0.12 i102 clique s-1: SUCCESS acl=12.0/10.7562 0.0237s
[6937/8235   4894s] Z12 n160 p0.12 i102 pssa s0: SUCCESS acl=10.7562/10.7562 0.427s
[6938/8235   4894s] Z12 n340 p0.2 i103 mmfork-cuthill s4: FAILURE  65.5435s
[6939/8235   4894s] Z12 n160 p0.12 i102 pssa s1: SUCCESS acl=10.7562/10.7562 0.4384s
[6940/8235   4895s] Z12 n160 p0.12 i102 pssa s3: SUCCESS acl=10.7562/10.7562 0.4343s
[6941/8235   4895s] Z12 n160 p0.12 i102 pssa s2: SUCCESS acl=10.7562/10.7562 0.4607s
[6942/8235   4895s] Z12 n160 p0.12 i102 pssa s4: SUCCESS acl=10.7562/10.7562 0.4321s
[6943/8235   4896s] Z12 n340 p0.2 i103 mmfork-cuthill s3: FAILURE  70.3289s
[6944/8235   4898s] Z12 n340 p0.2 i103 clmm s1: FAILURE  66.4343s
[6945/8235   4898s] Z12 n340 p0.2 i103 clmm s0: FAILURE  67.0359s
[6946/8235   4899s] Z12 n340 p0.2 i103 clmm s2: FAILURE  66.9782s
[6947/8235   4899s] Z12 n160 p0.12 i101 mmfork-cuthill s2: SUCCESS acl=13.2375/12.2937 16.0102s
[6948/8235   4899s] Z12 n160 p0.12 i102 clmm s0: SUCCESS acl=11.9812/10.875 7.6534s
[6949/8235   4900s] Z12 n160 p0.12 i101 minorminer s0: SUCCESS acl=12.7875/12.0188 19.1089s
[6950/8235   4900s] Z12 n340 p0.2 i103 clmm s3: FAILURE  65.8489s
[6951/8235   4900s] Z12 n160 p0.12 i102 clmm s2: SUCCESS acl=12.0/10.7562 7.6451s
[6952/8235   4900s] Z12 n160 p0.12 i102 clmm s1: SUCCESS acl=11.9938/10.8187 7.7967s
[6953/8235   4900s] Z12 n160 p0.12 i102 clmm s3: SUCCESS acl=11.8938/10.8938 7.8251s
[6954/8235   4900s] Z12 n160 p0.12 i102 clmm s4: SUCCESS acl=11.9875/10.8625 7.7987s
[6955/8235   4902s] Z12 n340 p0.2 i103 pssa s2: FAILURE  64.5342s
[6956/8235   4903s] Z12 n340 p0.2 i103 pssa s0: FAILURE  65.7946s
[6957/8235   4903s] Z12 n160 p0.12 i101 mmfork-cuthill s1: SUCCESS acl=11.5062/10.9313 20.0501s
[6958/8235   4903s] Z12 n340 p0.2 i103 pssa s1: FAILURE  65.9812s
[6959/8235   4903s] Z12 n160 p0.12 i101 minorminer s3: SUCCESS acl=12.1687/11.5312 21.6585s
[6960/8235   4905s] Z12 n340 p0.2 i103 clmm s4: FAILURE  68.4065s
[6961/8235   4906s] Z12 n160 p0.12 i102 minorminer s1: SUCCESS acl=12.6/11.7312 19.2879s
[6962/8235   4906s] Z12 n160 p0.12 i103 template s-1: SUCCESS acl=10.7562/10.7562 0.0925s
[6963/8235   4906s] Z12 n160 p0.12 i103 clique s-1: SUCCESS acl=12.0/10.7562 0.0222s
[6964/8235   4907s] Z12 n160 p0.12 i103 pssa s0: SUCCESS acl=10.7562/10.7562 0.4946s
[6965/8235   4908s] Z12 n160 p0.12 i103 pssa s1: SUCCESS acl=10.7562/10.7562 0.5021s
[6966/8235   4908s] Z12 n160 p0.12 i101 minorminer s4: SUCCESS acl=12.1375/11.4875 25.2441s
[6967/8235   4908s] Z12 n160 p0.12 i102 minorminer s3: SUCCESS acl=11.9688/11.2688 20.0899s
[6968/8235   4908s] Z12 n160 p0.12 i103 pssa s2: SUCCESS acl=10.7562/10.7562 0.5065s
[6969/8235   4908s] Z12 n160 p0.12 i103 pssa s3: SUCCESS acl=10.7562/10.7562 0.5039s
[6970/8235   4909s] Z12 n160 p0.12 i103 pssa s4: SUCCESS acl=10.7562/10.7562 0.5027s
[6971/8235   4910s] Z12 n160 p0.12 i102 mmfork-cuthill s2: SUCCESS acl=11.2562/10.7937 20.4568s
[6972/8235   4911s] Z12 n160 p0.12 i103 clmm s0: SUCCESS acl=11.8688/10.9437 8.0075s
[6973/8235   4911s] Z12 n160 p0.12 i101 minorminer s1: SUCCESS acl=11.9125/11.0938 30.5631s
[6974/8235   4912s] Z12 n160 p0.12 i102 mmfork-cuthill s0: SUCCESS acl=11.5875/10.9563 22.9202s
[6975/8235   4912s] Z12 n160 p0.12 i101 mmfork-cuthill s3: SUCCESS acl=11.9125/11.3438 28.1853s
[6976/8235   4912s] Z12 n340 p0.2 i103 pssa s4: FAILURE  64.678s
[6977/8235   4912s] Z12 n160 p0.12 i103 clmm s3: SUCCESS acl=11.95/11.0312 8.2489s
[6978/8235   4912s] Z12 n160 p0.12 i101 mmfork-cuthill s0: SUCCESS acl=11.8562/11.075 28.9193s
[6979/8235   4912s] Z12 n160 p0.12 i103 clmm s2: SUCCESS acl=11.9625/10.8875 8.4568s
[6980/8235   4912s] Z12 n160 p0.12 i103 clmm s1: SUCCESS acl=11.95/11.0375 9.2054s
[6981/8235   4913s] Z12 n160 p0.12 i103 clmm s4: SUCCESS acl=11.9187/11.025 8.0574s
[6982/8235   4913s] Z12 n160 p0.12 i102 minorminer s0: SUCCESS acl=11.5563/10.9062 27.0654s
[6983/8235   4913s] Z12 n340 p0.2 i103 pssa s3: FAILURE  67.4702s
[6984/8235   4915s] Z12 n160 p0.12 i102 mmfork-cuthill s4: SUCCESS acl=11.7375/11.0813 24.4763s
[6985/8235   4917s] Z12 n160 p0.12 i101 minorminer s2: SUCCESS acl=11.6125/10.9688 35.4703s
[6986/8235   4917s] Z12 n160 p0.12 i101 attraction s2: SUCCESS acl=14.0312/12.8812 31.4128s
[6987/8235   4917s] Z12 n160 p0.12 i103 minorminer s2: SUCCESS acl=12.475/11.7375 17.9599s
[6988/8235   4918s] Z12 n160 p0.12 i103 mmfork-cuthill s3: SUCCESS acl=11.9375/11.3438 17.7617s
[6989/8235   4918s] Z12 n220 p0.12 i101 template s-1: INFEASIBLE  0.0s
[6990/8235   4918s] Z12 n220 p0.12 i101 clique s-1: FAILURE  0.0206s
[6991/8235   4919s] Z12 n340 p0.2 i103 attraction s0: FAILURE  71.3269s
[6992/8235   4919s] Z12 n340 p0.2 i103 attraction s2: FAILURE  69.413s
[6993/8235   4919s] Z12 n340 p0.2 i103 attraction s1: FAILURE  70.661s
[6994/8235   4921s] Z12 n160 p0.12 i103 mmfork-cuthill s2: SUCCESS acl=12.2063/11.4187 20.1545s
[6995/8235   4921s] Z12 n340 p0.2 i103 attraction s4: FAILURE  70.6952s
[6996/8235   4921s] Z12 n160 p0.12 i102 minorminer s4: SUCCESS acl=11.4625/10.725 32.6438s
[6997/8235   4922s] Z12 n160 p0.12 i103 mmfork-cuthill s1: SUCCESS acl=11.4437/10.9375 21.8204s
[6998/8235   4922s] Z12 n160 p0.12 i101 attraction s4: SUCCESS acl=13.3063/12.4187 35.7792s
[6999/8235   4922s] Z12 n340 p0.2 i103 attraction s3: FAILURE  72.2549s
[7000/8235   4924s] Z12 n160 p0.12 i101 attraction s1: SUCCESS acl=13.3063/12.3688 38.584s
[7001/8235   4924s] Z12 n160 p0.12 i103 minorminer s1: SUCCESS acl=12.1813/11.55 25.0584s
[7002/8235   4926s] Z12 n160 p0.12 i102 mmfork-cuthill s3: SUCCESS acl=11.2875/10.7375 36.0571s
[7003/8235   4927s] Z12 n160 p0.12 i102 mmfork-cuthill s1: SUCCESS acl=11.4125/10.7625 37.7645s
[7004/8235   4928s] Z12 n160 p0.12 i101 mmfork-cuthill s4: SUCCESS acl=11.1062/10.55 44.5989s
[7005/8235   4932s] Z12 n160 p0.12 i101 attraction s0: SUCCESS acl=11.7688/11.1813 46.3275s
[7006/8235   4936s] Z12 n160 p0.12 i102 minorminer s2: SUCCESS acl=11.4187/10.7625 48.2907s
[7007/8235   4937s] Z12 n160 p0.12 i103 mmfork-cuthill s4: SUCCESS acl=11.1062/10.5062 34.4189s
[7008/8235   4937s] Z12 n160 p0.12 i103 minorminer s3: SUCCESS acl=11.1438/10.4938 37.0636s
[7009/8235   4937s] Z12 n160 p0.12 i102 attraction s0: SUCCESS acl=12.0062/11.3125 42.5926s
[7010/8235   4938s] Z12 n160 p0.12 i101 attraction s3: SUCCESS acl=11.45/10.8063 52.4337s
[7011/8235   4939s] Z12 n160 p0.12 i103 minorminer s4: SUCCESS acl=11.3187/10.675 39.3048s
[7012/8235   4941s] Z12 n160 p0.12 i103 minorminer s0: SUCCESS acl=11.0125/10.3875 41.5815s
[7013/8235   4941s] Z12 n160 p0.12 i103 attraction s0: SUCCESS acl=13.1125/12.2438 32.916s
[7014/8235   4943s] Z12 n160 p0.12 i103 attraction s3: SUCCESS acl=13.15/12.1562 33.2298s
[7015/8235   4944s] Z12 n160 p0.12 i103 attraction s2: SUCCESS acl=13.0563/12.1562 35.2339s
[7016/8235   4944s] Z12 n220 p0.12 i102 template s-1: INFEASIBLE  0.0s
[7017/8235   4944s] Z12 n220 p0.12 i102 clique s-1: FAILURE  0.0216s
[7018/8235   4944s] Z12 n160 p0.12 i103 mmfork-cuthill s0: SUCCESS acl=11.8187/11.1375 44.2848s
[7019/8235   4945s] Z12 n160 p0.12 i102 attraction s3: SUCCESS acl=12.3625/11.4875 46.6703s
[7020/8235   4947s] Z12 n160 p0.12 i103 attraction s4: SUCCESS acl=12.3688/11.4938 35.8778s
[7021/8235   4952s] Z12 n160 p0.12 i102 attraction s2: SUCCESS acl=10.975/10.4187 55.9833s
[7022/8235   4952s] Z12 n160 p0.12 i102 attraction s4: SUCCESS acl=10.975/10.525 53.5219s
[7023/8235   4955s] Z12 n160 p0.12 i102 attraction s1: SUCCESS acl=11.1875/10.4625 60.0478s
[7024/8235   4965s] Z12 n220 p0.12 i101 clmm s3: SUCCESS acl=17.7909/16.8727 47.0157s
[7025/8235   4967s] Z12 n160 p0.12 i103 attraction s1: SUCCESS acl=10.875/10.3562 58.7774s
[7026/8235   4973s] Z12 n220 p0.12 i101 minorminer s4: FAILURE  61.2592s
[7027/8235   4973s] Z12 n220 p0.12 i101 mmfork-cuthill s1: FAILURE  61.2882s
[7028/8235   4973s] Z12 n220 p0.12 i101 minorminer s1: FAILURE  61.659s
[7029/8235   4974s] Z12 n220 p0.12 i101 minorminer s2: FAILURE  62.1416s
[7030/8235   4974s] Z12 n220 p0.12 i101 mmfork-cuthill s0: FAILURE  61.9701s
[7031/8235   4974s] Z12 n220 p0.12 i101 minorminer s0: FAILURE  62.6793s
[7032/8235   4974s] Z12 n220 p0.12 i101 minorminer s3: FAILURE  62.6527s
[7033/8235   4975s] Z12 n220 p0.12 i101 mmfork-cuthill s2: FAILURE  62.1648s
[7034/8235   4975s] Z12 n220 p0.12 i101 clmm s0: FAILURE  61.2263s
[7035/8235   4975s] Z12 n220 p0.12 i101 mmfork-cuthill s4: FAILURE  61.6027s
[7036/8235   4976s] Z12 n220 p0.12 i101 clmm s1: FAILURE  61.3247s
[7037/8235   4976s] Z12 n220 p0.12 i101 mmfork-cuthill s3: FAILURE  62.8092s
[7038/8235   4979s] Z12 n220 p0.12 i101 clmm s2: FAILURE  61.5143s
[7039/8235   4979s] Z12 n220 p0.12 i101 clmm s4: FAILURE  61.254s
[7040/8235   4980s] Z12 n220 p0.12 i101 pssa s3: FAILURE  61.0602s
[7041/8235   4984s] Z12 n220 p0.12 i101 pssa s2: FAILURE  64.8752s
[7042/8235   4984s] Z12 n220 p0.12 i101 attraction s0: FAILURE  63.2051s
[7043/8235   4984s] Z12 n220 p0.12 i103 template s-1: INFEASIBLE  0.0s
[7044/8235   4984s] Z12 n220 p0.12 i103 clique s-1: FAILURE  0.024s
[7045/8235   4984s] Z12 n220 p0.12 i101 pssa s4: FAILURE  63.7768s
[7046/8235   4985s] Z12 n220 p0.12 i101 attraction s1: FAILURE  63.6051s
[7047/8235   4985s] Z12 n220 p0.12 i101 pssa s0: FAILURE  66.4043s
[7048/8235   4985s] Z12 n220 p0.12 i101 attraction s4: FAILURE  62.3991s
[7049/8235   4985s] Z12 n220 p0.12 i101 attraction s2: FAILURE  63.3048s
[7050/8235   4986s] Z12 n220 p0.12 i102 minorminer s1: FAILURE  61.1575s
[7051/8235   4986s] Z12 n220 p0.12 i101 attraction s3: FAILURE  63.5869s
[7052/8235   4986s] Z12 n220 p0.12 i101 pssa s1: FAILURE  67.683s
[7053/8235   4987s] Z12 n220 p0.12 i102 minorminer s0: FAILURE  62.4705s
[7054/8235   4987s] Z12 n220 p0.12 i102 clmm s1: SUCCESS acl=17.7727/16.7227 47.436s
[7055/8235   4988s] Z12 n220 p0.12 i102 minorminer s2: FAILURE  61.5362s
[7056/8235   4988s] Z12 n220 p0.12 i102 minorminer s3: FAILURE  61.498s
[7057/8235   4990s] Z12 n220 p0.12 i102 minorminer s4: FAILURE  61.6503s
[7058/8235   4994s] Z12 n220 p0.12 i102 mmfork-cuthill s0: FAILURE  62.1869s
[7059/8235   4998s] Z12 n220 p0.12 i102 mmfork-cuthill s2: FAILURE  61.2647s
[7060/8235   4998s] Z12 n220 p0.12 i102 mmfork-cuthill s4: FAILURE  60.9239s
[7061/8235   4998s] Z12 n220 p0.12 i102 mmfork-cuthill s1: FAILURE  62.911s
[7062/8235   4999s] Z12 n220 p0.12 i102 mmfork-cuthill s3: FAILURE  61.6612s
[7063/8235   5000s] Z12 n220 p0.12 i102 clmm s0: FAILURE  61.6762s
[7064/8235   5003s] Z12 n220 p0.12 i102 clmm s2: FAILURE  61.8752s
[7065/8235   5003s] Z12 n220 p0.12 i102 clmm s3: FAILURE  62.1006s
[7066/8235   5003s] Z12 n220 p0.12 i102 clmm s4: SUCCESS acl=17.7227/16.7364 60.1924s
[7067/8235   5009s] Z12 n220 p0.12 i102 pssa s0: FAILURE  65.3073s
[7068/8235   5009s] Z12 n220 p0.12 i102 pssa s1: FAILURE  65.0677s
[7069/8235   5011s] Z12 n220 p0.12 i102 pssa s2: FAILURE  66.1965s
[7070/8235   5011s] Z12 n300 p0.12 i101 template s-1: INFEASIBLE  0.0s
[7071/8235   5011s] Z12 n300 p0.12 i101 clique s-1: FAILURE  0.0233s
[7072/8235   5012s] Z12 n220 p0.12 i102 pssa s3: FAILURE  65.3424s
[7073/8235   5014s] Z12 n220 p0.12 i102 attraction s0: FAILURE  62.6032s
[7074/8235   5018s] Z12 n220 p0.12 i102 pssa s4: FAILURE  66.227s
[7075/8235   5019s] Z12 n220 p0.12 i102 attraction s1: FAILURE  63.9555s
[7076/8235   5025s] Z12 n220 p0.12 i103 clmm s1: SUCCESS acl=18.0318/17.0591 45.6718s
[7077/8235   5028s] Z12 n220 p0.12 i102 attraction s2: FAILURE  62.8905s
[7078/8235   5031s] Z12 n220 p0.12 i102 attraction s3: FAILURE  63.4328s
[7079/8235   5033s] Z12 n220 p0.12 i103 clmm s4: SUCCESS acl=17.6409/16.7091 48.7176s
[7080/8235   5035s] Z12 n220 p0.12 i103 clmm s3: SUCCESS acl=18.0455/17.0682 53.7403s
[7081/8235   5035s] Z12 n220 p0.12 i103 minorminer s0: FAILURE  61.8984s
[7082/8235   5035s] Z12 n220 p0.12 i102 attraction s4: FAILURE  62.505s
[7083/8235   5036s] Z12 n220 p0.12 i103 minorminer s3: FAILURE  61.8372s
[7084/8235   5036s] Z12 n220 p0.12 i103 minorminer s4: FAILURE  61.8881s
[7085/8235   5036s] Z12 n220 p0.12 i103 minorminer s1: FAILURE  62.8633s
[7086/8235   5036s] Z12 n220 p0.12 i103 mmfork-cuthill s0: FAILURE  61.9032s
[7087/8235   5036s] Z12 n220 p0.12 i103 mmfork-cuthill s1: FAILURE  61.6383s
[7088/8235   5036s] Z12 n220 p0.12 i103 mmfork-cuthill s3: FAILURE  61.4397s
[7089/8235   5036s] Z12 n220 p0.12 i103 minorminer s2: FAILURE  62.7418s
[7090/8235   5037s] Z12 n220 p0.12 i103 mmfork-cuthill s2: FAILURE  61.9577s
[7091/8235   5037s] Z12 n220 p0.12 i103 mmfork-cuthill s4: FAILURE  61.2012s
[7092/8235   5038s] Z12 n220 p0.12 i103 clmm s0: FAILURE  61.9782s
[7093/8235   5040s] Z12 n220 p0.12 i103 clmm s2: FAILURE  61.17s
[7094/8235   5047s] Z12 n220 p0.12 i103 pssa s0: FAILURE  62.4675s
[7095/8235   5048s] Z12 n220 p0.12 i103 attraction s0: FAILURE  63.3569s
[7096/8235   5048s] Z12 n220 p0.12 i103 pssa s2: FAILURE  63.9054s
[7097/8235   5048s] Z12 n300 p0.12 i102 template s-1: INFEASIBLE  0.0s
[7098/8235   5049s] Z12 n300 p0.12 i102 clique s-1: FAILURE  0.0233s
[7099/8235   5049s] Z12 n220 p0.12 i103 attraction s2: FAILURE  63.3611s
[7100/8235   5049s] Z12 n220 p0.12 i103 attraction s3: FAILURE  62.7612s
[7101/8235   5049s] Z12 n220 p0.12 i103 attraction s1: FAILURE  63.6814s
[7102/8235   5049s] Z12 n220 p0.12 i103 pssa s1: FAILURE  65.0253s
[7103/8235   5050s] Z12 n220 p0.12 i103 pssa s3: FAILURE  64.9013s
[7104/8235   5050s] Z12 n220 p0.12 i103 pssa s4: FAILURE  65.0214s
[7105/8235   5050s] Z12 n300 p0.12 i101 minorminer s0: FAILURE  62.9073s
[7106/8235   5050s] Z12 n300 p0.12 i101 minorminer s2: FAILURE  62.3193s
[7107/8235   5051s] Z12 n220 p0.12 i103 attraction s4: FAILURE  63.9375s
[7108/8235   5051s] Z12 n300 p0.12 i101 minorminer s1: FAILURE  63.6423s
[7109/8235   5053s] Z12 n300 p0.12 i101 minorminer s3: FAILURE  63.0197s
[7110/8235   5056s] Z12 n300 p0.12 i101 minorminer s4: FAILURE  62.331s
[7111/8235   5061s] Z12 n300 p0.12 i101 mmfork-cuthill s0: FAILURE  62.358s
[7112/8235   5061s] Z12 n300 p0.12 i101 mmfork-cuthill s1: FAILURE  62.4363s
[7113/8235   5061s] Z12 n300 p0.12 i101 mmfork-cuthill s3: FAILURE  62.2119s
[7114/8235   5061s] Z12 n300 p0.12 i101 mmfork-cuthill s2: FAILURE  62.3877s
[7115/8235   5063s] Z12 n300 p0.12 i101 mmfork-cuthill s4: FAILURE  62.7364s
[7116/8235   5066s] Z12 n300 p0.12 i101 clmm s0: FAILURE  63.4411s
[7117/8235   5066s] Z12 n300 p0.12 i101 clmm s1: FAILURE  63.0223s
[7118/8235   5067s] Z12 n300 p0.12 i101 clmm s2: FAILURE  63.8901s
[7119/8235   5073s] Z12 n300 p0.12 i101 clmm s3: FAILURE  63.2463s
[7120/8235   5073s] Z12 n300 p0.12 i101 clmm s4: FAILURE  63.6371s
[7121/8235   5074s] Z12 n300 p0.12 i101 pssa s0: FAILURE  62.5409s
[7122/8235   5076s] Z12 n300 p0.12 i101 pssa s1: FAILURE  63.9334s
[7123/8235   5079s] Z12 n300 p0.12 i101 pssa s2: FAILURE  64.7935s
[7124/8235   5079s] Z12 n300 p0.12 i103 template s-1: INFEASIBLE  0.0s
[7125/8235   5079s] Z12 n300 p0.12 i103 clique s-1: FAILURE  0.0263s
[7126/8235   5081s] Z12 n300 p0.12 i101 pssa s3: FAILURE  62.4228s
[7127/8235   5084s] Z12 n300 p0.12 i101 pssa s4: FAILURE  64.5863s
[7128/8235   5090s] Z12 n300 p0.12 i101 attraction s0: FAILURE  65.118s
[7129/8235   5093s] Z12 n300 p0.12 i101 attraction s1: FAILURE  65.5273s
[7130/8235   5096s] Z12 n300 p0.12 i101 attraction s2: FAILURE  65.0704s
[7131/8235   5098s] Z12 n300 p0.12 i101 attraction s3: FAILURE  65.1867s
[7132/8235   5098s] Z12 n300 p0.12 i102 minorminer s2: FAILURE  62.3242s
[7133/8235   5098s] Z12 n300 p0.12 i102 minorminer s3: FAILURE  62.4224s
[7134/8235   5099s] Z12 n300 p0.12 i102 minorminer s4: FAILURE  62.7404s
[7135/8235   5099s] Z12 n300 p0.12 i102 mmfork-cuthill s3: FAILURE  62.4615s
[7136/8235   5099s] Z12 n300 p0.12 i102 mmfork-cuthill s4: FAILURE  62.5001s
[7137/8235   5099s] Z12 n300 p0.12 i102 minorminer s1: FAILURE  63.6626s
[7138/8235   5099s] Z12 n300 p0.12 i102 mmfork-cuthill s0: FAILURE  63.2108s
[7139/8235   5100s] Z12 n300 p0.12 i102 minorminer s0: FAILURE  64.6233s
[7140/8235   5100s] Z12 n300 p0.12 i102 mmfork-cuthill s1: FAILURE  63.4577s
[7141/8235   5100s] Z12 n300 p0.12 i102 mmfork-cuthill s2: FAILURE  63.5877s
[7142/8235   5100s] Z12 n300 p0.12 i101 attraction s4: FAILURE  65.567s
[7143/8235   5101s] Z12 n300 p0.12 i102 clmm s1: FAILURE  63.0139s
[7144/8235   5101s] Z12 n300 p0.12 i102 clmm s0: FAILURE  64.248s
[7145/8235   5103s] Z12 n300 p0.12 i102 clmm s2: FAILURE  63.4773s
[7146/8235   5110s] Z12 n300 p0.12 i102 clmm s3: FAILURE  63.6176s
[7147/8235   5112s] Z12 n300 p0.12 i102 pssa s4: FAILURE  62.1675s
[7148/8235   5112s] Z12 n300 p0.12 i102 clmm s4: FAILURE  63.1308s
[7149/8235   5112s] Z12 n300 p0.12 i102 pssa s1: FAILURE  63.0475s
[7150/8235   5113s] Z12 n300 p0.12 i102 pssa s3: FAILURE  64.1837s
[7151/8235   5114s] Z12 n400 p0.12 i101 template s-1: INFEASIBLE  0.0s
[7152/8235   5114s] Z12 n400 p0.12 i101 clique s-1: FAILURE  0.0222s
[7153/8235   5115s] Z12 n300 p0.12 i102 attraction s0: FAILURE  65.1002s
[7154/8235   5115s] Z12 n300 p0.12 i102 attraction s2: FAILURE  64.8475s
[7155/8235   5115s] Z12 n300 p0.12 i102 pssa s0: FAILURE  66.4837s
[7156/8235   5115s] Z12 n300 p0.12 i102 attraction s1: FAILURE  65.4076s
[7157/8235   5115s] Z12 n300 p0.12 i103 minorminer s0: FAILURE  64.1832s
[7158/8235   5116s] Z12 n300 p0.12 i102 attraction s4: FAILURE  64.8455s
[7159/8235   5116s] Z12 n300 p0.12 i102 pssa s2: FAILURE  66.6109s
[7160/8235   5117s] Z12 n300 p0.12 i103 minorminer s1: FAILURE  63.8346s
[7161/8235   5118s] Z12 n300 p0.12 i102 attraction s3: FAILURE  67.8324s
[7162/8235   5119s] Z12 n300 p0.12 i103 minorminer s2: FAILURE  62.7999s
[7163/8235   5123s] Z12 n300 p0.12 i103 minorminer s3: FAILURE  62.357s
[7164/8235   5123s] Z12 n300 p0.12 i103 minorminer s4: FAILURE  62.3996s
[7165/8235   5124s] Z12 n300 p0.12 i103 mmfork-cuthill s0: FAILURE  63.4689s
[7166/8235   5124s] Z12 n300 p0.12 i103 mmfork-cuthill s1: FAILURE  63.4931s
[7167/8235   5125s] Z12 n300 p0.12 i103 mmfork-cuthill s2: FAILURE  62.371s
[7168/8235   5129s] Z12 n300 p0.12 i103 mmfork-cuthill s3: FAILURE  62.6588s
[7169/8235   5129s] Z12 n300 p0.12 i103 mmfork-cuthill s4: FAILURE  62.7365s
[7170/8235   5131s] Z12 n300 p0.12 i103 clmm s0: FAILURE  63.1667s
[7171/8235   5134s] Z12 n300 p0.12 i103 clmm s2: FAILURE  60.8574s
[7172/8235   5136s] Z12 n300 p0.12 i103 clmm s1: FAILURE  63.5566s
[7173/8235   5138s] Z12 n300 p0.12 i103 clmm s3: FAILURE  63.9478s
[7174/8235   5139s] Z12 n300 p0.12 i103 clmm s4: FAILURE  63.0521s
[7175/8235   5145s] Z12 n300 p0.12 i103 pssa s0: FAILURE  65.1759s
[7176/8235   5146s] Z12 n300 p0.12 i103 pssa s1: FAILURE  65.5222s
[7177/8235   5148s] Z12 n300 p0.12 i103 pssa s2: FAILURE  64.2798s
[7178/8235   5148s] Z12 n400 p0.12 i102 template s-1: INFEASIBLE  0.0s
[7179/8235   5148s] Z12 n400 p0.12 i102 clique s-1: FAILURE  0.0263s
[7180/8235   5152s] Z12 n300 p0.12 i103 pssa s3: FAILURE  62.694s
[7181/8235   5158s] Z12 n300 p0.12 i103 pssa s4: FAILURE  64.6749s
[7182/8235   5161s] Z12 n300 p0.12 i103 attraction s0: FAILURE  64.8456s
[7183/8235   5163s] Z12 n300 p0.12 i103 attraction s1: FAILURE  64.9097s
[7184/8235   5163s] Z12 n300 p0.12 i103 attraction s2: FAILURE  65.16s
[7185/8235   5164s] Z12 n300 p0.12 i103 attraction s3: FAILURE  65.6398s
[7186/8235   5164s] Z12 n300 p0.12 i103 attraction s4: FAILURE  65.5805s
[7187/8235   5164s] Z12 n400 p0.12 i101 minorminer s3: FAILURE  65.0134s
[7188/8235   5165s] Z12 n400 p0.12 i101 minorminer s0: FAILURE  65.8897s
[7189/8235   5165s] Z12 n400 p0.12 i101 clmm s0: FAILURE  61.563s
[7190/8235   5166s] Z12 n400 p0.12 i101 mmfork-cuthill s3: FAILURE  64.7825s
[7191/8235   5166s] Z12 n400 p0.12 i101 mmfork-cuthill s0: FAILURE  66.5148s
[7192/8235   5167s] Z12 n400 p0.12 i101 minorminer s4: FAILURE  67.1254s
[7193/8235   5167s] Z12 n400 p0.12 i101 mmfork-cuthill s4: FAILURE  65.4132s
[7194/8235   5169s] Z12 n400 p0.12 i101 minorminer s1: FAILURE  69.7034s
[7195/8235   5169s] Z12 n400 p0.12 i101 minorminer s2: FAILURE  69.7824s
[7196/8235   5170s] Z12 n400 p0.12 i101 mmfork-cuthill s1: FAILURE  69.991s
[7197/8235   5170s] Z12 n400 p0.12 i101 mmfork-cuthill s2: FAILURE  70.1026s
[7198/8235   5174s] Z12 n400 p0.12 i101 clmm s4: FAILURE  61.5803s
[7199/8235   5176s] Z12 n400 p0.12 i101 clmm s3: FAILURE  64.2084s
[7200/8235   5176s] Z12 n400 p0.12 i101 clmm s1: FAILURE  65.9479s
[7201/8235   5177s] Z12 n400 p0.12 i101 pssa s4: FAILURE  61.5236s
[7202/8235   5177s] Z12 n400 p0.12 i101 pssa s1: FAILURE  62.2316s
[7203/8235   5177s] Z12 n400 p0.12 i101 pssa s0: FAILURE  63.568s
[7204/8235   5178s] Z12 n400 p0.12 i101 pssa s2: FAILURE  62.8953s
[7205/8235   5178s] Z12 n400 p0.12 i101 clmm s2: FAILURE  66.1325s
[7206/8235   5178s] Z12 n400 p0.12 i103 template s-1: INFEASIBLE  0.0s
[7207/8235   5178s] Z12 n400 p0.12 i103 clique s-1: FAILURE  0.0249s
[7208/8235   5183s] Z12 n400 p0.12 i101 pssa s3: FAILURE  67.7278s
[7209/8235   5184s] Z12 n400 p0.12 i101 attraction s1: FAILURE  68.1209s
[7210/8235   5185s] Z12 n400 p0.12 i101 attraction s3: FAILURE  68.6911s
[7211/8235   5186s] Z12 n400 p0.12 i101 attraction s0: FAILURE  70.1934s
[7212/8235   5186s] Z12 n400 p0.12 i101 attraction s2: FAILURE  70.2804s
[7213/8235   5188s] Z12 n400 p0.12 i101 attraction s4: FAILURE  69.2463s
[7214/8235   5188s] Z12 n400 p0.12 i102 minorminer s2: FAILURE  65.2357s
[7215/8235   5189s] Z12 n400 p0.12 i102 minorminer s3: FAILURE  64.4579s
[7216/8235   5189s] Z12 n400 p0.12 i102 minorminer s0: FAILURE  69.9407s
[7217/8235   5190s] Z12 n400 p0.12 i102 minorminer s1: FAILURE  67.0636s
[7218/8235   5190s] Z12 n80 p0.08 i101 minorminer s0: SUCCESS acl=2.5625/2.55 0.7582s
[7219/8235   5190s] Z12 n400 p0.12 i102 mmfork-cuthill s0: FAILURE  64.8704s
[7220/8235   5190s] Z12 n80 p0.08 i101 minorminer s1: SUCCESS acl=2.5875/2.55 0.4869s
[7221/8235   5191s] Z12 n80 p0.08 i101 minorminer s2: SUCCESS acl=2.3625/2.325 0.6561s
[7222/8235   5191s] Z12 n400 p0.12 i102 minorminer s4: FAILURE  66.3478s
[7223/8235   5191s] Z12 n80 p0.08 i101 minorminer s3: SUCCESS acl=2.5125/2.4875 0.847s
[7224/8235   5191s] Z12 n80 p0.08 i101 minorminer s4: SUCCESS acl=2.7125/2.625 0.5655s
[7225/8235   5191s] Z12 n80 p0.08 i101 mmfork-cuthill s2: SUCCESS acl=2.7/2.65 0.4521s
[7226/8235   5191s] Z12 n80 p0.08 i101 mmfork-cuthill s1: SUCCESS acl=2.625/2.575 0.6536s
[7227/8235   5191s] Z12 n80 p0.08 i101 mmfork-cuthill s0: SUCCESS acl=2.325/2.3 0.8185s
[7228/8235   5192s] Z12 n80 p0.08 i101 mmfork-cuthill s3: SUCCESS acl=2.725/2.725 0.6964s
[7229/8235   5192s] Z12 n80 p0.08 i101 clmm s0: SUCCESS acl=2.5125/2.4375 0.6235s
[7230/8235   5192s] Z12 n80 p0.08 i101 clmm s1: SUCCESS acl=2.65/2.6 0.6724s
[7231/8235   5192s] Z12 n80 p0.08 i101 clmm s2: SUCCESS acl=2.5875/2.55 0.7668s
[7232/8235   5192s] Z12 n80 p0.08 i101 mmfork-cuthill s4: SUCCESS acl=2.4875/2.4625 1.1074s
[7233/8235   5193s] Z12 n80 p0.08 i101 template s-1: SUCCESS acl=5.3/5.3 0.0093s
[7234/8235   5193s] Z12 n80 p0.08 i101 clique s-1: SUCCESS acl=7.0/5.3 0.0222s
[7235/8235   5193s] Z12 n80 p0.08 i101 clmm s3: SUCCESS acl=2.6875/2.65 0.6034s
[7236/8235   5193s] Z12 n80 p0.08 i101 pssa s0: SUCCESS acl=5.3625/5.3 0.2974s
[7237/8235   5193s] Z12 n80 p0.08 i101 pssa s1: SUCCESS acl=5.3625/5.3 0.3119s
[7238/8235   5193s] Z12 n80 p0.08 i101 pssa s2: SUCCESS acl=5.3625/5.3 0.3018s
[7239/8235   5193s] Z12 n80 p0.08 i101 clmm s4: SUCCESS acl=2.4/2.3625 0.88s
[7240/8235   5193s] Z12 n80 p0.08 i101 pssa s3: SUCCESS acl=5.3625/5.3 0.3197s
[7241/8235   5193s] Z12 n80 p0.08 i101 pssa s4: SUCCESS acl=5.3625/5.3 0.3141s
[7242/8235   5194s] Z12 n400 p0.12 i102 mmfork-cuthill s1: FAILURE  65.2629s
[7243/8235   5195s] Z12 n400 p0.12 i102 mmfork-cuthill s3: FAILURE  64.8138s
[7244/8235   5196s] Z12 n80 p0.08 i101 attraction s0: SUCCESS acl=2.3875/2.3375 2.7906s
[7245/8235   5196s] Z12 n80 p0.08 i101 attraction s1: SUCCESS acl=2.3375/2.3 2.7487s
[7246/8235   5196s] Z12 n80 p0.08 i101 attraction s2: SUCCESS acl=2.3625/2.3375 2.9161s
[7247/8235   5196s] Z12 n80 p0.08 i101 attraction s3: SUCCESS acl=2.3/2.275 2.9092s
[7248/8235   5196s] Z12 n80 p0.08 i102 minorminer s2: SUCCESS acl=2.4/2.3875 0.4015s
[7249/8235   5196s] Z12 n80 p0.08 i102 mmfork-cuthill s0: FAILURE  0.0128s
[7250/8235   5196s] Z12 n80 p0.08 i102 mmfork-cuthill s1: FAILURE  0.0089s
[7251/8235   5196s] Z12 n80 p0.08 i102 mmfork-cuthill s2: FAILURE  0.0083s
[7252/8235   5196s] Z12 n80 p0.08 i102 mmfork-cuthill s3: FAILURE  0.0078s
[7253/8235   5196s] Z12 n80 p0.08 i102 mmfork-cuthill s4: FAILURE  0.0078s
[7254/8235   5196s] Z12 n80 p0.08 i102 minorminer s0: SUCCESS acl=2.2125/2.2125 1.0267s
[7255/8235   5196s] Z12 n80 p0.08 i102 minorminer s1: SUCCESS acl=2.325/2.3 0.6861s
[7256/8235   5197s] Z12 n80 p0.08 i102 clmm s0: SUCCESS acl=2.475/2.35 0.2972s
[7257/8235   5197s] Z12 n80 p0.08 i102 minorminer s3: SUCCESS acl=2.3/2.3 0.58s
[7258/8235   5197s] Z12 n80 p0.08 i101 attraction s4: SUCCESS acl=2.3625/2.3125 2.6295s
[7259/8235   5197s] Z12 n80 p0.08 i102 template s-1: SUCCESS acl=4.9375/4.9375 0.0108s
[7260/8235   5197s] Z12 n80 p0.08 i102 clmm s1: SUCCESS acl=2.675/2.5375 0.34s
[7261/8235   5197s] Z12 n80 p0.08 i102 minorminer s4: SUCCESS acl=2.325/2.3125 0.6817s
[7262/8235   5197s] Z12 n80 p0.08 i102 clique s-1: SUCCESS acl=7.0/4.9375 0.0207s
[7263/8235   5197s] Z12 n80 p0.08 i102 clmm s2: SUCCESS acl=2.8/2.65 0.3825s
[7264/8235   5197s] Z12 n80 p0.08 i102 clmm s3: SUCCESS acl=2.675/2.5625 0.4634s
[7265/8235   5197s] Z12 n80 p0.08 i102 clmm s4: SUCCESS acl=2.5375/2.4 0.4197s
[7266/8235   5197s] Z12 n80 p0.08 i102 pssa s0: SUCCESS acl=5.0875/4.9375 0.3085s
[7267/8235   5197s] Z12 n80 p0.08 i102 pssa s1: SUCCESS acl=5.0875/4.9375 0.3167s
[7268/8235   5197s] Z12 n80 p0.08 i102 pssa s2: SUCCESS acl=5.0875/4.9375 0.3275s
[7269/8235   5197s] Z12 n80 p0.08 i102 pssa s3: SUCCESS acl=5.0875/4.9375 0.3171s
[7270/8235   5197s] Z12 n80 p0.08 i102 pssa s4: SUCCESS acl=5.0875/4.9375 0.309s
[7271/8235   5198s] Z12 n80 p0.08 i103 minorminer s0: SUCCESS acl=2.2/2.1875 0.7926s
[7272/8235   5199s] Z12 n400 p0.12 i102 mmfork-cuthill s4: FAILURE  64.738s
[7273/8235   5199s] Z12 n80 p0.08 i103 minorminer s1: SUCCESS acl=2.3875/2.35 0.767s
[7274/8235   5199s] Z12 n80 p0.08 i103 minorminer s2: SUCCESS acl=2.3375/2.325 0.4345s
[7275/8235   5199s] Z12 n400 p0.12 i102 mmfork-cuthill s2: FAILURE  70.0942s
[7276/8235   5199s] Z12 n80 p0.08 i103 minorminer s4: SUCCESS acl=2.6625/2.6 0.2481s
[7277/8235   5200s] Z12 n80 p0.08 i102 attraction s3: SUCCESS acl=2.5125/2.45 2.3668s
[7278/8235   5200s] Z12 n80 p0.08 i103 mmfork-cuthill s0: SUCCESS acl=2.0375/2.0125 0.6717s
[7279/8235   5200s] Z12 n80 p0.08 i103 minorminer s3: SUCCESS acl=2.225/2.1875 1.0022s
[7280/8235   5200s] Z12 n80 p0.08 i102 attraction s4: SUCCESS acl=2.275/2.2625 2.7326s
[7281/8235   5200s] Z12 n80 p0.08 i102 attraction s1: SUCCESS acl=2.4875/2.45 2.8583s
[7282/8235   5200s] Z12 n80 p0.08 i102 attraction s2: SUCCESS acl=2.4/2.3875 2.9882s
[7283/8235   5200s] Z12 n80 p0.08 i103 mmfork-cuthill s1: SUCCESS acl=2.35/2.3125 0.8664s
[7284/8235   5200s] Z12 n80 p0.08 i102 attraction s0: SUCCESS acl=2.275/2.275 3.0819s
[7285/8235   5200s] Z12 n80 p0.08 i103 mmfork-cuthill s2: SUCCESS acl=2.1875/2.175 0.8083s
[7286/8235   5200s] Z12 n80 p0.08 i103 template s-1: SUCCESS acl=4.6375/4.6375 0.0122s
[7287/8235   5200s] Z12 n80 p0.08 i103 clique s-1: SUCCESS acl=7.0/4.6375 0.0211s
[7288/8235   5200s] Z12 n80 p0.08 i103 mmfork-cuthill s4: SUCCESS acl=2.4375/2.4125 0.5254s
[7289/8235   5201s] Z12 n80 p0.08 i103 clmm s2: SUCCESS acl=2.225/2.2125 0.4013s
[7290/8235   5201s] Z12 n80 p0.08 i103 clmm s0: SUCCESS acl=2.3/2.3 0.6884s
[7291/8235   5201s] Z12 n80 p0.08 i103 clmm s4: SUCCESS acl=2.2875/2.2625 0.4274s
[7292/8235   5201s] Z12 n80 p0.08 i103 clmm s1: SUCCESS acl=2.4375/2.4 0.6496s
[7293/8235   5201s] Z12 n80 p0.08 i103 mmfork-cuthill s3: SUCCESS acl=2.1125/2.0875 0.86s
[7294/8235   5201s] Z12 n80 p0.08 i103 pssa s0: SUCCESS acl=4.725/4.6375 0.3153s
[7295/8235   5201s] Z12 n80 p0.08 i103 clmm s3: SUCCESS acl=2.3375/2.325 0.5834s
[7296/8235   5201s] Z12 n80 p0.08 i103 pssa s1: SUCCESS acl=4.725/4.6375 0.3271s
[7297/8235   5201s] Z12 n80 p0.08 i103 pssa s2: SUCCESS acl=4.725/4.6375 0.3204s
[7298/8235   5201s] Z12 n80 p0.08 i103 pssa s4: SUCCESS acl=4.725/4.6375 0.3088s
[7299/8235   5201s] Z12 n80 p0.08 i103 pssa s3: SUCCESS acl=4.725/4.6375 0.3137s
[7300/8235   5202s] Z12 n400 p0.12 i102 clmm s0: FAILURE  65.4142s
[7301/8235   5203s] Z12 n400 p0.12 i102 clmm s1: FAILURE  65.2211s
[7302/8235   5203s] Z12 n80 p0.08 i103 attraction s0: SUCCESS acl=2.275/2.2375 2.4141s
[7303/8235   5203s] Z12 n80 p0.08 i103 attraction s1: SUCCESS acl=2.175/2.175 2.7451s
[7304/8235   5204s] Z12 n80 p0.08 i103 attraction s4: SUCCESS acl=2.0125/2.0 2.694s
[7305/8235   5204s] Z12 n80 p0.08 i103 attraction s2: SUCCESS acl=2.075/2.05 2.9516s
[7306/8235   5204s] Z12 n80 p0.08 i103 attraction s3: SUCCESS acl=2.0625/2.05 3.0692s
[7307/8235   5205s] Z12 n120 p0.08 i101 minorminer s0: SUCCESS acl=5.2167/5.0417 3.6047s
[7308/8235   5205s] Z12 n120 p0.08 i101 minorminer s1: SUCCESS acl=4.9667/4.8167 3.5439s
[7309/8235   5205s] Z12 n120 p0.08 i101 minorminer s2: SUCCESS acl=5.275/5.0583 3.8943s
[7310/8235   5206s] Z12 n120 p0.08 i101 minorminer s3: SUCCESS acl=5.2083/5.025 3.8905s
[7311/8235   5207s] Z12 n120 p0.08 i101 minorminer s4: SUCCESS acl=5.275/5.0167 4.0862s
[7312/8235   5207s] Z12 n120 p0.08 i101 mmfork-cuthill s3: SUCCESS acl=5.2083/5.0583 3.6758s
[7313/8235   5207s] Z12 n120 p0.08 i101 template s-1: SUCCESS acl=7.6/7.6 0.0372s
[7314/8235   5208s] Z12 n120 p0.08 i101 clique s-1: SUCCESS acl=9.0/7.6 0.0208s
[7315/8235   5208s] Z12 n120 p0.08 i101 clmm s1: SUCCESS acl=5.7917/5.675 3.3391s
[7316/8235   5208s] Z12 n120 p0.08 i101 pssa s0: SUCCESS acl=7.6167/7.6 0.4275s
[7317/8235   5208s] Z12 n120 p0.08 i101 clmm s3: SUCCESS acl=5.6167/5.5083 2.6859s
[7318/8235   5208s] Z12 n120 p0.08 i101 mmfork-cuthill s0: SUCCESS acl=5.2167/5.025 5.1203s
[7319/8235   5208s] Z12 n400 p0.12 i102 clmm s2: FAILURE  68.7741s
[7320/8235   5208s] Z12 n120 p0.08 i101 pssa s1: SUCCESS acl=7.6167/7.6 0.4126s
[7321/8235   5208s] Z12 n120 p0.08 i101 pssa s2: SUCCESS acl=7.6167/7.6 0.4246s
[7322/8235   5208s] Z12 n120 p0.08 i101 mmfork-cuthill s2: SUCCESS acl=5.0/4.8417 4.9324s
[7323/8235   5209s] Z12 n120 p0.08 i101 pssa s4: SUCCESS acl=7.6167/7.6 0.4222s
[7324/8235   5209s] Z12 n120 p0.08 i101 pssa s3: SUCCESS acl=7.6167/7.6 0.4397s
[7325/8235   5209s] Z12 n120 p0.08 i101 clmm s0: SUCCESS acl=5.5583/5.4667 4.5345s
[7326/8235   5209s] Z12 n120 p0.08 i101 mmfork-cuthill s4: SUCCESS acl=4.9417/4.7833 5.5063s
[7327/8235   5210s] Z12 n120 p0.08 i101 clmm s4: SUCCESS acl=5.8667/5.7667 2.8595s
[7328/8235   5211s] Z12 n400 p0.12 i102 clmm s3: FAILURE  66.3082s
[7329/8235   5211s] Z12 n120 p0.08 i101 clmm s2: SUCCESS acl=5.425/5.2833 6.198s
[7330/8235   5212s] Z12 n400 p0.12 i102 pssa s0: FAILURE  63.6225s
[7331/8235   5212s] Z12 n120 p0.08 i102 minorminer s1: SUCCESS acl=5.4417/5.225 2.7374s
[7332/8235   5212s] Z12 n120 p0.08 i101 mmfork-cuthill s1: SUCCESS acl=4.8083/4.6583 8.4206s
[7333/8235   5213s] Z12 n400 p0.12 i102 clmm s4: FAILURE  66.9594s
[7334/8235   5213s] Z12 n120 p0.08 i102 minorminer s4: SUCCESS acl=5.6167/5.375 2.5296s
[7335/8235   5214s] Z12 n120 p0.08 i102 minorminer s0: SUCCESS acl=4.9833/4.8417 5.5256s
[7336/8235   5214s] Z12 n120 p0.08 i102 minorminer s2: SUCCESS acl=5.1083/4.95 4.8347s
[7337/8235   5215s] Z12 n120 p0.08 i102 mmfork-cuthill s0: SUCCESS acl=5.0333/4.9333 3.8057s
[7338/8235   5215s] Z12 n400 p0.12 i102 pssa s1: FAILURE  62.6818s
[7339/8235   5216s] Z12 n120 p0.08 i102 mmfork-cuthill s4: SUCCESS acl=5.4583/5.2833 3.0251s
[7340/8235   5216s] Z12 n120 p0.08 i102 template s-1: SUCCESS acl=7.45/7.45 0.0323s
[7341/8235   5216s] Z12 n120 p0.08 i102 clique s-1: SUCCESS acl=9.0/7.45 0.0232s
[7342/8235   5217s] Z12 n120 p0.08 i101 attraction s1: SUCCESS acl=5.2667/5.05 8.1964s
[7343/8235   5217s] Z12 n120 p0.08 i102 pssa s0: SUCCESS acl=7.5/7.45 0.3891s
[7344/8235   5217s] Z12 n120 p0.08 i102 mmfork-cuthill s3: SUCCESS acl=4.9667/4.85 5.0052s
[7345/8235   5217s] Z12 n120 p0.08 i102 pssa s1: SUCCESS acl=7.5/7.45 0.4163s
[7346/8235   5217s] Z12 n120 p0.08 i102 pssa s2: SUCCESS acl=7.5/7.45 0.3949s
[7347/8235   5217s] Z12 n120 p0.08 i102 pssa s3: SUCCESS acl=7.5/7.45 0.3986s
[7348/8235   5217s] Z12 n120 p0.08 i102 pssa s4: SUCCESS acl=7.5/7.45 0.3972s
[7349/8235   5218s] Z12 n120 p0.08 i102 mmfork-cuthill s2: SUCCESS acl=5.0833/4.9333 6.0981s
[7350/8235   5218s] Z12 n120 p0.08 i102 mmfork-cuthill s1: SUCCESS acl=4.7/4.6 6.5136s
[7351/8235   5219s] Z12 n120 p0.08 i102 minorminer s3: SUCCESS acl=4.875/4.7417 8.5084s
[7352/8235   5219s] Z12 n120 p0.08 i102 clmm s2: SUCCESS acl=5.2167/5.1 4.6671s
[7353/8235   5220s] Z12 n120 p0.08 i101 attraction s2: SUCCESS acl=4.6833/4.5167 11.0705s
[7354/8235   5220s] Z12 n120 p0.08 i101 attraction s3: SUCCESS acl=4.8917/4.7583 11.5421s
[7355/8235   5220s] Z12 n120 p0.08 i102 clmm s3: SUCCESS acl=5.475/5.3333 5.1454s
[7356/8235   5220s] Z12 n120 p0.08 i102 clmm s0: SUCCESS acl=5.3417/5.225 6.7517s
[7357/8235   5221s] Z12 n120 p0.08 i102 clmm s1: SUCCESS acl=5.4417/5.3167 6.2409s
[7358/8235   5221s] Z12 n120 p0.08 i101 attraction s4: SUCCESS acl=4.7667/4.65 12.2525s
[7359/8235   5221s] Z12 n120 p0.08 i101 attraction s0: SUCCESS acl=5.0167/4.8917 12.9484s
[7360/8235   5222s] Z12 n120 p0.08 i103 minorminer s1: SUCCESS acl=4.9583/4.8 3.4183s
[7361/8235   5223s] Z12 n120 p0.08 i103 minorminer s0: SUCCESS acl=4.9083/4.7083 4.0138s
[7362/8235   5223s] Z12 n120 p0.08 i102 clmm s4: SUCCESS acl=5.5/5.3 7.6089s
[7363/8235   5223s] Z12 n120 p0.08 i103 minorminer s2: SUCCESS acl=5.15/4.975 3.5952s
[7364/8235   5223s] Z12 n400 p0.12 i102 pssa s2: FAILURE  65.3677s
[7365/8235   5224s] Z12 n120 p0.08 i103 mmfork-cuthill s0: SUCCESS acl=5.0/4.875 4.0981s
[7366/8235   5225s] Z12 n120 p0.08 i103 mmfork-cuthill s2: SUCCESS acl=4.8583/4.7 4.1242s
[7367/8235   5225s] Z12 n120 p0.08 i103 minorminer s3: SUCCESS acl=4.8417/4.7 5.0669s
[7368/8235   5225s] Z12 n120 p0.08 i103 template s-1: SUCCESS acl=7.65/7.65 0.0337s
[7369/8235   5225s] Z12 n120 p0.08 i103 clique s-1: SUCCESS acl=9.0/7.65 0.0237s
[7370/8235   5225s] Z12 n120 p0.08 i103 minorminer s4: SUCCESS acl=4.9583/4.7833 5.1981s
[7371/8235   5226s] Z12 n120 p0.08 i103 pssa s0: SUCCESS acl=7.7417/7.65 0.3988s
[7372/8235   5226s] Z12 n120 p0.08 i103 clmm s0: SUCCESS acl=5.6917/5.5667 3.0733s
[7373/8235   5226s] Z12 n120 p0.08 i103 pssa s1: SUCCESS acl=7.7417/7.65 0.3978s
[7374/8235   5226s] Z12 n120 p0.08 i102 attraction s1: SUCCESS acl=5.4917/5.2167 8.287s
[7375/8235   5226s] Z12 n120 p0.08 i103 pssa s2: SUCCESS acl=7.7417/7.65 0.3994s
[7376/8235   5226s] Z12 n120 p0.08 i103 pssa s3: SUCCESS acl=7.7417/7.65 0.3984s
[7377/8235   5226s] Z12 n120 p0.08 i103 pssa s4: SUCCESS acl=7.7417/7.65 0.4105s
[7378/8235   5226s] Z12 n120 p0.08 i102 attraction s0: SUCCESS acl=5.55/5.325 9.0068s
[7379/8235   5226s] Z12 n400 p0.12 i102 pssa s4: FAILURE  63.3538s
[7380/8235   5226s] Z12 n120 p0.08 i103 clmm s1: SUCCESS acl=5.3833/5.2417 3.3276s
[7381/8235   5227s] Z12 n120 p0.08 i103 mmfork-cuthill s4: SUCCESS acl=4.95/4.75 4.1703s
[7382/8235   5227s] Z12 n120 p0.08 i103 clmm s3: SUCCESS acl=5.4667/5.3667 3.4076s
[7383/8235   5227s] Z12 n120 p0.08 i103 clmm s4: SUCCESS acl=5.775/5.6667 2.453s
[7384/8235   5227s] Z12 n120 p0.08 i103 clmm s2: SUCCESS acl=5.5833/5.45 3.7259s
[7385/8235   5228s] Z12 n120 p0.08 i103 mmfork-cuthill s3: SUCCESS acl=4.9333/4.8083 6.3999s
[7386/8235   5228s] Z12 n400 p0.12 i102 pssa s3: FAILURE  67.3783s
[7387/8235   5228s] Z12 n120 p0.08 i102 attraction s2: SUCCESS acl=5.1417/5.0 10.7363s
[7388/8235   5228s] Z12 n120 p0.08 i103 mmfork-cuthill s1: SUCCESS acl=4.6167/4.4917 7.8903s
[7389/8235   5230s] Z12 n120 p0.08 i102 attraction s4: SUCCESS acl=4.6583/4.5417 11.5706s
[7390/8235   5230s] Z12 n120 p0.08 i102 attraction s3: SUCCESS acl=4.9417/4.7417 12.0541s
[7391/8235   5231s] Z12 n400 p0.12 i103 minorminer s1: FAILURE  65.2633s
[7392/8235   5231s] Z12 n400 p0.12 i103 minorminer s0: FAILURE  66.3495s
[7393/8235   5232s] Z12 n400 p0.12 i103 minorminer s4: FAILURE  65.0694s
[7394/8235   5232s] Z12 n400 p0.12 i103 minorminer s2: FAILURE  65.8916s
[7395/8235   5232s] Z12 n180 p0.08 i101 template s-1: SUCCESS acl=11.7556/11.7556 0.0871s
[7396/8235   5232s] Z12 n180 p0.08 i101 clique s-1: SUCCESS acl=13.0/11.7556 0.0244s
[7397/8235   5233s] Z12 n400 p0.12 i102 attraction s2: FAILURE  68.1072s
[7398/8235   5233s] Z12 n180 p0.08 i101 pssa s0: SUCCESS acl=11.7556/11.7556 0.4183s
[7399/8235   5233s] Z12 n180 p0.08 i101 pssa s1: SUCCESS acl=11.7556/11.7556 0.4275s
[7400/8235   5233s] Z12 n400 p0.12 i102 attraction s4: FAILURE  67.9557s
[7401/8235   5233s] Z12 n180 p0.08 i101 pssa s2: SUCCESS acl=11.7556/11.7556 0.4289s
[7402/8235   5233s] Z12 n180 p0.08 i101 pssa s3: SUCCESS acl=11.7556/11.7556 0.4269s
[7403/8235   5233s] Z12 n180 p0.08 i101 pssa s4: SUCCESS acl=11.7556/11.7556 0.4284s
[7404/8235   5233s] Z12 n120 p0.08 i103 attraction s1: SUCCESS acl=5.3917/5.1667 7.6065s
[7405/8235   5233s] Z12 n120 p0.08 i103 attraction s2: SUCCESS acl=4.925/4.7667 7.5073s
[7406/8235   5234s] Z12 n400 p0.12 i102 attraction s3: FAILURE  69.3428s
[7407/8235   5234s] Z12 n400 p0.12 i103 minorminer s3: FAILURE  67.3677s
[7408/8235   5234s] Z12 n180 p0.08 i101 clmm s0: SUCCESS acl=12.9889/11.7556 5.9035s
[7409/8235   5235s] Z12 n400 p0.12 i103 mmfork-cuthill s2: FAILURE  64.6311s
[7410/8235   5235s] Z12 n120 p0.08 i103 attraction s4: SUCCESS acl=5.1167/4.925 8.6823s
[7411/8235   5235s] Z12 n400 p0.12 i103 mmfork-cuthill s3: FAILURE  64.8194s
[7412/8235   5235s] Z12 n400 p0.12 i103 mmfork-cuthill s0: FAILURE  66.3842s
[7413/8235   5235s] Z12 n120 p0.08 i103 attraction s0: SUCCESS acl=4.9583/4.8417 9.6461s
[7414/8235   5236s] Z12 n400 p0.12 i103 mmfork-cuthill s1: FAILURE  66.813s
[7415/8235   5236s] Z12 n400 p0.12 i102 attraction s1: FAILURE  72.0725s
[7416/8235   5237s] Z12 n120 p0.08 i103 attraction s3: SUCCESS acl=4.7417/4.575 10.4284s
[7417/8235   5237s] Z12 n400 p0.12 i102 attraction s0: FAILURE  73.6938s
[7418/8235   5238s] Z12 n180 p0.08 i101 clmm s1: SUCCESS acl=10.6444/10.4833 8.0877s
[7419/8235   5238s] Z12 n180 p0.08 i101 clmm s4: SUCCESS acl=10.6944/10.4944 6.9464s
[7420/8235   5239s] Z12 n180 p0.08 i101 clmm s3: SUCCESS acl=10.5778/10.4056 7.7345s
[7421/8235   5239s] Z12 n180 p0.08 i102 template s-1: SUCCESS acl=11.45/11.45 0.1236s
[7422/8235   5239s] Z12 n180 p0.08 i102 clique s-1: SUCCESS acl=13.0/11.45 0.0231s
[7423/8235   5240s] Z12 n400 p0.12 i103 mmfork-cuthill s4: FAILURE  66.2738s
[7424/8235   5240s] Z12 n180 p0.08 i102 pssa s0: SUCCESS acl=11.45/11.45 0.5777s
[7425/8235   5241s] Z12 n180 p0.08 i102 pssa s1: SUCCESS acl=11.45/11.45 0.5794s
[7426/8235   5241s] Z12 n180 p0.08 i102 pssa s2: SUCCESS acl=11.45/11.45 0.586s
[7427/8235   5241s] Z12 n400 p0.12 i103 pssa s0: FAILURE  63.1534s
[7428/8235   5241s] Z12 n180 p0.08 i102 pssa s3: SUCCESS acl=11.45/11.45 0.5745s
[7429/8235   5241s] Z12 n180 p0.08 i102 pssa s4: SUCCESS acl=11.45/11.45 0.5777s
[7430/8235   5242s] Z12 n400 p0.12 i103 clmm s1: FAILURE  65.7867s
[7431/8235   5242s] Z12 n400 p0.12 i103 clmm s0: FAILURE  66.4286s
[7432/8235   5242s] Z12 n180 p0.08 i102 clmm s0: SUCCESS acl=12.9056/11.4667 6.115s
[7433/8235   5243s] Z12 n400 p0.12 i103 clmm s3: FAILURE  66.2102s
[7434/8235   5243s] Z12 n180 p0.08 i101 mmfork-cuthill s0: SUCCESS acl=11.7444/11.0167 16.2662s
[7435/8235   5243s] Z12 n400 p0.12 i103 clmm s4: FAILURE  66.139s
[7436/8235   5244s] Z12 n400 p0.12 i103 clmm s2: FAILURE  67.2639s
[7437/8235   5245s] Z12 n400 p0.12 i103 pssa s1: FAILURE  66.9835s
[7438/8235   5245s] Z12 n180 p0.08 i102 clmm s1: SUCCESS acl=10.3722/10.2111 8.4064s
[7439/8235   5245s] Z12 n180 p0.08 i101 minorminer s3: SUCCESS acl=11.0222/10.4056 18.8366s
[7440/8235   5246s] Z12 n180 p0.08 i102 clmm s4: SUCCESS acl=10.5722/10.3944 7.1171s
[7441/8235   5247s] Z12 n180 p0.08 i101 mmfork-cuthill s4: SUCCESS acl=10.4444/9.9056 18.2908s
[7442/8235   5247s] Z12 n180 p0.08 i102 clmm s3: SUCCESS acl=10.25/10.1 8.5515s
[7443/8235   5247s] Z12 n180 p0.08 i101 clmm s2: SUCCESS acl=10.3167/10.1833 16.7395s
[7444/8235   5248s] Z12 n180 p0.08 i101 mmfork-cuthill s1: SUCCESS acl=11.1111/10.5 20.6152s
[7445/8235   5248s] Z12 n180 p0.08 i102 mmfork-cuthill s1: SUCCESS acl=10.5722/10.0722 12.718s
[7446/8235   5248s] Z12 n180 p0.08 i101 mmfork-cuthill s2: SUCCESS acl=10.8278/10.2778 20.4392s
[7447/8235   5249s] Z12 n180 p0.08 i102 minorminer s1: SUCCESS acl=10.3778/9.7833 14.9538s
[7448/8235   5249s] Z12 n180 p0.08 i101 mmfork-cuthill s3: SUCCESS acl=11.0778/10.5222 20.8158s
[7449/8235   5249s] Z12 n180 p0.08 i103 template s-1: SUCCESS acl=11.6222/11.6222 0.1268s
[7450/8235   5249s] Z12 n180 p0.08 i103 clique s-1: SUCCESS acl=13.0/11.6222 0.0239s
[7451/8235   5249s] Z12 n180 p0.08 i101 minorminer s2: SUCCESS acl=11.0/10.5278 23.0026s
[7452/8235   5249s] Z12 n400 p0.12 i103 pssa s3: FAILURE  65.6522s
[7453/8235   5250s] Z12 n400 p0.12 i103 pssa s2: FAILURE  66.72s
[7454/8235   5250s] Z12 n180 p0.08 i103 pssa s0: SUCCESS acl=11.6222/11.6222 0.5472s
[7455/8235   5250s] Z12 n180 p0.08 i103 pssa s1: SUCCESS acl=11.6222/11.6222 0.5355s
[7456/8235   5250s] Z12 n180 p0.08 i101 minorminer s0: SUCCESS acl=10.6056/10.0444 23.568s
[7457/8235   5250s] Z12 n180 p0.08 i103 pssa s2: SUCCESS acl=11.6222/11.6222 0.5447s
[7458/8235   5250s] Z12 n180 p0.08 i103 pssa s3: SUCCESS acl=11.6222/11.6222 0.5305s
[7459/8235   5250s] Z12 n180 p0.08 i103 pssa s4: SUCCESS acl=11.6222/11.6222 0.538s
[7460/8235   5252s] Z12 n180 p0.08 i102 clmm s2: SUCCESS acl=10.2222/10.0833 15.3919s
[7461/8235   5252s] Z12 n400 p0.12 i103 pssa s4: FAILURE  67.1439s
[7462/8235   5253s] Z12 n180 p0.08 i102 mmfork-cuthill s0: SUCCESS acl=10.3944/9.9167 18.0855s
[7463/8235   5253s] Z12 n180 p0.08 i103 clmm s1: SUCCESS acl=12.9611/11.6833 6.4892s
[7464/8235   5253s] Z12 n180 p0.08 i102 minorminer s4: SUCCESS acl=10.6111/10.0667 18.794s
[7465/8235   5254s] Z12 n180 p0.08 i101 minorminer s4: SUCCESS acl=10.8222/10.1722 27.4868s
[7466/8235   5254s] Z12 n180 p0.08 i103 clmm s2: SUCCESS acl=12.8667/11.6 6.5321s
[7467/8235   5255s] Z12 n180 p0.08 i103 minorminer s0: SUCCESS acl=12.1167/11.2722 12.1284s
[7468/8235   5255s] Z12 n400 p0.12 i103 attraction s0: FAILURE  68.866s
[7469/8235   5255s] Z12 n180 p0.08 i103 clmm s4: SUCCESS acl=10.7778/10.5667 6.7133s
[7470/8235   5255s] Z12 n180 p0.08 i102 minorminer s2: SUCCESS acl=10.0333/9.4611 21.1232s
[7471/8235   5256s] Z12 n180 p0.08 i103 clmm s0: SUCCESS acl=10.4722/10.3 8.7136s
[7472/8235   5256s] Z12 n400 p0.12 i103 attraction s1: FAILURE  69.6372s
[7473/8235   5256s] Z12 n180 p0.08 i102 mmfork-cuthill s4: SUCCESS acl=10.6222/10.2056 19.943s
[7474/8235   5256s] Z12 n180 p0.08 i102 minorminer s3: SUCCESS acl=10.0/9.4667 21.4158s
[7475/8235   5256s] Z12 n260 p0.08 i101 template s-1: INFEASIBLE  0.0s
[7476/8235   5256s] Z12 n260 p0.08 i101 clique s-1: FAILURE  0.0213s
[7477/8235   5256s] Z12 n180 p0.08 i101 minorminer s1: SUCCESS acl=10.3389/9.7556 29.7844s
[7478/8235   5256s] Z12 n180 p0.08 i103 minorminer s1: SUCCESS acl=11.4889/10.8333 12.9783s
[7479/8235   5257s] Z12 n400 p0.12 i103 attraction s3: FAILURE  68.7303s
[7480/8235   5258s] Z12 n180 p0.08 i103 minorminer s2: SUCCESS acl=10.9778/10.3167 14.4365s
[7481/8235   5258s] Z12 n400 p0.12 i103 attraction s2: FAILURE  70.2243s
[7482/8235   5258s] Z12 n180 p0.08 i102 mmfork-cuthill s3: SUCCESS acl=10.25/9.7611 22.3868s
[7483/8235   5258s] Z12 n180 p0.08 i103 clmm s3: SUCCESS acl=10.2778/10.05 10.4144s
[7484/8235   5259s] Z12 n400 p0.12 i103 attraction s4: FAILURE  70.0731s
[7485/8235   5259s] Z12 n180 p0.08 i102 minorminer s0: SUCCESS acl=10.2167/9.6833 25.5849s
[7486/8235   5260s] Z12 n180 p0.08 i103 mmfork-cuthill s2: SUCCESS acl=11.3222/10.6389 14.3681s
[7487/8235   5265s] Z12 n180 p0.08 i101 attraction s3: SUCCESS acl=11.1833/10.4167 31.8055s
[7488/8235   5265s] Z12 n180 p0.08 i103 mmfork-cuthill s0: SUCCESS acl=10.1611/9.6278 20.4678s
[7489/8235   5266s] Z12 n180 p0.08 i102 mmfork-cuthill s2: SUCCESS acl=9.9722/9.55 30.3036s
[7490/8235   5266s] Z12 n180 p0.08 i103 minorminer s3: SUCCESS acl=10.9944/10.3389 22.7267s
[7491/8235   5267s] Z12 n180 p0.08 i101 attraction s2: SUCCESS acl=10.6222/10.2278 34.0625s
[7492/8235   5269s] Z12 n180 p0.08 i101 attraction s4: SUCCESS acl=10.2167/9.6444 35.705s
[7493/8235   5269s] Z12 n180 p0.08 i102 attraction s1: SUCCESS acl=11.0722/10.3278 28.1927s
[7494/8235   5272s] Z12 n180 p0.08 i103 mmfork-cuthill s3: SUCCESS acl=10.6167/10.1111 25.866s
[7495/8235   5273s] Z12 n180 p0.08 i102 attraction s0: SUCCESS acl=10.5611/9.95 32.3695s
[7496/8235   5274s] Z12 n180 p0.08 i101 attraction s0: SUCCESS acl=10.15/9.6333 41.1582s
[7497/8235   5275s] Z12 n180 p0.08 i102 attraction s2: SUCCESS acl=10.3056/9.7667 33.8683s
[7498/8235   5276s] Z12 n180 p0.08 i102 attraction s4: SUCCESS acl=10.7333/10.1222 33.5021s
[7499/8235   5276s] Z12 n180 p0.08 i102 attraction s3: SUCCESS acl=10.1833/9.6333 34.3431s
[7500/8235   5277s] Z12 n180 p0.08 i101 attraction s1: SUCCESS acl=9.9833/9.4333 44.2863s
[7501/8235   5280s] Z12 n180 p0.08 i103 minorminer s4: SUCCESS acl=9.8778/9.3889 35.7876s
[7502/8235   5280s] Z12 n260 p0.08 i102 template s-1: INFEASIBLE  0.0s
[7503/8235   5280s] Z12 n260 p0.08 i102 clique s-1: FAILURE  0.0218s
[7504/8235   5280s] Z12 n180 p0.08 i103 attraction s4: SUCCESS acl=10.8278/10.1556 30.0202s
[7505/8235   5280s] Z12 n180 p0.08 i103 attraction s3: SUCCESS acl=11.4722/10.6278 30.3514s
[7506/8235   5282s] Z12 n180 p0.08 i103 attraction s1: SUCCESS acl=10.9722/10.3667 31.8246s
[7507/8235   5282s] Z12 n180 p0.08 i103 mmfork-cuthill s4: SUCCESS acl=9.7556/9.2833 34.9744s
[7508/8235   5282s] Z12 n180 p0.08 i103 attraction s0: SUCCESS acl=10.4/9.8444 32.7135s
[7509/8235   5287s] Z12 n180 p0.08 i103 mmfork-cuthill s1: SUCCESS acl=9.8333/9.4222 42.0307s
[7510/8235   5287s] Z12 n180 p0.08 i103 attraction s2: SUCCESS acl=10.0667/9.5222 37.5225s
[7511/8235   5312s] Z12 n260 p0.08 i101 minorminer s0: FAILURE  61.3396s
[7512/8235   5314s] Z12 n260 p0.08 i101 minorminer s1: FAILURE  61.6662s
[7513/8235   5314s] Z12 n260 p0.08 i101 minorminer s2: FAILURE  61.7881s
[7514/8235   5315s] Z12 n260 p0.08 i101 mmfork-cuthill s0: FAILURE  61.2813s
[7515/8235   5315s] Z12 n260 p0.08 i101 minorminer s4: FAILURE  61.5139s
[7516/8235   5315s] Z12 n260 p0.08 i101 minorminer s3: FAILURE  62.4259s
[7517/8235   5316s] Z12 n260 p0.08 i101 mmfork-cuthill s4: FAILURE  61.2711s
[7518/8235   5316s] Z12 n260 p0.08 i101 mmfork-cuthill s2: FAILURE  61.7551s
[7519/8235   5316s] Z12 n260 p0.08 i101 mmfork-cuthill s3: FAILURE  61.6844s
[7520/8235   5316s] Z12 n260 p0.08 i101 clmm s0: FAILURE  61.3755s
[7521/8235   5317s] Z12 n260 p0.08 i101 mmfork-cuthill s1: FAILURE  62.3491s
[7522/8235   5317s] Z12 n260 p0.08 i101 clmm s2: FAILURE  61.7599s
[7523/8235   5317s] Z12 n260 p0.08 i101 clmm s4: FAILURE  61.5406s
[7524/8235   5318s] Z12 n260 p0.08 i101 clmm s1: FAILURE  62.3258s
[7525/8235   5318s] Z12 n260 p0.08 i101 clmm s3: FAILURE  62.5631s
[7526/8235   5320s] Z12 n260 p0.08 i101 attraction s0: FAILURE  62.4217s
[7527/8235   5320s] Z12 n260 p0.08 i101 attraction s1: FAILURE  62.6549s
[7528/8235   5321s] Z12 n260 p0.08 i102 minorminer s0: FAILURE  61.2734s
[7529/8235   5321s] Z12 n260 p0.08 i103 template s-1: INFEASIBLE  0.0s
[7530/8235   5321s] Z12 n260 p0.08 i103 clique s-1: FAILURE  0.0223s
[7531/8235   5321s] Z12 n260 p0.08 i101 attraction s3: FAILURE  62.6171s
[7532/8235   5322s] Z12 n260 p0.08 i101 attraction s2: FAILURE  63.0652s
[7533/8235   5322s] Z12 n260 p0.08 i101 attraction s4: FAILURE  62.8s
[7534/8235   5323s] Z12 n260 p0.08 i101 pssa s3: FAILURE  65.7891s
[7535/8235   5323s] Z12 n260 p0.08 i101 pssa s1: FAILURE  67.3542s
[7536/8235   5324s] Z12 n260 p0.08 i101 pssa s4: FAILURE  66.0118s
[7537/8235   5324s] Z12 n260 p0.08 i101 pssa s0: FAILURE  67.8103s
[7538/8235   5324s] Z12 n260 p0.08 i101 pssa s2: FAILURE  67.7718s
[7539/8235   5326s] Z12 n260 p0.08 i102 minorminer s2: FAILURE  60.9168s
[7540/8235   5326s] Z12 n260 p0.08 i102 minorminer s1: FAILURE  61.4015s
[7541/8235   5327s] Z12 n260 p0.08 i102 minorminer s3: FAILURE  61.9299s
[7542/8235   5328s] Z12 n260 p0.08 i102 minorminer s4: FAILURE  61.8678s
[7543/8235   5329s] Z12 n260 p0.08 i102 mmfork-cuthill s0: FAILURE  61.4701s
[7544/8235   5331s] Z12 n260 p0.08 i102 mmfork-cuthill s1: FAILURE  61.8057s
[7545/8235   5331s] Z12 n260 p0.08 i102 mmfork-cuthill s2: FAILURE  61.8329s
[7546/8235   5333s] Z12 n260 p0.08 i102 mmfork-cuthill s3: FAILURE  61.7107s
[7547/8235   5335s] Z12 n260 p0.08 i102 mmfork-cuthill s4: FAILURE  61.1949s
[7548/8235   5336s] Z12 n260 p0.08 i102 clmm s0: FAILURE  62.1155s
[7549/8235   5337s] Z12 n260 p0.08 i102 clmm s1: FAILURE  61.9397s
[7550/8235   5338s] Z12 n260 p0.08 i102 clmm s3: FAILURE  61.2475s
[7551/8235   5338s] Z12 n260 p0.08 i102 clmm s2: FAILURE  62.3659s
[7552/8235   5339s] Z12 n260 p0.08 i102 clmm s4: FAILURE  61.429s
[7553/8235   5343s] Z12 n260 p0.08 i102 pssa s1: FAILURE  63.3602s
[7554/8235   5344s] Z12 n260 p0.08 i102 pssa s2: FAILURE  63.8465s
[7555/8235   5346s] Z12 n260 p0.08 i102 attraction s0: FAILURE  63.3359s
[7556/8235   5346s] Z12 n360 p0.08 i101 template s-1: INFEASIBLE  0.0s
[7557/8235   5346s] Z12 n360 p0.08 i101 clique s-1: FAILURE  0.0229s
[7558/8235   5347s] Z12 n260 p0.08 i102 pssa s3: FAILURE  65.5752s
[7559/8235   5348s] Z12 n260 p0.08 i102 pssa s4: FAILURE  65.9121s
[7560/8235   5348s] Z12 n260 p0.08 i102 pssa s0: FAILURE  67.6171s
[7561/8235   5350s] Z12 n260 p0.08 i102 attraction s2: FAILURE  62.2279s
[7562/8235   5350s] Z12 n260 p0.08 i102 attraction s1: FAILURE  63.1182s
[7563/8235   5375s] Z12 n260 p0.08 i103 minorminer s1: FAILURE  60.1164s
[7564/8235   5375s] Z12 n260 p0.08 i102 attraction s3: FAILURE  63.4614s
[7565/8235   5376s] Z12 n260 p0.08 i103 minorminer s0: FAILURE  61.9109s
[7566/8235   5376s] Z12 n260 p0.08 i103 minorminer s2: FAILURE  61.1629s
[7567/8235   5376s] Z12 n260 p0.08 i103 minorminer s4: FAILURE  60.3098s
[7568/8235   5376s] Z12 n260 p0.08 i103 minorminer s3: FAILURE  61.0892s
[7569/8235   5377s] Z12 n260 p0.08 i102 attraction s4: FAILURE  63.3775s
[7570/8235   5378s] Z12 n260 p0.08 i103 mmfork-cuthill s0: FAILURE  61.8428s
[7571/8235   5378s] Z12 n260 p0.08 i103 mmfork-cuthill s3: FAILURE  61.6329s
[7572/8235   5378s] Z12 n260 p0.08 i103 mmfork-cuthill s1: FAILURE  61.9642s
[7573/8235   5378s] Z12 n260 p0.08 i103 mmfork-cuthill s4: FAILURE  61.1167s
[7574/8235   5379s] Z12 n260 p0.08 i103 mmfork-cuthill s2: FAILURE  62.3278s
[7575/8235   5379s] Z12 n260 p0.08 i103 clmm s0: FAILURE  61.5445s
[7576/8235   5379s] Z12 n260 p0.08 i103 clmm s1: FAILURE  61.256s
[7577/8235   5380s] Z12 n260 p0.08 i103 clmm s2: FAILURE  61.4381s
[7578/8235   5382s] Z12 n260 p0.08 i103 clmm s3: FAILURE  61.3328s
[7579/8235   5382s] Z12 n260 p0.08 i103 clmm s4: FAILURE  61.9499s
[7580/8235   5384s] Z12 n260 p0.08 i103 attraction s1: FAILURE  60.5778s
[7581/8235   5385s] Z12 n260 p0.08 i103 pssa s4: FAILURE  62.0082s
[7582/8235   5386s] Z12 n260 p0.08 i103 pssa s0: FAILURE  64.3664s
[7583/8235   5386s] Z12 n360 p0.08 i102 template s-1: INFEASIBLE  0.0s
[7584/8235   5386s] Z12 n360 p0.08 i102 clique s-1: FAILURE  0.0222s
[7585/8235   5386s] Z12 n260 p0.08 i103 attraction s2: FAILURE  62.478s
[7586/8235   5386s] Z12 n260 p0.08 i103 pssa s1: FAILURE  64.9796s
[7587/8235   5387s] Z12 n260 p0.08 i103 attraction s3: FAILURE  62.6223s
[7588/8235   5387s] Z12 n260 p0.08 i103 pssa s2: FAILURE  65.3698s
[7589/8235   5387s] Z12 n260 p0.08 i103 attraction s0: FAILURE  63.4752s
[7590/8235   5388s] Z12 n260 p0.08 i103 pssa s3: FAILURE  66.4964s
[7591/8235   5389s] Z12 n360 p0.08 i101 minorminer s0: FAILURE  62.5187s
[7592/8235   5389s] Z12 n260 p0.08 i103 attraction s4: FAILURE  63.1686s
[7593/8235   5390s] Z12 n360 p0.08 i101 minorminer s1: FAILURE  62.8738s
[7594/8235   5391s] Z12 n360 p0.08 i101 minorminer s2: FAILURE  62.6857s
[7595/8235   5393s] Z12 n360 p0.08 i101 minorminer s3: FAILURE  64.5352s
[7596/8235   5395s] Z12 n360 p0.08 i101 minorminer s4: FAILURE  64.2611s
[7597/8235   5395s] Z12 n360 p0.08 i101 mmfork-cuthill s0: FAILURE  63.911s
[7598/8235   5397s] Z12 n360 p0.08 i101 mmfork-cuthill s1: FAILURE  63.8111s
[7599/8235   5399s] Z12 n360 p0.08 i101 mmfork-cuthill s4: FAILURE  62.1744s
[7600/8235   5399s] Z12 n360 p0.08 i101 mmfork-cuthill s2: FAILURE  64.8077s
[7601/8235   5400s] Z12 n360 p0.08 i101 mmfork-cuthill s3: FAILURE  63.6823s
[7602/8235   5402s] Z12 n360 p0.08 i101 clmm s0: FAILURE  63.8569s
[7603/8235   5403s] Z12 n360 p0.08 i101 clmm s1: FAILURE  64.4366s
[7604/8235   5403s] Z12 n360 p0.08 i101 clmm s2: FAILURE  64.3209s
[7605/8235   5408s] Z12 n360 p0.08 i101 clmm s3: FAILURE  64.235s
[7606/8235   5409s] Z12 n360 p0.08 i101 clmm s4: FAILURE  64.8479s
[7607/8235   5410s] Z12 n360 p0.08 i101 pssa s3: FAILURE  62.7764s
[7608/8235   5411s] Z12 n360 p0.08 i101 pssa s0: FAILURE  65.0973s
[7609/8235   5411s] Z12 n360 p0.08 i101 pssa s2: FAILURE  63.7737s
[7610/8235   5411s] Z12 n360 p0.08 i103 template s-1: INFEASIBLE  0.0s
[7611/8235   5411s] Z12 n360 p0.08 i103 clique s-1: FAILURE  0.0243s
[7612/8235   5414s] Z12 n360 p0.08 i101 pssa s1: FAILURE  67.0348s
[7613/8235   5415s] Z12 n360 p0.08 i101 attraction s0: FAILURE  64.6132s
[7614/8235   5417s] Z12 n360 p0.08 i101 pssa s4: FAILURE  66.8422s
[7615/8235   5439s] Z12 n360 p0.08 i102 minorminer s1: FAILURE  62.692s
[7616/8235   5439s] Z12 n360 p0.08 i102 minorminer s0: FAILURE  63.0444s
[7617/8235   5439s] Z12 n360 p0.08 i101 attraction s1: FAILURE  64.5208s
[7618/8235   5441s] Z12 n360 p0.08 i101 attraction s3: FAILURE  64.4285s
[7619/8235   5441s] Z12 n360 p0.08 i102 minorminer s3: FAILURE  62.6832s
[7620/8235   5441s] Z12 n360 p0.08 i102 minorminer s2: FAILURE  63.3978s
[7621/8235   5442s] Z12 n360 p0.08 i102 mmfork-cuthill s4: FAILURE  62.5213s
[7622/8235   5442s] Z12 n360 p0.08 i101 attraction s2: FAILURE  66.7221s
[7623/8235   5442s] Z12 n360 p0.08 i101 attraction s4: FAILURE  66.0014s
[7624/8235   5442s] Z12 n360 p0.08 i102 mmfork-cuthill s2: FAILURE  63.5532s
[7625/8235   5443s] Z12 n360 p0.08 i102 mmfork-cuthill s0: FAILURE  64.485s
[7626/8235   5443s] Z12 n360 p0.08 i102 minorminer s4: FAILURE  64.5141s
[7627/8235   5443s] Z12 n360 p0.08 i102 mmfork-cuthill s1: FAILURE  64.8866s
[7628/8235   5443s] Z12 n360 p0.08 i102 mmfork-cuthill s3: FAILURE  64.5004s
[7629/8235   5444s] Z12 n360 p0.08 i102 clmm s0: FAILURE  64.7099s
[7630/8235   5445s] Z12 n360 p0.08 i102 clmm s1: FAILURE  63.5874s
[7631/8235   5446s] Z12 n360 p0.08 i102 clmm s2: FAILURE  64.0134s
[7632/8235   5448s] Z12 n360 p0.08 i102 clmm s4: FAILURE  62.9426s
[7633/8235   5448s] Z12 n360 p0.08 i102 clmm s3: FAILURE  63.4893s
[7634/8235   5448s] Z12 n360 p0.08 i102 pssa s0: FAILURE  62.3884s
[7635/8235   5449s] Z12 n360 p0.08 i102 pssa s2: FAILURE  62.836s
[7636/8235   5450s] Z12 n360 p0.08 i102 pssa s3: FAILURE  62.9966s
[7637/8235   5450s] Z12 n480 p0.08 i101 template s-1: INFEASIBLE  0.0s
[7638/8235   5450s] Z12 n480 p0.08 i101 clique s-1: FAILURE  0.0238s
[7639/8235   5453s] Z12 n360 p0.08 i103 minorminer s0: FAILURE  62.4379s
[7640/8235   5454s] Z12 n360 p0.08 i102 attraction s0: FAILURE  66.9217s
[7641/8235   5454s] Z12 n360 p0.08 i102 attraction s1: FAILURE  65.9009s
[7642/8235   5454s] Z12 n360 p0.08 i102 pssa s1: FAILURE  67.9218s
[7643/8235   5455s] Z12 n360 p0.08 i102 attraction s3: FAILURE  65.2884s
[7644/8235   5455s] Z12 n360 p0.08 i102 attraction s2: FAILURE  65.9529s
[7645/8235   5456s] Z12 n360 p0.08 i103 minorminer s1: FAILURE  62.2928s
[7646/8235   5456s] Z12 n360 p0.08 i102 pssa s4: FAILURE  69.1439s
[7647/8235   5457s] Z12 n360 p0.08 i102 attraction s4: FAILURE  66.3129s
[7648/8235   5459s] Z12 n360 p0.08 i103 minorminer s3: FAILURE  63.5407s
[7649/8235   5459s] Z12 n360 p0.08 i103 minorminer s2: FAILURE  63.9282s
[7650/8235   5461s] Z12 n360 p0.08 i103 minorminer s4: FAILURE  63.6357s
[7651/8235   5462s] Z12 n360 p0.08 i103 mmfork-cuthill s3: FAILURE  60.1351s
[7652/8235   5462s] Z12 n360 p0.08 i103 mmfork-cuthill s0: FAILURE  62.4537s
[7653/8235   5462s] Z12 n360 p0.08 i103 mmfork-cuthill s1: FAILURE  62.5905s
[7654/8235   5464s] Z12 n360 p0.08 i103 mmfork-cuthill s2: FAILURE  64.5835s
[7655/8235   5467s] Z12 n360 p0.08 i103 mmfork-cuthill s4: FAILURE  64.4861s
[7656/8235   5468s] Z12 n360 p0.08 i103 clmm s0: FAILURE  65.0815s
[7657/8235   5472s] Z12 n360 p0.08 i103 clmm s1: FAILURE  63.7495s
[7658/8235   5473s] Z12 n360 p0.08 i103 clmm s2: FAILURE  64.1854s
[7659/8235   5475s] Z12 n360 p0.08 i103 pssa s1: FAILURE  61.093s
[7660/8235   5476s] Z12 n360 p0.08 i103 clmm s4: FAILURE  64.7432s
[7661/8235   5476s] Z12 n360 p0.08 i103 clmm s3: FAILURE  65.2194s
[7662/8235   5478s] Z12 n360 p0.08 i103 pssa s3: FAILURE  61.8924s
[7663/8235   5480s] Z12 n360 p0.08 i103 pssa s0: FAILURE  68.6422s
[7664/8235   5480s] Z12 n480 p0.08 i102 template s-1: INFEASIBLE  0.0s
[7665/8235   5480s] Z12 n480 p0.08 i102 clique s-1: FAILURE  0.0259s
[7666/8235   5482s] Z12 n360 p0.08 i103 pssa s2: FAILURE  66.7316s
[7667/8235   5505s] Z12 n360 p0.08 i103 attraction s0: FAILURE  65.2471s
[7668/8235   5505s] Z12 n360 p0.08 i103 attraction s2: FAILURE  64.4065s
[7669/8235   5505s] Z12 n360 p0.08 i103 attraction s1: FAILURE  65.7835s
[7670/8235   5505s] Z12 n360 p0.08 i103 pssa s4: FAILURE  66.1843s
[7671/8235   5506s] Z12 n360 p0.08 i103 attraction s4: FAILURE  65.169s
[7672/8235   5506s] Z12 n360 p0.08 i103 attraction s3: FAILURE  65.4672s
[7673/8235   5507s] Z12 n480 p0.08 i101 minorminer s0: FAILURE  65.9521s
[7674/8235   5508s] Z12 n480 p0.08 i101 minorminer s2: FAILURE  65.601s
[7675/8235   5508s] Z12 n480 p0.08 i101 mmfork-cuthill s1: FAILURE  64.8338s
[7676/8235   5509s] Z12 n480 p0.08 i101 minorminer s3: FAILURE  66.2265s
[7677/8235   5509s] Z12 n480 p0.08 i101 minorminer s4: FAILURE  65.9862s
[7678/8235   5509s] Z12 n480 p0.08 i101 mmfork-cuthill s3: FAILURE  64.5795s
[7679/8235   5509s] Z12 n480 p0.08 i101 minorminer s1: FAILURE  67.4055s
[7680/8235   5509s] Z12 n480 p0.08 i101 mmfork-cuthill s0: FAILURE  66.4202s
[7681/8235   5510s] Z12 n480 p0.08 i101 mmfork-cuthill s2: FAILURE  66.6518s
[7682/8235   5511s] Z12 n480 p0.08 i101 mmfork-cuthill s4: FAILURE  66.0009s
[7683/8235   5513s] Z12 n480 p0.08 i101 clmm s0: FAILURE  66.6086s
[7684/8235   5514s] Z12 n480 p0.08 i101 clmm s2: FAILURE  66.3362s
[7685/8235   5514s] Z12 n480 p0.08 i101 clmm s1: FAILURE  66.5168s
[7686/8235   5515s] Z12 n480 p0.08 i101 pssa s1: FAILURE  61.9419s
[7687/8235   5515s] Z12 n480 p0.08 i101 pssa s2: FAILURE  61.4239s
[7688/8235   5516s] Z12 n480 p0.08 i101 clmm s3: FAILURE  67.4896s
[7689/8235   5516s] Z12 n480 p0.08 i101 pssa s4: FAILURE  62.0793s
[7690/8235   5517s] Z12 n480 p0.08 i101 clmm s4: FAILURE  67.3821s
[7691/8235   5517s] Z12 n480 p0.08 i103 template s-1: INFEASIBLE  0.0s
[7692/8235   5517s] Z12 n480 p0.08 i103 clique s-1: FAILURE  0.0231s
[7693/8235   5519s] Z12 n480 p0.08 i101 pssa s0: FAILURE  68.857s
[7694/8235   5522s] Z12 n480 p0.08 i101 pssa s3: FAILURE  68.074s
[7695/8235   5523s] Z12 n480 p0.08 i101 attraction s1: FAILURE  67.7972s
[7696/8235   5523s] Z12 n480 p0.08 i101 attraction s2: FAILURE  67.6661s
[7697/8235   5524s] Z12 n480 p0.08 i102 minorminer s3: FAILURE  61.9873s
[7698/8235   5524s] Z12 n480 p0.08 i102 minorminer s0: FAILURE  65.364s
[7699/8235   5525s] Z12 n480 p0.08 i101 attraction s0: FAILURE  69.7735s
[7700/8235   5525s] Z12 n480 p0.08 i101 attraction s4: FAILURE  68.0426s
[7701/8235   5525s] Z12 n480 p0.08 i101 attraction s3: FAILURE  68.9246s
[7702/8235   5526s] Z12 n480 p0.08 i102 minorminer s1: FAILURE  66.8088s
[7703/8235   5526s] Z12 n480 p0.08 i102 mmfork-cuthill s0: FAILURE  64.3006s
[7704/8235   5527s] Z12 n100 p0.05 i101 minorminer s0: SUCCESS acl=2.01/2.01 0.6408s
[7705/8235   5527s] Z12 n480 p0.08 i102 minorminer s2: FAILURE  65.9822s
[7706/8235   5527s] Z12 n100 p0.05 i101 minorminer s1: SUCCESS acl=2.17/2.14 0.4777s
[7707/8235   5527s] Z12 n100 p0.05 i101 minorminer s2: SUCCESS acl=2.1/2.07 0.4161s
[7708/8235   5527s] Z12 n100 p0.05 i101 mmfork-cuthill s0: FAILURE  0.0117s
[7709/8235   5527s] Z12 n100 p0.05 i101 mmfork-cuthill s1: FAILURE  0.0079s
[7710/8235   5527s] Z12 n100 p0.05 i101 mmfork-cuthill s2: FAILURE  0.0077s
[7711/8235   5527s] Z12 n100 p0.05 i101 mmfork-cuthill s3: FAILURE  0.0083s
[7712/8235   5527s] Z12 n100 p0.05 i101 mmfork-cuthill s4: FAILURE  0.0077s
[7713/8235   5527s] Z12 n100 p0.05 i101 minorminer s3: SUCCESS acl=2.3/2.25 0.4353s
[7714/8235   5527s] Z12 n100 p0.05 i101 minorminer s4: SUCCESS acl=2.12/2.1 0.4982s
[7715/8235   5527s] Z12 n100 p0.05 i101 clmm s0: SUCCESS acl=2.35/2.22 0.3207s
[7716/8235   5528s] Z12 n100 p0.05 i101 clmm s1: SUCCESS acl=2.33/2.21 0.3629s
[7717/8235   5528s] Z12 n480 p0.08 i102 minorminer s4: FAILURE  65.6885s
[7718/8235   5528s] Z12 n100 p0.05 i101 template s-1: SUCCESS acl=5.19/5.19 0.022s
[7719/8235   5528s] Z12 n100 p0.05 i101 clmm s2: SUCCESS acl=2.58/2.44 0.2477s
[7720/8235   5528s] Z12 n100 p0.05 i101 clique s-1: SUCCESS acl=8.0/5.19 0.023s
[7721/8235   5528s] Z12 n100 p0.05 i101 clmm s3: SUCCESS acl=2.33/2.2 0.4316s
[7722/8235   5528s] Z12 n100 p0.05 i101 pssa s0: SUCCESS acl=5.25/5.19 0.3465s
[7723/8235   5528s] Z12 n100 p0.05 i101 pssa s1: SUCCESS acl=5.25/5.19 0.3516s
[7724/8235   5528s] Z12 n100 p0.05 i101 clmm s4: SUCCESS acl=2.25/2.15 0.502s
[7725/8235   5528s] Z12 n100 p0.05 i101 pssa s2: SUCCESS acl=5.25/5.19 0.3532s
[7726/8235   5528s] Z12 n100 p0.05 i101 pssa s3: SUCCESS acl=5.25/5.19 0.3477s
[7727/8235   5528s] Z12 n100 p0.05 i101 pssa s4: SUCCESS acl=5.25/5.19 0.3542s
[7728/8235   5531s] Z12 n100 p0.05 i101 attraction s0: SUCCESS acl=2.08/2.06 2.6026s
[7729/8235   5531s] Z12 n100 p0.05 i101 attraction s1: SUCCESS acl=2.13/2.06 2.6237s
[7730/8235   5531s] Z12 n100 p0.05 i101 attraction s2: SUCCESS acl=2.14/2.09 2.7664s
[7731/8235   5531s] Z12 n480 p0.08 i102 mmfork-cuthill s1: FAILURE  66.6791s
[7732/8235   5531s] Z12 n100 p0.05 i101 attraction s3: SUCCESS acl=2.03/2.0 2.9678s
[7733/8235   5531s] Z12 n100 p0.05 i102 minorminer s0: SUCCESS acl=1.97/1.95 0.6127s
[7734/8235   5532s] Z12 n100 p0.05 i102 minorminer s2: SUCCESS acl=2.16/2.14 0.6993s
[7735/8235   5532s] Z12 n100 p0.05 i102 mmfork-cuthill s0: FAILURE  0.0119s
[7736/8235   5532s] Z12 n100 p0.05 i102 minorminer s3: SUCCESS acl=2.2/2.13 0.5151s
[7737/8235   5532s] Z12 n100 p0.05 i102 mmfork-cuthill s1: FAILURE  0.0084s
[7738/8235   5532s] Z12 n100 p0.05 i102 minorminer s1: SUCCESS acl=2.2/2.19 0.7588s
[7739/8235   5532s] Z12 n100 p0.05 i102 mmfork-cuthill s2: FAILURE  0.0112s
[7740/8235   5532s] Z12 n100 p0.05 i102 mmfork-cuthill s3: FAILURE  0.0077s
[7741/8235   5532s] Z12 n100 p0.05 i102 mmfork-cuthill s4: FAILURE  0.0118s
[7742/8235   5532s] Z12 n100 p0.05 i102 minorminer s4: SUCCESS acl=2.19/2.17 0.5069s
[7743/8235   5532s] Z12 n100 p0.05 i102 clmm s2: SUCCESS acl=2.45/2.23 0.2381s
[7744/8235   5532s] Z12 n100 p0.05 i102 clmm s0: SUCCESS acl=2.38/2.16 0.3311s
[7745/8235   5532s] Z12 n100 p0.05 i102 clmm s1: SUCCESS acl=2.38/2.17 0.3364s
[7746/8235   5532s] Z12 n100 p0.05 i102 template s-1: SUCCESS acl=5.45/5.45 0.019s
[7747/8235   5532s] Z12 n100 p0.05 i102 clique s-1: SUCCESS acl=8.0/5.45 0.0212s
[7748/8235   5532s] Z12 n100 p0.05 i102 clmm s3: SUCCESS acl=2.51/2.3 0.3965s
[7749/8235   5532s] Z12 n100 p0.05 i102 clmm s4: SUCCESS acl=2.61/2.43 0.284s
[7750/8235   5533s] Z12 n100 p0.05 i102 pssa s0: SUCCESS acl=5.45/5.45 0.3499s
[7751/8235   5533s] Z12 n100 p0.05 i102 pssa s1: SUCCESS acl=5.45/5.45 0.3343s
[7752/8235   5533s] Z12 n100 p0.05 i102 pssa s2: SUCCESS acl=5.45/5.45 0.3534s
[7753/8235   5533s] Z12 n100 p0.05 i102 pssa s3: SUCCESS acl=5.45/5.45 0.3332s
[7754/8235   5533s] Z12 n100 p0.05 i102 pssa s4: SUCCESS acl=5.45/5.45 0.3403s
[7755/8235   5533s] Z12 n100 p0.05 i101 attraction s4: SUCCESS acl=2.12/2.1 2.6782s
[7756/8235   5534s] Z12 n480 p0.08 i102 mmfork-cuthill s3: FAILURE  65.6277s
[7757/8235   5534s] Z12 n480 p0.08 i102 mmfork-cuthill s2: FAILURE  66.8603s
[7758/8235   5534s] Z12 n100 p0.05 i103 minorminer s0: SUCCESS acl=2.16/2.11 0.4279s
[7759/8235   5535s] Z12 n100 p0.05 i103 minorminer s1: SUCCESS acl=2.07/2.06 0.5198s
[7760/8235   5535s] Z12 n100 p0.05 i103 minorminer s2: SUCCESS acl=2.11/2.11 0.6733s
[7761/8235   5535s] Z12 n100 p0.05 i103 minorminer s3: SUCCESS acl=2.21/2.18 0.5111s
[7762/8235   5536s] Z12 n100 p0.05 i102 attraction s0: SUCCESS acl=1.98/1.95 2.9141s
[7763/8235   5536s] Z12 n100 p0.05 i103 minorminer s4: SUCCESS acl=2.36/2.34 0.5592s
[7764/8235   5536s] Z12 n100 p0.05 i102 attraction s3: SUCCESS acl=2.02/2.01 2.6384s
[7765/8235   5536s] Z12 n100 p0.05 i103 mmfork-cuthill s0: SUCCESS acl=2.21/2.18 0.5134s
[7766/8235   5536s] Z12 n100 p0.05 i102 attraction s1: SUCCESS acl=2.07/2.06 2.9845s
[7767/8235   5536s] Z12 n100 p0.05 i103 mmfork-cuthill s1: SUCCESS acl=2.36/2.3 0.3669s
[7768/8235   5536s] Z12 n100 p0.05 i103 mmfork-cuthill s2: SUCCESS acl=2.04/2.01 0.4034s
[7769/8235   5536s] Z12 n100 p0.05 i102 attraction s2: SUCCESS acl=2.01/2.01 3.2111s
[7770/8235   5536s] Z12 n100 p0.05 i103 mmfork-cuthill s4: SUCCESS acl=2.14/2.12 0.3988s
[7771/8235   5536s] Z12 n100 p0.05 i103 clmm s0: SUCCESS acl=2.43/2.4 0.3688s
[7772/8235   5536s] Z12 n100 p0.05 i103 template s-1: SUCCESS acl=5.5/5.5 0.0212s
[7773/8235   5536s] Z12 n100 p0.05 i102 attraction s4: SUCCESS acl=2.02/2.01 2.8486s
[7774/8235   5536s] Z12 n100 p0.05 i103 clique s-1: SUCCESS acl=8.0/5.5 0.0251s
[7775/8235   5536s] Z12 n100 p0.05 i103 clmm s4: SUCCESS acl=2.26/2.23 0.2517s
[7776/8235   5536s] Z12 n100 p0.05 i103 clmm s3: SUCCESS acl=2.33/2.3 0.3511s
[7777/8235   5536s] Z12 n100 p0.05 i103 mmfork-cuthill s3: SUCCESS acl=2.27/2.26 0.7973s
[7778/8235   5537s] Z12 n100 p0.05 i103 pssa s0: SUCCESS acl=5.51/5.5 0.3638s
[7779/8235   5537s] Z12 n100 p0.05 i103 clmm s2: SUCCESS acl=1.96/1.93 0.5748s
[7780/8235   5537s] Z12 n100 p0.05 i103 pssa s1: SUCCESS acl=5.51/5.5 0.3595s
[7781/8235   5537s] Z12 n100 p0.05 i103 pssa s2: SUCCESS acl=5.51/5.5 0.3798s
[7782/8235   5537s] Z12 n100 p0.05 i103 pssa s3: SUCCESS acl=5.51/5.5 0.3608s
[7783/8235   5537s] Z12 n100 p0.05 i103 clmm s1: SUCCESS acl=1.92/1.92 0.8362s
[7784/8235   5537s] Z12 n100 p0.05 i103 pssa s4: SUCCESS acl=5.51/5.5 0.3743s
[7785/8235   5538s] Z12 n480 p0.08 i102 mmfork-cuthill s4: FAILURE  66.6013s
[7786/8235   5539s] Z12 n100 p0.05 i103 attraction s1: SUCCESS acl=1.94/1.92 2.6819s
[7787/8235   5540s] Z12 n100 p0.05 i103 attraction s0: SUCCESS acl=2.05/2.04 2.8897s
[7788/8235   5540s] Z12 n100 p0.05 i103 attraction s2: SUCCESS acl=2.17/2.13 2.8711s
[7789/8235   5540s] Z12 n100 p0.05 i103 attraction s4: SUCCESS acl=2.03/2.02 2.7817s
[7790/8235   5540s] Z12 n100 p0.05 i103 attraction s3: SUCCESS acl=1.9/1.9 2.9557s
[7791/8235   5541s] Z12 n480 p0.08 i102 clmm s0: FAILURE  67.2207s
[7792/8235   5541s] Z12 n480 p0.08 i102 clmm s1: FAILURE  65.4627s
[7793/8235   5541s] Z12 n160 p0.05 i101 minorminer s0: SUCCESS acl=5.2062/5.0312 4.2837s
[7794/8235   5542s] Z12 n480 p0.08 i102 clmm s2: FAILURE  65.8313s
[7795/8235   5542s] Z12 n160 p0.05 i101 mmfork-cuthill s0: SUCCESS acl=6.05/5.7562 2.7561s
[7796/8235   5542s] Z12 n480 p0.08 i102 clmm s3: FAILURE  66.6925s
[7797/8235   5543s] Z12 n480 p0.08 i102 pssa s1: FAILURE  61.0619s
[7798/8235   5543s] Z12 n160 p0.05 i101 minorminer s1: SUCCESS acl=5.175/4.9938 6.0189s
[7799/8235   5543s] Z12 n160 p0.05 i101 template s-1: SUCCESS acl=9.3125/9.3125 0.0997s
[7800/8235   5543s] Z12 n160 p0.05 i101 clique s-1: SUCCESS acl=12.0/9.3125 0.0231s
[7801/8235   5544s] Z12 n160 p0.05 i101 pssa s0: SUCCESS acl=9.3375/9.3125 0.5949s
[7802/8235   5544s] Z12 n160 p0.05 i101 pssa s1: SUCCESS acl=9.3375/9.3125 0.5938s
[7803/8235   5545s] Z12 n160 p0.05 i101 mmfork-cuthill s2: SUCCESS acl=5.3625/5.1375 4.9674s
[7804/8235   5545s] Z12 n160 p0.05 i101 clmm s0: SUCCESS acl=6.2/6.0125 3.593s
[7805/8235   5545s] Z12 n160 p0.05 i101 minorminer s2: SUCCESS acl=5.3438/5.2 6.9112s
[7806/8235   5545s] Z12 n160 p0.05 i101 pssa s2: SUCCESS acl=9.3375/9.3125 0.6006s
[7807/8235   5545s] Z12 n160 p0.05 i101 mmfork-cuthill s3: SUCCESS acl=5.5/5.3125 4.5642s
[7808/8235   5545s] Z12 n480 p0.08 i102 clmm s4: FAILURE  66.7024s
[7809/8235   5545s] Z12 n160 p0.05 i101 pssa s4: SUCCESS acl=9.3375/9.3125 0.5723s
[7810/8235   5545s] Z12 n160 p0.05 i101 pssa s3: SUCCESS acl=9.3375/9.3125 0.5944s
[7811/8235   5546s] Z12 n160 p0.05 i101 minorminer s4: SUCCESS acl=5.4625/5.2188 6.0342s
[7812/8235   5546s] Z12 n160 p0.05 i101 clmm s1: SUCCESS acl=5.7438/5.5812 4.1688s
[7813/8235   5546s] Z12 n160 p0.05 i101 clmm s4: SUCCESS acl=6.5062/6.25 3.0205s
[7814/8235   5547s] Z12 n160 p0.05 i101 clmm s3: SUCCESS acl=6.2375/6.0938 3.9903s
[7815/8235   5547s] Z12 n160 p0.05 i101 minorminer s3: SUCCESS acl=5.2625/5.1375 8.0626s
[7816/8235   5548s] Z12 n160 p0.05 i101 mmfork-cuthill s1: SUCCESS acl=5.0938/4.9375 7.991s
[7817/8235   5548s] Z12 n160 p0.05 i101 mmfork-cuthill s4: SUCCESS acl=5.45/5.2687 6.9564s
[7818/8235   5549s] Z12 n160 p0.05 i102 minorminer s0: SUCCESS acl=5.3812/5.2125 3.2948s
[7819/8235   5549s] Z12 n160 p0.05 i102 minorminer s1: SUCCESS acl=5.0187/4.8875 3.8378s
[7820/8235   5549s] Z12 n160 p0.05 i102 minorminer s2: SUCCESS acl=5.2438/5.0812 3.6404s
[7821/8235   5550s] Z12 n480 p0.08 i102 pssa s0: FAILURE  69.5162s
[7822/8235   5550s] Z12 n160 p0.05 i101 clmm s2: SUCCESS acl=5.5563/5.4125 7.984s
[7823/8235   5550s] Z12 n160 p0.05 i102 minorminer s4: SUCCESS acl=5.2375/5.025 3.9748s
[7824/8235   5551s] Z12 n160 p0.05 i102 minorminer s3: SUCCESS acl=5.2687/5.025 5.0226s
[7825/8235   5551s] Z12 n160 p0.05 i102 mmfork-cuthill s0: SUCCESS acl=5.7125/5.4625 3.6269s
[7826/8235   5551s] Z12 n160 p0.05 i102 template s-1: SUCCESS acl=9.2438/9.2438 0.0979s
[7827/8235   5551s] Z12 n160 p0.05 i102 clique s-1: SUCCESS acl=12.0/9.2438 0.0211s
[7828/8235   5551s] Z12 n160 p0.05 i102 mmfork-cuthill s1: SUCCESS acl=5.5187/5.2812 3.7884s
[7829/8235   5552s] Z12 n160 p0.05 i102 pssa s0: SUCCESS acl=9.2625/9.2438 0.5798s
[7830/8235   5552s] Z12 n160 p0.05 i102 pssa s1: SUCCESS acl=9.2625/9.2438 0.5567s
[7831/8235   5553s] Z12 n160 p0.05 i102 pssa s2: SUCCESS acl=9.2625/9.2438 0.5751s
[7832/8235   5553s] Z12 n160 p0.05 i102 pssa s3: SUCCESS acl=9.2625/9.2438 0.5645s
[7833/8235   5553s] Z12 n160 p0.05 i102 clmm s1: SUCCESS acl=5.9625/5.7562 2.9362s
[7834/8235   5553s] Z12 n160 p0.05 i102 mmfork-cuthill s2: SUCCESS acl=4.8688/4.7313 5.1011s
[7835/8235   5553s] Z12 n160 p0.05 i102 pssa s4: SUCCESS acl=9.2625/9.2438 0.581s
[7836/8235   5554s] Z12 n160 p0.05 i102 clmm s2: SUCCESS acl=5.9875/5.8375 3.151s
[7837/8235   5554s] Z12 n160 p0.05 i102 clmm s0: SUCCESS acl=5.7313/5.4875 4.2493s
[7838/8235   5555s] Z12 n160 p0.05 i102 mmfork-cuthill s3: SUCCESS acl=5.2313/5.0938 6.0885s
[7839/8235   5556s] Z12 n160 p0.05 i101 attraction s2: SUCCESS acl=5.175/5.0187 10.7032s
[7840/8235   5556s] Z12 n160 p0.05 i102 clmm s4: SUCCESS acl=5.5812/5.4125 5.0464s
[7841/8235   5556s] Z12 n160 p0.05 i102 clmm s3: SUCCESS acl=5.1875/5.025 5.4901s
[7842/8235   5556s] Z12 n160 p0.05 i102 mmfork-cuthill s4: SUCCESS acl=4.9437/4.7812 6.8771s
[7843/8235   5557s] Z12 n160 p0.05 i101 attraction s0: SUCCESS acl=5.0438/4.8063 11.4777s
[7844/8235   5558s] Z12 n160 p0.05 i103 minorminer s0: SUCCESS acl=5.6375/5.4938 3.8775s
[7845/8235   5558s] Z12 n160 p0.05 i101 attraction s3: SUCCESS acl=4.9/4.7562 13.0593s
[7846/8235   5559s] Z12 n160 p0.05 i101 attraction s1: SUCCESS acl=4.8563/4.75 13.5535s
[7847/8235   5559s] Z12 n160 p0.05 i101 attraction s4: SUCCESS acl=4.8063/4.6437 13.3444s
[7848/8235   5559s] Z12 n160 p0.05 i103 minorminer s1: SUCCESS acl=5.1625/5.0125 3.985s
[7849/8235   5559s] Z12 n160 p0.05 i103 minorminer s2: SUCCESS acl=5.5875/5.4188 3.3901s
[7850/8235   5559s] Z12 n160 p0.05 i103 minorminer s4: SUCCESS acl=5.5375/5.2687 3.365s
[7851/8235   5561s] Z12 n160 p0.05 i103 mmfork-cuthill s1: SUCCESS acl=5.6188/5.45 4.8022s
[7852/8235   5562s] Z12 n160 p0.05 i103 clmm s0: SUCCESS acl=6.65/6.4313 3.114s
[7853/8235   5562s] Z12 n160 p0.05 i103 template s-1: SUCCESS acl=8.9/8.9 0.0859s
[7854/8235   5562s] Z12 n160 p0.05 i103 clmm s1: SUCCESS acl=6.2/6.1125 3.1877s
[7855/8235   5562s] Z12 n160 p0.05 i103 clique s-1: SUCCESS acl=12.0/8.9 0.0246s
[7856/8235   5562s] Z12 n160 p0.05 i103 minorminer s3: SUCCESS acl=4.925/4.7687 6.2971s
[7857/8235   5563s] Z12 n160 p0.05 i103 pssa s0: SUCCESS acl=8.9/8.9 0.5307s
[7858/8235   5563s] Z12 n160 p0.05 i103 pssa s1: SUCCESS acl=8.9/8.9 0.5221s
[7859/8235   5563s] Z12 n160 p0.05 i103 pssa s2: SUCCESS acl=8.9/8.9 0.5232s
[7860/8235   5563s] Z12 n160 p0.05 i103 mmfork-cuthill s2: SUCCESS acl=5.1688/5.025 5.1992s
[7861/8235   5563s] Z12 n160 p0.05 i102 attraction s2: SUCCESS acl=5.1562/4.9813 9.9143s
[7862/8235   5563s] Z12 n160 p0.05 i102 attraction s3: SUCCESS acl=4.8875/4.7375 9.856s
[7863/8235   5563s] Z12 n160 p0.05 i102 attraction s0: SUCCESS acl=4.8063/4.6688 10.4616s
[7864/8235   5563s] Z12 n160 p0.05 i103 pssa s3: SUCCESS acl=8.9/8.9 0.5294s
[7865/8235   5563s] Z12 n160 p0.05 i103 pssa s4: SUCCESS acl=8.9/8.9 0.5187s
[7866/8235   5563s] Z12 n160 p0.05 i103 mmfork-cuthill s3: SUCCESS acl=5.0/4.825 5.218s
[7867/8235   5564s] Z12 n160 p0.05 i102 attraction s4: SUCCESS acl=5.0563/4.8438 10.818s
[7868/8235   5564s] Z12 n160 p0.05 i103 mmfork-cuthill s4: SUCCESS acl=5.0062/4.8688 5.7416s
[7869/8235   5565s] Z12 n160 p0.05 i102 attraction s1: SUCCESS acl=4.7562/4.5812 12.2083s
[7870/8235   5566s] Z12 n160 p0.05 i103 clmm s2: SUCCESS acl=6.2375/6.075 6.2708s
[7871/8235   5566s] Z12 n160 p0.05 i103 mmfork-cuthill s0: SUCCESS acl=4.9375/4.8438 9.5041s
[7872/8235   5566s] Z12 n480 p0.08 i102 pssa s3: FAILURE  61.2199s
[7873/8235   5567s] Z12 n160 p0.05 i103 clmm s4: SUCCESS acl=5.8312/5.7 5.1883s
[7874/8235   5567s] Z12 n480 p0.08 i102 pssa s2: FAILURE  62.1929s
[7875/8235   5567s] Z12 n160 p0.05 i103 clmm s3: SUCCESS acl=5.4813/5.2812 7.6164s
[7876/8235   5570s] Z12 n480 p0.08 i102 pssa s4: FAILURE  64.3474s
[7877/8235   5573s] Z12 n160 p0.05 i103 attraction s4: SUCCESS acl=5.3375/5.1813 9.4574s
[7878/8235   5573s] Z12 n160 p0.05 i103 attraction s0: SUCCESS acl=4.825/4.6875 10.4741s
[7879/8235   5573s] Z12 n480 p0.08 i103 mmfork-cuthill s0: FAILURE  64.1796s
[7880/8235   5573s] Z12 n240 p0.05 i101 template s-1: INFEASIBLE  0.0s
[7881/8235   5573s] Z12 n240 p0.05 i101 clique s-1: FAILURE  0.0248s
[7882/8235   5574s] Z12 n480 p0.08 i103 minorminer s0: FAILURE  65.5183s
[7883/8235   5574s] Z12 n160 p0.05 i103 attraction s1: SUCCESS acl=4.85/4.7062 11.1334s
[7884/8235   5574s] Z12 n480 p0.08 i103 minorminer s2: FAILURE  65.5742s
[7885/8235   5575s] Z12 n480 p0.08 i103 minorminer s1: FAILURE  66.1357s
[7886/8235   5575s] Z12 n160 p0.05 i103 attraction s3: SUCCESS acl=4.5375/4.4375 11.723s
[7887/8235   5576s] Z12 n480 p0.08 i102 attraction s2: FAILURE  69.6297s
[7888/8235   5576s] Z12 n480 p0.08 i102 attraction s4: FAILURE  67.9801s
[7889/8235   5576s] Z12 n480 p0.08 i102 attraction s0: FAILURE  70.5265s
[7890/8235   5576s] Z12 n240 p0.05 i101 clmm s1: SUCCESS acl=14.1042/13.3292 8.855s
[7891/8235   5576s] Z12 n480 p0.08 i103 minorminer s4: FAILURE  66.9847s
[7892/8235   5576s] Z12 n240 p0.05 i101 mmfork-cuthill s0: SUCCESS acl=13.5042/12.6208 10.963s
[7893/8235   5576s] Z12 n480 p0.08 i103 mmfork-cuthill s1: FAILURE  66.0989s
[7894/8235   5576s] Z12 n480 p0.08 i102 attraction s1: FAILURE  70.2252s
[7895/8235   5576s] Z12 n240 p0.05 i101 minorminer s0: SUCCESS acl=13.4625/12.5583 13.031s
[7896/8235   5577s] Z12 n480 p0.08 i103 minorminer s3: FAILURE  67.5879s
[7897/8235   5577s] Z12 n240 p0.05 i101 clmm s0: SUCCESS acl=14.1792/13.3792 9.6668s
[7898/8235   5577s] Z12 n480 p0.08 i102 attraction s3: FAILURE  69.3207s
[7899/8235   5577s] Z12 n160 p0.05 i103 attraction s2: SUCCESS acl=4.9062/4.7438 13.992s
[7900/8235   5577s] Z12 n240 p0.05 i101 minorminer s4: SUCCESS acl=12.7208/11.8542 12.9015s
[7901/8235   5578s] Z12 n240 p0.05 i101 clmm s2: SUCCESS acl=13.8875/13.2458 7.945s
[7902/8235   5578s] Z12 n480 p0.08 i103 mmfork-cuthill s2: FAILURE  66.8618s
[7903/8235   5579s] Z12 n480 p0.08 i103 mmfork-cuthill s3: FAILURE  65.7533s
[7904/8235   5580s] Z12 n480 p0.08 i103 mmfork-cuthill s4: FAILURE  65.463s
[7905/8235   5580s] Z12 n240 p0.05 i101 mmfork-cuthill s4: SUCCESS acl=12.4625/11.8208 13.4473s
[7906/8235   5581s] Z12 n480 p0.08 i103 pssa s0: FAILURE  64.2108s
[7907/8235   5581s] Z12 n240 p0.05 i102 template s-1: INFEASIBLE  0.0s
[7908/8235   5581s] Z12 n240 p0.05 i102 clique s-1: FAILURE  0.0255s
[7909/8235   5581s] Z12 n240 p0.05 i101 mmfork-cuthill s1: SUCCESS acl=12.1042/11.4667 15.5568s
[7910/8235   5581s] Z12 n480 p0.08 i103 clmm s1: FAILURE  66.155s
[7911/8235   5581s] Z12 n480 p0.08 i103 clmm s3: FAILURE  65.674s
[7912/8235   5581s] Z12 n240 p0.05 i101 minorminer s1: SUCCESS acl=11.6042/11.0 18.0528s
[7913/8235   5582s] Z12 n480 p0.08 i103 clmm s0: FAILURE  67.9465s
[7914/8235   5582s] Z12 n240 p0.05 i101 mmfork-cuthill s3: SUCCESS acl=12.1833/11.4708 16.0267s
[7915/8235   5583s] Z12 n480 p0.08 i103 clmm s4: FAILURE  66.3382s
[7916/8235   5583s] Z12 n480 p0.08 i103 clmm s2: FAILURE  67.6564s
[7917/8235   5584s] Z12 n480 p0.08 i103 pssa s1: FAILURE  64.8466s
[7918/8235   5585s] Z12 n240 p0.05 i101 clmm s3: SUCCESS acl=12.6875/12.0292 11.7883s
[7919/8235   5585s] Z12 n240 p0.05 i101 mmfork-cuthill s2: SUCCESS acl=11.9917/11.35 19.4417s
[7920/8235   5586s] Z12 n240 p0.05 i102 minorminer s4: SUCCESS acl=12.4083/11.75 9.4318s
[7921/8235   5586s] Z12 n240 p0.05 i101 minorminer s3: SUCCESS acl=11.7458/11.0958 21.5914s
[7922/8235   5586s] Z12 n480 p0.08 i103 pssa s2: FAILURE  63.944s
[7923/8235   5586s] Z12 n480 p0.08 i103 pssa s4: FAILURE  63.1172s
[7924/8235   5588s] Z12 n240 p0.05 i102 minorminer s0: SUCCESS acl=12.7542/11.9958 11.479s
[7925/8235   5588s] Z12 n240 p0.05 i102 mmfork-cuthill s3: SUCCESS acl=12.8708/12.2083 10.8796s
[7926/8235   5588s] Z12 n240 p0.05 i102 minorminer s1: SUCCESS acl=11.975/11.3458 11.906s
[7927/8235   5590s] Z12 n240 p0.05 i102 mmfork-cuthill s0: SUCCESS acl=12.3667/11.775 12.7236s
[7928/8235   5590s] Z12 n240 p0.05 i101 minorminer s2: SUCCESS acl=11.6375/11.1333 26.3917s
[7929/8235   5591s] Z12 n240 p0.05 i102 clmm s2: SUCCESS acl=12.6792/12.0167 12.0578s
[7930/8235   5591s] Z12 n240 p0.05 i102 mmfork-cuthill s1: SUCCESS acl=12.1167/11.5042 14.4278s
[7931/8235   5591s] Z12 n480 p0.08 i103 attraction s0: FAILURE  67.5747s
[7932/8235   5591s] Z12 n240 p0.05 i102 minorminer s3: SUCCESS acl=12.075/11.3583 15.0468s
[7933/8235   5592s] Z12 n480 p0.08 i103 attraction s1: FAILURE  67.5674s
[7934/8235   5592s] Z12 n240 p0.05 i103 template s-1: INFEASIBLE  0.0s
[7935/8235   5592s] Z12 n240 p0.05 i103 clique s-1: FAILURE  0.0246s
[7936/8235   5592s] Z12 n240 p0.05 i102 clmm s0: SUCCESS acl=12.4292/11.775 13.8942s
[7937/8235   5593s] Z12 n480 p0.08 i103 pssa s3: FAILURE  69.6699s
[7938/8235   5593s] Z12 n240 p0.05 i101 clmm s4: SUCCESS acl=12.3708/11.7167 19.8555s
[7939/8235   5593s] Z12 n240 p0.05 i102 clmm s4: SUCCESS acl=12.575/11.9042 12.96s
[7940/8235   5594s] Z12 n240 p0.05 i102 minorminer s2: SUCCESS acl=11.8375/11.2208 17.4127s
[7941/8235   5594s] Z12 n240 p0.05 i102 clmm s1: SUCCESS acl=12.5667/12.0042 15.5906s
[7942/8235   5595s] Z12 n480 p0.08 i103 attraction s4: FAILURE  69.5078s
[7943/8235   5595s] Z12 n240 p0.05 i102 mmfork-cuthill s4: SUCCESS acl=12.0833/11.5208 17.1099s
[7944/8235   5595s] Z12 n480 p0.08 i103 attraction s3: FAILURE  69.9715s
[7945/8235   5596s] Z12 n480 p0.08 i103 attraction s2: FAILURE  71.2081s
[7946/8235   5596s] Z12 n240 p0.05 i102 mmfork-cuthill s2: SUCCESS acl=11.3917/10.8208 19.0751s
[7947/8235   5596s] Z12 n240 p0.05 i103 minorminer s0: SUCCESS acl=13.0042/12.1 11.6094s
[7948/8235   5597s] Z12 n240 p0.05 i103 minorminer s3: SUCCESS acl=12.8958/12.1625 10.528s
[7949/8235   5597s] Z12 n240 p0.05 i103 minorminer s2: SUCCESS acl=12.8208/12.1667 11.3178s
[7950/8235   5599s] Z12 n240 p0.05 i103 mmfork-cuthill s2: SUCCESS acl=13.8/13.0625 10.4836s
[7951/8235   5599s] Z12 n240 p0.05 i103 minorminer s4: SUCCESS acl=12.3667/11.5917 12.5374s
[7952/8235   5601s] Z12 n240 p0.05 i103 mmfork-cuthill s1: SUCCESS acl=12.675/11.9625 12.8281s
[7953/8235   5601s] Z12 n240 p0.05 i103 mmfork-cuthill s4: SUCCESS acl=13.675/12.9208 11.6791s
[7954/8235   5602s] Z12 n240 p0.05 i103 clmm s0: SUCCESS acl=13.6792/12.8417 11.9887s
[7955/8235   5602s] Z12 n240 p0.05 i103 clmm s2: SUCCESS acl=14.2667/13.3917 11.0031s
[7956/8235   5603s] Z12 n240 p0.05 i103 clmm s1: SUCCESS acl=13.0125/12.3208 11.5358s
[7957/8235   5603s] Z12 n240 p0.05 i102 clmm s3: SUCCESS acl=11.4542/10.8083 23.0718s
[7958/8235   5603s] Z12 n240 p0.05 i103 minorminer s1: SUCCESS acl=11.425/10.7417 17.5417s
[7959/8235   5603s] Z12 n240 p0.05 i103 clmm s3: SUCCESS acl=13.175/12.3417 11.6179s
[7960/8235   5603s] Z12 n240 p0.05 i103 mmfork-cuthill s3: SUCCESS acl=12.6583/11.8708 14.9716s
[7961/8235   5603s] Z12 n340 p0.05 i101 template s-1: INFEASIBLE  0.0s
[7962/8235   5603s] Z12 n340 p0.05 i101 clique s-1: FAILURE  0.024s
[7963/8235   5608s] Z12 n240 p0.05 i101 attraction s4: SUCCESS acl=12.8208/12.0375 31.3036s
[7964/8235   5608s] Z12 n240 p0.05 i103 mmfork-cuthill s0: SUCCESS acl=11.55/10.8417 21.1217s
[7965/8235   5612s] Z12 n240 p0.05 i101 attraction s3: SUCCESS acl=12.6167/11.8625 35.5383s
[7966/8235   5612s] Z12 n240 p0.05 i101 attraction s0: SUCCESS acl=11.7958/11.1708 37.4727s
[7967/8235   5615s] Z12 n240 p0.05 i101 attraction s2: SUCCESS acl=11.4958/10.8167 39.2174s
[7968/8235   5618s] Z12 n240 p0.05 i103 clmm s4: SUCCESS acl=11.5792/10.9625 26.2719s
[7969/8235   5619s] Z12 n240 p0.05 i102 attraction s0: SUCCESS acl=11.6167/11.0583 36.9057s
[7970/8235   5620s] Z12 n240 p0.05 i101 attraction s1: SUCCESS acl=11.5/10.7542 43.9847s
[7971/8235   5621s] Z12 n240 p0.05 i102 attraction s4: SUCCESS acl=11.925/11.1 37.5797s
[7972/8235   5622s] Z12 n240 p0.05 i102 attraction s1: SUCCESS acl=11.2/10.65 39.138s
[7973/8235   5623s] Z12 n240 p0.05 i102 attraction s3: SUCCESS acl=11.2458/10.575 39.5826s
[7974/8235   5623s] Z12 n240 p0.05 i102 attraction s2: SUCCESS acl=11.1292/10.5792 40.0561s
[7975/8235   5627s] Z12 n240 p0.05 i103 attraction s2: SUCCESS acl=12.9/12.0333 32.3289s
[7976/8235   5629s] Z12 n240 p0.05 i103 attraction s4: SUCCESS acl=12.5208/11.8042 33.549s
[7977/8235   5629s] Z12 n240 p0.05 i103 attraction s3: SUCCESS acl=12.1125/11.3625 34.2175s
[7978/8235   5632s] Z12 n240 p0.05 i103 attraction s0: SUCCESS acl=12.0625/11.2708 37.7286s
[7979/8235   5636s] Z12 n240 p0.05 i101 pssa s0: FAILURE  62.3312s
[7980/8235   5636s] Z12 n240 p0.05 i101 pssa s4: FAILURE  61.6059s
[7981/8235   5636s] Z12 n240 p0.05 i101 pssa s1: FAILURE  62.7575s
[7982/8235   5643s] Z12 n240 p0.05 i101 pssa s2: FAILURE  68.9031s
[7983/8235   5643s] Z12 n240 p0.05 i102 pssa s1: FAILURE  61.6619s
[7984/8235   5643s] Z12 n240 p0.05 i101 pssa s3: FAILURE  68.9649s
[7985/8235   5643s] Z12 n240 p0.05 i102 pssa s0: FAILURE  62.2852s
[7986/8235   5643s] Z12 n240 p0.05 i103 attraction s1: SUCCESS acl=10.9/10.2667 49.5068s
[7987/8235   5649s] Z12 n240 p0.05 i102 pssa s4: FAILURE  67.9568s
[7988/8235   5649s] Z12 n340 p0.05 i102 template s-1: INFEASIBLE  0.0s
[7989/8235   5649s] Z12 n340 p0.05 i102 clique s-1: FAILURE  0.0248s
[7990/8235   5650s] Z12 n240 p0.05 i102 pssa s3: FAILURE  68.4257s
[7991/8235   5650s] Z12 n240 p0.05 i102 pssa s2: FAILURE  68.5799s
[7992/8235   5655s] Z12 n240 p0.05 i103 pssa s2: FAILURE  62.4811s
[7993/8235   5656s] Z12 n240 p0.05 i103 pssa s3: FAILURE  62.9502s
[7994/8235   5658s] Z12 n340 p0.05 i101 minorminer s2: FAILURE  61.2895s
[7995/8235   5658s] Z12 n340 p0.05 i101 minorminer s1: FAILURE  61.6209s
[7996/8235   5658s] Z12 n340 p0.05 i101 minorminer s0: FAILURE  61.8532s
[7997/8235   5658s] Z12 n340 p0.05 i101 minorminer s3: FAILURE  61.3827s
[7998/8235   5659s] Z12 n340 p0.05 i101 minorminer s4: FAILURE  61.4175s
[7999/8235   5660s] Z12 n240 p0.05 i103 pssa s1: FAILURE  68.0018s
[8000/8235   5660s] Z12 n340 p0.05 i101 mmfork-cuthill s0: FAILURE  61.3911s
[8001/8235   5660s] Z12 n240 p0.05 i103 pssa s0: FAILURE  68.6739s
[8002/8235   5661s] Z12 n240 p0.05 i103 pssa s4: FAILURE  67.1744s
[8003/8235   5661s] Z12 n340 p0.05 i101 mmfork-cuthill s1: FAILURE  62.1431s
[8004/8235   5663s] Z12 n340 p0.05 i101 mmfork-cuthill s2: FAILURE  62.0656s
[8005/8235   5664s] Z12 n340 p0.05 i101 mmfork-cuthill s3: FAILURE  62.1523s
[8006/8235   5664s] Z12 n340 p0.05 i101 mmfork-cuthill s4: FAILURE  61.9555s
[8007/8235   5664s] Z12 n340 p0.05 i101 clmm s0: FAILURE  62.0456s
[8008/8235   5665s] Z12 n340 p0.05 i101 clmm s1: FAILURE  61.9327s
[8009/8235   5665s] Z12 n340 p0.05 i101 clmm s2: FAILURE  62.0298s
[8010/8235   5665s] Z12 n340 p0.05 i101 clmm s3: FAILURE  61.9466s
[8011/8235   5666s] Z12 n340 p0.05 i101 clmm s4: FAILURE  62.4276s
[8012/8235   5666s] Z12 n340 p0.05 i101 pssa s0: FAILURE  62.4604s
[8013/8235   5669s] Z12 n340 p0.05 i101 pssa s1: FAILURE  61.8277s
[8014/8235   5672s] Z12 n340 p0.05 i101 pssa s2: FAILURE  64.6293s
[8015/8235   5672s] Z12 n340 p0.05 i103 template s-1: INFEASIBLE  0.0s
[8016/8235   5672s] Z12 n340 p0.05 i103 clique s-1: FAILURE  0.0217s
[8017/8235   5675s] Z12 n340 p0.05 i101 pssa s4: FAILURE  62.0789s
[8018/8235   5675s] Z12 n340 p0.05 i101 pssa s3: FAILURE  63.1112s
[8019/8235   5678s] Z12 n340 p0.05 i101 attraction s0: FAILURE  62.4246s
[8020/8235   5681s] Z12 n340 p0.05 i101 attraction s1: FAILURE  63.2308s
[8021/8235   5682s] Z12 n340 p0.05 i101 attraction s2: FAILURE  62.8772s
[8022/8235   5683s] Z12 n340 p0.05 i101 attraction s3: FAILURE  62.6845s
[8023/8235   5684s] Z12 n340 p0.05 i102 minorminer s0: FAILURE  61.9885s
[8024/8235   5684s] Z12 n340 p0.05 i101 attraction s4: FAILURE  63.0951s
[8025/8235   5685s] Z12 n340 p0.05 i102 minorminer s1: FAILURE  61.8892s
[8026/8235   5685s] Z12 n340 p0.05 i102 minorminer s2: FAILURE  62.0523s
[8027/8235   5689s] Z12 n340 p0.05 i102 minorminer s3: FAILURE  62.1651s
[8028/8235   5690s] Z12 n340 p0.05 i102 minorminer s4: FAILURE  61.2998s
[8029/8235   5691s] Z12 n340 p0.05 i102 mmfork-cuthill s0: FAILURE  61.8765s
[8030/8235   5693s] Z12 n340 p0.05 i102 mmfork-cuthill s1: FAILURE  61.2275s
[8031/8235   5696s] Z12 n340 p0.05 i102 mmfork-cuthill s2: FAILURE  60.5752s
[8032/8235   5698s] Z12 n340 p0.05 i102 mmfork-cuthill s3: FAILURE  61.5879s
[8033/8235   5698s] Z12 n340 p0.05 i102 mmfork-cuthill s4: FAILURE  61.8402s
[8034/8235   5705s] Z12 n340 p0.05 i102 clmm s0: FAILURE  61.613s
[8035/8235   5705s] Z12 n340 p0.05 i102 clmm s1: FAILURE  62.0683s
[8036/8235   5706s] Z12 n340 p0.05 i102 clmm s2: FAILURE  62.2381s
[8037/8235   5706s] Z12 n340 p0.05 i102 clmm s4: FAILURE  62.3198s
[8038/8235   5706s] Z12 n340 p0.05 i102 clmm s3: FAILURE  62.3981s
[8039/8235   5712s] Z12 n340 p0.05 i102 pssa s1: FAILURE  62.0852s
[8040/8235   5712s] Z12 n340 p0.05 i102 pssa s0: FAILURE  62.4771s
[8041/8235   5714s] Z12 n340 p0.05 i102 pssa s2: FAILURE  64.3565s
[8042/8235   5714s] Z12 n460 p0.05 i101 template s-1: INFEASIBLE  0.0s
[8043/8235   5714s] Z12 n460 p0.05 i101 clique s-1: FAILURE  0.0263s
[8044/8235   5717s] Z12 n340 p0.05 i102 pssa s3: FAILURE  62.0312s
[8045/8235   5719s] Z12 n340 p0.05 i102 attraction s3: FAILURE  60.8012s
[8046/8235   5720s] Z12 n340 p0.05 i102 attraction s1: FAILURE  62.549s
[8047/8235   5721s] Z12 n340 p0.05 i102 attraction s2: FAILURE  62.8301s
[8048/8235   5721s] Z12 n340 p0.05 i102 attraction s0: FAILURE  62.9252s
[8049/8235   5722s] Z12 n340 p0.05 i102 attraction s4: FAILURE  62.7959s
[8050/8235   5722s] Z12 n340 p0.05 i103 minorminer s0: FAILURE  61.9584s
[8051/8235   5722s] Z12 n340 p0.05 i103 minorminer s1: FAILURE  61.866s
[8052/8235   5723s] Z12 n340 p0.05 i103 minorminer s2: FAILURE  62.2246s
[8053/8235   5723s] Z12 n340 p0.05 i103 minorminer s4: FAILURE  61.5306s
[8054/8235   5723s] Z12 n340 p0.05 i103 minorminer s3: FAILURE  62.2553s
[8055/8235   5724s] Z12 n340 p0.05 i103 mmfork-cuthill s1: FAILURE  60.9177s
[8056/8235   5725s] Z12 n340 p0.05 i103 mmfork-cuthill s0: FAILURE  62.3055s
[8057/8235   5726s] Z12 n340 p0.05 i102 pssa s4: FAILURE  69.237s
[8058/8235   5726s] Z12 n340 p0.05 i103 mmfork-cuthill s3: FAILURE  61.2546s
[8059/8235   5726s] Z12 n340 p0.05 i103 clmm s0: FAILURE  60.7273s
[8060/8235   5726s] Z12 n340 p0.05 i103 mmfork-cuthill s2: FAILURE  61.7841s
[8061/8235   5726s] Z12 n340 p0.05 i103 mmfork-cuthill s4: FAILURE  61.6136s
[8062/8235   5727s] Z12 n340 p0.05 i103 clmm s1: FAILURE  61.4258s
[8063/8235   5728s] Z12 n340 p0.05 i103 clmm s3: FAILURE  61.5981s
[8064/8235   5728s] Z12 n340 p0.05 i103 clmm s2: FAILURE  62.1017s
[8065/8235   5731s] Z12 n340 p0.05 i103 clmm s4: FAILURE  61.8576s
[8066/8235   5735s] Z12 n340 p0.05 i103 pssa s0: FAILURE  62.426s
[8067/8235   5737s] Z12 n340 p0.05 i103 pssa s2: FAILURE  62.2938s
[8068/8235   5743s] Z12 n340 p0.05 i103 pssa s4: FAILURE  61.7137s
[8069/8235   5743s] Z12 n460 p0.05 i102 template s-1: INFEASIBLE  0.0s
[8070/8235   5743s] Z12 n460 p0.05 i102 clique s-1: FAILURE  0.0247s
[8071/8235   5744s] Z12 n340 p0.05 i103 pssa s1: FAILURE  69.5868s
[8072/8235   5745s] Z12 n340 p0.05 i103 attraction s0: FAILURE  62.6162s
[8073/8235   5746s] Z12 n340 p0.05 i103 attraction s1: FAILURE  62.9386s
[8074/8235   5746s] Z12 n340 p0.05 i103 pssa s3: FAILURE  68.1756s
[8075/8235   5747s] Z12 n340 p0.05 i103 attraction s2: FAILURE  62.8463s
[8076/8235   5747s] Z12 n340 p0.05 i103 attraction s3: FAILURE  62.4955s
[8077/8235   5748s] Z12 n340 p0.05 i103 attraction s4: FAILURE  62.9146s
[8078/8235   5748s] Z12 n460 p0.05 i101 minorminer s0: FAILURE  62.8837s
[8079/8235   5752s] Z12 n460 p0.05 i101 minorminer s1: FAILURE  62.9082s
[8080/8235   5753s] Z12 n460 p0.05 i101 minorminer s2: FAILURE  62.8072s
[8081/8235   5753s] Z12 n460 p0.05 i101 minorminer s3: FAILURE  62.2527s
[8082/8235   5756s] Z12 n460 p0.05 i101 minorminer s4: FAILURE  63.0997s
[8083/8235   5759s] Z12 n460 p0.05 i101 mmfork-cuthill s0: FAILURE  62.9103s
[8084/8235   5760s] Z12 n460 p0.05 i101 mmfork-cuthill s1: FAILURE  62.4919s
[8085/8235   5761s] Z12 n460 p0.05 i101 mmfork-cuthill s2: FAILURE  62.4338s
[8086/8235   5767s] Z12 n460 p0.05 i101 mmfork-cuthill s4: FAILURE  61.799s
[8087/8235   5768s] Z12 n460 p0.05 i101 mmfork-cuthill s3: FAILURE  63.3197s
[8088/8235   5769s] Z12 n460 p0.05 i101 clmm s2: FAILURE  62.739s
[8089/8235   5770s] Z12 n460 p0.05 i101 clmm s1: FAILURE  64.0669s
[8090/8235   5770s] Z12 n460 p0.05 i101 clmm s0: FAILURE  64.3461s
[8091/8235   5772s] Z12 n460 p0.05 i101 clmm s3: FAILURE  60.2392s
[8092/8235   5775s] Z12 n460 p0.05 i101 clmm s4: FAILURE  63.2393s
[8093/8235   5778s] Z12 n460 p0.05 i101 pssa s1: FAILURE  61.3846s
[8094/8235   5780s] Z12 n460 p0.05 i101 pssa s2: FAILURE  61.1527s
[8095/8235   5781s] Z12 n460 p0.05 i101 pssa s0: FAILURE  66.4763s
[8096/8235   5781s] Z12 n460 p0.05 i103 template s-1: INFEASIBLE  0.0s
[8097/8235   5781s] Z12 n460 p0.05 i103 clique s-1: FAILURE  0.0252s
[8098/8235   5785s] Z12 n460 p0.05 i102 minorminer s1: FAILURE  62.5551s
[8099/8235   5786s] Z12 n460 p0.05 i101 attraction s0: FAILURE  65.2369s
[8100/8235   5786s] Z12 n460 p0.05 i101 attraction s1: FAILURE  64.4543s
[8101/8235   5787s] Z12 n460 p0.05 i102 minorminer s0: FAILURE  63.8531s
[8102/8235   5787s] Z12 n460 p0.05 i101 attraction s4: FAILURE  64.2314s
[8103/8235   5787s] Z12 n460 p0.05 i101 attraction s2: FAILURE  65.2663s
[8104/8235   5787s] Z12 n460 p0.05 i102 minorminer s2: FAILURE  63.0389s
[8105/8235   5788s] Z12 n460 p0.05 i102 minorminer s4: FAILURE  62.2581s
[8106/8235   5788s] Z12 n460 p0.05 i101 attraction s3: FAILURE  65.8621s
[8107/8235   5788s] Z12 n460 p0.05 i102 mmfork-cuthill s0: FAILURE  62.382s
[8108/8235   5789s] Z12 n460 p0.05 i102 mmfork-cuthill s2: FAILURE  62.5926s
[8109/8235   5789s] Z12 n460 p0.05 i102 minorminer s3: FAILURE  63.4753s
[8110/8235   5789s] Z12 n460 p0.05 i101 pssa s3: FAILURE  68.6406s
[8111/8235   5790s] Z12 n460 p0.05 i102 mmfork-cuthill s4: FAILURE  63.0141s
[8112/8235   5790s] Z12 n460 p0.05 i102 mmfork-cuthill s3: FAILURE  63.5786s
[8113/8235   5790s] Z12 n460 p0.05 i102 clmm s0: FAILURE  62.4847s
[8114/8235   5790s] Z12 n460 p0.05 i102 mmfork-cuthill s1: FAILURE  64.5791s
[8115/8235   5791s] Z12 n460 p0.05 i101 pssa s4: FAILURE  70.0665s
[8116/8235   5792s] Z12 n460 p0.05 i102 clmm s1: FAILURE  64.2307s
[8117/8235   5796s] Z12 n460 p0.05 i102 clmm s2: FAILURE  64.3777s
[8118/8235   5797s] Z12 n460 p0.05 i102 clmm s4: FAILURE  60.2757s
[8119/8235   5799s] Z12 n460 p0.05 i102 clmm s3: FAILURE  63.9786s
[8120/8235   5805s] Z12 n460 p0.05 i102 pssa s1: FAILURE  61.0837s
[8121/8235   5811s] Z12 n460 p0.05 i102 attraction s2: FAILURE  63.2938s
[8122/8235   5811s] Z12 n460 p0.05 i102 attraction s1: FAILURE  64.3257s
[8123/8235   5811s] Z12 n600 p0.05 i101 template s-1: INFEASIBLE  0.0s
[8124/8235   5811s] Z12 n600 p0.05 i101 clique s-1: FAILURE  0.0243s
[8125/8235   5811s] Z12 n460 p0.05 i102 pssa s4: FAILURE  65.6038s
[8126/8235   5812s] Z12 n460 p0.05 i102 pssa s2: FAILURE  66.7618s
[8127/8235   5812s] Z12 n460 p0.05 i102 attraction s0: FAILURE  65.7868s
[8128/8235   5812s] Z12 n460 p0.05 i102 pssa s0: FAILURE  69.5131s
[8129/8235   5813s] Z12 n460 p0.05 i102 attraction s3: FAILURE  65.5382s
[8130/8235   5814s] Z12 n460 p0.05 i102 pssa s3: FAILURE  68.6124s
[8131/8235   5816s] Z12 n460 p0.05 i102 attraction s4: FAILURE  64.1603s
[8132/8235   5816s] Z12 n460 p0.05 i103 minorminer s1: FAILURE  63.1337s
[8133/8235   5817s] Z12 n460 p0.05 i103 minorminer s0: FAILURE  64.0174s
[8134/8235   5820s] Z12 n460 p0.05 i103 minorminer s2: FAILURE  63.7667s
[8135/8235   5822s] Z12 n460 p0.05 i103 minorminer s3: FAILURE  62.9958s
[8136/8235   5824s] Z12 n460 p0.05 i103 mmfork-cuthill s0: FAILURE  63.7293s
[8137/8235   5825s] Z12 n460 p0.05 i103 minorminer s4: FAILURE  64.1568s
[8138/8235   5830s] Z12 n460 p0.05 i103 mmfork-cuthill s1: FAILURE  63.3498s
[8139/8235   5830s] Z12 n460 p0.05 i103 mmfork-cuthill s2: FAILURE  62.5526s
[8140/8235   5832s] Z12 n460 p0.05 i103 mmfork-cuthill s3: FAILURE  63.4608s
[8141/8235   5834s] Z12 n460 p0.05 i103 mmfork-cuthill s4: FAILURE  63.9s
[8142/8235   5834s] Z12 n460 p0.05 i103 clmm s0: FAILURE  64.2689s
[8143/8235   5835s] Z12 n460 p0.05 i103 clmm s1: FAILURE  63.0936s
[8144/8235   5839s] Z12 n460 p0.05 i103 clmm s2: FAILURE  63.5031s
[8145/8235   5842s] Z12 n460 p0.05 i103 clmm s3: FAILURE  63.3506s
[8146/8235   5844s] Z12 n460 p0.05 i103 clmm s4: FAILURE  63.4806s
[8147/8235   5848s] Z12 n460 p0.05 i103 pssa s1: FAILURE  62.8763s
[8148/8235   5849s] Z12 n460 p0.05 i103 attraction s4: FAILURE  60.8947s
[8149/8235   5849s] Z12 n460 p0.05 i103 pssa s0: FAILURE  67.9758s
[8150/8235   5849s] Z12 n600 p0.05 i102 template s-1: INFEASIBLE  0.0s
[8151/8235   5849s] Z12 n600 p0.05 i102 clique s-1: FAILURE  0.0237s
[8152/8235   5852s] Z12 n460 p0.05 i103 attraction s2: FAILURE  64.4517s
[8153/8235   5852s] Z12 n460 p0.05 i103 attraction s1: FAILURE  65.1775s
[8154/8235   5853s] Z12 n460 p0.05 i103 attraction s0: FAILURE  65.5362s
[8155/8235   5853s] Z12 n600 p0.05 i101 minorminer s2: FAILURE  64.5158s
[8156/8235   5853s] Z12 n460 p0.05 i103 attraction s3: FAILURE  65.3754s
[8157/8235   5853s] Z12 n600 p0.05 i101 minorminer s4: FAILURE  63.8071s
[8158/8235   5854s] Z12 n600 p0.05 i101 minorminer s0: FAILURE  65.4004s
[8159/8235   5854s] Z12 n460 p0.05 i103 pssa s3: FAILURE  67.5768s
[8160/8235   5854s] Z12 n460 p0.05 i103 pssa s4: FAILURE  67.3014s
[8161/8235   5854s] Z12 n600 p0.05 i101 minorminer s3: FAILURE  65.1266s
[8162/8235   5854s] Z12 n600 p0.05 i101 mmfork-cuthill s1: FAILURE  64.316s
[8163/8235   5855s] Z12 n460 p0.05 i103 pssa s2: FAILURE  68.8593s
[8164/8235   5855s] Z12 n600 p0.05 i101 minorminer s1: FAILURE  66.3672s
[8165/8235   5856s] Z12 n600 p0.05 i101 mmfork-cuthill s2: FAILURE  65.7569s
[8166/8235   5856s] Z12 n600 p0.05 i101 mmfork-cuthill s0: FAILURE  66.2524s
[8167/8235   5857s] Z12 n600 p0.05 i101 mmfork-cuthill s4: FAILURE  64.6465s
[8168/8235   5857s] Z12 n600 p0.05 i101 mmfork-cuthill s3: FAILURE  66.3412s
[8169/8235   5862s] Z12 n600 p0.05 i101 clmm s0: FAILURE  66.1625s
[8170/8235   5865s] Z12 n600 p0.05 i101 clmm s1: FAILURE  67.3879s
[8171/8235   5866s] Z12 n600 p0.05 i101 clmm s2: FAILURE  67.0944s
[8172/8235   5872s] Z12 n600 p0.05 i101 clmm s3: FAILURE  66.8139s
[8173/8235   5877s] Z12 n600 p0.05 i101 clmm s4: FAILURE  65.711s
[8174/8235   5879s] Z12 n600 p0.05 i101 pssa s3: FAILURE  66.4468s
[8175/8235   5879s] Z12 n600 p0.05 i101 pssa s0: FAILURE  67.8154s
[8176/8235   5881s] Z12 n600 p0.05 i101 pssa s1: FAILURE  69.7781s
[8177/8235   5881s] Z12 n600 p0.05 i103 template s-1: INFEASIBLE  0.0s
[8178/8235   5881s] Z12 n600 p0.05 i103 clique s-1: FAILURE  0.0241s
[8179/8235   5882s] Z12 n600 p0.05 i101 attraction s0: FAILURE  68.001s
[8180/8235   5882s] Z12 n600 p0.05 i101 pssa s2: FAILURE  69.8708s
[8181/8235   5882s] Z12 n600 p0.05 i101 attraction s1: FAILURE  67.394s
[8182/8235   5883s] Z12 n600 p0.05 i101 pssa s4: FAILURE  70.2491s
[8183/8235   5884s] Z12 n600 p0.05 i101 attraction s2: FAILURE  67.1331s
[8184/8235   5884s] Z12 n600 p0.05 i101 attraction s4: FAILURE  67.3505s
[8185/8235   5885s] Z12 n600 p0.05 i102 minorminer s0: FAILURE  65.2678s
[8186/8235   5886s] Z12 n600 p0.05 i101 attraction s3: FAILURE  69.2838s
[8187/8235   5887s] Z12 n600 p0.05 i102 minorminer s2: FAILURE  62.3015s
[8188/8235   5887s] Z12 n600 p0.05 i102 minorminer s1: FAILURE  65.1374s
[8189/8235   5890s] Z12 n600 p0.05 i102 minorminer s3: FAILURE  65.3307s
[8190/8235   5894s] Z12 n600 p0.05 i102 minorminer s4: FAILURE  63.9238s
[8191/8235   5896s] Z12 n600 p0.05 i102 mmfork-cuthill s0: FAILURE  65.1707s
[8192/8235   5896s] Z12 n600 p0.05 i102 mmfork-cuthill s1: FAILURE  63.9124s
[8193/8235   5898s] Z12 n600 p0.05 i102 mmfork-cuthill s2: FAILURE  64.2455s
[8194/8235   5899s] Z12 n600 p0.05 i102 mmfork-cuthill s3: FAILURE  65.2365s
[8195/8235   5902s] Z12 n600 p0.05 i102 mmfork-cuthill s4: FAILURE  66.2512s
[8196/8235   5905s] Z12 n600 p0.05 i102 clmm s0: FAILURE  65.7967s
[8197/8235   5908s] Z12 n600 p0.05 i102 clmm s1: FAILURE  65.6797s
[8198/8235   5910s] Z12 n600 p0.05 i102 clmm s2: FAILURE  66.5168s
[8199/8235   5913s] Z12 n600 p0.05 i102 clmm s4: FAILURE  64.3754s
[8200/8235   5914s] Z12 n600 p0.05 i102 clmm s3: FAILURE  66.0736s
[8201/8235   5915s] Z12 n600 p0.05 i102 pssa s0: FAILURE  66.2653s
[8202/8235   5918s] Z12 n600 p0.05 i102 pssa s4: FAILURE  64.8573s
[8203/8235   5919s] Z12 n600 p0.05 i103 minorminer s3: FAILURE  63.5812s
[8204/8235   5919s] Z12 n600 p0.05 i103 minorminer s2: FAILURE  64.1437s
[8205/8235   5919s] Z12 n600 p0.05 i103 minorminer s1: FAILURE  64.6332s
[8206/8235   5919s] Z12 n600 p0.05 i103 minorminer s0: FAILURE  65.0935s
[8207/8235   5919s] Z12 n600 p0.05 i102 pssa s3: FAILURE  66.5939s
[8208/8235   5920s] Z12 n600 p0.05 i102 pssa s1: FAILURE  67.5543s
[8209/8235   5920s] Z12 n600 p0.05 i102 pssa s2: FAILURE  67.3621s
[8210/8235   5920s] Z12 n600 p0.05 i102 attraction s1: FAILURE  66.3972s
[8211/8235   5920s] Z12 n600 p0.05 i102 attraction s0: FAILURE  67.023s
[8212/8235   5921s] Z12 n600 p0.05 i103 mmfork-cuthill s0: FAILURE  64.2464s
[8213/8235   5921s] Z12 n600 p0.05 i103 minorminer s4: FAILURE  64.588s
[8214/8235   5921s] Z12 n600 p0.05 i102 attraction s4: FAILURE  67.0189s
[8215/8235   5921s] Z12 n600 p0.05 i103 mmfork-cuthill s1: FAILURE  64.6358s
[8216/8235   5921s] Z12 n600 p0.05 i103 mmfork-cuthill s2: FAILURE  64.3565s
[8217/8235   5921s] Z12 n600 p0.05 i102 attraction s2: FAILURE  67.8233s
[8218/8235   5922s] Z12 n600 p0.05 i102 attraction s3: FAILURE  68.1533s
[8219/8235   5927s] Z12 n600 p0.05 i103 mmfork-cuthill s3: FAILURE  64.9025s
[8220/8235   5929s] Z12 n600 p0.05 i103 mmfork-cuthill s4: FAILURE  64.175s
[8221/8235   5933s] Z12 n600 p0.05 i103 clmm s0: FAILURE  67.1963s
[8222/8235   5936s] Z12 n600 p0.05 i103 clmm s1: FAILURE  64.2439s
[8223/8235   5943s] Z12 n600 p0.05 i103 clmm s3: FAILURE  63.7411s
[8224/8235   5943s] Z12 n600 p0.05 i103 clmm s2: FAILURE  66.1735s
[8225/8235   5943s] Z12 n600 p0.05 i103 pssa s3: FAILURE  61.4859s
[8226/8235   5943s] Z12 n600 p0.05 i103 pssa s0: FAILURE  62.0064s
[8227/8235   5944s] Z12 n600 p0.05 i103 pssa s2: FAILURE  62.3935s
[8228/8235   5945s] Z12 n600 p0.05 i103 pssa s1: FAILURE  63.5316s
[8229/8235   5945s] Z12 n600 p0.05 i103 clmm s4: FAILURE  66.0355s
[8230/8235   5946s] Z12 n600 p0.05 i103 pssa s4: FAILURE  62.8132s
[8231/8235   5950s] Z12 n600 p0.05 i103 attraction s0: FAILURE  66.6531s
[8232/8235   5952s] Z12 n600 p0.05 i103 attraction s3: FAILURE  66.2507s
[8233/8235   5953s] Z12 n600 p0.05 i103 attraction s1: FAILURE  68.3461s
[8234/8235   5953s] Z12 n600 p0.05 i103 attraction s4: FAILURE  66.092s
[8235/8235   5953s] Z12 n600 p0.05 i103 attraction s2: FAILURE  68.2837s

all tasks done in 5954s; rows appended to /data/dabh/ember/docs/paper3/data/e0_crossover.csv

====================================================================================================
E0 crossover summary — ACL column: acl_spur (spur-pruned, ALL arms; protocol rule 3)
dACL = arm - minorminer on both-succeed (inst_seed, algo_seed) pairs; deterministic arms pair
against every minorminer seed run on the same instance. Success rates are unpaired.
====================================================================================================

-- P16  n=60  p=1
  minorminer      success 5/5   med time    8.87s   acl_spur mean 7.127 median 7.000
  mmfork-cuthill  success 5/5   med time    8.01s   pairs   5  dACL_spur mean  +0.063 median  +0.000  W/L/T 2/2/1
  clmm            success 5/5   med time    3.50s   pairs   5  dACL_spur mean  -0.423 median  -0.283  W/L/T 5/0/0
  template        success 1/1   med time    0.01s   pairs   5  dACL_spur mean  -0.393 median  -0.267  W/L/T 5/0/0
  clique          success 1/1   med time    0.03s   pairs   5  dACL_spur mean  -0.393 median  -0.267  W/L/T 5/0/0
  pssa            success 5/5   med time    0.37s   pairs   5  dACL_spur mean  -0.493 median  -0.367  W/L/T 5/0/0
  attraction      success 5/5   med time   35.59s   pairs   5  dACL_spur mean  +0.513 median  +0.450  W/L/T 0/5/0

-- P16  n=100  p=1
  minorminer      success 5/5   med time   60.12s   acl_spur mean 11.858 median 12.180
  mmfork-cuthill  success 5/5   med time   60.63s   pairs   5  dACL_spur mean  +0.074 median  -0.360  W/L/T 3/2/0
  clmm            success 5/5   med time   27.07s   pairs   5  dACL_spur mean  -2.086 median  -2.400  W/L/T 5/0/0
  template        success 1/1   med time    0.05s   pairs   5  dACL_spur mean  -2.078 median  -2.400  W/L/T 5/0/0
  clique          success 1/1   med time    0.03s   pairs   5  dACL_spur mean  -2.078 median  -2.400  W/L/T 5/0/0
  pssa            success 5/5   med time    0.48s   pairs   5  dACL_spur mean  -1.878 median  -2.200  W/L/T 5/0/0
  attraction      success 5/5   med time   61.10s   pairs   5  dACL_spur mean  +1.818 median  +2.020  W/L/T 0/5/0

-- P16  n=140  p=1
  minorminer      success 5/5   med time   61.84s   acl_spur mean 19.631 median 19.771
  mmfork-cuthill  success 5/5   med time   62.97s   pairs   5  dACL_spur mean  -1.094 median  -1.221  W/L/T 4/1/0
  clmm            success 5/5   med time   63.86s   pairs   5  dACL_spur mean  -5.887 median  -6.036  W/L/T 5/0/0
  template        success 1/1   med time    0.17s   pairs   5  dACL_spur mean  -6.460 median  -6.600  W/L/T 5/0/0
  clique          success 1/1   med time    0.02s   pairs   5  dACL_spur mean  -6.460 median  -6.600  W/L/T 5/0/0
  pssa            success 5/5   med time    0.62s   pairs   5  dACL_spur mean  -6.317 median  -6.457  W/L/T 5/0/0
  attraction      success 0/5   med time   73.60s

-- P16  n=180  p=1 [FRONTIER: minorminer 0/5]
  minorminer      success 0/5   med time   71.92s
  mmfork-cuthill  success 0/5   med time   69.75s
  clmm            success 5/5   med time   64.15s   [unpairable: mm 0 successes]  acl_spur mean 16.644
  template        success 1/1   med time    0.30s   [unpairable: mm 0 successes]  acl_spur mean 16.644
  clique          success 1/1   med time    0.02s   [unpairable: mm 0 successes]  acl_spur mean 16.644
  pssa            success 5/5   med time    0.56s   [unpairable: mm 0 successes]  acl_spur mean 16.644
  attraction      success 0/5   med time   79.40s

-- P16  n=40  p=0.9
  minorminer      success 15/15   med time    2.43s   acl_spur mean 5.078 median 5.100
  mmfork-cuthill  success 15/15   med time    2.38s   pairs  15  dACL_spur mean  -0.110 median  -0.125  W/L/T 10/5/0
  clmm            success 15/15   med time    0.77s   pairs  15  dACL_spur mean  -0.385 median  -0.400  W/L/T 14/0/1
  template        success 3/3   med time    0.01s   pairs  15  dACL_spur mean  -0.378 median  -0.400  W/L/T 14/0/1
  clique          success 3/3   med time    0.02s   pairs  15  dACL_spur mean  -0.378 median  -0.400  W/L/T 14/0/1
  pssa            success 15/15   med time    0.28s   pairs  15  dACL_spur mean  -0.128 median  -0.150  W/L/T 11/4/0
  attraction      success 15/15   med time   11.26s   pairs  15  dACL_spur mean  +0.063 median  -0.025  W/L/T 8/7/0

-- P16  n=60  p=0.9
  minorminer      success 15/15   med time    9.72s   acl_spur mean 7.213 median 7.117
  mmfork-cuthill  success 15/15   med time    9.35s   pairs  15  dACL_spur mean  -0.181 median  -0.117  W/L/T 11/4/0
  clmm            success 15/15   med time    3.16s   pairs  15  dACL_spur mean  -0.513 median  -0.400  W/L/T 15/0/0
  template        success 3/3   med time    0.01s   pairs  15  dACL_spur mean  -0.486 median  -0.383  W/L/T 15/0/0
  clique          success 3/3   med time    0.02s   pairs  15  dACL_spur mean  -0.486 median  -0.383  W/L/T 15/0/0
  pssa            success 15/15   med time    0.36s   pairs  15  dACL_spur mean  -0.586 median  -0.483  W/L/T 15/0/0
  attraction      success 15/15   med time   32.96s   pairs  15  dACL_spur mean  +0.266 median  +0.283  W/L/T 2/13/0

-- P16  n=80  p=0.9
  minorminer      success 15/15   med time   27.87s   acl_spur mean 9.701 median 9.887
  mmfork-cuthill  success 15/15   med time   26.31s   pairs  15  dACL_spur mean  -0.317 median  -0.225  W/L/T 11/4/0
  clmm            success 15/15   med time   10.63s   pairs  15  dACL_spur mean  -1.027 median  -1.175  W/L/T 14/1/0
  template        success 3/3   med time    0.03s   pairs  15  dACL_spur mean  -1.526 median  -1.712  W/L/T 15/0/0
  clique          success 3/3   med time    0.02s   pairs  15  dACL_spur mean  -1.526 median  -1.712  W/L/T 15/0/0
  pssa            success 15/15   med time    0.46s   pairs  15  dACL_spur mean  -1.405 median  -1.587  W/L/T 15/0/0
  attraction      success 15/15   med time   60.53s   pairs  15  dACL_spur mean  +0.350 median  +0.188  W/L/T 5/10/0

-- P16  n=100  p=0.9
  minorminer      success 15/15   med time   60.35s   acl_spur mean 11.933 median 12.020
  mmfork-cuthill  success 15/15   med time   60.67s   pairs  15  dACL_spur mean  -0.085 median  -0.140  W/L/T 9/6/0
  clmm            success 15/15   med time   23.24s   pairs  15  dACL_spur mean  -2.155 median  -2.240  W/L/T 15/0/0
  template        success 3/3   med time    0.04s   pairs  15  dACL_spur mean  -2.153 median  -2.240  W/L/T 15/0/0
  clique          success 3/3   med time    0.02s   pairs  15  dACL_spur mean  -2.153 median  -2.240  W/L/T 15/0/0
  pssa            success 15/15   med time    0.51s   pairs  15  dACL_spur mean  -1.957 median  -2.040  W/L/T 15/0/0
  attraction      success 15/15   med time   60.95s   pairs  15  dACL_spur mean  +1.368 median  +1.020  W/L/T 0/15/0

-- P16  n=140  p=0.9
  minorminer      success 15/15   med time   61.40s   acl_spur mean 18.115 median 18.114
  mmfork-cuthill  success 15/15   med time   62.03s   pairs  15  dACL_spur mean  -0.253 median  -0.814  W/L/T 8/7/0
  clmm            success 15/15   med time   63.34s   pairs  15  dACL_spur mean  -4.370 median  -4.364  W/L/T 15/0/0
  template        success 3/3   med time    0.15s   pairs  15  dACL_spur mean  -4.949 median  -4.950  W/L/T 15/0/0
  clique          success 3/3   med time    0.02s   pairs  15  dACL_spur mean  -4.949 median  -4.950  W/L/T 15/0/0
  pssa            success 15/15   med time    0.62s   pairs  15  dACL_spur mean  -4.801 median  -4.800  W/L/T 15/0/0
  attraction      success 1/15   med time   70.84s   pairs   1  dACL_spur mean  +3.386 median  +3.386  W/L/T 0/1/0

-- P16  n=180  p=0.9 [FRONTIER: minorminer 0/15]
  minorminer      success 0/15   med time   69.33s
  mmfork-cuthill  success 0/15   med time   70.09s
  clmm            success 15/15   med time   66.43s   [unpairable: mm 0 successes]  acl_spur mean 16.643
  template        success 3/3   med time    0.28s   [unpairable: mm 0 successes]  acl_spur mean 16.643
  clique          success 3/3   med time    0.02s   [unpairable: mm 0 successes]  acl_spur mean 16.643
  pssa            success 15/15   med time    0.51s   [unpairable: mm 0 successes]  acl_spur mean 16.644
  attraction      success 0/15   med time   76.53s

-- P16  n=40  p=0.7
  minorminer      success 15/15   med time    2.42s   acl_spur mean 4.875 median 4.850
  mmfork-cuthill  success 15/15   med time    2.78s   pairs  15  dACL_spur mean  -0.052 median  -0.025  W/L/T 8/5/2
  clmm            success 15/15   med time    0.53s   pairs  15  dACL_spur mean  -0.232 median  -0.225  W/L/T 15/0/0
  template        success 3/3   med time    0.00s   pairs  15  dACL_spur mean  -0.208 median  -0.200  W/L/T 15/0/0
  clique          success 3/3   med time    0.02s   pairs  15  dACL_spur mean  -0.208 median  -0.200  W/L/T 15/0/0
  pssa            success 15/15   med time    0.29s   pairs  15  dACL_spur mean  +0.025 median  +0.025  W/L/T 6/8/1
  attraction      success 15/15   med time    8.96s   pairs  15  dACL_spur mean  +0.053 median  +0.050  W/L/T 7/8/0

-- P16  n=60  p=0.7
  minorminer      success 15/15   med time   10.17s   acl_spur mean 7.312 median 7.367
  mmfork-cuthill  success 15/15   med time    9.52s   pairs  15  dACL_spur mean  -0.257 median  -0.367  W/L/T 13/2/0
  clmm            success 15/15   med time    2.40s   pairs  15  dACL_spur mean  -0.634 median  -0.667  W/L/T 15/0/0
  template        success 3/3   med time    0.01s   pairs  15  dACL_spur mean  -0.646 median  -0.683  W/L/T 15/0/0
  clique          success 3/3   med time    0.02s   pairs  15  dACL_spur mean  -0.646 median  -0.683  W/L/T 15/0/0
  pssa            success 15/15   med time    0.36s   pairs  15  dACL_spur mean  -0.723 median  -0.767  W/L/T 15/0/0
  attraction      success 15/15   med time   24.95s   pairs  15  dACL_spur mean  +0.027 median  -0.083  W/L/T 9/6/0

-- P16  n=80  p=0.7
  minorminer      success 15/15   med time   27.74s   acl_spur mean 9.531 median 9.463
  mmfork-cuthill  success 15/15   med time   27.12s   pairs  15  dACL_spur mean  -0.071 median  -0.062  W/L/T 8/7/0
  clmm            success 15/15   med time    7.62s   pairs  15  dACL_spur mean  -0.902 median  -0.875  W/L/T 15/0/0
  template        success 3/3   med time    0.03s   pairs  15  dACL_spur mean  -1.406 median  -1.350  W/L/T 15/0/0
  clique          success 3/3   med time    0.02s   pairs  15  dACL_spur mean  -1.406 median  -1.350  W/L/T 15/0/0
  pssa            success 15/15   med time    0.45s   pairs  15  dACL_spur mean  -1.260 median  -1.200  W/L/T 15/0/0
  attraction      success 15/15   med time   60.25s   pairs  15  dACL_spur mean  +0.162 median  +0.138  W/L/T 6/9/0

-- P16  n=100  p=0.7
  minorminer      success 15/15   med time   53.71s   acl_spur mean 12.010 median 12.080
  mmfork-cuthill  success 15/15   med time   57.49s   pairs  15  dACL_spur mean  -0.342 median  -0.280  W/L/T 10/5/0
  clmm            success 15/15   med time   17.63s   pairs  15  dACL_spur mean  -2.240 median  -2.300  W/L/T 15/0/0
  template        success 3/3   med time    0.04s   pairs  15  dACL_spur mean  -2.237 median  -2.300  W/L/T 15/0/0
  clique          success 3/3   med time    0.02s   pairs  15  dACL_spur mean  -2.237 median  -2.300  W/L/T 15/0/0
  pssa            success 15/15   med time    0.51s   pairs  15  dACL_spur mean  -2.053 median  -2.130  W/L/T 15/0/0
  attraction      success 15/15   med time   60.47s   pairs  15  dACL_spur mean  +1.035 median  +0.900  W/L/T 2/13/0

-- P16  n=140  p=0.7
  minorminer      success 15/15   med time   62.15s   acl_spur mean 18.409 median 18.429
  mmfork-cuthill  success 15/15   med time   61.61s   pairs  15  dACL_spur mean  -0.744 median  -0.379  W/L/T 10/5/0
  clmm            success 15/15   med time   55.50s   pairs  15  dACL_spur mean  -4.675 median  -4.679  W/L/T 15/0/0
  template        success 3/3   med time    0.13s   pairs  15  dACL_spur mean  -5.275 median  -5.293  W/L/T 15/0/0
  clique          success 3/3   med time    0.02s   pairs  15  dACL_spur mean  -5.275 median  -5.293  W/L/T 15/0/0
  pssa            success 15/15   med time    0.61s   pairs  15  dACL_spur mean  -5.113 median  -5.143  W/L/T 15/0/0
  attraction      success 8/15   med time   61.43s   pairs   8  dACL_spur mean  +2.865 median  +1.625  W/L/T 2/6/0

-- P16  n=180  p=0.7
  minorminer      success 1/15   med time   67.67s   acl_spur mean 22.211 median 22.211
  mmfork-cuthill  success 0/15   med time   67.89s
  clmm            success 15/15   med time   63.03s   pairs   1  dACL_spur mean  -5.572 median  -5.572  W/L/T 1/0/0
  template        success 3/3   med time    0.22s   pairs   1  dACL_spur mean  -5.572 median  -5.572  W/L/T 1/0/0
  clique          success 3/3   med time    0.02s   pairs   1  dACL_spur mean  -5.572 median  -5.572  W/L/T 1/0/0
  pssa            success 15/15   med time    0.50s   pairs   1  dACL_spur mean  -5.578 median  -5.578  W/L/T 1/0/0
  attraction      success 0/15   med time   73.40s

-- P16  n=220  p=0.7 [FRONTIER: minorminer 0/15]
  minorminer      success 0/15   med time   69.29s
  mmfork-cuthill  success 0/15   med time   70.19s
  clmm            success 0/15   med time   75.95s
  template        success 0/3   med time    0.00s
  clique          success 0/3   med time    0.02s
  pssa            success 0/15   med time   65.84s
  attraction      success 0/15   med time   62.24s

-- P16  n=60  p=0.5
  minorminer      success 15/15   med time    8.14s   acl_spur mean 6.841 median 6.850
  mmfork-cuthill  success 15/15   med time    7.92s   pairs  15  dACL_spur mean  -0.239 median  -0.183  W/L/T 13/2/0
  clmm            success 15/15   med time    1.69s   pairs  15  dACL_spur mean  -0.317 median  -0.333  W/L/T 14/0/1
  template        success 3/3   med time    0.01s   pairs  15  dACL_spur mean  -0.319 median  -0.333  W/L/T 15/0/0
  clique          success 3/3   med time    0.02s   pairs  15  dACL_spur mean  -0.319 median  -0.333  W/L/T 15/0/0
  pssa            success 15/15   med time    0.36s   pairs  15  dACL_spur mean  -0.341 median  -0.333  W/L/T 15/0/0
  attraction      success 15/15   med time   16.46s   pairs  15  dACL_spur mean  +0.170 median  +0.083  W/L/T 2/13/0

-- P16  n=80  p=0.5
  minorminer      success 15/15   med time   19.51s   acl_spur mean 9.427 median 9.450
  mmfork-cuthill  success 15/15   med time   18.59s   pairs  15  dACL_spur mean  -0.403 median  -0.400  W/L/T 13/2/0
  clmm            success 15/15   med time    5.17s   pairs  15  dACL_spur mean  -0.864 median  -0.938  W/L/T 15/0/0
  template        success 3/3   med time    0.02s   pairs  15  dACL_spur mean  -1.381 median  -1.363  W/L/T 15/0/0
  clique          success 3/3   med time    0.02s   pairs  15  dACL_spur mean  -1.381 median  -1.363  W/L/T 15/0/0
  pssa            success 15/15   med time    0.44s   pairs  15  dACL_spur mean  -1.243 median  -1.300  W/L/T 15/0/0
  attraction      success 15/15   med time   40.07s   pairs  15  dACL_spur mean  +0.079 median  +0.175  W/L/T 6/9/0

-- P16  n=100  p=0.5
  minorminer      success 15/15   med time   38.87s   acl_spur mean 11.891 median 11.850
  mmfork-cuthill  success 15/15   med time   41.73s   pairs  15  dACL_spur mean  -0.441 median  -0.420  W/L/T 12/3/0
  clmm            success 15/15   med time   11.75s   pairs  15  dACL_spur mean  -2.170 median  -2.120  W/L/T 15/0/0
  template        success 3/3   med time    0.03s   pairs  15  dACL_spur mean  -2.161 median  -2.120  W/L/T 15/0/0
  clique          success 3/3   med time    0.02s   pairs  15  dACL_spur mean  -2.161 median  -2.120  W/L/T 15/0/0
  pssa            success 15/15   med time    0.51s   pairs  15  dACL_spur mean  -1.998 median  -1.950  W/L/T 15/0/0
  attraction      success 15/15   med time   60.30s   pairs  15  dACL_spur mean  +0.706 median  +0.750  W/L/T 2/13/0

-- P16  n=140  p=0.5
  minorminer      success 15/15   med time   60.74s   acl_spur mean 17.822 median 17.743
  mmfork-cuthill  success 15/15   med time   61.28s   pairs  15  dACL_spur mean  -0.863 median  -1.086  W/L/T 12/3/0
  clmm            success 15/15   med time   36.17s   pairs  15  dACL_spur mean  -4.275 median  -4.064  W/L/T 15/0/0
  template        success 3/3   med time    0.10s   pairs  15  dACL_spur mean  -4.739 median  -4.671  W/L/T 15/0/0
  clique          success 3/3   med time    0.02s   pairs  15  dACL_spur mean  -4.739 median  -4.671  W/L/T 15/0/0
  pssa            success 15/15   med time    0.60s   pairs  15  dACL_spur mean  -4.586 median  -4.514  W/L/T 15/0/0
  attraction      success 14/15   med time   61.20s   pairs  14  dACL_spur mean  +2.069 median  +1.571  W/L/T 3/11/0

-- P16  n=180  p=0.5
  minorminer      success 2/15   med time   65.47s   acl_spur mean 21.481 median 21.481
  mmfork-cuthill  success 1/15   med time   65.97s
  clmm            success 15/15   med time   61.14s   pairs   2  dACL_spur mean  -4.911 median  -4.911  W/L/T 2/0/0
  template        success 3/3   med time    0.18s   pairs   2  dACL_spur mean  -4.908 median  -4.908  W/L/T 2/0/0
  clique          success 3/3   med time    0.02s   pairs   2  dACL_spur mean  -4.908 median  -4.908  W/L/T 2/0/0
  pssa            success 15/15   med time    0.56s   pairs   2  dACL_spur mean  -4.908 median  -4.908  W/L/T 2/0/0
  attraction      success 0/15   med time   68.90s

-- P16  n=240  p=0.5 [FRONTIER: minorminer 0/15]
  minorminer      success 0/15   med time   69.32s
  mmfork-cuthill  success 0/15   med time   69.78s
  clmm            success 0/15   med time   74.08s
  template        success 0/3   med time    0.00s
  clique          success 0/3   med time    0.02s
  pssa            success 0/15   med time   65.87s
  attraction      success 0/15   med time   77.11s

-- P16  n=60  p=0.3
  minorminer      success 15/15   med time    3.95s   acl_spur mean 5.700 median 5.700
  mmfork-cuthill  success 15/15   med time    3.11s   pairs  15  dACL_spur mean  -0.049 median  -0.100  W/L/T 8/6/1
  clmm            success 15/15   med time    1.22s   pairs  15  dACL_spur mean  +0.179 median  +0.217  W/L/T 6/9/0
  template        success 3/3   med time    0.01s   pairs  15  dACL_spur mean  +0.472 median  +0.450  W/L/T 0/15/0
  clique          success 3/3   med time    0.02s   pairs  15  dACL_spur mean  +0.472 median  +0.450  W/L/T 0/15/0
  pssa            success 15/15   med time    0.36s   pairs  15  dACL_spur mean  +0.478 median  +0.433  W/L/T 0/15/0
  attraction      success 15/15   med time    9.90s   pairs  15  dACL_spur mean  -0.042 median  -0.033  W/L/T 9/6/0

-- P16  n=100  p=0.3
  minorminer      success 15/15   med time   24.18s   acl_spur mean 10.881 median 10.930
  mmfork-cuthill  success 15/15   med time   25.15s   pairs  15  dACL_spur mean  -0.429 median  -0.380  W/L/T 13/2/0
  clmm            success 15/15   med time    6.16s   pairs  15  dACL_spur mean  -1.455 median  -1.420  W/L/T 15/0/0
  template        success 3/3   med time    0.02s   pairs  15  dACL_spur mean  -1.401 median  -1.410  W/L/T 15/0/0
  clique          success 3/3   med time    0.02s   pairs  15  dACL_spur mean  -1.401 median  -1.410  W/L/T 15/0/0
  pssa            success 15/15   med time    0.49s   pairs  15  dACL_spur mean  -1.218 median  -1.210  W/L/T 15/0/0
  attraction      success 15/15   med time   46.76s   pairs  15  dACL_spur mean  +0.118 median  +0.180  W/L/T 6/9/0

-- P16  n=140  p=0.3
  minorminer      success 15/15   med time   60.22s   acl_spur mean 16.482 median 16.450
  mmfork-cuthill  success 15/15   med time   60.03s   pairs  15  dACL_spur mean  -0.591 median  -0.436  W/L/T 11/3/1
  clmm            success 15/15   med time   19.18s   pairs  15  dACL_spur mean  -3.120 median  -2.964  W/L/T 15/0/0
  template        success 3/3   med time    0.07s   pairs  15  dACL_spur mean  -3.623 median  -3.571  W/L/T 15/0/0
  clique          success 3/3   med time    0.02s   pairs  15  dACL_spur mean  -3.623 median  -3.571  W/L/T 15/0/0
  pssa            success 15/15   med time    0.66s   pairs  15  dACL_spur mean  -3.428 median  -3.357  W/L/T 15/0/0
  attraction      success 15/15   med time   60.38s   pairs  15  dACL_spur mean  +1.451 median  +1.322  W/L/T 0/15/0

-- P16  n=180  p=0.3
  minorminer      success 9/15   med time   60.68s   acl_spur mean 22.120 median 22.178
  mmfork-cuthill  success 12/15   med time   60.69s   pairs   6  dACL_spur mean  -0.442 median  -1.522  W/L/T 4/2/0
  clmm            success 15/15   med time   36.95s   pairs   9  dACL_spur mean  -5.707 median  -5.750  W/L/T 9/0/0
  template        success 3/3   med time    0.19s   pairs   9  dACL_spur mean  -5.706 median  -5.750  W/L/T 9/0/0
  clique          success 3/3   med time    0.02s   pairs   9  dACL_spur mean  -5.706 median  -5.750  W/L/T 9/0/0
  pssa            success 15/15   med time    0.61s   pairs   9  dACL_spur mean  -5.706 median  -5.750  W/L/T 9/0/0
  attraction      success 0/15   med time   65.13s

-- P16  n=240  p=0.3 [FRONTIER: minorminer 0/15]
  minorminer      success 0/15   med time   65.02s
  mmfork-cuthill  success 0/15   med time   66.09s
  clmm            success 0/15   med time   67.75s
  template        success 0/3   med time    0.00s
  clique          success 0/3   med time    0.02s
  pssa            success 0/15   med time   63.30s
  attraction      success 0/15   med time   69.25s

-- P16  n=300  p=0.3 [FRONTIER: minorminer 0/15]
  minorminer      success 0/15   med time   68.75s
  mmfork-cuthill  success 0/15   med time   68.22s
  clmm            success 0/15   med time   72.60s
  template        success 0/3   med time    0.00s
  clique          success 0/3   med time    0.02s
  pssa            success 0/15   med time   65.93s
  attraction      success 0/15   med time   73.97s

-- P16  n=60  p=0.2
  minorminer      success 15/15   med time    1.55s   acl_spur mean 4.349 median 4.383
  mmfork-cuthill  success 15/15   med time    1.76s   pairs  15  dACL_spur mean  +0.149 median  +0.167  W/L/T 4/11/0
  clmm            success 15/15   med time    1.14s   pairs  15  dACL_spur mean  +0.334 median  +0.283  W/L/T 2/13/0
  template        success 3/3   med time    0.01s   pairs  15  dACL_spur mean  +1.440 median  +1.467  W/L/T 0/15/0
  clique          success 3/3   med time    0.02s   pairs  15  dACL_spur mean  +1.440 median  +1.467  W/L/T 0/15/0
  pssa            success 15/15   med time    0.35s   pairs  15  dACL_spur mean  +1.512 median  +1.483  W/L/T 0/15/0
  attraction      success 15/15   med time    5.31s   pairs  15  dACL_spur mean  -0.054 median  -0.117  W/L/T 10/5/0

-- P16  n=100  p=0.2
  minorminer      success 15/15   med time   15.01s   acl_spur mean 9.322 median 9.180
  mmfork-cuthill  success 15/15   med time   16.56s   pairs  15  dACL_spur mean  -0.287 median  -0.240  W/L/T 11/4/0
  clmm            success 15/15   med time    5.22s   pairs  15  dACL_spur mean  -0.507 median  -0.460  W/L/T 13/2/0
  template        success 3/3   med time    0.03s   pairs  15  dACL_spur mean  -0.139 median  +0.000  W/L/T 7/7/1
  clique          success 3/3   med time    0.02s   pairs  15  dACL_spur mean  -0.139 median  +0.000  W/L/T 7/7/1
  pssa            success 15/15   med time    0.50s   pairs  15  dACL_spur mean  +0.045 median  +0.190  W/L/T 5/10/0
  attraction      success 15/15   med time   27.95s   pairs  15  dACL_spur mean  +0.101 median  +0.130  W/L/T 5/10/0

-- P16  n=140  p=0.2
  minorminer      success 15/15   med time   42.26s   acl_spur mean 14.594 median 14.621
  mmfork-cuthill  success 15/15   med time   40.76s   pairs  15  dACL_spur mean  -0.460 median  -0.536  W/L/T 11/4/0
  clmm            success 15/15   med time   10.97s   pairs  15  dACL_spur mean  -1.735 median  -1.843  W/L/T 15/0/0
  template        success 3/3   med time    0.07s   pairs  15  dACL_spur mean  -2.068 median  -2.178  W/L/T 15/0/0
  clique          success 3/3   med time    0.02s   pairs  15  dACL_spur mean  -2.068 median  -2.178  W/L/T 15/0/0
  pssa            success 15/15   med time    0.59s   pairs  15  dACL_spur mean  -1.878 median  -1.907  W/L/T 15/0/0
  attraction      success 15/15   med time   60.22s   pairs  15  dACL_spur mean  +0.963 median  +0.793  W/L/T 1/14/0

-- P16  n=200  p=0.2 [FRONTIER: minorminer 0/15]
  minorminer      success 0/15   med time   62.78s
  mmfork-cuthill  success 0/15   med time   62.94s
  clmm            success 9/15   med time   60.51s   [unpairable: mm 0 successes]  acl_spur mean 21.274
  template        success 0/3   med time    0.00s
  clique          success 0/3   med time    0.02s
  pssa            success 0/15   med time   64.57s
  attraction      success 0/15   med time   61.93s

-- P16  n=260  p=0.2 [FRONTIER: minorminer 0/15]
  minorminer      success 0/15   med time   64.12s
  mmfork-cuthill  success 0/15   med time   64.92s
  clmm            success 0/15   med time   63.99s
  template        success 0/3   med time    0.00s
  clique          success 0/3   med time    0.02s
  pssa            success 0/15   med time   67.39s
  attraction      success 0/15   med time   67.30s

-- P16  n=340  p=0.2 [FRONTIER: minorminer 0/15]
  minorminer      success 0/15   med time   67.36s
  mmfork-cuthill  success 0/15   med time   67.79s
  clmm            success 0/15   med time   68.83s
  template        success 0/3   med time    0.00s
  clique          success 0/3   med time    0.02s
  pssa            success 0/15   med time   66.31s
  attraction      success 0/15   med time   72.42s

-- P16  n=60  p=0.12
  minorminer      success 15/15   med time    0.55s   acl_spur mean 2.806 median 2.833
  mmfork-cuthill  success 15/15   med time    0.73s   pairs  15  dACL_spur mean  +0.039 median  +0.033  W/L/T 4/10/1
  clmm            success 15/15   med time    0.36s   pairs  15  dACL_spur mean  +0.116 median  +0.117  W/L/T 7/8/0
  template        success 3/3   med time    0.01s   pairs  15  dACL_spur mean  +2.189 median  +2.200  W/L/T 0/15/0
  clique          success 3/3   med time    0.02s   pairs  15  dACL_spur mean  +2.189 median  +2.200  W/L/T 0/15/0
  pssa            success 15/15   med time    0.35s   pairs  15  dACL_spur mean  +2.256 median  +2.300  W/L/T 0/15/0
  attraction      success 15/15   med time    2.58s   pairs  15  dACL_spur mean  -0.112 median  -0.150  W/L/T 13/2/0

-- P16  n=100  p=0.12
  minorminer      success 15/15   med time    6.41s   acl_spur mean 6.524 median 6.530
  mmfork-cuthill  success 15/15   med time    5.56s   pairs  15  dACL_spur mean  +0.153 median  +0.030  W/L/T 6/8/1
  clmm            success 15/15   med time    2.58s   pairs  15  dACL_spur mean  +0.962 median  +1.000  W/L/T 0/15/0
  template        success 3/3   med time    0.02s   pairs  15  dACL_spur mean  +2.079 median  +2.020  W/L/T 0/15/0
  clique          success 3/3   med time    0.02s   pairs  15  dACL_spur mean  +2.079 median  +2.020  W/L/T 0/15/0
  pssa            success 15/15   med time    0.49s   pairs  15  dACL_spur mean  +2.266 median  +2.210  W/L/T 0/15/0
  attraction      success 15/15   med time   12.29s   pairs  15  dACL_spur mean  -0.091 median  -0.090  W/L/T 9/6/0

-- P16  n=160  p=0.12
  minorminer      success 15/15   med time   29.07s   acl_spur mean 14.412 median 14.294
  mmfork-cuthill  success 15/15   med time   30.68s   pairs  15  dACL_spur mean  -0.438 median  -0.500  W/L/T 10/4/1
  clmm            success 15/15   med time   17.86s   pairs  15  dACL_spur mean  -1.618 median  -1.500  W/L/T 15/0/0
  template        success 3/3   med time    0.09s   pairs  15  dACL_spur mean  -0.806 median  -0.669  W/L/T 14/1/0
  clique          success 3/3   med time    0.02s   pairs  15  dACL_spur mean  -0.806 median  -0.669  W/L/T 14/1/0
  pssa            success 15/15   med time    0.63s   pairs  15  dACL_spur mean  -0.625 median  -0.513  W/L/T 14/1/0
  attraction      success 15/15   med time   60.10s   pairs  15  dACL_spur mean  -0.331 median  -0.106  W/L/T 9/6/0

-- P16  n=220  p=0.12 [FRONTIER: minorminer 0/15]
  minorminer      success 0/15   med time   62.33s
  mmfork-cuthill  success 0/15   med time   62.62s
  clmm            success 0/15   med time   62.62s
  template        success 0/3   med time    0.00s
  clique          success 0/3   med time    0.02s
  pssa            success 0/15   med time   66.55s
  attraction      success 0/15   med time   63.45s

-- P16  n=300  p=0.12 [FRONTIER: minorminer 0/15]
  minorminer      success 0/15   med time   63.98s
  mmfork-cuthill  success 0/15   med time   64.20s
  clmm            success 0/15   med time   64.28s
  template        success 0/3   med time    0.00s
  clique          success 0/3   med time    0.02s
  pssa            success 0/15   med time   67.38s
  attraction      success 0/15   med time   65.99s

-- P16  n=400  p=0.12 [FRONTIER: minorminer 0/15]
  minorminer      success 0/15   med time   65.88s
  mmfork-cuthill  success 0/15   med time   67.60s
  clmm            success 0/15   med time   66.68s
  template        success 0/3   med time    0.00s
  clique          success 0/3   med time    0.02s
  pssa            success 0/15   med time   64.83s
  attraction      success 0/15   med time   71.48s

-- P16  n=80  p=0.08
  minorminer      success 15/15   med time    0.70s   acl_spur mean 2.834 median 2.800
  mmfork-cuthill  success 10/15   med time    0.65s   pairs  10  dACL_spur mean  +0.044 median  +0.044  W/L/T 4/6/0
  clmm            success 15/15   med time    0.38s   pairs  15  dACL_spur mean  +0.202 median  +0.162  W/L/T 2/12/1
  template        success 3/3   med time    0.02s   pairs  15  dACL_spur mean  +3.212 median  +3.213  W/L/T 0/15/0
  clique          success 3/3   med time    0.02s   pairs  15  dACL_spur mean  +3.212 median  +3.213  W/L/T 0/15/0
  pssa            success 15/15   med time    0.41s   pairs  15  dACL_spur mean  +3.232 median  +3.263  W/L/T 0/15/0
  attraction      success 15/15   med time    3.27s   pairs  15  dACL_spur mean  -0.099 median  -0.100  W/L/T 10/5/0

-- P16  n=120  p=0.08
  minorminer      success 15/15   med time    5.60s   acl_spur mean 6.056 median 6.083
  mmfork-cuthill  success 15/15   med time    6.26s   pairs  15  dACL_spur mean  +0.039 median  +0.017  W/L/T 7/8/0
  clmm            success 15/15   med time    3.88s   pairs  15  dACL_spur mean  +0.769 median  +0.758  W/L/T 0/15/0
  template        success 3/3   med time    0.04s   pairs  15  dACL_spur mean  +3.358 median  +3.392  W/L/T 0/15/0
  clique          success 3/3   med time    0.02s   pairs  15  dACL_spur mean  +3.358 median  +3.392  W/L/T 0/15/0
  pssa            success 15/15   med time    0.59s   pairs  15  dACL_spur mean  +3.511 median  +3.550  W/L/T 0/15/0
  attraction      success 15/15   med time   11.36s   pairs  15  dACL_spur mean  -0.130 median  -0.100  W/L/T 11/4/0

-- P16  n=180  p=0.08
  minorminer      success 15/15   med time   20.09s   acl_spur mean 13.303 median 13.133
  mmfork-cuthill  success 15/15   med time   21.73s   pairs  15  dACL_spur mean  -0.242 median  -0.161  W/L/T 9/6/0
  clmm            success 15/15   med time   11.14s   pairs  15  dACL_spur mean  -0.271 median  -0.189  W/L/T 11/4/0
  template        success 3/3   med time    0.17s   pairs  15  dACL_spur mean  +1.534 median  +1.706  W/L/T 1/14/0
  clique          success 3/3   med time    0.02s   pairs  15  dACL_spur mean  +1.534 median  +1.706  W/L/T 1/14/0
  pssa            success 15/15   med time    0.67s   pairs  15  dACL_spur mean  +1.534 median  +1.706  W/L/T 1/14/0
  attraction      success 15/15   med time   40.17s   pairs  15  dACL_spur mean  -0.355 median  -0.233  W/L/T 10/5/0

-- P16  n=260  p=0.08 [FRONTIER: minorminer 0/15]
  minorminer      success 0/15   med time   62.34s
  mmfork-cuthill  success 0/15   med time   62.14s
  clmm            success 0/15   med time   62.15s
  template        success 0/3   med time    0.00s
  clique          success 0/3   med time    0.02s
  pssa            success 0/15   med time   63.73s
  attraction      success 0/15   med time   63.21s

-- P16  n=360  p=0.08 [FRONTIER: minorminer 0/15]
  minorminer      success 0/15   med time   63.89s
  mmfork-cuthill  success 0/15   med time   63.57s
  clmm            success 0/15   med time   64.91s
  template        success 0/3   med time    0.00s
  clique          success 0/3   med time    0.02s
  pssa            success 0/15   med time   65.52s
  attraction      success 0/15   med time   66.05s

-- P16  n=480  p=0.08 [FRONTIER: minorminer 0/15]
  minorminer      success 0/15   med time   66.93s
  mmfork-cuthill  success 0/15   med time   67.02s
  clmm            success 0/15   med time   67.02s
  template        success 0/3   med time    0.00s
  clique          success 0/3   med time    0.02s
  pssa            success 0/15   med time   67.82s
  attraction      success 0/15   med time   71.76s

-- P16  n=100  p=0.05
  minorminer      success 15/15   med time    0.80s   acl_spur mean 2.515 median 2.500
  mmfork-cuthill  success 5/15   med time    0.01s   pairs   5  dACL_spur mean  -0.064 median  -0.050  W/L/T 4/1/0
  clmm            success 15/15   med time    0.36s   pairs  15  dACL_spur mean  +0.236 median  +0.250  W/L/T 2/13/0
  template        success 3/3   med time    0.03s   pairs  15  dACL_spur mean  +4.015 median  +4.040  W/L/T 0/15/0
  clique          success 3/3   med time    0.02s   pairs  15  dACL_spur mean  +4.015 median  +4.040  W/L/T 0/15/0
  pssa            success 15/15   med time    0.48s   pairs  15  dACL_spur mean  +4.185 median  +4.230  W/L/T 0/15/0
  attraction      success 15/15   med time    3.47s   pairs  15  dACL_spur mean  -0.183 median  -0.160  W/L/T 13/2/0

-- P16  n=160  p=0.05
  minorminer      success 15/15   med time    6.81s   acl_spur mean 6.196 median 6.169
  mmfork-cuthill  success 15/15   med time    8.29s   pairs  15  dACL_spur mean  +0.130 median  +0.075  W/L/T 5/10/0
  clmm            success 15/15   med time    5.35s   pairs  15  dACL_spur mean  +1.042 median  +1.113  W/L/T 0/15/0
  template        success 3/3   med time    0.13s   pairs  15  dACL_spur mean  +5.252 median  +5.338  W/L/T 0/15/0
  clique          success 3/3   med time    0.02s   pairs  15  dACL_spur mean  +5.252 median  +5.338  W/L/T 0/15/0
  pssa            success 15/15   med time    0.88s   pairs  15  dACL_spur mean  +5.466 median  +5.588  W/L/T 0/15/0
  attraction      success 15/15   med time   12.91s   pairs  15  dACL_spur mean  -0.176 median  -0.131  W/L/T 10/5/0

-- P16  n=240  p=0.05
  minorminer      success 15/15   med time   20.39s   acl_spur mean 14.677 median 14.579
  mmfork-cuthill  success 15/15   med time   19.18s   pairs  15  dACL_spur mean  +0.338 median  +0.363  W/L/T 5/10/0
  clmm            success 15/15   med time   20.38s   pairs  15  dACL_spur mean  +0.785 median  +1.017  W/L/T 4/11/0
  template        success 0/3   med time    0.00s
  clique          success 0/3   med time    0.02s
  pssa            success 0/15   med time   63.97s
  attraction      success 15/15   med time   36.51s   pairs  15  dACL_spur mean  -0.131 median  -0.096  W/L/T 8/7/0

-- P16  n=340  p=0.05 [FRONTIER: minorminer 0/15]
  minorminer      success 0/15   med time   61.83s
  mmfork-cuthill  success 0/15   med time   62.24s
  clmm            success 0/15   med time   62.37s
  template        success 0/3   med time    0.00s
  clique          success 0/3   med time    0.02s
  pssa            success 0/15   med time   67.02s
  attraction      success 0/15   med time   63.27s

-- P16  n=460  p=0.05 [FRONTIER: minorminer 0/15]
  minorminer      success 0/15   med time   63.23s
  mmfork-cuthill  success 0/15   med time   63.89s
  clmm            success 0/15   med time   64.08s
  template        success 0/3   med time    0.00s
  clique          success 0/3   med time    0.02s
  pssa            success 0/15   med time   65.78s
  attraction      success 0/15   med time   65.64s

-- P16  n=600  p=0.05 [FRONTIER: minorminer 0/15]
  minorminer      success 0/15   med time   67.19s
  mmfork-cuthill  success 0/15   med time   69.36s
  clmm            success 0/15   med time   66.29s
  template        success 0/3   med time    0.00s
  clique          success 0/3   med time    0.02s
  pssa            success 0/15   med time   64.26s
  attraction      success 0/15   med time   70.85s

-- Z12  n=60  p=1
  minorminer      success 5/5   med time    8.59s   acl_spur mean 5.920 median 5.783
  mmfork-cuthill  success 5/5   med time   12.13s   pairs   5  dACL_spur mean  -0.230 median  -0.167  W/L/T 4/1/0
  clmm            success 5/5   med time    5.37s   pairs   5  dACL_spur mean  -0.237 median  -0.017  W/L/T 3/2/0
  template        success 1/1   med time    0.02s   pairs   5  dACL_spur mean  -0.487 median  -0.350  W/L/T 5/0/0
  clique          success 1/1   med time    0.02s   pairs   5  dACL_spur mean  -0.487 median  -0.350  W/L/T 5/0/0
  pssa            success 5/5   med time    0.30s   pairs   5  dACL_spur mean  -0.487 median  -0.350  W/L/T 5/0/0
  attraction      success 5/5   med time   35.41s   pairs   5  dACL_spur mean  -0.120 median  +0.000  W/L/T 2/2/1

-- Z12  n=100  p=1
  minorminer      success 5/5   med time   43.21s   acl_spur mean 9.430 median 9.430
  mmfork-cuthill  success 5/5   med time   60.21s   pairs   5  dACL_spur mean  +0.120 median  -0.020  W/L/T 3/2/0
  clmm            success 5/5   med time   40.88s   pairs   5  dACL_spur mean  -1.488 median  -1.480  W/L/T 5/0/0
  template        success 1/1   med time    0.05s   pairs   5  dACL_spur mean  -1.470 median  -1.470  W/L/T 5/0/0
  clique          success 1/1   med time    0.03s   pairs   5  dACL_spur mean  -1.470 median  -1.470  W/L/T 5/0/0
  pssa            success 5/5   med time    0.39s   pairs   5  dACL_spur mean  -1.470 median  -1.470  W/L/T 5/0/0
  attraction      success 5/5   med time   60.55s   pairs   5  dACL_spur mean  +1.386 median  +1.410  W/L/T 0/5/0

-- Z12  n=140  p=1
  minorminer      success 4/5   med time   61.02s   acl_spur mean 15.175 median 15.086
  mmfork-cuthill  success 5/5   med time   62.02s   pairs   4  dACL_spur mean  -0.152 median  +0.157  W/L/T 2/2/0
  clmm            success 5/5   med time   60.66s   pairs   4  dACL_spur mean  -4.630 median  -4.468  W/L/T 4/0/0
  template        success 1/1   med time    0.18s   pairs   4  dACL_spur mean  -4.704 median  -4.614  W/L/T 4/0/0
  clique          success 1/1   med time    0.02s   pairs   4  dACL_spur mean  -4.704 median  -4.614  W/L/T 4/0/0
  pssa            success 5/5   med time    0.49s   pairs   4  dACL_spur mean  -4.704 median  -4.614  W/L/T 4/0/0
  attraction      success 0/5   med time   70.31s

-- Z12  n=179  p=1 [FRONTIER: minorminer 0/5]
  minorminer      success 0/5   med time   66.72s
  mmfork-cuthill  success 0/5   med time   67.00s
  clmm            success 5/5   med time   64.22s   [unpairable: mm 0 successes]  acl_spur mean 12.953
  template        success 1/1   med time    0.25s   [unpairable: mm 0 successes]  acl_spur mean 12.978
  clique          success 1/1   med time    0.02s   [unpairable: mm 0 successes]  acl_spur mean 12.978
  pssa            success 5/5   med time    0.50s   [unpairable: mm 0 successes]  acl_spur mean 12.978
  attraction      success 0/5   med time   76.90s

-- Z12  n=180  p=1 [FRONTIER: minorminer 0/5]
  minorminer      success 0/5   med time   67.17s
  mmfork-cuthill  success 0/5   med time   67.22s
  clmm            success 5/5   med time   63.85s   [unpairable: mm 0 successes]  acl_spur mean 12.977
  template        success 1/1   med time    0.25s   [unpairable: mm 0 successes]  acl_spur mean 12.978
  clique          success 1/1   med time    0.02s   [unpairable: mm 0 successes]  acl_spur mean 12.978
  pssa            success 5/5   med time    0.47s   [unpairable: mm 0 successes]  acl_spur mean 12.978
  attraction      success 0/5   med time   75.80s

-- Z12  n=184  p=1 [FRONTIER: minorminer 0/5]
  minorminer      success 0/5   med time   65.69s
  mmfork-cuthill  success 0/5   med time   69.89s
  clmm            success 5/5   med time   65.33s   [unpairable: mm 0 successes]  acl_spur mean 12.978
  template        success 1/1   med time    0.26s   [unpairable: mm 0 successes]  acl_spur mean 12.978
  clique          success 1/1   med time    0.02s   [unpairable: mm 0 successes]  acl_spur mean 12.978
  pssa            success 5/5   med time    0.53s   [unpairable: mm 0 successes]  acl_spur mean 12.978
  attraction      success 0/5   med time   76.89s

-- Z12  n=189  p=1 [FRONTIER: minorminer 0/5]
  minorminer      success 0/5   med time   64.27s
  mmfork-cuthill  success 0/5   med time   65.16s
  clmm            success 0/5   med time   75.60s
  template        success 0/1   med time    0.00s
  clique          success 0/1   med time    0.02s
  pssa            success 0/5   med time   65.69s
  attraction      success 0/5   med time   78.69s

-- Z12  n=40  p=0.9
  minorminer      success 15/15   med time    2.56s   acl_spur mean 4.103 median 4.075
  mmfork-cuthill  success 15/15   med time    2.30s   pairs  15  dACL_spur mean  -0.060 median  -0.050  W/L/T 9/6/0
  clmm            success 15/15   med time    0.93s   pairs  15  dACL_spur mean  -0.205 median  -0.175  W/L/T 13/2/0
  template        success 3/3   med time    0.01s   pairs  15  dACL_spur mean  -0.203 median  -0.175  W/L/T 13/2/0
  clique          success 3/3   med time    0.03s   pairs  15  dACL_spur mean  -0.203 median  -0.175  W/L/T 13/2/0
  pssa            success 15/15   med time    0.25s   pairs  15  dACL_spur mean  -0.212 median  -0.175  W/L/T 13/2/0
  attraction      success 15/15   med time    8.71s   pairs  15  dACL_spur mean  -0.047 median  +0.000  W/L/T 7/7/1

-- Z12  n=60  p=0.9
  minorminer      success 15/15   med time    9.36s   acl_spur mean 5.843 median 5.750
  mmfork-cuthill  success 15/15   med time   11.17s   pairs  15  dACL_spur mean  -0.033 median  -0.017  W/L/T 9/6/0
  clmm            success 15/15   med time    4.84s   pairs  15  dACL_spur mean  -0.148 median  +0.000  W/L/T 7/6/2
  template        success 3/3   med time    0.02s   pairs  15  dACL_spur mean  -0.410 median  -0.317  W/L/T 15/0/0
  clique          success 3/3   med time    0.02s   pairs  15  dACL_spur mean  -0.410 median  -0.317  W/L/T 15/0/0
  pssa            success 15/15   med time    0.30s   pairs  15  dACL_spur mean  -0.410 median  -0.317  W/L/T 15/0/0
  attraction      success 15/15   med time   25.58s   pairs  15  dACL_spur mean  -0.013 median  +0.017  W/L/T 6/8/1

-- Z12  n=80  p=0.9
  minorminer      success 15/15   med time   23.91s   acl_spur mean 7.786 median 7.725
  mmfork-cuthill  success 15/15   med time   36.05s   pairs  15  dACL_spur mean  -0.189 median  -0.213  W/L/T 9/6/0
  clmm            success 15/15   med time   15.10s   pairs  15  dACL_spur mean  -0.936 median  -0.825  W/L/T 15/0/0
  template        success 3/3   med time    0.03s   pairs  15  dACL_spur mean  -1.336 median  -1.275  W/L/T 15/0/0
  clique          success 3/3   med time    0.03s   pairs  15  dACL_spur mean  -1.336 median  -1.275  W/L/T 15/0/0
  pssa            success 15/15   med time    0.36s   pairs  15  dACL_spur mean  -1.336 median  -1.275  W/L/T 15/0/0
  attraction      success 15/15   med time   57.96s   pairs  15  dACL_spur mean  +0.009 median  +0.213  W/L/T 6/9/0

-- Z12  n=100  p=0.9
  minorminer      success 15/15   med time   60.81s   acl_spur mean 9.564 median 9.450
  mmfork-cuthill  success 15/15   med time   60.03s   pairs  15  dACL_spur mean  +0.177 median  +0.100  W/L/T 6/9/0
  clmm            success 15/15   med time   38.55s   pairs  15  dACL_spur mean  -1.622 median  -1.520  W/L/T 15/0/0
  template        success 3/3   med time    0.04s   pairs  15  dACL_spur mean  -1.604 median  -1.490  W/L/T 15/0/0
  clique          success 3/3   med time    0.03s   pairs  15  dACL_spur mean  -1.604 median  -1.490  W/L/T 15/0/0
  pssa            success 15/15   med time    0.41s   pairs  15  dACL_spur mean  -1.604 median  -1.490  W/L/T 15/0/0
  attraction      success 15/15   med time   60.91s   pairs  15  dACL_spur mean  +1.091 median  +1.110  W/L/T 0/15/0

-- Z12  n=140  p=0.9
  minorminer      success 15/15   med time   61.31s   acl_spur mean 16.108 median 15.357
  mmfork-cuthill  success 15/15   med time   61.12s   pairs  15  dACL_spur mean  -0.316 median  +0.021  W/L/T 7/8/0
  clmm            success 15/15   med time   63.22s   pairs  15  dACL_spur mean  -5.429 median  -4.736  W/L/T 15/0/0
  template        success 3/3   med time    0.17s   pairs  15  dACL_spur mean  -5.644 median  -4.886  W/L/T 15/0/0
  clique          success 3/3   med time    0.03s   pairs  15  dACL_spur mean  -5.644 median  -4.886  W/L/T 15/0/0
  pssa            success 15/15   med time    0.48s   pairs  15  dACL_spur mean  -5.644 median  -4.886  W/L/T 15/0/0
  attraction      success 0/15   med time   70.14s

-- Z12  n=180  p=0.9 [FRONTIER: minorminer 0/15]
  minorminer      success 0/15   med time   68.80s
  mmfork-cuthill  success 0/15   med time   66.48s
  clmm            success 15/15   med time   64.50s   [unpairable: mm 0 successes]  acl_spur mean 12.976
  template        success 3/3   med time    0.23s   [unpairable: mm 0 successes]  acl_spur mean 12.976
  clique          success 3/3   med time    0.03s   [unpairable: mm 0 successes]  acl_spur mean 12.976
  pssa            success 15/15   med time    0.50s   [unpairable: mm 0 successes]  acl_spur mean 12.976
  attraction      success 0/15   med time   74.45s

-- Z12  n=40  p=0.7
  minorminer      success 15/15   med time    1.84s   acl_spur mean 3.882 median 3.875
  mmfork-cuthill  success 15/15   med time    2.08s   pairs  15  dACL_spur mean  -0.062 median  -0.050  W/L/T 9/6/0
  clmm            success 15/15   med time    0.63s   pairs  15  dACL_spur mean  -0.007 median  -0.025  W/L/T 8/7/0
  template        success 3/3   med time    0.00s   pairs  15  dACL_spur mean  -0.007 median  -0.025  W/L/T 8/7/0
  clique          success 3/3   med time    0.02s   pairs  15  dACL_spur mean  -0.007 median  -0.025  W/L/T 8/7/0
  pssa            success 15/15   med time    0.26s   pairs  15  dACL_spur mean  -0.015 median  -0.025  W/L/T 8/7/0
  attraction      success 15/15   med time    6.57s   pairs  15  dACL_spur mean  +0.043 median  +0.025  W/L/T 5/8/2

-- Z12  n=60  p=0.7
  minorminer      success 15/15   med time    8.67s   acl_spur mean 5.697 median 5.717
  mmfork-cuthill  success 15/15   med time    9.50s   pairs  15  dACL_spur mean  -0.043 median  -0.050  W/L/T 9/6/0
  clmm            success 15/15   med time    3.41s   pairs  15  dACL_spur mean  +0.002 median  -0.050  W/L/T 8/7/0
  template        success 3/3   med time    0.01s   pairs  15  dACL_spur mean  -0.274 median  -0.300  W/L/T 14/1/0
  clique          success 3/3   med time    0.02s   pairs  15  dACL_spur mean  -0.274 median  -0.300  W/L/T 14/1/0
  pssa            success 15/15   med time    0.31s   pairs  15  dACL_spur mean  -0.274 median  -0.300  W/L/T 14/1/0
  attraction      success 15/15   med time   20.64s   pairs  15  dACL_spur mean  -0.006 median  -0.067  W/L/T 9/6/0

-- Z12  n=80  p=0.7
  minorminer      success 15/15   med time   23.91s   acl_spur mean 7.589 median 7.487
  mmfork-cuthill  success 15/15   med time   22.81s   pairs  15  dACL_spur mean  -0.162 median  -0.138  W/L/T 11/4/0
  clmm            success 15/15   med time   10.70s   pairs  15  dACL_spur mean  -0.797 median  -0.700  W/L/T 15/0/0
  template        success 3/3   med time    0.03s   pairs  15  dACL_spur mean  -1.147 median  -1.037  W/L/T 15/0/0
  clique          success 3/3   med time    0.03s   pairs  15  dACL_spur mean  -1.147 median  -1.037  W/L/T 15/0/0
  pssa            success 15/15   med time    0.36s   pairs  15  dACL_spur mean  -1.139 median  -1.037  W/L/T 15/0/0
  attraction      success 15/15   med time   57.65s   pairs  15  dACL_spur mean  +0.088 median  +0.037  W/L/T 6/8/1

-- Z12  n=100  p=0.7
  minorminer      success 15/15   med time   48.36s   acl_spur mean 9.579 median 9.590
  mmfork-cuthill  success 15/15   med time   41.94s   pairs  15  dACL_spur mean  -0.031 median  -0.110  W/L/T 9/6/0
  clmm            success 15/15   med time   26.12s   pairs  15  dACL_spur mean  -1.653 median  -1.670  W/L/T 15/0/0
  template        success 3/3   med time    0.04s   pairs  15  dACL_spur mean  -1.639 median  -1.660  W/L/T 15/0/0
  clique          success 3/3   med time    0.02s   pairs  15  dACL_spur mean  -1.639 median  -1.660  W/L/T 15/0/0
  pssa            success 15/15   med time    0.49s   pairs  15  dACL_spur mean  -1.639 median  -1.660  W/L/T 15/0/0
  attraction      success 15/15   med time   60.51s   pairs  15  dACL_spur mean  +0.459 median  +0.520  W/L/T 3/12/0

-- Z12  n=140  p=0.7
  minorminer      success 15/15   med time   60.99s   acl_spur mean 15.373 median 15.050
  mmfork-cuthill  success 15/15   med time   61.48s   pairs  15  dACL_spur mean  -0.911 median  -0.700  W/L/T 13/2/0
  clmm            success 15/15   med time   62.09s   pairs  15  dACL_spur mean  -4.679 median  -4.493  W/L/T 15/0/0
  template        success 3/3   med time    0.13s   pairs  15  dACL_spur mean  -4.913 median  -4.614  W/L/T 15/0/0
  clique          success 3/3   med time    0.03s   pairs  15  dACL_spur mean  -4.913 median  -4.614  W/L/T 15/0/0
  pssa            success 15/15   med time    0.59s   pairs  15  dACL_spur mean  -4.913 median  -4.614  W/L/T 15/0/0
  attraction      success 6/15   med time   68.01s   pairs   6  dACL_spur mean  +4.802 median  +5.039  W/L/T 1/5/0

-- Z12  n=180  p=0.7 [FRONTIER: minorminer 0/15]
  minorminer      success 0/15   med time   66.82s
  mmfork-cuthill  success 0/15   med time   65.80s
  clmm            success 15/15   med time   62.52s   [unpairable: mm 0 successes]  acl_spur mean 12.967
  template        success 3/3   med time    0.19s   [unpairable: mm 0 successes]  acl_spur mean 12.970
  clique          success 3/3   med time    0.03s   [unpairable: mm 0 successes]  acl_spur mean 12.970
  pssa            success 15/15   med time    0.56s   [unpairable: mm 0 successes]  acl_spur mean 12.970
  attraction      success 0/15   med time   71.38s

-- Z12  n=220  p=0.7 [FRONTIER: minorminer 0/15]
  minorminer      success 0/15   med time   68.88s
  mmfork-cuthill  success 0/15   med time   69.70s
  clmm            success 0/15   med time   72.15s
  template        success 0/3   med time    0.00s
  clique          success 0/3   med time    0.02s
  pssa            success 0/15   med time   67.32s
  attraction      success 0/15   med time   78.82s

-- Z12  n=60  p=0.5
  minorminer      success 15/15   med time    5.68s   acl_spur mean 5.444 median 5.367
  mmfork-cuthill  success 15/15   med time    5.43s   pairs  15  dACL_spur mean  -0.166 median  -0.100  W/L/T 9/6/0
  clmm            success 15/15   med time    2.32s   pairs  15  dACL_spur mean  +0.192 median  +0.267  W/L/T 3/12/0
  template        success 3/3   med time    0.01s   pairs  15  dACL_spur mean  -0.122 median  -0.067  W/L/T 9/3/3
  clique          success 3/3   med time    0.02s   pairs  15  dACL_spur mean  -0.122 median  -0.067  W/L/T 9/3/3
  pssa            success 15/15   med time    0.29s   pairs  15  dACL_spur mean  -0.117 median  -0.050  W/L/T 9/4/2
  attraction      success 15/15   med time   15.76s   pairs  15  dACL_spur mean  -0.051 median  -0.050  W/L/T 9/5/1

-- Z12  n=80  p=0.5
  minorminer      success 15/15   med time   13.93s   acl_spur mean 7.404 median 7.463
  mmfork-cuthill  success 15/15   med time   16.53s   pairs  15  dACL_spur mean  -0.227 median  -0.212  W/L/T 11/4/0
  clmm            success 15/15   med time    6.38s   pairs  15  dACL_spur mean  -0.679 median  -0.675  W/L/T 15/0/0
  template        success 3/3   med time    0.02s   pairs  15  dACL_spur mean  -0.992 median  -1.038  W/L/T 15/0/0
  clique          success 3/3   med time    0.02s   pairs  15  dACL_spur mean  -0.992 median  -1.038  W/L/T 15/0/0
  pssa            success 15/15   med time    0.35s   pairs  15  dACL_spur mean  -0.992 median  -1.038  W/L/T 15/0/0
  attraction      success 15/15   med time   40.40s   pairs  15  dACL_spur mean  -0.090 median  -0.025  W/L/T 8/7/0

-- Z12  n=100  p=0.5
  minorminer      success 15/15   med time   33.30s   acl_spur mean 9.463 median 9.300
  mmfork-cuthill  success 15/15   med time   41.59s   pairs  15  dACL_spur mean  -0.353 median  -0.240  W/L/T 12/3/0
  clmm            success 15/15   med time   16.53s   pairs  15  dACL_spur mean  -1.565 median  -1.390  W/L/T 15/0/0
  template        success 3/3   med time    0.03s   pairs  15  dACL_spur mean  -1.570 median  -1.430  W/L/T 15/0/0
  clique          success 3/3   med time    0.03s   pairs  15  dACL_spur mean  -1.570 median  -1.430  W/L/T 15/0/0
  pssa            success 15/15   med time    0.42s   pairs  15  dACL_spur mean  -1.570 median  -1.430  W/L/T 15/0/0
  attraction      success 15/15   med time   60.13s   pairs  15  dACL_spur mean  -0.024 median  -0.010  W/L/T 8/7/0

-- Z12  n=140  p=0.5
  minorminer      success 15/15   med time   60.56s   acl_spur mean 14.179 median 14.171
  mmfork-cuthill  success 15/15   med time   60.69s   pairs  15  dACL_spur mean  -0.287 median  -0.179  W/L/T 10/5/0
  clmm            success 15/15   med time   40.01s   pairs  15  dACL_spur mean  -3.567 median  -3.479  W/L/T 15/0/0
  template        success 3/3   med time    0.11s   pairs  15  dACL_spur mean  -3.748 median  -3.757  W/L/T 15/0/0
  clique          success 3/3   med time    0.03s   pairs  15  dACL_spur mean  -3.748 median  -3.757  W/L/T 15/0/0
  pssa            success 15/15   med time    0.58s   pairs  15  dACL_spur mean  -3.748 median  -3.757  W/L/T 15/0/0
  attraction      success 15/15   med time   60.73s   pairs  15  dACL_spur mean  +1.380 median  +1.364  W/L/T 0/15/0

-- Z12  n=180  p=0.5 [FRONTIER: minorminer 0/15]
  minorminer      success 0/15   med time   64.60s
  mmfork-cuthill  success 0/15   med time   65.24s
  clmm            success 15/15   med time   47.68s   [unpairable: mm 0 successes]  acl_spur mean 12.936
  template        success 3/3   med time    0.14s   [unpairable: mm 0 successes]  acl_spur mean 12.935
  clique          success 3/3   med time    0.02s   [unpairable: mm 0 successes]  acl_spur mean 12.935
  pssa            success 15/15   med time    0.43s   [unpairable: mm 0 successes]  acl_spur mean 12.935
  attraction      success 0/15   med time   66.91s

-- Z12  n=240  p=0.5 [FRONTIER: minorminer 0/15]
  minorminer      success 0/15   med time   67.81s
  mmfork-cuthill  success 0/15   med time   69.28s
  clmm            success 0/15   med time   73.21s
  template        success 0/3   med time    0.00s
  clique          success 0/3   med time    0.02s
  pssa            success 0/15   med time   64.65s
  attraction      success 0/15   med time   73.98s

-- Z12  n=60  p=0.3
  minorminer      success 15/15   med time    3.30s   acl_spur mean 4.644 median 4.550
  mmfork-cuthill  success 15/15   med time    3.44s   pairs  15  dACL_spur mean  -0.111 median  -0.100  W/L/T 11/4/0
  clmm            success 15/15   med time    2.66s   pairs  15  dACL_spur mean  +0.036 median  +0.017  W/L/T 7/8/0
  template        success 3/3   med time    0.01s   pairs  15  dACL_spur mean  +0.450 median  +0.467  W/L/T 1/14/0
  clique          success 3/3   med time    0.02s   pairs  15  dACL_spur mean  +0.450 median  +0.467  W/L/T 1/14/0
  pssa            success 15/15   med time    0.28s   pairs  15  dACL_spur mean  +0.450 median  +0.467  W/L/T 1/14/0
  attraction      success 15/15   med time    7.90s   pairs  15  dACL_spur mean  -0.103 median  -0.067  W/L/T 12/3/0

-- Z12  n=100  p=0.3
  minorminer      success 15/15   med time   18.47s   acl_spur mean 8.649 median 8.690
  mmfork-cuthill  success 15/15   med time   20.07s   pairs  15  dACL_spur mean  -0.189 median  -0.240  W/L/T 12/3/0
  clmm            success 15/15   med time    7.99s   pairs  15  dACL_spur mean  -0.916 median  -0.950  W/L/T 15/0/0
  template        success 3/3   med time    0.03s   pairs  15  dACL_spur mean  -0.943 median  -0.950  W/L/T 15/0/0
  clique          success 3/3   med time    0.02s   pairs  15  dACL_spur mean  -0.943 median  -0.950  W/L/T 15/0/0
  pssa            success 15/15   med time    0.36s   pairs  15  dACL_spur mean  -0.943 median  -0.950  W/L/T 15/0/0
  attraction      success 15/15   med time   39.83s   pairs  15  dACL_spur mean  -0.095 median  -0.130  W/L/T 10/5/0

-- Z12  n=140  p=0.3
  minorminer      success 15/15   med time   57.11s   acl_spur mean 13.092 median 12.793
  mmfork-cuthill  success 15/15   med time   60.31s   pairs  15  dACL_spur mean  -0.218 median  -0.093  W/L/T 9/6/0
  clmm            success 15/15   med time   20.62s   pairs  15  dACL_spur mean  -2.649 median  -2.279  W/L/T 15/0/0
  template        success 3/3   med time    0.07s   pairs  15  dACL_spur mean  -2.811 median  -2.514  W/L/T 15/0/0
  clique          success 3/3   med time    0.02s   pairs  15  dACL_spur mean  -2.811 median  -2.514  W/L/T 15/0/0
  pssa            success 15/15   med time    0.43s   pairs  15  dACL_spur mean  -2.811 median  -2.514  W/L/T 15/0/0
  attraction      success 15/15   med time   60.52s   pairs  15  dACL_spur mean  +0.474 median  +0.521  W/L/T 4/11/0

-- Z12  n=180  p=0.3 [FRONTIER: minorminer 0/15]
  minorminer      success 0/15   med time   63.04s
  mmfork-cuthill  success 0/15   med time   63.38s
  clmm            success 15/15   med time   29.89s   [unpairable: mm 0 successes]  acl_spur mean 12.786
  template        success 3/3   med time    0.14s   [unpairable: mm 0 successes]  acl_spur mean 12.787
  clique          success 3/3   med time    0.03s   [unpairable: mm 0 successes]  acl_spur mean 12.787
  pssa            success 15/15   med time    0.44s   [unpairable: mm 0 successes]  acl_spur mean 12.787
  attraction      success 0/15   med time   64.48s

-- Z12  n=240  p=0.3 [FRONTIER: minorminer 0/15]
  minorminer      success 0/15   med time   64.43s
  mmfork-cuthill  success 0/15   med time   64.93s
  clmm            success 0/15   med time   66.80s
  template        success 0/3   med time    0.00s
  clique          success 0/3   med time    0.02s
  pssa            success 0/15   med time   66.45s
  attraction      success 0/15   med time   67.85s

-- Z12  n=300  p=0.3 [FRONTIER: minorminer 0/15]
  minorminer      success 0/15   med time   67.28s
  mmfork-cuthill  success 0/15   med time   64.58s
  clmm            success 0/15   med time   69.90s
  template        success 0/3   med time    0.00s
  clique          success 0/3   med time    0.02s
  pssa            success 0/15   med time   63.38s
  attraction      success 0/15   med time   72.83s

-- Z12  n=60  p=0.2
  minorminer      success 15/15   med time    1.29s   acl_spur mean 3.488 median 3.450
  mmfork-cuthill  success 15/15   med time    1.60s   pairs  15  dACL_spur mean  +0.074 median  +0.083  W/L/T 3/11/1
  clmm            success 15/15   med time    0.99s   pairs  15  dACL_spur mean  +0.330 median  +0.283  W/L/T 0/15/0
  template        success 3/3   med time    0.01s   pairs  15  dACL_spur mean  +1.268 median  +1.283  W/L/T 0/15/0
  clique          success 3/3   med time    0.02s   pairs  15  dACL_spur mean  +1.268 median  +1.283  W/L/T 0/15/0
  pssa            success 15/15   med time    0.28s   pairs  15  dACL_spur mean  +1.268 median  +1.283  W/L/T 0/15/0
  attraction      success 15/15   med time    4.36s   pairs  15  dACL_spur mean  +0.054 median  +0.050  W/L/T 7/8/0

-- Z12  n=100  p=0.2
  minorminer      success 15/15   med time   14.46s   acl_spur mean 7.269 median 7.190
  mmfork-cuthill  success 15/15   med time   14.33s   pairs  15  dACL_spur mean  -0.121 median  -0.110  W/L/T 10/5/0
  clmm            success 15/15   med time    4.47s   pairs  15  dACL_spur mean  +0.263 median  +0.320  W/L/T 2/13/0
  template        success 3/3   med time    0.02s   pairs  15  dACL_spur mean  +0.221 median  +0.290  W/L/T 3/12/0
  clique          success 3/3   med time    0.02s   pairs  15  dACL_spur mean  +0.221 median  +0.290  W/L/T 3/12/0
  pssa            success 15/15   med time    0.36s   pairs  15  dACL_spur mean  +0.221 median  +0.290  W/L/T 3/12/0
  attraction      success 15/15   med time   23.16s   pairs  15  dACL_spur mean  +0.100 median  +0.070  W/L/T 7/8/0

-- Z12  n=140  p=0.2
  minorminer      success 15/15   med time   33.06s   acl_spur mean 11.797 median 11.721
  mmfork-cuthill  success 15/15   med time   37.04s   pairs  15  dACL_spur mean  -0.393 median  -0.307  W/L/T 13/2/0
  clmm            success 15/15   med time   12.46s   pairs  15  dACL_spur mean  -1.580 median  -1.407  W/L/T 15/0/0
  template        success 3/3   med time    0.07s   pairs  15  dACL_spur mean  -1.756 median  -1.686  W/L/T 15/0/0
  clique          success 3/3   med time    0.02s   pairs  15  dACL_spur mean  -1.756 median  -1.686  W/L/T 15/0/0
  pssa            success 15/15   med time    0.43s   pairs  15  dACL_spur mean  -1.756 median  -1.686  W/L/T 15/0/0
  attraction      success 15/15   med time   60.40s   pairs  15  dACL_spur mean  -0.229 median  -0.179  W/L/T 10/5/0

-- Z12  n=200  p=0.2 [FRONTIER: minorminer 0/15]
  minorminer      success 0/15   med time   62.57s
  mmfork-cuthill  success 0/15   med time   62.49s
  clmm            success 15/15   med time   43.37s   [unpairable: mm 0 successes]  acl_spur mean 16.012
  template        success 0/3   med time    0.00s
  clique          success 0/3   med time    0.02s
  pssa            success 0/15   med time   63.23s
  attraction      success 0/15   med time   64.48s

-- Z12  n=260  p=0.2 [FRONTIER: minorminer 0/15]
  minorminer      success 0/15   med time   64.06s
  mmfork-cuthill  success 0/15   med time   64.18s
  clmm            success 0/15   med time   64.29s
  template        success 0/3   med time    0.00s
  clique          success 0/3   med time    0.03s
  pssa            success 0/15   med time   65.58s
  attraction      success 0/15   med time   66.26s

-- Z12  n=340  p=0.2 [FRONTIER: minorminer 0/15]
  minorminer      success 0/15   med time   67.00s
  mmfork-cuthill  success 0/15   med time   66.66s
  clmm            success 0/15   med time   66.98s
  template        success 0/3   med time    0.00s
  clique          success 0/3   med time    0.02s
  pssa            success 0/15   med time   64.68s
  attraction      success 0/15   med time   70.66s

-- Z12  n=60  p=0.12
  minorminer      success 15/15   med time    0.49s   acl_spur mean 2.311 median 2.283
  mmfork-cuthill  success 15/15   med time    0.54s   pairs  15  dACL_spur mean  -0.002 median  +0.033  W/L/T 6/8/1
  clmm            success 15/15   med time    0.41s   pairs  15  dACL_spur mean  +0.016 median  +0.017  W/L/T 6/9/0
  template        success 3/3   med time    0.01s   pairs  15  dACL_spur mean  +1.872 median  +1.950  W/L/T 0/15/0
  clique          success 3/3   med time    0.02s   pairs  15  dACL_spur mean  +1.872 median  +1.950  W/L/T 0/15/0
  pssa            success 15/15   med time    0.28s   pairs  15  dACL_spur mean  +1.872 median  +1.950  W/L/T 0/15/0
  attraction      success 15/15   med time    2.35s   pairs  15  dACL_spur mean  -0.064 median  -0.033  W/L/T 10/3/2

-- Z12  n=100  p=0.12
  minorminer      success 15/15   med time    5.26s   acl_spur mean 5.231 median 5.160
  mmfork-cuthill  success 15/15   med time    5.72s   pairs  15  dACL_spur mean  +0.057 median  +0.110  W/L/T 7/8/0
  clmm            success 15/15   med time    3.63s   pairs  15  dACL_spur mean  +0.765 median  +0.650  W/L/T 0/15/0
  template        success 3/3   med time    0.02s   pairs  15  dACL_spur mean  +1.805 median  +1.820  W/L/T 0/15/0
  clique          success 3/3   med time    0.02s   pairs  15  dACL_spur mean  +1.805 median  +1.820  W/L/T 0/15/0
  pssa            success 15/15   med time    0.36s   pairs  15  dACL_spur mean  +1.805 median  +1.820  W/L/T 0/15/0
  attraction      success 15/15   med time   10.39s   pairs  15  dACL_spur mean  -0.064 median  -0.100  W/L/T 10/4/1

-- Z12  n=160  p=0.12
  minorminer      success 15/15   med time   27.07s   acl_spur mean 11.156 median 11.094
  mmfork-cuthill  success 15/15   med time   24.48s   pairs  15  dACL_spur mean  -0.098 median  -0.169  W/L/T 9/6/0
  clmm            success 15/15   med time    8.06s   pairs  15  dACL_spur mean  -0.240 median  -0.175  W/L/T 10/5/0
  template        success 3/3   med time    0.08s   pairs  15  dACL_spur mean  -0.377 median  -0.269  W/L/T 11/4/0
  clique          success 3/3   med time    0.02s   pairs  15  dACL_spur mean  -0.377 median  -0.269  W/L/T 11/4/0
  pssa            success 15/15   med time    0.45s   pairs  15  dACL_spur mean  -0.377 median  -0.269  W/L/T 11/4/0
  attraction      success 15/15   med time   42.59s   pairs  15  dACL_spur mean  +0.329 median  +0.406  W/L/T 6/9/0

-- Z12  n=220  p=0.12 [FRONTIER: minorminer 0/15]
  minorminer      success 0/15   med time   61.89s
  mmfork-cuthill  success 0/15   med time   61.66s
  clmm            success 6/15   med time   61.23s   [unpairable: mm 0 successes]  acl_spur mean 16.861
  template        success 0/3   med time    0.00s
  clique          success 0/3   med time    0.02s
  pssa            success 0/15   med time   65.03s
  attraction      success 0/15   med time   63.36s

-- Z12  n=300  p=0.12 [FRONTIER: minorminer 0/15]
  minorminer      success 0/15   med time   62.80s
  mmfork-cuthill  success 0/15   med time   62.66s
  clmm            success 0/15   med time   63.44s
  template        success 0/3   med time    0.00s
  clique          success 0/3   med time    0.02s
  pssa            success 0/15   med time   64.28s
  attraction      success 0/15   med time   65.16s

-- Z12  n=400  p=0.12 [FRONTIER: minorminer 0/15]
  minorminer      success 0/15   med time   66.35s
  mmfork-cuthill  success 0/15   med time   65.41s
  clmm            success 0/15   med time   66.13s
  template        success 0/3   med time    0.00s
  clique          success 0/3   med time    0.02s
  pssa            success 0/15   med time   63.62s
  attraction      success 0/15   med time   69.34s

-- Z12  n=80  p=0.08
  minorminer      success 15/15   med time    0.68s   acl_spur mean 2.380 median 2.325
  mmfork-cuthill  success 10/15   med time    0.65s   pairs  10  dACL_spur mean  -0.048 median  -0.125  W/L/T 7/3/0
  clmm            success 15/15   med time    0.58s   pairs  15  dACL_spur mean  +0.060 median  +0.112  W/L/T 4/11/0
  template        success 3/3   med time    0.01s   pairs  15  dACL_spur mean  +2.578 median  +2.638  W/L/T 0/15/0
  clique          success 3/3   med time    0.02s   pairs  15  dACL_spur mean  +2.578 median  +2.638  W/L/T 0/15/0
  pssa            success 15/15   med time    0.31s   pairs  15  dACL_spur mean  +2.578 median  +2.638  W/L/T 0/15/0
  attraction      success 15/15   med time    2.79s   pairs  15  dACL_spur mean  -0.120 median  -0.138  W/L/T 9/5/1

-- Z12  n=120  p=0.08
  minorminer      success 15/15   med time    3.89s   acl_spur mean 4.937 median 4.950
  mmfork-cuthill  success 15/15   med time    5.01s   pairs  15  dACL_spur mean  -0.098 median  -0.033  W/L/T 10/5/0
  clmm            success 15/15   med time    3.73s   pairs  15  dACL_spur mean  +0.481 median  +0.475  W/L/T 1/14/0
  template        success 3/3   med time    0.03s   pairs  15  dACL_spur mean  +2.629 median  +2.608  W/L/T 0/15/0
  clique          success 3/3   med time    0.02s   pairs  15  dACL_spur mean  +2.629 median  +2.608  W/L/T 0/15/0
  pssa            success 15/15   med time    0.40s   pairs  15  dACL_spur mean  +2.629 median  +2.608  W/L/T 0/15/0
  attraction      success 15/15   med time   10.43s   pairs  15  dACL_spur mean  -0.073 median  -0.008  W/L/T 8/6/1

-- Z12  n=180  p=0.08
  minorminer      success 15/15   med time   21.42s   acl_spur mean 10.101 median 10.067
  mmfork-cuthill  success 15/15   med time   20.47s   pairs  15  dACL_spur mean  -0.047 median  +0.117  W/L/T 6/9/0
  clmm            success 15/15   med time    7.73s   pairs  15  dACL_spur mean  +0.551 median  +0.622  W/L/T 3/11/1
  template        success 3/3   med time    0.12s   pairs  15  dACL_spur mean  +1.508 median  +1.583  W/L/T 0/15/0
  clique          success 3/3   med time    0.02s   pairs  15  dACL_spur mean  +1.508 median  +1.583  W/L/T 0/15/0
  pssa            success 15/15   med time    0.54s   pairs  15  dACL_spur mean  +1.508 median  +1.583  W/L/T 0/15/0
  attraction      success 15/15   med time   33.50s   pairs  15  dACL_spur mean  -0.123 median  +0.011  W/L/T 7/8/0

-- Z12  n=260  p=0.08 [FRONTIER: minorminer 0/15]
  minorminer      success 0/15   med time   61.40s
  mmfork-cuthill  success 0/15   med time   61.71s
  clmm            success 0/15   med time   61.54s
  template        success 0/3   med time    0.00s
  clique          success 0/3   med time    0.02s
  pssa            success 0/15   med time   65.79s
  attraction      success 0/15   med time   62.80s

-- Z12  n=360  p=0.08 [FRONTIER: minorminer 0/15]
  minorminer      success 0/15   med time   63.04s
  mmfork-cuthill  success 0/15   med time   63.81s
  clmm            success 0/15   med time   64.23s
  template        success 0/3   med time    0.00s
  clique          success 0/3   med time    0.02s
  pssa            success 0/15   med time   65.10s
  attraction      success 0/15   med time   65.47s

-- Z12  n=480  p=0.08 [FRONTIER: minorminer 0/15]
  minorminer      success 0/15   med time   65.98s
  mmfork-cuthill  success 0/15   med time   66.00s
  clmm            success 0/15   med time   66.61s
  template        success 0/3   med time    0.00s
  clique          success 0/3   med time    0.02s
  pssa            success 0/15   med time   63.94s
  attraction      success 0/15   med time   69.32s

-- Z12  n=100  p=0.05
  minorminer      success 15/15   med time    0.52s   acl_spur mean 2.130 median 2.130
  mmfork-cuthill  success 5/15   med time    0.01s   pairs   5  dACL_spur mean  +0.014 median  +0.070  W/L/T 2/3/0
  clmm            success 15/15   med time    0.35s   pairs  15  dACL_spur mean  +0.089 median  +0.090  W/L/T 5/10/0
  template        success 3/3   med time    0.02s   pairs  15  dACL_spur mean  +3.250 median  +3.280  W/L/T 0/15/0
  clique          success 3/3   med time    0.02s   pairs  15  dACL_spur mean  +3.250 median  +3.280  W/L/T 0/15/0
  pssa            success 15/15   med time    0.35s   pairs  15  dACL_spur mean  +3.250 median  +3.280  W/L/T 0/15/0
  attraction      success 15/15   med time    2.85s   pairs  15  dACL_spur mean  -0.106 median  -0.120  W/L/T 10/3/2

-- Z12  n=160  p=0.05
  minorminer      success 15/15   med time    3.98s   acl_spur mean 5.118 median 5.081
  mmfork-cuthill  success 15/15   med time    5.20s   pairs  15  dACL_spur mean  -0.000 median  +0.050  W/L/T 7/8/0
  clmm            success 15/15   med time    4.17s   pairs  15  dACL_spur mean  +0.646 median  +0.656  W/L/T 0/14/1
  template        success 3/3   med time    0.10s   pairs  15  dACL_spur mean  +4.034 median  +4.131  W/L/T 0/15/0
  clique          success 3/3   med time    0.02s   pairs  15  dACL_spur mean  +4.034 median  +4.131  W/L/T 0/15/0
  pssa            success 15/15   med time    0.57s   pairs  15  dACL_spur mean  +4.034 median  +4.131  W/L/T 0/15/0
  attraction      success 15/15   med time   11.13s   pairs  15  dACL_spur mean  -0.349 median  -0.306  W/L/T 15/0/0

-- Z12  n=240  p=0.05
  minorminer      success 15/15   med time   12.90s   acl_spur mean 11.605 median 11.592
  mmfork-cuthill  success 15/15   med time   14.43s   pairs  15  dACL_spur mean  +0.209 median  +0.158  W/L/T 6/9/0
  clmm            success 15/15   med time   11.99s   pairs  15  dACL_spur mean  +0.666 median  +0.742  W/L/T 4/11/0
  template        success 0/3   med time    0.00s
  clique          success 0/3   med time    0.02s
  pssa            success 0/15   med time   67.17s
  attraction      success 15/15   med time   37.58s   pairs  15  dACL_spur mean  -0.449 median  -0.642  W/L/T 12/3/0

-- Z12  n=340  p=0.05 [FRONTIER: minorminer 0/15]
  minorminer      success 0/15   med time   61.87s
  mmfork-cuthill  success 0/15   med time   61.78s
  clmm            success 0/15   med time   62.03s
  template        success 0/3   med time    0.00s
  clique          success 0/3   med time    0.02s
  pssa            success 0/15   med time   62.46s
  attraction      success 0/15   med time   62.83s

-- Z12  n=460  p=0.05 [FRONTIER: minorminer 0/15]
  minorminer      success 0/15   med time   63.04s
  mmfork-cuthill  success 0/15   med time   63.01s
  clmm            success 0/15   med time   63.48s
  template        success 0/3   med time    0.00s
  clique          success 0/3   med time    0.03s
  pssa            success 0/15   med time   67.30s
  attraction      success 0/15   med time   65.18s

-- Z12  n=600  p=0.05 [FRONTIER: minorminer 0/15]
  minorminer      success 0/15   med time   64.63s
  mmfork-cuthill  success 0/15   med time   64.65s
  clmm            success 0/15   med time   66.07s
  template        success 0/3   med time    0.00s
  clique          success 0/3   med time    0.02s
  pssa            success 0/15   med time   66.45s
  attraction      success 0/15   med time   67.35s

rows: 8235   csv: /data/dabh/ember/docs/paper3/data/e0_crossover.csv

summary -> /data/dabh/ember/docs/paper3/data/e0_crossover_summary.txt
