topo,n,p,inst_seed,arm,algo_seed,status,success,acl,acl_spur,acl_pre,max_chain,qubits,time,n_edges,err
P16,60,1.0,101,template,-1,SUCCESS,1,6.7333,6.7333,6.8,7,404,0.0121,1770,
P16,60,1.0,101,clique,-1,SUCCESS,1,6.8,6.7333,,7,408,0.0285,1770,
P16,100,1.0,101,template,-1,SUCCESS,1,9.78,9.78,9.82,10,978,0.0486,4950,
P16,100,1.0,101,clique,-1,SUCCESS,1,9.82,9.78,,10,982,0.0299,4950,
P16,60,1.0,101,pssa,0,SUCCESS,1,6.6333,6.6333,,7,398,0.3695,1770,
P16,60,1.0,101,pssa,4,SUCCESS,1,6.6333,6.6333,,7,398,0.365,1770,
P16,60,1.0,101,pssa,1,SUCCESS,1,6.6333,6.6333,,7,398,0.3747,1770,
P16,60,1.0,101,pssa,3,SUCCESS,1,6.6333,6.6333,,7,398,0.4291,1770,
P16,60,1.0,101,pssa,2,SUCCESS,1,6.6333,6.6333,,7,398,0.4484,1770,
P16,100,1.0,101,pssa,0,SUCCESS,1,9.98,9.98,,11,998,0.4728,4950,
P16,100,1.0,101,pssa,1,SUCCESS,1,9.98,9.98,,11,998,0.4862,4950,
P16,100,1.0,101,pssa,2,SUCCESS,1,9.98,9.98,,11,998,0.4795,4950,
P16,100,1.0,101,pssa,4,SUCCESS,1,9.98,9.98,,11,998,0.4767,4950,
P16,100,1.0,101,pssa,3,SUCCESS,1,9.98,9.98,,11,998,0.4955,4950,
P16,60,1.0,101,clmm,2,SUCCESS,1,6.7167,6.7,,7,403,3.3188,1770,
P16,60,1.0,101,clmm,3,SUCCESS,1,6.7667,6.7333,,7,406,3.3806,1770,
P16,60,1.0,101,clmm,0,SUCCESS,1,6.7667,6.7167,,7,406,3.5024,1770,
P16,60,1.0,101,clmm,4,SUCCESS,1,6.7167,6.6833,,7,403,3.714,1770,
P16,60,1.0,101,clmm,1,SUCCESS,1,6.7167,6.6833,,7,403,3.764,1770,
P16,60,1.0,101,mmfork-cuthill,2,SUCCESS,1,7.45,6.9833,,11,447,4.83,1770,
P16,60,1.0,101,minorminer,4,SUCCESS,1,7.0333,6.7667,,10,422,6.3067,1770,
P16,60,1.0,101,minorminer,3,SUCCESS,1,7.5833,7.0,,10,455,6.886,1770,
P16,140,1.0,101,template,-1,SUCCESS,1,13.1714,13.1714,13.8286,14,1844,0.1687,9730,
P16,140,1.0,101,clique,-1,SUCCESS,1,13.8286,13.1714,,14,1936,0.0187,9730,
P16,60,1.0,101,mmfork-cuthill,0,SUCCESS,1,7.1833,6.8667,,9,431,7.9573,1770,
P16,60,1.0,101,mmfork-cuthill,1,SUCCESS,1,7.35,6.9667,,10,441,8.0119,1770,
P16,140,1.0,101,pssa,0,SUCCESS,1,13.3143,13.3143,,14,1864,0.6224,9730,
P16,140,1.0,101,pssa,1,SUCCESS,1,13.3143,13.3143,,14,1864,0.6125,9730,
P16,140,1.0,101,pssa,2,SUCCESS,1,13.3143,13.3143,,14,1864,0.617,9730,
P16,140,1.0,101,pssa,3,SUCCESS,1,13.3143,13.3143,,14,1864,0.6236,9730,
P16,60,1.0,101,minorminer,0,SUCCESS,1,7.9833,7.3667,,12,479,8.8679,1770,
P16,140,1.0,101,pssa,4,SUCCESS,1,13.3143,13.3143,,14,1864,0.6048,9730,
P16,60,1.0,101,mmfork-cuthill,3,SUCCESS,1,8.4333,7.8333,,12,506,11.393,1770,
P16,60,1.0,101,minorminer,1,SUCCESS,1,7.3333,6.9667,,10,440,12.9677,1770,
P16,60,1.0,101,mmfork-cuthill,4,SUCCESS,1,7.8667,7.3,,11,472,16.1912,1770,
P16,100,1.0,101,clmm,3,SUCCESS,1,9.77,9.75,,10,977,22.5436,4950,
P16,100,1.0,101,clmm,2,SUCCESS,1,9.79,9.77,,10,979,26.3168,4950,
P16,100,1.0,101,clmm,0,SUCCESS,1,9.81,9.78,,10,981,27.0679,4950,
P16,100,1.0,101,clmm,1,SUCCESS,1,9.8,9.78,,10,980,27.0882,4950,
P16,60,1.0,101,minorminer,2,SUCCESS,1,8.1667,7.5333,,11,490,27.9262,1770,
P16,100,1.0,101,clmm,4,SUCCESS,1,9.8,9.78,,10,980,28.5986,4950,
P16,60,1.0,101,attraction,4,SUCCESS,1,8.75,7.9333,,14,525,29.4328,1770,
P16,100,1.0,101,minorminer,4,SUCCESS,1,11.79,10.76,,17,1179,29.8907,4950,
P16,60,1.0,101,attraction,2,SUCCESS,1,8.5833,7.9833,,12,515,33.4459,1770,
P16,60,1.0,101,attraction,0,SUCCESS,1,8.2167,7.4833,,12,493,35.5928,1770,
P16,60,1.0,101,attraction,3,SUCCESS,1,8.2167,7.5167,,11,493,36.6339,1770,
P16,100,1.0,101,mmfork-cuthill,0,SUCCESS,1,12.75,11.82,,21,1275,41.3366,4950,
P16,100,1.0,101,mmfork-cuthill,1,SUCCESS,1,13.52,12.35,,19,1352,48.4206,4950,
P16,100,1.0,101,minorminer,3,SUCCESS,1,11.32,10.58,,15,1132,60.0537,4950,
P16,100,1.0,101,minorminer,1,SUCCESS,1,14.62,13.07,,23,1462,60.122,4950,
P16,60,1.0,101,attraction,1,SUCCESS,1,7.8167,7.2833,,10,469,60.5051,1770,
P16,180,1.0,101,template,-1,SUCCESS,1,16.6444,16.6444,16.6667,17,2996,0.2973,16110,
P16,180,1.0,101,clique,-1,SUCCESS,1,16.6667,16.6444,,17,3000,0.0221,16110,
P16,100,1.0,101,mmfork-cuthill,4,SUCCESS,1,13.35,12.11,,20,1335,60.6318,4950,
P16,180,1.0,101,pssa,0,SUCCESS,1,16.6444,16.6444,,17,2996,0.5536,16110,
P16,100,1.0,101,attraction,1,SUCCESS,1,15.57,13.55,,25,1557,60.9793,4950,
P16,100,1.0,101,mmfork-cuthill,3,SUCCESS,1,13.39,12.29,,22,1339,61.2641,4950,
P16,180,1.0,101,pssa,1,SUCCESS,1,16.6444,16.6444,,17,2996,0.5583,16110,
P16,100,1.0,101,mmfork-cuthill,2,SUCCESS,1,12.03,11.09,,17,1203,61.2119,4950,
P16,180,1.0,101,pssa,2,SUCCESS,1,16.6444,16.6444,,17,2996,0.5587,16110,
P16,100,1.0,101,attraction,2,SUCCESS,1,14.97,13.27,,24,1497,61.0963,4950,
P16,100,1.0,101,minorminer,2,SUCCESS,1,13.99,12.7,,21,1399,61.3387,4950,
P16,100,1.0,101,attraction,4,SUCCESS,1,15.6,13.59,,25,1560,60.9069,4950,
P16,100,1.0,101,minorminer,0,SUCCESS,1,13.35,12.18,,22,1335,61.374,4950,
P16,180,1.0,101,pssa,3,SUCCESS,1,16.6444,16.6444,,17,2996,0.5659,16110,
P16,100,1.0,101,attraction,0,SUCCESS,1,16.63,14.2,,28,1663,61.5104,4950,
P16,180,1.0,101,pssa,4,SUCCESS,1,16.6444,16.6444,,17,2996,0.5555,16110,
P16,100,1.0,101,attraction,3,SUCCESS,1,16.47,13.77,,27,1647,61.5024,4950,
P16,140,1.0,101,minorminer,0,SUCCESS,1,20.45,18.0571,,39,2863,61.5306,9730,
P16,40,0.9,101,minorminer,3,SUCCESS,1,5.35,5.15,,8,214,1.5048,698,
P16,140,1.0,101,minorminer,2,SUCCESS,1,22.1571,19.5357,,38,3102,61.4273,9730,
P16,40,0.9,101,minorminer,2,SUCCESS,1,5.7,5.2,,8,228,1.7222,698,
P16,140,1.0,101,minorminer,1,SUCCESS,1,23.1214,19.8214,,39,3237,61.8372,9730,
P16,140,1.0,101,minorminer,4,SUCCESS,1,24.1286,20.9714,,37,3378,62.1728,9730,
P16,40,0.9,101,clmm,0,SUCCESS,1,4.75,4.7,,5,190,0.8156,698,
P16,40,0.9,101,minorminer,0,SUCCESS,1,4.925,4.7,,7,197,2.4273,698,
P16,40,0.9,101,template,-1,SUCCESS,1,4.7,4.7,4.8,5,188,0.0052,698,
P16,140,1.0,101,clmm,2,SUCCESS,1,13.7429,13.7286,,14,1924,60.0942,9730,
P16,40,0.9,101,clique,-1,SUCCESS,1,4.8,4.7,,5,192,0.0178,698,
P16,40,0.9,101,mmfork-cuthill,2,SUCCESS,1,5.175,5.025,,7,207,1.808,698,
P16,40,0.9,101,clmm,1,SUCCESS,1,4.775,4.7,,5,191,0.7674,698,
P16,40,0.9,101,mmfork-cuthill,0,SUCCESS,1,5.025,4.775,,7,201,2.2233,698,
P16,40,0.9,101,pssa,0,SUCCESS,1,4.95,4.95,,6,198,0.2758,698,
P16,40,0.9,101,pssa,1,SUCCESS,1,4.95,4.95,,6,198,0.2888,698,
P16,40,0.9,101,pssa,2,SUCCESS,1,4.95,4.95,,6,198,0.2883,698,
P16,40,0.9,101,mmfork-cuthill,1,SUCCESS,1,4.95,4.85,,7,198,2.2355,698,
P16,40,0.9,101,clmm,2,SUCCESS,1,4.7,4.65,,5,188,0.7422,698,
P16,40,0.9,101,pssa,3,SUCCESS,1,4.95,4.95,,6,198,0.2824,698,
P16,140,1.0,101,mmfork-cuthill,1,SUCCESS,1,17.2929,15.7571,,28,2421,62.9729,9730,
P16,40,0.9,101,minorminer,1,SUCCESS,1,5.425,5.1,,7,217,2.8463,698,
P16,40,0.9,101,pssa,4,SUCCESS,1,4.95,4.95,,6,198,0.2926,698,
P16,40,0.9,101,clmm,3,SUCCESS,1,4.75,4.7,,5,190,0.8086,698,
P16,40,0.9,101,clmm,4,SUCCESS,1,4.725,4.675,,5,189,0.7232,698,
P16,140,1.0,101,minorminer,3,SUCCESS,1,22.9286,19.7714,,37,3210,63.3509,9730,
P16,140,1.0,101,mmfork-cuthill,0,SUCCESS,1,23.1143,19.9,,38,3236,63.2877,9730,
P16,140,1.0,101,mmfork-cuthill,2,SUCCESS,1,20.5143,18.3143,,34,2872,63.4694,9730,
P16,140,1.0,101,mmfork-cuthill,4,SUCCESS,1,24.3,20.9643,,40,3402,60.8658,9730,
P16,140,1.0,101,clmm,0,SUCCESS,1,13.7786,13.7643,,14,1929,62.1642,9730,
P16,40,0.9,101,mmfork-cuthill,3,SUCCESS,1,5.275,5.1,,7,211,3.3661,698,
P16,40,0.9,101,mmfork-cuthill,4,SUCCESS,1,5.15,4.875,,7,206,2.9579,698,
P16,40,0.9,101,minorminer,4,SUCCESS,1,5.3,5.125,,7,212,4.5383,698,
P16,40,0.9,102,minorminer,4,SUCCESS,1,5.4,5.175,,9,216,1.8153,691,
P16,40,0.9,102,clmm,0,SUCCESS,1,4.725,4.675,,5,189,0.7308,691,
P16,40,0.9,102,template,-1,SUCCESS,1,4.7,4.7,4.8,5,188,0.0057,691,
P16,40,0.9,102,clique,-1,SUCCESS,1,4.8,4.7,,5,192,0.0193,691,
P16,40,0.9,102,clmm,1,SUCCESS,1,4.725,4.675,,5,189,0.7195,691,
P16,40,0.9,102,minorminer,2,SUCCESS,1,4.875,4.825,,6,195,2.3501,691,
P16,40,0.9,102,clmm,2,SUCCESS,1,4.775,4.7,,5,191,0.8043,691,
P16,40,0.9,102,pssa,0,SUCCESS,1,4.95,4.95,,6,198,0.2906,691,
P16,40,0.9,102,pssa,1,SUCCESS,1,4.95,4.95,,6,198,0.2959,691,
P16,40,0.9,102,clmm,3,SUCCESS,1,4.775,4.725,,5,191,0.8163,691,
P16,40,0.9,102,mmfork-cuthill,0,SUCCESS,1,5.575,5.325,,8,223,2.378,691,
P16,40,0.9,102,pssa,2,SUCCESS,1,4.95,4.95,,6,198,0.278,691,
P16,40,0.9,102,minorminer,1,SUCCESS,1,5.25,4.925,,7,210,2.7082,691,
P16,40,0.9,102,minorminer,0,SUCCESS,1,5.6,5.225,,7,224,2.7344,691,
P16,40,0.9,102,clmm,4,SUCCESS,1,4.725,4.675,,5,189,0.7098,691,
P16,40,0.9,102,pssa,3,SUCCESS,1,4.95,4.95,,6,198,0.2752,691,
P16,40,0.9,102,pssa,4,SUCCESS,1,4.95,4.95,,6,198,0.2762,691,
P16,40,0.9,102,mmfork-cuthill,3,SUCCESS,1,4.95,4.775,,6,198,1.9915,691,
P16,140,1.0,101,mmfork-cuthill,3,SUCCESS,1,19.9571,17.75,,35,2794,62.9304,9730,
P16,40,0.9,102,mmfork-cuthill,1,SUCCESS,1,5.1,4.85,,7,204,2.8295,691,
P16,40,0.9,102,mmfork-cuthill,4,SUCCESS,1,5.025,4.85,,7,201,2.375,691,
P16,40,0.9,102,minorminer,3,SUCCESS,1,5.15,4.925,,7,206,3.7144,691,
P16,40,0.9,103,minorminer,2,SUCCESS,1,5.275,5.05,,7,211,1.3374,702,
P16,40,0.9,102,mmfork-cuthill,2,SUCCESS,1,5.175,4.85,,7,207,3.6122,691,
P16,140,1.0,101,clmm,3,SUCCESS,1,13.75,13.7357,,14,1925,63.8629,9730,
P16,40,0.9,103,minorminer,4,SUCCESS,1,5.175,5.025,,7,207,1.7542,702,
P16,40,0.9,103,mmfork-cuthill,0,SUCCESS,1,5.3,5.075,,7,212,1.8466,702,
P16,40,0.9,103,minorminer,0,SUCCESS,1,5.525,5.325,,8,221,2.2366,702,
P16,140,1.0,101,clmm,1,SUCCESS,1,13.7714,13.75,,14,1928,65.5736,9730,
P16,40,0.9,103,template,-1,SUCCESS,1,4.7,4.7,4.8,5,188,0.0047,702,
P16,40,0.9,103,clique,-1,SUCCESS,1,4.8,4.7,,5,192,0.0208,702,
P16,40,0.9,103,clmm,1,SUCCESS,1,4.775,4.725,,5,191,0.6602,702,
P16,40,0.9,103,clmm,0,SUCCESS,1,4.725,4.675,,5,189,0.853,702,
P16,40,0.9,103,pssa,0,SUCCESS,1,4.95,4.95,,6,198,0.2819,702,
P16,40,0.9,103,pssa,1,SUCCESS,1,4.95,4.95,,6,198,0.2777,702,
P16,40,0.9,103,clmm,2,SUCCESS,1,4.75,4.7,,5,190,0.7421,702,
P16,40,0.9,103,pssa,2,SUCCESS,1,4.95,4.95,,6,198,0.2854,702,
P16,40,0.9,103,clmm,3,SUCCESS,1,4.75,4.725,,5,190,0.7871,702,
P16,40,0.9,103,minorminer,1,SUCCESS,1,5.35,5.05,,7,214,2.8723,702,
P16,40,0.9,103,pssa,3,SUCCESS,1,4.95,4.95,,6,198,0.2736,702,
P16,40,0.9,103,pssa,4,SUCCESS,1,4.95,4.95,,6,198,0.2801,702,
P16,40,0.9,103,clmm,4,SUCCESS,1,4.75,4.7,,5,190,0.8116,702,
P16,40,0.9,103,minorminer,3,SUCCESS,1,5.625,5.375,,8,225,3.0572,702,
P16,40,0.9,103,mmfork-cuthill,4,SUCCESS,1,5.15,5.05,,7,206,2.1673,702,
P16,140,1.0,101,clmm,4,SUCCESS,1,13.7643,13.7429,,14,1927,64.5945,9730,
P16,40,0.9,103,mmfork-cuthill,2,SUCCESS,1,5.45,5.25,,8,218,3.0779,702,
P16,40,0.9,103,mmfork-cuthill,3,SUCCESS,1,5.15,4.95,,7,206,3.0442,702,
P16,40,0.9,103,mmfork-cuthill,1,SUCCESS,1,5.15,4.925,,7,206,4.4736,702,
P16,40,0.9,101,attraction,1,SUCCESS,1,5.675,5.3,,8,227,10.2736,698,
P16,40,0.9,101,attraction,2,SUCCESS,1,5.275,5.0,,7,211,10.5061,698,
P16,40,0.9,101,attraction,3,SUCCESS,1,5.2,5.05,,7,208,11.7162,698,
P16,40,0.9,101,attraction,0,SUCCESS,1,5.225,5.1,,7,209,12.8291,698,
P16,40,0.9,102,attraction,0,SUCCESS,1,5.4,5.125,,7,216,10.5859,691,
P16,40,0.9,101,attraction,4,SUCCESS,1,5.3,4.95,,7,212,13.5973,698,
P16,40,0.9,102,attraction,3,SUCCESS,1,5.425,5.075,,8,217,11.0357,691,
P16,60,0.9,101,minorminer,2,SUCCESS,1,7.7333,7.0167,,11,464,8.3136,1585,
P16,60,0.9,101,template,-1,SUCCESS,1,6.7333,6.7333,6.8,7,404,0.0134,1585,
P16,60,0.9,101,clique,-1,SUCCESS,1,6.8,6.7333,,7,408,0.0199,1585,
P16,60,0.9,101,clmm,0,SUCCESS,1,6.7167,6.6833,,7,403,2.9565,1585,
P16,60,0.9,101,pssa,0,SUCCESS,1,6.6333,6.6333,,7,398,0.3608,1585,
P16,40,0.9,102,attraction,1,SUCCESS,1,5.85,5.525,,8,234,12.2888,691,
P16,60,0.9,101,pssa,1,SUCCESS,1,6.6333,6.6333,,7,398,0.3652,1585,
P16,40,0.9,103,attraction,2,SUCCESS,1,5.35,5.0,,8,214,9.384,702,
P16,60,0.9,101,pssa,2,SUCCESS,1,6.6333,6.6333,,7,398,0.3617,1585,
P16,40,0.9,102,attraction,2,SUCCESS,1,5.175,4.9,,7,207,12.4145,691,
P16,60,0.9,101,pssa,3,SUCCESS,1,6.6333,6.6333,,7,398,0.369,1585,
P16,60,0.9,101,pssa,4,SUCCESS,1,6.6333,6.6333,,7,398,0.3612,1585,
P16,60,0.9,101,minorminer,0,SUCCESS,1,7.5167,7.1333,,10,451,9.7234,1585,
P16,60,0.9,101,clmm,1,SUCCESS,1,6.75,6.7167,,7,405,2.7521,1585,
P16,40,0.9,103,attraction,4,SUCCESS,1,5.675,5.175,,8,227,9.8807,702,
P16,60,0.9,101,mmfork-cuthill,0,SUCCESS,1,6.8833,6.7,,9,413,8.8557,1585,
P16,40,0.9,102,attraction,4,SUCCESS,1,5.45,5.075,,8,218,13.0956,691,
P16,40,0.9,103,attraction,1,SUCCESS,1,5.75,5.525,,8,230,10.4608,702,
P16,180,1.0,101,minorminer,0,FAILURE,0,,,,,,67.6443,16110,status=FAILURE
P16,60,0.9,101,clmm,3,SUCCESS,1,6.7333,6.6833,,7,404,2.8544,1585,
P16,60,0.9,101,clmm,2,SUCCESS,1,6.75,6.7167,,7,405,3.3449,1585,
P16,40,0.9,103,attraction,0,SUCCESS,1,5.65,5.3,,8,226,11.2639,702,
P16,140,1.0,101,attraction,2,FAILURE,0,,,,,,72.4244,9730,status=FAILURE
P16,140,1.0,101,attraction,0,FAILURE,0,,,,,,72.5524,9730,status=FAILURE
P16,60,0.9,101,clmm,4,SUCCESS,1,6.7333,6.7167,,7,404,3.378,1585,
P16,60,0.9,101,minorminer,1,SUCCESS,1,7.4333,7.1167,,10,446,11.4533,1585,
P16,60,0.9,101,mmfork-cuthill,2,SUCCESS,1,8.0833,7.4333,,12,485,9.4922,1585,
P16,40,0.9,103,attraction,3,SUCCESS,1,5.35,5.025,,7,214,13.3927,702,
P16,140,1.0,101,attraction,3,FAILURE,0,,,,,,74.0551,9730,status=FAILURE
P16,60,0.9,102,template,-1,SUCCESS,1,6.7167,6.7167,6.8,7,403,0.0118,1574,
P16,60,0.9,102,clique,-1,SUCCESS,1,6.8,6.7167,,7,408,0.022,1574,
P16,140,1.0,101,attraction,1,FAILURE,0,,,,,,74.9467,9730,status=FAILURE
P16,60,0.9,102,pssa,0,SUCCESS,1,6.6167,6.6167,,7,397,0.3617,1574,
P16,60,0.9,102,pssa,1,SUCCESS,1,6.6167,6.6167,,7,397,0.3705,1574,
P16,60,0.9,102,pssa,2,SUCCESS,1,6.6167,6.6167,,7,397,0.3578,1574,
P16,60,0.9,102,pssa,3,SUCCESS,1,6.6167,6.6167,,7,397,0.3639,1574,
P16,60,0.9,102,pssa,4,SUCCESS,1,6.6167,6.6167,,7,397,0.3721,1574,
P16,60,0.9,102,mmfork-cuthill,1,SUCCESS,1,7.2167,6.85,,11,433,3.7448,1574,
P16,60,0.9,102,clmm,0,SUCCESS,1,6.7833,6.7333,,7,407,3.1868,1574,
P16,60,0.9,102,clmm,3,SUCCESS,1,6.6667,6.6667,,7,400,2.9692,1574,
P16,60,0.9,102,clmm,2,SUCCESS,1,6.75,6.7167,,7,405,3.1514,1574,
P16,60,0.9,102,clmm,1,SUCCESS,1,6.7333,6.7,,7,404,3.425,1574,
P16,60,0.9,102,clmm,4,SUCCESS,1,6.7667,6.6833,,7,406,3.0327,1574,
P16,140,1.0,101,attraction,4,FAILURE,0,,,,,,73.5991,9730,status=FAILURE
P16,60,0.9,101,minorminer,4,SUCCESS,1,7.2167,6.9,,9,433,14.5745,1585,
P16,60,0.9,102,minorminer,3,SUCCESS,1,7.75,7.1667,,10,465,5.8279,1574,
P16,60,0.9,102,minorminer,4,SUCCESS,1,7.3,7.0,,10,438,6.4596,1574,
P16,60,0.9,102,mmfork-cuthill,3,SUCCESS,1,7.4,6.7333,,10,444,5.7983,1574,
P16,60,0.9,102,mmfork-cuthill,0,SUCCESS,1,7.4833,7.0833,,11,449,6.867,1574,
P16,60,0.9,102,minorminer,2,SUCCESS,1,7.5,7.0833,,11,450,7.5171,1574,
P16,180,1.0,101,minorminer,1,FAILURE,0,,,,,,71.3446,16110,status=FAILURE
P16,60,0.9,102,minorminer,0,SUCCESS,1,8.2,7.35,,12,492,8.4782,1574,
P16,60,0.9,102,mmfork-cuthill,2,SUCCESS,1,7.5333,7.0167,,10,452,8.2067,1574,
P16,60,0.9,101,mmfork-cuthill,1,SUCCESS,1,7.5167,7.0833,,10,451,17.8757,1585,
P16,60,0.9,102,mmfork-cuthill,4,SUCCESS,1,7.3167,6.9,,10,439,9.3459,1574,
P16,60,0.9,103,template,-1,SUCCESS,1,6.7333,6.7333,6.8,7,404,0.0133,1597,
P16,60,0.9,103,clique,-1,SUCCESS,1,6.8,6.7333,,7,408,0.0186,1597,
P16,60,0.9,103,clmm,0,SUCCESS,1,6.7333,6.7,,7,404,3.1621,1597,
P16,60,0.9,103,clmm,1,SUCCESS,1,6.75,6.6833,,7,405,3.1015,1597,
P16,60,0.9,103,minorminer,1,SUCCESS,1,7.55,7.0667,,11,453,6.1372,1597,
P16,60,0.9,103,pssa,0,SUCCESS,1,6.6333,6.6333,,7,398,0.3557,1597,
P16,60,0.9,101,minorminer,3,SUCCESS,1,7.95,7.3667,,11,477,20.2331,1585,
P16,60,0.9,103,pssa,1,SUCCESS,1,6.6333,6.6333,,7,398,0.3489,1597,
P16,60,0.9,103,pssa,2,SUCCESS,1,6.6333,6.6333,,7,398,0.3721,1597,
P16,60,0.9,103,pssa,3,SUCCESS,1,6.6333,6.6333,,7,398,0.3612,1597,
P16,60,0.9,103,pssa,4,SUCCESS,1,6.6333,6.6333,,7,398,0.3539,1597,
P16,60,0.9,101,mmfork-cuthill,4,SUCCESS,1,7.6667,7.05,,11,460,16.6074,1585,
P16,60,0.9,103,clmm,2,SUCCESS,1,6.7667,6.7333,,7,406,3.2007,1597,
P16,60,0.9,102,minorminer,1,SUCCESS,1,7.7667,7.2167,,11,466,11.7555,1574,
P16,60,0.9,103,clmm,4,SUCCESS,1,6.7167,6.6833,,7,403,3.3306,1597,
P16,60,0.9,103,clmm,3,SUCCESS,1,6.7167,6.6833,,7,403,3.5141,1597,
P16,60,0.9,103,mmfork-cuthill,1,SUCCESS,1,7.2667,6.9333,,11,436,7.1424,1597,
P16,60,0.9,103,mmfork-cuthill,3,SUCCESS,1,7.0667,6.7667,,10,424,6.5083,1597,
P16,60,0.9,101,mmfork-cuthill,3,SUCCESS,1,7.9833,7.25,,11,479,19.1678,1585,
P16,60,0.9,103,minorminer,0,SUCCESS,1,7.5667,7.05,,10,454,9.1715,1597,
P16,180,1.0,101,clmm,0,SUCCESS,1,16.6667,16.6444,,17,3000,60.1339,16110,
P16,180,1.0,101,minorminer,2,FAILURE,0,,,,,,71.9163,16110,status=FAILURE
P16,60,0.9,103,minorminer,2,SUCCESS,1,8.7667,8.0,,13,526,11.1065,1597,
P16,180,1.0,101,mmfork-cuthill,0,FAILURE,0,,,,,,69.7421,16110,status=FAILURE
P16,60,0.9,103,minorminer,3,SUCCESS,1,8.2667,7.6833,,12,496,12.622,1597,
P16,180,1.0,101,mmfork-cuthill,4,FAILURE,0,,,,,,67.8433,16110,status=FAILURE
P16,180,1.0,101,mmfork-cuthill,2,FAILURE,0,,,,,,70.243,16110,status=FAILURE
P16,80,0.9,101,template,-1,SUCCESS,1,8.175,8.175,8.825,9,654,0.0331,2858,
P16,80,0.9,101,clique,-1,SUCCESS,1,8.825,8.175,,9,706,0.0179,2858,
P16,180,1.0,101,minorminer,3,FAILURE,0,,,,,,72.7554,16110,status=FAILURE
P16,180,1.0,101,mmfork-cuthill,3,FAILURE,0,,,,,,69.7542,16110,status=FAILURE
P16,80,0.9,101,pssa,0,SUCCESS,1,8.3,8.3,,9,664,0.4487,2858,
P16,80,0.9,101,pssa,1,SUCCESS,1,8.3,8.3,,9,664,0.4293,2858,
P16,180,1.0,101,clmm,2,SUCCESS,1,16.6667,16.6444,,17,3000,62.6478,16110,
P16,80,0.9,101,pssa,2,SUCCESS,1,8.3,8.3,,9,664,0.4597,2858,
P16,180,1.0,101,mmfork-cuthill,1,FAILURE,0,,,,,,71.8619,16110,status=FAILURE
P16,80,0.9,101,pssa,3,SUCCESS,1,8.3,8.3,,9,664,0.4739,2858,
P16,80,0.9,101,pssa,4,SUCCESS,1,8.3,8.3,,9,664,0.4284,2858,
P16,180,1.0,101,minorminer,4,FAILURE,0,,,,,,72.9556,16110,status=FAILURE
P16,60,0.9,103,minorminer,4,SUCCESS,1,7.7167,7.05,,11,463,15.9736,1597,
P16,60,0.9,101,attraction,0,SUCCESS,1,8.0333,7.5333,,12,482,23.5105,1585,
P16,60,0.9,103,mmfork-cuthill,4,SUCCESS,1,7.7167,7.2,,11,463,16.149,1597,
P16,60,0.9,103,mmfork-cuthill,2,SUCCESS,1,7.3833,6.95,,10,443,17.6384,1597,
P16,60,0.9,101,attraction,4,SUCCESS,1,8.5333,7.85,,12,512,25.0672,1585,
P16,60,0.9,101,attraction,3,SUCCESS,1,8.3667,7.6833,,12,502,25.505,1585,
P16,80,0.9,101,clmm,0,SUCCESS,1,8.7125,8.6875,,9,697,10.8283,2858,
P16,80,0.9,101,clmm,2,SUCCESS,1,8.7375,8.7125,,9,699,9.7292,2858,
P16,80,0.9,101,mmfork-cuthill,4,SUCCESS,1,9.25,8.7625,,13,740,12.7193,2858,
P16,60,0.9,101,attraction,2,SUCCESS,1,8.2333,7.55,,12,494,27.5839,1585,
P16,80,0.9,101,clmm,1,SUCCESS,1,8.725,8.7,,9,698,11.4796,2858,
P16,80,0.9,101,clmm,4,SUCCESS,1,8.7,8.675,,9,696,10.1527,2858,
P16,80,0.9,101,clmm,3,SUCCESS,1,8.75,8.7125,,9,700,10.9701,2858,
P16,180,1.0,101,clmm,3,SUCCESS,1,16.6667,16.6444,,17,3000,66.8769,16110,
P16,180,1.0,101,clmm,1,SUCCESS,1,16.6667,16.6444,,17,3000,73.5732,16110,
P16,80,0.9,102,template,-1,SUCCESS,1,8.175,8.175,8.825,9,654,0.0315,2841,
P16,80,0.9,102,clique,-1,SUCCESS,1,8.825,8.175,,9,706,0.021,2841,
P16,60,0.9,103,mmfork-cuthill,0,SUCCESS,1,8.1833,7.5333,,11,491,24.5264,1597,
P16,80,0.9,102,pssa,0,SUCCESS,1,8.3,8.3,,9,664,0.4521,2841,
P16,60,0.9,102,attraction,2,SUCCESS,1,8.5,7.6,,13,510,26.0017,1574,
P16,80,0.9,102,pssa,1,SUCCESS,1,8.3,8.3,,9,664,0.4819,2841,
P16,80,0.9,102,pssa,2,SUCCESS,1,8.3,8.3,,9,664,0.4467,2841,
P16,80,0.9,102,pssa,3,SUCCESS,1,8.3,8.3,,9,664,0.4393,2841,
P16,80,0.9,101,mmfork-cuthill,0,SUCCESS,1,9.175,8.7875,,13,734,17.8062,2858,
P16,80,0.9,102,pssa,4,SUCCESS,1,8.3,8.3,,9,664,0.4549,2841,
P16,60,0.9,102,attraction,1,SUCCESS,1,8.35,7.6833,,12,501,27.9197,1574,
P16,80,0.9,102,minorminer,4,SUCCESS,1,8.7125,8.425,,15,697,7.8831,2841,
P16,60,0.9,101,attraction,1,SUCCESS,1,8.0667,7.4,,11,484,33.1106,1585,
P16,180,1.0,101,clmm,4,SUCCESS,1,16.6667,16.6444,,17,3000,64.147,16110,
P16,60,0.9,103,attraction,3,SUCCESS,1,8.5333,7.95,,12,512,24.5137,1597,
P16,80,0.9,102,clmm,0,SUCCESS,1,8.65,8.5875,,9,692,9.992,2841,
P16,80,0.9,101,minorminer,4,SUCCESS,1,11.525,10.4625,,17,922,24.6105,2858,
P16,80,0.9,101,minorminer,3,SUCCESS,1,10.625,9.7625,,16,850,24.9278,2858,
P16,80,0.9,102,clmm,2,SUCCESS,1,8.7125,8.675,,9,697,9.6779,2841,
P16,80,0.9,102,minorminer,3,SUCCESS,1,10.1875,9.25,,16,815,14.665,2841,
P16,80,0.9,102,clmm,1,SUCCESS,1,8.7125,8.7,,9,697,11.1518,2841,
P16,60,0.9,102,attraction,0,SUCCESS,1,8.5167,7.6,,11,511,34.9324,1574,
P16,80,0.9,102,clmm,4,SUCCESS,1,8.725,8.7,,9,698,10.6445,2841,
P16,80,0.9,102,clmm,3,SUCCESS,1,8.7375,8.7125,,9,699,11.0726,2841,
P16,80,0.9,102,minorminer,0,SUCCESS,1,11.175,10.2875,,17,894,19.6081,2841,
P16,80,0.9,101,mmfork-cuthill,2,SUCCESS,1,10.25,9.6,,15,820,26.6544,2858,
P16,60,0.9,102,attraction,4,SUCCESS,1,7.6167,7.15,,10,457,37.9478,1574,
P16,80,0.9,103,template,-1,SUCCESS,1,8.175,8.175,8.825,9,654,0.0317,2838,
P16,80,0.9,103,clique,-1,SUCCESS,1,8.825,8.175,,9,706,0.0192,2838,
P16,80,0.9,101,mmfork-cuthill,3,SUCCESS,1,10.15,9.35,,15,812,29.1344,2858,
P16,80,0.9,103,pssa,0,SUCCESS,1,8.2875,8.2875,,9,663,0.4611,2838,
P16,80,0.9,103,pssa,1,SUCCESS,1,8.2875,8.2875,,9,663,0.4679,2838,
P16,80,0.9,103,pssa,2,SUCCESS,1,8.2875,8.2875,,9,663,0.4608,2838,
P16,80,0.9,103,pssa,3,SUCCESS,1,8.2875,8.2875,,9,663,0.4652,2838,
P16,80,0.9,103,pssa,4,SUCCESS,1,8.2875,8.2875,,9,663,0.4584,2838,
P16,60,0.9,103,attraction,4,SUCCESS,1,8.3,7.65,,11,498,32.9584,1597,
P16,60,0.9,102,attraction,3,SUCCESS,1,7.75,7.1833,,11,465,40.201,1574,
P16,80,0.9,102,mmfork-cuthill,0,SUCCESS,1,9.625,9.175,,14,770,20.412,2841,
P16,60,0.9,103,attraction,2,SUCCESS,1,7.7,7.2,,10,462,35.48,1597,
P16,80,0.9,102,minorminer,1,SUCCESS,1,9.8125,8.95,,13,785,27.8683,2841,
P16,80,0.9,103,clmm,0,SUCCESS,1,8.725,8.6875,,9,698,10.3725,2838,
P16,80,0.9,101,minorminer,1,SUCCESS,1,10.9375,10.1125,,16,875,38.0001,2858,
P16,80,0.9,103,clmm,2,SUCCESS,1,8.7125,8.6,,9,697,10.0719,2838,
P16,80,0.9,103,clmm,3,SUCCESS,1,8.7375,8.6125,,9,699,9.9276,2838,
P16,80,0.9,103,clmm,1,SUCCESS,1,8.7125,8.675,,9,697,10.6321,2838,
P16,80,0.9,103,mmfork-cuthill,4,SUCCESS,1,9.8,9.0,,15,784,12.1977,2838,
P16,80,0.9,103,clmm,4,SUCCESS,1,8.6875,8.6625,,9,695,10.9512,2838,
P16,80,0.9,102,mmfork-cuthill,2,SUCCESS,1,10.425,9.7625,,15,834,26.1591,2841,
P16,80,0.9,102,mmfork-cuthill,4,SUCCESS,1,10.225,9.4875,,16,818,25.0706,2841,
P16,80,0.9,101,minorminer,2,SUCCESS,1,10.475,9.8875,,15,838,40.6804,2858,
P16,80,0.9,103,mmfork-cuthill,3,SUCCESS,1,9.5625,9.0,,14,765,14.6151,2838,
P16,80,0.9,102,mmfork-cuthill,1,SUCCESS,1,9.875,9.225,,14,790,27.6001,2841,
P16,80,0.9,102,mmfork-cuthill,3,SUCCESS,1,9.8125,9.125,,13,785,26.4006,2841,
P16,80,0.9,103,minorminer,0,SUCCESS,1,10.9125,9.9625,,16,873,22.0915,2838,
P16,100,0.9,101,template,-1,SUCCESS,1,9.78,9.78,9.82,10,978,0.0472,4484,
P16,100,0.9,101,clique,-1,SUCCESS,1,9.82,9.78,,10,982,0.0207,4484,
P16,60,0.9,103,attraction,1,SUCCESS,1,7.4667,7.0,,10,448,43.7755,1597,
P16,100,0.9,101,pssa,0,SUCCESS,1,9.98,9.98,,11,998,0.4883,4484,
P16,100,0.9,101,pssa,1,SUCCESS,1,9.98,9.98,,11,998,0.4824,4484,
P16,100,0.9,101,pssa,2,SUCCESS,1,9.98,9.98,,11,998,0.5154,4484,
P16,100,0.9,101,pssa,3,SUCCESS,1,9.98,9.98,,11,998,0.4959,4484,
P16,100,0.9,101,pssa,4,SUCCESS,1,9.98,9.98,,11,998,0.4938,4484,
P16,80,0.9,101,mmfork-cuthill,1,SUCCESS,1,10.7375,9.9375,,15,859,44.7253,2858,
P16,180,1.0,101,attraction,4,FAILURE,0,,,,,,78.2329,16110,status=FAILURE
P16,60,0.9,103,attraction,0,SUCCESS,1,7.65,7.15,,10,459,48.7965,1597,
P16,80,0.9,101,minorminer,0,SUCCESS,1,10.225,9.325,,14,818,48.4528,2858,
P16,180,1.0,101,attraction,3,FAILURE,0,,,,,,79.0101,16110,status=FAILURE
P16,80,0.9,103,minorminer,3,SUCCESS,1,11.125,10.075,,16,890,24.7815,2838,
P16,180,1.0,101,attraction,2,FAILURE,0,,,,,,79.4038,16110,status=FAILURE
P16,180,1.0,101,attraction,1,FAILURE,0,,,,,,79.7722,16110,status=FAILURE
P16,180,1.0,101,attraction,0,FAILURE,0,,,,,,80.0505,16110,status=FAILURE
P16,80,0.9,103,mmfork-cuthill,1,SUCCESS,1,11.1,9.925,,16,888,26.309,2838,
P16,80,0.9,103,mmfork-cuthill,0,SUCCESS,1,10.625,9.8375,,16,850,35.8985,2838,
P16,100,0.9,101,clmm,0,SUCCESS,1,9.79,9.77,,10,979,22.1096,4484,
P16,80,0.9,102,minorminer,2,SUCCESS,1,11.5,10.3,,17,920,51.4256,2841,
P16,100,0.9,101,clmm,3,SUCCESS,1,9.81,9.78,,10,981,22.8164,4484,
P16,80,0.9,103,minorminer,4,SUCCESS,1,9.4375,8.9125,,13,755,39.1431,2838,
P16,100,0.9,101,clmm,1,SUCCESS,1,9.79,9.77,,10,979,24.0692,4484,
P16,100,0.9,101,clmm,4,SUCCESS,1,9.81,9.78,,10,981,24.0445,4484,
P16,100,0.9,101,clmm,2,SUCCESS,1,9.79,9.78,,10,979,24.7349,4484,
P16,80,0.9,101,attraction,0,SUCCESS,1,11.125,9.9625,,16,890,60.308,2858,
P16,100,0.9,102,template,-1,SUCCESS,1,9.78,9.78,9.82,10,978,0.0447,4457,
P16,100,0.9,102,clique,-1,SUCCESS,1,9.82,9.78,,10,982,0.0215,4457,
P16,80,0.9,101,attraction,2,SUCCESS,1,11.45,10.5125,,18,916,60.6582,2858,
P16,100,0.9,101,minorminer,4,SUCCESS,1,11.23,10.39,,16,1123,30.8332,4484,
P16,80,0.9,101,attraction,4,SUCCESS,1,11.6,10.325,,17,928,60.5336,2858,
P16,100,0.9,102,pssa,0,SUCCESS,1,9.97,9.97,,11,997,0.5154,4457,
P16,80,0.9,101,attraction,1,SUCCESS,1,11.3,10.1875,,17,904,61.2802,2858,
P16,100,0.9,102,pssa,1,SUCCESS,1,9.97,9.97,,11,997,0.5301,4457,
P16,80,0.9,101,attraction,3,SUCCESS,1,10.7875,9.8125,,15,863,61.0278,2858,
P16,100,0.9,102,pssa,2,SUCCESS,1,9.97,9.97,,11,997,0.5221,4457,
P16,100,0.9,102,pssa,3,SUCCESS,1,9.97,9.97,,11,997,0.5108,4457,
P16,100,0.9,102,pssa,4,SUCCESS,1,9.97,9.97,,11,997,0.5234,4457,
P16,80,0.9,103,minorminer,2,SUCCESS,1,11.025,10.0125,,16,882,49.1144,2838,
P16,80,0.9,103,mmfork-cuthill,2,SUCCESS,1,10.5875,9.7875,,15,847,44.9515,2838,
P16,80,0.9,102,attraction,4,SUCCESS,1,11.525,10.35,,18,922,55.4719,2841,
P16,100,0.9,101,minorminer,3,SUCCESS,1,11.56,10.57,,17,1156,40.2877,4484,
P16,80,0.9,102,attraction,2,SUCCESS,1,10.6375,9.8,,15,851,60.0948,2841,
P16,80,0.9,102,attraction,0,SUCCESS,1,10.9375,10.075,,16,875,60.3172,2841,
P16,80,0.9,102,attraction,3,SUCCESS,1,10.775,9.825,,15,862,60.1035,2841,
P16,80,0.9,102,attraction,1,SUCCESS,1,10.75,9.8125,,16,860,60.5172,2841,
P16,80,0.9,103,minorminer,1,SUCCESS,1,10.7625,9.7875,,15,861,60.6309,2838,
P16,100,0.9,101,mmfork-cuthill,0,SUCCESS,1,13.55,12.33,,20,1355,44.6586,4484,
P16,100,0.9,102,clmm,1,SUCCESS,1,9.8,9.78,,10,980,21.0978,4457,
P16,100,0.9,102,clmm,2,SUCCESS,1,9.82,9.78,,10,982,20.8776,4457,
P16,80,0.9,103,attraction,0,SUCCESS,1,11.575,10.35,,18,926,55.7044,2838,
P16,100,0.9,102,clmm,0,SUCCESS,1,9.79,9.77,,10,979,24.5437,4457,
P16,100,0.9,102,clmm,3,SUCCESS,1,9.8,9.78,,10,980,23.8974,4457,
P16,100,0.9,103,template,-1,SUCCESS,1,9.78,9.78,9.82,10,978,0.0445,4466,
P16,100,0.9,103,clique,-1,SUCCESS,1,9.82,9.78,,10,982,0.0213,4466,
P16,100,0.9,103,pssa,0,SUCCESS,1,9.98,9.98,,11,998,0.4892,4466,
P16,100,0.9,102,clmm,4,SUCCESS,1,9.81,9.78,,10,981,24.7103,4457,
P16,100,0.9,103,pssa,1,SUCCESS,1,9.98,9.98,,11,998,0.5111,4466,
P16,100,0.9,103,pssa,2,SUCCESS,1,9.98,9.98,,11,998,0.5115,4466,
P16,100,0.9,103,pssa,3,SUCCESS,1,9.98,9.98,,11,998,0.488,4466,
P16,100,0.9,103,pssa,4,SUCCESS,1,9.98,9.98,,11,998,0.5023,4466,
P16,80,0.9,103,attraction,2,SUCCESS,1,10.5625,9.625,,16,845,60.5928,2838,
P16,80,0.9,103,attraction,1,SUCCESS,1,10.9,9.975,,15,872,61.083,2838,
P16,80,0.9,103,attraction,3,SUCCESS,1,11.2,9.95,,17,896,60.7216,2838,
P16,80,0.9,103,attraction,4,SUCCESS,1,11.15,10.2,,18,892,60.5936,2838,
P16,100,0.9,102,minorminer,1,SUCCESS,1,13.89,12.42,,21,1389,46.2345,4457,
P16,100,0.9,101,minorminer,0,SUCCESS,1,12.23,11.38,,19,1223,60.3463,4484,
P16,100,0.9,101,mmfork-cuthill,3,SUCCESS,1,11.95,11.17,,17,1195,58.0558,4484,
P16,100,0.9,101,minorminer,2,SUCCESS,1,14.5,12.88,,22,1450,60.7499,4484,
P16,100,0.9,101,minorminer,1,SUCCESS,1,13.6,12.24,,21,1360,61.4935,4484,
P16,100,0.9,101,mmfork-cuthill,1,SUCCESS,1,13.89,12.6,,20,1389,60.5729,4484,
P16,100,0.9,102,minorminer,2,SUCCESS,1,13.96,12.44,,20,1396,51.4436,4457,
P16,100,0.9,101,mmfork-cuthill,2,SUCCESS,1,13.73,12.29,,21,1373,61.421,4484,
P16,100,0.9,101,mmfork-cuthill,4,SUCCESS,1,13.55,12.46,,21,1355,60.689,4484,
P16,100,0.9,102,mmfork-cuthill,3,SUCCESS,1,12.94,11.64,,19,1294,40.4736,4457,
P16,100,0.9,101,attraction,0,SUCCESS,1,15.02,13.08,,25,1502,60.635,4484,
P16,100,0.9,101,attraction,1,SUCCESS,1,14.87,13.16,,26,1487,61.5108,4484,
P16,100,0.9,101,attraction,2,SUCCESS,1,15.75,13.85,,27,1575,60.9453,4484,
P16,100,0.9,103,clmm,2,SUCCESS,1,9.81,9.78,,10,981,22.8039,4466,
P16,100,0.9,101,attraction,4,SUCCESS,1,16.22,13.94,,28,1622,60.4328,4484,
P16,100,0.9,103,clmm,0,SUCCESS,1,9.81,9.78,,10,981,25.7995,4466,
P16,140,0.9,101,template,-1,SUCCESS,1,13.1643,13.1643,13.8286,14,1843,0.1535,8777,
P16,140,0.9,101,clique,-1,SUCCESS,1,13.8286,13.1643,,14,1936,0.0196,8777,
P16,100,0.9,103,clmm,1,SUCCESS,1,9.82,9.78,,10,982,23.2357,4466,
P16,100,0.9,102,minorminer,3,SUCCESS,1,12.37,11.41,,19,1237,60.2882,4457,
P16,100,0.9,101,attraction,3,SUCCESS,1,15.27,13.38,,25,1527,61.3623,4484,
P16,140,0.9,101,pssa,0,SUCCESS,1,13.3143,13.3143,,14,1864,0.6142,8777,
P16,140,0.9,101,pssa,1,SUCCESS,1,13.3143,13.3143,,14,1864,0.6205,8777,
P16,140,0.9,101,pssa,2,SUCCESS,1,13.3143,13.3143,,14,1864,0.6396,8777,
P16,100,0.9,103,minorminer,0,SUCCESS,1,13.06,11.87,,21,1306,39.9514,4466,
P16,100,0.9,102,minorminer,0,SUCCESS,1,12.67,11.6,,19,1267,61.5759,4457,
P16,100,0.9,102,minorminer,4,SUCCESS,1,14.0,12.67,,21,1400,60.5567,4457,
P16,140,0.9,101,pssa,3,SUCCESS,1,13.3143,13.3143,,14,1864,0.6446,8777,
P16,100,0.9,102,mmfork-cuthill,0,SUCCESS,1,12.3,11.46,,18,1230,60.478,4457,
P16,140,0.9,101,pssa,4,SUCCESS,1,13.3143,13.3143,,14,1864,0.6495,8777,
P16,100,0.9,103,clmm,4,SUCCESS,1,9.8,9.78,,10,980,21.818,4466,
P16,100,0.9,103,clmm,3,SUCCESS,1,9.81,9.79,,10,981,23.0174,4466,
P16,100,0.9,102,mmfork-cuthill,2,SUCCESS,1,12.78,11.89,,19,1278,50.7469,4457,
P16,100,0.9,102,mmfork-cuthill,1,SUCCESS,1,12.25,11.4,,17,1225,60.6721,4457,
P16,100,0.9,102,mmfork-cuthill,4,SUCCESS,1,13.65,12.56,,20,1365,61.8253,4457,
P16,100,0.9,103,minorminer,1,SUCCESS,1,13.28,12.02,,20,1328,58.2038,4466,
P16,100,0.9,102,attraction,0,SUCCESS,1,14.91,13.12,,24,1491,61.0192,4457,
P16,100,0.9,102,attraction,4,SUCCESS,1,15.37,13.38,,25,1537,60.9183,4457,
P16,100,0.9,102,attraction,3,SUCCESS,1,14.47,12.69,,24,1447,61.3524,4457,
P16,100,0.9,102,attraction,2,SUCCESS,1,14.41,12.94,,21,1441,62.0013,4457,
P16,100,0.9,102,attraction,1,SUCCESS,1,15.31,13.44,,23,1531,62.2731,4457,
P16,100,0.9,103,minorminer,2,SUCCESS,1,13.73,12.33,,21,1373,60.7652,4466,
P16,140,0.9,102,template,-1,SUCCESS,1,13.1643,13.1643,13.8286,14,1843,0.1508,8779,
P16,140,0.9,102,clique,-1,SUCCESS,1,13.8286,13.1643,,14,1936,0.023,8779,
P16,140,0.9,102,pssa,0,SUCCESS,1,13.3143,13.3143,,14,1864,0.622,8779,
P16,140,0.9,102,pssa,1,SUCCESS,1,13.3143,13.3143,,14,1864,0.6235,8779,
P16,140,0.9,102,pssa,2,SUCCESS,1,13.3143,13.3143,,14,1864,0.6207,8779,
P16,100,0.9,103,mmfork-cuthill,0,SUCCESS,1,12.71,11.69,,19,1271,55.7262,4466,
P16,140,0.9,102,pssa,3,SUCCESS,1,13.3143,13.3143,,14,1864,0.6232,8779,
P16,140,0.9,102,pssa,4,SUCCESS,1,13.3143,13.3143,,14,1864,0.6346,8779,
P16,100,0.9,103,minorminer,3,SUCCESS,1,13.28,11.96,,20,1328,61.2702,4466,
P16,100,0.9,103,minorminer,4,SUCCESS,1,14.32,12.82,,21,1432,60.9366,4466,
P16,100,0.9,103,mmfork-cuthill,1,SUCCESS,1,11.05,10.36,,14,1105,61.2583,4466,
P16,100,0.9,103,mmfork-cuthill,3,SUCCESS,1,13.54,12.41,,22,1354,60.9796,4466,
P16,100,0.9,103,mmfork-cuthill,2,SUCCESS,1,13.33,11.99,,22,1333,61.1913,4466,
P16,100,0.9,103,mmfork-cuthill,4,SUCCESS,1,12.23,11.47,,17,1223,62.0229,4466,
P16,100,0.9,103,attraction,1,SUCCESS,1,14.06,12.67,,22,1406,60.0609,4466,
P16,100,0.9,103,attraction,0,SUCCESS,1,14.78,12.87,,24,1478,61.0344,4466,
P16,100,0.9,103,attraction,3,SUCCESS,1,16.62,14.53,,28,1662,60.0735,4466,
P16,100,0.9,103,attraction,4,SUCCESS,1,14.59,13.01,,21,1459,60.2396,4466,
P16,100,0.9,103,attraction,2,SUCCESS,1,15.32,13.46,,25,1532,60.7685,4466,
P16,140,0.9,101,minorminer,0,SUCCESS,1,20.1357,18.2286,,37,2819,61.2841,8777,
P16,140,0.9,101,minorminer,2,SUCCESS,1,21.95,19.1929,,35,3073,60.5651,8777,
P16,140,0.9,101,minorminer,3,SUCCESS,1,19.8286,17.7929,,33,2776,60.8506,8777,
P16,140,0.9,101,minorminer,1,SUCCESS,1,19.3143,17.3786,,30,2704,63.6541,8777,
P16,140,0.9,101,minorminer,4,SUCCESS,1,16.6143,15.0857,,27,2326,62.8092,8777,
P16,140,0.9,101,mmfork-cuthill,3,SUCCESS,1,26.7429,22.4286,,43,3744,60.5879,8777,
P16,140,0.9,101,mmfork-cuthill,0,SUCCESS,1,19.6429,17.4143,,32,2750,63.1605,8777,
P16,140,0.9,101,mmfork-cuthill,1,SUCCESS,1,17.7714,16.25,,30,2488,62.9248,8777,
P16,140,0.9,103,template,-1,SUCCESS,1,13.1714,13.1714,13.8286,14,1844,0.1535,8777,
P16,140,0.9,103,clique,-1,SUCCESS,1,13.8286,13.1714,,14,1936,0.0206,8777,
P16,140,0.9,101,mmfork-cuthill,2,SUCCESS,1,24.0214,20.6143,,38,3363,61.8223,8777,
P16,140,0.9,101,mmfork-cuthill,4,SUCCESS,1,22.5286,19.3643,,35,3154,62.0295,8777,
P16,140,0.9,103,pssa,0,SUCCESS,1,13.3143,13.3143,,14,1864,0.6185,8777,
P16,140,0.9,103,pssa,1,SUCCESS,1,13.3143,13.3143,,14,1864,0.6253,8777,
P16,140,0.9,103,pssa,2,SUCCESS,1,13.3143,13.3143,,14,1864,0.629,8777,
P16,140,0.9,103,pssa,3,SUCCESS,1,13.3143,13.3143,,14,1864,0.6236,8777,
P16,140,0.9,103,pssa,4,SUCCESS,1,13.3143,13.3143,,14,1864,0.6264,8777,
P16,140,0.9,101,clmm,1,SUCCESS,1,13.7643,13.7357,,14,1927,63.2264,8777,
P16,140,0.9,101,clmm,0,SUCCESS,1,13.7571,13.7357,,14,1926,66.2708,8777,
P16,140,0.9,101,clmm,2,SUCCESS,1,13.7643,13.7643,,14,1927,63.3384,8777,
P16,140,0.9,102,minorminer,0,SUCCESS,1,20.8929,18.1143,,36,2925,60.0675,8779,
P16,140,0.9,101,clmm,4,SUCCESS,1,13.7429,13.7143,,14,1924,62.5062,8777,
P16,140,0.9,101,clmm,3,SUCCESS,1,13.75,13.7286,,14,1925,63.7729,8777,
P16,140,0.9,102,minorminer,4,SUCCESS,1,15.7214,14.5,,23,2201,61.053,8779,
P16,140,0.9,102,minorminer,2,SUCCESS,1,23.2571,20.1571,,37,3256,61.219,8779,
P16,140,0.9,102,minorminer,3,SUCCESS,1,22.2571,19.1714,,40,3116,62.1644,8779,
P16,140,0.9,102,mmfork-cuthill,0,SUCCESS,1,20.6714,18.2786,,35,2894,61.8537,8779,
P16,140,0.9,102,minorminer,1,SUCCESS,1,25.5643,21.6714,,41,3579,62.1425,8779,
P16,140,0.9,101,attraction,1,SUCCESS,1,25.0571,20.7643,,42,3508,62.846,8777,
P16,140,0.9,102,mmfork-cuthill,2,SUCCESS,1,21.1714,18.5286,,34,2964,60.3803,8779,
P16,140,0.9,102,mmfork-cuthill,1,SUCCESS,1,17.4143,16.05,,27,2438,63.4014,8779,
P16,140,0.9,101,attraction,2,FAILURE,0,,,,,,68.8955,8777,status=FAILURE
P16,140,0.9,101,attraction,3,FAILURE,0,,,,,,70.1107,8777,status=FAILURE
P16,140,0.9,101,attraction,0,FAILURE,0,,,,,,70.5013,8777,status=FAILURE
P16,140,0.9,101,attraction,4,FAILURE,0,,,,,,72.4709,8777,status=FAILURE
P16,180,0.9,101,template,-1,SUCCESS,1,16.6389,16.6389,16.6667,17,2995,0.2775,14519,
P16,180,0.9,101,clique,-1,SUCCESS,1,16.6667,16.6389,,17,3000,0.0224,14519,
P16,180,0.9,101,pssa,0,SUCCESS,1,16.6444,16.6444,,17,2996,0.5126,14519,
P16,180,0.9,101,pssa,1,SUCCESS,1,16.6444,16.6444,,17,2996,0.5124,14519,
P16,180,0.9,101,pssa,2,SUCCESS,1,16.6444,16.6444,,17,2996,0.5096,14519,
P16,180,0.9,101,pssa,3,SUCCESS,1,16.6444,16.6444,,17,2996,0.5174,14519,
P16,180,0.9,101,pssa,4,SUCCESS,1,16.6444,16.6444,,17,2996,0.5116,14519,
P16,140,0.9,102,mmfork-cuthill,3,SUCCESS,1,17.4,16.0071,,26,2436,62.4567,8779,
P16,140,0.9,102,mmfork-cuthill,4,SUCCESS,1,20.8214,18.1857,,33,2915,63.4622,8779,
P16,140,0.9,102,clmm,0,SUCCESS,1,13.7857,13.75,,14,1930,62.6799,8779,
P16,140,0.9,102,clmm,2,SUCCESS,1,13.7857,13.75,,14,1930,62.9475,8779,
P16,140,0.9,102,clmm,1,SUCCESS,1,13.7786,13.7643,,14,1929,65.1599,8779,
P16,140,0.9,102,clmm,3,SUCCESS,1,13.7714,13.7571,,14,1928,64.6076,8779,
P16,140,0.9,102,clmm,4,SUCCESS,1,13.7786,13.7643,,14,1929,66.1734,8779,
P16,140,0.9,103,minorminer,0,SUCCESS,1,18.6143,16.7071,,31,2606,62.3483,8777,
P16,140,0.9,103,minorminer,1,SUCCESS,1,21.9786,19.05,,35,3077,62.5591,8777,
P16,140,0.9,103,minorminer,2,SUCCESS,1,20.2714,17.7429,,39,2838,60.6244,8777,
P16,140,0.9,102,attraction,1,FAILURE,0,,,,,,71.8948,8779,status=FAILURE
P16,140,0.9,102,attraction,0,FAILURE,0,,,,,,73.5774,8779,status=FAILURE
P16,140,0.9,102,attraction,2,FAILURE,0,,,,,,73.7561,8779,status=FAILURE
P16,140,0.9,102,attraction,3,FAILURE,0,,,,,,74.4998,8779,status=FAILURE
P16,140,0.9,102,attraction,4,FAILURE,0,,,,,,73.6328,8779,status=FAILURE
P16,140,0.9,103,minorminer,4,SUCCESS,1,17.4357,15.8071,,26,2441,61.4035,8777,
P16,140,0.9,103,mmfork-cuthill,2,SUCCESS,1,15.95,14.6714,,26,2233,60.1302,8777,
P16,140,0.9,103,minorminer,3,SUCCESS,1,24.6214,21.1286,,42,3447,61.5389,8777,
P16,140,0.9,103,mmfork-cuthill,1,SUCCESS,1,19.4929,17.6857,,35,2729,61.8329,8777,
P16,140,0.9,103,mmfork-cuthill,0,SUCCESS,1,22.5214,19.5071,,34,3153,61.693,8777,
P16,180,0.9,102,template,-1,SUCCESS,1,16.6444,16.6444,16.6667,17,2996,0.2772,14512,
P16,180,0.9,102,clique,-1,SUCCESS,1,16.6667,16.6444,,17,3000,0.0213,14512,
P16,180,0.9,102,pssa,0,SUCCESS,1,16.6444,16.6444,,17,2996,0.5083,14512,
P16,140,0.9,103,mmfork-cuthill,3,SUCCESS,1,15.35,14.1929,,21,2149,62.4562,8777,
P16,180,0.9,102,pssa,1,SUCCESS,1,16.6444,16.6444,,17,2996,0.514,14512,
P16,180,0.9,102,pssa,2,SUCCESS,1,16.6444,16.6444,,17,2996,0.5213,14512,
P16,180,0.9,102,pssa,3,SUCCESS,1,16.6444,16.6444,,17,2996,0.5178,14512,
P16,140,0.9,103,clmm,0,SUCCESS,1,13.75,13.7214,,14,1925,60.5562,8777,
P16,180,0.9,102,pssa,4,SUCCESS,1,16.6444,16.6444,,17,2996,0.5273,14512,
P16,140,0.9,103,mmfork-cuthill,4,SUCCESS,1,21.6571,18.7571,,36,3032,63.2854,8777,
P16,140,0.9,103,clmm,1,SUCCESS,1,13.7643,13.7429,,14,1927,64.379,8777,
P16,140,0.9,103,clmm,4,SUCCESS,1,13.7929,13.7714,,14,1931,61.3809,8777,
P16,140,0.9,103,clmm,2,SUCCESS,1,13.7429,13.7286,,14,1924,63.5573,8777,
P16,140,0.9,103,clmm,3,SUCCESS,1,13.7571,13.7429,,14,1926,63.1753,8777,
P16,140,0.9,103,attraction,2,FAILURE,0,,,,,,69.4847,8777,status=FAILURE
P16,140,0.9,103,attraction,1,FAILURE,0,,,,,,69.959,8777,status=FAILURE
P16,140,0.9,103,attraction,0,FAILURE,0,,,,,,70.6261,8777,status=FAILURE
P16,180,0.9,101,minorminer,0,FAILURE,0,,,,,,66.7737,14519,status=FAILURE
P16,140,0.9,103,attraction,3,FAILURE,0,,,,,,70.8429,8777,status=FAILURE
P16,180,0.9,101,minorminer,1,FAILURE,0,,,,,,68.6581,14519,status=FAILURE
P16,140,0.9,103,attraction,4,FAILURE,0,,,,,,71.0711,8777,status=FAILURE
P16,180,0.9,101,minorminer,2,FAILURE,0,,,,,,69.249,14519,status=FAILURE
P16,180,0.9,101,minorminer,4,FAILURE,0,,,,,,68.8598,14519,status=FAILURE
P16,180,0.9,101,minorminer,3,FAILURE,0,,,,,,69.3324,14519,status=FAILURE
P16,180,0.9,101,mmfork-cuthill,4,FAILURE,0,,,,,,67.6348,14519,status=FAILURE
P16,180,0.9,101,mmfork-cuthill,3,FAILURE,0,,,,,,68.3759,14519,status=FAILURE
P16,180,0.9,101,clmm,0,SUCCESS,1,16.6667,16.6389,,17,3000,68.2118,14519,
P16,180,0.9,101,clmm,4,SUCCESS,1,16.6667,16.6389,,17,3000,62.3805,14519,
P16,180,0.9,103,template,-1,SUCCESS,1,16.6444,16.6444,16.6667,17,2996,0.2801,14561,
P16,180,0.9,103,clique,-1,SUCCESS,1,16.6667,16.6444,,17,3000,0.0216,14561,
P16,180,0.9,101,mmfork-cuthill,1,FAILURE,0,,,,,,70.0931,14519,status=FAILURE
P16,180,0.9,103,pssa,0,SUCCESS,1,16.6444,16.6444,,17,2996,0.5147,14561,
P16,180,0.9,103,pssa,1,SUCCESS,1,16.6444,16.6444,,17,2996,0.5189,14561,
P16,180,0.9,101,mmfork-cuthill,0,FAILURE,0,,,,,,71.5621,14519,status=FAILURE
P16,180,0.9,103,pssa,2,SUCCESS,1,16.6444,16.6444,,17,2996,0.504,14561,
P16,180,0.9,101,clmm,2,SUCCESS,1,16.6667,16.6389,,17,3000,65.2459,14519,
P16,180,0.9,103,pssa,3,SUCCESS,1,16.6444,16.6444,,17,2996,0.5174,14561,
P16,180,0.9,103,pssa,4,SUCCESS,1,16.6444,16.6444,,17,2996,0.517,14561,
P16,180,0.9,101,mmfork-cuthill,2,FAILURE,0,,,,,,71.8831,14519,status=FAILURE
P16,40,0.7,101,minorminer,0,SUCCESS,1,5.225,4.95,,7,209,2.164,530,
P16,180,0.9,101,clmm,1,SUCCESS,1,16.6667,16.6389,,17,3000,71.2396,14519,
P16,180,0.9,101,clmm,3,SUCCESS,1,16.6667,16.6389,,17,3000,68.4977,14519,
P16,40,0.7,101,minorminer,1,SUCCESS,1,5.225,5.025,,7,209,2.2861,530,
P16,40,0.7,101,minorminer,2,SUCCESS,1,4.9,4.75,,7,196,2.3667,530,
P16,40,0.7,101,minorminer,3,SUCCESS,1,5.2,4.85,,8,208,2.5775,530,
P16,40,0.7,101,minorminer,4,SUCCESS,1,5.0,4.75,,7,200,2.4986,530,
P16,40,0.7,101,mmfork-cuthill,0,SUCCESS,1,5.075,4.95,,6,203,4.1296,530,
P16,40,0.7,101,mmfork-cuthill,2,SUCCESS,1,4.85,4.65,,6,194,3.1437,530,
P16,40,0.7,101,mmfork-cuthill,3,SUCCESS,1,5.175,4.85,,7,207,2.0281,530,
P16,40,0.7,101,clmm,0,SUCCESS,1,4.8,4.7,,5,192,0.554,530,
P16,40,0.7,101,mmfork-cuthill,1,SUCCESS,1,4.8,4.7,,6,192,5.9913,530,
P16,40,0.7,101,clmm,1,SUCCESS,1,4.725,4.675,,5,189,0.612,530,
P16,40,0.7,101,clmm,2,SUCCESS,1,4.725,4.625,,5,189,0.5434,530,
P16,40,0.7,101,clmm,3,SUCCESS,1,4.75,4.675,,5,190,0.5273,530,
P16,40,0.7,101,template,-1,SUCCESS,1,4.7,4.7,4.8,5,188,0.0054,530,
P16,40,0.7,101,clique,-1,SUCCESS,1,4.8,4.7,,5,192,0.0217,530,
P16,40,0.7,101,pssa,0,SUCCESS,1,4.925,4.925,,6,197,0.2965,530,
P16,40,0.7,101,clmm,4,SUCCESS,1,4.725,4.625,,5,189,0.5337,530,
P16,40,0.7,101,pssa,1,SUCCESS,1,4.925,4.925,,6,197,0.299,530,
P16,40,0.7,101,pssa,2,SUCCESS,1,4.925,4.925,,6,197,0.2989,530,
P16,40,0.7,101,pssa,3,SUCCESS,1,4.925,4.925,,6,197,0.2994,530,
P16,40,0.7,101,pssa,4,SUCCESS,1,4.925,4.925,,6,197,0.2963,530,
P16,40,0.7,101,mmfork-cuthill,4,SUCCESS,1,5.1,4.85,,7,204,3.5248,530,
P16,180,0.9,101,attraction,0,FAILURE,0,,,,,,76.3599,14519,status=FAILURE
P16,180,0.9,101,attraction,1,FAILURE,0,,,,,,76.0216,14519,status=FAILURE
P16,180,0.9,102,minorminer,1,FAILURE,0,,,,,,68.9016,14512,status=FAILURE
P16,180,0.9,102,minorminer,2,FAILURE,0,,,,,,67.9672,14512,status=FAILURE
P16,180,0.9,102,minorminer,0,FAILURE,0,,,,,,70.6072,14512,status=FAILURE
P16,40,0.7,101,attraction,2,SUCCESS,1,5.025,4.85,,7,201,8.784,530,
P16,40,0.7,102,minorminer,0,SUCCESS,1,5.025,4.85,,7,201,2.8135,525,
P16,180,0.9,101,attraction,2,FAILURE,0,,,,,,75.4607,14519,status=FAILURE
P16,40,0.7,102,minorminer,2,SUCCESS,1,4.85,4.75,,7,194,2.1425,525,
P16,180,0.9,101,attraction,3,FAILURE,0,,,,,,75.3439,14519,status=FAILURE
P16,40,0.7,102,minorminer,1,SUCCESS,1,5.2,5.025,,7,208,2.7827,525,
P16,40,0.7,101,attraction,1,SUCCESS,1,5.15,5.0,,7,206,9.7431,530,
P16,40,0.7,102,minorminer,4,SUCCESS,1,5.275,4.925,,7,211,1.682,525,
P16,40,0.7,101,attraction,0,SUCCESS,1,5.0,4.825,,6,200,11.0439,530,
P16,40,0.7,102,minorminer,3,SUCCESS,1,4.975,4.825,,7,199,2.2368,525,
P16,40,0.7,102,clmm,0,SUCCESS,1,4.75,4.625,,5,190,0.5004,525,
P16,40,0.7,102,mmfork-cuthill,2,SUCCESS,1,4.85,4.7,,6,194,1.8369,525,
P16,40,0.7,102,mmfork-cuthill,0,SUCCESS,1,5.0,4.825,,7,200,2.004,525,
P16,40,0.7,102,template,-1,SUCCESS,1,4.65,4.65,4.8,5,186,0.0042,525,
P16,40,0.7,102,clique,-1,SUCCESS,1,4.8,4.65,,5,192,0.0205,525,
P16,40,0.7,101,attraction,4,SUCCESS,1,5.35,5.1,,8,214,6.9217,530,
P16,40,0.7,102,clmm,1,SUCCESS,1,4.75,4.675,,5,190,0.4896,525,
P16,40,0.7,102,clmm,3,SUCCESS,1,4.725,4.675,,5,189,0.5342,525,
P16,40,0.7,102,clmm,2,SUCCESS,1,4.675,4.6,,5,187,0.5951,525,
P16,40,0.7,102,pssa,0,SUCCESS,1,4.875,4.875,,6,195,0.276,525,
P16,40,0.7,102,pssa,1,SUCCESS,1,4.875,4.875,,6,195,0.285,525,
P16,40,0.7,102,pssa,2,SUCCESS,1,4.875,4.875,,6,195,0.273,525,
P16,40,0.7,102,pssa,3,SUCCESS,1,4.875,4.875,,6,195,0.2728,525,
P16,40,0.7,102,pssa,4,SUCCESS,1,4.875,4.875,,6,195,0.2942,525,
P16,40,0.7,102,clmm,4,SUCCESS,1,4.775,4.675,,5,191,0.6032,525,
P16,40,0.7,102,mmfork-cuthill,4,SUCCESS,1,5.025,4.85,,7,201,2.296,525,
P16,180,0.9,101,attraction,4,FAILURE,0,,,,,,77.3739,14519,status=FAILURE
P16,40,0.7,102,mmfork-cuthill,1,SUCCESS,1,5.025,4.8,,7,201,3.4532,525,
P16,40,0.7,103,minorminer,1,SUCCESS,1,4.925,4.725,,7,197,1.6719,531,
P16,180,0.9,102,minorminer,3,FAILURE,0,,,,,,69.6936,14512,status=FAILURE
P16,40,0.7,102,mmfork-cuthill,3,SUCCESS,1,5.0,4.75,,6,200,4.7426,525,
P16,40,0.7,101,attraction,3,SUCCESS,1,4.8,4.7,,6,192,10.5276,530,
P16,180,0.9,102,minorminer,4,FAILURE,0,,,,,,69.4698,14512,status=FAILURE
P16,40,0.7,103,minorminer,2,SUCCESS,1,5.075,4.9,,7,203,2.4153,531,
P16,40,0.7,103,minorminer,0,SUCCESS,1,4.75,4.725,,6,190,3.3229,531,
P16,40,0.7,103,minorminer,3,SUCCESS,1,5.325,5.075,,7,213,2.47,531,
P16,40,0.7,103,clmm,0,SUCCESS,1,4.725,4.675,,5,189,0.5075,531,
P16,40,0.7,103,clmm,1,SUCCESS,1,4.7,4.65,,5,188,0.5278,531,
P16,40,0.7,103,mmfork-cuthill,4,SUCCESS,1,5.175,5.025,,8,207,1.5275,531,
P16,40,0.7,103,clmm,2,SUCCESS,1,4.75,4.65,,5,190,0.594,531,
P16,40,0.7,103,clmm,3,SUCCESS,1,4.725,4.525,,5,189,0.4919,531,
P16,40,0.7,103,template,-1,SUCCESS,1,4.65,4.65,4.8,5,186,0.004,531,
P16,40,0.7,103,clique,-1,SUCCESS,1,4.8,4.65,,5,192,0.022,531,
P16,40,0.7,103,minorminer,4,SUCCESS,1,5.225,5.0,,7,209,2.9317,531,
P16,40,0.7,103,pssa,0,SUCCESS,1,4.9,4.9,,6,196,0.2957,531,
P16,40,0.7,103,pssa,1,SUCCESS,1,4.9,4.9,,6,196,0.2815,531,
P16,40,0.7,103,clmm,4,SUCCESS,1,4.625,4.6,,5,185,0.5534,531,
P16,40,0.7,103,mmfork-cuthill,3,SUCCESS,1,5.0,4.75,,7,200,2.2463,531,
P16,40,0.7,103,pssa,2,SUCCESS,1,4.9,4.9,,6,196,0.302,531,
P16,40,0.7,103,mmfork-cuthill,2,SUCCESS,1,5.05,4.925,,7,202,2.4084,531,
P16,40,0.7,103,mmfork-cuthill,0,SUCCESS,1,5.0,4.8,,7,200,2.7909,531,
P16,40,0.7,103,pssa,3,SUCCESS,1,4.9,4.9,,6,196,0.2927,531,
P16,40,0.7,103,pssa,4,SUCCESS,1,4.9,4.9,,6,196,0.2884,531,
P16,180,0.9,102,mmfork-cuthill,0,FAILURE,0,,,,,,71.1422,14512,status=FAILURE
P16,40,0.7,103,mmfork-cuthill,1,SUCCESS,1,5.025,4.925,,7,201,2.7805,531,
P16,180,0.9,102,mmfork-cuthill,1,FAILURE,0,,,,,,69.1125,14512,status=FAILURE
P16,40,0.7,102,attraction,0,SUCCESS,1,5.05,4.9,,8,202,6.3433,525,
P16,40,0.7,102,attraction,3,SUCCESS,1,5.2,5.075,,7,208,6.6071,525,
P16,40,0.7,102,attraction,2,SUCCESS,1,5.125,4.825,,7,205,6.8385,525,
P16,180,0.9,102,clmm,1,SUCCESS,1,16.6611,16.6444,,17,2999,63.8881,14512,
P16,180,0.9,102,clmm,0,SUCCESS,1,16.6667,16.6444,,17,3000,64.9607,14512,
P16,40,0.7,102,attraction,1,SUCCESS,1,4.825,4.725,,7,193,9.4327,525,
P16,180,0.9,102,mmfork-cuthill,3,FAILURE,0,,,,,,69.2338,14512,status=FAILURE
P16,180,0.9,102,clmm,3,SUCCESS,1,16.6667,16.6444,,17,3000,65.5887,14512,
P16,40,0.7,102,attraction,4,SUCCESS,1,4.975,4.825,,7,199,9.9326,525,
P16,60,0.7,101,clmm,1,SUCCESS,1,6.75,6.7,,7,405,2.2965,1192,
P16,60,0.7,101,clmm,0,SUCCESS,1,6.7,6.6667,,7,402,2.366,1192,
P16,60,0.7,101,template,-1,SUCCESS,1,6.6667,6.6667,6.8,7,400,0.0109,1192,
P16,60,0.7,101,clique,-1,SUCCESS,1,6.8,6.6667,,7,408,0.0225,1192,
P16,60,0.7,101,clmm,2,SUCCESS,1,6.6667,6.65,,7,400,2.2135,1192,
P16,60,0.7,101,mmfork-cuthill,2,SUCCESS,1,7.7833,7.3333,,11,467,5.2302,1192,
P16,60,0.7,101,pssa,0,SUCCESS,1,6.6,6.6,,7,396,0.3814,1192,
P16,60,0.7,101,pssa,1,SUCCESS,1,6.6,6.6,,7,396,0.3558,1192,
P16,60,0.7,101,clmm,3,SUCCESS,1,6.65,6.6167,,7,399,2.2759,1192,
P16,60,0.7,101,pssa,2,SUCCESS,1,6.6,6.6,,7,396,0.3568,1192,
P16,40,0.7,103,attraction,0,SUCCESS,1,5.5,5.35,,8,220,7.6517,531,
P16,60,0.7,101,pssa,3,SUCCESS,1,6.6,6.6,,7,396,0.3922,1192,
P16,60,0.7,101,pssa,4,SUCCESS,1,6.6,6.6,,7,396,0.3619,1192,
P16,40,0.7,103,attraction,1,SUCCESS,1,4.95,4.875,,7,198,8.0855,531,
P16,60,0.7,101,mmfork-cuthill,1,SUCCESS,1,7.6,7.15,,10,456,6.9855,1192,
P16,60,0.7,101,clmm,4,SUCCESS,1,6.6833,6.6333,,7,401,2.1711,1192,
P16,180,0.9,102,mmfork-cuthill,4,FAILURE,0,,,,,,71.2354,14512,status=FAILURE
P16,60,0.7,101,minorminer,4,SUCCESS,1,7.4833,7.0,,10,449,8.1983,1192,
P16,40,0.7,103,attraction,2,SUCCESS,1,4.925,4.85,,7,197,8.9576,531,
P16,180,0.9,102,clmm,2,SUCCESS,1,16.6667,16.6444,,17,3000,70.1566,14512,
P16,40,0.7,103,attraction,4,SUCCESS,1,5.275,5.125,,7,211,9.0797,531,
P16,180,0.9,102,mmfork-cuthill,2,FAILURE,0,,,,,,77.0135,14512,status=FAILURE
P16,60,0.7,101,minorminer,3,SUCCESS,1,7.9667,7.3667,,11,478,10.1671,1192,
P16,40,0.7,103,attraction,3,SUCCESS,1,5.1,4.9,,7,204,10.4328,531,
P16,60,0.7,101,minorminer,2,SUCCESS,1,7.2833,6.95,,10,437,10.5653,1192,
P16,60,0.7,101,minorminer,0,SUCCESS,1,7.9167,7.4333,,11,475,10.6322,1192,
P16,60,0.7,101,minorminer,1,SUCCESS,1,7.8,7.2833,,10,468,11.0003,1192,
P16,60,0.7,101,mmfork-cuthill,3,SUCCESS,1,7.6833,7.2667,,11,461,8.9209,1192,
P16,180,0.9,102,clmm,4,SUCCESS,1,16.6611,16.6444,,17,2999,71.1995,14512,
P16,60,0.7,102,template,-1,SUCCESS,1,6.6833,6.6833,6.8,7,401,0.0101,1201,
P16,60,0.7,102,clique,-1,SUCCESS,1,6.8,6.6833,,7,408,0.0203,1201,
P16,60,0.7,102,pssa,0,SUCCESS,1,6.5833,6.5833,,7,395,0.3808,1201,
P16,60,0.7,102,pssa,1,SUCCESS,1,6.5833,6.5833,,7,395,0.3771,1201,
P16,60,0.7,102,clmm,0,SUCCESS,1,6.7333,6.6833,,7,404,2.3892,1201,
P16,60,0.7,102,minorminer,1,SUCCESS,1,8.25,7.5667,,13,495,4.3864,1201,
P16,60,0.7,101,mmfork-cuthill,4,SUCCESS,1,7.0667,6.8,,10,424,9.5167,1192,
P16,60,0.7,102,clmm,1,SUCCESS,1,6.7333,6.7,,7,404,2.3995,1201,
P16,60,0.7,102,pssa,2,SUCCESS,1,6.5833,6.5833,,7,395,0.3926,1201,
P16,60,0.7,102,clmm,2,SUCCESS,1,6.7333,6.7,,7,404,2.473,1201,
P16,60,0.7,102,pssa,3,SUCCESS,1,6.5833,6.5833,,7,395,0.3579,1201,
P16,60,0.7,102,pssa,4,SUCCESS,1,6.5833,6.5833,,7,395,0.363,1201,
P16,60,0.7,102,clmm,3,SUCCESS,1,6.7333,6.7,,7,404,2.5639,1201,
P16,60,0.7,102,clmm,4,SUCCESS,1,6.75,6.7,,7,405,2.5249,1201,
P16,60,0.7,102,mmfork-cuthill,0,SUCCESS,1,7.7167,7.2833,,12,463,5.5891,1201,
P16,60,0.7,102,minorminer,0,SUCCESS,1,8.2,7.6333,,11,492,8.379,1201,
P16,60,0.7,102,minorminer,4,SUCCESS,1,8.0,7.3667,,12,480,7.5239,1201,
P16,60,0.7,102,minorminer,2,SUCCESS,1,7.75,7.3167,,11,465,8.3332,1201,
P16,60,0.7,101,mmfork-cuthill,0,SUCCESS,1,7.3,7.0667,,10,438,16.0528,1192,
P16,60,0.7,102,minorminer,3,SUCCESS,1,7.8833,7.3833,,11,473,9.086,1201,
P16,60,0.7,102,mmfork-cuthill,1,SUCCESS,1,7.2,6.8667,,10,432,8.9997,1201,
P16,180,0.9,102,attraction,2,FAILURE,0,,,,,,74.3377,14512,status=FAILURE
P16,180,0.9,103,minorminer,0,FAILURE,0,,,,,,71.0195,14561,status=FAILURE
P16,60,0.7,102,mmfork-cuthill,3,SUCCESS,1,7.1833,7.0,,10,431,9.6619,1201,
P16,180,0.9,103,minorminer,1,FAILURE,0,,,,,,70.1292,14561,status=FAILURE
P16,60,0.7,102,mmfork-cuthill,2,SUCCESS,1,6.95,6.6667,,10,417,10.6117,1201,
P16,180,0.9,102,attraction,1,FAILURE,0,,,,,,76.1528,14512,status=FAILURE
P16,180,0.9,103,minorminer,2,FAILURE,0,,,,,,70.5818,14561,status=FAILURE
P16,60,0.7,103,template,-1,SUCCESS,1,6.65,6.65,6.8,7,399,0.0109,1230,
P16,60,0.7,103,clique,-1,SUCCESS,1,6.8,6.65,,7,408,0.0187,1230,
P16,60,0.7,103,pssa,0,SUCCESS,1,6.5833,6.5833,,7,395,0.3475,1230,
P16,60,0.7,103,pssa,1,SUCCESS,1,6.5833,6.5833,,7,395,0.3439,1230,
P16,60,0.7,103,pssa,2,SUCCESS,1,6.5833,6.5833,,7,395,0.3688,1230,
P16,60,0.7,103,pssa,3,SUCCESS,1,6.5833,6.5833,,7,395,0.3591,1230,
P16,60,0.7,103,clmm,0,SUCCESS,1,6.7333,6.6667,,7,404,2.3893,1230,
P16,60,0.7,103,pssa,4,SUCCESS,1,6.5833,6.5833,,7,395,0.3504,1230,
P16,180,0.9,102,attraction,3,FAILURE,0,,,,,,76.5334,14512,status=FAILURE
P16,180,0.9,102,attraction,0,FAILURE,0,,,,,,77.6985,14512,status=FAILURE
P16,60,0.7,103,clmm,1,SUCCESS,1,6.7333,6.6833,,7,404,2.444,1230,
P16,60,0.7,103,minorminer,2,SUCCESS,1,7.95,7.6,,11,477,7.5945,1230,
P16,60,0.7,103,clmm,3,SUCCESS,1,6.7333,6.7,,7,404,2.4193,1230,
P16,60,0.7,103,clmm,2,SUCCESS,1,6.75,6.7,,7,405,2.6039,1230,
P16,60,0.7,103,clmm,4,SUCCESS,1,6.7167,6.6667,,7,403,2.4881,1230,
P16,180,0.9,102,attraction,4,FAILURE,0,,,,,,75.6882,14512,status=FAILURE
P16,60,0.7,101,attraction,3,SUCCESS,1,8.5167,8.5167,,13,511,16.5993,1192,
P16,60,0.7,103,mmfork-cuthill,2,SUCCESS,1,7.45,7.05,,11,447,7.3486,1230,
P16,60,0.7,103,minorminer,0,SUCCESS,1,8.1,7.65,,12,486,11.6083,1230,
P16,180,0.9,103,minorminer,4,FAILURE,0,,,,,,67.2091,14561,status=FAILURE
P16,60,0.7,103,mmfork-cuthill,1,SUCCESS,1,7.3,6.85,,10,438,9.4569,1230,
P16,60,0.7,103,minorminer,4,SUCCESS,1,7.6333,7.0833,,11,458,10.2421,1230,
P16,180,0.9,103,clmm,2,SUCCESS,1,16.6667,16.6444,,17,3000,61.6728,14561,
P16,180,0.9,103,clmm,1,SUCCESS,1,16.6667,16.6444,,17,3000,62.2086,14561,
P16,60,0.7,103,mmfork-cuthill,0,SUCCESS,1,7.3333,6.9333,,10,440,11.8022,1230,
P16,60,0.7,103,minorminer,1,SUCCESS,1,7.8833,7.3333,,12,473,14.7664,1230,
P16,80,0.7,101,template,-1,SUCCESS,1,8.125,8.125,8.825,9,650,0.0275,2164,
P16,80,0.7,101,clique,-1,SUCCESS,1,8.825,8.125,,9,706,0.0204,2164,
P16,60,0.7,102,mmfork-cuthill,4,SUCCESS,1,7.3,7.0,,10,438,18.6222,1201,
P16,80,0.7,101,pssa,0,SUCCESS,1,8.2625,8.2625,,9,661,0.4418,2164,
P16,60,0.7,101,attraction,1,SUCCESS,1,7.7667,7.3333,,11,466,21.7572,1192,
P16,60,0.7,103,mmfork-cuthill,4,SUCCESS,1,7.4167,7.0667,,10,445,11.0973,1230,
P16,180,0.9,103,mmfork-cuthill,0,FAILURE,0,,,,,,70.4791,14561,status=FAILURE
P16,180,0.9,103,minorminer,3,FAILURE,0,,,,,,71.0269,14561,status=FAILURE
P16,80,0.7,101,pssa,1,SUCCESS,1,8.2625,8.2625,,9,661,0.4725,2164,
P16,80,0.7,101,pssa,3,SUCCESS,1,8.2625,8.2625,,9,661,0.4262,2164,
P16,80,0.7,101,pssa,2,SUCCESS,1,8.2625,8.2625,,9,661,0.4431,2164,
P16,60,0.7,101,attraction,2,SUCCESS,1,8.2333,7.6333,,12,494,22.0906,1192,
P16,80,0.7,101,pssa,4,SUCCESS,1,8.2625,8.2625,,9,661,0.4542,2164,
P16,60,0.7,103,minorminer,3,SUCCESS,1,7.25,6.7167,,10,435,15.8075,1230,
P16,60,0.7,101,attraction,4,SUCCESS,1,7.75,7.2333,,11,465,23.085,1192,
P16,180,0.9,103,mmfork-cuthill,1,FAILURE,0,,,,,,70.6513,14561,status=FAILURE
P16,60,0.7,103,mmfork-cuthill,3,SUCCESS,1,7.7833,7.5,,11,467,13.1418,1230,
P16,180,0.9,103,mmfork-cuthill,4,FAILURE,0,,,,,,67.8248,14561,status=FAILURE
P16,60,0.7,101,attraction,0,SUCCESS,1,7.9667,7.3167,,12,478,24.8309,1192,
P16,180,0.9,103,clmm,3,SUCCESS,1,16.6667,16.6444,,17,3000,66.7341,14561,
P16,180,0.9,103,mmfork-cuthill,2,FAILURE,0,,,,,,69.5937,14561,status=FAILURE
P16,180,0.9,103,clmm,0,SUCCESS,1,16.6667,16.6444,,17,3000,68.0135,14561,
P16,180,0.9,103,mmfork-cuthill,3,FAILURE,0,,,,,,69.139,14561,status=FAILURE
P16,180,0.9,103,clmm,4,SUCCESS,1,16.6667,16.6444,,17,3000,66.4336,14561,
P16,80,0.7,101,clmm,1,SUCCESS,1,8.7,8.6625,,9,696,7.4492,2164,
P16,80,0.7,101,clmm,0,SUCCESS,1,8.6875,8.6125,,9,695,7.6297,2164,
P16,80,0.7,101,clmm,3,SUCCESS,1,8.6375,8.6,,9,691,7.362,2164,
P16,80,0.7,101,clmm,2,SUCCESS,1,8.7375,8.7,,9,699,7.8891,2164,
P16,80,0.7,102,template,-1,SUCCESS,1,8.1125,8.1125,8.825,9,649,0.0274,2175,
P16,80,0.7,102,clique,-1,SUCCESS,1,8.825,8.1125,,9,706,0.02,2175,
P16,80,0.7,102,pssa,0,SUCCESS,1,8.2625,8.2625,,9,661,0.4548,2175,
P16,80,0.7,102,pssa,1,SUCCESS,1,8.2625,8.2625,,9,661,0.4505,2175,
P16,80,0.7,102,pssa,2,SUCCESS,1,8.2625,8.2625,,9,661,0.4597,2175,
P16,80,0.7,102,pssa,3,SUCCESS,1,8.2625,8.2625,,9,661,0.4662,2175,
P16,80,0.7,101,clmm,4,SUCCESS,1,8.7,8.625,,9,696,7.6954,2164,
P16,80,0.7,102,pssa,4,SUCCESS,1,8.2625,8.2625,,9,661,0.4623,2175,
P16,60,0.7,102,attraction,0,SUCCESS,1,7.85,7.2833,,12,471,25.4527,1201,
P16,80,0.7,102,clmm,0,SUCCESS,1,8.675,8.3875,,9,694,7.0906,2175,
P16,80,0.7,102,clmm,1,SUCCESS,1,8.6625,8.5875,,9,693,7.1009,2175,
P16,80,0.7,102,clmm,2,SUCCESS,1,8.7,8.6125,,9,696,7.3613,2175,
P16,80,0.7,102,clmm,3,SUCCESS,1,8.675,8.6375,,9,694,7.0106,2175,
P16,80,0.7,101,minorminer,2,SUCCESS,1,11.15,10.125,,17,892,19.8587,2164,
P16,60,0.7,102,attraction,3,SUCCESS,1,8.0,7.3,,11,480,28.8063,1201,
P16,60,0.7,102,attraction,4,SUCCESS,1,7.9,7.2833,,12,474,28.929,1201,
P16,80,0.7,102,clmm,4,SUCCESS,1,8.7375,8.7,,9,699,8.3883,2175,
P16,60,0.7,102,attraction,1,SUCCESS,1,7.5,7.1167,,11,450,29.8762,1201,
P16,60,0.7,103,attraction,2,SUCCESS,1,7.8167,7.2167,,11,469,21.9984,1230,
P16,80,0.7,102,minorminer,4,SUCCESS,1,9.825,9.025,,14,786,12.2902,2175,
P16,80,0.7,102,mmfork-cuthill,0,SUCCESS,1,10.05,9.375,,15,804,12.3021,2175,
P16,80,0.7,101,mmfork-cuthill,1,SUCCESS,1,10.2375,9.4625,,15,819,20.1713,2164,
P16,180,0.9,103,attraction,0,FAILURE,0,,,,,,77.2594,14561,status=FAILURE
P16,180,0.9,103,attraction,1,FAILURE,0,,,,,,77.0652,14561,status=FAILURE
P16,180,0.9,103,attraction,3,FAILURE,0,,,,,,76.8946,14561,status=FAILURE
P16,60,0.7,103,attraction,0,SUCCESS,1,8.1167,7.4333,,11,487,24.8898,1230,
P16,80,0.7,103,template,-1,SUCCESS,1,8.1375,8.1375,8.825,9,651,0.026,2186,
P16,80,0.7,103,clique,-1,SUCCESS,1,8.825,8.1375,,9,706,0.0217,2186,
P16,180,0.9,103,attraction,2,FAILURE,0,,,,,,78.0473,14561,status=FAILURE
P16,60,0.7,103,attraction,4,SUCCESS,1,7.1333,6.9833,,10,428,24.9456,1230,
P16,80,0.7,103,pssa,0,SUCCESS,1,8.2875,8.2875,,9,663,0.4467,2186,
P16,80,0.7,102,minorminer,0,SUCCESS,1,10.1,9.2625,,15,808,16.9112,2175,
P16,80,0.7,103,pssa,2,SUCCESS,1,8.2875,8.2875,,9,663,0.4517,2186,
P16,80,0.7,103,pssa,1,SUCCESS,1,8.2875,8.2875,,9,663,0.4678,2186,
P16,80,0.7,103,pssa,3,SUCCESS,1,8.2875,8.2875,,9,663,0.4451,2186,
P16,80,0.7,103,pssa,4,SUCCESS,1,8.2875,8.2875,,9,663,0.4549,2186,
P16,180,0.9,103,attraction,4,FAILURE,0,,,,,,78.7135,14561,status=FAILURE
P16,60,0.7,103,attraction,3,SUCCESS,1,7.6833,7.15,,11,461,26.5205,1230,
P16,60,0.7,103,attraction,1,SUCCESS,1,7.8667,7.35,,11,472,29.2717,1230,
P16,80,0.7,101,mmfork-cuthill,0,SUCCESS,1,10.55,9.825,,15,844,27.1602,2164,
P16,60,0.7,102,attraction,2,SUCCESS,1,7.35,6.9333,,10,441,37.4058,1201,
P16,80,0.7,101,mmfork-cuthill,2,SUCCESS,1,10.6125,9.925,,16,849,26.1018,2164,
P16,80,0.7,103,clmm,0,SUCCESS,1,8.6625,8.625,,9,693,7.7496,2186,
P16,80,0.7,102,minorminer,3,SUCCESS,1,10.575,9.7125,,15,846,21.3415,2175,
P16,80,0.7,103,clmm,2,SUCCESS,1,8.7125,8.675,,9,697,7.2501,2186,
P16,80,0.7,103,clmm,1,SUCCESS,1,8.7125,8.675,,9,697,8.1248,2186,
P16,80,0.7,103,clmm,4,SUCCESS,1,8.7,8.65,,9,696,7.625,2186,
P16,80,0.7,102,mmfork-cuthill,4,SUCCESS,1,9.7875,9.175,,14,783,20.3172,2175,
P16,80,0.7,102,mmfork-cuthill,2,SUCCESS,1,10.2125,9.4,,15,817,21.1101,2175,
P16,80,0.7,103,clmm,3,SUCCESS,1,8.725,8.6875,,9,698,8.2608,2186,
P16,80,0.7,102,mmfork-cuthill,3,SUCCESS,1,9.6,9.1,,14,768,21.9319,2175,
P16,80,0.7,103,minorminer,2,SUCCESS,1,11.1875,10.075,,17,895,14.1977,2186,
P16,80,0.7,102,minorminer,2,SUCCESS,1,10.425,9.4625,,15,834,27.7398,2175,
P16,100,0.7,101,template,-1,SUCCESS,1,9.76,9.76,9.82,10,976,0.0374,3408,
P16,80,0.7,101,mmfork-cuthill,4,SUCCESS,1,9.725,9.1125,,14,778,32.6108,2164,
P16,100,0.7,101,clique,-1,SUCCESS,1,9.82,9.76,,10,982,0.0208,3408,
P16,80,0.7,102,mmfork-cuthill,1,SUCCESS,1,9.9125,9.1375,,14,793,26.6999,2175,
P16,100,0.7,101,pssa,0,SUCCESS,1,9.96,9.96,,11,996,0.5149,3408,
P16,100,0.7,101,pssa,1,SUCCESS,1,9.96,9.96,,11,996,0.5021,3408,
P16,100,0.7,101,pssa,2,SUCCESS,1,9.96,9.96,,11,996,0.5088,3408,
P16,100,0.7,101,pssa,4,SUCCESS,1,9.96,9.96,,11,996,0.511,3408,
P16,100,0.7,101,pssa,3,SUCCESS,1,9.96,9.96,,11,996,0.5341,3408,
P16,80,0.7,103,minorminer,0,SUCCESS,1,10.025,9.2375,,14,802,20.7775,2186,
P16,80,0.7,103,minorminer,3,SUCCESS,1,9.95,9.275,,15,796,18.9846,2186,
P16,80,0.7,101,minorminer,0,SUCCESS,1,10.4375,9.6375,,15,835,40.1875,2164,
P16,80,0.7,101,mmfork-cuthill,3,SUCCESS,1,10.4625,9.75,,15,837,36.5928,2164,
P16,80,0.7,101,minorminer,1,SUCCESS,1,10.15,9.3375,,15,812,46.0446,2164,
P16,80,0.7,101,minorminer,3,SUCCESS,1,9.75,9.1875,,14,780,47.5401,2164,
P16,80,0.7,103,mmfork-cuthill,2,SUCCESS,1,11.5375,10.4375,,18,923,27.1153,2186,
P16,100,0.7,101,clmm,2,SUCCESS,1,9.81,9.75,,10,981,17.4775,3408,
P16,100,0.7,101,clmm,1,SUCCESS,1,9.79,9.77,,10,979,17.8685,3408,
P16,100,0.7,101,clmm,0,SUCCESS,1,9.81,9.77,,10,981,18.1406,3408,
P16,80,0.7,103,mmfork-cuthill,0,SUCCESS,1,9.825,9.125,,14,786,29.3207,2186,
P16,100,0.7,101,clmm,3,SUCCESS,1,9.81,9.77,,10,981,17.7118,3408,
P16,80,0.7,103,minorminer,1,SUCCESS,1,10.5625,9.725,,16,845,32.034,2186,
P16,80,0.7,101,minorminer,4,SUCCESS,1,10.7625,9.8125,,14,861,50.3653,2164,
P16,100,0.7,101,clmm,4,SUCCESS,1,9.81,9.78,,10,981,18.2354,3408,
P16,80,0.7,101,attraction,1,SUCCESS,1,10.7875,9.8625,,16,863,46.3592,2164,
P16,100,0.7,101,minorminer,0,SUCCESS,1,13.41,12.22,,21,1341,31.0432,3408,
P16,80,0.7,101,attraction,2,SUCCESS,1,10.3625,9.5375,,15,829,50.9642,2164,
P16,100,0.7,102,template,-1,SUCCESS,1,9.78,9.78,9.82,10,978,0.0383,3447,
P16,100,0.7,102,clique,-1,SUCCESS,1,9.82,9.78,,10,982,0.0205,3447,
P16,80,0.7,102,minorminer,1,SUCCESS,1,10.3125,9.3875,,15,825,51.2406,2175,
P16,100,0.7,102,pssa,0,SUCCESS,1,9.95,9.95,,11,995,0.5168,3447,
P16,100,0.7,102,pssa,1,SUCCESS,1,9.95,9.95,,11,995,0.5202,3447,
P16,100,0.7,102,pssa,2,SUCCESS,1,9.95,9.95,,11,995,0.526,3447,
P16,100,0.7,102,pssa,3,SUCCESS,1,9.95,9.95,,11,995,0.5134,3447,
P16,80,0.7,103,mmfork-cuthill,3,SUCCESS,1,11.0625,10.05,,17,885,39.0266,2186,
P16,100,0.7,102,pssa,4,SUCCESS,1,9.95,9.95,,11,995,0.5196,3447,
P16,80,0.7,102,attraction,1,SUCCESS,1,11.2125,10.1125,,17,897,47.4636,2175,
P16,80,0.7,101,attraction,0,SUCCESS,1,10.25,9.45,,14,820,60.3573,2164,
P16,80,0.7,101,attraction,3,SUCCESS,1,10.175,9.325,,15,814,60.1137,2164,
P16,100,0.7,102,clmm,1,SUCCESS,1,9.81,9.78,,10,981,17.1624,3447,
P16,80,0.7,101,attraction,4,SUCCESS,1,10.375,9.4125,,14,830,60.8631,2164,
P16,80,0.7,103,attraction,1,SUCCESS,1,11.2125,9.975,,17,897,43.7723,2186,
P16,100,0.7,102,clmm,0,SUCCESS,1,9.8,9.76,,10,980,18.2913,3447,
P16,80,0.7,103,minorminer,4,SUCCESS,1,10.45,9.7,,15,836,48.8021,2186,
P16,100,0.7,102,clmm,2,SUCCESS,1,9.81,9.78,,10,981,17.6292,3447,
P16,80,0.7,103,mmfork-cuthill,1,SUCCESS,1,9.45,8.8,,13,756,49.8995,2186,
P16,100,0.7,102,clmm,3,SUCCESS,1,9.81,9.78,,10,981,18.0215,3447,
P16,80,0.7,103,mmfork-cuthill,4,SUCCESS,1,9.925,9.225,,14,794,51.3238,2186,
P16,80,0.7,103,attraction,2,SUCCESS,1,11.1625,9.8625,,16,893,48.5535,2186,
P16,100,0.7,102,clmm,4,SUCCESS,1,9.8,9.76,,10,980,16.9382,3447,
P16,80,0.7,102,attraction,0,SUCCESS,1,10.15,9.625,,14,812,60.272,2175,
P16,100,0.7,101,minorminer,4,SUCCESS,1,12.88,11.92,,19,1288,45.4104,3408,
P16,80,0.7,102,attraction,2,SUCCESS,1,9.7875,9.225,,13,783,60.573,2175,
P16,80,0.7,102,attraction,3,SUCCESS,1,10.45,9.675,,17,836,60.6598,2175,
P16,100,0.7,103,template,-1,SUCCESS,1,9.78,9.78,9.82,10,978,0.037,3446,
P16,100,0.7,103,clique,-1,SUCCESS,1,9.82,9.78,,10,982,0.0219,3446,
P16,100,0.7,103,pssa,0,SUCCESS,1,9.96,9.96,,11,996,0.4877,3446,
P16,80,0.7,102,attraction,4,SUCCESS,1,10.7375,9.825,,15,859,60.4187,2175,
P16,100,0.7,103,pssa,1,SUCCESS,1,9.96,9.96,,11,996,0.49,3446,
P16,100,0.7,103,pssa,2,SUCCESS,1,9.96,9.96,,11,996,0.4969,3446,
P16,100,0.7,103,pssa,3,SUCCESS,1,9.96,9.96,,11,996,0.4891,3446,
P16,100,0.7,103,pssa,4,SUCCESS,1,9.96,9.96,,11,996,0.4922,3446,
P16,100,0.7,101,minorminer,1,SUCCESS,1,13.27,12.05,,19,1327,53.7107,3408,
P16,100,0.7,101,minorminer,3,SUCCESS,1,12.96,11.89,,20,1296,53.8681,3408,
P16,80,0.7,103,attraction,0,SUCCESS,1,10.7875,9.875,,15,863,60.5432,2186,
P16,80,0.7,103,attraction,3,SUCCESS,1,10.6375,9.7875,,16,851,60.2525,2186,
P16,80,0.7,103,attraction,4,SUCCESS,1,10.8375,9.8375,,16,867,60.0773,2186,
P16,100,0.7,102,mmfork-cuthill,1,SUCCESS,1,12.27,11.35,,19,1227,36.1976,3447,
P16,100,0.7,102,mmfork-cuthill,0,SUCCESS,1,13.19,12.07,,20,1319,36.3853,3447,
P16,100,0.7,103,minorminer,1,SUCCESS,1,11.19,10.9,,20,1119,19.4901,3446,
P16,100,0.7,102,mmfork-cuthill,3,SUCCESS,1,12.91,11.97,,21,1291,39.768,3447,
P16,100,0.7,101,minorminer,2,SUCCESS,1,12.18,11.43,,18,1218,60.6858,3408,
P16,100,0.7,103,clmm,1,SUCCESS,1,9.82,9.78,,10,982,15.894,3446,
P16,100,0.7,103,clmm,0,SUCCESS,1,9.79,9.77,,10,979,16.7006,3446,
P16,100,0.7,101,mmfork-cuthill,2,SUCCESS,1,12.66,11.55,,19,1266,60.0439,3408,
P16,100,0.7,101,mmfork-cuthill,1,SUCCESS,1,12.84,11.77,,17,1284,60.4278,3408,
P16,100,0.7,103,clmm,3,SUCCESS,1,9.8,9.77,,10,980,16.6418,3446,
P16,100,0.7,101,mmfork-cuthill,0,SUCCESS,1,12.23,11.28,,17,1223,61.5346,3408,
P16,100,0.7,101,mmfork-cuthill,3,SUCCESS,1,13.01,11.92,,20,1301,60.3219,3408,
P16,100,0.7,103,clmm,2,SUCCESS,1,9.8,9.77,,10,980,17.5274,3446,
P16,100,0.7,101,mmfork-cuthill,4,SUCCESS,1,12.74,11.77,,19,1274,61.2057,3408,
P16,100,0.7,103,clmm,4,SUCCESS,1,9.81,9.76,,10,981,17.6548,3446,
P16,140,0.7,101,template,-1,SUCCESS,1,13.1357,13.1357,13.8286,14,1839,0.1732,6713,
P16,140,0.7,101,clique,-1,SUCCESS,1,13.8286,13.1357,,14,1936,0.0205,6713,
P16,140,0.7,101,pssa,0,SUCCESS,1,13.2857,13.2857,,14,1860,0.6119,6713,
P16,140,0.7,101,pssa,1,SUCCESS,1,13.2857,13.2857,,14,1860,0.597,6713,
P16,100,0.7,103,minorminer,2,SUCCESS,1,12.33,11.39,,20,1233,24.8718,3446,
P16,140,0.7,101,pssa,2,SUCCESS,1,13.2857,13.2857,,14,1860,0.6134,6713,
P16,140,0.7,101,pssa,3,SUCCESS,1,13.2857,13.2857,,14,1860,0.5997,6713,
P16,140,0.7,101,pssa,4,SUCCESS,1,13.2857,13.2857,,14,1860,0.6213,6713,
P16,100,0.7,102,minorminer,1,SUCCESS,1,13.49,12.42,,20,1349,57.3881,3447,
P16,100,0.7,101,attraction,0,SUCCESS,1,14.59,13.03,,23,1459,60.1178,3408,
P16,100,0.7,101,attraction,2,SUCCESS,1,14.35,13.19,,25,1435,60.5889,3408,
P16,100,0.7,101,attraction,1,SUCCESS,1,13.79,12.69,,20,1379,61.0988,3408,
P16,100,0.7,102,mmfork-cuthill,4,SUCCESS,1,14.42,12.97,,21,1442,48.6137,3447,
P16,100,0.7,101,attraction,3,SUCCESS,1,14.4,12.93,,23,1440,60.4102,3408,
P16,100,0.7,102,minorminer,0,SUCCESS,1,13.63,12.51,,20,1363,61.092,3447,
P16,100,0.7,101,attraction,4,SUCCESS,1,14.46,13.17,,21,1446,61.8096,3408,
P16,100,0.7,103,mmfork-cuthill,0,SUCCESS,1,12.34,11.21,,19,1234,35.7481,3446,
P16,100,0.7,102,minorminer,2,SUCCESS,1,13.42,12.23,,20,1342,60.5894,3447,
P16,100,0.7,102,minorminer,4,SUCCESS,1,12.09,11.31,,18,1209,59.5887,3447,
P16,100,0.7,102,minorminer,3,SUCCESS,1,12.97,12.08,,19,1297,60.2599,3447,
P16,100,0.7,102,mmfork-cuthill,2,SUCCESS,1,11.64,10.89,,16,1164,60.9455,3447,
P16,100,0.7,103,minorminer,4,SUCCESS,1,13.88,12.64,,22,1388,42.7308,3446,
P16,100,0.7,103,minorminer,3,SUCCESS,1,14.03,12.66,,23,1403,43.3266,3446,
P16,100,0.7,103,mmfork-cuthill,3,SUCCESS,1,12.58,11.66,,20,1258,46.0389,3446,
P16,100,0.7,103,minorminer,0,SUCCESS,1,13.58,12.5,,20,1358,52.1304,3446,
P16,100,0.7,102,attraction,0,SUCCESS,1,14.48,13.0,,22,1448,60.382,3447,
P16,140,0.7,102,template,-1,SUCCESS,1,13.1214,13.1214,13.8286,14,1837,0.1251,6844,
P16,140,0.7,102,clique,-1,SUCCESS,1,13.8286,13.1214,,14,1936,0.0236,6844,
P16,100,0.7,102,attraction,2,SUCCESS,1,16.78,14.47,,25,1678,60.4711,3447,
P16,100,0.7,102,attraction,1,SUCCESS,1,13.24,12.13,,19,1324,61.2182,3447,
P16,140,0.7,102,pssa,0,SUCCESS,1,13.2857,13.2857,,14,1860,0.6044,6844,
P16,140,0.7,102,pssa,1,SUCCESS,1,13.2857,13.2857,,14,1860,0.6135,6844,
P16,100,0.7,102,attraction,3,SUCCESS,1,13.75,12.56,,22,1375,60.361,3447,
P16,140,0.7,102,pssa,2,SUCCESS,1,13.2857,13.2857,,14,1860,0.6193,6844,
P16,140,0.7,102,pssa,3,SUCCESS,1,13.2857,13.2857,,14,1860,0.6108,6844,
P16,140,0.7,102,pssa,4,SUCCESS,1,13.2857,13.2857,,14,1860,0.6125,6844,
P16,100,0.7,103,mmfork-cuthill,4,SUCCESS,1,12.98,11.87,,18,1298,54.6643,3446,
P16,100,0.7,103,mmfork-cuthill,2,SUCCESS,1,12.3,11.52,,18,1230,57.4935,3446,
P16,100,0.7,102,attraction,4,SUCCESS,1,13.23,12.13,,19,1323,60.3494,3447,
P16,100,0.7,103,mmfork-cuthill,1,SUCCESS,1,12.16,11.22,,17,1216,61.0753,3446,
P16,100,0.7,103,attraction,0,SUCCESS,1,15.14,13.4,,22,1514,60.4453,3446,
P16,100,0.7,103,attraction,1,SUCCESS,1,15.89,14.0,,25,1589,60.4992,3446,
P16,100,0.7,103,attraction,2,SUCCESS,1,14.71,13.12,,22,1471,60.3186,3446,
P16,100,0.7,103,attraction,3,SUCCESS,1,15.84,13.84,,26,1584,60.9355,3446,
P16,100,0.7,103,attraction,4,SUCCESS,1,13.0,12.02,,21,1300,60.5115,3446,
P16,140,0.7,101,minorminer,1,SUCCESS,1,19.2071,17.4571,,33,2689,60.1702,6713,
P16,140,0.7,101,minorminer,0,SUCCESS,1,20.4714,18.4286,,33,2866,61.3338,6713,
P16,140,0.7,101,clmm,3,SUCCESS,1,13.7643,13.7429,,14,1927,56.5483,6713,
P16,140,0.7,101,minorminer,3,SUCCESS,1,19.2714,17.4357,,32,2698,62.1462,6713,
P16,140,0.7,101,clmm,1,SUCCESS,1,13.7571,13.7143,,14,1926,57.3763,6713,
P16,140,0.7,101,minorminer,2,SUCCESS,1,21.7286,19.3286,,35,3042,62.2277,6713,
P16,140,0.7,101,clmm,2,SUCCESS,1,13.75,13.7214,,14,1925,58.6034,6713,
P16,140,0.7,101,clmm,4,SUCCESS,1,13.7714,13.7286,,14,1928,58.208,6713,
P16,140,0.7,103,template,-1,SUCCESS,1,13.1429,13.1429,13.8286,14,1840,0.1242,6790,
P16,140,0.7,103,clique,-1,SUCCESS,1,13.8286,13.1429,,14,1936,0.0222,6790,
P16,140,0.7,101,clmm,0,SUCCESS,1,13.7786,13.75,,14,1929,59.6982,6713,
P16,140,0.7,101,minorminer,4,SUCCESS,1,20.0214,17.8071,,33,2803,62.3156,6713,
P16,140,0.7,103,pssa,0,SUCCESS,1,13.3143,13.3143,,14,1864,0.5991,6790,
P16,140,0.7,103,pssa,1,SUCCESS,1,13.3143,13.3143,,14,1864,0.6162,6790,
P16,140,0.7,103,pssa,2,SUCCESS,1,13.3143,13.3143,,14,1864,0.5973,6790,
P16,140,0.7,101,mmfork-cuthill,1,SUCCESS,1,17.8714,16.4571,,28,2502,61.4129,6713,
P16,140,0.7,101,mmfork-cuthill,0,SUCCESS,1,20.4857,18.3143,,35,2868,61.5238,6713,
P16,140,0.7,103,pssa,3,SUCCESS,1,13.3143,13.3143,,14,1864,0.6199,6790,
P16,140,0.7,101,mmfork-cuthill,4,SUCCESS,1,20.8143,18.6357,,32,2914,60.6192,6713,
P16,140,0.7,103,pssa,4,SUCCESS,1,13.3143,13.3143,,14,1864,0.6171,6790,
P16,140,0.7,101,mmfork-cuthill,3,SUCCESS,1,18.7214,17.0571,,29,2621,61.6389,6713,
P16,140,0.7,101,mmfork-cuthill,2,SUCCESS,1,21.8643,19.4786,,36,3061,62.4489,6713,
P16,140,0.7,102,minorminer,0,SUCCESS,1,20.9071,18.5071,,33,2927,61.1698,6844,
P16,140,0.7,102,minorminer,1,SUCCESS,1,23.6357,20.6143,,39,3309,61.6382,6844,
P16,140,0.7,102,minorminer,2,SUCCESS,1,21.5786,19.2071,,35,3021,61.6836,6844,
P16,140,0.7,102,minorminer,3,SUCCESS,1,19.5714,17.5571,,32,2740,62.1737,6844,
P16,140,0.7,101,attraction,1,FAILURE,0,,,,,,68.2478,6713,status=FAILURE
P16,140,0.7,102,mmfork-cuthill,0,SUCCESS,1,17.4214,16.1786,,28,2439,61.1247,6844,
P16,140,0.7,102,clmm,2,SUCCESS,1,13.7714,13.7357,,14,1928,50.2532,6844,
P16,140,0.7,101,attraction,0,FAILURE,0,,,,,,68.4759,6713,status=FAILURE
P16,140,0.7,101,attraction,4,FAILURE,0,,,,,,66.3965,6713,status=FAILURE
P16,140,0.7,102,minorminer,4,SUCCESS,1,20.8714,18.3857,,33,2922,62.6808,6844,
P16,140,0.7,101,attraction,2,FAILURE,0,,,,,,70.132,6713,status=FAILURE
P16,140,0.7,101,attraction,3,FAILURE,0,,,,,,68.109,6713,status=FAILURE
P16,140,0.7,102,clmm,0,SUCCESS,1,13.7357,13.7,,14,1923,55.4977,6844,
P16,180,0.7,101,template,-1,SUCCESS,1,16.6167,16.6167,16.6667,17,2991,0.2241,11168,
P16,180,0.7,101,clique,-1,SUCCESS,1,16.6667,16.6167,,17,3000,0.0219,11168,
P16,140,0.7,102,mmfork-cuthill,1,SUCCESS,1,17.4286,15.85,,29,2440,61.6079,6844,
P16,180,0.7,101,pssa,0,SUCCESS,1,16.6222,16.6222,,17,2992,0.4987,11168,
P16,180,0.7,101,pssa,1,SUCCESS,1,16.6222,16.6222,,17,2992,0.4892,11168,
P16,140,0.7,102,clmm,1,SUCCESS,1,13.7571,13.7286,,14,1926,56.1825,6844,
P16,180,0.7,101,pssa,2,SUCCESS,1,16.6222,16.6222,,17,2992,0.5019,11168,
P16,180,0.7,101,pssa,3,SUCCESS,1,16.6222,16.6222,,17,2992,0.4912,11168,
P16,180,0.7,101,pssa,4,SUCCESS,1,16.6222,16.6222,,17,2992,0.509,11168,
P16,140,0.7,102,mmfork-cuthill,2,SUCCESS,1,20.4643,18.3071,,35,2865,61.5607,6844,
P16,140,0.7,102,mmfork-cuthill,4,SUCCESS,1,21.9214,19.0857,,34,3069,61.6551,6844,
P16,140,0.7,102,mmfork-cuthill,3,SUCCESS,1,19.8071,17.6857,,31,2773,62.5251,6844,
P16,140,0.7,102,clmm,4,SUCCESS,1,13.75,13.7286,,14,1925,54.4911,6844,
P16,140,0.7,102,clmm,3,SUCCESS,1,13.7714,13.7357,,14,1928,56.9487,6844,
P16,140,0.7,102,attraction,2,SUCCESS,1,22.2786,19.1571,,39,3119,60.3066,6844,
P16,140,0.7,102,attraction,3,SUCCESS,1,28.4071,28.4071,,53,3977,60.8185,6844,
P16,140,0.7,102,attraction,1,SUCCESS,1,23.35,20.1786,,40,3269,61.4292,6844,
P16,140,0.7,102,attraction,4,SUCCESS,1,25.3714,20.5714,,41,3552,61.058,6844,
P16,140,0.7,102,attraction,0,FAILURE,0,,,,,,67.5727,6844,status=FAILURE
P16,140,0.7,103,minorminer,0,SUCCESS,1,20.9429,18.7571,,35,2932,61.9656,6790,
P16,140,0.7,103,minorminer,1,SUCCESS,1,19.5786,18.0071,,32,2741,62.4895,6790,
P16,140,0.7,103,mmfork-cuthill,0,SUCCESS,1,17.0357,15.7714,,29,2385,50.212,6790,
P16,140,0.7,103,minorminer,2,SUCCESS,1,21.6857,18.8357,,33,3036,62.1957,6790,
P16,140,0.7,103,clmm,0,SUCCESS,1,13.75,13.7214,,14,1925,47.674,6790,
P16,140,0.7,103,clmm,3,SUCCESS,1,13.7571,13.75,,14,1926,49.2941,6790,
P16,140,0.7,103,clmm,4,SUCCESS,1,13.7643,13.75,,14,1927,48.8379,6790,
P16,140,0.7,103,clmm,1,SUCCESS,1,13.75,13.7286,,14,1925,52.1635,6790,
P16,180,0.7,102,template,-1,SUCCESS,1,16.6389,16.6389,16.6667,17,2995,0.2248,11275,
P16,140,0.7,103,clmm,2,SUCCESS,1,13.7786,13.7643,,14,1929,52.5806,6790,
P16,180,0.7,102,clique,-1,SUCCESS,1,16.6667,16.6389,,17,3000,0.02,11275,
P16,180,0.7,102,pssa,0,SUCCESS,1,16.6333,16.6333,,17,2994,0.4831,11275,
P16,180,0.7,102,pssa,1,SUCCESS,1,16.6333,16.6333,,17,2994,0.5616,11275,
P16,140,0.7,103,minorminer,4,SUCCESS,1,20.75,18.4714,,34,2905,61.5305,6790,
P16,180,0.7,102,pssa,2,SUCCESS,1,16.6333,16.6333,,17,2994,0.4855,11275,
P16,180,0.7,102,pssa,3,SUCCESS,1,16.6333,16.6333,,17,2994,0.582,11275,
P16,140,0.7,103,minorminer,3,SUCCESS,1,19.1857,17.3286,,34,2686,62.3841,6790,
P16,180,0.7,102,pssa,4,SUCCESS,1,16.6333,16.6333,,17,2994,0.5026,11275,
P16,140,0.7,103,mmfork-cuthill,1,SUCCESS,1,19.4286,17.5143,,34,2720,62.5077,6790,
P16,140,0.7,103,mmfork-cuthill,2,SUCCESS,1,21.1286,18.7,,31,2958,62.4922,6790,
P16,140,0.7,103,mmfork-cuthill,4,SUCCESS,1,19.0929,17.3429,,30,2673,61.5799,6790,
P16,140,0.7,103,mmfork-cuthill,3,SUCCESS,1,21.1786,18.5857,,34,2965,62.5864,6790,
P16,140,0.7,103,attraction,1,SUCCESS,1,22.9286,19.8071,,39,3210,60.3743,6790,
P16,140,0.7,103,attraction,0,SUCCESS,1,29.5643,24.6,,63,4139,60.0767,6790,
P16,140,0.7,103,attraction,4,SUCCESS,1,22.8214,19.9214,,40,3195,60.5515,6790,
P16,140,0.7,103,attraction,2,SUCCESS,1,23.0571,20.1143,,39,3228,61.2932,6790,
P16,180,0.7,101,minorminer,1,FAILURE,0,,,,,,66.5392,11168,status=FAILURE
P16,140,0.7,103,attraction,3,FAILURE,0,,,,,,67.4438,6790,status=FAILURE
P16,180,0.7,101,minorminer,2,FAILURE,0,,,,,,69.8058,11168,status=FAILURE
P16,180,0.7,101,minorminer,0,FAILURE,0,,,,,,73.0141,11168,status=FAILURE
P16,180,0.7,101,clmm,2,SUCCESS,1,16.6667,16.6167,,17,3000,60.2767,11168,
P16,180,0.7,101,clmm,3,SUCCESS,1,16.6667,16.6167,,17,3000,60.4838,11168,
P16,180,0.7,101,mmfork-cuthill,1,FAILURE,0,,,,,,63.7138,11168,status=FAILURE
P16,180,0.7,101,clmm,0,SUCCESS,1,16.6667,16.6167,,17,3000,64.9833,11168,
P16,180,0.7,101,clmm,4,SUCCESS,1,16.6667,16.6167,,17,3000,63.175,11168,
P16,180,0.7,101,minorminer,3,FAILURE,0,,,,,,68.9064,11168,status=FAILURE
P16,180,0.7,101,mmfork-cuthill,3,FAILURE,0,,,,,,66.513,11168,status=FAILURE
P16,180,0.7,101,mmfork-cuthill,2,FAILURE,0,,,,,,66.7104,11168,status=FAILURE
P16,180,0.7,103,template,-1,SUCCESS,1,16.6278,16.6278,16.6667,17,2993,0.2295,11297,
P16,180,0.7,103,clique,-1,SUCCESS,1,16.6667,16.6278,,17,3000,0.0215,11297,
P16,180,0.7,103,pssa,0,SUCCESS,1,16.6278,16.6278,,17,2993,0.4973,11297,
P16,180,0.7,101,clmm,1,SUCCESS,1,16.6667,16.6167,,17,3000,65.2594,11168,
P16,180,0.7,103,pssa,1,SUCCESS,1,16.6278,16.6278,,17,2993,0.4705,11297,
P16,180,0.7,103,pssa,2,SUCCESS,1,16.6278,16.6278,,17,2993,0.4718,11297,
P16,180,0.7,103,pssa,3,SUCCESS,1,16.6278,16.6278,,17,2993,0.5681,11297,
P16,180,0.7,101,minorminer,4,FAILURE,0,,,,,,69.0621,11168,status=FAILURE
P16,180,0.7,103,pssa,4,SUCCESS,1,16.6278,16.6278,,17,2993,0.508,11297,
P16,180,0.7,101,mmfork-cuthill,4,FAILURE,0,,,,,,68.4561,11168,status=FAILURE
P16,180,0.7,101,mmfork-cuthill,0,FAILURE,0,,,,,,70.5214,11168,status=FAILURE
P16,180,0.7,102,minorminer,0,FAILURE,0,,,,,,62.6932,11275,status=FAILURE
P16,180,0.7,102,minorminer,1,SUCCESS,1,24.1944,22.2111,,58,4355,62.4168,11275,
P16,180,0.7,102,minorminer,2,FAILURE,0,,,,,,64.1852,11275,status=FAILURE
P16,180,0.7,101,attraction,2,FAILURE,0,,,,,,72.7705,11168,status=FAILURE
P16,180,0.7,101,attraction,4,FAILURE,0,,,,,,70.7862,11168,status=FAILURE
P16,180,0.7,101,attraction,3,FAILURE,0,,,,,,72.837,11168,status=FAILURE
P16,180,0.7,101,attraction,0,FAILURE,0,,,,,,73.8973,11168,status=FAILURE
P16,180,0.7,101,attraction,1,FAILURE,0,,,,,,74.2875,11168,status=FAILURE
P16,180,0.7,102,minorminer,3,FAILURE,0,,,,,,67.6735,11275,status=FAILURE
P16,180,0.7,102,minorminer,4,FAILURE,0,,,,,,67.7408,11275,status=FAILURE
P16,180,0.7,102,mmfork-cuthill,4,FAILURE,0,,,,,,63.208,11275,status=FAILURE
P16,180,0.7,102,mmfork-cuthill,0,FAILURE,0,,,,,,69.8834,11275,status=FAILURE
P16,180,0.7,102,clmm,1,SUCCESS,1,16.6667,16.6389,,17,3000,61.2437,11275,
P16,220,0.7,101,template,-1,INFEASIBLE,0,,,,,,0.0,16783,n=220 > max clique 180
P16,220,0.7,101,clique,-1,FAILURE,0,,,,,,0.02,16783,status=FAILURE
P16,180,0.7,102,mmfork-cuthill,3,FAILURE,0,,,,,,66.8825,11275,status=FAILURE
P16,180,0.7,102,clmm,0,SUCCESS,1,16.6667,16.6389,,17,3000,64.1256,11275,
P16,180,0.7,102,mmfork-cuthill,1,FAILURE,0,,,,,,68.5654,11275,status=FAILURE
P16,180,0.7,102,mmfork-cuthill,2,FAILURE,0,,,,,,68.5253,11275,status=FAILURE
P16,180,0.7,102,clmm,2,SUCCESS,1,16.6667,16.6389,,17,3000,63.4731,11275,
P16,180,0.7,102,clmm,3,SUCCESS,1,16.6667,16.6389,,17,3000,61.3924,11275,
P16,180,0.7,102,clmm,4,SUCCESS,1,16.6667,16.6389,,17,3000,63.7271,11275,
P16,180,0.7,103,minorminer,2,FAILURE,0,,,,,,64.4092,11297,status=FAILURE
P16,180,0.7,102,attraction,2,FAILURE,0,,,,,,72.3871,11275,status=FAILURE
P16,180,0.7,102,attraction,0,FAILURE,0,,,,,,74.3924,11275,status=FAILURE
P16,180,0.7,102,attraction,3,FAILURE,0,,,,,,74.2442,11275,status=FAILURE
P16,180,0.7,102,attraction,1,FAILURE,0,,,,,,75.2796,11275,status=FAILURE
P16,180,0.7,103,minorminer,0,FAILURE,0,,,,,,68.7914,11297,status=FAILURE
P16,180,0.7,103,minorminer,1,FAILURE,0,,,,,,70.1584,11297,status=FAILURE
P16,180,0.7,103,minorminer,3,FAILURE,0,,,,,,67.5867,11297,status=FAILURE
P16,180,0.7,102,attraction,4,FAILURE,0,,,,,,73.3965,11275,status=FAILURE
P16,180,0.7,103,minorminer,4,FAILURE,0,,,,,,67.5195,11297,status=FAILURE
P16,180,0.7,103,mmfork-cuthill,0,FAILURE,0,,,,,,67.8945,11297,status=FAILURE
P16,180,0.7,103,mmfork-cuthill,2,FAILURE,0,,,,,,67.1419,11297,status=FAILURE
P16,180,0.7,103,clmm,2,SUCCESS,1,16.6667,16.6278,,17,3000,60.9093,11297,
P16,180,0.7,103,mmfork-cuthill,1,FAILURE,0,,,,,,73.7393,11297,status=FAILURE
P16,180,0.7,103,clmm,3,SUCCESS,1,16.6667,16.6278,,17,3000,61.9447,11297,
P16,180,0.7,103,clmm,1,SUCCESS,1,16.6667,16.6278,,17,3000,63.0283,11297,
P16,180,0.7,103,clmm,0,SUCCESS,1,16.6667,16.6278,,17,3000,63.9117,11297,
P16,180,0.7,103,mmfork-cuthill,3,FAILURE,0,,,,,,70.2402,11297,status=FAILURE
P16,220,0.7,102,template,-1,INFEASIBLE,0,,,,,,0.0,16899,n=220 > max clique 180
P16,220,0.7,102,clique,-1,FAILURE,0,,,,,,0.0215,16899,status=FAILURE
P16,180,0.7,103,clmm,4,SUCCESS,1,16.6667,16.6278,,17,3000,62.1822,11297,
P16,180,0.7,103,mmfork-cuthill,4,FAILURE,0,,,,,,67.8189,11297,status=FAILURE
P16,220,0.7,101,minorminer,0,FAILURE,0,,,,,,69.6611,16783,status=FAILURE
P16,220,0.7,101,minorminer,1,FAILURE,0,,,,,,69.3387,16783,status=FAILURE
P16,180,0.7,103,attraction,1,FAILURE,0,,,,,,70.9264,11297,status=FAILURE
P16,180,0.7,103,attraction,0,FAILURE,0,,,,,,71.445,11297,status=FAILURE
P16,180,0.7,103,attraction,2,FAILURE,0,,,,,,71.4049,11297,status=FAILURE
P16,180,0.7,103,attraction,3,FAILURE,0,,,,,,74.1189,11297,status=FAILURE
P16,180,0.7,103,attraction,4,FAILURE,0,,,,,,73.8815,11297,status=FAILURE
P16,220,0.7,101,minorminer,2,FAILURE,0,,,,,,72.4547,16783,status=FAILURE
P16,220,0.7,101,minorminer,3,FAILURE,0,,,,,,70.983,16783,status=FAILURE
P16,220,0.7,101,minorminer,4,FAILURE,0,,,,,,69.294,16783,status=FAILURE
P16,220,0.7,101,mmfork-cuthill,0,FAILURE,0,,,,,,69.0578,16783,status=FAILURE
P16,220,0.7,101,mmfork-cuthill,3,FAILURE,0,,,,,,68.8608,16783,status=FAILURE
P16,220,0.7,101,mmfork-cuthill,4,FAILURE,0,,,,,,70.1881,16783,status=FAILURE
P16,220,0.7,101,mmfork-cuthill,2,FAILURE,0,,,,,,72.7816,16783,status=FAILURE
P16,220,0.7,101,mmfork-cuthill,1,FAILURE,0,,,,,,73.2189,16783,status=FAILURE
P16,220,0.7,101,clmm,0,FAILURE,0,,,,,,74.9577,16783,clmm: MM stage returned empty
P16,220,0.7,101,attraction,0,FAILURE,0,,,,,,60.1819,16783,status=FAILURE
P16,220,0.7,101,pssa,4,FAILURE,0,,,,,,62.5202,16783,status=FAILURE
P16,220,0.7,101,pssa,0,FAILURE,0,,,,,,65.8429,16783,status=FAILURE
P16,220,0.7,101,attraction,1,FAILURE,0,,,,,,61.5801,16783,status=FAILURE
P16,220,0.7,101,pssa,3,FAILURE,0,,,,,,64.0699,16783,status=FAILURE
P16,220,0.7,101,pssa,2,FAILURE,0,,,,,,64.9247,16783,status=FAILURE
P16,220,0.7,101,pssa,1,FAILURE,0,,,,,,67.492,16783,status=FAILURE
P16,220,0.7,103,template,-1,INFEASIBLE,0,,,,,,0.0,16967,n=220 > max clique 180
P16,220,0.7,103,clique,-1,FAILURE,0,,,,,,0.0234,16967,status=FAILURE
P16,220,0.7,101,clmm,2,FAILURE,0,,,,,,74.9332,16783,clmm: MM stage returned empty
P16,220,0.7,101,clmm,3,FAILURE,0,,,,,,74.511,16783,clmm: MM stage returned empty
P16,220,0.7,101,clmm,1,FAILURE,0,,,,,,78.4839,16783,clmm: MM stage returned empty
P16,220,0.7,101,clmm,4,FAILURE,0,,,,,,75.9532,16783,clmm: MM stage returned empty
P16,220,0.7,101,attraction,4,FAILURE,0,,,,,,60.5656,16783,status=FAILURE
P16,220,0.7,102,minorminer,0,FAILURE,0,,,,,,67.9753,16899,status=FAILURE
P16,220,0.7,102,minorminer,1,FAILURE,0,,,,,,68.8715,16899,status=FAILURE
P16,220,0.7,102,minorminer,2,FAILURE,0,,,,,,68.7129,16899,status=FAILURE
P16,220,0.7,102,minorminer,3,FAILURE,0,,,,,,70.1051,16899,status=FAILURE
P16,220,0.7,102,minorminer,4,FAILURE,0,,,,,,68.9978,16899,status=FAILURE
P16,220,0.7,102,mmfork-cuthill,0,FAILURE,0,,,,,,69.1727,16899,status=FAILURE
P16,220,0.7,102,mmfork-cuthill,3,FAILURE,0,,,,,,69.8132,16899,status=FAILURE
P16,220,0.7,102,mmfork-cuthill,1,FAILURE,0,,,,,,70.8937,16899,status=FAILURE
P16,220,0.7,101,attraction,2,FAILURE,0,,,,,,89.0309,16783,status=FAILURE
P16,220,0.7,102,pssa,1,FAILURE,0,,,,,,62.2711,16899,status=FAILURE
P16,220,0.7,102,mmfork-cuthill,2,FAILURE,0,,,,,,72.9656,16899,status=FAILURE
P16,60,0.5,101,minorminer,0,SUCCESS,1,7.2667,6.85,,11,436,4.856,868,
P16,220,0.7,102,pssa,0,FAILURE,0,,,,,,64.1771,16899,status=FAILURE
P16,220,0.7,102,pssa,2,FAILURE,0,,,,,,64.2874,16899,status=FAILURE
P16,60,0.5,101,minorminer,1,SUCCESS,1,7.4167,7.0,,11,445,6.2222,868,
P16,60,0.5,101,minorminer,2,SUCCESS,1,6.95,6.65,,10,417,5.9331,868,
P16,60,0.5,101,clmm,0,SUCCESS,1,6.6167,6.4833,,7,397,1.7376,868,
P16,220,0.7,102,mmfork-cuthill,4,FAILURE,0,,,,,,71.8908,16899,status=FAILURE
P16,60,0.5,101,clmm,1,SUCCESS,1,6.75,6.5833,,7,405,1.5932,868,
P16,60,0.5,101,clmm,3,SUCCESS,1,6.7833,6.5167,,7,407,1.4835,868,
P16,60,0.5,101,template,-1,SUCCESS,1,6.5,6.5,6.8,7,390,0.0095,868,
P16,60,0.5,101,clique,-1,SUCCESS,1,6.8,6.5,,7,408,0.0218,868,
P16,60,0.5,101,pssa,0,SUCCESS,1,6.5333,6.5333,,7,392,0.3505,868,
P16,60,0.5,101,minorminer,3,SUCCESS,1,7.1833,6.85,,10,431,8.8651,868,
P16,60,0.5,101,clmm,4,SUCCESS,1,6.6667,6.5833,,7,400,1.633,868,
P16,60,0.5,101,pssa,1,SUCCESS,1,6.5333,6.5333,,7,392,0.3532,868,
P16,60,0.5,101,minorminer,4,SUCCESS,1,7.25,6.9833,,10,435,8.7779,868,
P16,60,0.5,101,pssa,2,SUCCESS,1,6.5333,6.5333,,7,392,0.3577,868,
P16,60,0.5,101,pssa,3,SUCCESS,1,6.5333,6.5333,,7,392,0.3526,868,
P16,60,0.5,101,pssa,4,SUCCESS,1,6.5333,6.5333,,7,392,0.3555,868,
P16,60,0.5,101,mmfork-cuthill,3,SUCCESS,1,7.4,6.9333,,11,444,7.0607,868,
P16,60,0.5,101,clmm,2,SUCCESS,1,6.3,6.2,,7,378,3.7909,868,
P16,220,0.7,102,clmm,1,FAILURE,0,,,,,,73.5695,16899,clmm: MM stage returned empty
P16,220,0.7,102,attraction,0,FAILURE,0,,,,,,60.4154,16899,status=FAILURE
P16,220,0.7,101,attraction,3,FAILURE,0,,,,,,87.4409,16783,status=FAILURE
P16,220,0.7,102,clmm,0,FAILURE,0,,,,,,75.9523,16899,clmm: MM stage returned empty
P16,60,0.5,101,mmfork-cuthill,1,SUCCESS,1,6.95,6.7333,,10,417,9.1322,868,
P16,60,0.5,101,mmfork-cuthill,2,SUCCESS,1,6.7667,6.5333,,9,406,9.1953,868,
P16,60,0.5,101,mmfork-cuthill,0,SUCCESS,1,6.9,6.6333,,10,414,10.4857,868,
P16,220,0.7,102,attraction,1,FAILURE,0,,,,,,62.513,16899,status=FAILURE
P16,220,0.7,102,clmm,4,FAILURE,0,,,,,,74.8874,16899,clmm: MM stage returned empty
P16,220,0.7,102,attraction,2,FAILURE,0,,,,,,62.8845,16899,status=FAILURE
P16,220,0.7,102,clmm,2,FAILURE,0,,,,,,76.6947,16899,clmm: MM stage returned empty
P16,60,0.5,102,clmm,0,SUCCESS,1,6.7167,6.6,,7,403,1.6866,850,
P16,60,0.5,102,clmm,1,SUCCESS,1,6.7,6.6,,7,402,1.6792,850,
P16,220,0.7,102,pssa,4,FAILURE,0,,,,,,66.2757,16899,status=FAILURE
P16,220,0.7,102,pssa,3,FAILURE,0,,,,,,66.8375,16899,status=FAILURE
P16,60,0.5,102,template,-1,SUCCESS,1,6.5833,6.5833,6.8,7,395,0.009,850,
P16,60,0.5,102,clique,-1,SUCCESS,1,6.8,6.5833,,7,408,0.0193,850,
P16,220,0.7,102,clmm,3,FAILURE,0,,,,,,78.6769,16899,clmm: MM stage returned empty
P16,220,0.7,102,attraction,3,FAILURE,0,,,,,,62.9226,16899,status=FAILURE
P16,220,0.7,102,attraction,4,FAILURE,0,,,,,,62.9409,16899,status=FAILURE
P16,60,0.5,102,pssa,0,SUCCESS,1,6.5,6.5,,7,390,0.3587,850,
P16,60,0.5,102,pssa,1,SUCCESS,1,6.5,6.5,,7,390,0.3535,850,
P16,60,0.5,102,minorminer,3,SUCCESS,1,7.3167,6.85,,11,439,5.7059,850,
P16,60,0.5,102,pssa,2,SUCCESS,1,6.5,6.5,,7,390,0.3649,850,
P16,60,0.5,102,pssa,3,SUCCESS,1,6.5,6.5,,7,390,0.3565,850,
P16,60,0.5,102,minorminer,0,SUCCESS,1,7.6667,7.1667,,11,460,6.5705,850,
P16,60,0.5,102,pssa,4,SUCCESS,1,6.5,6.5,,7,390,0.3561,850,
P16,60,0.5,102,clmm,2,SUCCESS,1,6.6667,6.55,,7,400,1.9166,850,
P16,60,0.5,102,clmm,4,SUCCESS,1,6.6333,6.5167,,7,398,1.4509,850,
P16,60,0.5,101,mmfork-cuthill,4,SUCCESS,1,7.2,6.8833,,10,432,13.1486,868,
P16,60,0.5,102,mmfork-cuthill,1,SUCCESS,1,6.3667,6.15,,9,382,5.2728,850,
P16,60,0.5,102,mmfork-cuthill,0,SUCCESS,1,6.4667,6.2167,,9,388,5.9385,850,
P16,60,0.5,102,minorminer,2,SUCCESS,1,7.0667,6.7167,,11,424,7.3872,850,
P16,60,0.5,102,clmm,3,SUCCESS,1,6.4333,6.3167,,7,386,2.3547,850,
P16,60,0.5,102,minorminer,1,SUCCESS,1,7.0667,6.6,,10,424,8.9196,850,
P16,60,0.5,102,mmfork-cuthill,4,SUCCESS,1,7.2667,7.0167,,10,436,6.011,850,
P16,60,0.5,102,mmfork-cuthill,2,SUCCESS,1,6.8,6.6333,,10,408,6.9855,850,
P16,60,0.5,102,minorminer,4,SUCCESS,1,7.4167,7.0833,,11,445,8.4672,850,
P16,220,0.7,103,minorminer,2,FAILURE,0,,,,,,63.7976,16967,status=FAILURE
P16,60,0.5,103,clmm,0,SUCCESS,1,6.7333,6.6,,7,404,1.7826,860,
P16,60,0.5,103,clmm,1,SUCCESS,1,6.7333,6.55,,7,404,1.7748,860,
P16,60,0.5,102,mmfork-cuthill,3,SUCCESS,1,6.6833,6.4667,,9,401,9.0626,850,
P16,60,0.5,103,template,-1,SUCCESS,1,6.4833,6.4833,6.8,7,389,0.0118,860,
P16,60,0.5,103,clique,-1,SUCCESS,1,6.8,6.4833,,7,408,0.0186,860,
P16,220,0.7,103,minorminer,1,FAILURE,0,,,,,,68.5689,16967,status=FAILURE
P16,60,0.5,103,pssa,0,SUCCESS,1,6.4667,6.4667,,7,388,0.3602,860,
P16,60,0.5,103,clmm,2,SUCCESS,1,6.6833,6.5667,,7,401,1.6866,860,
P16,60,0.5,103,pssa,1,SUCCESS,1,6.4667,6.4667,,7,388,0.3768,860,
P16,60,0.5,103,pssa,2,SUCCESS,1,6.4667,6.4667,,7,388,0.372,860,
P16,60,0.5,103,pssa,3,SUCCESS,1,6.4667,6.4667,,7,388,0.3651,860,
P16,60,0.5,103,clmm,3,SUCCESS,1,6.7,6.5833,,7,402,1.8994,860,
P16,60,0.5,103,minorminer,3,SUCCESS,1,7.2333,6.8667,,11,434,5.7657,860,
P16,60,0.5,103,pssa,4,SUCCESS,1,6.4667,6.4667,,7,388,0.3715,860,
P16,60,0.5,103,clmm,4,SUCCESS,1,6.7667,6.6167,,7,406,1.6181,860,
P16,60,0.5,103,mmfork-cuthill,4,SUCCESS,1,6.9667,6.75,,10,418,5.143,860,
P16,220,0.7,103,minorminer,0,FAILURE,0,,,,,,70.972,16967,status=FAILURE
P16,60,0.5,103,minorminer,2,SUCCESS,1,7.1333,6.7167,,10,428,8.1381,860,
P16,60,0.5,103,mmfork-cuthill,3,SUCCESS,1,6.85,6.5167,,10,411,6.3696,860,
P16,60,0.5,103,mmfork-cuthill,2,SUCCESS,1,6.7667,6.5333,,10,406,7.9187,860,
P16,60,0.5,101,attraction,0,SUCCESS,1,7.7333,7.0833,,12,464,16.4453,868,
P16,60,0.5,101,attraction,1,SUCCESS,1,7.3,7.1167,,11,438,16.4454,868,
P16,60,0.5,101,attraction,4,SUCCESS,1,7.55,7.2667,,10,453,16.4555,868,
P16,60,0.5,103,mmfork-cuthill,1,SUCCESS,1,6.9,6.6833,,9,414,8.72,860,
P16,60,0.5,103,minorminer,0,SUCCESS,1,7.2,6.8,,10,432,10.71,860,
P16,60,0.5,103,minorminer,1,SUCCESS,1,7.1833,6.8167,,10,431,10.6326,860,
P16,220,0.7,103,minorminer,4,FAILURE,0,,,,,,68.369,16967,status=FAILURE
P16,60,0.5,101,attraction,3,SUCCESS,1,7.0833,6.8667,,10,425,18.2784,868,
P16,60,0.5,101,attraction,2,SUCCESS,1,6.9333,6.7167,,10,416,18.42,868,
P16,220,0.7,103,minorminer,3,FAILURE,0,,,,,,71.2018,16967,status=FAILURE
P16,80,0.5,101,template,-1,SUCCESS,1,8.0875,8.0875,8.825,9,647,0.0206,1560,
P16,80,0.5,101,clique,-1,SUCCESS,1,8.825,8.0875,,9,706,0.0194,1560,
P16,80,0.5,101,pssa,0,SUCCESS,1,8.15,8.15,,9,652,0.4391,1560,
P16,80,0.5,101,pssa,1,SUCCESS,1,8.15,8.15,,9,652,0.437,1560,
P16,60,0.5,103,minorminer,4,SUCCESS,1,7.0667,6.6667,,10,424,12.7762,860,
P16,220,0.7,103,mmfork-cuthill,0,FAILURE,0,,,,,,68.8252,16967,status=FAILURE
P16,80,0.5,101,pssa,2,SUCCESS,1,8.15,8.15,,9,652,0.4401,1560,
P16,60,0.5,102,attraction,3,SUCCESS,1,7.0833,6.7667,,10,425,13.8098,850,
P16,80,0.5,101,pssa,4,SUCCESS,1,8.15,8.15,,9,652,0.4297,1560,
P16,80,0.5,101,pssa,3,SUCCESS,1,8.15,8.15,,9,652,0.4408,1560,
P16,60,0.5,102,attraction,4,SUCCESS,1,7.3667,7.1,,11,442,14.7117,850,
P16,220,0.7,103,mmfork-cuthill,2,FAILURE,0,,,,,,68.5405,16967,status=FAILURE
P16,220,0.7,103,mmfork-cuthill,1,FAILURE,0,,,,,,68.9517,16967,status=FAILURE
P16,60,0.5,102,attraction,1,SUCCESS,1,7.2833,6.8333,,10,437,16.3029,850,
P16,80,0.5,101,clmm,1,SUCCESS,1,8.625,8.5,,9,690,5.2721,1560,
P16,80,0.5,101,clmm,0,SUCCESS,1,8.675,8.575,,9,694,5.6549,1560,
P16,80,0.5,101,clmm,4,SUCCESS,1,8.7,8.55,,9,696,5.1735,1560,
P16,80,0.5,101,clmm,2,SUCCESS,1,8.675,8.575,,9,694,5.38,1560,
P16,80,0.5,101,clmm,3,SUCCESS,1,8.6875,8.65,,9,695,5.2294,1560,
P16,60,0.5,103,mmfork-cuthill,0,SUCCESS,1,6.65,6.35,,9,399,16.8195,860,
P16,60,0.5,102,attraction,0,SUCCESS,1,7.3333,6.9667,,11,440,18.9542,850,
P16,80,0.5,101,minorminer,0,SUCCESS,1,10.1875,9.5375,,16,815,12.6674,1560,
P16,60,0.5,103,attraction,4,SUCCESS,1,8.0667,7.55,,12,484,13.9823,860,
P16,220,0.7,103,mmfork-cuthill,3,FAILURE,0,,,,,,70.6395,16967,status=FAILURE
P16,80,0.5,101,minorminer,1,SUCCESS,1,10.3625,9.4875,,16,829,13.057,1560,
P16,60,0.5,103,attraction,1,SUCCESS,1,7.4,6.9,,11,444,15.7327,860,
P16,60,0.5,102,attraction,2,SUCCESS,1,6.9833,6.7833,,9,419,23.167,850,
P16,80,0.5,102,template,-1,SUCCESS,1,8.0375,8.0375,8.825,9,643,0.0204,1549,
P16,220,0.7,103,mmfork-cuthill,4,FAILURE,0,,,,,,71.3396,16967,status=FAILURE
P16,80,0.5,102,clique,-1,SUCCESS,1,8.825,8.0375,,9,706,0.0191,1549,
P16,80,0.5,102,pssa,0,SUCCESS,1,8.175,8.175,,9,654,0.4602,1549,
P16,80,0.5,102,pssa,1,SUCCESS,1,8.175,8.175,,9,654,0.4537,1549,
P16,60,0.5,103,attraction,2,SUCCESS,1,7.65,7.25,,11,459,17.6169,860,
P16,80,0.5,102,pssa,2,SUCCESS,1,8.175,8.175,,9,654,0.4493,1549,
P16,80,0.5,102,pssa,3,SUCCESS,1,8.175,8.175,,9,654,0.4491,1549,
P16,80,0.5,102,pssa,4,SUCCESS,1,8.175,8.175,,9,654,0.4394,1549,
P16,80,0.5,102,clmm,0,SUCCESS,1,8.7125,8.575,,9,697,5.1447,1549,
P16,220,0.7,103,pssa,1,FAILURE,0,,,,,,65.9493,16967,status=FAILURE
P16,80,0.5,101,minorminer,4,SUCCESS,1,10.2,9.45,,15,816,15.9813,1560,
P16,220,0.7,103,pssa,0,FAILURE,0,,,,,,67.2146,16967,status=FAILURE
P16,60,0.5,103,attraction,3,SUCCESS,1,7.4833,7.1,,11,449,18.6992,860,
P16,60,0.5,103,attraction,0,SUCCESS,1,7.2667,6.8667,,11,436,19.1896,860,
P16,80,0.5,102,minorminer,2,SUCCESS,1,10.1875,9.4,,17,815,9.1826,1549,
P16,80,0.5,102,clmm,2,SUCCESS,1,8.7,8.4625,,9,696,4.913,1549,
P16,80,0.5,102,clmm,1,SUCCESS,1,8.7375,8.625,,9,699,5.2534,1549,
P16,80,0.5,102,clmm,3,SUCCESS,1,8.675,8.5375,,9,694,5.1559,1549,
P16,80,0.5,101,mmfork-cuthill,0,SUCCESS,1,9.5,9.2125,,13,760,17.3221,1560,
P16,220,0.7,103,clmm,0,FAILURE,0,,,,,,73.6082,16967,clmm: MM stage returned empty
P16,80,0.5,102,clmm,4,SUCCESS,1,8.6375,8.5375,,9,691,5.1452,1549,
P16,220,0.7,103,pssa,4,FAILURE,0,,,,,,64.618,16967,status=FAILURE
P16,80,0.5,101,mmfork-cuthill,3,SUCCESS,1,10.05,9.3375,,16,804,18.1254,1560,
P16,80,0.5,102,mmfork-cuthill,4,SUCCESS,1,10.075,9.275,,16,806,9.3037,1549,
P16,80,0.5,101,mmfork-cuthill,4,SUCCESS,1,9.4625,8.95,,14,757,18.478,1560,
P16,220,0.7,103,pssa,2,FAILURE,0,,,,,,67.7812,16967,status=FAILURE
P16,80,0.5,103,template,-1,SUCCESS,1,8.0125,8.0125,8.825,9,641,0.0207,1544,
P16,220,0.7,103,pssa,3,FAILURE,0,,,,,,67.3043,16967,status=FAILURE
P16,80,0.5,103,clique,-1,SUCCESS,1,8.825,8.0125,,9,706,0.0204,1544,
P16,80,0.5,101,mmfork-cuthill,1,SUCCESS,1,9.925,9.3125,,15,794,20.3365,1560,
P16,80,0.5,103,pssa,0,SUCCESS,1,8.225,8.225,,9,658,0.4422,1544,
P16,80,0.5,103,pssa,1,SUCCESS,1,8.225,8.225,,9,658,0.4469,1544,
P16,80,0.5,103,pssa,2,SUCCESS,1,8.225,8.225,,9,658,0.444,1544,
P16,220,0.7,103,clmm,2,FAILURE,0,,,,,,76.5272,16967,clmm: MM stage returned empty
P16,80,0.5,103,pssa,3,SUCCESS,1,8.225,8.225,,9,658,0.4427,1544,
P16,80,0.5,103,pssa,4,SUCCESS,1,8.225,8.225,,9,658,0.4443,1544,
P16,80,0.5,102,mmfork-cuthill,1,SUCCESS,1,9.3375,8.85,,13,747,14.0169,1549,
P16,220,0.7,103,attraction,0,FAILURE,0,,,,,,63.4651,16967,status=FAILURE
P16,220,0.7,103,clmm,1,FAILURE,0,,,,,,78.2576,16967,clmm: MM stage returned empty
P16,220,0.7,103,clmm,3,FAILURE,0,,,,,,77.317,16967,clmm: MM stage returned empty
P16,80,0.5,101,mmfork-cuthill,2,SUCCESS,1,9.2625,8.725,,14,741,22.8134,1560,
P16,220,0.7,103,clmm,4,FAILURE,0,,,,,,77.1211,16967,clmm: MM stage returned empty
P16,80,0.5,101,minorminer,3,SUCCESS,1,9.7125,9.1125,,14,777,23.9286,1560,
P16,80,0.5,103,clmm,0,SUCCESS,1,8.675,8.5625,,9,694,5.5411,1544,
P16,80,0.5,103,clmm,2,SUCCESS,1,8.725,8.5875,,9,698,4.9591,1544,
P16,80,0.5,103,clmm,1,SUCCESS,1,8.7,8.625,,9,696,5.3904,1544,
P16,80,0.5,103,clmm,4,SUCCESS,1,8.6125,8.525,,9,689,4.8737,1544,
P16,80,0.5,103,clmm,3,SUCCESS,1,8.6375,8.55,,9,691,5.0768,1544,
P16,80,0.5,101,minorminer,2,SUCCESS,1,10.1,9.4125,,14,808,25.6478,1560,
P16,80,0.5,103,minorminer,1,SUCCESS,1,10.8125,10.2375,,16,865,8.7289,1544,
P16,80,0.5,102,minorminer,1,SUCCESS,1,10.4625,9.65,,16,837,19.367,1549,
P16,80,0.5,102,mmfork-cuthill,0,SUCCESS,1,9.375,8.925,,14,750,18.5908,1549,
P16,80,0.5,103,minorminer,0,SUCCESS,1,10.3625,9.6875,,16,829,11.1479,1544,
P16,100,0.5,101,template,-1,SUCCESS,1,9.72,9.72,9.82,10,972,0.0291,2425,
P16,100,0.5,101,clique,-1,SUCCESS,1,9.82,9.72,,10,982,0.0188,2425,
P16,100,0.5,101,pssa,0,SUCCESS,1,9.9,9.9,,11,990,0.4986,2425,
P16,80,0.5,102,minorminer,4,SUCCESS,1,10.0875,9.5375,,15,807,20.2019,1549,
P16,100,0.5,101,pssa,1,SUCCESS,1,9.9,9.9,,11,990,0.5857,2425,
P16,100,0.5,101,pssa,2,SUCCESS,1,9.9,9.9,,11,990,0.485,2425,
P16,100,0.5,101,pssa,3,SUCCESS,1,9.9,9.9,,11,990,0.5019,2425,
P16,100,0.5,101,pssa,4,SUCCESS,1,9.9,9.9,,11,990,0.4803,2425,
P16,220,0.7,103,attraction,1,FAILURE,0,,,,,,62.2447,16967,status=FAILURE
P16,80,0.5,102,mmfork-cuthill,2,SUCCESS,1,9.275,8.7375,,13,742,23.1589,1549,
P16,220,0.7,103,attraction,2,FAILURE,0,,,,,,61.6595,16967,status=FAILURE
P16,220,0.7,103,attraction,3,FAILURE,0,,,,,,61.8827,16967,status=FAILURE
P16,80,0.5,103,mmfork-cuthill,3,SUCCESS,1,9.0125,8.7,,14,721,14.9853,1544,
P16,220,0.7,103,attraction,4,FAILURE,0,,,,,,61.8138,16967,status=FAILURE
P16,80,0.5,103,mmfork-cuthill,2,SUCCESS,1,10.075,9.375,,15,806,17.0566,1544,
P16,80,0.5,102,mmfork-cuthill,3,SUCCESS,1,9.775,9.15,,14,782,26.6444,1549,
P16,80,0.5,103,minorminer,3,SUCCESS,1,9.8125,9.1,,15,785,19.5068,1544,
P16,100,0.5,101,clmm,0,SUCCESS,1,9.79,9.72,,10,979,11.7539,2425,
P16,100,0.5,101,clmm,1,SUCCESS,1,9.8,9.73,,10,980,11.3965,2425,
P16,80,0.5,103,minorminer,2,SUCCESS,1,10.425,9.8125,,15,834,20.7323,1544,
P16,100,0.5,101,clmm,4,SUCCESS,1,9.79,9.7,,10,979,10.9477,2425,
P16,100,0.5,101,clmm,2,SUCCESS,1,9.79,9.72,,10,979,12.7825,2425,
P16,80,0.5,101,attraction,2,SUCCESS,1,10.1125,9.5875,,15,809,33.8579,1560,
P16,100,0.5,101,clmm,3,SUCCESS,1,9.78,9.71,,10,978,12.6873,2425,
P16,80,0.5,103,minorminer,4,SUCCESS,1,9.2375,8.7875,,13,739,22.8861,1544,
P16,80,0.5,102,minorminer,0,SUCCESS,1,9.55,8.95,,14,764,36.4107,1549,
P16,80,0.5,101,attraction,4,SUCCESS,1,10.2875,9.625,,15,823,38.8339,1560,
P16,100,0.5,102,template,-1,SUCCESS,1,9.73,9.73,9.82,10,973,0.03,2502,
P16,100,0.5,102,clique,-1,SUCCESS,1,9.82,9.73,,10,982,0.0208,2502,
P16,100,0.5,102,pssa,0,SUCCESS,1,9.9,9.9,,11,990,0.5033,2502,
P16,80,0.5,101,attraction,3,SUCCESS,1,10.3375,9.525,,16,827,40.5101,1560,
P16,80,0.5,102,minorminer,3,SUCCESS,1,9.75,9.2375,,14,780,38.3499,1549,
P16,80,0.5,103,mmfork-cuthill,1,SUCCESS,1,9.525,8.8875,,14,762,28.9281,1544,
P16,100,0.5,102,pssa,1,SUCCESS,1,9.9,9.9,,11,990,0.5086,2502,
P16,80,0.5,101,attraction,1,SUCCESS,1,10.15,9.5,,15,812,41.0476,1560,
P16,100,0.5,102,pssa,2,SUCCESS,1,9.9,9.9,,11,990,0.4979,2502,
P16,100,0.5,102,pssa,3,SUCCESS,1,9.9,9.9,,11,990,0.5122,2502,
P16,100,0.5,102,pssa,4,SUCCESS,1,9.9,9.9,,11,990,0.5077,2502,
P16,100,0.5,101,minorminer,1,SUCCESS,1,12.96,11.9,,19,1296,25.5232,2425,
P16,100,0.5,102,clmm,0,SUCCESS,1,9.81,9.72,,10,981,12.203,2502,
P16,100,0.5,101,mmfork-cuthill,2,SUCCESS,1,12.3,11.6,,19,1230,26.8125,2425,
P16,100,0.5,102,clmm,2,SUCCESS,1,9.81,9.73,,10,981,12.3743,2502,
P16,100,0.5,102,clmm,1,SUCCESS,1,9.78,9.71,,10,978,12.9794,2502,
P16,100,0.5,102,minorminer,3,SUCCESS,1,14.59,13.3,,25,1459,18.0421,2502,
P16,80,0.5,103,mmfork-cuthill,4,SUCCESS,1,9.725,9.1375,,14,778,34.3526,1544,
P16,100,0.5,102,clmm,3,SUCCESS,1,9.81,9.73,,10,981,13.126,2502,
P16,80,0.5,102,attraction,2,SUCCESS,1,10.9875,10.2375,,17,879,37.7947,1549,
P16,100,0.5,102,clmm,4,SUCCESS,1,9.82,9.73,,10,982,11.2798,2502,
P16,100,0.5,101,mmfork-cuthill,0,SUCCESS,1,12.15,11.38,,19,1215,30.6653,2425,
P16,80,0.5,102,attraction,3,SUCCESS,1,10.725,9.7625,,17,858,39.404,1549,
P16,80,0.5,102,attraction,0,SUCCESS,1,10.6375,9.725,,16,851,39.8929,1549,
P16,80,0.5,103,mmfork-cuthill,0,SUCCESS,1,9.2125,8.7875,,13,737,38.5317,1544,
P16,80,0.5,101,attraction,0,SUCCESS,1,9.55,8.925,,14,764,52.5425,1560,
P16,80,0.5,103,attraction,3,SUCCESS,1,10.2375,9.525,,15,819,37.2331,1544,
P16,100,0.5,103,template,-1,SUCCESS,1,9.74,9.74,9.82,10,974,0.0331,2445,
P16,100,0.5,103,clique,-1,SUCCESS,1,9.82,9.74,,10,982,0.023,2445,
P16,80,0.5,102,attraction,4,SUCCESS,1,9.6875,9.0875,,14,775,43.184,1549,
P16,100,0.5,103,pssa,0,SUCCESS,1,9.88,9.88,,11,988,0.5199,2445,
P16,100,0.5,103,pssa,1,SUCCESS,1,9.88,9.88,,11,988,0.5293,2445,
P16,80,0.5,103,attraction,4,SUCCESS,1,10.0125,9.275,,16,801,37.9676,1544,
P16,80,0.5,102,attraction,1,SUCCESS,1,10.05,9.425,,15,804,44.6092,1549,
P16,100,0.5,103,pssa,2,SUCCESS,1,9.88,9.88,,11,988,0.5334,2445,
P16,100,0.5,101,minorminer,3,SUCCESS,1,12.87,11.94,,19,1287,36.627,2425,
P16,100,0.5,103,pssa,3,SUCCESS,1,9.88,9.88,,11,988,0.5185,2445,
P16,100,0.5,103,pssa,4,SUCCESS,1,9.88,9.88,,11,988,0.524,2445,
P16,80,0.5,103,attraction,2,SUCCESS,1,10.2125,9.5,,15,817,40.0676,1544,
P16,100,0.5,101,minorminer,0,SUCCESS,1,12.08,11.23,,19,1208,38.8676,2425,
P16,100,0.5,101,minorminer,4,SUCCESS,1,12.98,11.8,,21,1298,38.5982,2425,
P16,100,0.5,102,mmfork-cuthill,3,SUCCESS,1,12.61,11.66,,19,1261,26.0379,2502,
P16,80,0.5,103,attraction,1,SUCCESS,1,10.05,9.5625,,15,804,42.6884,1544,
P16,100,0.5,103,clmm,2,SUCCESS,1,9.82,9.74,,10,982,10.3816,2445,
P16,100,0.5,103,clmm,0,SUCCESS,1,9.78,9.7,,10,978,11.2552,2445,
P16,100,0.5,103,minorminer,2,SUCCESS,1,12.99,12.33,,21,1299,14.966,2445,
P16,100,0.5,103,clmm,1,SUCCESS,1,9.82,9.74,,10,982,10.7943,2445,
P16,100,0.5,103,clmm,3,SUCCESS,1,9.78,9.7,,10,978,11.5226,2445,
P16,100,0.5,101,mmfork-cuthill,3,SUCCESS,1,12.4,11.49,,18,1240,42.5773,2425,
P16,100,0.5,101,mmfork-cuthill,1,SUCCESS,1,12.55,11.74,,20,1255,43.3133,2425,
P16,100,0.5,102,minorminer,0,SUCCESS,1,13.17,12.2,,20,1317,35.6897,2502,
P16,100,0.5,103,clmm,4,SUCCESS,1,9.8,9.74,,10,980,11.8622,2445,
P16,80,0.5,103,attraction,0,SUCCESS,1,9.9125,9.325,,15,793,48.9497,1544,
P16,100,0.5,102,mmfork-cuthill,1,SUCCESS,1,11.58,10.89,,17,1158,36.3865,2502,
P16,140,0.5,101,template,-1,SUCCESS,1,13.0714,13.0714,13.8286,14,1830,0.1314,4763,
P16,140,0.5,101,clique,-1,SUCCESS,1,13.8286,13.0714,,14,1936,0.0214,4763,
P16,140,0.5,101,pssa,0,SUCCESS,1,13.2,13.2,,14,1848,0.5923,4763,
P16,100,0.5,103,mmfork-cuthill,2,SUCCESS,1,12.76,11.72,,21,1276,21.0632,2445,
P16,140,0.5,101,pssa,1,SUCCESS,1,13.2,13.2,,14,1848,0.5855,4763,
P16,140,0.5,101,pssa,2,SUCCESS,1,13.2,13.2,,14,1848,0.5986,4763,
P16,100,0.5,102,mmfork-cuthill,0,SUCCESS,1,12.66,11.71,,20,1266,38.8864,2502,
P16,140,0.5,101,pssa,3,SUCCESS,1,13.2,13.2,,14,1848,0.5916,4763,
P16,140,0.5,101,pssa,4,SUCCESS,1,13.2,13.2,,14,1848,0.6913,4763,
P16,100,0.5,102,minorminer,2,SUCCESS,1,12.71,11.85,,18,1271,43.038,2502,
P16,100,0.5,102,mmfork-cuthill,2,SUCCESS,1,11.96,11.43,,17,1196,41.4131,2502,
P16,100,0.5,102,minorminer,1,SUCCESS,1,12.96,11.94,,20,1296,45.3934,2502,
P16,100,0.5,103,minorminer,0,SUCCESS,1,12.91,11.98,,21,1291,34.7294,2445,
P16,100,0.5,101,minorminer,2,SUCCESS,1,12.13,11.45,,18,1213,60.8355,2425,
P16,100,0.5,101,mmfork-cuthill,4,SUCCESS,1,12.29,11.45,,17,1229,60.0896,2425,
P16,100,0.5,102,minorminer,4,SUCCESS,1,12.46,11.63,,18,1246,52.4478,2502,
P16,100,0.5,101,attraction,0,SUCCESS,1,13.62,12.58,,23,1362,60.0467,2425,
P16,100,0.5,101,attraction,1,SUCCESS,1,13.87,12.64,,21,1387,60.5223,2425,
P16,100,0.5,102,mmfork-cuthill,4,SUCCESS,1,11.51,10.81,,17,1151,52.2821,2502,
P16,100,0.5,101,attraction,3,SUCCESS,1,14.04,12.75,,22,1404,60.1784,2425,
P16,100,0.5,101,attraction,2,SUCCESS,1,13.29,12.2,,21,1329,60.7507,2425,
P16,100,0.5,101,attraction,4,SUCCESS,1,13.73,12.42,,20,1373,60.7374,2425,
P16,100,0.5,102,attraction,4,SUCCESS,1,15.19,13.62,,23,1519,46.6802,2502,
P16,100,0.5,103,mmfork-cuthill,4,SUCCESS,1,12.25,11.52,,18,1225,41.7275,2445,
P16,100,0.5,103,minorminer,4,SUCCESS,1,12.66,11.62,,18,1266,49.0143,2445,
P16,140,0.5,101,clmm,1,SUCCESS,1,13.7214,13.4643,,14,1921,33.8429,4763,
P16,140,0.5,101,clmm,0,SUCCESS,1,13.75,13.6857,,14,1925,35.5381,4763,
P16,140,0.5,101,clmm,3,SUCCESS,1,13.7571,13.6929,,14,1926,33.5181,4763,
P16,140,0.5,102,template,-1,SUCCESS,1,13.0714,13.0714,13.8286,14,1830,0.0982,4945,
P16,140,0.5,102,clique,-1,SUCCESS,1,13.8286,13.0714,,14,1936,0.0235,4945,
P16,140,0.5,102,pssa,0,SUCCESS,1,13.2286,13.2286,,14,1852,0.6096,4945,
P16,140,0.5,102,pssa,1,SUCCESS,1,13.2286,13.2286,,14,1852,0.6616,4945,
P16,100,0.5,102,attraction,0,SUCCESS,1,15.15,13.83,,23,1515,57.5924,2502,
P16,100,0.5,103,minorminer,3,SUCCESS,1,12.27,11.55,,18,1227,52.5182,2445,
P16,140,0.5,102,pssa,2,SUCCESS,1,13.2286,13.2286,,14,1852,0.6004,4945,
P16,140,0.5,102,pssa,3,SUCCESS,1,13.2286,13.2286,,14,1852,0.5992,4945,
P16,140,0.5,102,pssa,4,SUCCESS,1,13.2286,13.2286,,14,1852,0.5859,4945,
P16,140,0.5,101,clmm,4,SUCCESS,1,13.7143,13.6357,,14,1920,34.0177,4763,
P16,140,0.5,101,clmm,2,SUCCESS,1,13.8143,13.0571,,14,1934,36.8444,4763,
P16,100,0.5,102,attraction,1,SUCCESS,1,13.97,12.92,,22,1397,60.2004,2502,
P16,100,0.5,102,attraction,3,SUCCESS,1,13.37,12.27,,21,1337,60.4948,2502,
P16,100,0.5,102,attraction,2,SUCCESS,1,13.16,11.96,,20,1316,61.0748,2502,
P16,100,0.5,103,mmfork-cuthill,1,SUCCESS,1,12.45,11.75,,18,1245,57.2825,2445,
P16,100,0.5,103,minorminer,1,SUCCESS,1,12.64,11.65,,18,1264,60.7365,2445,
P16,100,0.5,103,mmfork-cuthill,0,SUCCESS,1,12.06,11.36,,17,1206,60.02,2445,
P16,100,0.5,103,mmfork-cuthill,3,SUCCESS,1,11.98,11.24,,17,1198,60.8857,2445,
P16,140,0.5,102,mmfork-cuthill,0,SUCCESS,1,17.7571,16.2643,,29,2486,28.222,4945,
P16,100,0.5,103,attraction,2,SUCCESS,1,13.74,12.39,,21,1374,58.314,2445,
P16,100,0.5,103,attraction,0,SUCCESS,1,12.51,11.61,,19,1251,60.0792,2445,
P16,100,0.5,103,attraction,1,SUCCESS,1,13.8,12.77,,22,1380,60.4566,2445,
P16,100,0.5,103,attraction,3,SUCCESS,1,13.76,12.66,,20,1376,60.4419,2445,
P16,100,0.5,103,attraction,4,SUCCESS,1,13.63,12.34,,21,1363,60.2964,2445,
P16,140,0.5,101,minorminer,1,SUCCESS,1,18.3143,16.7786,,29,2564,60.8046,4763,
P16,140,0.5,101,minorminer,2,SUCCESS,1,21.05,18.4786,,33,2947,60.4499,4763,
P16,140,0.5,103,template,-1,SUCCESS,1,13.1071,13.1071,13.8286,14,1835,0.0967,4833,
P16,140,0.5,103,clique,-1,SUCCESS,1,13.8286,13.1071,,14,1936,0.0252,4833,
P16,140,0.5,101,minorminer,0,SUCCESS,1,19.0786,17.3857,,29,2671,61.647,4763,
P16,140,0.5,103,pssa,0,SUCCESS,1,13.2786,13.2786,,14,1859,0.6849,4833,
P16,140,0.5,103,pssa,1,SUCCESS,1,13.2786,13.2786,,14,1859,0.6752,4833,
P16,140,0.5,103,pssa,2,SUCCESS,1,13.2786,13.2786,,14,1859,0.6798,4833,
P16,140,0.5,103,pssa,3,SUCCESS,1,13.2786,13.2786,,14,1859,0.59,4833,
P16,140,0.5,101,minorminer,3,SUCCESS,1,20.6286,18.6071,,32,2888,61.7637,4763,
P16,140,0.5,103,pssa,4,SUCCESS,1,13.2786,13.2786,,14,1859,0.6737,4833,
P16,140,0.5,101,minorminer,4,SUCCESS,1,18.8429,17.2214,,31,2638,61.4532,4763,
P16,140,0.5,101,mmfork-cuthill,0,SUCCESS,1,18.0071,16.5214,,29,2521,60.4109,4763,
P16,140,0.5,101,mmfork-cuthill,2,SUCCESS,1,18.9143,17.3786,,29,2648,61.4293,4763,
P16,140,0.5,101,mmfork-cuthill,1,SUCCESS,1,16.8,15.6929,,26,2352,61.8574,4763,
P16,140,0.5,101,mmfork-cuthill,3,SUCCESS,1,18.5071,17.2143,,30,2591,61.4578,4763,
P16,140,0.5,101,mmfork-cuthill,4,SUCCESS,1,19.7429,18.0214,,32,2764,61.2349,4763,
P16,140,0.5,102,clmm,0,SUCCESS,1,13.7786,13.7143,,14,1929,37.1736,4945,
P16,140,0.5,102,clmm,2,SUCCESS,1,13.8071,13.2286,,14,1933,36.1153,4945,
P16,140,0.5,102,clmm,1,SUCCESS,1,13.7643,13.6929,,14,1927,39.3951,4945,
P16,140,0.5,101,attraction,0,SUCCESS,1,28.65,28.6143,,70,4011,60.0335,4763,
P16,140,0.5,101,attraction,1,SUCCESS,1,22.5214,19.8786,,39,3153,61.2534,4763,
P16,140,0.5,101,attraction,2,SUCCESS,1,20.6,18.3286,,34,2884,61.2667,4763,
P16,140,0.5,102,clmm,3,SUCCESS,1,13.7714,13.5786,,14,1928,36.3563,4945,
P16,140,0.5,102,clmm,4,SUCCESS,1,13.7286,13.65,,14,1922,36.9987,4945,
P16,140,0.5,101,attraction,4,SUCCESS,1,22.9,20.3143,,39,3206,61.3275,4763,
P16,140,0.5,102,minorminer,0,SUCCESS,1,19.9357,18.0214,,30,2791,61.004,4945,
P16,140,0.5,101,attraction,3,FAILURE,0,,,,,,64.7294,4763,status=FAILURE
P16,140,0.5,102,minorminer,2,SUCCESS,1,20.65,18.6071,,33,2891,60.1298,4945,
P16,180,0.5,101,template,-1,SUCCESS,1,16.5833,16.5833,16.6667,17,2985,0.1745,7925,
P16,180,0.5,101,clique,-1,SUCCESS,1,16.6667,16.5833,,17,3000,0.0211,7925,
P16,140,0.5,102,minorminer,3,SUCCESS,1,19.9429,18.0786,,32,2792,60.4339,4945,
P16,140,0.5,102,minorminer,1,SUCCESS,1,19.3714,17.7429,,32,2712,61.7203,4945,
P16,180,0.5,101,pssa,0,SUCCESS,1,16.5889,16.5889,,17,2986,0.5709,7925,
P16,180,0.5,101,pssa,1,SUCCESS,1,16.5889,16.5889,,17,2986,0.5841,7925,
P16,180,0.5,101,pssa,2,SUCCESS,1,16.5889,16.5889,,17,2986,0.5772,7925,
P16,180,0.5,101,pssa,3,SUCCESS,1,16.5889,16.5889,,17,2986,0.5816,7925,
P16,180,0.5,101,pssa,4,SUCCESS,1,16.5889,16.5889,,17,2986,0.5905,7925,
P16,140,0.5,102,minorminer,4,SUCCESS,1,17.7929,16.4714,,27,2491,60.2262,4945,
P16,140,0.5,102,mmfork-cuthill,2,SUCCESS,1,18.1429,16.6714,,28,2540,60.4163,4945,
P16,140,0.5,102,mmfork-cuthill,1,SUCCESS,1,18.5143,17.0357,,30,2592,60.7356,4945,
P16,140,0.5,103,clmm,2,SUCCESS,1,13.8286,13.1071,,14,1936,30.4152,4833,
P16,140,0.5,102,mmfork-cuthill,3,SUCCESS,1,16.5214,15.4357,,27,2313,61.3876,4945,
P16,140,0.5,102,mmfork-cuthill,4,SUCCESS,1,19.1071,17.3429,,30,2675,61.9571,4945,
P16,140,0.5,103,minorminer,2,SUCCESS,1,22.7786,20.0357,,35,3189,47.8177,4833,
P16,140,0.5,103,clmm,4,SUCCESS,1,13.7357,13.6571,,14,1923,32.4425,4833,
P16,140,0.5,103,clmm,0,SUCCESS,1,13.75,13.6786,,14,1925,36.4358,4833,
P16,140,0.5,103,clmm,3,SUCCESS,1,13.7286,13.6786,,14,1922,36.1714,4833,
P16,140,0.5,103,clmm,1,SUCCESS,1,13.7571,13.6786,,14,1926,36.9532,4833,
P16,140,0.5,102,attraction,1,SUCCESS,1,21.8,19.2,,36,3052,60.0727,4945,
P16,140,0.5,102,attraction,2,SUCCESS,1,22.7429,20.15,,37,3184,60.6692,4945,
P16,140,0.5,102,attraction,0,SUCCESS,1,19.8571,17.9857,,33,2780,61.1996,4945,
P16,140,0.5,103,minorminer,0,SUCCESS,1,18.2143,16.7714,,30,2550,60.5154,4833,
P16,140,0.5,102,attraction,3,SUCCESS,1,22.5857,19.6786,,38,3162,60.9518,4945,
P16,140,0.5,102,attraction,4,SUCCESS,1,20.1143,18.25,,34,2816,61.2597,4945,
P16,140,0.5,103,minorminer,1,SUCCESS,1,19.6571,17.9357,,29,2752,61.3934,4833,
P16,140,0.5,103,minorminer,3,SUCCESS,1,19.5,17.7429,,31,2730,60.5965,4833,
P16,180,0.5,102,template,-1,SUCCESS,1,16.5944,16.5944,16.6667,17,2987,0.1796,8056,
P16,180,0.5,102,clique,-1,SUCCESS,1,16.6667,16.5944,,17,3000,0.019,8056,
P16,180,0.5,102,pssa,0,SUCCESS,1,16.5944,16.5944,,17,2987,0.5679,8056,
P16,180,0.5,102,pssa,1,SUCCESS,1,16.5944,16.5944,,17,2987,0.557,8056,
P16,180,0.5,102,pssa,2,SUCCESS,1,16.5944,16.5944,,17,2987,0.5605,8056,
P16,180,0.5,102,pssa,3,SUCCESS,1,16.5944,16.5944,,17,2987,0.5595,8056,
P16,180,0.5,102,pssa,4,SUCCESS,1,16.5944,16.5944,,17,2987,0.5701,8056,
P16,140,0.5,103,minorminer,4,SUCCESS,1,19.2714,17.45,,29,2698,60.7377,4833,
P16,140,0.5,103,mmfork-cuthill,0,SUCCESS,1,19.3357,17.4857,,31,2707,61.6207,4833,
P16,140,0.5,103,mmfork-cuthill,1,SUCCESS,1,18.1286,16.65,,31,2538,61.2822,4833,
P16,140,0.5,103,mmfork-cuthill,2,SUCCESS,1,19.8357,17.8857,,30,2777,61.4252,4833,
P16,140,0.5,103,mmfork-cuthill,3,SUCCESS,1,18.8071,17.3857,,29,2633,60.5684,4833,
P16,140,0.5,103,mmfork-cuthill,4,SUCCESS,1,19.1786,17.3929,,29,2685,60.7246,4833,
P16,140,0.5,103,attraction,0,SUCCESS,1,21.3286,18.8357,,38,2986,60.6255,4833,
P16,140,0.5,103,attraction,1,SUCCESS,1,20.9643,18.8286,,36,2935,61.0714,4833,
P16,140,0.5,103,attraction,4,SUCCESS,1,22.2786,19.7,,36,3119,60.1112,4833,
P16,140,0.5,103,attraction,2,SUCCESS,1,22.4,19.7286,,39,3136,61.5009,4833,
P16,140,0.5,103,attraction,3,SUCCESS,1,20.4286,18.2,,33,2860,61.5514,4833,
P16,180,0.5,101,minorminer,1,SUCCESS,1,22.2167,20.7556,,37,3999,60.4296,7925,
P16,180,0.5,101,clmm,1,SUCCESS,1,16.6667,16.5833,,17,3000,52.2986,7925,
P16,180,0.5,101,minorminer,2,FAILURE,0,,,,,,65.4721,7925,status=FAILURE
P16,180,0.5,101,minorminer,4,FAILURE,0,,,,,,64.1094,7925,status=FAILURE
P16,180,0.5,101,clmm,0,SUCCESS,1,16.6667,16.5833,,17,3000,56.0732,7925,
P16,180,0.5,101,minorminer,3,FAILURE,0,,,,,,65.4846,7925,status=FAILURE
P16,180,0.5,101,minorminer,0,FAILURE,0,,,,,,68.042,7925,status=FAILURE
P16,180,0.5,101,clmm,2,SUCCESS,1,16.6667,16.5833,,17,3000,55.9825,7925,
P16,180,0.5,103,template,-1,SUCCESS,1,16.5611,16.5611,16.6667,17,2981,0.1786,8069,
P16,180,0.5,103,clique,-1,SUCCESS,1,16.6667,16.5611,,17,3000,0.0206,8069,
P16,180,0.5,103,pssa,0,SUCCESS,1,16.5556,16.5556,,17,2980,0.5546,8069,
P16,180,0.5,101,mmfork-cuthill,0,FAILURE,0,,,,,,64.9862,7925,status=FAILURE
P16,180,0.5,101,mmfork-cuthill,1,FAILURE,0,,,,,,64.9431,7925,status=FAILURE
P16,180,0.5,103,pssa,1,SUCCESS,1,16.5556,16.5556,,17,2980,0.5503,8069,
P16,180,0.5,103,pssa,3,SUCCESS,1,16.5556,16.5556,,17,2980,0.4493,8069,
P16,180,0.5,103,pssa,2,SUCCESS,1,16.5556,16.5556,,17,2980,0.5556,8069,
P16,180,0.5,103,pssa,4,SUCCESS,1,16.5556,16.5556,,17,2980,0.5436,8069,
P16,180,0.5,101,mmfork-cuthill,3,SUCCESS,1,25.7,23.5833,,54,4626,60.3107,7925,
P16,180,0.5,101,clmm,3,SUCCESS,1,16.6667,16.5833,,17,3000,59.8157,7925,
P16,180,0.5,101,clmm,4,SUCCESS,1,16.6667,16.5833,,17,3000,59.8224,7925,
P16,180,0.5,101,mmfork-cuthill,4,FAILURE,0,,,,,,68.1171,7925,status=FAILURE
P16,180,0.5,101,mmfork-cuthill,2,FAILURE,0,,,,,,69.7265,7925,status=FAILURE
P16,180,0.5,102,minorminer,0,FAILURE,0,,,,,,64.3185,8056,status=FAILURE
P16,180,0.5,101,attraction,1,FAILURE,0,,,,,,68.7065,7925,status=FAILURE
P16,180,0.5,101,attraction,2,FAILURE,0,,,,,,68.6543,7925,status=FAILURE
P16,180,0.5,101,attraction,0,FAILURE,0,,,,,,69.7771,7925,status=FAILURE
P16,180,0.5,101,attraction,3,FAILURE,0,,,,,,69.0924,7925,status=FAILURE
P16,180,0.5,101,attraction,4,FAILURE,0,,,,,,67.8758,7925,status=FAILURE
P16,180,0.5,102,minorminer,3,FAILURE,0,,,,,,64.4659,8056,status=FAILURE
P16,180,0.5,102,minorminer,1,FAILURE,0,,,,,,67.3069,8056,status=FAILURE
P16,180,0.5,102,minorminer,2,FAILURE,0,,,,,,67.3036,8056,status=FAILURE
P16,180,0.5,102,clmm,2,SUCCESS,1,16.6667,16.5944,,17,3000,56.1789,8056,
P16,180,0.5,102,mmfork-cuthill,0,FAILURE,0,,,,,,67.4948,8056,status=FAILURE
P16,180,0.5,102,minorminer,4,FAILURE,0,,,,,,67.7245,8056,status=FAILURE
P16,180,0.5,102,mmfork-cuthill,2,FAILURE,0,,,,,,66.1511,8056,status=FAILURE
P16,240,0.5,101,template,-1,INFEASIBLE,0,,,,,,0.0,14281,n=240 > max clique 180
P16,240,0.5,101,clique,-1,FAILURE,0,,,,,,0.0198,14281,status=FAILURE
P16,180,0.5,102,clmm,0,SUCCESS,1,16.6667,16.5944,,17,3000,58.5289,8056,
P16,180,0.5,102,mmfork-cuthill,3,FAILURE,0,,,,,,67.3593,8056,status=FAILURE
P16,180,0.5,102,mmfork-cuthill,1,FAILURE,0,,,,,,69.8399,8056,status=FAILURE
P16,180,0.5,102,clmm,3,SUCCESS,1,16.6667,16.5944,,17,3000,61.1393,8056,
P16,180,0.5,102,clmm,1,SUCCESS,1,16.6667,16.5944,,17,3000,63.135,8056,
P16,180,0.5,102,clmm,4,SUCCESS,1,16.6611,16.5944,,17,2999,63.9384,8056,
P16,180,0.5,102,mmfork-cuthill,4,FAILURE,0,,,,,,66.2443,8056,status=FAILURE
P16,180,0.5,102,attraction,0,FAILURE,0,,,,,,67.7757,8056,status=FAILURE
P16,180,0.5,102,attraction,1,FAILURE,0,,,,,,69.308,8056,status=FAILURE
P16,180,0.5,103,minorminer,1,SUCCESS,1,24.4389,22.2056,,55,4399,60.5175,8069,
P16,180,0.5,102,attraction,3,FAILURE,0,,,,,,67.7151,8056,status=FAILURE
P16,180,0.5,102,attraction,2,FAILURE,0,,,,,,69.9017,8056,status=FAILURE
P16,180,0.5,103,minorminer,0,FAILURE,0,,,,,,65.707,8069,status=FAILURE
P16,180,0.5,102,attraction,4,FAILURE,0,,,,,,67.8974,8056,status=FAILURE
P16,180,0.5,103,minorminer,2,FAILURE,0,,,,,,66.3804,8069,status=FAILURE
P16,180,0.5,103,mmfork-cuthill,1,FAILURE,0,,,,,,60.5212,8069,status=FAILURE
P16,180,0.5,103,mmfork-cuthill,0,FAILURE,0,,,,,,63.8954,8069,status=FAILURE
P16,180,0.5,103,minorminer,3,FAILURE,0,,,,,,64.991,8069,status=FAILURE
P16,180,0.5,103,minorminer,4,FAILURE,0,,,,,,65.3688,8069,status=FAILURE
P16,180,0.5,103,mmfork-cuthill,2,FAILURE,0,,,,,,65.6453,8069,status=FAILURE
P16,180,0.5,103,clmm,1,SUCCESS,1,16.6556,16.5556,,17,2998,61.2793,8069,
P16,180,0.5,103,mmfork-cuthill,3,FAILURE,0,,,,,,65.9706,8069,status=FAILURE
P16,180,0.5,103,clmm,0,SUCCESS,1,16.6667,16.5611,,17,3000,61.9967,8069,
P16,180,0.5,103,clmm,2,SUCCESS,1,16.6667,16.5611,,17,3000,62.0729,8069,
P16,180,0.5,103,mmfork-cuthill,4,FAILURE,0,,,,,,65.4655,8069,status=FAILURE
P16,240,0.5,102,template,-1,INFEASIBLE,0,,,,,,0.0,14405,n=240 > max clique 180
P16,240,0.5,102,clique,-1,FAILURE,0,,,,,,0.0193,14405,status=FAILURE
P16,180,0.5,103,clmm,3,SUCCESS,1,16.6611,16.5611,,17,2999,64.4969,8069,
P16,180,0.5,103,clmm,4,SUCCESS,1,16.6667,16.5611,,17,3000,64.1305,8069,
P16,180,0.5,103,attraction,3,FAILURE,0,,,,,,68.1773,8069,status=FAILURE
P16,180,0.5,103,attraction,0,FAILURE,0,,,,,,68.8954,8069,status=FAILURE
P16,180,0.5,103,attraction,2,FAILURE,0,,,,,,68.9095,8069,status=FAILURE
P16,180,0.5,103,attraction,1,FAILURE,0,,,,,,69.6354,8069,status=FAILURE
P16,240,0.5,101,minorminer,0,FAILURE,0,,,,,,66.9873,14281,status=FAILURE
P16,180,0.5,103,attraction,4,FAILURE,0,,,,,,69.2903,8069,status=FAILURE
P16,240,0.5,101,minorminer,1,FAILURE,0,,,,,,68.0356,14281,status=FAILURE
P16,240,0.5,101,minorminer,2,FAILURE,0,,,,,,70.2763,14281,status=FAILURE
P16,240,0.5,101,minorminer,4,FAILURE,0,,,,,,67.2635,14281,status=FAILURE
P16,240,0.5,101,minorminer,3,FAILURE,0,,,,,,69.97,14281,status=FAILURE
P16,240,0.5,101,pssa,0,FAILURE,0,,,,,,61.8341,14281,status=FAILURE
P16,240,0.5,101,mmfork-cuthill,3,FAILURE,0,,,,,,68.1559,14281,status=FAILURE
P16,240,0.5,101,clmm,0,FAILURE,0,,,,,,67.9336,14281,clmm: MM stage returned empty
P16,240,0.5,101,mmfork-cuthill,4,FAILURE,0,,,,,,68.4812,14281,status=FAILURE
P16,240,0.5,101,mmfork-cuthill,1,FAILURE,0,,,,,,71.4477,14281,status=FAILURE
P16,240,0.5,101,mmfork-cuthill,0,FAILURE,0,,,,,,73.4701,14281,status=FAILURE
P16,240,0.5,101,mmfork-cuthill,2,FAILURE,0,,,,,,72.0012,14281,status=FAILURE
P16,240,0.5,101,pssa,1,FAILURE,0,,,,,,66.8886,14281,status=FAILURE
P16,240,0.5,101,pssa,2,FAILURE,0,,,,,,67.1804,14281,status=FAILURE
P16,240,0.5,101,pssa,3,FAILURE,0,,,,,,66.2655,14281,status=FAILURE
P16,240,0.5,101,pssa,4,FAILURE,0,,,,,,66.4749,14281,status=FAILURE
P16,240,0.5,101,clmm,1,FAILURE,0,,,,,,74.0754,14281,clmm: MM stage returned empty
P16,240,0.5,101,clmm,2,FAILURE,0,,,,,,72.7599,14281,clmm: MM stage returned empty
P16,240,0.5,103,template,-1,INFEASIBLE,0,,,,,,0.0,14333,n=240 > max clique 180
P16,240,0.5,103,clique,-1,FAILURE,0,,,,,,0.0202,14333,status=FAILURE
P16,240,0.5,101,clmm,4,FAILURE,0,,,,,,73.3452,14281,clmm: MM stage returned empty
P16,240,0.5,101,clmm,3,FAILURE,0,,,,,,74.3836,14281,clmm: MM stage returned empty
P16,240,0.5,101,attraction,1,FAILURE,0,,,,,,74.6494,14281,status=FAILURE
P16,240,0.5,102,minorminer,4,FAILURE,0,,,,,,67.3905,14405,status=FAILURE
P16,240,0.5,102,minorminer,2,FAILURE,0,,,,,,69.3176,14405,status=FAILURE
P16,240,0.5,101,attraction,0,FAILURE,0,,,,,,81.3135,14281,status=FAILURE
P16,240,0.5,102,minorminer,3,FAILURE,0,,,,,,69.0134,14405,status=FAILURE
P16,240,0.5,102,minorminer,0,FAILURE,0,,,,,,71.4533,14405,status=FAILURE
P16,240,0.5,101,attraction,2,FAILURE,0,,,,,,81.9226,14281,status=FAILURE
P16,240,0.5,102,minorminer,1,FAILURE,0,,,,,,72.5189,14405,status=FAILURE
P16,240,0.5,102,mmfork-cuthill,0,FAILURE,0,,,,,,68.4591,14405,status=FAILURE
P16,240,0.5,101,attraction,4,FAILURE,0,,,,,,74.8805,14281,status=FAILURE
P16,60,0.3,101,minorminer,0,SUCCESS,1,6.25,6.0,,9,375,2.5336,535,
P16,240,0.5,102,mmfork-cuthill,1,FAILURE,0,,,,,,69.7837,14405,status=FAILURE
P16,60,0.3,101,minorminer,1,SUCCESS,1,5.8333,5.7,,9,350,3.9491,535,
P16,240,0.5,102,pssa,0,FAILURE,0,,,,,,62.2567,14405,status=FAILURE
P16,60,0.3,101,minorminer,2,SUCCESS,1,6.2,6.0,,10,372,4.2288,535,
P16,240,0.5,101,attraction,3,FAILURE,0,,,,,,82.3458,14281,status=FAILURE
P16,60,0.3,101,mmfork-cuthill,0,SUCCESS,1,6.5,6.25,,10,390,2.0135,535,
P16,60,0.3,101,mmfork-cuthill,2,SUCCESS,1,6.1667,6.0,,10,370,2.2259,535,
P16,240,0.5,102,pssa,2,FAILURE,0,,,,,,61.4254,14405,status=FAILURE
P16,240,0.5,102,mmfork-cuthill,3,FAILURE,0,,,,,,70.4738,14405,status=FAILURE
P16,60,0.3,101,minorminer,4,SUCCESS,1,6.3333,6.0167,,10,380,3.5975,535,
P16,240,0.5,102,mmfork-cuthill,4,FAILURE,0,,,,,,69.6165,14405,status=FAILURE
P16,60,0.3,101,mmfork-cuthill,1,SUCCESS,1,6.0333,5.8333,,9,362,3.7337,535,
P16,60,0.3,101,template,-1,SUCCESS,1,6.25,6.25,6.8,7,375,0.0069,535,
P16,60,0.3,101,clique,-1,SUCCESS,1,6.8,6.25,,7,408,0.021,535,
P16,60,0.3,101,minorminer,3,SUCCESS,1,5.95,5.7333,,9,357,6.8614,535,
P16,60,0.3,101,clmm,0,SUCCESS,1,5.85,5.8167,,7,351,1.2358,535,
P16,60,0.3,101,pssa,0,SUCCESS,1,6.2833,6.2833,,7,377,0.356,535,
P16,60,0.3,101,clmm,1,SUCCESS,1,6.2833,6.1667,,7,377,1.2209,535,
P16,60,0.3,101,clmm,2,SUCCESS,1,6.0333,5.9833,,7,362,1.1294,535,
P16,60,0.3,101,clmm,4,SUCCESS,1,6.6667,6.3667,,7,400,0.9623,535,
P16,60,0.3,101,pssa,1,SUCCESS,1,6.2833,6.2833,,7,377,0.4405,535,
P16,60,0.3,101,pssa,2,SUCCESS,1,6.2833,6.2833,,7,377,0.4485,535,
P16,60,0.3,101,pssa,3,SUCCESS,1,6.2833,6.2833,,7,377,0.3676,535,
P16,60,0.3,101,pssa,4,SUCCESS,1,6.2833,6.2833,,7,377,0.3552,535,
P16,60,0.3,101,clmm,3,SUCCESS,1,5.9,5.7667,,7,354,2.1786,535,
P16,240,0.5,102,mmfork-cuthill,2,FAILURE,0,,,,,,73.1135,14405,status=FAILURE
P16,60,0.3,101,mmfork-cuthill,3,SUCCESS,1,5.5333,5.45,,8,332,4.6193,535,
P16,60,0.3,101,mmfork-cuthill,4,SUCCESS,1,6.0167,5.8833,,10,361,4.4304,535,
P16,240,0.5,102,clmm,2,FAILURE,0,,,,,,70.0251,14405,clmm: MM stage returned empty
P16,240,0.5,102,pssa,1,FAILURE,0,,,,,,67.8322,14405,status=FAILURE
P16,240,0.5,102,clmm,1,FAILURE,0,,,,,,72.0861,14405,clmm: MM stage returned empty
P16,60,0.3,102,mmfork-cuthill,0,SUCCESS,1,5.7167,5.55,,9,343,1.9815,489,
P16,60,0.3,102,minorminer,3,SUCCESS,1,5.7333,5.6167,,8,344,2.7569,489,
P16,60,0.3,102,minorminer,4,SUCCESS,1,5.8333,5.7,,9,350,2.8159,489,
P16,60,0.3,102,minorminer,2,SUCCESS,1,5.7833,5.6833,,9,347,3.7799,489,
P16,60,0.3,102,minorminer,1,SUCCESS,1,5.55,5.3167,,8,333,4.1799,489,
P16,60,0.3,102,clmm,1,SUCCESS,1,5.8167,5.6667,,7,349,0.8766,489,
P16,60,0.3,102,clmm,0,SUCCESS,1,5.65,5.55,,7,339,1.3451,489,
P16,240,0.5,102,clmm,0,FAILURE,0,,,,,,75.6278,14405,clmm: MM stage returned empty
P16,60,0.3,102,template,-1,SUCCESS,1,6.0833,6.0833,6.8,7,365,0.0108,489,
P16,60,0.3,102,clique,-1,SUCCESS,1,6.8,6.0833,,7,408,0.0214,489,
P16,60,0.3,102,mmfork-cuthill,1,SUCCESS,1,5.4667,5.35,,8,328,3.1944,489,
P16,60,0.3,102,pssa,0,SUCCESS,1,6.05,6.05,,7,363,0.3547,489,
P16,60,0.3,102,clmm,2,SUCCESS,1,5.7667,5.6167,,7,346,1.8272,489,
P16,60,0.3,102,pssa,1,SUCCESS,1,6.05,6.05,,7,363,0.3633,489,
P16,60,0.3,102,pssa,2,SUCCESS,1,6.05,6.05,,7,363,0.3556,489,
P16,60,0.3,102,minorminer,0,SUCCESS,1,5.2833,5.1833,,8,317,7.031,489,
P16,60,0.3,102,clmm,3,SUCCESS,1,5.55,5.45,,7,333,1.4554,489,
P16,60,0.3,102,mmfork-cuthill,2,SUCCESS,1,5.6,5.3833,,8,336,3.0018,489,
P16,60,0.3,102,pssa,3,SUCCESS,1,6.05,6.05,,7,363,0.3522,489,
P16,60,0.3,102,pssa,4,SUCCESS,1,6.05,6.05,,7,363,0.3494,489,
P16,240,0.5,102,clmm,3,FAILURE,0,,,,,,74.8053,14405,clmm: MM stage returned empty
P16,240,0.5,102,clmm,4,FAILURE,0,,,,,,74.4163,14405,clmm: MM stage returned empty
P16,60,0.3,102,mmfork-cuthill,3,SUCCESS,1,5.6833,5.45,,9,341,3.2064,489,
P16,60,0.3,102,clmm,4,SUCCESS,1,5.55,5.5,,7,333,1.562,489,
P16,240,0.5,102,pssa,3,FAILURE,0,,,,,,65.4029,14405,status=FAILURE
P16,60,0.3,101,attraction,2,SUCCESS,1,6.4,6.1333,,10,384,9.0328,535,
P16,60,0.3,103,minorminer,0,SUCCESS,1,6.3333,6.0833,,10,380,2.1548,524,
P16,60,0.3,102,mmfork-cuthill,4,SUCCESS,1,5.7333,5.6,,9,344,5.1732,489,
P16,60,0.3,101,attraction,4,SUCCESS,1,5.9167,5.7333,,9,355,9.802,535,
P16,60,0.3,103,minorminer,3,SUCCESS,1,6.0667,5.85,,10,364,3.3018,524,
P16,60,0.3,103,mmfork-cuthill,1,SUCCESS,1,5.65,5.5333,,9,339,2.6829,524,
P16,60,0.3,103,clmm,0,SUCCESS,1,6.6667,6.3,,7,400,1.002,524,
P16,60,0.3,103,minorminer,4,SUCCESS,1,5.95,5.7333,,9,357,4.1028,524,
P16,60,0.3,103,mmfork-cuthill,2,SUCCESS,1,5.8833,5.7167,,9,353,2.3928,524,
P16,60,0.3,103,mmfork-cuthill,0,SUCCESS,1,5.8,5.65,,9,348,3.1059,524,
P16,60,0.3,103,template,-1,SUCCESS,1,6.1833,6.1833,6.8,7,371,0.0104,524,
P16,60,0.3,101,attraction,1,SUCCESS,1,5.7833,5.65,,9,347,12.2875,535,
P16,60,0.3,103,clique,-1,SUCCESS,1,6.8,6.1833,,7,408,0.023,524,
P16,60,0.3,101,attraction,0,SUCCESS,1,5.7,5.5,,9,342,12.3466,535,
P16,60,0.3,103,mmfork-cuthill,3,SUCCESS,1,5.6167,5.5,,8,337,2.8218,524,
P16,60,0.3,103,pssa,0,SUCCESS,1,6.2,6.2,,7,372,0.3509,524,
P16,60,0.3,103,pssa,1,SUCCESS,1,6.2,6.2,,7,372,0.3661,524,
P16,60,0.3,101,attraction,3,SUCCESS,1,6.2667,5.95,,9,376,12.5525,535,
P16,60,0.3,103,pssa,2,SUCCESS,1,6.2,6.2,,7,372,0.4402,524,
P16,60,0.3,103,clmm,1,SUCCESS,1,6.0667,6.0333,,7,364,1.0227,524,
P16,60,0.3,103,clmm,4,SUCCESS,1,6.6667,6.3167,,7,400,0.911,524,
P16,60,0.3,103,pssa,4,SUCCESS,1,6.2,6.2,,7,372,0.3678,524,
P16,60,0.3,103,pssa,3,SUCCESS,1,6.2,6.2,,7,372,0.4347,524,
P16,60,0.3,103,clmm,2,SUCCESS,1,6.0,5.85,,7,360,1.1991,524,
P16,240,0.5,102,pssa,4,FAILURE,0,,,,,,69.1771,14405,status=FAILURE
P16,60,0.3,103,clmm,3,SUCCESS,1,5.9,5.8,,7,354,1.329,524,
P16,60,0.3,103,minorminer,1,SUCCESS,1,5.5833,5.4833,,8,335,5.8784,524,
P16,60,0.3,103,mmfork-cuthill,4,SUCCESS,1,5.7333,5.6167,,8,344,3.739,524,
P16,60,0.3,102,attraction,3,SUCCESS,1,5.8667,5.7,,9,352,7.4659,489,
P16,60,0.3,102,attraction,0,SUCCESS,1,5.85,5.65,,9,351,7.8927,489,
P16,60,0.3,103,minorminer,2,SUCCESS,1,5.5333,5.4,,8,332,8.0747,524,
P16,60,0.3,102,attraction,2,SUCCESS,1,5.55,5.4167,,9,333,8.9647,489,
P16,60,0.3,102,attraction,4,SUCCESS,1,5.4167,5.3,,8,325,9.7305,489,
P16,60,0.3,102,attraction,1,SUCCESS,1,5.4,5.2833,,8,324,11.2476,489,
P16,240,0.5,103,minorminer,0,FAILURE,0,,,,,,68.4726,14333,status=FAILURE
P16,240,0.5,102,attraction,0,FAILURE,0,,,,,,77.9274,14405,status=FAILURE
P16,100,0.3,101,clmm,0,SUCCESS,1,9.8,9.55,,10,980,6.0302,1461,
P16,240,0.5,102,attraction,2,FAILURE,0,,,,,,76.6294,14405,status=FAILURE
P16,100,0.3,101,template,-1,SUCCESS,1,9.52,9.52,9.82,10,952,0.0218,1461,
P16,100,0.3,101,clique,-1,SUCCESS,1,9.82,9.52,,10,982,0.0227,1461,
P16,60,0.3,103,attraction,0,SUCCESS,1,5.8833,5.7667,,9,353,9.8419,524,
P16,60,0.3,103,attraction,1,SUCCESS,1,6.1167,5.9,,9,367,9.8991,524,
P16,100,0.3,101,pssa,0,SUCCESS,1,9.75,9.75,,11,975,0.4847,1461,
P16,240,0.5,102,attraction,1,FAILURE,0,,,,,,78.1397,14405,status=FAILURE
P16,100,0.3,101,pssa,2,SUCCESS,1,9.75,9.75,,11,975,0.4841,1461,
P16,100,0.3,101,pssa,1,SUCCESS,1,9.75,9.75,,11,975,0.5599,1461,
P16,100,0.3,101,pssa,3,SUCCESS,1,9.75,9.75,,11,975,0.4745,1461,
P16,100,0.3,101,clmm,1,SUCCESS,1,9.8,9.55,,10,980,5.9404,1461,
P16,100,0.3,101,pssa,4,SUCCESS,1,9.75,9.75,,11,975,0.4971,1461,
P16,60,0.3,103,attraction,4,SUCCESS,1,5.9,5.7167,,9,354,11.0118,524,
P16,240,0.5,102,attraction,3,FAILURE,0,,,,,,78.5491,14405,status=FAILURE
P16,60,0.3,103,attraction,2,SUCCESS,1,5.6833,5.55,,8,341,12.7471,524,
P16,60,0.3,103,attraction,3,SUCCESS,1,5.8167,5.6167,,9,349,13.0966,524,
P16,100,0.3,101,clmm,2,SUCCESS,1,9.27,9.19,,10,927,7.9978,1461,
P16,240,0.5,103,minorminer,4,FAILURE,0,,,,,,63.0429,14333,status=FAILURE
P16,100,0.3,101,clmm,3,SUCCESS,1,9.75,9.46,,10,975,6.21,1461,
P16,240,0.5,102,attraction,4,FAILURE,0,,,,,,77.1137,14405,status=FAILURE
P16,100,0.3,101,clmm,4,SUCCESS,1,9.78,9.51,,10,978,6.1317,1461,
P16,240,0.5,103,mmfork-cuthill,1,FAILURE,0,,,,,,67.8292,14333,status=FAILURE
P16,240,0.5,103,minorminer,1,FAILURE,0,,,,,,72.2293,14333,status=FAILURE
P16,240,0.5,103,mmfork-cuthill,0,FAILURE,0,,,,,,68.7852,14333,status=FAILURE
P16,240,0.5,103,minorminer,2,FAILURE,0,,,,,,70.3083,14333,status=FAILURE
P16,100,0.3,101,minorminer,1,SUCCESS,1,11.18,10.47,,17,1118,19.7627,1461,
P16,100,0.3,101,minorminer,4,SUCCESS,1,11.68,10.93,,18,1168,19.6426,1461,
P16,100,0.3,102,template,-1,SUCCESS,1,9.5,9.5,9.82,10,950,0.0225,1451,
P16,100,0.3,102,clique,-1,SUCCESS,1,9.82,9.5,,10,982,0.0187,1451,
P16,100,0.3,102,pssa,0,SUCCESS,1,9.64,9.64,,11,964,0.481,1451,
P16,100,0.3,102,pssa,1,SUCCESS,1,9.64,9.64,,11,964,0.4798,1451,
P16,100,0.3,101,mmfork-cuthill,0,SUCCESS,1,10.69,10.2,,17,1069,20.6707,1461,
P16,240,0.5,103,mmfork-cuthill,3,FAILURE,0,,,,,,68.3327,14333,status=FAILURE
P16,100,0.3,101,mmfork-cuthill,1,SUCCESS,1,10.71,10.15,,16,1071,20.6537,1461,
P16,240,0.5,103,minorminer,3,FAILURE,0,,,,,,72.333,14333,status=FAILURE
P16,100,0.3,102,pssa,2,SUCCESS,1,9.64,9.64,,11,964,0.4797,1451,
P16,100,0.3,102,pssa,3,SUCCESS,1,9.64,9.64,,11,964,0.492,1451,
P16,100,0.3,102,pssa,4,SUCCESS,1,9.64,9.64,,11,964,0.4826,1451,
P16,100,0.3,101,minorminer,2,SUCCESS,1,11.11,10.53,,17,1111,21.893,1461,
P16,240,0.5,103,pssa,1,FAILURE,0,,,,,,62.9588,14333,status=FAILURE
P16,240,0.5,103,pssa,2,FAILURE,0,,,,,,62.6238,14333,status=FAILURE
P16,100,0.3,102,clmm,0,SUCCESS,1,9.82,9.5,,10,982,5.933,1451,
P16,240,0.5,103,pssa,0,FAILURE,0,,,,,,65.8724,14333,status=FAILURE
P16,100,0.3,102,clmm,3,SUCCESS,1,9.75,9.47,,10,975,5.9057,1451,
P16,100,0.3,102,clmm,2,SUCCESS,1,9.77,9.5,,10,977,5.9883,1451,
P16,100,0.3,102,clmm,1,SUCCESS,1,9.8,9.5,,10,980,6.8204,1451,
P16,100,0.3,102,clmm,4,SUCCESS,1,9.76,9.46,,10,976,6.2652,1451,
P16,100,0.3,102,mmfork-cuthill,2,SUCCESS,1,11.06,10.56,,18,1106,12.1501,1451,
P16,240,0.5,103,mmfork-cuthill,2,FAILURE,0,,,,,,75.3676,14333,status=FAILURE
P16,100,0.3,102,mmfork-cuthill,3,SUCCESS,1,11.28,10.68,,18,1128,12.7175,1451,
P16,100,0.3,101,mmfork-cuthill,2,SUCCESS,1,10.69,10.15,,16,1069,25.6035,1461,
P16,240,0.5,103,clmm,1,FAILURE,0,,,,,,71.3362,14333,clmm: MM stage returned empty
P16,240,0.5,103,mmfork-cuthill,4,FAILURE,0,,,,,,74.1098,14333,status=FAILURE
P16,100,0.3,102,minorminer,2,SUCCESS,1,12.78,11.97,,20,1278,17.2744,1451,
P16,100,0.3,103,template,-1,SUCCESS,1,9.42,9.42,9.82,10,942,0.0227,1480,
P16,100,0.3,103,clique,-1,SUCCESS,1,9.82,9.42,,10,982,0.0203,1480,
P16,100,0.3,103,pssa,0,SUCCESS,1,9.6,9.6,,11,960,0.4882,1480,
P16,100,0.3,103,pssa,1,SUCCESS,1,9.6,9.6,,11,960,0.4946,1480,
P16,240,0.5,103,clmm,2,FAILURE,0,,,,,,73.5064,14333,clmm: MM stage returned empty
P16,240,0.5,103,pssa,3,FAILURE,0,,,,,,61.6096,14333,status=FAILURE
P16,240,0.5,103,clmm,0,FAILURE,0,,,,,,75.5686,14333,clmm: MM stage returned empty
P16,100,0.3,103,pssa,2,SUCCESS,1,9.6,9.6,,11,960,0.4942,1480,
P16,100,0.3,103,pssa,3,SUCCESS,1,9.6,9.6,,11,960,0.4977,1480,
P16,100,0.3,103,pssa,4,SUCCESS,1,9.6,9.6,,11,960,0.51,1480,
P16,100,0.3,103,clmm,0,SUCCESS,1,9.78,9.44,,10,978,6.221,1480,
P16,100,0.3,103,clmm,1,SUCCESS,1,9.77,9.38,,10,977,6.1599,1480,
P16,240,0.5,103,clmm,3,FAILURE,0,,,,,,75.5655,14333,clmm: MM stage returned empty
P16,100,0.3,103,clmm,2,SUCCESS,1,9.78,9.39,,10,978,5.9796,1480,
P16,240,0.5,103,clmm,4,FAILURE,0,,,,,,76.0171,14333,clmm: MM stage returned empty
P16,100,0.3,102,minorminer,0,SUCCESS,1,11.19,10.67,,18,1119,24.1839,1451,
P16,100,0.3,101,minorminer,3,SUCCESS,1,11.3,10.55,,17,1130,35.552,1461,
P16,100,0.3,101,mmfork-cuthill,3,SUCCESS,1,10.52,10.1,,16,1052,33.9868,1461,
P16,100,0.3,103,clmm,3,SUCCESS,1,9.27,9.23,,10,927,8.4859,1480,
P16,100,0.3,102,minorminer,1,SUCCESS,1,11.84,11.0,,19,1184,25.1863,1451,
P16,100,0.3,103,clmm,4,SUCCESS,1,9.38,9.27,,10,938,11.2762,1480,
P16,100,0.3,102,mmfork-cuthill,0,SUCCESS,1,10.8,10.29,,17,1080,26.194,1451,
P16,100,0.3,102,mmfork-cuthill,1,SUCCESS,1,11.42,10.69,,18,1142,26.654,1451,
P16,100,0.3,102,mmfork-cuthill,4,SUCCESS,1,11.06,10.43,,17,1106,25.1473,1451,
P16,100,0.3,102,minorminer,4,SUCCESS,1,11.82,11.21,,18,1182,27.8094,1451,
P16,100,0.3,102,minorminer,3,SUCCESS,1,11.41,10.85,,17,1141,28.5265,1451,
P16,240,0.5,103,pssa,4,FAILURE,0,,,,,,68.4312,14333,status=FAILURE
P16,100,0.3,103,mmfork-cuthill,2,SUCCESS,1,10.86,10.28,,18,1086,16.2706,1480,
P16,140,0.3,101,template,-1,SUCCESS,1,12.85,12.85,13.8286,14,1799,0.0933,2891,
P16,140,0.3,101,clique,-1,SUCCESS,1,13.8286,12.85,,14,1936,0.0211,2891,
P16,140,0.3,101,pssa,0,SUCCESS,1,13.0357,13.0357,,14,1825,0.663,2891,
P16,140,0.3,101,pssa,1,SUCCESS,1,13.0357,13.0357,,14,1825,0.6729,2891,
P16,140,0.3,101,pssa,2,SUCCESS,1,13.0357,13.0357,,14,1825,0.6629,2891,
P16,140,0.3,101,pssa,3,SUCCESS,1,13.0357,13.0357,,14,1825,0.6761,2891,
P16,140,0.3,101,pssa,4,SUCCESS,1,13.0357,13.0357,,14,1825,0.6603,2891,
P16,100,0.3,103,minorminer,3,SUCCESS,1,11.68,11.14,,18,1168,19.8644,1480,
P16,100,0.3,103,minorminer,2,SUCCESS,1,11.67,10.93,,18,1167,20.9562,1480,
P16,100,0.3,103,mmfork-cuthill,3,SUCCESS,1,12.04,11.26,,21,1204,19.5336,1480,
P16,100,0.3,103,minorminer,4,SUCCESS,1,11.84,11.03,,18,1184,21.0831,1480,
P16,100,0.3,101,minorminer,0,SUCCESS,1,10.69,10.23,,15,1069,46.1865,1461,
P16,240,0.5,103,attraction,1,FAILURE,0,,,,,,74.2032,14333,status=FAILURE
P16,100,0.3,101,attraction,4,SUCCESS,1,12.5,11.79,,20,1250,39.0084,1461,
P16,100,0.3,103,mmfork-cuthill,4,SUCCESS,1,11.68,11.04,,18,1168,23.958,1480,
P16,240,0.5,103,attraction,3,FAILURE,0,,,,,,75.3121,14333,status=FAILURE
P16,240,0.5,103,attraction,2,FAILURE,0,,,,,,76.0104,14333,status=FAILURE
P16,240,0.5,103,attraction,0,FAILURE,0,,,,,,77.0199,14333,status=FAILURE
P16,100,0.3,101,attraction,1,SUCCESS,1,11.2,10.7,,17,1120,41.0198,1461,
P16,100,0.3,101,attraction,2,SUCCESS,1,11.72,11.16,,18,1172,41.5274,1461,
P16,240,0.5,103,attraction,4,FAILURE,0,,,,,,77.7325,14333,status=FAILURE
P16,100,0.3,103,minorminer,0,SUCCESS,1,12.0,11.3,,19,1200,35.3591,1480,
P16,140,0.3,101,clmm,2,SUCCESS,1,13.8286,12.85,,14,1936,17.2131,2891,
P16,140,0.3,101,clmm,1,SUCCESS,1,13.7571,13.5143,,14,1926,18.4618,2891,
P16,140,0.3,101,clmm,0,SUCCESS,1,13.7,13.4357,,14,1918,19.348,2891,
P16,140,0.3,101,clmm,4,SUCCESS,1,13.7357,13.4214,,14,1923,18.4599,2891,
P16,100,0.3,101,attraction,3,SUCCESS,1,11.62,11.01,,18,1162,49.537,1461,
P16,140,0.3,102,template,-1,SUCCESS,1,12.85,12.85,13.8286,14,1799,0.0716,2941,
P16,140,0.3,102,clique,-1,SUCCESS,1,13.8286,12.85,,14,1936,0.0204,2941,
P16,140,0.3,102,pssa,0,SUCCESS,1,13.0357,13.0357,,14,1825,0.6582,2941,
P16,140,0.3,102,pssa,1,SUCCESS,1,13.0357,13.0357,,14,1825,0.6478,2941,
P16,100,0.3,102,attraction,3,SUCCESS,1,11.89,11.18,,18,1189,39.1497,1451,
P16,140,0.3,102,pssa,2,SUCCESS,1,13.0357,13.0357,,14,1825,0.6579,2941,
P16,140,0.3,102,pssa,3,SUCCESS,1,13.0357,13.0357,,14,1825,0.6569,2941,
P16,140,0.3,101,clmm,3,SUCCESS,1,13.7143,13.4214,,14,1920,20.6562,2891,
P16,140,0.3,102,pssa,4,SUCCESS,1,13.0357,13.0357,,14,1825,0.6806,2941,
P16,100,0.3,102,attraction,0,SUCCESS,1,11.28,10.71,,19,1128,41.564,1451,
P16,100,0.3,101,mmfork-cuthill,4,SUCCESS,1,10.42,10.0,,16,1042,60.3943,1461,
P16,100,0.3,103,mmfork-cuthill,1,SUCCESS,1,11.02,10.37,,17,1102,37.7687,1480,
P16,140,0.3,101,mmfork-cuthill,3,SUCCESS,1,17.8143,16.6,,28,2494,30.087,2891,
P16,100,0.3,103,mmfork-cuthill,0,SUCCESS,1,11.07,10.59,,16,1107,41.3669,1480,
P16,100,0.3,102,attraction,1,SUCCESS,1,11.44,10.9,,18,1144,45.3072,1451,
P16,100,0.3,102,attraction,2,SUCCESS,1,11.15,10.62,,17,1115,46.7641,1451,
P16,100,0.3,101,attraction,0,SUCCESS,1,11.4,10.74,,17,1140,58.9224,1461,
P16,100,0.3,102,attraction,4,SUCCESS,1,11.86,11.11,,18,1186,47.2528,1451,
P16,100,0.3,103,minorminer,1,SUCCESS,1,11.08,10.41,,17,1108,46.2451,1480,
P16,140,0.3,102,clmm,0,SUCCESS,1,13.7643,13.3357,,14,1927,19.1545,2941,
P16,140,0.3,102,clmm,2,SUCCESS,1,13.8286,12.85,,14,1936,16.8571,2941,
P16,140,0.3,102,clmm,1,SUCCESS,1,13.7429,13.3571,,14,1924,19.1849,2941,
P16,140,0.3,102,clmm,3,SUCCESS,1,13.7857,13.3929,,14,1930,19.4521,2941,
P16,140,0.3,102,clmm,4,SUCCESS,1,13.7571,13.4571,,14,1926,19.6398,2941,
P16,140,0.3,101,minorminer,1,SUCCESS,1,17.7929,16.4786,,29,2491,45.5431,2891,
P16,100,0.3,103,attraction,1,SUCCESS,1,11.82,11.22,,18,1182,48.3095,1480,
P16,100,0.3,103,attraction,4,SUCCESS,1,11.44,10.94,,17,1144,46.0079,1480,
P16,140,0.3,103,template,-1,SUCCESS,1,12.8786,12.8786,13.8286,14,1803,0.0701,2902,
P16,140,0.3,103,clique,-1,SUCCESS,1,13.8286,12.8786,,14,1936,0.0239,2902,
P16,140,0.3,102,minorminer,0,SUCCESS,1,19.4,17.8214,,31,2716,33.3228,2941,
P16,140,0.3,103,pssa,0,SUCCESS,1,13.0929,13.0929,,14,1833,0.6609,2902,
P16,140,0.3,103,pssa,1,SUCCESS,1,13.0929,13.0929,,14,1833,0.673,2902,
P16,100,0.3,103,attraction,0,SUCCESS,1,11.82,10.89,,19,1182,49.5336,1480,
P16,140,0.3,103,pssa,3,SUCCESS,1,13.0929,13.0929,,14,1833,0.5635,2902,
P16,140,0.3,103,pssa,2,SUCCESS,1,13.0929,13.0929,,14,1833,0.6889,2902,
P16,140,0.3,103,pssa,4,SUCCESS,1,13.0929,13.0929,,14,1833,0.6777,2902,
P16,140,0.3,101,mmfork-cuthill,2,SUCCESS,1,17.5714,16.2286,,28,2460,48.1284,2891,
P16,100,0.3,103,attraction,2,SUCCESS,1,11.81,11.11,,18,1181,58.8395,1480,
P16,100,0.3,103,attraction,3,SUCCESS,1,11.6,10.91,,18,1160,60.0518,1480,
P16,140,0.3,101,minorminer,2,SUCCESS,1,17.0857,15.8143,,28,2392,60.0441,2891,
P16,140,0.3,101,minorminer,0,SUCCESS,1,17.8429,16.6714,,29,2498,60.9716,2891,
P16,140,0.3,102,mmfork-cuthill,0,SUCCESS,1,16.5571,15.5286,,27,2318,43.8781,2941,
P16,140,0.3,103,clmm,0,SUCCESS,1,13.7143,13.4429,,14,1920,19.9744,2902,
P16,140,0.3,101,minorminer,3,SUCCESS,1,18.2786,16.6,,30,2559,60.8072,2891,
P16,140,0.3,101,minorminer,4,SUCCESS,1,16.7214,15.6214,,27,2341,60.7939,2891,
P16,140,0.3,101,mmfork-cuthill,0,SUCCESS,1,16.5786,15.5143,,27,2321,60.032,2891,
P16,140,0.3,103,clmm,2,SUCCESS,1,13.7714,13.4929,,14,1928,18.0702,2902,
P16,140,0.3,102,minorminer,4,SUCCESS,1,17.3286,16.15,,27,2426,46.5024,2941,
P16,140,0.3,103,clmm,3,SUCCESS,1,13.75,13.45,,14,1925,18.1518,2902,
P16,140,0.3,101,mmfork-cuthill,1,SUCCESS,1,17.1071,15.9143,,25,2395,60.9705,2891,
P16,140,0.3,103,clmm,1,SUCCESS,1,13.75,13.5286,,14,1925,21.4193,2902,
P16,140,0.3,103,clmm,4,SUCCESS,1,13.7143,13.4786,,14,1920,20.1198,2902,
P16,140,0.3,101,mmfork-cuthill,4,SUCCESS,1,16.55,15.6429,,26,2317,61.0831,2891,
P16,180,0.3,101,template,-1,SUCCESS,1,16.4278,16.4278,16.6667,17,2957,0.1885,4806,
P16,180,0.3,101,clique,-1,SUCCESS,1,16.6667,16.4278,,17,3000,0.0241,4806,
P16,180,0.3,101,pssa,0,SUCCESS,1,16.4278,16.4278,,17,2957,0.6128,4806,
P16,180,0.3,101,pssa,1,SUCCESS,1,16.4278,16.4278,,17,2957,0.6176,4806,
P16,180,0.3,101,pssa,2,SUCCESS,1,16.4278,16.4278,,17,2957,0.6101,4806,
P16,180,0.3,101,pssa,3,SUCCESS,1,16.4278,16.4278,,17,2957,0.6085,4806,
P16,140,0.3,101,attraction,0,SUCCESS,1,19.7929,17.9929,,33,2771,60.0512,2891,
P16,140,0.3,103,minorminer,0,SUCCESS,1,17.5643,16.2571,,28,2459,41.1151,2902,
P16,180,0.3,101,pssa,4,SUCCESS,1,16.4278,16.4278,,17,2957,0.6133,4806,
P16,140,0.3,101,attraction,1,SUCCESS,1,18.1643,16.9357,,33,2543,60.7258,2891,
P16,140,0.3,101,attraction,3,SUCCESS,1,20.4357,18.7571,,33,2861,60.1697,2891,
P16,140,0.3,101,attraction,2,SUCCESS,1,18.9571,17.6143,,30,2654,60.7038,2891,
P16,140,0.3,101,attraction,4,SUCCESS,1,18.8429,17.4357,,32,2638,60.3991,2891,
P16,140,0.3,102,minorminer,1,SUCCESS,1,18.5286,17.3286,,29,2594,60.2151,2941,
P16,140,0.3,103,minorminer,3,SUCCESS,1,18.4786,17.0143,,30,2587,40.5125,2902,
P16,140,0.3,102,minorminer,2,SUCCESS,1,17.6214,16.2714,,29,2467,60.8952,2941,
P16,140,0.3,102,minorminer,3,SUCCESS,1,17.2071,15.9357,,27,2409,60.9669,2941,
P16,140,0.3,102,mmfork-cuthill,1,SUCCESS,1,16.6429,15.6143,,24,2330,60.3268,2941,
P16,140,0.3,102,mmfork-cuthill,3,SUCCESS,1,17.7214,16.6071,,27,2481,60.5754,2941,
P16,140,0.3,102,mmfork-cuthill,2,SUCCESS,1,16.5,15.4643,,25,2310,60.737,2941,
P16,140,0.3,102,mmfork-cuthill,4,SUCCESS,1,15.5,14.8143,,25,2170,61.2085,2941,
P16,140,0.3,103,minorminer,1,SUCCESS,1,17.7429,16.45,,29,2484,50.9718,2902,
P16,140,0.3,103,mmfork-cuthill,3,SUCCESS,1,17.9,16.7429,,29,2506,46.1365,2902,
P16,140,0.3,103,mmfork-cuthill,2,SUCCESS,1,16.4714,15.5857,,27,2306,48.5462,2902,
P16,140,0.3,103,mmfork-cuthill,0,SUCCESS,1,17.0643,15.9214,,26,2389,50.7551,2902,
P16,140,0.3,102,attraction,0,SUCCESS,1,21.7714,19.5143,,33,3048,58.258,2941,
P16,140,0.3,103,mmfork-cuthill,4,SUCCESS,1,17.3571,16.1714,,28,2430,46.6521,2902,
P16,180,0.3,102,template,-1,SUCCESS,1,16.4278,16.4278,16.6667,17,2957,0.2425,4825,
P16,180,0.3,102,clique,-1,SUCCESS,1,16.6667,16.4278,,17,3000,0.0195,4825,
P16,140,0.3,102,attraction,1,SUCCESS,1,19.6286,17.9929,,34,2748,60.1437,2941,
P16,140,0.3,102,attraction,3,SUCCESS,1,18.2643,16.9214,,30,2557,60.4004,2941,
P16,140,0.3,102,attraction,2,SUCCESS,1,20.95,18.9643,,31,2933,60.3823,2941,
P16,180,0.3,102,pssa,0,SUCCESS,1,16.4278,16.4278,,17,2957,0.651,4825,
P16,180,0.3,102,pssa,1,SUCCESS,1,16.4278,16.4278,,17,2957,0.6651,4825,
P16,180,0.3,102,pssa,3,SUCCESS,1,16.4278,16.4278,,17,2957,0.5503,4825,
P16,180,0.3,102,pssa,2,SUCCESS,1,16.4278,16.4278,,17,2957,0.6328,4825,
P16,180,0.3,102,pssa,4,SUCCESS,1,16.4278,16.4278,,17,2957,0.6514,4825,
P16,140,0.3,102,attraction,4,SUCCESS,1,19.1143,17.3929,,31,2676,61.2321,2941,
P16,140,0.3,103,minorminer,2,SUCCESS,1,17.6786,16.5429,,29,2475,60.2259,2902,
P16,140,0.3,103,minorminer,4,SUCCESS,1,17.35,16.2786,,26,2429,61.2619,2902,
P16,140,0.3,103,mmfork-cuthill,1,SUCCESS,1,17.0286,16.0143,,27,2384,60.7492,2902,
P16,180,0.3,101,clmm,2,SUCCESS,1,16.6667,16.4278,,17,3000,36.6991,4806,
P16,180,0.3,101,clmm,3,SUCCESS,1,16.6667,16.4278,,17,3000,36.5852,4806,
P16,180,0.3,101,clmm,0,SUCCESS,1,16.6667,16.4278,,17,3000,37.7348,4806,
P16,180,0.3,101,clmm,1,SUCCESS,1,16.6556,16.4222,,17,2998,38.1371,4806,
P16,180,0.3,101,clmm,4,SUCCESS,1,16.6667,16.4278,,17,3000,36.7798,4806,
P16,140,0.3,103,attraction,0,SUCCESS,1,18.5,17.3143,,30,2590,60.3005,2902,
P16,140,0.3,103,attraction,2,SUCCESS,1,20.1071,18.4643,,33,2815,60.3224,2902,
P16,140,0.3,103,attraction,3,SUCCESS,1,19.2571,17.8214,,31,2696,60.4139,2902,
P16,140,0.3,103,attraction,1,SUCCESS,1,20.2714,18.3286,,33,2838,60.934,2902,
P16,180,0.3,101,mmfork-cuthill,4,SUCCESS,1,22.9556,21.4778,,37,4132,44.8563,4806,
P16,140,0.3,103,attraction,4,SUCCESS,1,19.3214,17.5571,,33,2705,60.1667,2902,
P16,180,0.3,101,minorminer,1,SUCCESS,1,21.6444,20.3,,35,3896,58.0445,4806,
P16,180,0.3,101,minorminer,0,SUCCESS,1,24.0111,22.1778,,39,4322,60.7552,4806,
P16,180,0.3,103,template,-1,SUCCESS,1,16.3667,16.3667,16.6667,17,2946,0.1243,4819,
P16,180,0.3,103,clique,-1,SUCCESS,1,16.6667,16.3667,,17,3000,0.0194,4819,
P16,180,0.3,102,clmm,0,SUCCESS,1,16.6667,16.4278,,17,3000,37.172,4825,
P16,180,0.3,103,pssa,0,SUCCESS,1,16.3667,16.3667,,17,2946,0.5201,4819,
P16,180,0.3,103,pssa,1,SUCCESS,1,16.3667,16.3667,,17,2946,0.4987,4819,
P16,180,0.3,103,pssa,2,SUCCESS,1,16.3667,16.3667,,17,2946,0.5285,4819,
P16,180,0.3,103,pssa,3,SUCCESS,1,16.3667,16.3667,,17,2946,0.488,4819,
P16,180,0.3,103,pssa,4,SUCCESS,1,16.3667,16.3667,,17,2946,0.5266,4819,
P16,180,0.3,102,clmm,2,SUCCESS,1,16.6667,16.4278,,17,3000,36.6902,4825,
P16,180,0.3,101,minorminer,4,SUCCESS,1,24.9944,22.9833,,44,4499,60.0635,4806,
P16,180,0.3,102,clmm,3,SUCCESS,1,16.6667,16.4278,,17,3000,36.1402,4825,
P16,180,0.3,101,mmfork-cuthill,0,SUCCESS,1,20.8778,19.6222,,34,3758,60.9433,4806,
P16,180,0.3,101,minorminer,2,FAILURE,0,,,,,,62.666,4806,status=FAILURE
P16,180,0.3,102,clmm,1,SUCCESS,1,16.65,16.4167,,17,2997,40.5889,4825,
P16,180,0.3,101,minorminer,3,FAILURE,0,,,,,,62.4111,4806,status=FAILURE
P16,180,0.3,102,clmm,4,SUCCESS,1,16.6667,16.4278,,17,3000,36.9521,4825,
P16,180,0.3,101,mmfork-cuthill,1,SUCCESS,1,25.9944,23.6111,,54,4679,60.5034,4806,
P16,180,0.3,101,mmfork-cuthill,2,SUCCESS,1,25.6833,24.0556,,49,4623,60.6881,4806,
P16,180,0.3,101,mmfork-cuthill,3,SUCCESS,1,24.0056,22.15,,40,4321,60.4507,4806,
P16,180,0.3,102,minorminer,0,SUCCESS,1,23.7056,21.8611,,42,4267,60.5318,4825,
P16,180,0.3,102,minorminer,1,SUCCESS,1,22.6444,20.9278,,36,4076,60.0486,4825,
P16,180,0.3,102,minorminer,2,SUCCESS,1,24.9333,23.1056,,48,4488,60.0815,4825,
P16,180,0.3,101,attraction,0,FAILURE,0,,,,,,64.856,4806,status=FAILURE
P16,180,0.3,101,attraction,1,FAILURE,0,,,,,,65.1264,4806,status=FAILURE
P16,180,0.3,101,attraction,2,FAILURE,0,,,,,,64.9529,4806,status=FAILURE
P16,180,0.3,101,attraction,3,FAILURE,0,,,,,,65.1328,4806,status=FAILURE
P16,180,0.3,101,attraction,4,FAILURE,0,,,,,,64.9167,4806,status=FAILURE
P16,240,0.3,101,template,-1,INFEASIBLE,0,,,,,,0.0,8557,n=240 > max clique 180
P16,240,0.3,101,clique,-1,FAILURE,0,,,,,,0.0207,8557,status=FAILURE
P16,180,0.3,102,minorminer,4,SUCCESS,1,24.9111,23.2167,,51,4484,60.684,4825,
P16,180,0.3,102,minorminer,3,FAILURE,0,,,,,,64.5063,4825,status=FAILURE
P16,180,0.3,102,mmfork-cuthill,2,SUCCESS,1,23.4611,21.5667,,43,4223,60.5566,4825,
P16,180,0.3,102,mmfork-cuthill,3,SUCCESS,1,23.0444,21.5833,,41,4148,60.9561,4825,
P16,180,0.3,102,mmfork-cuthill,1,FAILURE,0,,,,,,62.5185,4825,status=FAILURE
P16,180,0.3,102,mmfork-cuthill,0,FAILURE,0,,,,,,64.6278,4825,status=FAILURE
P16,180,0.3,103,clmm,0,SUCCESS,1,16.6667,16.3667,,17,3000,33.5265,4819,
P16,180,0.3,102,mmfork-cuthill,4,FAILURE,0,,,,,,64.2974,4825,status=FAILURE
P16,180,0.3,103,clmm,1,SUCCESS,1,16.6611,16.3722,,17,2999,36.4002,4819,
P16,180,0.3,103,clmm,2,SUCCESS,1,16.6611,16.3611,,17,2999,37.833,4819,
P16,180,0.3,103,clmm,3,SUCCESS,1,16.6611,16.3667,,17,2999,38.5154,4819,
P16,180,0.3,102,attraction,1,FAILURE,0,,,,,,65.0384,4825,status=FAILURE
P16,180,0.3,103,minorminer,0,SUCCESS,1,25.9444,24.0056,,50,4670,60.4208,4819,
P16,180,0.3,102,attraction,3,FAILURE,0,,,,,,65.1313,4825,status=FAILURE
P16,180,0.3,103,mmfork-cuthill,3,SUCCESS,1,23.7944,21.8333,,36,4283,46.7372,4819,
P16,180,0.3,102,attraction,4,FAILURE,0,,,,,,64.6851,4825,status=FAILURE
P16,180,0.3,103,minorminer,1,SUCCESS,1,22.0833,20.5,,38,3975,60.5528,4819,
P16,180,0.3,102,attraction,0,FAILURE,0,,,,,,67.1524,4825,status=FAILURE
P16,180,0.3,102,attraction,2,FAILURE,0,,,,,,67.0725,4825,status=FAILURE
P16,180,0.3,103,minorminer,2,FAILURE,0,,,,,,63.4432,4819,status=FAILURE
P16,180,0.3,103,mmfork-cuthill,0,SUCCESS,1,23.8778,21.9389,,40,4298,60.588,4819,
P16,180,0.3,103,mmfork-cuthill,1,SUCCESS,1,24.1889,22.2056,,41,4354,60.1194,4819,
P16,180,0.3,103,minorminer,3,FAILURE,0,,,,,,62.6864,4819,status=FAILURE
P16,180,0.3,103,minorminer,4,FAILURE,0,,,,,,62.7805,4819,status=FAILURE
P16,180,0.3,103,mmfork-cuthill,2,SUCCESS,1,23.1889,21.4,,36,4174,61.0168,4819,
P16,240,0.3,102,template,-1,INFEASIBLE,0,,,,,,0.0,8647,n=240 > max clique 180
P16,240,0.3,102,clique,-1,FAILURE,0,,,,,,0.0216,8647,status=FAILURE
P16,180,0.3,103,mmfork-cuthill,4,SUCCESS,1,22.3833,20.8778,,37,4029,60.9438,4819,
P16,180,0.3,103,clmm,4,SUCCESS,1,16.1889,16.1389,,17,2914,59.7879,4819,
P16,180,0.3,103,attraction,0,FAILURE,0,,,,,,66.2375,4819,status=FAILURE
P16,180,0.3,103,attraction,1,FAILURE,0,,,,,,65.9637,4819,status=FAILURE
P16,180,0.3,103,attraction,2,FAILURE,0,,,,,,64.6821,4819,status=FAILURE
P16,180,0.3,103,attraction,4,FAILURE,0,,,,,,64.6446,4819,status=FAILURE
P16,240,0.3,101,minorminer,3,FAILURE,0,,,,,,64.3971,8557,status=FAILURE
P16,240,0.3,101,minorminer,4,FAILURE,0,,,,,,64.6659,8557,status=FAILURE
P16,180,0.3,103,attraction,3,FAILURE,0,,,,,,66.9708,4819,status=FAILURE
P16,240,0.3,101,minorminer,0,FAILURE,0,,,,,,66.2634,8557,status=FAILURE
P16,240,0.3,101,minorminer,1,FAILURE,0,,,,,,66.454,8557,status=FAILURE
P16,240,0.3,101,mmfork-cuthill,1,FAILURE,0,,,,,,65.8301,8557,status=FAILURE
P16,240,0.3,101,minorminer,2,FAILURE,0,,,,,,66.0358,8557,status=FAILURE
P16,240,0.3,101,mmfork-cuthill,2,FAILURE,0,,,,,,66.3363,8557,status=FAILURE
P16,240,0.3,101,mmfork-cuthill,0,FAILURE,0,,,,,,66.8107,8557,status=FAILURE
P16,240,0.3,101,mmfork-cuthill,3,FAILURE,0,,,,,,65.9791,8557,status=FAILURE
P16,240,0.3,101,mmfork-cuthill,4,FAILURE,0,,,,,,66.1441,8557,status=FAILURE
P16,240,0.3,101,pssa,1,FAILURE,0,,,,,,62.9579,8557,status=FAILURE
P16,240,0.3,101,pssa,0,FAILURE,0,,,,,,64.6317,8557,status=FAILURE
P16,240,0.3,101,clmm,0,FAILURE,0,,,,,,67.7457,8557,clmm: MM stage returned empty
P16,240,0.3,101,pssa,3,FAILURE,0,,,,,,62.5529,8557,status=FAILURE
P16,240,0.3,101,clmm,1,FAILURE,0,,,,,,66.7476,8557,clmm: MM stage returned empty
P16,240,0.3,101,clmm,3,FAILURE,0,,,,,,66.6543,8557,clmm: MM stage returned empty
P16,240,0.3,101,pssa,2,FAILURE,0,,,,,,66.3421,8557,status=FAILURE
P16,240,0.3,101,clmm,2,FAILURE,0,,,,,,69.2948,8557,clmm: MM stage returned empty
P16,240,0.3,103,template,-1,INFEASIBLE,0,,,,,,0.0,8603,n=240 > max clique 180
P16,240,0.3,103,clique,-1,FAILURE,0,,,,,,0.0193,8603,status=FAILURE
P16,240,0.3,101,clmm,4,FAILURE,0,,,,,,69.8636,8557,clmm: MM stage returned empty
P16,240,0.3,101,pssa,4,FAILURE,0,,,,,,68.0395,8557,status=FAILURE
P16,240,0.3,101,attraction,0,FAILURE,0,,,,,,68.0041,8557,status=FAILURE
P16,240,0.3,101,attraction,2,FAILURE,0,,,,,,69.0294,8557,status=FAILURE
P16,240,0.3,102,minorminer,0,FAILURE,0,,,,,,64.2866,8647,status=FAILURE
P16,240,0.3,101,attraction,1,FAILURE,0,,,,,,69.8554,8557,status=FAILURE
P16,240,0.3,101,attraction,4,FAILURE,0,,,,,,68.2588,8557,status=FAILURE
P16,240,0.3,101,attraction,3,FAILURE,0,,,,,,70.0469,8557,status=FAILURE
P16,240,0.3,102,minorminer,1,FAILURE,0,,,,,,65.4109,8647,status=FAILURE
P16,240,0.3,102,mmfork-cuthill,0,FAILURE,0,,,,,,64.4226,8647,status=FAILURE
P16,240,0.3,102,minorminer,2,FAILURE,0,,,,,,65.0185,8647,status=FAILURE
P16,240,0.3,102,minorminer,3,FAILURE,0,,,,,,64.934,8647,status=FAILURE
P16,240,0.3,102,minorminer,4,FAILURE,0,,,,,,64.8472,8647,status=FAILURE
P16,240,0.3,102,mmfork-cuthill,4,FAILURE,0,,,,,,64.5456,8647,status=FAILURE
P16,240,0.3,102,mmfork-cuthill,2,FAILURE,0,,,,,,66.3453,8647,status=FAILURE
P16,240,0.3,102,mmfork-cuthill,1,FAILURE,0,,,,,,66.962,8647,status=FAILURE
P16,240,0.3,102,mmfork-cuthill,3,FAILURE,0,,,,,,66.6583,8647,status=FAILURE
P16,240,0.3,102,clmm,0,FAILURE,0,,,,,,67.4555,8647,clmm: MM stage returned empty
P16,240,0.3,102,pssa,0,FAILURE,0,,,,,,62.8939,8647,status=FAILURE
P16,240,0.3,102,clmm,2,FAILURE,0,,,,,,67.2422,8647,clmm: MM stage returned empty
P16,240,0.3,102,clmm,1,FAILURE,0,,,,,,67.7533,8647,clmm: MM stage returned empty
P16,240,0.3,102,pssa,1,FAILURE,0,,,,,,61.6411,8647,status=FAILURE
P16,240,0.3,102,clmm,3,FAILURE,0,,,,,,67.982,8647,clmm: MM stage returned empty
P16,240,0.3,102,clmm,4,FAILURE,0,,,,,,67.2652,8647,clmm: MM stage returned empty
P16,240,0.3,102,pssa,2,FAILURE,0,,,,,,61.3231,8647,status=FAILURE
P16,300,0.3,101,template,-1,INFEASIBLE,0,,,,,,0.0,13326,n=300 > max clique 180
P16,300,0.3,101,clique,-1,FAILURE,0,,,,,,0.0197,13326,status=FAILURE
P16,240,0.3,102,pssa,4,FAILURE,0,,,,,,63.3468,8647,status=FAILURE
P16,240,0.3,103,minorminer,1,FAILURE,0,,,,,,61.1687,8603,status=FAILURE
P16,240,0.3,102,pssa,3,FAILURE,0,,,,,,66.52,8647,status=FAILURE
P16,240,0.3,103,minorminer,0,FAILURE,0,,,,,,64.5151,8603,status=FAILURE
P16,240,0.3,103,minorminer,3,FAILURE,0,,,,,,65.1547,8603,status=FAILURE
P16,240,0.3,103,minorminer,2,FAILURE,0,,,,,,65.263,8603,status=FAILURE
P16,240,0.3,102,attraction,0,FAILURE,0,,,,,,69.2979,8647,status=FAILURE
P16,240,0.3,103,minorminer,4,FAILURE,0,,,,,,66.4195,8603,status=FAILURE
P16,240,0.3,102,attraction,1,FAILURE,0,,,,,,70.044,8647,status=FAILURE
P16,240,0.3,103,mmfork-cuthill,0,FAILURE,0,,,,,,66.8275,8603,status=FAILURE
P16,240,0.3,102,attraction,4,FAILURE,0,,,,,,68.2678,8647,status=FAILURE
P16,240,0.3,102,attraction,3,FAILURE,0,,,,,,69.582,8647,status=FAILURE
P16,240,0.3,102,attraction,2,FAILURE,0,,,,,,70.0862,8647,status=FAILURE
P16,240,0.3,103,mmfork-cuthill,2,FAILURE,0,,,,,,64.463,8603,status=FAILURE
P16,240,0.3,103,mmfork-cuthill,1,FAILURE,0,,,,,,66.0604,8603,status=FAILURE
P16,240,0.3,103,mmfork-cuthill,3,FAILURE,0,,,,,,64.7462,8603,status=FAILURE
P16,240,0.3,103,pssa,0,FAILURE,0,,,,,,61.1597,8603,status=FAILURE
P16,240,0.3,103,mmfork-cuthill,4,FAILURE,0,,,,,,66.0904,8603,status=FAILURE
P16,240,0.3,103,clmm,0,FAILURE,0,,,,,,67.6805,8603,clmm: MM stage returned empty
P16,240,0.3,103,clmm,1,FAILURE,0,,,,,,68.8883,8603,clmm: MM stage returned empty
P16,240,0.3,103,pssa,2,FAILURE,0,,,,,,62.8014,8603,status=FAILURE
P16,240,0.3,103,pssa,1,FAILURE,0,,,,,,64.3702,8603,status=FAILURE
P16,240,0.3,103,clmm,2,FAILURE,0,,,,,,69.5747,8603,clmm: MM stage returned empty
P16,240,0.3,103,clmm,3,FAILURE,0,,,,,,69.1167,8603,clmm: MM stage returned empty
P16,240,0.3,103,clmm,4,FAILURE,0,,,,,,68.0922,8603,clmm: MM stage returned empty
P16,300,0.3,102,template,-1,INFEASIBLE,0,,,,,,0.0,13557,n=300 > max clique 180
P16,300,0.3,102,clique,-1,FAILURE,0,,,,,,0.0216,13557,status=FAILURE
P16,240,0.3,103,pssa,3,FAILURE,0,,,,,,64.5745,8603,status=FAILURE
P16,240,0.3,103,pssa,4,FAILURE,0,,,,,,63.3033,8603,status=FAILURE
P16,240,0.3,103,attraction,1,FAILURE,0,,,,,,69.1733,8603,status=FAILURE
P16,240,0.3,103,attraction,0,FAILURE,0,,,,,,70.3113,8603,status=FAILURE
P16,240,0.3,103,attraction,3,FAILURE,0,,,,,,68.2577,8603,status=FAILURE
P16,240,0.3,103,attraction,2,FAILURE,0,,,,,,69.2094,8603,status=FAILURE
P16,300,0.3,101,minorminer,3,FAILURE,0,,,,,,64.996,13326,status=FAILURE
P16,240,0.3,103,attraction,4,FAILURE,0,,,,,,69.2511,8603,status=FAILURE
P16,300,0.3,101,minorminer,0,FAILURE,0,,,,,,67.0337,13326,status=FAILURE
P16,300,0.3,101,minorminer,1,FAILURE,0,,,,,,68.7542,13326,status=FAILURE
P16,300,0.3,101,minorminer,4,FAILURE,0,,,,,,67.9026,13326,status=FAILURE
P16,300,0.3,101,minorminer,2,FAILURE,0,,,,,,69.5963,13326,status=FAILURE
P16,300,0.3,101,mmfork-cuthill,2,FAILURE,0,,,,,,67.0477,13326,status=FAILURE
P16,300,0.3,101,mmfork-cuthill,1,FAILURE,0,,,,,,68.9938,13326,status=FAILURE
P16,300,0.3,101,mmfork-cuthill,0,FAILURE,0,,,,,,70.2576,13326,status=FAILURE
P16,300,0.3,101,mmfork-cuthill,3,FAILURE,0,,,,,,67.1695,13326,status=FAILURE
P16,300,0.3,101,mmfork-cuthill,4,FAILURE,0,,,,,,67.4603,13326,status=FAILURE
P16,300,0.3,101,clmm,3,FAILURE,0,,,,,,70.1193,13326,clmm: MM stage returned empty
P16,300,0.3,101,clmm,0,FAILURE,0,,,,,,72.3435,13326,clmm: MM stage returned empty
P16,300,0.3,101,clmm,2,FAILURE,0,,,,,,72.7646,13326,clmm: MM stage returned empty
P16,300,0.3,101,clmm,1,FAILURE,0,,,,,,73.7721,13326,clmm: MM stage returned empty
P16,300,0.3,101,pssa,0,FAILURE,0,,,,,,66.8799,13326,status=FAILURE
P16,300,0.3,101,clmm,4,FAILURE,0,,,,,,73.7991,13326,clmm: MM stage returned empty
P16,300,0.3,101,pssa,2,FAILURE,0,,,,,,61.4084,13326,status=FAILURE
P16,300,0.3,101,pssa,1,FAILURE,0,,,,,,67.3137,13326,status=FAILURE
P16,300,0.3,103,template,-1,INFEASIBLE,0,,,,,,0.0,13568,n=300 > max clique 180
P16,300,0.3,103,clique,-1,FAILURE,0,,,,,,0.0226,13568,status=FAILURE
P16,300,0.3,101,pssa,3,FAILURE,0,,,,,,64.9321,13326,status=FAILURE
P16,300,0.3,101,pssa,4,FAILURE,0,,,,,,66.3218,13326,status=FAILURE
P16,300,0.3,102,minorminer,0,FAILURE,0,,,,,,66.1357,13557,status=FAILURE
P16,300,0.3,102,minorminer,2,FAILURE,0,,,,,,67.1253,13557,status=FAILURE
P16,300,0.3,102,minorminer,1,FAILURE,0,,,,,,68.7592,13557,status=FAILURE
P16,300,0.3,101,attraction,1,FAILURE,0,,,,,,73.9674,13326,status=FAILURE
P16,300,0.3,102,mmfork-cuthill,1,FAILURE,0,,,,,,63.5646,13557,status=FAILURE
P16,300,0.3,102,minorminer,3,FAILURE,0,,,,,,70.9621,13557,status=FAILURE
P16,300,0.3,101,attraction,4,FAILURE,0,,,,,,72.8946,13326,status=FAILURE
P16,300,0.3,101,attraction,0,FAILURE,0,,,,,,76.1013,13326,status=FAILURE
P16,300,0.3,102,mmfork-cuthill,0,FAILURE,0,,,,,,66.2799,13557,status=FAILURE
P16,300,0.3,101,attraction,2,FAILURE,0,,,,,,76.8575,13326,status=FAILURE
P16,60,0.2,101,minorminer,0,SUCCESS,1,4.5833,4.5167,,7,275,1.7167,349,
P16,300,0.3,102,mmfork-cuthill,2,FAILURE,0,,,,,,66.2091,13557,status=FAILURE
P16,300,0.3,102,minorminer,4,FAILURE,0,,,,,,68.8208,13557,status=FAILURE
P16,300,0.3,101,attraction,3,FAILURE,0,,,,,,77.1362,13326,status=FAILURE
P16,60,0.2,101,minorminer,3,SUCCESS,1,4.65,4.5333,,7,279,1.3889,349,
P16,60,0.2,101,minorminer,4,SUCCESS,1,4.4667,4.3667,,7,268,1.2925,349,
P16,60,0.2,101,minorminer,2,SUCCESS,1,4.4667,4.4167,,7,268,1.9138,349,
P16,60,0.2,101,minorminer,1,SUCCESS,1,4.1333,4.1,,6,248,2.6883,349,
P16,60,0.2,101,mmfork-cuthill,0,SUCCESS,1,4.9833,4.8333,,8,299,1.1236,349,
P16,60,0.2,101,clmm,1,SUCCESS,1,5.05,4.9333,,7,303,0.6254,349,
P16,60,0.2,101,mmfork-cuthill,1,SUCCESS,1,4.35,4.25,,8,261,1.7928,349,
P16,60,0.2,101,clmm,0,SUCCESS,1,4.7,4.6167,,7,282,1.438,349,
P16,300,0.3,102,mmfork-cuthill,3,FAILURE,0,,,,,,68.224,13557,status=FAILURE
P16,60,0.2,101,template,-1,SUCCESS,1,5.8833,5.8833,6.8,7,353,0.0054,349,
P16,60,0.2,101,clique,-1,SUCCESS,1,6.8,5.8833,,7,408,0.0221,349,
P16,60,0.2,101,mmfork-cuthill,4,SUCCESS,1,4.55,4.45,,8,273,1.7649,349,
P16,60,0.2,101,clmm,2,SUCCESS,1,5.2167,5.1167,,7,313,0.7648,349,
P16,300,0.3,102,pssa,2,FAILURE,0,,,,,,61.9241,13557,status=FAILURE
P16,60,0.2,101,mmfork-cuthill,2,SUCCESS,1,4.7167,4.6167,,8,283,2.2458,349,
P16,60,0.2,101,mmfork-cuthill,3,SUCCESS,1,4.4333,4.4167,,7,266,2.2254,349,
P16,60,0.2,101,pssa,1,SUCCESS,1,6.05,5.95,,9,363,0.3519,349,
P16,60,0.2,101,pssa,2,SUCCESS,1,6.05,5.95,,9,363,0.3557,349,
P16,60,0.2,101,pssa,0,SUCCESS,1,6.05,5.95,,9,363,0.4487,349,
P16,60,0.2,101,pssa,3,SUCCESS,1,6.05,5.95,,9,363,0.3534,349,
P16,60,0.2,101,pssa,4,SUCCESS,1,6.05,5.95,,9,363,0.3525,349,
P16,60,0.2,101,clmm,4,SUCCESS,1,4.8833,4.85,,7,293,0.6664,349,
P16,60,0.2,101,clmm,3,SUCCESS,1,4.8333,4.7333,,7,290,1.1385,349,
P16,300,0.3,102,pssa,1,FAILURE,0,,,,,,64.6058,13557,status=FAILURE
P16,60,0.2,102,minorminer,0,SUCCESS,1,4.3333,4.2167,,7,260,1.4847,339,
P16,60,0.2,102,minorminer,1,SUCCESS,1,4.15,4.05,,7,249,1.5534,339,
P16,60,0.2,102,minorminer,2,SUCCESS,1,4.1333,4.0667,,7,248,1.607,339,
P16,60,0.2,102,minorminer,3,SUCCESS,1,4.4667,4.4,,8,268,0.859,339,
P16,60,0.2,102,minorminer,4,SUCCESS,1,4.6,4.45,,8,276,0.955,339,
P16,300,0.3,102,mmfork-cuthill,4,FAILURE,0,,,,,,70.3922,13557,status=FAILURE
P16,60,0.2,102,mmfork-cuthill,0,SUCCESS,1,4.5333,4.45,,7,272,1.8574,339,
P16,60,0.2,102,mmfork-cuthill,2,SUCCESS,1,4.5833,4.4833,,8,275,1.4608,339,
P16,60,0.2,102,mmfork-cuthill,3,SUCCESS,1,4.7833,4.5667,,8,287,1.4853,339,
P16,60,0.2,102,mmfork-cuthill,1,SUCCESS,1,4.5667,4.4667,,8,274,2.2063,339,
P16,60,0.2,101,attraction,1,SUCCESS,1,4.5667,4.5333,,8,274,4.4938,349,
P16,60,0.2,102,clmm,1,SUCCESS,1,4.75,4.6667,,7,285,1.2033,339,
P16,60,0.2,102,template,-1,SUCCESS,1,5.6333,5.6333,6.8,7,338,0.0073,339,
P16,60,0.2,102,clique,-1,SUCCESS,1,6.8,5.6333,,7,408,0.021,339,
P16,60,0.2,102,mmfork-cuthill,4,SUCCESS,1,4.2667,4.2167,,7,256,1.4798,339,
P16,60,0.2,102,clmm,2,SUCCESS,1,4.3667,4.35,,7,262,0.984,339,
P16,60,0.2,101,attraction,0,SUCCESS,1,4.3333,4.2333,,7,260,5.1783,349,
P16,60,0.2,102,clmm,0,SUCCESS,1,4.5,4.4333,,7,270,1.5686,339,
P16,300,0.3,102,pssa,0,FAILURE,0,,,,,,68.6533,13557,status=FAILURE
P16,60,0.2,102,pssa,1,SUCCESS,1,5.7833,5.7833,,7,347,0.352,339,
P16,60,0.2,102,pssa,2,SUCCESS,1,5.7833,5.7833,,7,347,0.3895,339,
P16,60,0.2,101,attraction,4,SUCCESS,1,4.4,4.2833,,7,264,5.4195,349,
P16,60,0.2,102,pssa,0,SUCCESS,1,5.7833,5.7833,,7,347,0.4608,339,
P16,60,0.2,102,pssa,4,SUCCESS,1,5.7833,5.7833,,7,347,0.3464,339,
P16,60,0.2,102,pssa,3,SUCCESS,1,5.7833,5.7833,,7,347,0.3504,339,
P16,60,0.2,102,clmm,4,SUCCESS,1,4.4167,4.3667,,7,265,1.1023,339,
P16,60,0.2,101,attraction,3,SUCCESS,1,4.2667,4.2333,,7,256,5.6231,349,
P16,60,0.2,101,attraction,2,SUCCESS,1,4.1167,4.0833,,7,247,5.6453,349,
P16,60,0.2,102,clmm,3,SUCCESS,1,4.35,4.3,,7,261,1.5861,339,
P16,300,0.3,102,clmm,2,FAILURE,0,,,,,,71.183,13557,clmm: MM stage returned empty
P16,300,0.3,102,clmm,0,FAILURE,0,,,,,,71.9427,13557,clmm: MM stage returned empty
P16,60,0.2,103,minorminer,0,SUCCESS,1,4.7333,4.5833,,8,284,1.2507,346,
P16,60,0.2,103,mmfork-cuthill,0,SUCCESS,1,4.9167,4.6667,,8,295,1.2453,346,
P16,60,0.2,103,minorminer,3,SUCCESS,1,4.4333,4.3833,,7,266,1.3787,346,
P16,60,0.2,103,minorminer,4,SUCCESS,1,4.4833,4.3333,,7,269,1.5902,346,
P16,60,0.2,103,minorminer,1,SUCCESS,1,4.5333,4.45,,7,272,1.8027,346,
P16,60,0.2,103,minorminer,2,SUCCESS,1,4.45,4.3667,,7,267,1.7544,346,
P16,300,0.3,102,clmm,3,FAILURE,0,,,,,,72.156,13557,clmm: MM stage returned empty
P16,60,0.2,103,clmm,1,SUCCESS,1,5.15,5.0333,,7,309,0.6723,346,
P16,60,0.2,103,template,-1,SUCCESS,1,5.85,5.85,6.8,7,351,0.0073,346,
P16,60,0.2,103,clique,-1,SUCCESS,1,6.8,5.85,,7,408,0.0224,346,
P16,60,0.2,103,mmfork-cuthill,4,SUCCESS,1,5.1333,4.95,,9,308,1.065,346,
P16,60,0.2,103,mmfork-cuthill,2,SUCCESS,1,4.7667,4.5667,,8,286,1.5031,346,
P16,300,0.3,102,clmm,4,FAILURE,0,,,,,,72.5969,13557,clmm: MM stage returned empty
P16,60,0.2,103,clmm,0,SUCCESS,1,4.8,4.7833,,7,288,1.2418,346,
P16,60,0.2,103,clmm,2,SUCCESS,1,4.85,4.6833,,7,291,1.0173,346,
P16,60,0.2,103,pssa,0,SUCCESS,1,5.85,5.85,,7,351,0.3468,346,
P16,60,0.2,103,pssa,1,SUCCESS,1,5.85,5.85,,7,351,0.3524,346,
P16,60,0.2,103,pssa,2,SUCCESS,1,5.85,5.85,,7,351,0.3484,346,
P16,60,0.2,103,pssa,3,SUCCESS,1,5.85,5.85,,7,351,0.4466,346,
P16,60,0.2,103,pssa,4,SUCCESS,1,5.85,5.85,,7,351,0.4466,346,
P16,60,0.2,103,mmfork-cuthill,1,SUCCESS,1,4.2667,4.2,,7,256,2.9741,346,
P16,300,0.3,102,clmm,1,FAILURE,0,,,,,,74.3286,13557,clmm: MM stage returned empty
P16,60,0.2,103,mmfork-cuthill,3,SUCCESS,1,4.4,4.3333,,7,264,2.403,346,
P16,60,0.2,103,clmm,4,SUCCESS,1,4.6167,4.5333,,7,277,1.5447,346,
P16,60,0.2,103,clmm,3,SUCCESS,1,4.9833,4.85,,7,299,1.9617,346,
P16,300,0.3,102,pssa,3,FAILURE,0,,,,,,65.9308,13557,status=FAILURE
P16,60,0.2,102,attraction,2,SUCCESS,1,4.4833,4.3,,8,269,4.7433,339,
P16,60,0.2,102,attraction,0,SUCCESS,1,4.4333,4.3333,,7,266,5.0116,339,
P16,60,0.2,102,attraction,1,SUCCESS,1,4.4833,4.3833,,7,269,5.0368,339,
P16,60,0.2,102,attraction,3,SUCCESS,1,4.3667,4.2667,,7,262,5.3128,339,
P16,60,0.2,102,attraction,4,SUCCESS,1,4.1833,4.1333,,7,251,5.5739,339,
P16,300,0.3,102,pssa,4,FAILURE,0,,,,,,66.5852,13557,status=FAILURE
P16,60,0.2,103,attraction,2,SUCCESS,1,4.5667,4.4667,,8,274,4.4166,346,
P16,60,0.2,103,attraction,4,SUCCESS,1,4.4167,4.3167,,7,265,4.8273,346,
P16,60,0.2,103,attraction,0,SUCCESS,1,4.3167,4.2667,,7,259,5.4381,346,
P16,100,0.2,101,template,-1,SUCCESS,1,9.2,9.2,9.82,10,920,0.0257,989,
P16,100,0.2,101,clique,-1,SUCCESS,1,9.82,9.2,,10,982,0.0214,989,
P16,60,0.2,103,attraction,1,SUCCESS,1,4.4333,4.3333,,7,266,5.6275,346,
P16,60,0.2,103,attraction,3,SUCCESS,1,4.3,4.25,,7,258,5.7271,346,
P16,100,0.2,101,pssa,0,SUCCESS,1,9.35,9.35,,11,935,0.4969,989,
P16,100,0.2,101,pssa,1,SUCCESS,1,9.35,9.35,,11,935,0.5749,989,
P16,100,0.2,101,pssa,2,SUCCESS,1,9.35,9.35,,11,935,0.495,989,
P16,100,0.2,101,pssa,3,SUCCESS,1,9.35,9.35,,11,935,0.504,989,
P16,100,0.2,101,clmm,0,SUCCESS,1,8.87,8.74,,10,887,4.1649,989,
P16,100,0.2,101,pssa,4,SUCCESS,1,9.35,9.35,,11,935,0.5792,989,
P16,100,0.2,101,clmm,1,SUCCESS,1,8.61,8.58,,10,861,6.2982,989,
P16,100,0.2,101,clmm,3,SUCCESS,1,8.74,8.7,,10,874,5.2162,989,
P16,300,0.3,102,attraction,1,FAILURE,0,,,,,,73.1527,13557,status=FAILURE
P16,300,0.3,103,minorminer,0,FAILURE,0,,,,,,67.5626,13568,status=FAILURE
P16,300,0.3,102,attraction,0,FAILURE,0,,,,,,73.7912,13557,status=FAILURE
P16,100,0.2,101,clmm,2,SUCCESS,1,8.7,8.64,,10,870,9.096,989,
P16,100,0.2,101,clmm,4,SUCCESS,1,8.75,8.7,,10,875,7.8889,989,
P16,300,0.3,103,minorminer,1,FAILURE,0,,,,,,68.9703,13568,status=FAILURE
P16,300,0.3,102,attraction,3,FAILURE,0,,,,,,73.3063,13557,status=FAILURE
P16,300,0.3,102,attraction,2,FAILURE,0,,,,,,73.8884,13557,status=FAILURE
P16,300,0.3,102,attraction,4,FAILURE,0,,,,,,72.8974,13557,status=FAILURE
P16,100,0.2,101,minorminer,4,SUCCESS,1,10.14,9.72,,17,1014,13.6408,989,
P16,300,0.3,103,minorminer,3,FAILURE,0,,,,,,69.578,13568,status=FAILURE
P16,100,0.2,101,mmfork-cuthill,2,SUCCESS,1,9.66,9.18,,16,966,12.9709,989,
P16,300,0.3,103,minorminer,2,FAILURE,0,,,,,,70.5533,13568,status=FAILURE
P16,300,0.3,103,minorminer,4,FAILURE,0,,,,,,67.9963,13568,status=FAILURE
P16,100,0.2,101,minorminer,2,SUCCESS,1,10.19,9.72,,16,1019,15.0076,989,
P16,100,0.2,102,template,-1,SUCCESS,1,9.13,9.13,9.82,10,913,0.0254,958,
P16,100,0.2,101,minorminer,3,SUCCESS,1,10.13,9.67,,17,1013,14.9526,989,
P16,100,0.2,102,clique,-1,SUCCESS,1,9.82,9.13,,10,982,0.0219,958,
P16,100,0.2,101,mmfork-cuthill,4,SUCCESS,1,9.58,9.29,,15,958,13.9186,989,
P16,100,0.2,101,mmfork-cuthill,1,SUCCESS,1,9.77,9.43,,15,977,14.2613,989,
P16,100,0.2,102,pssa,1,SUCCESS,1,9.37,9.37,,11,937,0.4844,958,
P16,100,0.2,102,pssa,0,SUCCESS,1,9.37,9.37,,11,937,0.6065,958,
P16,100,0.2,102,pssa,2,SUCCESS,1,9.37,9.37,,11,937,0.5722,958,
P16,100,0.2,102,pssa,3,SUCCESS,1,9.37,9.37,,11,937,0.5828,958,
P16,100,0.2,102,pssa,4,SUCCESS,1,9.37,9.37,,11,937,0.4904,958,
P16,100,0.2,102,minorminer,3,SUCCESS,1,10.44,9.89,,18,1044,6.4391,958,
P16,300,0.3,103,mmfork-cuthill,0,FAILURE,0,,,,,,70.2016,13568,status=FAILURE
P16,100,0.2,102,clmm,3,SUCCESS,1,8.83,8.73,,10,883,3.9164,958,
P16,300,0.3,103,mmfork-cuthill,1,FAILURE,0,,,,,,69.1423,13568,status=FAILURE
P16,100,0.2,102,clmm,2,SUCCESS,1,8.84,8.75,,10,884,4.1073,958,
P16,100,0.2,101,minorminer,1,SUCCESS,1,9.55,9.08,,15,955,18.4639,989,
P16,100,0.2,101,mmfork-cuthill,0,SUCCESS,1,9.61,9.24,,16,961,18.8824,989,
P16,100,0.2,102,clmm,1,SUCCESS,1,8.76,8.68,,10,876,5.191,958,
P16,300,0.3,103,mmfork-cuthill,2,FAILURE,0,,,,,,69.8437,13568,status=FAILURE
P16,100,0.2,101,mmfork-cuthill,3,SUCCESS,1,9.79,9.38,,16,979,18.657,989,
P16,100,0.2,102,clmm,4,SUCCESS,1,8.73,8.66,,10,873,5.7871,958,
P16,100,0.2,102,clmm,0,SUCCESS,1,8.75,8.7,,10,875,6.548,958,
P16,100,0.2,101,minorminer,0,SUCCESS,1,9.58,9.2,,16,958,20.8726,989,
P16,100,0.2,102,minorminer,2,SUCCESS,1,9.54,9.06,,16,954,12.9397,958,
P16,100,0.2,102,minorminer,4,SUCCESS,1,9.96,9.51,,16,996,12.1632,958,
P16,100,0.2,103,clmm,1,SUCCESS,1,9.82,9.22,,10,982,3.136,971,
P16,300,0.3,103,mmfork-cuthill,4,FAILURE,0,,,,,,66.9963,13568,status=FAILURE
P16,100,0.2,103,template,-1,SUCCESS,1,9.22,9.22,9.82,10,922,0.0263,971,
P16,100,0.2,103,clique,-1,SUCCESS,1,9.82,9.22,,10,982,0.0183,971,
P16,100,0.2,103,pssa,0,SUCCESS,1,9.38,9.38,,11,938,0.4935,971,
P16,100,0.2,103,pssa,1,SUCCESS,1,9.38,9.38,,11,938,0.4934,971,
P16,100,0.2,103,pssa,2,SUCCESS,1,9.38,9.38,,11,938,0.4944,971,
P16,300,0.3,103,mmfork-cuthill,3,FAILURE,0,,,,,,70.1387,13568,status=FAILURE
P16,100,0.2,103,pssa,3,SUCCESS,1,9.38,9.38,,11,938,0.4972,971,
P16,100,0.2,103,pssa,4,SUCCESS,1,9.38,9.38,,11,938,0.5754,971,
P16,100,0.2,103,clmm,2,SUCCESS,1,9.8,9.28,,10,980,3.6613,971,
P16,100,0.2,102,minorminer,0,SUCCESS,1,9.34,8.9,,15,934,18.3327,958,
P16,100,0.2,103,clmm,3,SUCCESS,1,9.7,9.23,,10,970,4.2543,971,
P16,100,0.2,101,attraction,3,SUCCESS,1,11.13,10.39,,19,1113,22.055,989,
P16,100,0.2,103,clmm,0,SUCCESS,1,8.9,8.81,,10,890,7.9092,971,
P16,100,0.2,103,clmm,4,SUCCESS,1,8.88,8.81,,10,888,5.5246,971,
P16,100,0.2,102,mmfork-cuthill,2,SUCCESS,1,9.31,8.98,,16,931,16.5566,958,
P16,100,0.2,103,minorminer,4,SUCCESS,1,9.78,9.16,,15,978,12.3725,971,
P16,100,0.2,102,minorminer,1,SUCCESS,1,9.7,9.18,,15,970,20.4419,958,
P16,100,0.2,103,minorminer,3,SUCCESS,1,9.72,9.31,,16,972,12.464,971,
P16,100,0.2,103,mmfork-cuthill,4,SUCCESS,1,9.63,9.28,,15,963,11.1894,971,
P16,100,0.2,102,mmfork-cuthill,1,SUCCESS,1,9.43,9.1,,16,943,18.7687,958,
P16,100,0.2,102,mmfork-cuthill,4,SUCCESS,1,8.84,8.5,,15,884,17.7618,958,
P16,100,0.2,103,mmfork-cuthill,2,SUCCESS,1,9.66,9.18,,16,966,12.2056,971,
P16,300,0.3,103,clmm,3,FAILURE,0,,,,,,71.6395,13568,clmm: MM stage returned empty
P16,300,0.3,103,clmm,2,FAILURE,0,,,,,,72.8896,13568,clmm: MM stage returned empty
P16,300,0.3,103,clmm,1,FAILURE,0,,,,,,73.312,13568,clmm: MM stage returned empty
P16,100,0.2,103,mmfork-cuthill,0,SUCCESS,1,9.37,8.94,,15,937,13.145,971,
P16,300,0.3,103,pssa,0,FAILURE,0,,,,,,61.4649,13568,status=FAILURE
P16,140,0.2,101,template,-1,SUCCESS,1,12.5929,12.5929,13.8286,14,1763,0.0735,1947,
P16,300,0.3,103,clmm,0,FAILURE,0,,,,,,74.7378,13568,clmm: MM stage returned empty
P16,140,0.2,101,clique,-1,SUCCESS,1,13.8286,12.5929,,14,1936,0.0209,1947,
P16,100,0.2,102,mmfork-cuthill,0,SUCCESS,1,9.12,8.7,,15,912,21.1983,958,
P16,140,0.2,101,pssa,0,SUCCESS,1,12.7214,12.7214,,14,1781,0.5864,1947,
P16,300,0.3,103,pssa,1,FAILURE,0,,,,,,61.7896,13568,status=FAILURE
P16,140,0.2,101,pssa,1,SUCCESS,1,12.7214,12.7214,,14,1781,0.5828,1947,
P16,100,0.2,103,minorminer,0,SUCCESS,1,9.66,9.18,,16,966,16.5214,971,
P16,100,0.2,103,mmfork-cuthill,1,SUCCESS,1,9.01,8.65,,15,901,14.9248,971,
P16,140,0.2,101,pssa,2,SUCCESS,1,12.7214,12.7214,,14,1781,0.5859,1947,
P16,140,0.2,101,pssa,3,SUCCESS,1,12.7214,12.7214,,14,1781,0.5916,1947,
P16,140,0.2,101,pssa,4,SUCCESS,1,12.7214,12.7214,,14,1781,0.6894,1947,
P16,100,0.2,103,minorminer,2,SUCCESS,1,9.61,9.13,,16,961,16.3643,971,
P16,100,0.2,101,attraction,4,SUCCESS,1,10.34,9.83,,18,1034,26.3232,989,
P16,100,0.2,102,mmfork-cuthill,3,SUCCESS,1,9.13,8.86,,15,913,22.2987,958,
P16,100,0.2,103,minorminer,1,SUCCESS,1,9.55,9.12,,16,955,18.3414,971,
P16,100,0.2,102,attraction,4,SUCCESS,1,10.67,10.15,,18,1067,20.4216,958,
P16,300,0.3,103,clmm,4,FAILURE,0,,,,,,71.7685,13568,clmm: MM stage returned empty
P16,300,0.3,103,pssa,3,FAILURE,0,,,,,,61.6253,13568,status=FAILURE
P16,100,0.2,102,attraction,3,SUCCESS,1,10.12,9.48,,16,1012,25.1625,958,
P16,100,0.2,101,attraction,1,SUCCESS,1,9.56,9.21,,16,956,36.2922,989,
P16,140,0.2,101,clmm,0,SUCCESS,1,13.6643,13.0857,,14,1913,11.1686,1947,
P16,300,0.3,103,pssa,2,FAILURE,0,,,,,,68.5838,13568,status=FAILURE
P16,100,0.2,102,attraction,0,SUCCESS,1,9.81,9.47,,16,981,27.4995,958,
P16,140,0.2,101,clmm,1,SUCCESS,1,13.7,13.0071,,14,1918,11.7633,1947,
P16,100,0.2,101,attraction,2,SUCCESS,1,9.37,9.03,,15,937,38.1977,989,
P16,140,0.2,101,clmm,2,SUCCESS,1,13.7571,12.8857,,14,1926,12.2151,1947,
P16,140,0.2,102,template,-1,SUCCESS,1,12.4429,12.4429,13.8286,14,1742,0.0747,1920,
P16,140,0.2,101,clmm,3,SUCCESS,1,13.7929,12.9071,,14,1931,12.1962,1947,
P16,140,0.2,102,clique,-1,SUCCESS,1,13.8286,12.4429,,14,1936,0.0195,1920,
P16,140,0.2,102,pssa,1,SUCCESS,1,12.7143,12.7143,,14,1780,0.5561,1920,
P16,140,0.2,102,pssa,0,SUCCESS,1,12.7143,12.7143,,14,1780,0.6482,1920,
P16,140,0.2,102,pssa,2,SUCCESS,1,12.7143,12.7143,,14,1780,0.6746,1920,
P16,140,0.2,102,pssa,3,SUCCESS,1,12.7143,12.7143,,14,1780,0.6588,1920,
P16,140,0.2,102,pssa,4,SUCCESS,1,12.7143,12.7143,,14,1780,0.5671,1920,
P16,100,0.2,102,attraction,1,SUCCESS,1,9.42,8.86,,15,942,31.4653,958,
P16,100,0.2,102,attraction,2,SUCCESS,1,9.64,9.19,,16,964,32.1714,958,
P16,100,0.2,103,mmfork-cuthill,3,SUCCESS,1,9.2,8.81,,14,920,28.2432,971,
P16,300,0.3,103,pssa,4,FAILURE,0,,,,,,69.149,13568,status=FAILURE
P16,140,0.2,101,clmm,4,SUCCESS,1,12.7286,12.5643,,14,1782,16.5064,1947,
P16,100,0.2,103,attraction,3,SUCCESS,1,10.41,9.85,,17,1041,22.3066,971,
P16,100,0.2,101,attraction,0,SUCCESS,1,9.27,8.88,,15,927,44.7445,989,
P16,140,0.2,102,clmm,0,SUCCESS,1,13.7714,12.6357,,14,1928,10.3276,1920,
P16,140,0.2,102,clmm,2,SUCCESS,1,13.8286,12.4429,,14,1936,10.103,1920,
P16,100,0.2,103,attraction,4,SUCCESS,1,9.88,9.28,,17,988,25.9903,971,
P16,140,0.2,102,clmm,1,SUCCESS,1,13.7286,13.0071,,14,1922,10.7764,1920,
P16,140,0.2,102,clmm,3,SUCCESS,1,13.7786,12.6857,,14,1929,10.6765,1920,
P16,100,0.2,103,attraction,0,SUCCESS,1,10.22,9.56,,17,1022,27.9538,971,
P16,140,0.2,101,mmfork-cuthill,4,SUCCESS,1,15.8214,14.9571,,26,2215,23.2711,1947,
P16,140,0.2,102,clmm,4,SUCCESS,1,13.6929,13.0643,,14,1917,10.7693,1920,
P16,300,0.3,103,attraction,0,FAILURE,0,,,,,,74.5021,13568,status=FAILURE
P16,300,0.3,103,attraction,1,FAILURE,0,,,,,,73.7248,13568,status=FAILURE
P16,140,0.2,101,mmfork-cuthill,1,SUCCESS,1,14.7214,14.0214,,25,2061,26.6438,1947,
P16,300,0.3,103,attraction,2,FAILURE,0,,,,,,74.1478,13568,status=FAILURE
P16,140,0.2,103,template,-1,SUCCESS,1,12.5429,12.5429,13.8286,14,1756,0.0721,1920,
P16,140,0.2,103,clique,-1,SUCCESS,1,13.8286,12.5429,,14,1936,0.0199,1920,
P16,300,0.3,103,attraction,3,FAILURE,0,,,,,,74.8124,13568,status=FAILURE
P16,140,0.2,103,pssa,0,SUCCESS,1,12.7143,12.7143,,14,1780,0.66,1920,
P16,300,0.3,103,attraction,4,FAILURE,0,,,,,,74.0868,13568,status=FAILURE
P16,140,0.2,103,pssa,1,SUCCESS,1,12.7143,12.7143,,14,1780,0.5683,1920,
P16,140,0.2,103,pssa,3,SUCCESS,1,12.7143,12.7143,,14,1780,0.5639,1920,
P16,140,0.2,103,pssa,2,SUCCESS,1,12.7143,12.7143,,14,1780,0.567,1920,
P16,140,0.2,103,pssa,4,SUCCESS,1,12.7143,12.7143,,14,1780,0.5683,1920,
P16,100,0.2,103,attraction,1,SUCCESS,1,9.79,9.25,,16,979,32.7658,971,
P16,140,0.2,102,mmfork-cuthill,2,SUCCESS,1,14.2786,13.5857,,24,1999,22.1022,1920,
P16,140,0.2,102,mmfork-cuthill,0,SUCCESS,1,14.0,13.4643,,24,1960,27.7539,1920,
P16,140,0.2,103,clmm,1,SUCCESS,1,13.7929,12.6,,14,1931,10.4651,1920,
P16,140,0.2,103,clmm,0,SUCCESS,1,13.7357,13.0143,,14,1923,11.1281,1920,
P16,140,0.2,103,clmm,2,SUCCESS,1,13.7071,13.1571,,14,1919,10.9738,1920,
P16,100,0.2,103,attraction,2,SUCCESS,1,9.41,8.91,,15,941,39.58,971,
P16,140,0.2,103,clmm,3,SUCCESS,1,13.8143,12.6786,,14,1934,10.4612,1920,
P16,140,0.2,101,minorminer,1,SUCCESS,1,15.1643,14.2857,,24,2123,39.9764,1947,
P16,140,0.2,103,clmm,4,SUCCESS,1,13.7571,13.1571,,14,1926,11.7384,1920,
P16,140,0.2,101,mmfork-cuthill,0,SUCCESS,1,15.9143,15.0714,,28,2228,40.7645,1947,
P16,140,0.2,101,minorminer,2,SUCCESS,1,16.0571,15.0643,,25,2248,42.2599,1947,
P16,140,0.2,102,minorminer,2,SUCCESS,1,15.4071,14.6429,,24,2157,38.5802,1920,
P16,140,0.2,101,mmfork-cuthill,3,SUCCESS,1,14.75,13.8714,,23,2065,42.9953,1947,
P16,140,0.2,102,minorminer,0,SUCCESS,1,15.85,15.0071,,25,2219,42.646,1920,
P16,140,0.2,103,minorminer,0,SUCCESS,1,16.2071,15.2357,,28,2269,28.643,1920,
P16,140,0.2,102,minorminer,4,SUCCESS,1,15.35,14.6214,,26,2149,41.608,1920,
P16,140,0.2,103,minorminer,3,SUCCESS,1,15.2429,14.4143,,24,2134,29.4247,1920,
P16,200,0.2,101,template,-1,INFEASIBLE,0,,,,,,0.0,3980,n=200 > max clique 180
P16,200,0.2,101,clique,-1,FAILURE,0,,,,,,0.0205,3980,status=FAILURE
P16,140,0.2,102,minorminer,1,SUCCESS,1,15.0,14.2357,,24,2100,46.5248,1920,
P16,140,0.2,102,mmfork-cuthill,4,SUCCESS,1,14.6286,13.8929,,24,2048,40.7896,1920,
P16,140,0.2,103,minorminer,4,SUCCESS,1,16.0714,15.0,,26,2250,30.0112,1920,
P16,140,0.2,103,mmfork-cuthill,1,SUCCESS,1,15.1714,14.5143,,24,2124,30.5073,1920,
P16,140,0.2,103,minorminer,1,SUCCESS,1,15.9143,15.0143,,25,2228,35.5939,1920,
P16,140,0.2,101,minorminer,0,SUCCESS,1,15.0429,14.2143,,23,2106,56.422,1947,
P16,140,0.2,101,minorminer,4,SUCCESS,1,15.3786,14.45,,25,2153,54.3591,1947,
P16,140,0.2,102,mmfork-cuthill,1,SUCCESS,1,15.6786,14.7429,,26,2195,50.8013,1920,
P16,140,0.2,101,minorminer,3,SUCCESS,1,15.6,14.8214,,25,2184,60.0687,1947,
P16,140,0.2,102,attraction,1,SUCCESS,1,19.0214,17.3286,,32,2663,43.6717,1920,
P16,140,0.2,103,mmfork-cuthill,3,SUCCESS,1,14.2786,13.6,,23,1999,36.225,1920,
P16,140,0.2,103,mmfork-cuthill,2,SUCCESS,1,14.2929,13.7286,,22,2001,36.7541,1920,
P16,140,0.2,101,mmfork-cuthill,2,SUCCESS,1,15.2857,14.5286,,25,2140,60.2572,1947,
P16,140,0.2,102,minorminer,3,SUCCESS,1,14.4929,13.7,,23,2029,58.5998,1920,
P16,140,0.2,101,attraction,0,SUCCESS,1,17.1,15.7143,,29,2394,60.3327,1947,
P16,140,0.2,101,attraction,1,SUCCESS,1,17.3,16.1214,,29,2422,60.2245,1947,
P16,140,0.2,101,attraction,3,SUCCESS,1,16.6786,15.3143,,26,2335,60.0444,1947,
P16,140,0.2,101,attraction,2,SUCCESS,1,16.3786,15.3286,,27,2293,60.2885,1947,
P16,140,0.2,101,attraction,4,SUCCESS,1,16.6143,15.6929,,26,2326,60.4879,1947,
P16,140,0.2,103,mmfork-cuthill,4,SUCCESS,1,14.1357,13.6214,,22,1979,45.6714,1920,
P16,140,0.2,103,mmfork-cuthill,0,SUCCESS,1,14.7929,14.1,,23,2071,47.9362,1920,
P16,140,0.2,102,mmfork-cuthill,3,SUCCESS,1,15.15,14.3143,,25,2121,60.5738,1920,
P16,140,0.2,102,attraction,0,SUCCESS,1,15.95,15.0286,,26,2233,60.1335,1920,
P16,140,0.2,102,attraction,2,SUCCESS,1,16.55,15.3143,,28,2317,60.0805,1920,
P16,140,0.2,102,attraction,4,SUCCESS,1,16.8786,15.5214,,27,2363,60.0352,1920,
P16,200,0.2,102,template,-1,INFEASIBLE,0,,,,,,0.0,3917,n=200 > max clique 180
P16,200,0.2,102,clique,-1,FAILURE,0,,,,,,0.0203,3917,status=FAILURE
P16,140,0.2,102,attraction,3,SUCCESS,1,16.5286,15.2429,,27,2314,60.4565,1920,
P16,140,0.2,103,minorminer,2,SUCCESS,1,15.0786,14.2071,,24,2111,60.5653,1920,
P16,140,0.2,103,attraction,0,SUCCESS,1,16.8071,15.7786,,28,2353,59.3068,1920,
P16,140,0.2,103,attraction,3,SUCCESS,1,15.7714,14.9,,25,2208,60.1662,1920,
P16,140,0.2,103,attraction,1,SUCCESS,1,17.6,16.2857,,31,2464,60.5816,1920,
P16,140,0.2,103,attraction,2,SUCCESS,1,16.15,15.0,,26,2261,60.7342,1920,
P16,140,0.2,103,attraction,4,SUCCESS,1,16.0,14.7857,,27,2240,60.5034,1920,
P16,200,0.2,101,minorminer,0,FAILURE,0,,,,,,62.87,3980,status=FAILURE
P16,200,0.2,101,minorminer,1,FAILURE,0,,,,,,63.0356,3980,status=FAILURE
P16,200,0.2,101,minorminer,3,FAILURE,0,,,,,,62.6084,3980,status=FAILURE
P16,200,0.2,101,minorminer,4,FAILURE,0,,,,,,63.0576,3980,status=FAILURE
P16,200,0.2,101,mmfork-cuthill,0,FAILURE,0,,,,,,62.3055,3980,status=FAILURE
P16,200,0.2,101,minorminer,2,FAILURE,0,,,,,,64.4095,3980,status=FAILURE
P16,200,0.2,101,mmfork-cuthill,1,FAILURE,0,,,,,,63.1923,3980,status=FAILURE
P16,200,0.2,101,mmfork-cuthill,2,FAILURE,0,,,,,,62.9414,3980,status=FAILURE
P16,200,0.2,101,clmm,0,SUCCESS,1,22.135,21.135,,45,4427,60.1493,3980,
P16,200,0.2,101,mmfork-cuthill,3,FAILURE,0,,,,,,62.8623,3980,status=FAILURE
P16,200,0.2,101,mmfork-cuthill,4,FAILURE,0,,,,,,63.3197,3980,status=FAILURE
P16,200,0.2,101,clmm,1,FAILURE,0,,,,,,63.1174,3980,clmm: MM stage returned empty
P16,200,0.2,101,clmm,3,SUCCESS,1,22.3,21.165,,42,4460,60.4492,3980,
P16,200,0.2,101,clmm,2,FAILURE,0,,,,,,62.6863,3980,clmm: MM stage returned empty
P16,200,0.2,101,clmm,4,FAILURE,0,,,,,,61.9138,3980,clmm: MM stage returned empty
P16,200,0.2,101,pssa,1,FAILURE,0,,,,,,61.2366,3980,status=FAILURE
P16,200,0.2,101,attraction,0,FAILURE,0,,,,,,60.2554,3980,status=FAILURE
P16,200,0.2,101,pssa,0,FAILURE,0,,,,,,65.9653,3980,status=FAILURE
P16,200,0.2,103,template,-1,INFEASIBLE,0,,,,,,0.0,3994,n=200 > max clique 180
P16,200,0.2,103,clique,-1,FAILURE,0,,,,,,0.0173,3994,status=FAILURE
P16,200,0.2,101,pssa,4,FAILURE,0,,,,,,62.9691,3980,status=FAILURE
P16,200,0.2,101,attraction,1,FAILURE,0,,,,,,62.8025,3980,status=FAILURE
P16,200,0.2,101,attraction,2,FAILURE,0,,,,,,63.2513,3980,status=FAILURE
P16,200,0.2,101,pssa,2,FAILURE,0,,,,,,66.86,3980,status=FAILURE
P16,200,0.2,101,pssa,3,FAILURE,0,,,,,,67.5307,3980,status=FAILURE
P16,200,0.2,102,minorminer,2,FAILURE,0,,,,,,61.1503,3917,status=FAILURE
P16,200,0.2,102,minorminer,0,FAILURE,0,,,,,,62.727,3917,status=FAILURE
P16,200,0.2,102,minorminer,1,FAILURE,0,,,,,,62.7715,3917,status=FAILURE
P16,200,0.2,101,attraction,4,FAILURE,0,,,,,,64.5309,3980,status=FAILURE
P16,200,0.2,101,attraction,3,FAILURE,0,,,,,,65.6119,3980,status=FAILURE
P16,200,0.2,102,minorminer,4,FAILURE,0,,,,,,60.8521,3917,status=FAILURE
P16,200,0.2,102,mmfork-cuthill,4,FAILURE,0,,,,,,60.5385,3917,status=FAILURE
P16,200,0.2,102,mmfork-cuthill,1,FAILURE,0,,,,,,61.277,3917,status=FAILURE
P16,200,0.2,102,minorminer,3,FAILURE,0,,,,,,64.0963,3917,status=FAILURE
P16,200,0.2,102,mmfork-cuthill,0,FAILURE,0,,,,,,62.4215,3917,status=FAILURE
P16,200,0.2,102,mmfork-cuthill,3,FAILURE,0,,,,,,63.8321,3917,status=FAILURE
P16,200,0.2,102,mmfork-cuthill,2,FAILURE,0,,,,,,64.4236,3917,status=FAILURE
P16,200,0.2,102,clmm,0,SUCCESS,1,22.83,21.835,,45,4566,60.5074,3917,
P16,200,0.2,102,clmm,3,SUCCESS,1,23.185,22.15,,45,4637,54.4872,3917,
P16,200,0.2,102,clmm,1,SUCCESS,1,21.895,21.12,,44,4379,60.3658,3917,
P16,200,0.2,102,clmm,2,SUCCESS,1,21.92,20.95,,41,4384,60.0865,3917,
P16,200,0.2,102,clmm,4,FAILURE,0,,,,,,61.9598,3917,clmm: MM stage returned empty
P16,200,0.2,102,pssa,0,FAILURE,0,,,,,,64.2656,3917,status=FAILURE
P16,200,0.2,102,pssa,1,FAILURE,0,,,,,,64.5791,3917,status=FAILURE
P16,200,0.2,102,pssa,2,FAILURE,0,,,,,,65.8698,3917,status=FAILURE
P16,260,0.2,101,template,-1,INFEASIBLE,0,,,,,,0.0,6731,n=260 > max clique 180
P16,260,0.2,101,clique,-1,FAILURE,0,,,,,,0.0241,6731,status=FAILURE
P16,200,0.2,102,attraction,0,FAILURE,0,,,,,,61.1251,3917,status=FAILURE
P16,200,0.2,102,pssa,3,FAILURE,0,,,,,,63.4233,3917,status=FAILURE
P16,200,0.2,102,attraction,2,FAILURE,0,,,,,,61.9254,3917,status=FAILURE
P16,200,0.2,102,pssa,4,FAILURE,0,,,,,,65.9155,3917,status=FAILURE
P16,200,0.2,102,attraction,1,FAILURE,0,,,,,,65.9551,3917,status=FAILURE
P16,200,0.2,102,attraction,3,FAILURE,0,,,,,,60.4651,3917,status=FAILURE
P16,200,0.2,103,minorminer,0,FAILURE,0,,,,,,60.5753,3994,status=FAILURE
P16,200,0.2,103,minorminer,1,FAILURE,0,,,,,,61.975,3994,status=FAILURE
P16,200,0.2,103,minorminer,2,FAILURE,0,,,,,,62.7769,3994,status=FAILURE
P16,200,0.2,103,minorminer,3,FAILURE,0,,,,,,63.8951,3994,status=FAILURE
P16,200,0.2,102,attraction,4,FAILURE,0,,,,,,65.9059,3917,status=FAILURE
P16,200,0.2,103,mmfork-cuthill,3,FAILURE,0,,,,,,60.4246,3994,status=FAILURE
P16,200,0.2,103,minorminer,4,FAILURE,0,,,,,,63.992,3994,status=FAILURE
P16,200,0.2,103,mmfork-cuthill,1,FAILURE,0,,,,,,62.6679,3994,status=FAILURE
P16,200,0.2,103,mmfork-cuthill,0,FAILURE,0,,,,,,64.7481,3994,status=FAILURE
P16,200,0.2,103,mmfork-cuthill,2,FAILURE,0,,,,,,63.659,3994,status=FAILURE
P16,200,0.2,103,clmm,0,SUCCESS,1,22.18,20.965,,43,4436,60.5122,3994,
P16,200,0.2,103,mmfork-cuthill,4,FAILURE,0,,,,,,64.3412,3994,status=FAILURE
P16,200,0.2,103,clmm,4,SUCCESS,1,22.155,21.06,,44,4431,56.6484,3994,
P16,200,0.2,103,clmm,1,FAILURE,0,,,,,,62.1872,3994,clmm: MM stage returned empty
P16,200,0.2,103,clmm,2,FAILURE,0,,,,,,62.3009,3994,clmm: MM stage returned empty
P16,200,0.2,103,clmm,3,SUCCESS,1,22.11,21.09,,42,4422,60.0516,3994,
P16,200,0.2,103,pssa,0,FAILURE,0,,,,,,63.5659,3994,status=FAILURE
P16,200,0.2,103,pssa,1,FAILURE,0,,,,,,63.39,3994,status=FAILURE
P16,200,0.2,103,pssa,2,FAILURE,0,,,,,,64.5674,3994,status=FAILURE
P16,260,0.2,102,template,-1,INFEASIBLE,0,,,,,,0.0,6698,n=260 > max clique 180
P16,260,0.2,102,clique,-1,FAILURE,0,,,,,,0.0231,6698,status=FAILURE
P16,200,0.2,103,pssa,4,FAILURE,0,,,,,,62.5451,3994,status=FAILURE
P16,200,0.2,103,attraction,0,FAILURE,0,,,,,,61.9233,3994,status=FAILURE
P16,200,0.2,103,attraction,3,FAILURE,0,,,,,,61.037,3994,status=FAILURE
P16,200,0.2,103,attraction,2,FAILURE,0,,,,,,61.7904,3994,status=FAILURE
P16,260,0.2,101,minorminer,1,FAILURE,0,,,,,,60.5049,6731,status=FAILURE
P16,200,0.2,103,pssa,3,FAILURE,0,,,,,,67.1753,3994,status=FAILURE
P16,200,0.2,103,attraction,4,FAILURE,0,,,,,,61.9052,3994,status=FAILURE
P16,200,0.2,103,attraction,1,FAILURE,0,,,,,,64.8,3994,status=FAILURE
P16,260,0.2,101,minorminer,2,FAILURE,0,,,,,,63.5826,6731,status=FAILURE
P16,260,0.2,101,minorminer,0,FAILURE,0,,,,,,64.3246,6731,status=FAILURE
P16,260,0.2,101,minorminer,4,FAILURE,0,,,,,,63.8781,6731,status=FAILURE
P16,260,0.2,101,minorminer,3,FAILURE,0,,,,,,64.8822,6731,status=FAILURE
P16,260,0.2,101,mmfork-cuthill,0,FAILURE,0,,,,,,64.9356,6731,status=FAILURE
P16,260,0.2,101,mmfork-cuthill,1,FAILURE,0,,,,,,64.9248,6731,status=FAILURE
P16,260,0.2,101,clmm,0,FAILURE,0,,,,,,61.8124,6731,clmm: MM stage returned empty
P16,260,0.2,101,mmfork-cuthill,2,FAILURE,0,,,,,,65.4906,6731,status=FAILURE
P16,260,0.2,101,mmfork-cuthill,4,FAILURE,0,,,,,,63.3784,6731,status=FAILURE
P16,260,0.2,101,mmfork-cuthill,3,FAILURE,0,,,,,,65.0977,6731,status=FAILURE
P16,260,0.2,101,clmm,1,FAILURE,0,,,,,,64.5139,6731,clmm: MM stage returned empty
P16,260,0.2,101,clmm,2,FAILURE,0,,,,,,64.4394,6731,clmm: MM stage returned empty
P16,260,0.2,101,clmm,3,FAILURE,0,,,,,,63.994,6731,clmm: MM stage returned empty
P16,260,0.2,101,clmm,4,FAILURE,0,,,,,,63.6214,6731,clmm: MM stage returned empty
P16,260,0.2,101,pssa,0,FAILURE,0,,,,,,61.6489,6731,status=FAILURE
P16,260,0.2,101,pssa,2,FAILURE,0,,,,,,61.8918,6731,status=FAILURE
P16,260,0.2,101,pssa,3,FAILURE,0,,,,,,61.1217,6731,status=FAILURE
P16,260,0.2,103,template,-1,INFEASIBLE,0,,,,,,0.0,6751,n=260 > max clique 180
P16,260,0.2,103,clique,-1,FAILURE,0,,,,,,0.0216,6751,status=FAILURE
P16,260,0.2,101,pssa,1,FAILURE,0,,,,,,68.1102,6731,status=FAILURE
P16,260,0.2,101,pssa,4,FAILURE,0,,,,,,67.7936,6731,status=FAILURE
P16,260,0.2,101,attraction,0,FAILURE,0,,,,,,67.39,6731,status=FAILURE
P16,260,0.2,101,attraction,1,FAILURE,0,,,,,,67.5584,6731,status=FAILURE
P16,260,0.2,101,attraction,2,FAILURE,0,,,,,,67.2344,6731,status=FAILURE
P16,260,0.2,101,attraction,3,FAILURE,0,,,,,,66.5217,6731,status=FAILURE
P16,260,0.2,102,minorminer,0,FAILURE,0,,,,,,64.7189,6698,status=FAILURE
P16,260,0.2,102,minorminer,1,FAILURE,0,,,,,,64.5924,6698,status=FAILURE
P16,260,0.2,102,minorminer,2,FAILURE,0,,,,,,64.1163,6698,status=FAILURE
P16,260,0.2,101,attraction,4,FAILURE,0,,,,,,67.3567,6731,status=FAILURE
P16,260,0.2,102,minorminer,3,FAILURE,0,,,,,,64.5653,6698,status=FAILURE
P16,260,0.2,102,minorminer,4,FAILURE,0,,,,,,63.6483,6698,status=FAILURE
P16,260,0.2,102,mmfork-cuthill,0,FAILURE,0,,,,,,64.1428,6698,status=FAILURE
P16,260,0.2,102,mmfork-cuthill,1,FAILURE,0,,,,,,64.7028,6698,status=FAILURE
P16,260,0.2,102,clmm,1,FAILURE,0,,,,,,62.1298,6698,clmm: MM stage returned empty
P16,260,0.2,102,clmm,0,FAILURE,0,,,,,,62.4545,6698,clmm: MM stage returned empty
P16,260,0.2,102,mmfork-cuthill,2,FAILURE,0,,,,,,64.7997,6698,status=FAILURE
P16,260,0.2,102,mmfork-cuthill,3,FAILURE,0,,,,,,64.1928,6698,status=FAILURE
P16,260,0.2,102,mmfork-cuthill,4,FAILURE,0,,,,,,64.0289,6698,status=FAILURE
P16,260,0.2,102,clmm,2,FAILURE,0,,,,,,63.3283,6698,clmm: MM stage returned empty
P16,260,0.2,102,clmm,3,FAILURE,0,,,,,,62.9657,6698,clmm: MM stage returned empty
P16,260,0.2,102,clmm,4,FAILURE,0,,,,,,64.0604,6698,clmm: MM stage returned empty
P16,260,0.2,102,pssa,3,FAILURE,0,,,,,,64.0764,6698,status=FAILURE
P16,260,0.2,102,pssa,1,FAILURE,0,,,,,,68.12,6698,status=FAILURE
P16,260,0.2,102,pssa,0,FAILURE,0,,,,,,68.6234,6698,status=FAILURE
P16,340,0.2,101,template,-1,INFEASIBLE,0,,,,,,0.0,11552,n=340 > max clique 180
P16,340,0.2,101,clique,-1,FAILURE,0,,,,,,0.019,11552,status=FAILURE
P16,260,0.2,102,attraction,0,FAILURE,0,,,,,,66.4159,6698,status=FAILURE
P16,260,0.2,102,pssa,2,FAILURE,0,,,,,,68.9946,6698,status=FAILURE
P16,260,0.2,102,pssa,4,FAILURE,0,,,,,,67.8816,6698,status=FAILURE
P16,260,0.2,103,minorminer,1,FAILURE,0,,,,,,63.396,6751,status=FAILURE
P16,260,0.2,103,minorminer,2,FAILURE,0,,,,,,63.2018,6751,status=FAILURE
P16,260,0.2,102,attraction,1,FAILURE,0,,,,,,68.1488,6698,status=FAILURE
P16,260,0.2,103,minorminer,0,FAILURE,0,,,,,,64.6179,6751,status=FAILURE
P16,260,0.2,102,attraction,2,FAILURE,0,,,,,,67.9002,6698,status=FAILURE
P16,260,0.2,102,attraction,3,FAILURE,0,,,,,,67.9999,6698,status=FAILURE
P16,260,0.2,103,minorminer,3,FAILURE,0,,,,,,63.8669,6751,status=FAILURE
P16,260,0.2,102,attraction,4,FAILURE,0,,,,,,67.2009,6698,status=FAILURE
P16,260,0.2,103,mmfork-cuthill,0,FAILURE,0,,,,,,63.9345,6751,status=FAILURE
P16,260,0.2,103,minorminer,4,FAILURE,0,,,,,,64.8346,6751,status=FAILURE
P16,260,0.2,103,mmfork-cuthill,1,FAILURE,0,,,,,,65.4243,6751,status=FAILURE
P16,260,0.2,103,mmfork-cuthill,2,FAILURE,0,,,,,,65.3105,6751,status=FAILURE
P16,260,0.2,103,mmfork-cuthill,4,FAILURE,0,,,,,,65.4155,6751,status=FAILURE
P16,260,0.2,103,mmfork-cuthill,3,FAILURE,0,,,,,,66.8226,6751,status=FAILURE
P16,260,0.2,103,clmm,0,FAILURE,0,,,,,,64.3684,6751,clmm: MM stage returned empty
P16,260,0.2,103,clmm,2,FAILURE,0,,,,,,64.4482,6751,clmm: MM stage returned empty
P16,260,0.2,103,clmm,1,FAILURE,0,,,,,,64.9315,6751,clmm: MM stage returned empty
P16,260,0.2,103,clmm,3,FAILURE,0,,,,,,64.0819,6751,clmm: MM stage returned empty
P16,260,0.2,103,clmm,4,FAILURE,0,,,,,,63.8784,6751,clmm: MM stage returned empty
P16,260,0.2,103,pssa,0,FAILURE,0,,,,,,66.3837,6751,status=FAILURE
P16,260,0.2,103,pssa,1,FAILURE,0,,,,,,67.385,6751,status=FAILURE
P16,260,0.2,103,pssa,4,FAILURE,0,,,,,,61.7914,6751,status=FAILURE
P16,340,0.2,102,template,-1,INFEASIBLE,0,,,,,,0.0,11536,n=340 > max clique 180
P16,340,0.2,102,clique,-1,FAILURE,0,,,,,,0.0243,11536,status=FAILURE
P16,260,0.2,103,pssa,3,FAILURE,0,,,,,,67.2034,6751,status=FAILURE
P16,260,0.2,103,pssa,2,FAILURE,0,,,,,,67.8948,6751,status=FAILURE
P16,340,0.2,101,minorminer,3,FAILURE,0,,,,,,62.3727,11552,status=FAILURE
P16,260,0.2,103,attraction,0,FAILURE,0,,,,,,67.2176,6751,status=FAILURE
P16,340,0.2,101,minorminer,4,FAILURE,0,,,,,,61.946,11552,status=FAILURE
P16,260,0.2,103,attraction,3,FAILURE,0,,,,,,66.6517,6751,status=FAILURE
P16,260,0.2,103,attraction,2,FAILURE,0,,,,,,67.0653,6751,status=FAILURE
P16,260,0.2,103,attraction,1,FAILURE,0,,,,,,68.2668,6751,status=FAILURE
P16,260,0.2,103,attraction,4,FAILURE,0,,,,,,67.299,6751,status=FAILURE
P16,340,0.2,101,minorminer,0,FAILURE,0,,,,,,67.0148,11552,status=FAILURE
P16,340,0.2,101,minorminer,2,FAILURE,0,,,,,,67.364,11552,status=FAILURE
P16,340,0.2,101,mmfork-cuthill,4,FAILURE,0,,,,,,61.8283,11552,status=FAILURE
P16,340,0.2,101,minorminer,1,FAILURE,0,,,,,,68.1346,11552,status=FAILURE
P16,340,0.2,101,mmfork-cuthill,0,FAILURE,0,,,,,,65.8268,11552,status=FAILURE
P16,340,0.2,101,mmfork-cuthill,1,FAILURE,0,,,,,,68.5434,11552,status=FAILURE
P16,340,0.2,101,mmfork-cuthill,2,FAILURE,0,,,,,,69.0071,11552,status=FAILURE
P16,340,0.2,101,clmm,1,FAILURE,0,,,,,,61.5255,11552,clmm: MM stage returned empty
P16,340,0.2,101,clmm,2,FAILURE,0,,,,,,60.5027,11552,clmm: MM stage returned empty
P16,340,0.2,101,mmfork-cuthill,3,FAILURE,0,,,,,,70.5841,11552,status=FAILURE
P16,340,0.2,101,clmm,0,FAILURE,0,,,,,,70.4306,11552,clmm: MM stage returned empty
P16,340,0.2,101,clmm,4,FAILURE,0,,,,,,60.9356,11552,clmm: MM stage returned empty
P16,340,0.2,101,pssa,0,FAILURE,0,,,,,,61.069,11552,status=FAILURE
P16,340,0.2,101,pssa,2,FAILURE,0,,,,,,66.2336,11552,status=FAILURE
P16,340,0.2,101,pssa,1,FAILURE,0,,,,,,66.7598,11552,status=FAILURE
P16,340,0.2,101,clmm,3,FAILURE,0,,,,,,70.5378,11552,clmm: MM stage returned empty
P16,340,0.2,103,template,-1,INFEASIBLE,0,,,,,,0.0,11584,n=340 > max clique 180
P16,340,0.2,103,clique,-1,FAILURE,0,,,,,,0.0187,11584,status=FAILURE
P16,340,0.2,101,pssa,3,FAILURE,0,,,,,,66.3097,11552,status=FAILURE
P16,340,0.2,101,pssa,4,FAILURE,0,,,,,,66.189,11552,status=FAILURE
P16,340,0.2,102,minorminer,0,FAILURE,0,,,,,,66.7485,11536,status=FAILURE
P16,340,0.2,101,attraction,1,FAILURE,0,,,,,,71.4538,11552,status=FAILURE
P16,340,0.2,101,attraction,2,FAILURE,0,,,,,,71.622,11552,status=FAILURE
P16,340,0.2,102,minorminer,4,FAILURE,0,,,,,,65.8401,11536,status=FAILURE
P16,340,0.2,102,minorminer,1,FAILURE,0,,,,,,69.4789,11536,status=FAILURE
P16,340,0.2,102,mmfork-cuthill,0,FAILURE,0,,,,,,65.7792,11536,status=FAILURE
P16,340,0.2,101,attraction,3,FAILURE,0,,,,,,72.1397,11552,status=FAILURE
P16,340,0.2,102,minorminer,3,FAILURE,0,,,,,,68.7813,11536,status=FAILURE
P16,340,0.2,101,attraction,0,FAILURE,0,,,,,,73.3802,11552,status=FAILURE
P16,60,0.12,101,minorminer,0,SUCCESS,1,2.8,2.7833,,5,168,0.5302,207,
P16,60,0.12,101,minorminer,1,SUCCESS,1,2.9667,2.9667,,5,178,0.5486,207,
P16,340,0.2,102,minorminer,2,FAILURE,0,,,,,,69.989,11536,status=FAILURE
P16,60,0.12,101,minorminer,2,SUCCESS,1,2.8833,2.85,,5,173,0.5222,207,
P16,60,0.12,101,minorminer,3,SUCCESS,1,2.8667,2.8333,,5,172,0.5407,207,
P16,60,0.12,101,mmfork-cuthill,0,SUCCESS,1,2.8667,2.8667,,5,172,0.4273,207,
P16,60,0.12,101,mmfork-cuthill,1,SUCCESS,1,3.2333,3.15,,6,194,0.6539,207,
P16,60,0.12,101,minorminer,4,SUCCESS,1,2.7333,2.7167,,5,164,0.9349,207,
P16,340,0.2,101,attraction,4,FAILURE,0,,,,,,74.1193,11552,status=FAILURE
P16,60,0.12,101,mmfork-cuthill,2,SUCCESS,1,2.8,2.7833,,5,168,0.6104,207,
P16,60,0.12,101,clmm,0,SUCCESS,1,2.9667,2.95,,6,178,0.1543,207,
P16,60,0.12,101,clmm,1,SUCCESS,1,2.9333,2.8833,,5,176,0.2706,207,
P16,60,0.12,101,mmfork-cuthill,4,SUCCESS,1,2.8167,2.8167,,5,169,0.4203,207,
P16,60,0.12,101,clmm,3,SUCCESS,1,3.4,3.3833,,6,204,0.2125,207,
P16,60,0.12,101,template,-1,SUCCESS,1,5.1167,5.1167,6.8,7,307,0.0087,207,
P16,60,0.12,101,clique,-1,SUCCESS,1,6.8,5.1167,,7,408,0.0192,207,
P16,340,0.2,102,mmfork-cuthill,1,FAILURE,0,,,,,,66.9261,11536,status=FAILURE
P16,60,0.12,101,clmm,2,SUCCESS,1,2.5833,2.5667,,4,155,0.5521,207,
P16,340,0.2,102,mmfork-cuthill,2,FAILURE,0,,,,,,66.658,11536,status=FAILURE
P16,60,0.12,101,clmm,4,SUCCESS,1,2.9833,2.95,,5,179,0.4972,207,
P16,60,0.12,101,mmfork-cuthill,3,SUCCESS,1,2.9333,2.8667,,5,176,1.0371,207,
P16,60,0.12,101,pssa,0,SUCCESS,1,5.35,5.2667,,8,321,0.3508,207,
P16,60,0.12,101,pssa,2,SUCCESS,1,5.35,5.2667,,8,321,0.3454,207,
P16,60,0.12,101,pssa,1,SUCCESS,1,5.35,5.2667,,8,321,0.4435,207,
P16,60,0.12,101,pssa,4,SUCCESS,1,5.35,5.2667,,8,321,0.3431,207,
P16,60,0.12,101,pssa,3,SUCCESS,1,5.35,5.2667,,8,321,0.3494,207,
P16,60,0.12,102,minorminer,0,SUCCESS,1,2.7167,2.6833,,5,163,0.5018,200,
P16,60,0.12,102,minorminer,1,SUCCESS,1,2.8667,2.8333,,5,172,0.5061,200,
P16,60,0.12,102,minorminer,2,SUCCESS,1,2.7333,2.7333,,5,164,0.5563,200,
P16,60,0.12,102,minorminer,3,SUCCESS,1,2.7,2.6833,,5,162,0.5551,200,
P16,60,0.12,101,attraction,1,SUCCESS,1,2.8167,2.7833,,5,169,2.3966,207,
P16,60,0.12,101,attraction,0,SUCCESS,1,2.7667,2.7333,,5,166,2.6069,207,
P16,60,0.12,101,attraction,2,SUCCESS,1,2.7167,2.6833,,5,163,2.3769,207,
P16,60,0.12,101,attraction,4,SUCCESS,1,2.75,2.6833,,5,165,2.3915,207,
P16,60,0.12,101,attraction,3,SUCCESS,1,2.7333,2.6833,,5,164,2.6895,207,
P16,60,0.12,102,minorminer,4,SUCCESS,1,2.4,2.3833,,5,144,0.6567,200,
P16,60,0.12,102,mmfork-cuthill,2,SUCCESS,1,2.7833,2.7333,,5,167,0.5441,200,
P16,60,0.12,102,clmm,0,SUCCESS,1,3.2667,3.2,,6,196,0.1846,200,
P16,60,0.12,102,mmfork-cuthill,0,SUCCESS,1,2.7833,2.7,,5,167,0.7835,200,
P16,60,0.12,102,mmfork-cuthill,1,SUCCESS,1,2.6333,2.6333,,5,158,0.8319,200,
P16,60,0.12,102,clmm,1,SUCCESS,1,2.55,2.5333,,5,153,0.4157,200,
P16,60,0.12,102,template,-1,SUCCESS,1,4.5833,4.5833,6.8,7,275,0.0078,200,
P16,60,0.12,102,mmfork-cuthill,3,SUCCESS,1,2.8667,2.8,,6,172,0.9097,200,
P16,60,0.12,102,clique,-1,SUCCESS,1,6.8,4.5833,,7,408,0.0208,200,
P16,60,0.12,102,clmm,3,SUCCESS,1,2.7,2.6333,,5,162,0.3583,200,
P16,60,0.12,102,clmm,2,SUCCESS,1,2.85,2.85,,5,171,0.3927,200,
P16,60,0.12,102,clmm,4,SUCCESS,1,3.2667,3.1833,,6,196,0.2778,200,
P16,60,0.12,102,mmfork-cuthill,4,SUCCESS,1,2.7167,2.6833,,5,163,1.033,200,
P16,60,0.12,102,pssa,0,SUCCESS,1,4.7667,4.7667,,7,286,0.3404,200,
P16,60,0.12,102,pssa,1,SUCCESS,1,4.7667,4.7667,,7,286,0.3565,200,
P16,60,0.12,102,pssa,2,SUCCESS,1,4.7667,4.7667,,7,286,0.3459,200,
P16,60,0.12,102,pssa,3,SUCCESS,1,4.7667,4.7667,,7,286,0.344,200,
P16,60,0.12,102,pssa,4,SUCCESS,1,4.7667,4.7667,,7,286,0.341,200,
P16,60,0.12,103,minorminer,0,SUCCESS,1,3.2167,3.1333,,6,193,0.4419,212,
P16,60,0.12,103,minorminer,1,SUCCESS,1,3.1667,3.1167,,6,190,0.6823,212,
P16,60,0.12,103,minorminer,2,SUCCESS,1,2.6667,2.6,,5,160,0.8323,212,
P16,60,0.12,102,attraction,0,SUCCESS,1,2.4833,2.45,,5,149,2.2824,200,
P16,60,0.12,102,attraction,1,SUCCESS,1,2.6333,2.6,,5,158,2.4121,200,
P16,60,0.12,103,minorminer,3,SUCCESS,1,2.9667,2.9167,,6,178,0.3769,212,
P16,60,0.12,102,attraction,2,SUCCESS,1,2.5833,2.5667,,5,155,2.4501,200,
P16,60,0.12,102,attraction,4,SUCCESS,1,2.4667,2.45,,5,148,2.5237,200,
P16,60,0.12,102,attraction,3,SUCCESS,1,2.45,2.4167,,4,147,2.836,200,
P16,60,0.12,103,minorminer,4,SUCCESS,1,2.8833,2.85,,5,173,0.696,212,
P16,60,0.12,103,mmfork-cuthill,2,SUCCESS,1,3.2167,3.15,,6,193,0.5337,212,
P16,60,0.12,103,mmfork-cuthill,1,SUCCESS,1,2.85,2.7833,,5,171,0.7024,212,
P16,60,0.12,103,mmfork-cuthill,0,SUCCESS,1,2.8,2.7833,,5,168,0.7335,212,
P16,60,0.12,103,clmm,0,SUCCESS,1,3.0667,3.0167,,6,184,0.3372,212,
P16,60,0.12,103,mmfork-cuthill,3,SUCCESS,1,3.05,3.0333,,6,183,0.8783,212,
P16,60,0.12,103,clmm,3,SUCCESS,1,2.8333,2.8167,,5,170,0.3436,212,
P16,60,0.12,103,template,-1,SUCCESS,1,5.2833,5.2833,6.8,7,317,0.0072,212,
P16,60,0.12,103,clmm,1,SUCCESS,1,2.9667,2.95,,5,178,0.4848,212,
P16,60,0.12,103,clique,-1,SUCCESS,1,6.8,5.2833,,7,408,0.0191,212,
P16,60,0.12,103,clmm,2,SUCCESS,1,2.9667,2.9,,5,178,0.4278,212,
P16,60,0.12,103,clmm,4,SUCCESS,1,3.0667,3.0,,6,184,0.3674,212,
P16,60,0.12,103,mmfork-cuthill,4,SUCCESS,1,2.9667,2.8833,,5,178,0.8793,212,
P16,60,0.12,103,pssa,0,SUCCESS,1,5.15,5.15,,7,309,0.3532,212,
P16,60,0.12,103,pssa,1,SUCCESS,1,5.15,5.15,,7,309,0.3433,212,
P16,60,0.12,103,pssa,2,SUCCESS,1,5.15,5.15,,7,309,0.3433,212,
P16,60,0.12,103,pssa,3,SUCCESS,1,5.15,5.15,,7,309,0.3523,212,
P16,60,0.12,103,pssa,4,SUCCESS,1,5.15,5.15,,7,309,0.3514,212,
P16,340,0.2,102,mmfork-cuthill,3,FAILURE,0,,,,,,69.5436,11536,status=FAILURE
P16,340,0.2,102,mmfork-cuthill,4,FAILURE,0,,,,,,67.7931,11536,status=FAILURE
P16,60,0.12,103,attraction,0,SUCCESS,1,3.05,2.9333,,6,183,2.6883,212,
P16,60,0.12,103,attraction,4,SUCCESS,1,2.85,2.7833,,6,171,2.58,212,
P16,340,0.2,102,clmm,0,FAILURE,0,,,,,,68.8269,11536,clmm: MM stage returned empty
P16,60,0.12,103,attraction,1,SUCCESS,1,3.05,3.0167,,6,183,2.9405,212,
P16,60,0.12,103,attraction,3,SUCCESS,1,2.8667,2.85,,5,172,2.9893,212,
P16,60,0.12,103,attraction,2,SUCCESS,1,2.8,2.7667,,5,168,3.0179,212,
P16,340,0.2,102,clmm,1,FAILURE,0,,,,,,70.6101,11536,clmm: MM stage returned empty
P16,100,0.12,101,minorminer,1,SUCCESS,1,7.23,6.94,,13,723,6.3437,599,
P16,100,0.12,101,mmfork-cuthill,0,SUCCESS,1,7.51,7.18,,14,751,4.1625,599,
P16,100,0.12,101,minorminer,0,SUCCESS,1,6.89,6.6,,13,689,7.2545,599,
P16,100,0.12,101,mmfork-cuthill,1,SUCCESS,1,6.92,6.66,,12,692,5.5578,599,
P16,100,0.12,101,mmfork-cuthill,2,SUCCESS,1,7.15,6.89,,14,715,5.8328,599,
P16,100,0.12,101,clmm,0,SUCCESS,1,7.72,7.6,,10,772,2.3957,599,
P16,100,0.12,101,template,-1,SUCCESS,1,8.5,8.5,9.82,10,850,0.0267,599,
P16,100,0.12,101,clique,-1,SUCCESS,1,9.82,8.5,,10,982,0.0236,599,
P16,100,0.12,101,minorminer,2,SUCCESS,1,6.78,6.54,,12,678,7.9294,599,
P16,100,0.12,101,pssa,0,SUCCESS,1,8.69,8.69,,11,869,0.4735,599,
P16,100,0.12,101,mmfork-cuthill,3,SUCCESS,1,6.63,6.44,,11,663,6.5823,599,
P16,340,0.2,102,clmm,4,FAILURE,0,,,,,,60.9936,11536,clmm: MM stage returned empty
P16,100,0.12,101,pssa,1,SUCCESS,1,8.69,8.69,,11,869,0.4731,599,
P16,100,0.12,101,pssa,3,SUCCESS,1,8.69,8.69,,11,869,0.4928,599,
P16,100,0.12,101,pssa,2,SUCCESS,1,8.69,8.69,,11,869,0.4757,599,
P16,100,0.12,101,clmm,2,SUCCESS,1,7.26,7.22,,10,726,2.8777,599,
P16,100,0.12,101,pssa,4,SUCCESS,1,8.69,8.69,,11,869,0.4949,599,
P16,100,0.12,101,minorminer,3,SUCCESS,1,6.76,6.5,,13,676,7.8974,599,
P16,100,0.12,101,minorminer,4,SUCCESS,1,6.22,6.06,,11,622,8.1428,599,
P16,100,0.12,101,clmm,4,SUCCESS,1,7.65,7.51,,10,765,2.1887,599,
P16,100,0.12,101,clmm,3,SUCCESS,1,7.36,7.31,,10,736,2.7076,599,
P16,340,0.2,102,clmm,2,FAILURE,0,,,,,,71.4984,11536,clmm: MM stage returned empty
P16,100,0.12,101,mmfork-cuthill,4,SUCCESS,1,6.88,6.62,,13,688,7.3872,599,
P16,100,0.12,102,minorminer,0,SUCCESS,1,6.97,6.68,,13,697,4.2214,582,
P16,100,0.12,102,minorminer,2,SUCCESS,1,6.5,6.25,,11,650,4.7917,582,
P16,100,0.12,102,minorminer,4,SUCCESS,1,7.19,6.83,,13,719,4.188,582,
P16,100,0.12,101,clmm,1,SUCCESS,1,7.14,7.06,,10,714,9.0002,599,
P16,340,0.2,102,clmm,3,FAILURE,0,,,,,,72.5773,11536,clmm: MM stage returned empty
P16,100,0.12,102,minorminer,3,SUCCESS,1,6.63,6.42,,12,663,5.8507,582,
P16,340,0.2,102,pssa,0,FAILURE,0,,,,,,67.3447,11536,status=FAILURE
P16,100,0.12,102,mmfork-cuthill,0,SUCCESS,1,6.96,6.71,,13,696,6.4665,582,
P16,100,0.12,102,minorminer,1,SUCCESS,1,6.32,6.11,,11,632,8.1178,582,
P16,100,0.12,102,clmm,2,SUCCESS,1,9.78,8.73,,10,978,1.699,582,
P16,100,0.12,102,template,-1,SUCCESS,1,8.7,8.7,9.82,10,870,0.0211,582,
P16,100,0.12,102,mmfork-cuthill,1,SUCCESS,1,6.75,6.49,,15,675,4.725,582,
P16,100,0.12,102,clique,-1,SUCCESS,1,9.82,8.7,,10,982,0.0226,582,
P16,100,0.12,102,clmm,1,SUCCESS,1,7.45,7.33,,10,745,2.4326,582,
P16,340,0.2,102,pssa,2,FAILURE,0,,,,,,65.8524,11536,status=FAILURE
P16,100,0.12,102,pssa,0,SUCCESS,1,8.88,8.88,,11,888,0.5004,582,
P16,100,0.12,102,pssa,1,SUCCESS,1,8.88,8.88,,11,888,0.4726,582,
P16,100,0.12,102,pssa,2,SUCCESS,1,8.88,8.88,,11,888,0.4692,582,
P16,100,0.12,102,clmm,0,SUCCESS,1,7.49,7.35,,10,749,3.2424,582,
P16,100,0.12,102,pssa,3,SUCCESS,1,8.88,8.88,,11,888,0.4752,582,
P16,340,0.2,102,pssa,1,FAILURE,0,,,,,,67.2408,11536,status=FAILURE
P16,100,0.12,102,pssa,4,SUCCESS,1,8.88,8.88,,11,888,0.4927,582,
P16,100,0.12,102,mmfork-cuthill,2,SUCCESS,1,6.7,6.53,,12,670,5.0844,582,
P16,100,0.12,102,mmfork-cuthill,3,SUCCESS,1,6.5,6.3,,12,650,5.2081,582,
P16,100,0.12,101,attraction,3,SUCCESS,1,6.99,6.65,,13,699,10.9335,599,
P16,340,0.2,102,pssa,3,FAILURE,0,,,,,,65.5724,11536,status=FAILURE
P16,100,0.12,102,clmm,4,SUCCESS,1,7.6,7.52,,10,760,2.5848,582,
P16,100,0.12,102,clmm,3,SUCCESS,1,7.6,7.54,,10,760,2.9088,582,
P16,340,0.2,102,pssa,4,FAILURE,0,,,,,,66.8223,11536,status=FAILURE
P16,100,0.12,101,attraction,0,SUCCESS,1,6.49,6.31,,12,649,13.1933,599,
P16,100,0.12,101,attraction,1,SUCCESS,1,6.38,6.17,,11,638,13.3465,599,
P16,100,0.12,101,attraction,4,SUCCESS,1,6.24,6.0,,11,624,13.0456,599,
P16,100,0.12,102,mmfork-cuthill,4,SUCCESS,1,6.76,6.51,,12,676,8.1636,582,
P16,340,0.2,103,minorminer,2,FAILURE,0,,,,,,64.2342,11584,status=FAILURE
P16,100,0.12,103,minorminer,3,SUCCESS,1,7.27,7.08,,12,727,3.9663,601,
P16,100,0.12,103,mmfork-cuthill,1,SUCCESS,1,7.26,7.07,,12,726,3.8896,601,
P16,100,0.12,103,clmm,0,SUCCESS,1,7.84,7.65,,10,784,2.1824,601,
P16,100,0.12,103,template,-1,SUCCESS,1,8.61,8.61,9.82,10,861,0.0205,601,
P16,100,0.12,103,clique,-1,SUCCESS,1,9.82,8.61,,10,982,0.0191,601,
P16,100,0.12,103,pssa,0,SUCCESS,1,8.8,8.8,,11,880,0.5138,601,
P16,100,0.12,103,clmm,2,SUCCESS,1,7.67,7.49,,10,767,2.1822,601,
P16,340,0.2,103,minorminer,1,FAILURE,0,,,,,,66.8652,11584,status=FAILURE
P16,100,0.12,103,pssa,1,SUCCESS,1,8.8,8.8,,11,880,0.5196,601,
P16,100,0.12,103,minorminer,0,SUCCESS,1,6.97,6.59,,13,697,6.4144,601,
P16,100,0.12,103,mmfork-cuthill,3,SUCCESS,1,7.02,6.82,,12,702,3.8981,601,
P16,100,0.12,103,minorminer,1,SUCCESS,1,6.53,6.35,,11,653,6.2117,601,
P16,100,0.12,103,pssa,2,SUCCESS,1,8.8,8.8,,11,880,0.5186,601,
P16,100,0.12,103,mmfork-cuthill,0,SUCCESS,1,6.77,6.57,,12,677,5.6875,601,
P16,100,0.12,103,pssa,3,SUCCESS,1,8.8,8.8,,11,880,0.5248,601,
P16,100,0.12,103,pssa,4,SUCCESS,1,8.8,8.8,,11,880,0.5269,601,
P16,340,0.2,103,minorminer,0,FAILURE,0,,,,,,68.5127,11584,status=FAILURE
P16,100,0.12,103,clmm,4,SUCCESS,1,7.76,7.62,,10,776,2.045,601,
P16,100,0.12,103,mmfork-cuthill,4,SUCCESS,1,7.17,6.98,,12,717,4.6512,601,
P16,100,0.12,103,clmm,3,SUCCESS,1,7.52,7.36,,10,752,3.2258,601,
P16,100,0.12,101,attraction,2,SUCCESS,1,6.29,6.06,,11,629,18.5446,599,
P16,100,0.12,103,clmm,1,SUCCESS,1,7.11,7.0,,10,711,4.7228,601,
P16,340,0.2,103,minorminer,3,FAILURE,0,,,,,,68.7344,11584,status=FAILURE
P16,340,0.2,102,attraction,0,FAILURE,0,,,,,,72.3024,11536,status=FAILURE
P16,100,0.12,103,minorminer,4,SUCCESS,1,6.79,6.53,,13,679,8.2883,601,
P16,100,0.12,102,attraction,0,SUCCESS,1,6.88,6.59,,13,688,9.8385,582,
P16,100,0.12,103,mmfork-cuthill,2,SUCCESS,1,6.6,6.38,,12,660,7.0143,601,
P16,340,0.2,102,attraction,2,FAILURE,0,,,,,,71.8345,11536,status=FAILURE
P16,340,0.2,102,attraction,3,FAILURE,0,,,,,,72.0951,11536,status=FAILURE
P16,340,0.2,103,minorminer,4,FAILURE,0,,,,,,68.1168,11584,status=FAILURE
P16,160,0.12,101,template,-1,SUCCESS,1,13.7,13.7,14.825,15,2192,0.0919,1547,
P16,160,0.12,101,clique,-1,SUCCESS,1,14.825,13.7,,15,2372,0.0185,1547,
P16,340,0.2,102,attraction,1,FAILURE,0,,,,,,73.1521,11536,status=FAILURE
P16,100,0.12,103,minorminer,2,SUCCESS,1,6.54,6.38,,11,654,10.2531,601,
P16,100,0.12,102,attraction,2,SUCCESS,1,6.33,6.16,,12,633,11.4453,582,
P16,100,0.12,102,attraction,1,SUCCESS,1,6.72,6.57,,13,672,11.5937,582,
P16,340,0.2,103,mmfork-cuthill,0,FAILURE,0,,,,,,66.2662,11584,status=FAILURE
P16,160,0.12,101,pssa,0,SUCCESS,1,13.8562,13.8562,,16,2217,0.611,1547,
P16,160,0.12,101,pssa,1,SUCCESS,1,13.8562,13.8562,,16,2217,0.6223,1547,
P16,160,0.12,101,pssa,2,SUCCESS,1,13.8562,13.8562,,16,2217,0.6461,1547,
P16,160,0.12,101,pssa,3,SUCCESS,1,13.8562,13.8562,,16,2217,0.6271,1547,
P16,160,0.12,101,pssa,4,SUCCESS,1,13.8562,13.8562,,16,2217,0.6177,1547,
P16,340,0.2,102,attraction,4,FAILURE,0,,,,,,73.4154,11536,status=FAILURE
P16,100,0.12,102,attraction,3,SUCCESS,1,6.33,6.07,,11,633,13.2801,582,
P16,340,0.2,103,mmfork-cuthill,1,FAILURE,0,,,,,,68.1005,11584,status=FAILURE
P16,340,0.2,103,mmfork-cuthill,4,FAILURE,0,,,,,,65.6019,11584,status=FAILURE
P16,100,0.12,102,attraction,4,SUCCESS,1,6.22,6.05,,11,622,14.1917,582,
P16,340,0.2,103,clmm,2,FAILURE,0,,,,,,60.2766,11584,clmm: MM stage returned empty
P16,340,0.2,103,mmfork-cuthill,2,FAILURE,0,,,,,,69.5335,11584,status=FAILURE
P16,340,0.2,103,mmfork-cuthill,3,FAILURE,0,,,,,,68.8894,11584,status=FAILURE
P16,100,0.12,103,attraction,0,SUCCESS,1,7.7,7.35,,14,770,10.286,601,
P16,160,0.12,101,clmm,2,SUCCESS,1,14.825,13.7,,15,2372,7.6334,1547,
P16,100,0.12,103,attraction,4,SUCCESS,1,7.12,6.82,,14,712,12.2027,601,
P16,100,0.12,103,attraction,1,SUCCESS,1,6.57,6.48,,11,657,12.2913,601,
P16,100,0.12,103,attraction,3,SUCCESS,1,7.12,6.78,,13,712,12.2778,601,
P16,100,0.12,103,attraction,2,SUCCESS,1,6.71,6.44,,12,671,12.3824,601,
P16,340,0.2,103,clmm,0,FAILURE,0,,,,,,70.8611,11584,clmm: MM stage returned empty
P16,160,0.12,102,template,-1,SUCCESS,1,13.5625,13.5625,14.825,15,2170,0.0944,1494,
P16,160,0.12,102,clique,-1,SUCCESS,1,14.825,13.5625,,15,2372,0.0223,1494,
P16,160,0.12,101,clmm,3,SUCCESS,1,13.15,13.0375,,15,2104,10.7004,1547,
P16,160,0.12,102,pssa,0,SUCCESS,1,13.8375,13.8375,,16,2214,0.6261,1494,
P16,160,0.12,102,pssa,1,SUCCESS,1,13.8375,13.8375,,16,2214,0.6198,1494,
P16,160,0.12,102,pssa,2,SUCCESS,1,13.8375,13.8375,,16,2214,0.6346,1494,
P16,340,0.2,103,clmm,3,FAILURE,0,,,,,,61.8385,11584,clmm: MM stage returned empty
P16,160,0.12,102,pssa,3,SUCCESS,1,13.8375,13.8375,,16,2214,0.6284,1494,
P16,340,0.2,103,pssa,1,FAILURE,0,,,,,,61.0065,11584,status=FAILURE
P16,160,0.12,101,minorminer,0,SUCCESS,1,17.0312,15.9313,,31,2725,15.0529,1547,
P16,160,0.12,102,pssa,4,SUCCESS,1,13.8375,13.8375,,16,2214,0.6385,1494,
P16,340,0.2,103,clmm,4,FAILURE,0,,,,,,62.3841,11584,clmm: MM stage returned empty
P16,340,0.2,103,pssa,0,FAILURE,0,,,,,,62.5367,11584,status=FAILURE
P16,340,0.2,103,clmm,1,FAILURE,0,,,,,,70.795,11584,clmm: MM stage returned empty
P16,160,0.12,101,mmfork-cuthill,2,SUCCESS,1,16.6562,15.6438,,30,2665,16.21,1547,
P16,160,0.12,101,clmm,1,SUCCESS,1,13.0,12.8625,,15,2080,18.3795,1547,
P16,340,0.2,103,pssa,2,FAILURE,0,,,,,,67.9342,11584,status=FAILURE
P16,160,0.12,102,minorminer,4,SUCCESS,1,16.0437,14.975,,30,2567,15.1035,1494,
P16,160,0.12,101,minorminer,3,SUCCESS,1,15.1062,14.2875,,26,2417,22.0555,1547,
P16,160,0.12,102,minorminer,3,SUCCESS,1,15.775,14.9313,,29,2524,15.8776,1494,
P16,160,0.12,102,clmm,4,SUCCESS,1,12.7937,12.6375,,15,2047,10.8906,1494,
P16,160,0.12,102,clmm,3,SUCCESS,1,12.8375,12.7562,,15,2054,11.4872,1494,
P16,160,0.12,101,mmfork-cuthill,3,SUCCESS,1,15.15,14.2688,,27,2424,22.2459,1547,
P16,160,0.12,102,clmm,0,SUCCESS,1,12.8375,12.7438,,15,2054,14.9947,1494,
P16,160,0.12,101,minorminer,2,SUCCESS,1,15.3688,14.3688,,26,2459,25.0503,1547,
P16,340,0.2,103,pssa,3,FAILURE,0,,,,,,68.6041,11584,status=FAILURE
P16,160,0.12,101,clmm,0,SUCCESS,1,13.0625,12.8938,,15,2090,24.4575,1547,
P16,160,0.12,103,template,-1,SUCCESS,1,13.5563,13.5563,14.825,15,2169,0.0774,1511,
P16,160,0.12,103,clique,-1,SUCCESS,1,14.825,13.5563,,15,2372,0.023,1511,
P16,160,0.12,102,mmfork-cuthill,0,SUCCESS,1,15.45,14.4875,,30,2472,20.271,1494,
P16,160,0.12,103,pssa,0,SUCCESS,1,13.6687,13.6687,,16,2187,0.752,1511,
P16,160,0.12,102,clmm,1,SUCCESS,1,12.8187,12.7438,,15,2051,15.7618,1494,
P16,160,0.12,101,clmm,4,SUCCESS,1,13.0,12.8688,,15,2080,24.5578,1547,
P16,160,0.12,103,pssa,1,SUCCESS,1,13.6687,13.6687,,16,2187,0.7647,1511,
P16,160,0.12,103,pssa,2,SUCCESS,1,13.6687,13.6687,,16,2187,0.7607,1511,
P16,160,0.12,103,pssa,3,SUCCESS,1,13.6687,13.6687,,16,2187,0.7716,1511,
P16,340,0.2,103,pssa,4,FAILURE,0,,,,,,68.6336,11584,status=FAILURE
P16,160,0.12,103,pssa,4,SUCCESS,1,13.6687,13.6687,,16,2187,0.7662,1511,
P16,160,0.12,101,mmfork-cuthill,1,SUCCESS,1,15.2125,14.3688,,29,2434,27.4204,1547,
P16,160,0.12,101,minorminer,4,SUCCESS,1,15.325,14.5437,,27,2452,29.066,1547,
P16,160,0.12,101,mmfork-cuthill,0,SUCCESS,1,14.0312,13.4187,,25,2245,29.5384,1547,
P16,160,0.12,101,minorminer,1,SUCCESS,1,14.8562,14.1,,28,2377,30.5604,1547,
P16,340,0.2,103,attraction,0,FAILURE,0,,,,,,71.0836,11584,status=FAILURE
P16,160,0.12,102,mmfork-cuthill,1,SUCCESS,1,15.8812,14.9187,,27,2541,25.1196,1494,
P16,160,0.12,101,mmfork-cuthill,4,SUCCESS,1,13.85,13.2812,,23,2216,30.6758,1547,
P16,340,0.2,103,attraction,1,FAILURE,0,,,,,,72.7697,11584,status=FAILURE
P16,340,0.2,103,attraction,4,FAILURE,0,,,,,,72.4184,11584,status=FAILURE
P16,340,0.2,103,attraction,2,FAILURE,0,,,,,,73.0087,11584,status=FAILURE
P16,340,0.2,103,attraction,3,FAILURE,0,,,,,,74.7071,11584,status=FAILURE
P16,160,0.12,103,clmm,0,SUCCESS,1,12.725,12.625,,15,2036,13.2778,1511,
P16,160,0.12,103,mmfork-cuthill,4,SUCCESS,1,15.0687,14.1937,,27,2411,14.5692,1511,
P16,160,0.12,102,mmfork-cuthill,2,SUCCESS,1,13.9437,13.25,,26,2231,31.0598,1494,
P16,160,0.12,102,clmm,2,SUCCESS,1,12.7125,12.5625,,15,2034,27.9658,1494,
P16,160,0.12,102,mmfork-cuthill,4,SUCCESS,1,14.1125,13.4563,,25,2258,30.7691,1494,
P16,220,0.12,101,template,-1,INFEASIBLE,0,,,,,,0.0,2918,n=220 > max clique 180
P16,220,0.12,101,clique,-1,FAILURE,0,,,,,,0.0195,2918,status=FAILURE
P16,160,0.12,103,minorminer,3,SUCCESS,1,15.1062,14.2937,,27,2417,23.09,1511,
P16,160,0.12,102,mmfork-cuthill,3,SUCCESS,1,14.375,13.6375,,27,2300,32.5534,1494,
P16,160,0.12,103,clmm,1,SUCCESS,1,12.7438,12.6312,,15,2039,17.8554,1511,
P16,160,0.12,103,minorminer,1,SUCCESS,1,14.825,14.075,,29,2372,26.3096,1511,
P16,160,0.12,102,minorminer,2,SUCCESS,1,15.3375,14.6562,,27,2454,37.5564,1494,
P16,160,0.12,102,minorminer,0,SUCCESS,1,14.9563,14.1062,,26,2393,39.0238,1494,
P16,160,0.12,103,clmm,2,SUCCESS,1,12.7562,12.6188,,15,2041,20.847,1511,
P16,160,0.12,103,clmm,4,SUCCESS,1,12.7937,12.7125,,15,2047,23.1258,1511,
P16,160,0.12,103,minorminer,2,SUCCESS,1,14.75,13.95,,25,2360,32.5485,1511,
P16,160,0.12,103,minorminer,4,SUCCESS,1,15.25,14.3625,,27,2440,33.1394,1511,
P16,160,0.12,103,mmfork-cuthill,2,SUCCESS,1,14.625,13.95,,26,2340,33.2266,1511,
P16,160,0.12,103,mmfork-cuthill,0,SUCCESS,1,14.4187,13.5875,,25,2307,34.4027,1511,
P16,160,0.12,101,attraction,4,SUCCESS,1,15.6312,14.5375,,29,2501,51.9449,1547,
P16,160,0.12,103,clmm,3,SUCCESS,1,12.5687,12.5188,,15,2011,32.9328,1511,
P16,160,0.12,102,attraction,4,SUCCESS,1,16.4312,15.4563,,31,2629,43.1121,1494,
P16,160,0.12,103,minorminer,0,SUCCESS,1,14.8625,14.125,,26,2378,43.3569,1511,
P16,160,0.12,102,minorminer,1,SUCCESS,1,14.15,13.4812,,25,2264,55.0577,1494,
P16,160,0.12,103,mmfork-cuthill,3,SUCCESS,1,14.1875,13.575,,26,2270,37.7064,1511,
P16,160,0.12,103,mmfork-cuthill,1,SUCCESS,1,14.3125,13.575,,27,2290,41.6521,1511,
P16,160,0.12,101,attraction,1,SUCCESS,1,15.0563,14.1625,,26,2409,60.0849,1547,
P16,160,0.12,101,attraction,0,SUCCESS,1,14.725,13.7562,,27,2356,60.2412,1547,
P16,160,0.12,101,attraction,3,SUCCESS,1,15.3625,14.45,,28,2458,60.0815,1547,
P16,160,0.12,101,attraction,2,SUCCESS,1,14.6875,14.0125,,25,2350,60.6218,1547,
P16,160,0.12,102,attraction,0,SUCCESS,1,15.1687,14.2125,,27,2427,60.0979,1494,
P16,160,0.12,102,attraction,1,SUCCESS,1,14.4812,13.7063,,25,2317,60.0763,1494,
P16,220,0.12,102,template,-1,INFEASIBLE,0,,,,,,0.0,2857,n=220 > max clique 180
P16,220,0.12,102,clique,-1,FAILURE,0,,,,,,0.0182,2857,status=FAILURE
P16,160,0.12,102,attraction,2,SUCCESS,1,14.3063,13.525,,25,2289,60.4414,1494,
P16,160,0.12,102,attraction,3,SUCCESS,1,15.0563,14.1125,,28,2409,60.2218,1494,
P16,160,0.12,103,attraction,3,SUCCESS,1,14.9812,14.1562,,26,2397,57.4204,1511,
P16,160,0.12,103,attraction,4,SUCCESS,1,14.625,13.75,,27,2340,57.6704,1511,
P16,160,0.12,103,attraction,0,SUCCESS,1,14.9688,14.1312,,27,2395,60.2777,1511,
P16,160,0.12,103,attraction,2,SUCCESS,1,14.6562,13.8438,,24,2345,60.425,1511,
P16,160,0.12,103,attraction,1,SUCCESS,1,14.325,13.4062,,26,2292,60.5323,1511,
P16,220,0.12,101,minorminer,0,FAILURE,0,,,,,,61.8833,2918,status=FAILURE
P16,220,0.12,101,minorminer,2,FAILURE,0,,,,,,61.3796,2918,status=FAILURE
P16,220,0.12,101,minorminer,1,FAILURE,0,,,,,,62.7478,2918,status=FAILURE
P16,220,0.12,101,minorminer,3,FAILURE,0,,,,,,62.5233,2918,status=FAILURE
P16,220,0.12,101,minorminer,4,FAILURE,0,,,,,,62.3392,2918,status=FAILURE
P16,220,0.12,101,mmfork-cuthill,1,FAILURE,0,,,,,,61.8521,2918,status=FAILURE
P16,220,0.12,101,mmfork-cuthill,0,FAILURE,0,,,,,,62.6207,2918,status=FAILURE
P16,220,0.12,101,mmfork-cuthill,4,FAILURE,0,,,,,,61.8691,2918,status=FAILURE
P16,220,0.12,101,mmfork-cuthill,2,FAILURE,0,,,,,,63.1796,2918,status=FAILURE
P16,220,0.12,101,mmfork-cuthill,3,FAILURE,0,,,,,,63.2017,2918,status=FAILURE
P16,220,0.12,101,clmm,0,FAILURE,0,,,,,,62.8085,2918,clmm: MM stage returned empty
P16,220,0.12,101,clmm,1,FAILURE,0,,,,,,62.2754,2918,clmm: MM stage returned empty
P16,220,0.12,101,clmm,2,FAILURE,0,,,,,,63.7967,2918,clmm: MM stage returned empty
P16,220,0.12,101,clmm,3,FAILURE,0,,,,,,62.1929,2918,clmm: MM stage returned empty
P16,220,0.12,101,clmm,4,FAILURE,0,,,,,,62.6221,2918,clmm: MM stage returned empty
P16,220,0.12,101,attraction,0,FAILURE,0,,,,,,63.5059,2918,status=FAILURE
P16,220,0.12,101,attraction,1,FAILURE,0,,,,,,64.0722,2918,status=FAILURE
P16,220,0.12,101,pssa,2,FAILURE,0,,,,,,66.3996,2918,status=FAILURE
P16,220,0.12,103,template,-1,INFEASIBLE,0,,,,,,0.0,2911,n=220 > max clique 180
P16,220,0.12,101,pssa,1,FAILURE,0,,,,,,67.2062,2918,status=FAILURE
P16,220,0.12,103,clique,-1,FAILURE,0,,,,,,0.0199,2911,status=FAILURE
P16,220,0.12,101,attraction,2,FAILURE,0,,,,,,62.9241,2918,status=FAILURE
P16,220,0.12,101,pssa,0,FAILURE,0,,,,,,68.7491,2918,status=FAILURE
P16,220,0.12,101,pssa,3,FAILURE,0,,,,,,69.1564,2918,status=FAILURE
P16,220,0.12,101,pssa,4,FAILURE,0,,,,,,68.4788,2918,status=FAILURE
P16,220,0.12,101,attraction,4,FAILURE,0,,,,,,62.9785,2918,status=FAILURE
P16,220,0.12,101,attraction,3,FAILURE,0,,,,,,64.5079,2918,status=FAILURE
P16,220,0.12,102,minorminer,0,FAILURE,0,,,,,,62.6214,2857,status=FAILURE
P16,220,0.12,102,minorminer,1,FAILURE,0,,,,,,62.6546,2857,status=FAILURE
P16,220,0.12,102,minorminer,3,FAILURE,0,,,,,,62.3267,2857,status=FAILURE
P16,220,0.12,102,minorminer,2,FAILURE,0,,,,,,62.7786,2857,status=FAILURE
P16,220,0.12,102,minorminer,4,FAILURE,0,,,,,,61.7743,2857,status=FAILURE
P16,220,0.12,102,mmfork-cuthill,0,FAILURE,0,,,,,,62.698,2857,status=FAILURE
P16,220,0.12,102,mmfork-cuthill,1,FAILURE,0,,,,,,62.1226,2857,status=FAILURE
P16,220,0.12,102,mmfork-cuthill,3,FAILURE,0,,,,,,61.7067,2857,status=FAILURE
P16,220,0.12,102,mmfork-cuthill,2,FAILURE,0,,,,,,62.0771,2857,status=FAILURE
P16,220,0.12,102,clmm,2,FAILURE,0,,,,,,61.0117,2857,clmm: MM stage returned empty
P16,220,0.12,102,clmm,3,FAILURE,0,,,,,,61.5478,2857,clmm: MM stage returned empty
P16,220,0.12,102,mmfork-cuthill,4,FAILURE,0,,,,,,63.0669,2857,status=FAILURE
P16,220,0.12,102,clmm,1,FAILURE,0,,,,,,62.9691,2857,clmm: MM stage returned empty
P16,220,0.12,102,clmm,0,FAILURE,0,,,,,,63.0922,2857,clmm: MM stage returned empty
P16,220,0.12,102,clmm,4,FAILURE,0,,,,,,62.0445,2857,clmm: MM stage returned empty
P16,220,0.12,102,pssa,2,FAILURE,0,,,,,,61.5989,2857,status=FAILURE
P16,220,0.12,102,pssa,1,FAILURE,0,,,,,,65.6288,2857,status=FAILURE
P16,220,0.12,102,pssa,0,FAILURE,0,,,,,,68.4405,2857,status=FAILURE
P16,300,0.12,101,template,-1,INFEASIBLE,0,,,,,,0.0,5374,n=300 > max clique 180
P16,300,0.12,101,clique,-1,FAILURE,0,,,,,,0.0222,5374,status=FAILURE
P16,220,0.12,102,pssa,3,FAILURE,0,,,,,,65.3417,2857,status=FAILURE
P16,220,0.12,102,attraction,2,FAILURE,0,,,,,,62.7357,2857,status=FAILURE
P16,220,0.12,102,pssa,4,FAILURE,0,,,,,,65.857,2857,status=FAILURE
P16,220,0.12,102,attraction,1,FAILURE,0,,,,,,63.473,2857,status=FAILURE
P16,220,0.12,102,attraction,0,FAILURE,0,,,,,,64.0092,2857,status=FAILURE
P16,220,0.12,102,attraction,3,FAILURE,0,,,,,,63.4466,2857,status=FAILURE
P16,220,0.12,103,minorminer,1,FAILURE,0,,,,,,61.7768,2911,status=FAILURE
P16,220,0.12,103,minorminer,2,FAILURE,0,,,,,,61.6177,2911,status=FAILURE
P16,220,0.12,103,minorminer,0,FAILURE,0,,,,,,62.6758,2911,status=FAILURE
P16,220,0.12,102,attraction,4,FAILURE,0,,,,,,63.333,2857,status=FAILURE
P16,220,0.12,103,minorminer,3,FAILURE,0,,,,,,61.7647,2911,status=FAILURE
P16,220,0.12,103,minorminer,4,FAILURE,0,,,,,,61.9577,2911,status=FAILURE
P16,220,0.12,103,mmfork-cuthill,1,FAILURE,0,,,,,,62.0666,2911,status=FAILURE
P16,220,0.12,103,mmfork-cuthill,0,FAILURE,0,,,,,,63.2188,2911,status=FAILURE
P16,220,0.12,103,mmfork-cuthill,2,FAILURE,0,,,,,,62.8625,2911,status=FAILURE
P16,220,0.12,103,mmfork-cuthill,4,FAILURE,0,,,,,,61.6538,2911,status=FAILURE
P16,220,0.12,103,mmfork-cuthill,3,FAILURE,0,,,,,,63.2884,2911,status=FAILURE
P16,220,0.12,103,clmm,0,FAILURE,0,,,,,,62.8401,2911,clmm: MM stage returned empty
P16,220,0.12,103,clmm,1,FAILURE,0,,,,,,62.957,2911,clmm: MM stage returned empty
P16,220,0.12,103,clmm,2,FAILURE,0,,,,,,63.3958,2911,clmm: MM stage returned empty
P16,220,0.12,103,clmm,3,FAILURE,0,,,,,,61.6545,2911,clmm: MM stage returned empty
P16,220,0.12,103,clmm,4,FAILURE,0,,,,,,62.3109,2911,clmm: MM stage returned empty
P16,220,0.12,103,pssa,1,FAILURE,0,,,,,,64.9711,2911,status=FAILURE
P16,220,0.12,103,pssa,0,FAILURE,0,,,,,,65.1728,2911,status=FAILURE
P16,220,0.12,103,attraction,0,FAILURE,0,,,,,,63.2776,2911,status=FAILURE
P16,300,0.12,102,template,-1,INFEASIBLE,0,,,,,,0.0,5422,n=300 > max clique 180
P16,300,0.12,102,clique,-1,FAILURE,0,,,,,,0.0229,5422,status=FAILURE
P16,220,0.12,103,pssa,2,FAILURE,0,,,,,,66.7519,2911,status=FAILURE
P16,220,0.12,103,pssa,3,FAILURE,0,,,,,,67.0873,2911,status=FAILURE
P16,220,0.12,103,attraction,2,FAILURE,0,,,,,,63.4149,2911,status=FAILURE
P16,220,0.12,103,attraction,1,FAILURE,0,,,,,,63.989,2911,status=FAILURE
P16,220,0.12,103,pssa,4,FAILURE,0,,,,,,66.5465,2911,status=FAILURE
P16,220,0.12,103,attraction,3,FAILURE,0,,,,,,63.7346,2911,status=FAILURE
P16,220,0.12,103,attraction,4,FAILURE,0,,,,,,63.3294,2911,status=FAILURE
P16,300,0.12,101,minorminer,0,FAILURE,0,,,,,,62.6629,5374,status=FAILURE
P16,300,0.12,101,minorminer,1,FAILURE,0,,,,,,63.7931,5374,status=FAILURE
P16,300,0.12,101,minorminer,2,FAILURE,0,,,,,,64.3358,5374,status=FAILURE
P16,300,0.12,101,minorminer,3,FAILURE,0,,,,,,63.4439,5374,status=FAILURE
P16,300,0.12,101,minorminer,4,FAILURE,0,,,,,,63.8129,5374,status=FAILURE
P16,300,0.12,101,mmfork-cuthill,1,FAILURE,0,,,,,,63.6394,5374,status=FAILURE
P16,300,0.12,101,mmfork-cuthill,0,FAILURE,0,,,,,,65.3198,5374,status=FAILURE
P16,300,0.12,101,mmfork-cuthill,2,FAILURE,0,,,,,,61.6799,5374,status=FAILURE
P16,300,0.12,101,mmfork-cuthill,3,FAILURE,0,,,,,,63.3208,5374,status=FAILURE
P16,300,0.12,101,mmfork-cuthill,4,FAILURE,0,,,,,,64.2007,5374,status=FAILURE
P16,300,0.12,101,clmm,0,FAILURE,0,,,,,,64.0552,5374,clmm: MM stage returned empty
P16,300,0.12,101,clmm,1,FAILURE,0,,,,,,64.263,5374,clmm: MM stage returned empty
P16,300,0.12,101,clmm,2,FAILURE,0,,,,,,63.6459,5374,clmm: MM stage returned empty
P16,300,0.12,101,clmm,3,FAILURE,0,,,,,,64.6535,5374,clmm: MM stage returned empty
P16,300,0.12,101,clmm,4,FAILURE,0,,,,,,64.8236,5374,clmm: MM stage returned empty
P16,300,0.12,101,pssa,0,FAILURE,0,,,,,,66.2575,5374,status=FAILURE
P16,300,0.12,101,pssa,1,FAILURE,0,,,,,,64.1068,5374,status=FAILURE
P16,300,0.12,102,minorminer,2,FAILURE,0,,,,,,61.0125,5422,status=FAILURE
P16,300,0.12,103,template,-1,INFEASIBLE,0,,,,,,0.0,5393,n=300 > max clique 180
P16,300,0.12,103,clique,-1,FAILURE,0,,,,,,0.0216,5393,status=FAILURE
P16,300,0.12,102,minorminer,0,FAILURE,0,,,,,,64.3333,5422,status=FAILURE
P16,300,0.12,101,pssa,2,FAILURE,0,,,,,,68.0159,5374,status=FAILURE
P16,300,0.12,101,attraction,1,FAILURE,0,,,,,,65.9942,5374,status=FAILURE
P16,300,0.12,101,attraction,2,FAILURE,0,,,,,,65.2471,5374,status=FAILURE
P16,300,0.12,101,attraction,3,FAILURE,0,,,,,,65.1612,5374,status=FAILURE
P16,300,0.12,102,minorminer,1,FAILURE,0,,,,,,64.2124,5422,status=FAILURE
P16,300,0.12,101,attraction,4,FAILURE,0,,,,,,65.5765,5374,status=FAILURE
P16,300,0.12,101,pssa,3,FAILURE,0,,,,,,68.5474,5374,status=FAILURE
P16,300,0.12,101,attraction,0,FAILURE,0,,,,,,68.658,5374,status=FAILURE
P16,300,0.12,101,pssa,4,FAILURE,0,,,,,,69.3383,5374,status=FAILURE
P16,300,0.12,102,minorminer,4,FAILURE,0,,,,,,63.9843,5422,status=FAILURE
P16,300,0.12,102,mmfork-cuthill,0,FAILURE,0,,,,,,64.3379,5422,status=FAILURE
P16,300,0.12,102,minorminer,3,FAILURE,0,,,,,,66.0545,5422,status=FAILURE
P16,300,0.12,102,mmfork-cuthill,2,FAILURE,0,,,,,,63.9065,5422,status=FAILURE
P16,300,0.12,102,mmfork-cuthill,1,FAILURE,0,,,,,,66.8594,5422,status=FAILURE
P16,300,0.12,102,mmfork-cuthill,3,FAILURE,0,,,,,,64.0309,5422,status=FAILURE
P16,300,0.12,102,clmm,0,FAILURE,0,,,,,,64.7028,5422,clmm: MM stage returned empty
P16,300,0.12,102,mmfork-cuthill,4,FAILURE,0,,,,,,66.2396,5422,status=FAILURE
P16,300,0.12,102,clmm,1,FAILURE,0,,,,,,64.377,5422,clmm: MM stage returned empty
P16,300,0.12,102,clmm,2,FAILURE,0,,,,,,64.8804,5422,clmm: MM stage returned empty
P16,300,0.12,102,clmm,4,FAILURE,0,,,,,,62.5748,5422,clmm: MM stage returned empty
P16,300,0.12,102,clmm,3,FAILURE,0,,,,,,64.2968,5422,clmm: MM stage returned empty
P16,300,0.12,102,pssa,1,FAILURE,0,,,,,,65.2805,5422,status=FAILURE
P16,300,0.12,102,pssa,0,FAILURE,0,,,,,,68.7841,5422,status=FAILURE
P16,300,0.12,102,pssa,4,FAILURE,0,,,,,,67.0774,5422,status=FAILURE
P16,400,0.12,101,template,-1,INFEASIBLE,0,,,,,,0.0,9607,n=400 > max clique 180
P16,400,0.12,101,clique,-1,FAILURE,0,,,,,,0.0193,9607,status=FAILURE
P16,300,0.12,102,pssa,3,FAILURE,0,,,,,,67.5708,5422,status=FAILURE
P16,300,0.12,102,pssa,2,FAILURE,0,,,,,,68.2916,5422,status=FAILURE
P16,300,0.12,102,attraction,0,FAILURE,0,,,,,,67.2286,5422,status=FAILURE
P16,300,0.12,103,minorminer,2,FAILURE,0,,,,,,60.5583,5393,status=FAILURE
P16,300,0.12,102,attraction,3,FAILURE,0,,,,,,65.3357,5422,status=FAILURE
P16,300,0.12,102,attraction,2,FAILURE,0,,,,,,65.5925,5422,status=FAILURE
P16,300,0.12,102,attraction,4,FAILURE,0,,,,,,64.987,5422,status=FAILURE
P16,300,0.12,103,minorminer,0,FAILURE,0,,,,,,63.8294,5393,status=FAILURE
P16,300,0.12,102,attraction,1,FAILURE,0,,,,,,68.4394,5422,status=FAILURE
P16,300,0.12,103,minorminer,1,FAILURE,0,,,,,,64.2509,5393,status=FAILURE
P16,300,0.12,103,minorminer,3,FAILURE,0,,,,,,65.0556,5393,status=FAILURE
P16,300,0.12,103,minorminer,4,FAILURE,0,,,,,,65.7392,5393,status=FAILURE
P16,300,0.12,103,mmfork-cuthill,0,FAILURE,0,,,,,,66.9116,5393,status=FAILURE
P16,300,0.12,103,mmfork-cuthill,3,FAILURE,0,,,,,,62.8539,5393,status=FAILURE
P16,300,0.12,103,mmfork-cuthill,2,FAILURE,0,,,,,,63.8569,5393,status=FAILURE
P16,300,0.12,103,mmfork-cuthill,1,FAILURE,0,,,,,,66.596,5393,status=FAILURE
P16,300,0.12,103,mmfork-cuthill,4,FAILURE,0,,,,,,66.2903,5393,status=FAILURE
P16,300,0.12,103,clmm,0,FAILURE,0,,,,,,63.7408,5393,clmm: MM stage returned empty
P16,300,0.12,103,clmm,1,FAILURE,0,,,,,,64.6816,5393,clmm: MM stage returned empty
P16,300,0.12,103,clmm,2,FAILURE,0,,,,,,63.9354,5393,clmm: MM stage returned empty
P16,300,0.12,103,clmm,3,FAILURE,0,,,,,,64.2836,5393,clmm: MM stage returned empty
P16,300,0.12,103,clmm,4,FAILURE,0,,,,,,63.1566,5393,clmm: MM stage returned empty
P16,300,0.12,103,pssa,2,FAILURE,0,,,,,,61.7507,5393,status=FAILURE
P16,300,0.12,103,pssa,0,FAILURE,0,,,,,,64.0034,5393,status=FAILURE
P16,300,0.12,103,pssa,3,FAILURE,0,,,,,,64.9459,5393,status=FAILURE
P16,400,0.12,102,template,-1,INFEASIBLE,0,,,,,,0.0,9562,n=400 > max clique 180
P16,400,0.12,102,clique,-1,FAILURE,0,,,,,,0.0224,9562,status=FAILURE
P16,300,0.12,103,attraction,3,FAILURE,0,,,,,,65.7357,5393,status=FAILURE
P16,300,0.12,103,pssa,1,FAILURE,0,,,,,,67.3803,5393,status=FAILURE
P16,300,0.12,103,pssa,4,FAILURE,0,,,,,,67.5049,5393,status=FAILURE
P16,300,0.12,103,attraction,0,FAILURE,0,,,,,,67.5361,5393,status=FAILURE
P16,400,0.12,101,minorminer,1,FAILURE,0,,,,,,65.7296,9607,status=FAILURE
P16,400,0.12,101,minorminer,2,FAILURE,0,,,,,,64.8799,9607,status=FAILURE
P16,300,0.12,103,attraction,2,FAILURE,0,,,,,,67.7852,5393,status=FAILURE
P16,400,0.12,101,minorminer,0,FAILURE,0,,,,,,66.8054,9607,status=FAILURE
P16,300,0.12,103,attraction,1,FAILURE,0,,,,,,68.5061,5393,status=FAILURE
P16,400,0.12,101,minorminer,4,FAILURE,0,,,,,,64.7647,9607,status=FAILURE
P16,300,0.12,103,attraction,4,FAILURE,0,,,,,,68.7316,5393,status=FAILURE
P16,400,0.12,101,minorminer,3,FAILURE,0,,,,,,69.4598,9607,status=FAILURE
P16,400,0.12,101,mmfork-cuthill,0,FAILURE,0,,,,,,67.6041,9607,status=FAILURE
P16,400,0.12,101,mmfork-cuthill,1,FAILURE,0,,,,,,68.2403,9607,status=FAILURE
P16,400,0.12,101,mmfork-cuthill,2,FAILURE,0,,,,,,66.5491,9607,status=FAILURE
P16,400,0.12,101,clmm,1,FAILURE,0,,,,,,62.512,9607,clmm: MM stage returned empty
P16,400,0.12,101,mmfork-cuthill,4,FAILURE,0,,,,,,65.1955,9607,status=FAILURE
P16,400,0.12,101,mmfork-cuthill,3,FAILURE,0,,,,,,70.0589,9607,status=FAILURE
P16,400,0.12,101,clmm,0,FAILURE,0,,,,,,68.5174,9607,clmm: MM stage returned empty
P16,400,0.12,101,clmm,2,FAILURE,0,,,,,,66.3176,9607,clmm: MM stage returned empty
P16,400,0.12,101,pssa,2,FAILURE,0,,,,,,62.0151,9607,status=FAILURE
P16,400,0.12,101,pssa,4,FAILURE,0,,,,,,61.3922,9607,status=FAILURE
P16,400,0.12,101,clmm,3,FAILURE,0,,,,,,66.6839,9607,clmm: MM stage returned empty
P16,400,0.12,101,clmm,4,FAILURE,0,,,,,,67.1063,9607,clmm: MM stage returned empty
P16,400,0.12,101,pssa,0,FAILURE,0,,,,,,67.3594,9607,status=FAILURE
P16,400,0.12,103,template,-1,INFEASIBLE,0,,,,,,0.0,9550,n=400 > max clique 180
P16,400,0.12,103,clique,-1,FAILURE,0,,,,,,0.0201,9550,status=FAILURE
P16,400,0.12,101,pssa,1,FAILURE,0,,,,,,67.4901,9607,status=FAILURE
P16,400,0.12,101,pssa,3,FAILURE,0,,,,,,68.5815,9607,status=FAILURE
P16,400,0.12,102,minorminer,0,FAILURE,0,,,,,,65.3789,9562,status=FAILURE
P16,400,0.12,101,attraction,2,FAILURE,0,,,,,,70.2506,9607,status=FAILURE
P16,400,0.12,102,minorminer,2,FAILURE,0,,,,,,65.3023,9562,status=FAILURE
P16,400,0.12,101,attraction,0,FAILURE,0,,,,,,71.48,9607,status=FAILURE
P16,400,0.12,101,attraction,3,FAILURE,0,,,,,,70.2752,9607,status=FAILURE
P16,400,0.12,102,minorminer,1,FAILURE,0,,,,,,67.8159,9562,status=FAILURE
P16,400,0.12,101,attraction,1,FAILURE,0,,,,,,71.9725,9607,status=FAILURE
P16,400,0.12,101,attraction,4,FAILURE,0,,,,,,70.4144,9607,status=FAILURE
P16,80,0.08,101,minorminer,0,SUCCESS,1,2.825,2.7875,,5,226,1.0889,245,
P16,80,0.08,101,minorminer,1,SUCCESS,1,2.7375,2.7,,6,219,0.5803,245,
P16,80,0.08,101,minorminer,2,SUCCESS,1,3.1875,3.1375,,7,255,0.5874,245,
P16,80,0.08,101,minorminer,3,SUCCESS,1,3.0625,3.025,,7,245,0.6256,245,
P16,400,0.12,102,mmfork-cuthill,1,FAILURE,0,,,,,,65.7503,9562,status=FAILURE
P16,400,0.12,102,minorminer,4,FAILURE,0,,,,,,68.3809,9562,status=FAILURE
P16,80,0.08,101,minorminer,4,SUCCESS,1,3.025,2.9625,,6,242,0.7036,245,
P16,400,0.12,102,minorminer,3,FAILURE,0,,,,,,68.6011,9562,status=FAILURE
P16,80,0.08,101,mmfork-cuthill,1,SUCCESS,1,3.05,3.0125,,6,244,0.3853,245,
P16,80,0.08,101,mmfork-cuthill,0,SUCCESS,1,3.175,3.1125,,6,254,0.9699,245,
P16,80,0.08,101,mmfork-cuthill,3,SUCCESS,1,2.9875,2.9625,,5,239,0.6485,245,
P16,80,0.08,101,mmfork-cuthill,2,SUCCESS,1,2.9625,2.9375,,6,237,0.8519,245,
P16,80,0.08,101,clmm,0,SUCCESS,1,3.325,3.3,,7,266,0.5665,245,
P16,80,0.08,101,clmm,1,SUCCESS,1,3.175,3.1125,,6,254,0.3784,245,
P16,80,0.08,101,mmfork-cuthill,4,SUCCESS,1,2.8625,2.8625,,6,229,1.0518,245,
P16,80,0.08,101,template,-1,SUCCESS,1,6.5125,6.5125,8.825,9,521,0.0161,245,
P16,80,0.08,101,clmm,3,SUCCESS,1,3.225,3.2,,6,258,0.5169,245,
P16,80,0.08,101,clique,-1,SUCCESS,1,8.825,6.5125,,9,706,0.019,245,
P16,80,0.08,101,clmm,2,SUCCESS,1,3.2875,3.275,,7,263,0.6179,245,
P16,80,0.08,101,clmm,4,SUCCESS,1,3.1375,3.1125,,6,251,0.3709,245,
P16,80,0.08,101,pssa,0,SUCCESS,1,6.425,6.425,,9,514,0.4033,245,
P16,80,0.08,101,pssa,1,SUCCESS,1,6.425,6.425,,9,514,0.4112,245,
P16,80,0.08,101,pssa,2,SUCCESS,1,6.425,6.425,,9,514,0.4155,245,
P16,80,0.08,101,pssa,3,SUCCESS,1,6.425,6.425,,9,514,0.3973,245,
P16,80,0.08,101,pssa,4,SUCCESS,1,6.425,6.425,,9,514,0.4069,245,
P16,400,0.12,102,mmfork-cuthill,0,FAILURE,0,,,,,,70.1737,9562,status=FAILURE
P16,400,0.12,102,mmfork-cuthill,2,FAILURE,0,,,,,,67.4991,9562,status=FAILURE
P16,80,0.08,102,minorminer,0,SUCCESS,1,2.825,2.8,,6,226,0.8045,242,
P16,80,0.08,102,minorminer,1,SUCCESS,1,2.7625,2.7625,,6,221,0.704,242,
P16,80,0.08,101,attraction,1,SUCCESS,1,2.875,2.85,,5,230,3.192,245,
P16,80,0.08,102,minorminer,2,SUCCESS,1,2.6625,2.6125,,5,213,1.1732,242,
P16,80,0.08,101,attraction,3,SUCCESS,1,3.2,3.125,,7,256,3.3887,245,
P16,80,0.08,102,mmfork-cuthill,0,FAILURE,0,,,,,,0.0257,242,status=FAILURE
P16,80,0.08,102,mmfork-cuthill,1,FAILURE,0,,,,,,0.0158,242,status=FAILURE
P16,80,0.08,102,mmfork-cuthill,2,FAILURE,0,,,,,,0.0105,242,status=FAILURE
P16,80,0.08,102,mmfork-cuthill,3,FAILURE,0,,,,,,0.0072,242,status=FAILURE
P16,80,0.08,102,mmfork-cuthill,4,FAILURE,0,,,,,,0.0069,242,status=FAILURE
P16,80,0.08,101,attraction,0,SUCCESS,1,2.9625,2.9375,,6,237,4.0525,245,
P16,80,0.08,102,clmm,0,SUCCESS,1,3.4875,3.3,,9,279,0.2119,242,
P16,80,0.08,102,minorminer,3,SUCCESS,1,2.925,2.9125,,5,234,0.8478,242,
P16,80,0.08,102,minorminer,4,SUCCESS,1,3.05,2.975,,6,244,0.6464,242,
P16,80,0.08,101,attraction,4,SUCCESS,1,2.775,2.75,,6,222,3.788,245,
P16,80,0.08,102,template,-1,SUCCESS,1,6.0125,6.0125,8.825,8,481,0.0165,242,
P16,80,0.08,102,clmm,1,SUCCESS,1,3.075,2.925,,9,246,0.2517,242,
P16,80,0.08,102,clique,-1,SUCCESS,1,8.825,6.0125,,9,706,0.0215,242,
P16,80,0.08,102,clmm,3,SUCCESS,1,3.2125,3.05,,9,257,0.2295,242,
P16,80,0.08,102,clmm,4,SUCCESS,1,3.0125,2.825,,9,241,0.1926,242,
P16,80,0.08,102,clmm,2,SUCCESS,1,3.4625,3.275,,9,277,0.2835,242,
P16,80,0.08,101,attraction,2,SUCCESS,1,3.0625,3.0125,,6,245,4.3497,245,
P16,80,0.08,102,pssa,0,SUCCESS,1,6.0625,6.0625,,9,485,0.4,242,
P16,80,0.08,102,pssa,1,SUCCESS,1,6.0625,6.0625,,9,485,0.4099,242,
P16,80,0.08,102,pssa,2,SUCCESS,1,6.0625,6.0625,,9,485,0.4181,242,
P16,80,0.08,102,pssa,4,SUCCESS,1,6.0625,6.0625,,9,485,0.4096,242,
P16,80,0.08,102,pssa,3,SUCCESS,1,6.0625,6.0625,,9,485,0.4301,242,
P16,80,0.08,103,minorminer,0,SUCCESS,1,2.7625,2.725,,6,221,0.7673,232,
P16,80,0.08,103,minorminer,1,SUCCESS,1,2.8375,2.8125,,6,227,0.5996,232,
P16,400,0.12,102,mmfork-cuthill,3,FAILURE,0,,,,,,66.8638,9562,status=FAILURE
P16,80,0.08,103,minorminer,2,SUCCESS,1,2.9875,2.925,,7,239,0.4884,232,
P16,80,0.08,103,minorminer,3,SUCCESS,1,2.625,2.5875,,5,210,0.7377,232,
P16,80,0.08,103,minorminer,4,SUCCESS,1,2.825,2.7875,,6,226,0.5716,232,
P16,400,0.12,102,mmfork-cuthill,4,FAILURE,0,,,,,,65.7154,9562,status=FAILURE
P16,80,0.08,102,attraction,0,SUCCESS,1,2.7625,2.75,,5,221,3.3601,242,
P16,80,0.08,102,attraction,1,SUCCESS,1,2.75,2.7,,5,220,3.1952,242,
P16,80,0.08,102,attraction,2,SUCCESS,1,2.7125,2.7,,5,217,3.2181,242,
P16,80,0.08,103,mmfork-cuthill,0,SUCCESS,1,2.8625,2.7875,,5,229,0.8597,232,
P16,80,0.08,102,attraction,3,SUCCESS,1,2.7,2.675,,5,216,3.273,242,
P16,80,0.08,103,mmfork-cuthill,2,SUCCESS,1,2.75,2.7125,,5,220,0.7829,232,
P16,80,0.08,102,attraction,4,SUCCESS,1,2.575,2.55,,5,206,3.4339,242,
P16,80,0.08,103,clmm,2,SUCCESS,1,2.9625,2.925,,6,237,0.2998,232,
P16,80,0.08,103,template,-1,SUCCESS,1,5.6125,5.6125,8.825,8,449,0.017,232,
P16,80,0.08,103,mmfork-cuthill,3,SUCCESS,1,2.625,2.6125,,5,210,0.6163,232,
P16,80,0.08,103,clique,-1,SUCCESS,1,8.825,5.6125,,9,706,0.0217,232,
P16,80,0.08,103,clmm,0,SUCCESS,1,2.8125,2.8,,6,225,0.5211,232,
P16,80,0.08,103,mmfork-cuthill,1,SUCCESS,1,2.9,2.875,,6,232,1.4157,232,
P16,80,0.08,103,clmm,1,SUCCESS,1,2.7,2.65,,6,216,0.6448,232,
P16,80,0.08,103,clmm,4,SUCCESS,1,3.025,2.975,,6,242,0.584,232,
P16,80,0.08,103,pssa,0,SUCCESS,1,5.7125,5.7125,,9,457,0.4098,232,
P16,80,0.08,103,mmfork-cuthill,4,SUCCESS,1,3.075,3.0125,,7,246,0.9247,232,
P16,80,0.08,103,clmm,3,SUCCESS,1,2.85,2.8125,,6,228,0.6969,232,
P16,80,0.08,103,pssa,1,SUCCESS,1,5.7125,5.7125,,9,457,0.4346,232,
P16,80,0.08,103,pssa,2,SUCCESS,1,5.7125,5.7125,,9,457,0.4351,232,
P16,80,0.08,103,pssa,3,SUCCESS,1,5.7125,5.7125,,9,457,0.4095,232,
P16,80,0.08,103,pssa,4,SUCCESS,1,5.7125,5.7125,,9,457,0.4068,232,
P16,400,0.12,102,clmm,0,FAILURE,0,,,,,,66.1718,9562,clmm: MM stage returned empty
P16,80,0.08,103,attraction,0,SUCCESS,1,2.6625,2.625,,6,213,2.8078,232,
P16,80,0.08,103,attraction,2,SUCCESS,1,2.6,2.6,,5,208,3.0363,232,
P16,80,0.08,103,attraction,4,SUCCESS,1,2.7,2.6875,,5,216,3.0066,232,
P16,80,0.08,103,attraction,3,SUCCESS,1,2.7,2.65,,6,216,3.1502,232,
P16,80,0.08,103,attraction,1,SUCCESS,1,2.425,2.4125,,5,194,3.6336,232,
P16,120,0.08,101,minorminer,2,SUCCESS,1,6.325,6.0833,,13,759,4.3893,565,
P16,120,0.08,101,minorminer,1,SUCCESS,1,6.4667,6.2833,,12,776,5.0434,565,
P16,120,0.08,101,mmfork-cuthill,0,SUCCESS,1,6.4667,6.275,,13,776,3.6135,565,
P16,120,0.08,101,minorminer,0,SUCCESS,1,6.0667,5.8917,,12,728,6.8194,565,
P16,120,0.08,101,minorminer,4,SUCCESS,1,6.5333,6.325,,13,784,4.5074,565,
P16,400,0.12,102,clmm,1,FAILURE,0,,,,,,68.2289,9562,clmm: MM stage returned empty
P16,120,0.08,101,mmfork-cuthill,4,SUCCESS,1,6.95,6.725,,13,834,5.1832,565,
P16,120,0.08,101,clmm,0,SUCCESS,1,6.7417,6.575,,12,809,4.606,565,
P16,120,0.08,101,template,-1,SUCCESS,1,9.4833,9.4833,11.8167,12,1138,0.0415,565,
P16,120,0.08,101,clique,-1,SUCCESS,1,11.8167,9.4833,,12,1418,0.0201,565,
P16,120,0.08,101,pssa,0,SUCCESS,1,9.6333,9.6333,,12,1156,0.5752,565,
P16,120,0.08,101,pssa,1,SUCCESS,1,9.6333,9.6333,,12,1156,0.5674,565,
P16,120,0.08,101,clmm,1,SUCCESS,1,7.225,7.0667,,12,867,3.8757,565,
P16,120,0.08,101,mmfork-cuthill,2,SUCCESS,1,6.0833,5.9333,,13,730,7.5387,565,
P16,120,0.08,101,minorminer,3,SUCCESS,1,5.9333,5.8,,11,712,8.3858,565,
P16,120,0.08,101,clmm,3,SUCCESS,1,7.25,7.125,,12,870,3.4733,565,
P16,120,0.08,101,pssa,2,SUCCESS,1,9.6333,9.6333,,12,1156,0.5838,565,
P16,400,0.12,102,clmm,2,FAILURE,0,,,,,,65.9692,9562,clmm: MM stage returned empty
P16,120,0.08,101,pssa,3,SUCCESS,1,9.6333,9.6333,,12,1156,0.5653,565,
P16,120,0.08,101,pssa,4,SUCCESS,1,9.6333,9.6333,,12,1156,0.5673,565,
P16,120,0.08,101,mmfork-cuthill,1,SUCCESS,1,6.0333,5.8667,,12,724,8.7288,565,
P16,120,0.08,101,clmm,2,SUCCESS,1,6.8167,6.7,,12,818,6.1301,565,
P16,400,0.12,102,pssa,0,FAILURE,0,,,,,,62.5012,9562,status=FAILURE
P16,120,0.08,101,clmm,4,SUCCESS,1,6.9,6.7667,,12,828,5.676,565,
P16,400,0.12,102,pssa,2,FAILURE,0,,,,,,62.5763,9562,status=FAILURE
P16,400,0.12,102,clmm,4,FAILURE,0,,,,,,67.5372,9562,clmm: MM stage returned empty
P16,400,0.12,102,clmm,3,FAILURE,0,,,,,,68.1085,9562,clmm: MM stage returned empty
P16,120,0.08,102,minorminer,1,SUCCESS,1,6.6583,6.4167,,13,799,5.217,562,
P16,120,0.08,101,mmfork-cuthill,3,SUCCESS,1,5.9917,5.8167,,12,719,12.819,565,
P16,120,0.08,102,minorminer,0,SUCCESS,1,6.4167,6.2333,,13,770,5.2936,562,
P16,400,0.12,102,pssa,3,FAILURE,0,,,,,,63.0011,9562,status=FAILURE
P16,120,0.08,102,minorminer,2,SUCCESS,1,6.35,6.2167,,12,762,5.599,562,
P16,400,0.12,102,pssa,1,FAILURE,0,,,,,,64.8781,9562,status=FAILURE
P16,120,0.08,102,minorminer,3,SUCCESS,1,5.95,5.7833,,12,714,5.6356,562,
P16,120,0.08,102,template,-1,SUCCESS,1,9.35,9.35,11.8167,12,1122,0.0475,562,
P16,120,0.08,102,clique,-1,SUCCESS,1,11.8167,9.35,,12,1418,0.0226,562,
P16,400,0.12,102,pssa,4,FAILURE,0,,,,,,64.8289,9562,status=FAILURE
P16,120,0.08,102,pssa,0,SUCCESS,1,9.4833,9.4833,,12,1138,0.6126,562,
P16,120,0.08,102,pssa,1,SUCCESS,1,9.4833,9.4833,,12,1138,0.6113,562,
P16,120,0.08,102,clmm,0,SUCCESS,1,7.075,6.8833,,12,849,3.4898,562,
P16,120,0.08,102,pssa,2,SUCCESS,1,9.4833,9.4833,,12,1138,0.6113,562,
P16,120,0.08,102,mmfork-cuthill,0,SUCCESS,1,6.6417,6.3833,,14,797,5.792,562,
P16,120,0.08,102,pssa,3,SUCCESS,1,9.4833,9.4833,,12,1138,0.6135,562,
P16,120,0.08,102,pssa,4,SUCCESS,1,9.4833,9.4833,,12,1138,0.6143,562,
P16,120,0.08,102,mmfork-cuthill,2,SUCCESS,1,6.4167,6.1917,,12,770,5.333,562,
P16,120,0.08,102,clmm,1,SUCCESS,1,6.925,6.725,,12,831,4.8766,562,
P16,120,0.08,102,clmm,4,SUCCESS,1,7.2333,6.9833,,12,868,3.7616,562,
P16,120,0.08,102,clmm,2,SUCCESS,1,6.9917,6.8417,,12,839,4.8694,562,
P16,120,0.08,101,attraction,0,SUCCESS,1,6.2833,6.0583,,13,754,11.2001,565,
P16,120,0.08,101,attraction,3,SUCCESS,1,6.5917,6.375,,13,791,11.05,565,
P16,120,0.08,102,mmfork-cuthill,1,SUCCESS,1,6.5917,6.4,,13,791,6.2626,562,
P16,400,0.12,103,minorminer,0,FAILURE,0,,,,,,65.8785,9550,status=FAILURE
P16,120,0.08,102,minorminer,4,SUCCESS,1,6.425,6.2,,12,771,8.5862,562,
P16,120,0.08,101,attraction,2,SUCCESS,1,6.2333,6.0,,12,748,11.9411,565,
P16,120,0.08,101,attraction,1,SUCCESS,1,5.975,5.7917,,12,717,13.1698,565,
P16,120,0.08,102,mmfork-cuthill,4,SUCCESS,1,6.3583,6.1833,,12,763,7.6628,562,
P16,120,0.08,102,clmm,3,SUCCESS,1,6.7,6.5417,,12,804,7.0941,562,
P16,400,0.12,102,attraction,1,FAILURE,0,,,,,,69.711,9562,status=FAILURE
P16,120,0.08,101,attraction,4,SUCCESS,1,6.0,5.825,,12,720,13.9001,565,
P16,120,0.08,102,mmfork-cuthill,3,SUCCESS,1,5.9833,5.825,,11,718,9.0187,562,
P16,400,0.12,102,attraction,4,FAILURE,0,,,,,,70.4035,9562,status=FAILURE
P16,400,0.12,103,minorminer,2,FAILURE,0,,,,,,65.6102,9550,status=FAILURE
P16,400,0.12,102,attraction,3,FAILURE,0,,,,,,70.5487,9562,status=FAILURE
P16,120,0.08,103,template,-1,SUCCESS,1,9.4083,9.4083,11.8167,12,1129,0.0349,549,
P16,120,0.08,103,clique,-1,SUCCESS,1,11.8167,9.4083,,12,1418,0.0232,549,
P16,400,0.12,102,attraction,2,FAILURE,0,,,,,,70.9153,9562,status=FAILURE
P16,400,0.12,103,minorminer,1,FAILURE,0,,,,,,69.3039,9550,status=FAILURE
P16,120,0.08,103,pssa,1,SUCCESS,1,9.5833,9.5833,,12,1150,0.5833,549,
P16,120,0.08,103,pssa,0,SUCCESS,1,9.5833,9.5833,,12,1150,0.5907,549,
P16,120,0.08,103,pssa,2,SUCCESS,1,9.5833,9.5833,,12,1150,0.575,549,
P16,120,0.08,103,clmm,0,SUCCESS,1,7.225,7.0833,,12,867,2.25,549,
P16,120,0.08,103,pssa,3,SUCCESS,1,9.5833,9.5833,,12,1150,0.5938,549,
P16,120,0.08,103,pssa,4,SUCCESS,1,9.5833,9.5833,,12,1150,0.5879,549,
P16,120,0.08,103,mmfork-cuthill,3,SUCCESS,1,6.6083,6.4,,14,793,3.8123,549,
P16,120,0.08,103,minorminer,2,SUCCESS,1,5.8667,5.6833,,11,704,5.1883,549,
P16,400,0.12,103,minorminer,3,FAILURE,0,,,,,,65.7055,9550,status=FAILURE
P16,120,0.08,103,clmm,2,SUCCESS,1,7.125,6.9417,,12,855,2.8164,549,
P16,120,0.08,103,minorminer,3,SUCCESS,1,6.35,6.2083,,13,762,5.4996,549,
P16,120,0.08,103,minorminer,0,SUCCESS,1,6.2583,6.0167,,12,751,6.6556,549,
P16,120,0.08,103,clmm,4,SUCCESS,1,6.825,6.6167,,12,819,2.9514,549,
P16,120,0.08,103,minorminer,1,SUCCESS,1,6.125,5.95,,13,735,6.7183,549,
P16,120,0.08,103,clmm,1,SUCCESS,1,6.9,6.7417,,12,828,3.8711,549,
P16,120,0.08,103,mmfork-cuthill,4,SUCCESS,1,6.2833,6.0083,,13,754,4.4714,549,
P16,120,0.08,103,mmfork-cuthill,2,SUCCESS,1,6.2417,5.975,,14,749,6.2461,549,
P16,120,0.08,103,clmm,3,SUCCESS,1,6.925,6.7833,,12,831,4.0982,549,
P16,400,0.12,102,attraction,0,FAILURE,0,,,,,,74.9153,9562,status=FAILURE
P16,120,0.08,103,mmfork-cuthill,0,SUCCESS,1,5.75,5.625,,11,690,7.4699,549,
P16,120,0.08,103,minorminer,4,SUCCESS,1,6.0917,5.75,,13,731,8.2745,549,
P16,400,0.12,103,clmm,0,FAILURE,0,,,,,,60.5019,9550,clmm: MM stage returned empty
P16,180,0.08,101,template,-1,SUCCESS,1,14.9667,14.9667,16.6667,17,2694,0.1409,1302,
P16,180,0.08,101,clique,-1,SUCCESS,1,16.6667,14.9667,,17,3000,0.021,1302,
P16,120,0.08,102,attraction,2,SUCCESS,1,6.0917,5.875,,13,731,10.6036,562,
P16,180,0.08,101,pssa,0,SUCCESS,1,14.9667,14.9667,,17,2694,0.5868,1302,
P16,180,0.08,101,pssa,1,SUCCESS,1,14.9667,14.9667,,17,2694,0.6033,1302,
P16,120,0.08,102,attraction,1,SUCCESS,1,6.05,5.8167,,11,726,11.3611,562,
P16,180,0.08,101,pssa,2,SUCCESS,1,14.9667,14.9667,,17,2694,0.5919,1302,
P16,120,0.08,102,attraction,0,SUCCESS,1,5.7667,5.55,,11,692,11.6258,562,
P16,400,0.12,103,mmfork-cuthill,2,FAILURE,0,,,,,,66.9813,9550,status=FAILURE
P16,400,0.12,103,minorminer,4,FAILURE,0,,,,,,68.9997,9550,status=FAILURE
P16,180,0.08,101,pssa,3,SUCCESS,1,14.9667,14.9667,,17,2694,0.5878,1302,
P16,180,0.08,101,pssa,4,SUCCESS,1,14.9667,14.9667,,17,2694,0.6053,1302,
P16,400,0.12,103,mmfork-cuthill,0,FAILURE,0,,,,,,68.6407,9550,status=FAILURE
P16,120,0.08,103,mmfork-cuthill,1,SUCCESS,1,5.9583,5.8167,,11,715,10.6539,549,
P16,120,0.08,102,attraction,3,SUCCESS,1,5.9417,5.7583,,11,713,12.5916,562,
P16,400,0.12,103,mmfork-cuthill,1,FAILURE,0,,,,,,69.3589,9550,status=FAILURE
P16,120,0.08,102,attraction,4,SUCCESS,1,5.8583,5.7167,,11,703,13.3137,562,
P16,120,0.08,103,attraction,3,SUCCESS,1,6.675,6.45,,15,801,9.3893,549,
P16,120,0.08,103,attraction,2,SUCCESS,1,6.525,6.2333,,14,783,9.7745,549,
P16,180,0.08,101,clmm,2,SUCCESS,1,13.7444,13.5667,,17,2474,7.0027,1302,
P16,120,0.08,103,attraction,1,SUCCESS,1,6.1333,5.9,,11,736,10.1403,549,
P16,120,0.08,103,attraction,0,SUCCESS,1,6.0667,5.8917,,12,728,10.5968,549,
P16,400,0.12,103,mmfork-cuthill,3,FAILURE,0,,,,,,70.1141,9550,status=FAILURE
P16,180,0.08,101,minorminer,1,SUCCESS,1,14.8778,14.0389,,29,2678,10.8217,1302,
P16,400,0.12,103,mmfork-cuthill,4,FAILURE,0,,,,,,67.6375,9550,status=FAILURE
P16,180,0.08,101,clmm,4,SUCCESS,1,13.4722,13.2222,,17,2425,8.6285,1302,
P16,180,0.08,102,template,-1,SUCCESS,1,14.6944,14.6944,16.6667,17,2645,0.2147,1254,
P16,180,0.08,102,clique,-1,SUCCESS,1,16.6667,14.6944,,17,3000,0.022,1254,
P16,400,0.12,103,clmm,3,FAILURE,0,,,,,,65.6242,9550,clmm: MM stage returned empty
P16,180,0.08,102,pssa,0,SUCCESS,1,14.6944,14.6944,,17,2645,0.9011,1254,
P16,120,0.08,103,attraction,4,SUCCESS,1,5.8,5.65,,12,696,14.153,549,
P16,180,0.08,102,pssa,1,SUCCESS,1,14.6944,14.6944,,17,2645,0.9066,1254,
P16,180,0.08,102,pssa,2,SUCCESS,1,14.6944,14.6944,,17,2645,0.9036,1254,
P16,180,0.08,101,clmm,3,SUCCESS,1,13.3,13.1056,,17,2394,11.6074,1302,
P16,400,0.12,103,clmm,1,FAILURE,0,,,,,,68.2073,9550,clmm: MM stage returned empty
P16,180,0.08,102,pssa,3,SUCCESS,1,14.6944,14.6944,,17,2645,0.9055,1254,
P16,180,0.08,102,pssa,4,SUCCESS,1,14.6944,14.6944,,17,2645,0.9057,1254,
P16,400,0.12,103,pssa,1,FAILURE,0,,,,,,63.8906,9550,status=FAILURE
P16,400,0.12,103,clmm,2,FAILURE,0,,,,,,69.0758,9550,clmm: MM stage returned empty
P16,180,0.08,101,clmm,0,SUCCESS,1,13.2611,13.05,,17,2387,14.1975,1302,
P16,400,0.12,103,clmm,4,FAILURE,0,,,,,,66.1208,9550,clmm: MM stage returned empty
P16,180,0.08,102,clmm,0,SUCCESS,1,13.3222,13.1444,,17,2398,7.6175,1254,
P16,180,0.08,102,clmm,2,SUCCESS,1,13.1944,12.9389,,17,2375,6.897,1254,
P16,400,0.12,103,pssa,0,FAILURE,0,,,,,,67.7021,9550,status=FAILURE
P16,180,0.08,102,mmfork-cuthill,4,SUCCESS,1,15.7667,14.7444,,31,2838,9.2097,1254,
P16,180,0.08,102,clmm,1,SUCCESS,1,13.0278,12.7833,,17,2345,9.318,1254,
P16,400,0.12,103,pssa,3,FAILURE,0,,,,,,67.377,9550,status=FAILURE
P16,180,0.08,101,minorminer,3,SUCCESS,1,13.95,13.2944,,27,2511,20.648,1302,
P16,400,0.12,103,pssa,4,FAILURE,0,,,,,,63.5163,9550,status=FAILURE
P16,400,0.12,103,pssa,2,FAILURE,0,,,,,,68.7764,9550,status=FAILURE
P16,180,0.08,101,clmm,1,SUCCESS,1,13.2444,13.1167,,17,2384,19.7736,1302,
P16,180,0.08,102,minorminer,0,SUCCESS,1,14.1444,13.3056,,27,2546,17.2389,1254,
P16,180,0.08,101,mmfork-cuthill,1,SUCCESS,1,14.0,13.2278,,28,2520,22.37,1302,
P16,180,0.08,103,template,-1,SUCCESS,1,14.85,14.85,16.6667,17,2673,0.1675,1284,
P16,180,0.08,102,mmfork-cuthill,2,SUCCESS,1,14.1944,13.35,,30,2555,14.9823,1254,
P16,180,0.08,103,clique,-1,SUCCESS,1,16.6667,14.85,,17,3000,0.0217,1284,
P16,180,0.08,102,minorminer,1,SUCCESS,1,13.8556,13.1111,,29,2494,18.8374,1254,
P16,180,0.08,103,pssa,0,SUCCESS,1,14.85,14.85,,17,2673,0.6707,1284,
P16,180,0.08,103,pssa,1,SUCCESS,1,14.85,14.85,,17,2673,0.6712,1284,
P16,180,0.08,102,minorminer,2,SUCCESS,1,14.15,13.3222,,29,2547,19.3608,1254,
P16,180,0.08,103,pssa,2,SUCCESS,1,14.85,14.85,,17,2673,0.6703,1284,
P16,180,0.08,102,clmm,3,SUCCESS,1,13.0056,12.7778,,17,2341,14.3976,1254,
P16,180,0.08,101,minorminer,4,SUCCESS,1,13.55,12.9556,,26,2439,24.5841,1302,
P16,180,0.08,103,pssa,3,SUCCESS,1,14.85,14.85,,17,2673,0.6854,1284,
P16,180,0.08,103,pssa,4,SUCCESS,1,14.85,14.85,,17,2673,0.6698,1284,
P16,180,0.08,102,clmm,4,SUCCESS,1,12.9056,12.7556,,17,2323,15.2645,1254,
P16,180,0.08,102,mmfork-cuthill,1,SUCCESS,1,13.6833,13.0556,,26,2463,18.6218,1254,
P16,180,0.08,103,minorminer,2,SUCCESS,1,16.1944,15.0667,,31,2915,10.7828,1284,
P16,180,0.08,101,mmfork-cuthill,0,SUCCESS,1,13.1,12.55,,26,2358,26.1583,1302,
P16,180,0.08,102,mmfork-cuthill,0,SUCCESS,1,14.5111,13.6833,,28,2612,20.0912,1254,
P16,180,0.08,102,minorminer,4,SUCCESS,1,14.1722,13.5278,,27,2551,21.6165,1254,
P16,180,0.08,101,minorminer,2,SUCCESS,1,13.4333,12.8444,,27,2418,28.4575,1302,
P16,180,0.08,102,minorminer,3,SUCCESS,1,13.6278,12.9333,,27,2453,23.0672,1254,
P16,400,0.12,103,attraction,1,FAILURE,0,,,,,,71.507,9550,status=FAILURE
P16,180,0.08,101,mmfork-cuthill,4,SUCCESS,1,13.4444,12.75,,26,2420,27.878,1302,
P16,400,0.12,103,attraction,4,FAILURE,0,,,,,,72.2702,9550,status=FAILURE
P16,180,0.08,103,clmm,4,SUCCESS,1,13.4167,13.2111,,17,2415,8.9253,1284,
P16,180,0.08,103,minorminer,0,SUCCESS,1,13.8111,13.1056,,26,2486,16.5163,1284,
P16,400,0.12,103,attraction,0,FAILURE,0,,,,,,73.7933,9550,status=FAILURE
P16,180,0.08,102,mmfork-cuthill,3,SUCCESS,1,13.0333,12.2722,,25,2346,22.6058,1254,
P16,260,0.08,101,template,-1,INFEASIBLE,0,,,,,,0.0,2695,n=260 > max clique 180
P16,260,0.08,101,clique,-1,FAILURE,0,,,,,,0.0198,2695,status=FAILURE
P16,400,0.12,103,attraction,3,FAILURE,0,,,,,,74.7354,9550,status=FAILURE
P16,180,0.08,103,clmm,3,SUCCESS,1,13.1278,12.9556,,17,2363,11.132,1284,
P16,180,0.08,103,clmm,2,SUCCESS,1,13.3333,13.1389,,17,2400,11.1426,1284,
P16,400,0.12,103,attraction,2,FAILURE,0,,,,,,74.9292,9550,status=FAILURE
P16,180,0.08,103,clmm,0,SUCCESS,1,13.0889,12.8778,,17,2356,11.8601,1284,
P16,180,0.08,101,minorminer,0,SUCCESS,1,13.4667,12.8722,,25,2424,33.4368,1302,
P16,180,0.08,101,mmfork-cuthill,3,SUCCESS,1,12.6778,12.1444,,23,2282,31.6444,1302,
P16,180,0.08,103,minorminer,1,SUCCESS,1,13.8944,13.1444,,29,2501,19.611,1284,
P16,180,0.08,103,minorminer,3,SUCCESS,1,13.9278,13.1333,,25,2507,20.095,1284,
P16,180,0.08,103,mmfork-cuthill,3,SUCCESS,1,14.1333,13.4222,,30,2544,17.4224,1284,
P16,180,0.08,103,mmfork-cuthill,2,SUCCESS,1,14.2167,13.3889,,28,2559,18.9005,1284,
P16,180,0.08,103,clmm,1,SUCCESS,1,13.0278,12.8333,,17,2345,17.4473,1284,
P16,180,0.08,103,mmfork-cuthill,1,SUCCESS,1,14.2167,13.3667,,27,2559,21.3597,1284,
P16,180,0.08,101,mmfork-cuthill,2,SUCCESS,1,13.35,12.6833,,25,2403,39.531,1302,
P16,180,0.08,101,attraction,0,SUCCESS,1,14.6722,13.7778,,28,2641,36.1667,1302,
P16,180,0.08,101,attraction,1,SUCCESS,1,14.4056,13.4333,,28,2593,37.0277,1302,
P16,180,0.08,101,attraction,3,SUCCESS,1,13.9556,13.0611,,28,2512,37.8495,1302,
P16,180,0.08,103,mmfork-cuthill,4,SUCCESS,1,13.8222,13.0833,,27,2488,21.7254,1284,
P16,180,0.08,102,attraction,2,SUCCESS,1,14.7389,13.8611,,28,2653,32.2422,1254,
P16,180,0.08,101,attraction,2,SUCCESS,1,13.6889,12.9278,,27,2464,45.7236,1302,
P16,180,0.08,102,attraction,4,SUCCESS,1,13.2833,12.4333,,25,2391,37.1503,1254,
P16,180,0.08,102,attraction,1,SUCCESS,1,12.9,12.2389,,26,2322,37.7723,1254,
P16,180,0.08,103,mmfork-cuthill,0,SUCCESS,1,12.8167,12.1944,,26,2307,36.1849,1284,
P16,180,0.08,102,attraction,0,SUCCESS,1,13.4167,12.7278,,26,2415,40.1741,1254,
P16,180,0.08,103,minorminer,4,SUCCESS,1,13.4556,12.8944,,26,2422,40.1693,1284,
P16,260,0.08,102,template,-1,INFEASIBLE,0,,,,,,0.0,2695,n=260 > max clique 180
P16,260,0.08,102,clique,-1,FAILURE,0,,,,,,0.0207,2695,status=FAILURE
P16,180,0.08,101,attraction,4,SUCCESS,1,13.6222,12.8222,,24,2452,53.3151,1302,
P16,180,0.08,103,attraction,0,SUCCESS,1,14.2722,13.3389,,26,2569,34.7067,1284,
P16,180,0.08,102,attraction,3,SUCCESS,1,12.8278,12.1222,,25,2309,47.5385,1254,
P16,180,0.08,103,attraction,1,SUCCESS,1,14.2611,13.4944,,27,2567,41.8051,1284,
P16,180,0.08,103,attraction,2,SUCCESS,1,13.5444,12.7722,,27,2438,41.7309,1284,
P16,180,0.08,103,attraction,4,SUCCESS,1,13.3833,12.6778,,27,2409,43.3666,1284,
P16,180,0.08,103,attraction,3,SUCCESS,1,13.1944,12.5389,,25,2375,47.7583,1284,
P16,260,0.08,101,minorminer,0,FAILURE,0,,,,,,62.5704,2695,status=FAILURE
P16,260,0.08,101,mmfork-cuthill,0,FAILURE,0,,,,,,61.3542,2695,status=FAILURE
P16,260,0.08,101,minorminer,1,FAILURE,0,,,,,,62.7907,2695,status=FAILURE
P16,260,0.08,101,minorminer,3,FAILURE,0,,,,,,62.2255,2695,status=FAILURE
P16,260,0.08,101,minorminer,4,FAILURE,0,,,,,,62.3088,2695,status=FAILURE
P16,260,0.08,101,minorminer,2,FAILURE,0,,,,,,62.7257,2695,status=FAILURE
P16,260,0.08,101,mmfork-cuthill,2,FAILURE,0,,,,,,60.4858,2695,status=FAILURE
P16,260,0.08,101,mmfork-cuthill,1,FAILURE,0,,,,,,62.78,2695,status=FAILURE
P16,260,0.08,101,mmfork-cuthill,4,FAILURE,0,,,,,,61.5491,2695,status=FAILURE
P16,260,0.08,101,clmm,0,FAILURE,0,,,,,,62.0103,2695,clmm: MM stage returned empty
P16,260,0.08,101,mmfork-cuthill,3,FAILURE,0,,,,,,62.6386,2695,status=FAILURE
P16,260,0.08,101,clmm,3,FAILURE,0,,,,,,60.7678,2695,clmm: MM stage returned empty
P16,260,0.08,101,clmm,1,FAILURE,0,,,,,,62.4714,2695,clmm: MM stage returned empty
P16,260,0.08,101,clmm,4,FAILURE,0,,,,,,62.4119,2695,clmm: MM stage returned empty
P16,260,0.08,101,clmm,2,FAILURE,0,,,,,,62.622,2695,clmm: MM stage returned empty
P16,260,0.08,101,pssa,0,FAILURE,0,,,,,,62.8481,2695,status=FAILURE
P16,260,0.08,101,pssa,3,FAILURE,0,,,,,,62.0835,2695,status=FAILURE
P16,260,0.08,101,pssa,1,FAILURE,0,,,,,,62.2847,2695,status=FAILURE
P16,260,0.08,101,pssa,4,FAILURE,0,,,,,,62.1785,2695,status=FAILURE
P16,260,0.08,103,template,-1,INFEASIBLE,0,,,,,,0.0,2699,n=260 > max clique 180
P16,260,0.08,103,clique,-1,FAILURE,0,,,,,,0.022,2699,status=FAILURE
P16,260,0.08,101,attraction,1,FAILURE,0,,,,,,62.5684,2695,status=FAILURE
P16,260,0.08,101,pssa,2,FAILURE,0,,,,,,63.3967,2695,status=FAILURE
P16,260,0.08,101,attraction,0,FAILURE,0,,,,,,63.2588,2695,status=FAILURE
P16,260,0.08,101,attraction,2,FAILURE,0,,,,,,63.9303,2695,status=FAILURE
P16,260,0.08,101,attraction,3,FAILURE,0,,,,,,63.1185,2695,status=FAILURE
P16,260,0.08,102,minorminer,0,FAILURE,0,,,,,,62.2178,2695,status=FAILURE
P16,260,0.08,101,attraction,4,FAILURE,0,,,,,,63.6188,2695,status=FAILURE
P16,260,0.08,102,minorminer,1,FAILURE,0,,,,,,62.3413,2695,status=FAILURE
P16,260,0.08,102,minorminer,2,FAILURE,0,,,,,,61.5382,2695,status=FAILURE
P16,260,0.08,102,minorminer,3,FAILURE,0,,,,,,62.2449,2695,status=FAILURE
P16,260,0.08,102,minorminer,4,FAILURE,0,,,,,,61.414,2695,status=FAILURE
P16,260,0.08,102,mmfork-cuthill,0,FAILURE,0,,,,,,61.9426,2695,status=FAILURE
P16,260,0.08,102,mmfork-cuthill,1,FAILURE,0,,,,,,62.5416,2695,status=FAILURE
P16,260,0.08,102,mmfork-cuthill,3,FAILURE,0,,,,,,61.8612,2695,status=FAILURE
P16,260,0.08,102,mmfork-cuthill,2,FAILURE,0,,,,,,62.1431,2695,status=FAILURE
P16,260,0.08,102,mmfork-cuthill,4,FAILURE,0,,,,,,61.8328,2695,status=FAILURE
P16,260,0.08,102,clmm,0,FAILURE,0,,,,,,62.6699,2695,clmm: MM stage returned empty
P16,260,0.08,102,clmm,1,FAILURE,0,,,,,,62.1548,2695,clmm: MM stage returned empty
P16,260,0.08,102,clmm,2,FAILURE,0,,,,,,62.9541,2695,clmm: MM stage returned empty
P16,260,0.08,102,clmm,3,FAILURE,0,,,,,,61.8269,2695,clmm: MM stage returned empty
P16,260,0.08,102,clmm,4,FAILURE,0,,,,,,62.1092,2695,clmm: MM stage returned empty
P16,260,0.08,102,pssa,1,FAILURE,0,,,,,,63.7278,2695,status=FAILURE
P16,260,0.08,102,pssa,2,FAILURE,0,,,,,,64.3335,2695,status=FAILURE
P16,260,0.08,102,pssa,0,FAILURE,0,,,,,,66.8742,2695,status=FAILURE
P16,360,0.08,101,template,-1,INFEASIBLE,0,,,,,,0.0,5197,n=360 > max clique 180
P16,360,0.08,101,clique,-1,FAILURE,0,,,,,,0.0217,5197,status=FAILURE
P16,260,0.08,102,attraction,0,FAILURE,0,,,,,,62.6581,2695,status=FAILURE
P16,260,0.08,102,pssa,3,FAILURE,0,,,,,,68.0509,2695,status=FAILURE
P16,260,0.08,102,attraction,1,FAILURE,0,,,,,,63.562,2695,status=FAILURE
P16,260,0.08,102,pssa,4,FAILURE,0,,,,,,67.1372,2695,status=FAILURE
P16,260,0.08,102,attraction,2,FAILURE,0,,,,,,63.7386,2695,status=FAILURE
P16,260,0.08,103,minorminer,4,FAILURE,0,,,,,,61.5383,2699,status=FAILURE
P16,260,0.08,103,minorminer,0,FAILURE,0,,,,,,62.3549,2699,status=FAILURE
P16,260,0.08,102,attraction,3,FAILURE,0,,,,,,63.2094,2695,status=FAILURE
P16,260,0.08,103,minorminer,1,FAILURE,0,,,,,,62.7399,2699,status=FAILURE
P16,260,0.08,103,minorminer,2,FAILURE,0,,,,,,62.7018,2699,status=FAILURE
P16,260,0.08,103,minorminer,3,FAILURE,0,,,,,,62.7879,2699,status=FAILURE
P16,260,0.08,102,attraction,4,FAILURE,0,,,,,,63.9677,2695,status=FAILURE
P16,260,0.08,103,mmfork-cuthill,1,FAILURE,0,,,,,,62.1925,2699,status=FAILURE
P16,260,0.08,103,mmfork-cuthill,3,FAILURE,0,,,,,,61.6879,2699,status=FAILURE
P16,260,0.08,103,mmfork-cuthill,0,FAILURE,0,,,,,,62.6821,2699,status=FAILURE
P16,260,0.08,103,mmfork-cuthill,2,FAILURE,0,,,,,,62.2706,2699,status=FAILURE
P16,260,0.08,103,mmfork-cuthill,4,FAILURE,0,,,,,,62.4598,2699,status=FAILURE
P16,260,0.08,103,clmm,0,FAILURE,0,,,,,,62.0403,2699,clmm: MM stage returned empty
P16,260,0.08,103,clmm,2,FAILURE,0,,,,,,62.3789,2699,clmm: MM stage returned empty
P16,260,0.08,103,clmm,4,FAILURE,0,,,,,,61.8689,2699,clmm: MM stage returned empty
P16,260,0.08,103,clmm,3,FAILURE,0,,,,,,62.1411,2699,clmm: MM stage returned empty
P16,260,0.08,103,clmm,1,FAILURE,0,,,,,,63.0146,2699,clmm: MM stage returned empty
P16,260,0.08,103,pssa,2,FAILURE,0,,,,,,62.3177,2699,status=FAILURE
P16,260,0.08,103,pssa,3,FAILURE,0,,,,,,63.6053,2699,status=FAILURE
P16,260,0.08,103,attraction,0,FAILURE,0,,,,,,63.139,2699,status=FAILURE
P16,360,0.08,102,template,-1,INFEASIBLE,0,,,,,,0.0,5165,n=360 > max clique 180
P16,360,0.08,102,clique,-1,FAILURE,0,,,,,,0.0193,5165,status=FAILURE
P16,260,0.08,103,attraction,1,FAILURE,0,,,,,,62.6361,2699,status=FAILURE
P16,260,0.08,103,pssa,4,FAILURE,0,,,,,,65.2537,2699,status=FAILURE
P16,260,0.08,103,attraction,2,FAILURE,0,,,,,,62.7413,2699,status=FAILURE
P16,260,0.08,103,attraction,4,FAILURE,0,,,,,,62.9323,2699,status=FAILURE
P16,260,0.08,103,attraction,3,FAILURE,0,,,,,,63.639,2699,status=FAILURE
P16,260,0.08,103,pssa,0,FAILURE,0,,,,,,68.5334,2699,status=FAILURE
P16,360,0.08,101,minorminer,0,FAILURE,0,,,,,,63.392,5197,status=FAILURE
P16,260,0.08,103,pssa,1,FAILURE,0,,,,,,68.8341,2699,status=FAILURE
P16,360,0.08,101,minorminer,1,FAILURE,0,,,,,,62.7737,5197,status=FAILURE
P16,360,0.08,101,minorminer,3,FAILURE,0,,,,,,63.8898,5197,status=FAILURE
P16,360,0.08,101,minorminer,2,FAILURE,0,,,,,,64.8751,5197,status=FAILURE
P16,360,0.08,101,minorminer,4,FAILURE,0,,,,,,63.8947,5197,status=FAILURE
P16,360,0.08,101,mmfork-cuthill,0,FAILURE,0,,,,,,63.5548,5197,status=FAILURE
P16,360,0.08,101,mmfork-cuthill,1,FAILURE,0,,,,,,63.7276,5197,status=FAILURE
P16,360,0.08,101,mmfork-cuthill,2,FAILURE,0,,,,,,64.1763,5197,status=FAILURE
P16,360,0.08,101,mmfork-cuthill,4,FAILURE,0,,,,,,63.0473,5197,status=FAILURE
P16,360,0.08,101,mmfork-cuthill,3,FAILURE,0,,,,,,64.107,5197,status=FAILURE
P16,360,0.08,101,clmm,1,FAILURE,0,,,,,,63.646,5197,clmm: MM stage returned empty
P16,360,0.08,101,clmm,0,FAILURE,0,,,,,,64.4941,5197,clmm: MM stage returned empty
P16,360,0.08,101,clmm,2,FAILURE,0,,,,,,65.5297,5197,clmm: MM stage returned empty
P16,360,0.08,101,clmm,3,FAILURE,0,,,,,,65.2104,5197,clmm: MM stage returned empty
P16,360,0.08,101,clmm,4,FAILURE,0,,,,,,64.5046,5197,clmm: MM stage returned empty
P16,360,0.08,101,pssa,0,FAILURE,0,,,,,,68.6049,5197,status=FAILURE
P16,360,0.08,101,pssa,1,FAILURE,0,,,,,,67.3027,5197,status=FAILURE
P16,360,0.08,101,pssa,2,FAILURE,0,,,,,,67.2071,5197,status=FAILURE
P16,360,0.08,103,template,-1,INFEASIBLE,0,,,,,,0.0,5127,n=360 > max clique 180
P16,360,0.08,103,clique,-1,FAILURE,0,,,,,,0.0197,5127,status=FAILURE
P16,360,0.08,101,pssa,3,FAILURE,0,,,,,,65.5193,5197,status=FAILURE
P16,360,0.08,101,pssa,4,FAILURE,0,,,,,,64.5375,5197,status=FAILURE
P16,360,0.08,101,attraction,0,FAILURE,0,,,,,,65.9807,5197,status=FAILURE
P16,360,0.08,102,minorminer,0,FAILURE,0,,,,,,63.5359,5165,status=FAILURE
P16,360,0.08,102,minorminer,2,FAILURE,0,,,,,,62.8889,5165,status=FAILURE
P16,360,0.08,102,mmfork-cuthill,0,FAILURE,0,,,,,,62.5133,5165,status=FAILURE
P16,360,0.08,101,attraction,3,FAILURE,0,,,,,,64.8598,5197,status=FAILURE
P16,360,0.08,101,attraction,1,FAILURE,0,,,,,,66.053,5197,status=FAILURE
P16,360,0.08,102,mmfork-cuthill,1,FAILURE,0,,,,,,63.0962,5165,status=FAILURE
P16,360,0.08,101,attraction,2,FAILURE,0,,,,,,65.6427,5197,status=FAILURE
P16,360,0.08,102,minorminer,1,FAILURE,0,,,,,,65.222,5165,status=FAILURE
P16,360,0.08,102,minorminer,3,FAILURE,0,,,,,,64.0072,5165,status=FAILURE
P16,360,0.08,101,attraction,4,FAILURE,0,,,,,,65.5609,5197,status=FAILURE
P16,360,0.08,102,mmfork-cuthill,2,FAILURE,0,,,,,,63.5893,5165,status=FAILURE
P16,360,0.08,102,minorminer,4,FAILURE,0,,,,,,64.9594,5165,status=FAILURE
P16,360,0.08,102,mmfork-cuthill,4,FAILURE,0,,,,,,63.8422,5165,status=FAILURE
P16,360,0.08,102,mmfork-cuthill,3,FAILURE,0,,,,,,64.8716,5165,status=FAILURE
P16,360,0.08,102,clmm,0,FAILURE,0,,,,,,64.6094,5165,clmm: MM stage returned empty
P16,360,0.08,102,clmm,2,FAILURE,0,,,,,,64.8346,5165,clmm: MM stage returned empty
P16,360,0.08,102,clmm,1,FAILURE,0,,,,,,65.2875,5165,clmm: MM stage returned empty
P16,360,0.08,102,clmm,4,FAILURE,0,,,,,,62.8026,5165,clmm: MM stage returned empty
P16,360,0.08,102,clmm,3,FAILURE,0,,,,,,64.9432,5165,clmm: MM stage returned empty
P16,360,0.08,102,pssa,0,FAILURE,0,,,,,,65.3576,5165,status=FAILURE
P16,360,0.08,102,pssa,1,FAILURE,0,,,,,,65.5369,5165,status=FAILURE
P16,360,0.08,102,pssa,2,FAILURE,0,,,,,,65.4003,5165,status=FAILURE
P16,480,0.08,101,template,-1,INFEASIBLE,0,,,,,,0.0,9214,n=480 > max clique 180
P16,480,0.08,101,clique,-1,FAILURE,0,,,,,,0.0242,9214,status=FAILURE
P16,360,0.08,102,pssa,3,FAILURE,0,,,,,,66.1042,5165,status=FAILURE
P16,360,0.08,102,pssa,4,FAILURE,0,,,,,,65.7005,5165,status=FAILURE
P16,360,0.08,103,minorminer,0,FAILURE,0,,,,,,62.7981,5127,status=FAILURE
P16,360,0.08,102,attraction,0,FAILURE,0,,,,,,66.4086,5165,status=FAILURE
P16,360,0.08,102,attraction,1,FAILURE,0,,,,,,66.5689,5165,status=FAILURE
P16,360,0.08,102,attraction,3,FAILURE,0,,,,,,66.2448,5165,status=FAILURE
P16,360,0.08,102,attraction,2,FAILURE,0,,,,,,66.9044,5165,status=FAILURE
P16,360,0.08,102,attraction,4,FAILURE,0,,,,,,65.8027,5165,status=FAILURE
P16,360,0.08,103,minorminer,1,FAILURE,0,,,,,,63.9634,5127,status=FAILURE
P16,360,0.08,103,minorminer,3,FAILURE,0,,,,,,63.8663,5127,status=FAILURE
P16,360,0.08,103,minorminer,2,FAILURE,0,,,,,,65.0907,5127,status=FAILURE
P16,360,0.08,103,minorminer,4,FAILURE,0,,,,,,65.0387,5127,status=FAILURE
P16,360,0.08,103,mmfork-cuthill,0,FAILURE,0,,,,,,63.6158,5127,status=FAILURE
P16,360,0.08,103,mmfork-cuthill,1,FAILURE,0,,,,,,63.3351,5127,status=FAILURE
P16,360,0.08,103,mmfork-cuthill,2,FAILURE,0,,,,,,63.5686,5127,status=FAILURE
P16,360,0.08,103,mmfork-cuthill,3,FAILURE,0,,,,,,63.0611,5127,status=FAILURE
P16,360,0.08,103,mmfork-cuthill,4,FAILURE,0,,,,,,63.3742,5127,status=FAILURE
P16,360,0.08,103,clmm,0,FAILURE,0,,,,,,65.1589,5127,clmm: MM stage returned empty
P16,360,0.08,103,clmm,1,FAILURE,0,,,,,,65.1423,5127,clmm: MM stage returned empty
P16,360,0.08,103,clmm,2,FAILURE,0,,,,,,64.9065,5127,clmm: MM stage returned empty
P16,360,0.08,103,clmm,3,FAILURE,0,,,,,,65.4914,5127,clmm: MM stage returned empty
P16,360,0.08,103,clmm,4,FAILURE,0,,,,,,63.9068,5127,clmm: MM stage returned empty
P16,360,0.08,103,pssa,0,FAILURE,0,,,,,,64.475,5127,status=FAILURE
P16,360,0.08,103,pssa,2,FAILURE,0,,,,,,63.8433,5127,status=FAILURE
P16,360,0.08,103,pssa,1,FAILURE,0,,,,,,67.4687,5127,status=FAILURE
P16,480,0.08,102,template,-1,INFEASIBLE,0,,,,,,0.0,9063,n=480 > max clique 180
P16,480,0.08,102,clique,-1,FAILURE,0,,,,,,0.0198,9063,status=FAILURE
P16,360,0.08,103,pssa,3,FAILURE,0,,,,,,65.1324,5127,status=FAILURE
P16,360,0.08,103,pssa,4,FAILURE,0,,,,,,62.593,5127,status=FAILURE
P16,480,0.08,101,mmfork-cuthill,0,FAILURE,0,,,,,,61.4659,9214,status=FAILURE
P16,360,0.08,103,attraction,1,FAILURE,0,,,,,,65.6015,5127,status=FAILURE
P16,360,0.08,103,attraction,0,FAILURE,0,,,,,,66.0605,5127,status=FAILURE
P16,480,0.08,101,minorminer,0,FAILURE,0,,,,,,65.4816,9214,status=FAILURE
P16,360,0.08,103,attraction,4,FAILURE,0,,,,,,65.6393,5127,status=FAILURE
P16,360,0.08,103,attraction,2,FAILURE,0,,,,,,66.4218,5127,status=FAILURE
P16,480,0.08,101,minorminer,3,FAILURE,0,,,,,,66.5375,9214,status=FAILURE
P16,360,0.08,103,attraction,3,FAILURE,0,,,,,,67.2216,5127,status=FAILURE
P16,480,0.08,101,minorminer,1,FAILURE,0,,,,,,67.3999,9214,status=FAILURE
P16,480,0.08,101,minorminer,4,FAILURE,0,,,,,,66.6541,9214,status=FAILURE
P16,480,0.08,101,minorminer,2,FAILURE,0,,,,,,69.1106,9214,status=FAILURE
P16,480,0.08,101,mmfork-cuthill,4,FAILURE,0,,,,,,65.2334,9214,status=FAILURE
P16,480,0.08,101,mmfork-cuthill,3,FAILURE,0,,,,,,65.9135,9214,status=FAILURE
P16,480,0.08,101,mmfork-cuthill,2,FAILURE,0,,,,,,67.6159,9214,status=FAILURE
P16,480,0.08,101,clmm,1,FAILURE,0,,,,,,65.2535,9214,clmm: MM stage returned empty
P16,480,0.08,101,mmfork-cuthill,1,FAILURE,0,,,,,,68.137,9214,status=FAILURE
P16,480,0.08,101,clmm,2,FAILURE,0,,,,,,65.9964,9214,clmm: MM stage returned empty
P16,480,0.08,101,clmm,0,FAILURE,0,,,,,,67.0239,9214,clmm: MM stage returned empty
P16,480,0.08,101,clmm,3,FAILURE,0,,,,,,66.9562,9214,clmm: MM stage returned empty
P16,480,0.08,101,pssa,3,FAILURE,0,,,,,,64.6329,9214,status=FAILURE
P16,480,0.08,101,pssa,0,FAILURE,0,,,,,,67.805,9214,status=FAILURE
P16,480,0.08,101,pssa,2,FAILURE,0,,,,,,66.1833,9214,status=FAILURE
P16,480,0.08,101,clmm,4,FAILURE,0,,,,,,68.5984,9214,clmm: MM stage returned empty
P16,480,0.08,103,template,-1,INFEASIBLE,0,,,,,,0.0,9166,n=480 > max clique 180
P16,480,0.08,103,clique,-1,FAILURE,0,,,,,,0.0204,9166,status=FAILURE
P16,480,0.08,101,pssa,1,FAILURE,0,,,,,,68.6957,9214,status=FAILURE
P16,480,0.08,101,pssa,4,FAILURE,0,,,,,,67.6436,9214,status=FAILURE
P16,480,0.08,102,minorminer,0,FAILURE,0,,,,,,67.0466,9063,status=FAILURE
P16,480,0.08,102,minorminer,2,FAILURE,0,,,,,,66.9265,9063,status=FAILURE
P16,480,0.08,101,attraction,0,FAILURE,0,,,,,,71.5484,9214,status=FAILURE
P16,480,0.08,101,attraction,1,FAILURE,0,,,,,,71.8529,9214,status=FAILURE
P16,480,0.08,101,attraction,2,FAILURE,0,,,,,,71.7591,9214,status=FAILURE
P16,480,0.08,102,minorminer,1,FAILURE,0,,,,,,69.4629,9063,status=FAILURE
P16,480,0.08,101,attraction,4,FAILURE,0,,,,,,71.8457,9214,status=FAILURE
P16,480,0.08,101,attraction,3,FAILURE,0,,,,,,72.3896,9214,status=FAILURE
P16,480,0.08,102,minorminer,3,FAILURE,0,,,,,,67.4936,9063,status=FAILURE
P16,100,0.05,101,minorminer,0,SUCCESS,1,2.52,2.52,,5,252,1.0668,246,
P16,100,0.05,101,minorminer,1,SUCCESS,1,2.5,2.47,,6,250,0.7816,246,
P16,100,0.05,101,minorminer,2,SUCCESS,1,2.58,2.54,,6,258,0.9435,246,
P16,100,0.05,101,minorminer,3,SUCCESS,1,2.42,2.39,,6,242,0.928,246,
P16,100,0.05,101,mmfork-cuthill,0,FAILURE,0,,,,,,0.0098,246,status=FAILURE
P16,100,0.05,101,mmfork-cuthill,1,FAILURE,0,,,,,,0.0079,246,status=FAILURE
P16,100,0.05,101,mmfork-cuthill,2,FAILURE,0,,,,,,0.0071,246,status=FAILURE
P16,100,0.05,101,mmfork-cuthill,3,FAILURE,0,,,,,,0.0069,246,status=FAILURE
P16,100,0.05,101,mmfork-cuthill,4,FAILURE,0,,,,,,0.0068,246,status=FAILURE
P16,100,0.05,101,minorminer,4,SUCCESS,1,2.79,2.76,,6,279,0.7992,246,
P16,100,0.05,101,clmm,0,SUCCESS,1,3.24,3.11,,10,324,0.3844,246,
P16,100,0.05,101,clmm,1,SUCCESS,1,2.87,2.72,,10,287,0.2697,246,
P16,100,0.05,101,clmm,2,SUCCESS,1,3.15,3.01,,10,315,0.2322,246,
P16,100,0.05,101,clmm,3,SUCCESS,1,2.84,2.7,,10,284,0.3752,246,
P16,100,0.05,101,template,-1,SUCCESS,1,6.4,6.4,9.82,10,640,0.021,246,
P16,100,0.05,101,clmm,4,SUCCESS,1,2.72,2.57,,10,272,0.4048,246,
P16,100,0.05,101,clique,-1,SUCCESS,1,9.82,6.4,,10,982,0.0199,246,
P16,100,0.05,101,pssa,0,SUCCESS,1,6.5,6.5,,10,650,0.4708,246,
P16,100,0.05,101,pssa,1,SUCCESS,1,6.5,6.5,,10,650,0.4633,246,
P16,100,0.05,101,pssa,2,SUCCESS,1,6.5,6.5,,10,650,0.4689,246,
P16,100,0.05,101,pssa,3,SUCCESS,1,6.5,6.5,,10,650,0.4641,246,
P16,480,0.08,102,minorminer,4,FAILURE,0,,,,,,67.2592,9063,status=FAILURE
P16,480,0.08,102,mmfork-cuthill,0,FAILURE,0,,,,,,67.2169,9063,status=FAILURE
P16,100,0.05,101,pssa,4,SUCCESS,1,6.5,6.5,,10,650,0.4758,246,
P16,480,0.08,102,mmfork-cuthill,1,FAILURE,0,,,,,,67.1247,9063,status=FAILURE
P16,480,0.08,102,mmfork-cuthill,2,FAILURE,0,,,,,,67.9156,9063,status=FAILURE
P16,100,0.05,101,attraction,1,SUCCESS,1,2.25,2.24,,5,225,3.1401,246,
P16,100,0.05,101,attraction,2,SUCCESS,1,2.3,2.27,,5,230,3.2018,246,
P16,100,0.05,101,attraction,0,SUCCESS,1,2.33,2.3,,5,233,3.6337,246,
P16,100,0.05,101,attraction,3,SUCCESS,1,2.31,2.27,,5,231,3.2662,246,
P16,480,0.08,102,mmfork-cuthill,3,FAILURE,0,,,,,,64.6224,9063,status=FAILURE
P16,100,0.05,102,mmfork-cuthill,0,FAILURE,0,,,,,,0.0095,249,status=FAILURE
P16,100,0.05,102,mmfork-cuthill,1,FAILURE,0,,,,,,0.008,249,status=FAILURE
P16,100,0.05,102,mmfork-cuthill,2,FAILURE,0,,,,,,0.0075,249,status=FAILURE
P16,100,0.05,102,mmfork-cuthill,3,FAILURE,0,,,,,,0.0071,249,status=FAILURE
P16,100,0.05,102,mmfork-cuthill,4,FAILURE,0,,,,,,0.0071,249,status=FAILURE
P16,100,0.05,102,minorminer,1,SUCCESS,1,2.64,2.6,,6,264,0.684,249,
P16,100,0.05,102,minorminer,0,SUCCESS,1,2.54,2.5,,6,254,0.9911,249,
P16,100,0.05,102,clmm,1,SUCCESS,1,2.84,2.63,,10,284,0.2413,249,
P16,100,0.05,102,clmm,0,SUCCESS,1,2.78,2.57,,10,278,0.3542,249,
P16,100,0.05,102,clmm,2,SUCCESS,1,2.8,2.58,,10,280,0.3786,249,
P16,100,0.05,102,clmm,3,SUCCESS,1,3.4,3.17,,10,340,0.2356,249,
P16,100,0.05,102,template,-1,SUCCESS,1,6.57,6.57,9.82,10,657,0.0276,249,
P16,100,0.05,102,clique,-1,SUCCESS,1,9.82,6.57,,10,982,0.02,249,
P16,100,0.05,102,minorminer,4,SUCCESS,1,2.4,2.36,,6,240,0.7361,249,
P16,100,0.05,102,clmm,4,SUCCESS,1,2.87,2.66,,10,287,0.3471,249,
P16,100,0.05,101,attraction,4,SUCCESS,1,2.31,2.3,,6,231,3.0664,246,
P16,100,0.05,102,minorminer,3,SUCCESS,1,2.44,2.38,,6,244,1.1553,249,
P16,100,0.05,102,pssa,0,SUCCESS,1,6.83,6.83,,11,683,0.5046,249,
P16,100,0.05,102,pssa,1,SUCCESS,1,6.83,6.83,,11,683,0.489,249,
P16,100,0.05,102,pssa,2,SUCCESS,1,6.83,6.83,,11,683,0.4939,249,
P16,100,0.05,102,pssa,3,SUCCESS,1,6.83,6.83,,11,683,0.4806,249,
P16,100,0.05,102,pssa,4,SUCCESS,1,6.83,6.83,,11,683,0.479,249,
P16,100,0.05,102,minorminer,2,SUCCESS,1,2.48,2.45,,5,248,1.5741,249,
P16,100,0.05,103,minorminer,0,SUCCESS,1,2.79,2.74,,6,279,0.732,248,
P16,100,0.05,103,minorminer,1,SUCCESS,1,2.49,2.44,,5,249,0.826,248,
P16,100,0.05,103,minorminer,2,SUCCESS,1,2.59,2.58,,5,259,0.6263,248,
P16,100,0.05,103,minorminer,3,SUCCESS,1,2.52,2.48,,5,252,0.5764,248,
P16,100,0.05,103,minorminer,4,SUCCESS,1,2.59,2.51,,7,259,0.4856,248,
P16,100,0.05,103,mmfork-cuthill,0,SUCCESS,1,2.59,2.54,,5,259,0.76,248,
P16,100,0.05,103,mmfork-cuthill,1,SUCCESS,1,2.59,2.56,,6,259,0.4844,248,
P16,100,0.05,103,mmfork-cuthill,2,SUCCESS,1,2.42,2.4,,6,242,0.6804,248,
P16,100,0.05,102,attraction,0,SUCCESS,1,2.47,2.45,,6,247,3.4117,249,
P16,100,0.05,103,mmfork-cuthill,4,SUCCESS,1,2.46,2.46,,5,246,0.3479,248,
P16,100,0.05,102,attraction,2,SUCCESS,1,2.36,2.34,,5,236,3.4717,249,
P16,100,0.05,102,attraction,3,SUCCESS,1,2.23,2.22,,5,223,3.4837,249,
P16,100,0.05,103,mmfork-cuthill,3,SUCCESS,1,2.49,2.47,,6,249,1.0203,248,
P16,100,0.05,102,attraction,1,SUCCESS,1,2.3,2.25,,5,230,3.7214,249,
P16,100,0.05,103,template,-1,SUCCESS,1,6.62,6.62,9.82,10,662,0.0263,248,
P16,100,0.05,103,clmm,2,SUCCESS,1,2.73,2.72,,6,273,0.3289,248,
P16,100,0.05,103,clique,-1,SUCCESS,1,9.82,6.62,,10,982,0.0194,248,
P16,100,0.05,102,attraction,4,SUCCESS,1,2.43,2.37,,6,243,3.7374,249,
P16,100,0.05,103,clmm,3,SUCCESS,1,2.96,2.9,,6,296,0.4247,248,
P16,100,0.05,103,clmm,4,SUCCESS,1,2.75,2.73,,6,275,0.3643,248,
P16,100,0.05,103,clmm,1,SUCCESS,1,2.73,2.7,,6,273,0.4917,248,
P16,100,0.05,103,clmm,0,SUCCESS,1,2.53,2.49,,5,253,0.8823,248,
P16,100,0.05,103,pssa,0,SUCCESS,1,6.77,6.77,,10,677,0.4777,248,
P16,100,0.05,103,pssa,1,SUCCESS,1,6.77,6.77,,10,677,0.4774,248,
P16,100,0.05,103,pssa,2,SUCCESS,1,6.77,6.77,,10,677,0.4739,248,
P16,100,0.05,103,pssa,4,SUCCESS,1,6.77,6.77,,10,677,0.4716,248,
P16,100,0.05,103,pssa,3,SUCCESS,1,6.77,6.77,,10,677,0.4818,248,
P16,480,0.08,102,mmfork-cuthill,4,FAILURE,0,,,,,,65.7707,9063,status=FAILURE
P16,480,0.08,102,clmm,0,FAILURE,0,,,,,,65.6207,9063,clmm: MM stage returned empty
P16,100,0.05,103,attraction,0,SUCCESS,1,2.39,2.37,,5,239,3.5413,248,
P16,100,0.05,103,attraction,1,SUCCESS,1,2.32,2.32,,5,232,3.3695,248,
P16,100,0.05,103,attraction,2,SUCCESS,1,2.33,2.33,,5,233,3.2322,248,
P16,100,0.05,103,attraction,4,SUCCESS,1,2.43,2.43,,6,243,3.5921,248,
P16,100,0.05,103,attraction,3,SUCCESS,1,2.52,2.51,,6,252,3.7421,248,
P16,480,0.08,102,clmm,1,FAILURE,0,,,,,,65.5203,9063,clmm: MM stage returned empty
P16,160,0.05,101,minorminer,2,SUCCESS,1,6.6375,6.4375,,16,1062,6.3787,637,
P16,160,0.05,101,minorminer,0,SUCCESS,1,6.3375,6.1688,,15,1014,7.5574,637,
P16,160,0.05,101,mmfork-cuthill,1,SUCCESS,1,6.575,6.4062,,15,1052,5.0444,637,
P16,160,0.05,101,minorminer,1,SUCCESS,1,6.1437,6.0125,,12,983,10.2073,637,
P16,160,0.05,101,minorminer,4,SUCCESS,1,6.4688,6.25,,15,1035,7.1278,637,
P16,160,0.05,101,mmfork-cuthill,0,SUCCESS,1,6.7562,6.5812,,16,1081,7.7628,637,
P16,160,0.05,101,template,-1,SUCCESS,1,11.6438,11.6438,14.825,15,1863,0.1293,637,
P16,160,0.05,101,clique,-1,SUCCESS,1,14.825,11.6438,,15,2372,0.0201,637,
P16,480,0.08,102,clmm,2,FAILURE,0,,,,,,67.8406,9063,clmm: MM stage returned empty
P16,160,0.05,101,clmm,1,SUCCESS,1,7.9688,7.75,,15,1275,4.1545,637,
P16,480,0.08,102,clmm,4,FAILURE,0,,,,,,66.8791,9063,clmm: MM stage returned empty
P16,160,0.05,101,mmfork-cuthill,3,SUCCESS,1,6.9875,6.775,,16,1118,8.3608,637,
P16,160,0.05,101,pssa,0,SUCCESS,1,11.8688,11.8688,,15,1899,0.8587,637,
P16,160,0.05,101,pssa,1,SUCCESS,1,11.8688,11.8688,,15,1899,0.8728,637,
P16,480,0.08,102,clmm,3,FAILURE,0,,,,,,67.4913,9063,clmm: MM stage returned empty
P16,160,0.05,101,pssa,2,SUCCESS,1,11.8688,11.8688,,15,1899,0.881,637,
P16,160,0.05,101,clmm,2,SUCCESS,1,7.3312,7.1875,,15,1173,4.4818,637,
P16,160,0.05,101,pssa,3,SUCCESS,1,11.8688,11.8688,,15,1899,0.895,637,
P16,160,0.05,101,pssa,4,SUCCESS,1,11.8688,11.8688,,15,1899,0.9082,637,
P16,160,0.05,101,clmm,0,SUCCESS,1,7.2313,6.9813,,15,1157,5.6966,637,
P16,160,0.05,101,minorminer,3,SUCCESS,1,6.2125,6.0438,,14,994,12.2761,637,
P16,480,0.08,102,pssa,0,FAILURE,0,,,,,,65.8654,9063,status=FAILURE
P16,160,0.05,101,clmm,3,SUCCESS,1,7.5187,7.2562,,15,1203,5.1885,637,
P16,160,0.05,101,mmfork-cuthill,2,SUCCESS,1,6.0187,5.8563,,12,963,13.0686,637,
P16,160,0.05,101,clmm,4,SUCCESS,1,7.6937,7.475,,15,1231,6.8961,637,
P16,160,0.05,102,minorminer,1,SUCCESS,1,6.4437,6.1688,,15,1031,5.2097,612,
P16,480,0.08,102,pssa,1,FAILURE,0,,,,,,67.9826,9063,status=FAILURE
P16,160,0.05,102,minorminer,0,SUCCESS,1,6.8375,6.6,,17,1094,5.9882,612,
P16,160,0.05,102,minorminer,2,SUCCESS,1,5.8688,5.7625,,12,939,7.2155,612,
P16,160,0.05,101,mmfork-cuthill,4,SUCCESS,1,6.2313,6.0938,,13,997,13.9035,637,
P16,160,0.05,102,minorminer,4,SUCCESS,1,6.4188,6.1875,,16,1027,6.807,612,
P16,160,0.05,102,mmfork-cuthill,1,SUCCESS,1,6.4938,6.2313,,14,1039,5.8763,612,
P16,160,0.05,102,minorminer,3,SUCCESS,1,6.1063,5.9062,,14,977,9.3265,612,
P16,160,0.05,102,template,-1,SUCCESS,1,11.5125,11.5125,14.825,15,1842,0.1257,612,
P16,160,0.05,102,clique,-1,SUCCESS,1,14.825,11.5125,,15,2372,0.0213,612,
P16,160,0.05,101,attraction,0,SUCCESS,1,6.2938,6.0312,,14,1007,11.984,637,
P16,160,0.05,102,mmfork-cuthill,3,SUCCESS,1,6.5687,6.3312,,14,1051,5.9044,612,
P16,160,0.05,102,clmm,0,SUCCESS,1,7.2438,7.0875,,15,1159,5.423,612,
P16,160,0.05,101,attraction,1,SUCCESS,1,6.1312,5.9125,,14,981,12.0952,637,
P16,160,0.05,101,attraction,3,SUCCESS,1,6.5625,6.2562,,16,1050,11.8529,637,
P16,160,0.05,102,pssa,0,SUCCESS,1,11.775,11.775,,16,1884,0.8955,612,
P16,160,0.05,102,clmm,2,SUCCESS,1,7.5312,7.3187,,15,1205,3.8524,612,
P16,160,0.05,102,pssa,1,SUCCESS,1,11.775,11.775,,16,1884,0.9137,612,
P16,160,0.05,102,pssa,2,SUCCESS,1,11.775,11.775,,16,1884,0.9268,612,
P16,160,0.05,102,clmm,3,SUCCESS,1,7.2812,7.1188,,15,1165,4.297,612,
P16,160,0.05,102,pssa,3,SUCCESS,1,11.775,11.775,,16,1884,0.914,612,
P16,160,0.05,102,clmm,1,SUCCESS,1,7.2687,7.0125,,15,1163,4.9976,612,
P16,160,0.05,102,pssa,4,SUCCESS,1,11.775,11.775,,16,1884,0.9153,612,
P16,160,0.05,102,mmfork-cuthill,4,SUCCESS,1,6.5062,6.2812,,16,1041,6.8006,612,
P16,160,0.05,101,attraction,2,SUCCESS,1,6.5563,6.3063,,16,1049,13.1183,637,
P16,160,0.05,101,attraction,4,SUCCESS,1,6.4375,6.2625,,14,1030,12.9084,637,
P16,160,0.05,102,mmfork-cuthill,0,SUCCESS,1,6.4188,6.2062,,14,1027,10.6306,612,
P16,160,0.05,102,mmfork-cuthill,2,SUCCESS,1,6.0938,5.95,,14,975,9.8826,612,
P16,480,0.08,103,minorminer,0,FAILURE,0,,,,,,60.5493,9166,status=FAILURE
P16,160,0.05,102,clmm,4,SUCCESS,1,7.075,6.9,,15,1132,5.7899,612,
P16,480,0.08,102,pssa,2,FAILURE,0,,,,,,68.0009,9063,status=FAILURE
P16,160,0.05,103,mmfork-cuthill,2,SUCCESS,1,6.9062,6.6,,16,1105,3.7408,633,
P16,160,0.05,103,minorminer,0,SUCCESS,1,6.65,6.4938,,15,1064,4.8612,633,
P16,480,0.08,102,pssa,4,FAILURE,0,,,,,,65.9033,9063,status=FAILURE
P16,160,0.05,103,minorminer,2,SUCCESS,1,6.9375,6.65,,16,1110,5.0795,633,
P16,160,0.05,103,template,-1,SUCCESS,1,11.1875,11.1875,14.825,15,1790,0.1583,633,
P16,160,0.05,103,minorminer,1,SUCCESS,1,6.5062,6.25,,14,1041,5.4324,633,
P16,160,0.05,103,clique,-1,SUCCESS,1,14.825,11.1875,,15,2372,0.0226,633,
P16,480,0.08,102,pssa,3,FAILURE,0,,,,,,68.3217,9063,status=FAILURE
P16,480,0.08,103,minorminer,3,FAILURE,0,,,,,,62.3012,9166,status=FAILURE
P16,160,0.05,103,pssa,0,SUCCESS,1,11.3438,11.3438,,15,1815,0.7938,633,
P16,160,0.05,103,pssa,1,SUCCESS,1,11.3438,11.3438,,15,1815,0.7918,633,
P16,160,0.05,103,pssa,2,SUCCESS,1,11.3438,11.3438,,15,1815,0.7911,633,
P16,160,0.05,103,minorminer,3,SUCCESS,1,6.3812,6.1625,,14,1021,6.3377,633,
P16,160,0.05,103,pssa,3,SUCCESS,1,11.3438,11.3438,,15,1815,0.7894,633,
P16,160,0.05,103,pssa,4,SUCCESS,1,11.3438,11.3438,,15,1815,0.7955,633,
P16,480,0.08,102,attraction,0,FAILURE,0,,,,,,68.4283,9063,status=FAILURE
P16,160,0.05,103,clmm,1,SUCCESS,1,7.7062,7.5625,,15,1233,4.3763,633,
P16,160,0.05,103,minorminer,4,SUCCESS,1,6.0438,5.85,,13,967,7.9485,633,
P16,480,0.08,103,minorminer,1,FAILURE,0,,,,,,66.3686,9166,status=FAILURE
P16,160,0.05,103,mmfork-cuthill,0,SUCCESS,1,6.4313,6.2812,,13,1029,8.2939,633,
P16,160,0.05,103,clmm,0,SUCCESS,1,8.0312,7.85,,15,1285,6.0464,633,
P16,160,0.05,103,mmfork-cuthill,4,SUCCESS,1,6.9813,6.7938,,16,1117,7.6641,633,
P16,160,0.05,103,clmm,2,SUCCESS,1,7.2812,7.0375,,15,1165,5.3455,633,
P16,160,0.05,102,attraction,4,SUCCESS,1,6.9625,6.65,,16,1114,10.1804,612,
P16,160,0.05,103,mmfork-cuthill,1,SUCCESS,1,6.4313,6.2687,,15,1029,9.6694,633,
P16,480,0.08,103,minorminer,2,FAILURE,0,,,,,,67.9604,9166,status=FAILURE
P16,160,0.05,103,clmm,3,SUCCESS,1,7.5,7.275,,15,1200,5.6107,633,
P16,160,0.05,102,attraction,0,SUCCESS,1,6.25,6.0687,,15,1000,11.2887,612,
P16,160,0.05,103,mmfork-cuthill,3,SUCCESS,1,6.4688,6.2375,,15,1035,8.965,633,
P16,160,0.05,103,clmm,4,SUCCESS,1,6.9688,6.7687,,15,1115,5.9549,633,
P16,480,0.08,103,mmfork-cuthill,0,FAILURE,0,,,,,,66.1318,9166,status=FAILURE
P16,240,0.05,101,template,-1,INFEASIBLE,0,,,,,,0.0,1426,n=240 > max clique 180
P16,240,0.05,101,clique,-1,FAILURE,0,,,,,,0.0196,1426,status=FAILURE
P16,480,0.08,103,mmfork-cuthill,1,FAILURE,0,,,,,,65.6658,9166,status=FAILURE
P16,480,0.08,103,minorminer,4,FAILURE,0,,,,,,66.529,9166,status=FAILURE
P16,160,0.05,102,attraction,2,SUCCESS,1,6.075,5.8563,,14,972,12.0079,612,
P16,480,0.08,102,attraction,1,FAILURE,0,,,,,,72.0132,9063,status=FAILURE
P16,480,0.08,102,attraction,2,FAILURE,0,,,,,,72.0399,9063,status=FAILURE
P16,480,0.08,102,attraction,3,FAILURE,0,,,,,,72.0319,9063,status=FAILURE
P16,480,0.08,103,mmfork-cuthill,2,FAILURE,0,,,,,,67.0234,9166,status=FAILURE
P16,480,0.08,102,attraction,4,FAILURE,0,,,,,,71.467,9063,status=FAILURE
P16,160,0.05,102,attraction,3,SUCCESS,1,5.9375,5.775,,13,950,13.7709,612,
P16,480,0.08,103,mmfork-cuthill,3,FAILURE,0,,,,,,68.1329,9166,status=FAILURE
P16,160,0.05,102,attraction,1,SUCCESS,1,6.0,5.7938,,14,960,14.772,612,
P16,480,0.08,103,clmm,0,FAILURE,0,,,,,,67.8561,9166,clmm: MM stage returned empty
P16,480,0.08,103,mmfork-cuthill,4,FAILURE,0,,,,,,68.3291,9166,status=FAILURE
P16,480,0.08,103,clmm,2,FAILURE,0,,,,,,66.4417,9166,clmm: MM stage returned empty
P16,480,0.08,103,clmm,1,FAILURE,0,,,,,,67.975,9166,clmm: MM stage returned empty
P16,160,0.05,103,attraction,3,SUCCESS,1,6.2125,5.9875,,13,994,12.4864,633,
P16,160,0.05,103,attraction,1,SUCCESS,1,6.0625,5.9188,,12,970,12.9256,633,
P16,480,0.08,103,clmm,4,FAILURE,0,,,,,,67.3881,9166,clmm: MM stage returned empty
P16,160,0.05,103,attraction,2,SUCCESS,1,5.9625,5.8063,,13,954,13.4849,633,
P16,480,0.08,103,clmm,3,FAILURE,0,,,,,,68.052,9166,clmm: MM stage returned empty
P16,160,0.05,103,attraction,4,SUCCESS,1,6.0625,5.8625,,14,970,13.9508,633,
P16,160,0.05,103,attraction,0,SUCCESS,1,6.0312,5.8187,,13,965,14.9726,633,
P16,240,0.05,101,mmfork-cuthill,3,SUCCESS,1,16.8167,15.9208,,38,4036,11.5163,1426,
P16,480,0.08,103,pssa,0,FAILURE,0,,,,,,69.1144,9166,status=FAILURE
P16,480,0.08,103,pssa,2,FAILURE,0,,,,,,67.817,9166,status=FAILURE
P16,240,0.05,102,template,-1,INFEASIBLE,0,,,,,,0.0,1392,n=240 > max clique 180
P16,240,0.05,102,clique,-1,FAILURE,0,,,,,,0.0218,1392,status=FAILURE
P16,480,0.08,103,pssa,1,FAILURE,0,,,,,,68.7701,9166,status=FAILURE
P16,480,0.08,103,pssa,4,FAILURE,0,,,,,,65.8344,9166,status=FAILURE
P16,240,0.05,101,clmm,2,SUCCESS,1,16.925,16.3125,,36,4062,14.1658,1426,
P16,480,0.08,103,pssa,3,FAILURE,0,,,,,,68.4465,9166,status=FAILURE
P16,240,0.05,102,minorminer,2,SUCCESS,1,16.0875,15.2708,,36,3861,11.5952,1392,
P16,480,0.08,103,attraction,0,FAILURE,0,,,,,,68.9278,9166,status=FAILURE
P16,480,0.08,103,attraction,2,FAILURE,0,,,,,,68.3292,9166,status=FAILURE
P16,240,0.05,101,mmfork-cuthill,4,SUCCESS,1,15.7542,15.0583,,33,3781,18.1932,1426,
P16,240,0.05,101,clmm,4,SUCCESS,1,16.7417,15.9833,,37,4018,17.2599,1426,
P16,240,0.05,101,mmfork-cuthill,1,SUCCESS,1,15.5875,14.8542,,36,3741,19.1819,1426,
P16,240,0.05,102,minorminer,3,SUCCESS,1,16.6083,15.5542,,35,3986,14.1634,1392,
P16,240,0.05,102,minorminer,0,SUCCESS,1,16.0417,15.1,,35,3850,15.1411,1392,
P16,240,0.05,101,minorminer,0,SUCCESS,1,15.3958,14.6542,,31,3695,21.8907,1426,
P16,240,0.05,101,clmm,1,SUCCESS,1,16.7167,15.8875,,35,4012,18.969,1426,
P16,240,0.05,101,minorminer,2,SUCCESS,1,14.9792,14.3208,,35,3595,22.0968,1426,
P16,240,0.05,101,mmfork-cuthill,0,SUCCESS,1,15.775,15.0167,,35,3786,21.4093,1426,
P16,480,0.08,103,attraction,1,FAILURE,0,,,,,,71.6175,9166,status=FAILURE
P16,240,0.05,101,clmm,0,SUCCESS,1,16.7708,15.9167,,33,4025,20.9795,1426,
P16,480,0.08,103,attraction,4,FAILURE,0,,,,,,71.5567,9166,status=FAILURE
P16,480,0.08,103,attraction,3,FAILURE,0,,,,,,72.1625,9166,status=FAILURE
P16,240,0.05,101,clmm,3,SUCCESS,1,15.9,15.2375,,34,3816,22.3672,1426,
P16,240,0.05,102,mmfork-cuthill,3,SUCCESS,1,17.7583,16.5625,,36,4262,13.2259,1392,
P16,240,0.05,101,mmfork-cuthill,2,SUCCESS,1,15.3375,14.4667,,32,3681,23.6665,1426,
P16,240,0.05,101,minorminer,1,SUCCESS,1,14.8625,14.1333,,32,3567,26.3036,1426,
P16,240,0.05,101,minorminer,4,SUCCESS,1,14.9417,14.1417,,32,3586,25.5724,1426,
P16,240,0.05,103,template,-1,INFEASIBLE,0,,,,,,0.0,1424,n=240 > max clique 180
P16,240,0.05,103,clique,-1,FAILURE,0,,,,,,0.0232,1424,status=FAILURE
P16,240,0.05,102,minorminer,1,SUCCESS,1,14.825,14.1875,,31,3558,20.3887,1392,
P16,240,0.05,102,mmfork-cuthill,1,SUCCESS,1,15.525,14.7708,,34,3726,17.1033,1392,
P16,240,0.05,102,clmm,0,SUCCESS,1,16.8,16.1167,,37,4032,16.8788,1392,
P16,240,0.05,101,minorminer,3,SUCCESS,1,14.8792,14.2208,,31,3571,29.4459,1426,
P16,240,0.05,102,mmfork-cuthill,2,SUCCESS,1,15.7667,15.0625,,35,3784,19.1458,1392,
P16,240,0.05,102,clmm,1,SUCCESS,1,16.025,15.3375,,35,3846,18.5607,1392,
P16,240,0.05,102,minorminer,4,SUCCESS,1,14.7833,14.0958,,33,3548,21.8963,1392,
P16,240,0.05,102,clmm,4,SUCCESS,1,15.875,15.15,,35,3810,20.3752,1392,
P16,240,0.05,103,minorminer,3,SUCCESS,1,16.0208,15.1083,,34,3845,12.8208,1424,
P16,240,0.05,102,clmm,2,SUCCESS,1,15.6833,14.8917,,35,3764,21.1627,1392,
P16,240,0.05,102,mmfork-cuthill,4,SUCCESS,1,15.45,14.7,,35,3708,22.7518,1392,
P16,240,0.05,103,minorminer,4,SUCCESS,1,15.8958,15.0458,,33,3815,13.7239,1424,
P16,240,0.05,103,mmfork-cuthill,0,SUCCESS,1,17.1792,16.4208,,40,4123,13.8102,1424,
P16,240,0.05,103,minorminer,1,SUCCESS,1,16.1292,15.1917,,37,3871,15.1628,1424,
P16,240,0.05,102,mmfork-cuthill,0,SUCCESS,1,14.6958,14.0458,,31,3527,26.6641,1392,
P16,240,0.05,102,clmm,3,SUCCESS,1,15.7208,14.9542,,32,3773,23.1948,1392,
P16,240,0.05,101,attraction,4,SUCCESS,1,16.4333,15.6458,,33,3944,31.7359,1426,
P16,240,0.05,101,attraction,1,SUCCESS,1,16.4667,15.3625,,36,3952,33.5887,1426,
P16,240,0.05,101,attraction,2,SUCCESS,1,16.0125,15.0417,,37,3843,34.7542,1426,
P16,240,0.05,103,minorminer,2,SUCCESS,1,15.2667,14.5792,,32,3664,18.261,1424,
P16,240,0.05,101,attraction,0,SUCCESS,1,15.5625,14.7625,,33,3735,36.5069,1426,
P16,240,0.05,103,mmfork-cuthill,2,SUCCESS,1,15.4167,14.7,,34,3700,18.2083,1424,
P16,240,0.05,103,clmm,2,SUCCESS,1,16.7083,15.9292,,35,4010,16.2786,1424,
P16,240,0.05,103,mmfork-cuthill,3,SUCCESS,1,15.3542,14.5458,,33,3685,19.4854,1424,
P16,240,0.05,103,minorminer,0,SUCCESS,1,15.3458,14.5583,,33,3683,22.1244,1424,
P16,340,0.05,101,template,-1,INFEASIBLE,0,,,,,,0.0,2856,n=340 > max clique 180
P16,340,0.05,101,clique,-1,FAILURE,0,,,,,,0.0199,2856,status=FAILURE
P16,240,0.05,103,clmm,4,SUCCESS,1,16.6125,15.7583,,36,3987,18.2948,1424,
P16,240,0.05,101,attraction,3,SUCCESS,1,15.0083,14.3458,,33,3602,40.3765,1426,
P16,240,0.05,103,mmfork-cuthill,1,SUCCESS,1,15.2708,14.5333,,34,3665,23.1436,1424,
P16,240,0.05,103,clmm,0,SUCCESS,1,15.5333,14.8,,34,3728,23.0141,1424,
P16,240,0.05,103,mmfork-cuthill,4,SUCCESS,1,15.3083,14.5708,,33,3674,25.351,1424,
P16,240,0.05,103,clmm,1,SUCCESS,1,15.7292,15.0083,,32,3775,24.1095,1424,
P16,240,0.05,103,clmm,3,SUCCESS,1,15.325,14.6583,,35,3678,23.9888,1424,
P16,240,0.05,102,attraction,4,SUCCESS,1,16.1333,15.25,,35,3872,32.7335,1392,
P16,240,0.05,102,attraction,3,SUCCESS,1,15.2708,14.5208,,34,3665,38.3084,1392,
P16,240,0.05,102,attraction,1,SUCCESS,1,14.1667,13.5042,,31,3400,43.6932,1392,
P16,240,0.05,103,attraction,2,SUCCESS,1,16.7042,15.6875,,39,4009,32.0711,1424,
P16,240,0.05,103,attraction,0,SUCCESS,1,15.0958,14.35,,33,3623,33.6576,1424,
P16,240,0.05,102,attraction,0,SUCCESS,1,14.1333,13.3708,,32,3392,47.7412,1392,
P16,240,0.05,101,pssa,2,FAILURE,0,,,,,,63.3354,1426,status=FAILURE
P16,240,0.05,101,pssa,3,FAILURE,0,,,,,,63.4758,1426,status=FAILURE
P16,240,0.05,101,pssa,0,FAILURE,0,,,,,,63.8808,1426,status=FAILURE
P16,240,0.05,102,attraction,2,SUCCESS,1,14.1875,13.4417,,31,3405,47.0011,1392,
P16,240,0.05,101,pssa,1,FAILURE,0,,,,,,64.552,1426,status=FAILURE
P16,240,0.05,101,pssa,4,FAILURE,0,,,,,,63.9918,1426,status=FAILURE
P16,240,0.05,103,attraction,4,SUCCESS,1,15.9,14.95,,38,3816,33.3491,1424,
P16,240,0.05,103,attraction,3,SUCCESS,1,15.3458,14.3333,,36,3683,36.5567,1424,
P16,240,0.05,102,pssa,0,FAILURE,0,,,,,,63.6148,1392,status=FAILURE
P16,240,0.05,102,pssa,2,FAILURE,0,,,,,,63.9715,1392,status=FAILURE
P16,240,0.05,102,pssa,4,FAILURE,0,,,,,,62.9498,1392,status=FAILURE
P16,240,0.05,102,pssa,1,FAILURE,0,,,,,,65.2375,1392,status=FAILURE
P16,340,0.05,102,template,-1,INFEASIBLE,0,,,,,,0.0,2883,n=340 > max clique 180
P16,340,0.05,102,clique,-1,FAILURE,0,,,,,,0.0214,2883,status=FAILURE
P16,240,0.05,102,pssa,3,FAILURE,0,,,,,,64.5876,1392,status=FAILURE
P16,240,0.05,103,attraction,1,SUCCESS,1,14.2625,13.6333,,33,3423,50.1845,1424,
P16,240,0.05,103,pssa,1,FAILURE,0,,,,,,63.2051,1424,status=FAILURE
P16,240,0.05,103,pssa,4,FAILURE,0,,,,,,63.4149,1424,status=FAILURE
P16,240,0.05,103,pssa,2,FAILURE,0,,,,,,64.8186,1424,status=FAILURE
P16,240,0.05,103,pssa,3,FAILURE,0,,,,,,64.5815,1424,status=FAILURE
P16,240,0.05,103,pssa,0,FAILURE,0,,,,,,69.0932,1424,status=FAILURE
P16,340,0.05,101,minorminer,0,FAILURE,0,,,,,,61.5259,2856,status=FAILURE
P16,340,0.05,101,minorminer,2,FAILURE,0,,,,,,61.0594,2856,status=FAILURE
P16,340,0.05,101,minorminer,1,FAILURE,0,,,,,,61.9638,2856,status=FAILURE
P16,340,0.05,101,minorminer,4,FAILURE,0,,,,,,61.3776,2856,status=FAILURE
P16,340,0.05,101,minorminer,3,FAILURE,0,,,,,,62.0783,2856,status=FAILURE
P16,340,0.05,101,mmfork-cuthill,0,FAILURE,0,,,,,,62.3543,2856,status=FAILURE
P16,340,0.05,101,mmfork-cuthill,1,FAILURE,0,,,,,,62.383,2856,status=FAILURE
P16,340,0.05,101,mmfork-cuthill,3,FAILURE,0,,,,,,61.7183,2856,status=FAILURE
P16,340,0.05,101,mmfork-cuthill,2,FAILURE,0,,,,,,62.6369,2856,status=FAILURE
P16,340,0.05,101,clmm,0,FAILURE,0,,,,,,61.6307,2856,clmm: MM stage returned empty
P16,340,0.05,101,mmfork-cuthill,4,FAILURE,0,,,,,,62.2673,2856,status=FAILURE
P16,340,0.05,101,clmm,1,FAILURE,0,,,,,,62.7592,2856,clmm: MM stage returned empty
P16,340,0.05,101,clmm,2,FAILURE,0,,,,,,62.6389,2856,clmm: MM stage returned empty
P16,340,0.05,101,clmm,3,FAILURE,0,,,,,,62.4679,2856,clmm: MM stage returned empty
P16,340,0.05,101,clmm,4,FAILURE,0,,,,,,61.9206,2856,clmm: MM stage returned empty
P16,340,0.05,101,pssa,0,FAILURE,0,,,,,,66.9287,2856,status=FAILURE
P16,340,0.05,101,attraction,1,FAILURE,0,,,,,,61.1928,2856,status=FAILURE
P16,340,0.05,101,pssa,2,FAILURE,0,,,,,,67.2231,2856,status=FAILURE
P16,340,0.05,103,template,-1,INFEASIBLE,0,,,,,,0.0,2897,n=340 > max clique 180
P16,340,0.05,103,clique,-1,FAILURE,0,,,,,,0.0201,2897,status=FAILURE
P16,340,0.05,101,pssa,1,FAILURE,0,,,,,,67.7652,2856,status=FAILURE
P16,340,0.05,101,attraction,2,FAILURE,0,,,,,,63.0207,2856,status=FAILURE
P16,340,0.05,101,attraction,0,FAILURE,0,,,,,,63.477,2856,status=FAILURE
P16,340,0.05,101,pssa,3,FAILURE,0,,,,,,67.9322,2856,status=FAILURE
P16,340,0.05,101,pssa,4,FAILURE,0,,,,,,68.7689,2856,status=FAILURE
P16,340,0.05,101,attraction,3,FAILURE,0,,,,,,63.6804,2856,status=FAILURE
P16,340,0.05,101,attraction,4,FAILURE,0,,,,,,63.7282,2856,status=FAILURE
P16,340,0.05,102,minorminer,1,FAILURE,0,,,,,,61.4209,2883,status=FAILURE
P16,340,0.05,102,minorminer,2,FAILURE,0,,,,,,61.4033,2883,status=FAILURE
P16,340,0.05,102,minorminer,0,FAILURE,0,,,,,,62.6121,2883,status=FAILURE
P16,340,0.05,102,minorminer,4,FAILURE,0,,,,,,61.8084,2883,status=FAILURE
P16,340,0.05,102,mmfork-cuthill,0,FAILURE,0,,,,,,61.5304,2883,status=FAILURE
P16,340,0.05,102,mmfork-cuthill,1,FAILURE,0,,,,,,61.676,2883,status=FAILURE
P16,340,0.05,102,minorminer,3,FAILURE,0,,,,,,62.819,2883,status=FAILURE
P16,340,0.05,102,mmfork-cuthill,3,FAILURE,0,,,,,,62.1044,2883,status=FAILURE
P16,340,0.05,102,mmfork-cuthill,2,FAILURE,0,,,,,,62.2898,2883,status=FAILURE
P16,340,0.05,102,mmfork-cuthill,4,FAILURE,0,,,,,,62.2359,2883,status=FAILURE
P16,340,0.05,102,clmm,0,FAILURE,0,,,,,,62.4844,2883,clmm: MM stage returned empty
P16,340,0.05,102,clmm,1,FAILURE,0,,,,,,62.5244,2883,clmm: MM stage returned empty
P16,340,0.05,102,clmm,2,FAILURE,0,,,,,,61.8541,2883,clmm: MM stage returned empty
P16,340,0.05,102,clmm,3,FAILURE,0,,,,,,60.6321,2883,clmm: MM stage returned empty
P16,340,0.05,102,clmm,4,FAILURE,0,,,,,,62.3309,2883,clmm: MM stage returned empty
P16,340,0.05,102,pssa,0,FAILURE,0,,,,,,66.3945,2883,status=FAILURE
P16,340,0.05,102,pssa,2,FAILURE,0,,,,,,67.2924,2883,status=FAILURE
P16,340,0.05,102,pssa,1,FAILURE,0,,,,,,68.9175,2883,status=FAILURE
P16,460,0.05,101,template,-1,INFEASIBLE,0,,,,,,0.0,5280,n=460 > max clique 180
P16,460,0.05,101,clique,-1,FAILURE,0,,,,,,0.0243,5280,status=FAILURE
P16,340,0.05,102,attraction,0,FAILURE,0,,,,,,63.2671,2883,status=FAILURE
P16,340,0.05,102,pssa,3,FAILURE,0,,,,,,67.0182,2883,status=FAILURE
P16,340,0.05,102,attraction,1,FAILURE,0,,,,,,63.3993,2883,status=FAILURE
P16,340,0.05,102,attraction,2,FAILURE,0,,,,,,62.9365,2883,status=FAILURE
P16,340,0.05,103,minorminer,0,FAILURE,0,,,,,,62.2422,2897,status=FAILURE
P16,340,0.05,102,pssa,4,FAILURE,0,,,,,,66.1015,2883,status=FAILURE
P16,340,0.05,102,attraction,3,FAILURE,0,,,,,,63.6132,2883,status=FAILURE
P16,340,0.05,103,minorminer,1,FAILURE,0,,,,,,62.1689,2897,status=FAILURE
P16,340,0.05,102,attraction,4,FAILURE,0,,,,,,63.4894,2883,status=FAILURE
P16,340,0.05,103,minorminer,2,FAILURE,0,,,,,,61.7308,2897,status=FAILURE
P16,340,0.05,103,minorminer,3,FAILURE,0,,,,,,61.8338,2897,status=FAILURE
P16,340,0.05,103,mmfork-cuthill,0,FAILURE,0,,,,,,61.5264,2897,status=FAILURE
P16,340,0.05,103,minorminer,4,FAILURE,0,,,,,,61.9022,2897,status=FAILURE
P16,340,0.05,103,mmfork-cuthill,1,FAILURE,0,,,,,,61.8599,2897,status=FAILURE
P16,340,0.05,103,mmfork-cuthill,2,FAILURE,0,,,,,,62.3765,2897,status=FAILURE
P16,340,0.05,103,mmfork-cuthill,3,FAILURE,0,,,,,,62.4772,2897,status=FAILURE
P16,340,0.05,103,mmfork-cuthill,4,FAILURE,0,,,,,,61.44,2897,status=FAILURE
P16,340,0.05,103,clmm,1,FAILURE,0,,,,,,62.3675,2897,clmm: MM stage returned empty
P16,340,0.05,103,clmm,0,FAILURE,0,,,,,,62.9147,2897,clmm: MM stage returned empty
P16,340,0.05,103,clmm,2,FAILURE,0,,,,,,62.5392,2897,clmm: MM stage returned empty
P16,340,0.05,103,clmm,3,FAILURE,0,,,,,,60.7594,2897,clmm: MM stage returned empty
P16,340,0.05,103,clmm,4,FAILURE,0,,,,,,61.5835,2897,clmm: MM stage returned empty
P16,340,0.05,103,pssa,3,FAILURE,0,,,,,,64.1741,2897,status=FAILURE
P16,340,0.05,103,attraction,0,FAILURE,0,,,,,,60.9748,2897,status=FAILURE
P16,340,0.05,103,pssa,0,FAILURE,0,,,,,,66.078,2897,status=FAILURE
P16,460,0.05,102,template,-1,INFEASIBLE,0,,,,,,0.0,5201,n=460 > max clique 180
P16,460,0.05,102,clique,-1,FAILURE,0,,,,,,0.0201,5201,status=FAILURE
P16,340,0.05,103,pssa,1,FAILURE,0,,,,,,66.2442,2897,status=FAILURE
P16,340,0.05,103,pssa,2,FAILURE,0,,,,,,66.4653,2897,status=FAILURE
P16,340,0.05,103,attraction,1,FAILURE,0,,,,,,63.3796,2897,status=FAILURE
P16,340,0.05,103,pssa,4,FAILURE,0,,,,,,67.0213,2897,status=FAILURE
P16,340,0.05,103,attraction,2,FAILURE,0,,,,,,61.6125,2897,status=FAILURE
P16,340,0.05,103,attraction,3,FAILURE,0,,,,,,62.7494,2897,status=FAILURE
P16,340,0.05,103,attraction,4,FAILURE,0,,,,,,62.8807,2897,status=FAILURE
P16,460,0.05,101,minorminer,0,FAILURE,0,,,,,,64.1619,5280,status=FAILURE
P16,460,0.05,101,minorminer,2,FAILURE,0,,,,,,62.9032,5280,status=FAILURE
P16,460,0.05,101,minorminer,3,FAILURE,0,,,,,,63.2148,5280,status=FAILURE
P16,460,0.05,101,minorminer,4,FAILURE,0,,,,,,62.7123,5280,status=FAILURE
P16,460,0.05,101,minorminer,1,FAILURE,0,,,,,,63.7336,5280,status=FAILURE
P16,460,0.05,101,mmfork-cuthill,0,FAILURE,0,,,,,,63.8887,5280,status=FAILURE
P16,460,0.05,101,mmfork-cuthill,1,FAILURE,0,,,,,,64.4982,5280,status=FAILURE
P16,460,0.05,101,mmfork-cuthill,2,FAILURE,0,,,,,,64.6664,5280,status=FAILURE
P16,460,0.05,101,mmfork-cuthill,3,FAILURE,0,,,,,,64.0616,5280,status=FAILURE
P16,460,0.05,101,mmfork-cuthill,4,FAILURE,0,,,,,,62.8366,5280,status=FAILURE
P16,460,0.05,101,clmm,0,FAILURE,0,,,,,,64.2185,5280,clmm: MM stage returned empty
P16,460,0.05,101,clmm,1,FAILURE,0,,,,,,64.4582,5280,clmm: MM stage returned empty
P16,460,0.05,101,clmm,2,FAILURE,0,,,,,,63.9432,5280,clmm: MM stage returned empty
P16,460,0.05,101,clmm,3,FAILURE,0,,,,,,63.7319,5280,clmm: MM stage returned empty
P16,460,0.05,101,clmm,4,FAILURE,0,,,,,,64.3161,5280,clmm: MM stage returned empty
P16,460,0.05,101,pssa,0,FAILURE,0,,,,,,64.6657,5280,status=FAILURE
P16,460,0.05,101,pssa,4,FAILURE,0,,,,,,62.8794,5280,status=FAILURE
P16,460,0.05,101,pssa,3,FAILURE,0,,,,,,63.9858,5280,status=FAILURE
P16,460,0.05,103,template,-1,INFEASIBLE,0,,,,,,0.0,5234,n=460 > max clique 180
P16,460,0.05,103,clique,-1,FAILURE,0,,,,,,0.0233,5234,status=FAILURE
P16,460,0.05,101,pssa,1,FAILURE,0,,,,,,64.9998,5280,status=FAILURE
P16,460,0.05,101,pssa,2,FAILURE,0,,,,,,65.7787,5280,status=FAILURE
P16,460,0.05,102,minorminer,0,FAILURE,0,,,,,,62.8525,5201,status=FAILURE
P16,460,0.05,101,attraction,1,FAILURE,0,,,,,,64.717,5280,status=FAILURE
P16,460,0.05,102,minorminer,1,FAILURE,0,,,,,,63.4004,5201,status=FAILURE
P16,460,0.05,102,minorminer,3,FAILURE,0,,,,,,63.3931,5201,status=FAILURE
P16,460,0.05,101,attraction,3,FAILURE,0,,,,,,64.8965,5280,status=FAILURE
P16,460,0.05,101,attraction,0,FAILURE,0,,,,,,65.8759,5280,status=FAILURE
P16,460,0.05,101,attraction,4,FAILURE,0,,,,,,65.2437,5280,status=FAILURE
P16,460,0.05,102,minorminer,2,FAILURE,0,,,,,,64.5568,5201,status=FAILURE
P16,460,0.05,102,mmfork-cuthill,0,FAILURE,0,,,,,,62.527,5201,status=FAILURE
P16,460,0.05,101,attraction,2,FAILURE,0,,,,,,66.4776,5280,status=FAILURE
P16,460,0.05,102,mmfork-cuthill,1,FAILURE,0,,,,,,62.8502,5201,status=FAILURE
P16,460,0.05,102,minorminer,4,FAILURE,0,,,,,,65.9493,5201,status=FAILURE
P16,460,0.05,102,mmfork-cuthill,2,FAILURE,0,,,,,,62.9893,5201,status=FAILURE
P16,460,0.05,102,mmfork-cuthill,3,FAILURE,0,,,,,,63.3195,5201,status=FAILURE
P16,460,0.05,102,mmfork-cuthill,4,FAILURE,0,,,,,,64.602,5201,status=FAILURE
P16,460,0.05,102,clmm,0,FAILURE,0,,,,,,64.4252,5201,clmm: MM stage returned empty
P16,460,0.05,102,clmm,1,FAILURE,0,,,,,,64.7319,5201,clmm: MM stage returned empty
P16,460,0.05,102,clmm,2,FAILURE,0,,,,,,64.2768,5201,clmm: MM stage returned empty
P16,460,0.05,102,clmm,3,FAILURE,0,,,,,,63.0107,5201,clmm: MM stage returned empty
P16,460,0.05,102,clmm,4,FAILURE,0,,,,,,64.4569,5201,clmm: MM stage returned empty
P16,460,0.05,102,pssa,1,FAILURE,0,,,,,,65.9288,5201,status=FAILURE
P16,460,0.05,102,pssa,3,FAILURE,0,,,,,,64.9969,5201,status=FAILURE
P16,460,0.05,102,pssa,0,FAILURE,0,,,,,,66.7647,5201,status=FAILURE
P16,460,0.05,102,pssa,2,FAILURE,0,,,,,,66.0144,5201,status=FAILURE
P16,600,0.05,101,template,-1,INFEASIBLE,0,,,,,,0.0,9080,n=600 > max clique 180
P16,600,0.05,101,clique,-1,FAILURE,0,,,,,,0.0232,9080,status=FAILURE
P16,460,0.05,102,pssa,4,FAILURE,0,,,,,,66.1702,5201,status=FAILURE
P16,460,0.05,102,attraction,0,FAILURE,0,,,,,,66.4064,5201,status=FAILURE
P16,460,0.05,102,attraction,2,FAILURE,0,,,,,,64.7981,5201,status=FAILURE
P16,460,0.05,103,minorminer,2,FAILURE,0,,,,,,62.2194,5234,status=FAILURE
P16,460,0.05,103,minorminer,0,FAILURE,0,,,,,,62.4798,5234,status=FAILURE
P16,460,0.05,103,minorminer,1,FAILURE,0,,,,,,63.2257,5234,status=FAILURE
P16,460,0.05,102,attraction,1,FAILURE,0,,,,,,66.7969,5201,status=FAILURE
P16,460,0.05,103,minorminer,4,FAILURE,0,,,,,,61.4221,5234,status=FAILURE
P16,460,0.05,102,attraction,3,FAILURE,0,,,,,,65.4377,5201,status=FAILURE
P16,460,0.05,102,attraction,4,FAILURE,0,,,,,,65.6447,5201,status=FAILURE
P16,460,0.05,103,minorminer,3,FAILURE,0,,,,,,64.2787,5234,status=FAILURE
P16,460,0.05,103,mmfork-cuthill,0,FAILURE,0,,,,,,63.4662,5234,status=FAILURE
P16,460,0.05,103,mmfork-cuthill,1,FAILURE,0,,,,,,64.4857,5234,status=FAILURE
P16,460,0.05,103,mmfork-cuthill,2,FAILURE,0,,,,,,64.4462,5234,status=FAILURE
P16,460,0.05,103,mmfork-cuthill,4,FAILURE,0,,,,,,62.9051,5234,status=FAILURE
P16,460,0.05,103,mmfork-cuthill,3,FAILURE,0,,,,,,63.9357,5234,status=FAILURE
P16,460,0.05,103,clmm,0,FAILURE,0,,,,,,64.0293,5234,clmm: MM stage returned empty
P16,460,0.05,103,clmm,1,FAILURE,0,,,,,,63.5418,5234,clmm: MM stage returned empty
P16,460,0.05,103,clmm,2,FAILURE,0,,,,,,63.834,5234,clmm: MM stage returned empty
P16,460,0.05,103,clmm,3,FAILURE,0,,,,,,63.0985,5234,clmm: MM stage returned empty
P16,460,0.05,103,pssa,0,FAILURE,0,,,,,,62.5014,5234,status=FAILURE
P16,460,0.05,103,clmm,4,FAILURE,0,,,,,,64.0805,5234,clmm: MM stage returned empty
P16,460,0.05,103,pssa,1,FAILURE,0,,,,,,63.9319,5234,status=FAILURE
P16,460,0.05,103,pssa,2,FAILURE,0,,,,,,66.1926,5234,status=FAILURE
P16,600,0.05,102,template,-1,INFEASIBLE,0,,,,,,0.0,8855,n=600 > max clique 180
P16,600,0.05,102,clique,-1,FAILURE,0,,,,,,0.0202,8855,status=FAILURE
P16,460,0.05,103,pssa,3,FAILURE,0,,,,,,66.0803,5234,status=FAILURE
P16,460,0.05,103,attraction,3,FAILURE,0,,,,,,65.1837,5234,status=FAILURE
P16,460,0.05,103,attraction,2,FAILURE,0,,,,,,65.2191,5234,status=FAILURE
P16,460,0.05,103,pssa,4,FAILURE,0,,,,,,66.2424,5234,status=FAILURE
P16,460,0.05,103,attraction,0,FAILURE,0,,,,,,66.2434,5234,status=FAILURE
P16,460,0.05,103,attraction,4,FAILURE,0,,,,,,65.9677,5234,status=FAILURE
P16,460,0.05,103,attraction,1,FAILURE,0,,,,,,66.6534,5234,status=FAILURE
P16,600,0.05,101,minorminer,1,FAILURE,0,,,,,,65.9705,9080,status=FAILURE
P16,600,0.05,101,minorminer,4,FAILURE,0,,,,,,65.304,9080,status=FAILURE
P16,600,0.05,101,minorminer,3,FAILURE,0,,,,,,67.0867,9080,status=FAILURE
P16,600,0.05,101,minorminer,0,FAILURE,0,,,,,,69.0218,9080,status=FAILURE
P16,600,0.05,101,minorminer,2,FAILURE,0,,,,,,69.935,9080,status=FAILURE
P16,600,0.05,101,mmfork-cuthill,0,FAILURE,0,,,,,,69.1185,9080,status=FAILURE
P16,600,0.05,101,mmfork-cuthill,1,FAILURE,0,,,,,,68.2607,9080,status=FAILURE
P16,600,0.05,101,mmfork-cuthill,3,FAILURE,0,,,,,,67.5598,9080,status=FAILURE
P16,600,0.05,101,mmfork-cuthill,2,FAILURE,0,,,,,,69.6667,9080,status=FAILURE
P16,600,0.05,101,clmm,0,FAILURE,0,,,,,,66.2523,9080,clmm: MM stage returned empty
P16,600,0.05,101,mmfork-cuthill,4,FAILURE,0,,,,,,70.0329,9080,status=FAILURE
P16,600,0.05,101,pssa,0,FAILURE,0,,,,,,62.8624,9080,status=FAILURE
P16,600,0.05,101,clmm,2,FAILURE,0,,,,,,67.8692,9080,clmm: MM stage returned empty
P16,600,0.05,101,pssa,1,FAILURE,0,,,,,,64.2606,9080,status=FAILURE
P16,600,0.05,101,clmm,1,FAILURE,0,,,,,,70.1874,9080,clmm: MM stage returned empty
P16,600,0.05,101,pssa,2,FAILURE,0,,,,,,64.253,9080,status=FAILURE
P16,600,0.05,101,clmm,4,FAILURE,0,,,,,,68.5818,9080,clmm: MM stage returned empty
P16,600,0.05,101,clmm,3,FAILURE,0,,,,,,70.5573,9080,clmm: MM stage returned empty
P16,600,0.05,103,template,-1,INFEASIBLE,0,,,,,,0.0,8929,n=600 > max clique 180
P16,600,0.05,103,clique,-1,FAILURE,0,,,,,,0.0247,8929,status=FAILURE
P16,600,0.05,101,pssa,3,FAILURE,0,,,,,,65.246,9080,status=FAILURE
P16,600,0.05,101,pssa,4,FAILURE,0,,,,,,65.2768,9080,status=FAILURE
P16,600,0.05,102,minorminer,0,FAILURE,0,,,,,,67.8621,8855,status=FAILURE
P16,600,0.05,102,minorminer,2,FAILURE,0,,,,,,67.4626,8855,status=FAILURE
P16,600,0.05,101,attraction,0,FAILURE,0,,,,,,71.114,9080,status=FAILURE
P16,600,0.05,101,attraction,1,FAILURE,0,,,,,,71.1444,9080,status=FAILURE
P16,600,0.05,102,minorminer,1,FAILURE,0,,,,,,68.6226,8855,status=FAILURE
P16,600,0.05,101,attraction,4,FAILURE,0,,,,,,71.2006,9080,status=FAILURE
P16,600,0.05,102,minorminer,3,FAILURE,0,,,,,,68.7342,8855,status=FAILURE
P16,600,0.05,101,attraction,2,FAILURE,0,,,,,,71.8746,9080,status=FAILURE
P16,600,0.05,102,minorminer,4,FAILURE,0,,,,,,69.2745,8855,status=FAILURE
P16,600,0.05,101,attraction,3,FAILURE,0,,,,,,73.9622,9080,status=FAILURE
P16,600,0.05,102,mmfork-cuthill,0,FAILURE,0,,,,,,69.2862,8855,status=FAILURE
Z12,60,1.0,101,minorminer,0,SUCCESS,1,6.15,5.6667,,9,369,8.5075,1770,
P16,600,0.05,102,mmfork-cuthill,1,FAILURE,0,,,,,,68.2827,8855,status=FAILURE
P16,600,0.05,102,mmfork-cuthill,2,FAILURE,0,,,,,,69.3644,8855,status=FAILURE
Z12,60,1.0,101,minorminer,3,SUCCESS,1,6.3333,5.7833,,9,380,7.7233,1770,
Z12,60,1.0,101,minorminer,2,SUCCESS,1,7.1,6.4833,,10,426,9.3517,1770,
P16,600,0.05,102,mmfork-cuthill,3,FAILURE,0,,,,,,69.6339,8855,status=FAILURE
P16,600,0.05,102,mmfork-cuthill,4,FAILURE,0,,,,,,67.2542,8855,status=FAILURE
Z12,60,1.0,101,minorminer,1,SUCCESS,1,6.15,5.7,,9,369,13.6313,1770,
P16,600,0.05,102,clmm,0,FAILURE,0,,,,,,65.4867,8855,clmm: MM stage returned empty
Z12,60,1.0,101,minorminer,4,SUCCESS,1,6.4833,5.9667,,10,389,8.5942,1770,
P16,600,0.05,102,clmm,1,FAILURE,0,,,,,,66.1432,8855,clmm: MM stage returned empty
Z12,60,1.0,101,clmm,0,SUCCESS,1,5.8167,5.75,,6,349,5.0647,1770,
Z12,60,1.0,101,template,-1,SUCCESS,1,5.4333,5.4333,6.0,6,326,0.0196,1770,
Z12,60,1.0,101,clique,-1,SUCCESS,1,6.0,5.4333,,6,360,0.0243,1770,
Z12,60,1.0,101,pssa,0,SUCCESS,1,6.5167,5.4333,,7,391,0.2922,1770,
Z12,60,1.0,101,pssa,1,SUCCESS,1,6.5167,5.4333,,7,391,0.296,1770,
Z12,60,1.0,101,pssa,2,SUCCESS,1,6.5167,5.4333,,7,391,0.2961,1770,
Z12,60,1.0,101,pssa,3,SUCCESS,1,6.5167,5.4333,,7,391,0.2998,1770,
Z12,60,1.0,101,clmm,1,SUCCESS,1,5.8333,5.7333,,6,350,5.806,1770,
Z12,60,1.0,101,pssa,4,SUCCESS,1,6.5167,5.4333,,7,391,0.2921,1770,
Z12,60,1.0,101,mmfork-cuthill,2,SUCCESS,1,6.0,5.7667,,8,360,10.2523,1770,
Z12,60,1.0,101,clmm,2,SUCCESS,1,5.8167,5.7833,,6,349,5.0515,1770,
Z12,60,1.0,101,mmfork-cuthill,3,SUCCESS,1,6.3667,5.85,,9,382,10.4982,1770,
Z12,60,1.0,101,clmm,3,SUCCESS,1,5.8333,5.7667,,6,350,5.3673,1770,
Z12,60,1.0,101,mmfork-cuthill,1,SUCCESS,1,5.85,5.4167,,8,351,12.1279,1770,
Z12,60,1.0,101,clmm,4,SUCCESS,1,5.7833,5.3833,,6,347,6.1908,1770,
P16,600,0.05,102,pssa,0,FAILURE,0,,,,,,62.6536,8855,status=FAILURE
Z12,60,1.0,101,mmfork-cuthill,4,SUCCESS,1,6.2167,5.8,,9,373,12.5666,1770,
P16,600,0.05,102,clmm,2,FAILURE,0,,,,,,68.7623,8855,clmm: MM stage returned empty
P16,600,0.05,102,clmm,3,FAILURE,0,,,,,,68.419,8855,clmm: MM stage returned empty
P16,600,0.05,102,pssa,4,FAILURE,0,,,,,,63.4602,8855,status=FAILURE
P16,600,0.05,102,pssa,1,FAILURE,0,,,,,,64.73,8855,status=FAILURE
Z12,60,1.0,101,mmfork-cuthill,0,SUCCESS,1,6.0167,5.6167,,9,361,18.4866,1770,
P16,600,0.05,102,clmm,4,FAILURE,0,,,,,,69.0108,8855,clmm: MM stage returned empty
P16,600,0.05,102,pssa,3,FAILURE,0,,,,,,66.4801,8855,status=FAILURE
P16,600,0.05,102,pssa,2,FAILURE,0,,,,,,66.9964,8855,status=FAILURE
P16,600,0.05,103,minorminer,0,FAILURE,0,,,,,,66.0746,8929,status=FAILURE
P16,600,0.05,102,attraction,0,FAILURE,0,,,,,,69.5674,8855,status=FAILURE
P16,600,0.05,103,minorminer,1,FAILURE,0,,,,,,66.138,8929,status=FAILURE
Z12,100,1.0,101,template,-1,SUCCESS,1,7.96,7.96,8.0,8,796,0.0479,4950,
Z12,100,1.0,101,clique,-1,SUCCESS,1,8.0,7.96,,8,800,0.0252,4950,
P16,600,0.05,102,attraction,1,FAILURE,0,,,,,,70.0679,8855,status=FAILURE
Z12,100,1.0,101,pssa,0,SUCCESS,1,7.96,7.96,,8,796,0.3724,4950,
Z12,100,1.0,101,pssa,2,SUCCESS,1,7.96,7.96,,8,796,0.3753,4950,
Z12,100,1.0,101,pssa,1,SUCCESS,1,7.96,7.96,,8,796,0.3954,4950,
Z12,100,1.0,101,pssa,3,SUCCESS,1,7.96,7.96,,8,796,0.3896,4950,
Z12,100,1.0,101,pssa,4,SUCCESS,1,7.96,7.96,,8,796,0.4068,4950,
P16,600,0.05,102,attraction,2,FAILURE,0,,,,,,71.3353,8855,status=FAILURE
P16,600,0.05,102,attraction,3,FAILURE,0,,,,,,70.5294,8855,status=FAILURE
P16,600,0.05,103,minorminer,4,FAILURE,0,,,,,,65.1484,8929,status=FAILURE
P16,600,0.05,103,minorminer,2,FAILURE,0,,,,,,67.1918,8929,status=FAILURE
P16,600,0.05,103,minorminer,3,FAILURE,0,,,,,,66.8812,8929,status=FAILURE
P16,600,0.05,102,attraction,4,FAILURE,0,,,,,,71.748,8855,status=FAILURE
P16,600,0.05,103,mmfork-cuthill,0,FAILURE,0,,,,,,69.5841,8929,status=FAILURE
P16,600,0.05,103,mmfork-cuthill,1,FAILURE,0,,,,,,68.7437,8929,status=FAILURE
P16,600,0.05,103,mmfork-cuthill,2,FAILURE,0,,,,,,69.7176,8929,status=FAILURE
Z12,60,1.0,101,attraction,2,SUCCESS,1,6.5,5.8833,,10,390,24.7414,1770,
P16,600,0.05,103,clmm,0,FAILURE,0,,,,,,64.9428,8929,clmm: MM stage returned empty
P16,600,0.05,103,clmm,1,FAILURE,0,,,,,,65.2827,8929,clmm: MM stage returned empty
P16,600,0.05,103,mmfork-cuthill,3,FAILURE,0,,,,,,69.4878,8929,status=FAILURE
Z12,60,1.0,101,attraction,4,SUCCESS,1,6.05,5.7167,,9,363,26.4797,1770,
P16,600,0.05,103,clmm,2,FAILURE,0,,,,,,66.2886,8929,clmm: MM stage returned empty
P16,600,0.05,103,clmm,3,FAILURE,0,,,,,,65.2617,8929,clmm: MM stage returned empty
P16,600,0.05,103,mmfork-cuthill,4,FAILURE,0,,,,,,70.0446,8929,status=FAILURE
P16,600,0.05,103,pssa,1,FAILURE,0,,,,,,63.3524,8929,status=FAILURE
P16,600,0.05,103,clmm,4,FAILURE,0,,,,,,66.0253,8929,clmm: MM stage returned empty
Z12,140,1.0,101,template,-1,SUCCESS,1,10.4714,10.4714,11.0,11,1466,0.1831,9730,
Z12,140,1.0,101,clique,-1,SUCCESS,1,11.0,10.4714,,11,1540,0.0238,9730,
P16,600,0.05,103,pssa,0,FAILURE,0,,,,,,65.6087,8929,status=FAILURE
Z12,140,1.0,101,pssa,0,SUCCESS,1,10.4714,10.4714,,11,1466,0.4835,9730,
Z12,140,1.0,101,pssa,2,SUCCESS,1,10.4714,10.4714,,11,1466,0.4876,9730,
Z12,140,1.0,101,pssa,1,SUCCESS,1,10.4714,10.4714,,11,1466,0.4883,9730,
Z12,100,1.0,101,minorminer,1,SUCCESS,1,10.71,9.43,,16,1071,32.2015,4950,
Z12,140,1.0,101,pssa,3,SUCCESS,1,10.4714,10.4714,,11,1466,0.482,9730,
Z12,140,1.0,101,pssa,4,SUCCESS,1,10.4714,10.4714,,11,1466,0.4922,9730,
Z12,60,1.0,101,attraction,1,SUCCESS,1,6.0167,5.7,,8,361,35.4052,1770,
Z12,60,1.0,101,attraction,0,SUCCESS,1,6.25,5.7667,,8,375,37.0662,1770,
P16,600,0.05,103,pssa,2,FAILURE,0,,,,,,68.4909,8929,status=FAILURE
P16,600,0.05,103,pssa,4,FAILURE,0,,,,,,62.726,8929,status=FAILURE
P16,600,0.05,103,pssa,3,FAILURE,0,,,,,,63.969,8929,status=FAILURE
Z12,60,1.0,101,attraction,3,SUCCESS,1,6.3167,5.9333,,8,379,39.9441,1770,
Z12,100,1.0,101,minorminer,4,SUCCESS,1,11.01,9.82,,17,1101,37.7324,4950,
Z12,100,1.0,101,clmm,0,SUCCESS,1,8.0,7.96,,8,800,38.3404,4950,
Z12,100,1.0,101,minorminer,2,SUCCESS,1,10.08,9.14,,14,1008,43.2096,4950,
P16,600,0.05,103,attraction,0,FAILURE,0,,,,,,70.0626,8929,status=FAILURE
P16,600,0.05,103,attraction,1,FAILURE,0,,,,,,70.5039,8929,status=FAILURE
P16,600,0.05,103,attraction,2,FAILURE,0,,,,,,70.848,8929,status=FAILURE
P16,600,0.05,103,attraction,3,FAILURE,0,,,,,,70.1163,8929,status=FAILURE
P16,600,0.05,103,attraction,4,FAILURE,0,,,,,,70.5249,8929,status=FAILURE
Z12,100,1.0,101,clmm,2,SUCCESS,1,7.94,7.92,,8,794,40.8811,4950,
Z12,100,1.0,101,clmm,1,SUCCESS,1,7.99,7.95,,8,799,43.0392,4950,
Z12,100,1.0,101,clmm,4,SUCCESS,1,7.96,7.94,,8,796,39.8112,4950,
Z12,100,1.0,101,minorminer,0,SUCCESS,1,10.04,9.11,,14,1004,50.876,4950,
Z12,179,1.0,101,template,-1,SUCCESS,1,12.9777,12.9777,13.0,13,2323,0.2467,15931,
Z12,179,1.0,101,clique,-1,SUCCESS,1,13.0,12.9777,,13,2327,0.0247,15931,
Z12,179,1.0,101,pssa,0,SUCCESS,1,12.9777,12.9777,,13,2323,0.497,15931,
Z12,179,1.0,101,pssa,1,SUCCESS,1,12.9777,12.9777,,13,2323,0.498,15931,
Z12,100,1.0,101,mmfork-cuthill,1,SUCCESS,1,11.0,9.62,,17,1100,48.8841,4950,
Z12,100,1.0,101,clmm,3,SUCCESS,1,7.96,7.94,,8,796,42.9341,4950,
Z12,179,1.0,101,pssa,2,SUCCESS,1,12.9777,12.9777,,13,2323,0.5044,15931,
Z12,179,1.0,101,pssa,3,SUCCESS,1,12.9777,12.9777,,13,2323,0.5966,15931,
Z12,179,1.0,101,pssa,4,SUCCESS,1,12.9777,12.9777,,13,2323,0.5071,15931,
Z12,100,1.0,101,mmfork-cuthill,3,SUCCESS,1,10.73,9.63,,15,1073,53.4142,4950,
Z12,100,1.0,101,minorminer,3,SUCCESS,1,10.83,9.65,,17,1083,60.5009,4950,
Z12,100,1.0,101,mmfork-cuthill,0,SUCCESS,1,11.31,9.97,,18,1131,60.2135,4950,
Z12,100,1.0,101,mmfork-cuthill,2,SUCCESS,1,9.87,9.06,,13,987,60.9641,4950,
Z12,100,1.0,101,mmfork-cuthill,4,SUCCESS,1,10.63,9.47,,17,1063,60.7658,4950,
Z12,100,1.0,101,attraction,0,SUCCESS,1,12.19,10.52,,20,1219,60.3959,4950,
Z12,100,1.0,101,attraction,2,SUCCESS,1,13.42,11.22,,23,1342,60.646,4950,
Z12,100,1.0,101,attraction,3,SUCCESS,1,13.44,11.34,,22,1344,60.5455,4950,
Z12,100,1.0,101,attraction,1,SUCCESS,1,12.2,10.38,,20,1220,61.1172,4950,
Z12,100,1.0,101,attraction,4,SUCCESS,1,12.46,10.62,,20,1246,60.0724,4950,
Z12,140,1.0,101,minorminer,0,SUCCESS,1,16.8929,14.7071,,27,2365,60.7008,9730,
Z12,140,1.0,101,minorminer,2,SUCCESS,1,17.5929,15.0429,,28,2463,61.0156,9730,
Z12,140,1.0,101,minorminer,3,SUCCESS,1,18.6286,15.8214,,32,2608,58.1084,9730,
Z12,140,1.0,101,minorminer,1,FAILURE,0,,,,,,67.0138,9730,status=FAILURE
Z12,140,1.0,101,minorminer,4,SUCCESS,1,17.75,15.1286,,30,2485,62.5516,9730,
Z12,140,1.0,101,mmfork-cuthill,1,SUCCESS,1,18.6214,15.7286,,29,2607,60.772,9730,
Z12,140,1.0,101,mmfork-cuthill,0,SUCCESS,1,18.5357,15.5214,,29,2595,62.0176,9730,
Z12,140,1.0,101,clmm,0,SUCCESS,1,10.9929,10.4714,,11,1539,60.6642,9730,
Z12,180,1.0,101,template,-1,SUCCESS,1,12.9778,12.9778,13.0,13,2336,0.248,16110,
Z12,140,1.0,101,clmm,1,SUCCESS,1,11.0,10.4714,,11,1540,60.3558,9730,
Z12,140,1.0,101,mmfork-cuthill,4,SUCCESS,1,17.4,14.8,,27,2436,61.5734,9730,
Z12,180,1.0,101,clique,-1,SUCCESS,1,13.0,12.9778,,13,2340,0.0249,16110,
Z12,180,1.0,101,pssa,0,SUCCESS,1,12.9778,12.9778,,13,2336,0.4642,16110,
Z12,140,1.0,101,mmfork-cuthill,3,SUCCESS,1,16.4714,14.0857,,28,2306,62.3179,9730,
Z12,180,1.0,101,pssa,1,SUCCESS,1,12.9778,12.9778,,13,2336,0.4644,16110,
Z12,180,1.0,101,pssa,2,SUCCESS,1,12.9778,12.9778,,13,2336,0.5062,16110,
Z12,140,1.0,101,mmfork-cuthill,2,SUCCESS,1,18.6143,15.6857,,28,2606,62.3663,9730,
Z12,180,1.0,101,pssa,3,SUCCESS,1,12.9778,12.9778,,13,2336,0.4671,16110,
Z12,140,1.0,101,clmm,3,SUCCESS,1,10.9929,10.4714,,11,1539,60.0679,9730,
Z12,180,1.0,101,pssa,4,SUCCESS,1,12.9778,12.9778,,13,2336,0.6164,16110,
Z12,140,1.0,101,clmm,2,SUCCESS,1,10.9429,10.4286,,11,1532,63.4734,9730,
Z12,140,1.0,101,clmm,4,SUCCESS,1,10.9571,10.8071,,11,1534,64.2634,9730,
Z12,179,1.0,101,minorminer,2,FAILURE,0,,,,,,60.5221,15931,status=FAILURE
Z12,179,1.0,101,minorminer,4,FAILURE,0,,,,,,60.2009,15931,status=FAILURE
Z12,140,1.0,101,attraction,2,FAILURE,0,,,,,,68.4675,9730,status=FAILURE
Z12,140,1.0,101,attraction,1,FAILURE,0,,,,,,69.6585,9730,status=FAILURE
Z12,140,1.0,101,attraction,0,FAILURE,0,,,,,,72.1856,9730,status=FAILURE
Z12,140,1.0,101,attraction,3,FAILURE,0,,,,,,71.4208,9730,status=FAILURE
Z12,179,1.0,101,minorminer,3,FAILURE,0,,,,,,66.7176,15931,status=FAILURE
Z12,140,1.0,101,attraction,4,FAILURE,0,,,,,,70.3134,9730,status=FAILURE
Z12,179,1.0,101,minorminer,0,FAILURE,0,,,,,,68.0865,15931,status=FAILURE
Z12,179,1.0,101,minorminer,1,FAILURE,0,,,,,,70.224,15931,status=FAILURE
Z12,179,1.0,101,mmfork-cuthill,1,FAILURE,0,,,,,,66.9975,15931,status=FAILURE
Z12,179,1.0,101,clmm,3,SUCCESS,1,12.9497,12.9274,,13,2318,61.2016,15931,
Z12,179,1.0,101,clmm,1,SUCCESS,1,12.9888,12.9665,,13,2325,63.6256,15931,
Z12,184,1.0,101,template,-1,SUCCESS,1,12.9783,12.9783,13.0,13,2388,0.2563,16836,
Z12,179,1.0,101,mmfork-cuthill,3,FAILURE,0,,,,,,66.0932,15931,status=FAILURE
Z12,179,1.0,101,clmm,0,SUCCESS,1,12.9888,12.9721,,13,2325,64.8668,15931,
Z12,184,1.0,101,clique,-1,SUCCESS,1,13.0,12.9783,,13,2392,0.0231,16836,
Z12,179,1.0,101,mmfork-cuthill,2,FAILURE,0,,,,,,66.9226,15931,status=FAILURE
Z12,179,1.0,101,clmm,2,SUCCESS,1,12.9777,12.9609,,13,2323,64.2151,15931,
Z12,184,1.0,101,pssa,0,SUCCESS,1,12.9783,12.9783,,13,2388,0.4755,16836,
Z12,184,1.0,101,pssa,1,SUCCESS,1,12.9783,12.9783,,13,2388,0.4978,16836,
Z12,184,1.0,101,pssa,2,SUCCESS,1,12.9783,12.9783,,13,2388,0.6219,16836,
Z12,184,1.0,101,pssa,3,SUCCESS,1,12.9783,12.9783,,13,2388,0.6281,16836,
Z12,184,1.0,101,pssa,4,SUCCESS,1,12.9783,12.9783,,13,2388,0.53,16836,
Z12,179,1.0,101,mmfork-cuthill,0,FAILURE,0,,,,,,70.9699,15931,status=FAILURE
Z12,179,1.0,101,mmfork-cuthill,4,FAILURE,0,,,,,,69.0207,15931,status=FAILURE
Z12,179,1.0,101,clmm,4,SUCCESS,1,12.9721,12.9385,,13,2322,66.8694,15931,
Z12,180,1.0,101,minorminer,2,FAILURE,0,,,,,,63.0593,16110,status=FAILURE
Z12,179,1.0,101,attraction,1,FAILURE,0,,,,,,76.2447,15931,status=FAILURE
Z12,179,1.0,101,attraction,0,FAILURE,0,,,,,,77.3941,15931,status=FAILURE
Z12,179,1.0,101,attraction,2,FAILURE,0,,,,,,77.7002,15931,status=FAILURE
Z12,180,1.0,101,minorminer,1,FAILURE,0,,,,,,67.4317,16110,status=FAILURE
Z12,180,1.0,101,minorminer,0,FAILURE,0,,,,,,69.2675,16110,status=FAILURE
Z12,179,1.0,101,attraction,3,FAILURE,0,,,,,,76.8986,15931,status=FAILURE
Z12,179,1.0,101,attraction,4,FAILURE,0,,,,,,73.4371,15931,status=FAILURE
Z12,180,1.0,101,minorminer,3,FAILURE,0,,,,,,64.5181,16110,status=FAILURE
Z12,180,1.0,101,clmm,0,SUCCESS,1,13.0,12.9778,,13,2340,60.4899,16110,
Z12,180,1.0,101,mmfork-cuthill,1,FAILURE,0,,,,,,65.6491,16110,status=FAILURE
Z12,180,1.0,101,minorminer,4,FAILURE,0,,,,,,67.1735,16110,status=FAILURE
Z12,180,1.0,101,mmfork-cuthill,3,FAILURE,0,,,,,,67.2191,16110,status=FAILURE
Z12,189,1.0,101,template,-1,INFEASIBLE,0,,,,,,0.0,17766,n=189 > max clique 184
Z12,180,1.0,101,mmfork-cuthill,2,FAILURE,0,,,,,,68.327,16110,status=FAILURE
Z12,189,1.0,101,clique,-1,FAILURE,0,,,,,,0.0239,17766,status=FAILURE
Z12,180,1.0,101,mmfork-cuthill,0,FAILURE,0,,,,,,68.8023,16110,status=FAILURE
Z12,180,1.0,101,mmfork-cuthill,4,FAILURE,0,,,,,,66.4779,16110,status=FAILURE
Z12,180,1.0,101,clmm,1,SUCCESS,1,13.0,12.9778,,13,2340,62.8009,16110,
Z12,180,1.0,101,clmm,2,SUCCESS,1,13.0,12.9778,,13,2340,63.8476,16110,
Z12,180,1.0,101,clmm,3,SUCCESS,1,12.9778,12.9667,,13,2336,66.8575,16110,
Z12,180,1.0,101,clmm,4,SUCCESS,1,12.9944,12.9833,,13,2339,66.4841,16110,
Z12,184,1.0,101,minorminer,1,FAILURE,0,,,,,,64.3573,16836,status=FAILURE
Z12,184,1.0,101,minorminer,2,FAILURE,0,,,,,,65.6882,16836,status=FAILURE
Z12,184,1.0,101,minorminer,3,FAILURE,0,,,,,,61.5031,16836,status=FAILURE
Z12,180,1.0,101,attraction,2,FAILURE,0,,,,,,73.8916,16110,status=FAILURE
Z12,184,1.0,101,minorminer,0,FAILURE,0,,,,,,73.5015,16836,status=FAILURE
Z12,40,0.9,101,minorminer,0,SUCCESS,1,4.3,4.075,,6,172,2.76,698,
Z12,180,1.0,101,attraction,3,FAILURE,0,,,,,,75.1981,16110,status=FAILURE
Z12,180,1.0,101,attraction,1,FAILURE,0,,,,,,75.804,16110,status=FAILURE
Z12,40,0.9,101,minorminer,1,SUCCESS,1,4.15,4.025,,6,166,2.1773,698,
Z12,180,1.0,101,attraction,4,FAILURE,0,,,,,,76.1804,16110,status=FAILURE
Z12,180,1.0,101,attraction,0,FAILURE,0,,,,,,77.2857,16110,status=FAILURE
Z12,184,1.0,101,mmfork-cuthill,1,FAILURE,0,,,,,,63.4747,16836,status=FAILURE
Z12,40,0.9,101,minorminer,3,SUCCESS,1,4.4,4.25,,6,176,2.5519,698,
Z12,40,0.9,101,mmfork-cuthill,2,SUCCESS,1,4.3,4.125,,6,172,1.4108,698,
Z12,40,0.9,101,mmfork-cuthill,0,SUCCESS,1,4.05,3.9,,5,162,2.3036,698,
Z12,40,0.9,101,clmm,0,SUCCESS,1,3.95,3.9,,4,158,0.8556,698,
Z12,40,0.9,101,minorminer,2,SUCCESS,1,3.925,3.825,,5,157,4.1318,698,
Z12,40,0.9,101,clmm,1,SUCCESS,1,4.0,3.9,,4,160,0.9722,698,
Z12,40,0.9,101,template,-1,SUCCESS,1,3.9,3.9,4.0,4,156,0.0052,698,
Z12,40,0.9,101,clmm,3,SUCCESS,1,3.975,3.9,,4,159,0.9731,698,
Z12,40,0.9,101,minorminer,4,SUCCESS,1,3.975,3.825,,5,159,3.5712,698,
Z12,40,0.9,101,clmm,2,SUCCESS,1,3.95,3.9,,4,158,1.0031,698,
Z12,40,0.9,101,clique,-1,SUCCESS,1,4.0,3.9,,4,160,0.0266,698,
Z12,40,0.9,101,clmm,4,SUCCESS,1,3.975,3.9,,4,159,0.8993,698,
Z12,40,0.9,101,pssa,1,SUCCESS,1,6.1,3.9,,7,244,0.2481,698,
Z12,40,0.9,101,pssa,0,SUCCESS,1,6.1,3.9,,7,244,0.2786,698,
Z12,40,0.9,101,pssa,2,SUCCESS,1,6.1,3.9,,7,244,0.2971,698,
Z12,40,0.9,101,pssa,3,SUCCESS,1,6.1,3.9,,7,244,0.2738,698,
Z12,40,0.9,101,pssa,4,SUCCESS,1,6.1,3.9,,7,244,0.2792,698,
Z12,40,0.9,101,mmfork-cuthill,4,SUCCESS,1,4.5,4.3,,6,180,2.226,698,
Z12,40,0.9,101,mmfork-cuthill,1,SUCCESS,1,4.025,3.85,,6,161,4.4788,698,
Z12,40,0.9,101,mmfork-cuthill,3,SUCCESS,1,3.925,3.775,,5,157,3.6515,698,
Z12,184,1.0,101,minorminer,4,FAILURE,0,,,,,,69.5314,16836,status=FAILURE
Z12,184,1.0,101,clmm,0,SUCCESS,1,13.0,12.9783,,13,2392,64.4715,16836,
Z12,40,0.9,102,minorminer,2,SUCCESS,1,4.275,4.05,,6,171,1.4977,691,
Z12,184,1.0,101,mmfork-cuthill,3,FAILURE,0,,,,,,66.9362,16836,status=FAILURE
Z12,184,1.0,101,mmfork-cuthill,0,FAILURE,0,,,,,,71.1385,16836,status=FAILURE
Z12,40,0.9,102,mmfork-cuthill,0,SUCCESS,1,4.3,4.05,,6,172,1.4147,691,
Z12,40,0.9,102,minorminer,1,SUCCESS,1,4.075,3.925,,6,163,3.5172,691,
Z12,40,0.9,102,minorminer,4,SUCCESS,1,4.35,4.175,,6,174,2.4967,691,
Z12,40,0.9,102,minorminer,3,SUCCESS,1,4.2,4.1,,6,168,2.7714,691,
Z12,184,1.0,101,clmm,2,SUCCESS,1,13.0,12.9783,,13,2392,64.9718,16836,
Z12,40,0.9,102,clmm,0,SUCCESS,1,3.975,3.9,,4,159,0.8394,691,
Z12,184,1.0,101,clmm,1,SUCCESS,1,13.0,12.9783,,13,2392,67.6506,16836,
Z12,40,0.9,102,clmm,1,SUCCESS,1,4.0,3.9,,4,160,0.8702,691,
Z12,40,0.9,102,template,-1,SUCCESS,1,3.9,3.9,4.0,4,156,0.0053,691,
Z12,40,0.9,102,clique,-1,SUCCESS,1,4.0,3.9,,4,160,0.0257,691,
Z12,40,0.9,102,mmfork-cuthill,1,SUCCESS,1,4.425,4.225,,6,177,2.1933,691,
Z12,40,0.9,102,pssa,0,SUCCESS,1,6.275,3.875,,7,251,0.2361,691,
Z12,40,0.9,102,clmm,2,SUCCESS,1,3.95,3.875,,4,158,0.855,691,
Z12,40,0.9,102,pssa,1,SUCCESS,1,6.275,3.875,,7,251,0.2656,691,
Z12,40,0.9,102,minorminer,0,SUCCESS,1,4.125,4.0,,6,165,6.7417,691,
Z12,40,0.9,102,pssa,2,SUCCESS,1,6.275,3.875,,7,251,0.2421,691,
Z12,40,0.9,102,clmm,3,SUCCESS,1,3.975,3.9,,4,159,0.9392,691,
Z12,40,0.9,102,clmm,4,SUCCESS,1,3.975,3.9,,4,159,0.9292,691,
Z12,40,0.9,102,pssa,4,SUCCESS,1,6.275,3.875,,7,251,0.2505,691,
Z12,40,0.9,102,pssa,3,SUCCESS,1,6.275,3.875,,7,251,0.2793,691,
Z12,184,1.0,101,mmfork-cuthill,4,FAILURE,0,,,,,,69.8942,16836,status=FAILURE
Z12,40,0.9,102,mmfork-cuthill,2,SUCCESS,1,4.3,4.15,,6,172,3.0428,691,
Z12,40,0.9,101,attraction,1,SUCCESS,1,4.325,4.175,,6,173,7.5741,698,
Z12,184,1.0,101,mmfork-cuthill,2,FAILURE,0,,,,,,70.856,16836,status=FAILURE
Z12,40,0.9,102,mmfork-cuthill,3,SUCCESS,1,3.95,3.85,,5,158,3.4321,691,
Z12,40,0.9,101,attraction,3,SUCCESS,1,4.225,4.025,,6,169,8.1748,698,
Z12,40,0.9,101,attraction,2,SUCCESS,1,3.95,3.925,,5,158,8.6116,698,
Z12,40,0.9,103,minorminer,0,SUCCESS,1,4.225,4.075,,6,169,1.6466,702,
Z12,40,0.9,101,attraction,4,SUCCESS,1,4.35,4.175,,6,174,8.7119,698,
Z12,40,0.9,101,attraction,0,SUCCESS,1,4.075,4.0,,6,163,8.8061,698,
Z12,40,0.9,103,mmfork-cuthill,0,SUCCESS,1,4.2,4.125,,6,168,1.0321,702,
Z12,184,1.0,101,clmm,3,SUCCESS,1,13.0,12.9783,,13,2392,65.3294,16836,
Z12,40,0.9,102,mmfork-cuthill,4,SUCCESS,1,4.225,4.125,,6,169,4.7396,691,
Z12,40,0.9,103,minorminer,3,SUCCESS,1,4.95,4.8,,7,198,1.8658,702,
Z12,184,1.0,101,clmm,4,SUCCESS,1,13.0,12.9783,,13,2392,65.7783,16836,
Z12,40,0.9,103,clmm,0,SUCCESS,1,4.0,3.9,,4,160,0.8386,702,
Z12,40,0.9,103,template,-1,SUCCESS,1,3.9,3.9,4.0,4,156,0.0045,702,
Z12,40,0.9,103,minorminer,1,SUCCESS,1,4.525,4.225,,7,181,2.3705,702,
Z12,40,0.9,103,clique,-1,SUCCESS,1,4.0,3.9,,4,160,0.025,702,
Z12,40,0.9,103,clmm,1,SUCCESS,1,4.0,3.9,,4,160,0.8798,702,
Z12,40,0.9,103,pssa,1,SUCCESS,1,6.2,3.9,,7,248,0.2389,702,
Z12,40,0.9,103,pssa,0,SUCCESS,1,6.2,3.9,,7,248,0.2538,702,
Z12,40,0.9,103,minorminer,2,SUCCESS,1,4.325,4.125,,6,173,2.5611,702,
Z12,40,0.9,103,pssa,2,SUCCESS,1,6.2,3.9,,7,248,0.2396,702,
Z12,40,0.9,103,pssa,3,SUCCESS,1,6.2,3.9,,7,248,0.245,702,
Z12,40,0.9,103,clmm,2,SUCCESS,1,3.975,3.9,,4,159,1.0663,702,
Z12,40,0.9,103,pssa,4,SUCCESS,1,6.2,3.9,,7,248,0.2425,702,
Z12,40,0.9,103,mmfork-cuthill,1,SUCCESS,1,4.15,4.075,,6,166,2.0839,702,
Z12,40,0.9,103,clmm,3,SUCCESS,1,3.975,3.9,,4,159,0.986,702,
Z12,40,0.9,103,clmm,4,SUCCESS,1,3.975,3.9,,4,159,0.9804,702,
Z12,40,0.9,103,mmfork-cuthill,2,SUCCESS,1,4.15,4.0,,6,166,2.2477,702,
Z12,40,0.9,103,mmfork-cuthill,3,SUCCESS,1,4.2,4.075,,6,168,2.3659,702,
Z12,40,0.9,103,minorminer,4,SUCCESS,1,4.275,4.075,,6,171,3.5117,702,
Z12,189,1.0,101,minorminer,2,FAILURE,0,,,,,,63.0761,17766,status=FAILURE
Z12,189,1.0,101,minorminer,0,FAILURE,0,,,,,,66.4271,17766,status=FAILURE
Z12,40,0.9,103,mmfork-cuthill,4,SUCCESS,1,4.075,4.025,,6,163,4.5338,702,
Z12,40,0.9,102,attraction,3,SUCCESS,1,4.6,4.25,,7,184,7.5187,691,
Z12,60,0.9,101,minorminer,1,SUCCESS,1,6.7333,6.1667,,11,404,4.647,1585,
Z12,40,0.9,102,attraction,0,SUCCESS,1,4.5,4.275,,7,180,8.215,691,
Z12,40,0.9,102,attraction,4,SUCCESS,1,4.1,3.875,,5,164,8.5674,691,
Z12,40,0.9,102,attraction,1,SUCCESS,1,4.4,4.15,,6,176,8.8514,691,
Z12,40,0.9,102,attraction,2,SUCCESS,1,3.9,3.775,,5,156,8.8779,691,
Z12,60,0.9,101,template,-1,SUCCESS,1,5.4333,5.4333,6.0,6,326,0.0169,1585,
Z12,60,0.9,101,clique,-1,SUCCESS,1,6.0,5.4333,,6,360,0.0229,1585,
Z12,60,0.9,101,pssa,0,SUCCESS,1,6.45,5.4333,,7,387,0.2954,1585,
Z12,60,0.9,101,pssa,1,SUCCESS,1,6.45,5.4333,,7,387,0.3038,1585,
Z12,60,0.9,101,minorminer,0,SUCCESS,1,6.65,6.0333,,10,399,6.725,1585,
Z12,60,0.9,101,pssa,2,SUCCESS,1,6.45,5.4333,,7,387,0.2978,1585,
Z12,60,0.9,101,pssa,3,SUCCESS,1,6.45,5.4333,,7,387,0.2871,1585,
Z12,60,0.9,101,pssa,4,SUCCESS,1,6.45,5.4333,,7,387,0.3054,1585,
Z12,40,0.9,103,attraction,0,SUCCESS,1,4.45,4.175,,6,178,8.6953,702,
Z12,40,0.9,103,attraction,2,SUCCESS,1,4.25,4.1,,6,170,9.0476,702,
Z12,60,0.9,101,minorminer,2,SUCCESS,1,6.1167,5.6667,,9,367,8.6617,1585,
Z12,60,0.9,101,clmm,0,SUCCESS,1,5.8167,5.7333,,6,349,4.9983,1585,
Z12,60,0.9,101,clmm,4,SUCCESS,1,5.85,5.6167,,6,351,4.0047,1585,
Z12,40,0.9,103,attraction,4,SUCCESS,1,4.175,4.075,,6,167,9.6887,702,
Z12,60,0.9,101,clmm,1,SUCCESS,1,5.8167,5.6,,6,349,4.8447,1585,
Z12,60,0.9,101,mmfork-cuthill,2,SUCCESS,1,6.7667,6.2167,,10,406,7.2072,1585,
Z12,60,0.9,101,clmm,3,SUCCESS,1,5.9,5.8167,,6,354,4.3443,1585,
Z12,60,0.9,101,clmm,2,SUCCESS,1,5.7333,5.7,,6,344,5.2129,1585,
Z12,60,0.9,101,mmfork-cuthill,1,SUCCESS,1,6.0167,5.7333,,9,361,9.2862,1585,
Z12,60,0.9,101,minorminer,3,SUCCESS,1,6.2833,5.8167,,9,377,10.1854,1585,
Z12,189,1.0,101,minorminer,1,FAILURE,0,,,,,,73.0368,17766,status=FAILURE
Z12,40,0.9,103,attraction,3,SUCCESS,1,4.0,3.925,,5,160,11.1048,702,
Z12,40,0.9,103,attraction,1,SUCCESS,1,4.175,3.95,,6,167,11.3793,702,
Z12,184,1.0,101,attraction,1,FAILURE,0,,,,,,76.8933,16836,status=FAILURE
Z12,184,1.0,101,attraction,2,FAILURE,0,,,,,,76.7997,16836,status=FAILURE
Z12,60,0.9,101,mmfork-cuthill,0,SUCCESS,1,6.45,6.0833,,10,387,11.1694,1585,
Z12,184,1.0,101,attraction,0,FAILURE,0,,,,,,77.2594,16836,status=FAILURE
Z12,60,0.9,102,template,-1,SUCCESS,1,5.4333,5.4333,6.0,6,326,0.0184,1574,
Z12,60,0.9,101,minorminer,4,SUCCESS,1,6.4167,6.0167,,9,385,11.4124,1585,
Z12,60,0.9,102,clique,-1,SUCCESS,1,6.0,5.4333,,6,360,0.0247,1574,
Z12,184,1.0,101,attraction,4,FAILURE,0,,,,,,76.7832,16836,status=FAILURE
Z12,60,0.9,102,pssa,0,SUCCESS,1,6.4167,5.4333,,7,385,0.3037,1574,
Z12,60,0.9,102,pssa,1,SUCCESS,1,6.4167,5.4333,,7,385,0.3078,1574,
Z12,60,0.9,102,pssa,2,SUCCESS,1,6.4167,5.4333,,7,385,0.2969,1574,
Z12,60,0.9,102,pssa,3,SUCCESS,1,6.4167,5.4333,,7,385,0.2907,1574,
Z12,60,0.9,102,pssa,4,SUCCESS,1,6.4167,5.4333,,7,385,0.3059,1574,
Z12,184,1.0,101,attraction,3,FAILURE,0,,,,,,78.297,16836,status=FAILURE
Z12,189,1.0,101,minorminer,3,FAILURE,0,,,,,,63.3618,17766,status=FAILURE
Z12,60,0.9,102,clmm,0,SUCCESS,1,5.7833,5.75,,6,347,4.959,1574,
Z12,189,1.0,101,minorminer,4,FAILURE,0,,,,,,64.2738,17766,status=FAILURE
Z12,60,0.9,102,clmm,3,SUCCESS,1,5.8,5.7333,,6,348,4.5311,1574,
Z12,60,0.9,102,clmm,4,SUCCESS,1,5.9,5.45,,6,354,4.4577,1574,
Z12,60,0.9,102,clmm,1,SUCCESS,1,5.8,5.7167,,6,348,5.3841,1574,
Z12,60,0.9,102,clmm,2,SUCCESS,1,5.85,5.8,,6,351,4.8435,1574,
Z12,60,0.9,102,minorminer,2,SUCCESS,1,6.3667,5.65,,9,382,7.509,1574,
Z12,60,0.9,101,mmfork-cuthill,4,SUCCESS,1,5.7833,5.55,,8,347,14.6311,1585,
Z12,189,1.0,101,mmfork-cuthill,2,FAILURE,0,,,,,,63.3088,17766,status=FAILURE
Z12,189,1.0,101,mmfork-cuthill,3,FAILURE,0,,,,,,63.248,17766,status=FAILURE
Z12,60,0.9,102,minorminer,3,SUCCESS,1,6.1167,5.7,,9,367,9.3573,1574,
Z12,60,0.9,102,minorminer,4,SUCCESS,1,6.4,6.0,,9,384,9.7433,1574,
Z12,189,1.0,101,mmfork-cuthill,0,FAILURE,0,,,,,,67.0288,17766,status=FAILURE
Z12,60,0.9,102,minorminer,0,SUCCESS,1,6.0833,5.65,,9,365,10.5234,1574,
Z12,60,0.9,101,mmfork-cuthill,3,SUCCESS,1,5.85,5.5167,,8,351,17.1911,1585,
Z12,60,0.9,103,minorminer,0,SUCCESS,1,6.1667,5.6667,,9,370,4.5072,1597,
Z12,60,0.9,103,template,-1,SUCCESS,1,5.4333,5.4333,6.0,6,326,0.0183,1597,
Z12,60,0.9,103,clique,-1,SUCCESS,1,6.0,5.4333,,6,360,0.0233,1597,
Z12,60,0.9,102,mmfork-cuthill,0,SUCCESS,1,6.2,5.6167,,9,372,10.9602,1574,
Z12,60,0.9,103,pssa,0,SUCCESS,1,6.3333,5.4333,,7,380,0.2886,1597,
Z12,60,0.9,103,pssa,1,SUCCESS,1,6.3333,5.4333,,7,380,0.2683,1597,
Z12,60,0.9,102,mmfork-cuthill,2,SUCCESS,1,6.1667,5.6167,,8,370,10.7875,1574,
Z12,60,0.9,103,pssa,2,SUCCESS,1,6.3333,5.4333,,7,380,0.2925,1597,
Z12,60,0.9,103,pssa,3,SUCCESS,1,6.3333,5.4333,,7,380,0.2711,1597,
Z12,60,0.9,103,pssa,4,SUCCESS,1,6.3333,5.4333,,7,380,0.2916,1597,
Z12,189,1.0,101,mmfork-cuthill,4,FAILURE,0,,,,,,65.1615,17766,status=FAILURE
Z12,60,0.9,103,minorminer,2,SUCCESS,1,6.8333,6.2333,,10,410,7.1509,1597,
Z12,60,0.9,102,minorminer,1,SUCCESS,1,5.95,5.7167,,8,357,14.3924,1574,
Z12,60,0.9,103,clmm,0,SUCCESS,1,5.8667,5.8,,6,352,4.9661,1597,
Z12,189,1.0,101,mmfork-cuthill,1,FAILURE,0,,,,,,70.5409,17766,status=FAILURE
Z12,60,0.9,103,clmm,4,SUCCESS,1,5.9,5.4333,,6,354,4.5327,1597,
Z12,60,0.9,103,clmm,2,SUCCESS,1,5.75,5.7333,,6,345,4.7941,1597,
Z12,60,0.9,103,minorminer,3,SUCCESS,1,6.1,5.6833,,8,366,8.1077,1597,
Z12,60,0.9,103,clmm,1,SUCCESS,1,5.8333,5.7833,,6,350,5.2308,1597,
Z12,60,0.9,103,mmfork-cuthill,1,SUCCESS,1,6.8833,6.4,,9,413,8.1849,1597,
Z12,60,0.9,103,clmm,3,SUCCESS,1,5.8333,5.7667,,6,350,5.5305,1597,
Z12,60,0.9,102,mmfork-cuthill,1,SUCCESS,1,6.2333,5.8,,9,374,16.1579,1574,
Z12,60,0.9,102,mmfork-cuthill,3,SUCCESS,1,5.9833,5.6833,,8,359,16.1019,1574,
Z12,189,1.0,101,pssa,3,FAILURE,0,,,,,,61.3027,17766,status=FAILURE
Z12,60,0.9,103,mmfork-cuthill,0,SUCCESS,1,6.3667,5.9167,,9,382,10.3497,1597,
Z12,60,0.9,103,minorminer,1,SUCCESS,1,6.3833,5.9,,9,383,11.0579,1597,
Z12,189,1.0,101,pssa,1,FAILURE,0,,,,,,63.2716,17766,status=FAILURE
Z12,60,0.9,103,mmfork-cuthill,2,SUCCESS,1,6.1833,5.8,,9,371,10.1046,1597,
Z12,80,0.9,101,template,-1,SUCCESS,1,6.45,6.45,7.0,7,516,0.0367,2858,
Z12,80,0.9,101,clique,-1,SUCCESS,1,7.0,6.45,,7,560,0.0257,2858,
Z12,80,0.9,101,pssa,0,SUCCESS,1,6.5125,6.45,,7,521,0.4384,2858,
Z12,80,0.9,101,pssa,1,SUCCESS,1,6.5125,6.45,,7,521,0.4377,2858,
Z12,60,0.9,102,mmfork-cuthill,4,SUCCESS,1,5.6667,5.4667,,8,340,18.7333,1574,
Z12,80,0.9,101,pssa,2,SUCCESS,1,6.5125,6.45,,7,521,0.4332,2858,
Z12,80,0.9,101,pssa,3,SUCCESS,1,6.5125,6.45,,7,521,0.3203,2858,
Z12,189,1.0,101,pssa,0,FAILURE,0,,,,,,65.6856,17766,status=FAILURE
Z12,80,0.9,101,pssa,4,SUCCESS,1,6.5125,6.45,,7,521,0.333,2858,
Z12,60,0.9,103,mmfork-cuthill,3,SUCCESS,1,6.5,6.0167,,9,390,12.4448,1597,
Z12,189,1.0,101,pssa,2,FAILURE,0,,,,,,65.9221,17766,status=FAILURE
Z12,60,0.9,103,minorminer,4,SUCCESS,1,6.1167,5.75,,9,367,14.4462,1597,
Z12,60,0.9,103,mmfork-cuthill,4,SUCCESS,1,5.9667,5.7333,,9,358,13.6929,1597,
Z12,189,1.0,101,clmm,0,FAILURE,0,,,,,,73.8001,17766,clmm: MM stage returned empty
Z12,60,0.9,101,attraction,0,SUCCESS,1,6.0667,5.5667,,8,364,26.1246,1585,
Z12,189,1.0,101,pssa,4,FAILURE,0,,,,,,68.4367,17766,status=FAILURE
Z12,60,0.9,102,attraction,0,SUCCESS,1,6.8667,6.3,,11,412,22.1142,1574,
Z12,189,1.0,101,clmm,1,FAILURE,0,,,,,,75.6021,17766,clmm: MM stage returned empty
Z12,80,0.9,101,minorminer,4,SUCCESS,1,9.5375,8.55,,15,763,10.7439,2858,
Z12,60,0.9,102,attraction,3,SUCCESS,1,6.45,6.0333,,9,387,21.8387,1574,
Z12,60,0.9,102,attraction,4,SUCCESS,1,6.75,6.05,,10,405,22.9737,1574,
Z12,60,0.9,101,attraction,1,SUCCESS,1,5.7333,5.5167,,8,344,30.0241,1585,
Z12,60,0.9,102,attraction,1,SUCCESS,1,6.8667,5.9833,,10,412,24.6216,1574,
Z12,189,1.0,101,clmm,3,FAILURE,0,,,,,,76.2655,17766,clmm: MM stage returned empty
Z12,189,1.0,101,clmm,4,FAILURE,0,,,,,,75.0305,17766,clmm: MM stage returned empty
Z12,189,1.0,101,clmm,2,FAILURE,0,,,,,,77.0312,17766,clmm: MM stage returned empty
Z12,60,0.9,101,attraction,4,SUCCESS,1,6.1833,5.7667,,9,371,29.9037,1585,
Z12,80,0.9,102,template,-1,SUCCESS,1,6.45,6.45,7.0,7,516,0.0341,2841,
Z12,80,0.9,102,clique,-1,SUCCESS,1,7.0,6.45,,7,560,0.0237,2841,
Z12,80,0.9,102,pssa,0,SUCCESS,1,6.5125,6.45,,7,521,0.3579,2841,
Z12,80,0.9,102,pssa,1,SUCCESS,1,6.5125,6.45,,7,521,0.3593,2841,
Z12,60,0.9,101,attraction,3,SUCCESS,1,6.1667,5.7333,,9,370,31.1618,1585,
Z12,80,0.9,102,pssa,2,SUCCESS,1,6.5125,6.45,,7,521,0.3549,2841,
Z12,80,0.9,102,pssa,3,SUCCESS,1,6.5125,6.45,,7,521,0.3476,2841,
Z12,80,0.9,101,minorminer,1,SUCCESS,1,9.1875,8.2,,14,735,16.4149,2858,
Z12,80,0.9,102,pssa,4,SUCCESS,1,6.5125,6.45,,7,521,0.3592,2841,
Z12,80,0.9,101,clmm,0,SUCCESS,1,6.825,6.7875,,7,546,14.2735,2858,
Z12,60,0.9,101,attraction,2,SUCCESS,1,5.9667,5.5167,,8,358,32.4725,1585,
Z12,80,0.9,101,clmm,4,SUCCESS,1,6.925,6.8875,,7,554,13.9237,2858,
Z12,80,0.9,101,clmm,1,SUCCESS,1,6.9125,6.8625,,7,553,14.9043,2858,
Z12,80,0.9,101,clmm,2,SUCCESS,1,6.9125,6.875,,7,553,15.698,2858,
Z12,60,0.9,103,attraction,3,SUCCESS,1,6.3667,5.7667,,10,382,21.0262,1597,
Z12,80,0.9,101,minorminer,2,SUCCESS,1,8.5625,7.8875,,13,685,18.736,2858,
Z12,60,0.9,103,attraction,1,SUCCESS,1,7.1167,6.3333,,11,427,22.2052,1597,
Z12,80,0.9,101,clmm,3,SUCCESS,1,6.8875,6.85,,7,551,16.6648,2858,
Z12,60,0.9,103,attraction,2,SUCCESS,1,6.0333,5.6167,,9,362,24.3191,1597,
Z12,60,0.9,103,attraction,0,SUCCESS,1,6.3667,5.85,,9,382,25.5813,1597,
Z12,80,0.9,101,mmfork-cuthill,4,SUCCESS,1,8.075,7.3375,,12,646,20.7309,2858,
Z12,189,1.0,101,attraction,0,FAILURE,0,,,,,,78.686,17766,status=FAILURE
Z12,60,0.9,102,attraction,2,SUCCESS,1,6.0833,5.6667,,9,365,35.6894,1574,
Z12,189,1.0,101,attraction,2,FAILURE,0,,,,,,75.385,17766,status=FAILURE
Z12,60,0.9,103,attraction,4,SUCCESS,1,6.1667,5.75,,9,370,27.0974,1597,
Z12,80,0.9,102,clmm,1,SUCCESS,1,6.875,6.8375,,7,550,13.7376,2841,
Z12,80,0.9,102,clmm,2,SUCCESS,1,6.875,6.8375,,7,550,14.3919,2841,
Z12,80,0.9,103,template,-1,SUCCESS,1,6.45,6.45,7.0,7,516,0.0338,2838,
Z12,80,0.9,103,clique,-1,SUCCESS,1,7.0,6.45,,7,560,0.026,2838,
Z12,189,1.0,101,attraction,1,FAILURE,0,,,,,,78.7416,17766,status=FAILURE
Z12,80,0.9,102,clmm,0,SUCCESS,1,6.925,6.9,,7,554,15.3437,2841,
Z12,80,0.9,103,pssa,0,SUCCESS,1,6.475,6.45,,7,518,0.3385,2838,
Z12,80,0.9,103,pssa,1,SUCCESS,1,6.475,6.45,,7,518,0.3549,2838,
Z12,80,0.9,103,pssa,2,SUCCESS,1,6.475,6.45,,7,518,0.3572,2838,
Z12,80,0.9,103,pssa,3,SUCCESS,1,6.475,6.45,,7,518,0.3445,2838,
Z12,80,0.9,103,pssa,4,SUCCESS,1,6.475,6.45,,7,518,0.3619,2838,
Z12,80,0.9,102,clmm,3,SUCCESS,1,6.8625,6.8375,,7,549,16.2765,2841,
Z12,80,0.9,102,clmm,4,SUCCESS,1,6.9,6.8375,,7,552,16.296,2841,
Z12,80,0.9,102,mmfork-cuthill,2,SUCCESS,1,8.6375,7.9625,,12,691,19.4799,2841,
Z12,80,0.9,102,minorminer,3,SUCCESS,1,8.425,7.5625,,12,674,21.7324,2841,
Z12,80,0.9,102,minorminer,1,SUCCESS,1,8.9375,8.15,,13,715,24.3844,2841,
Z12,189,1.0,101,attraction,3,FAILURE,0,,,,,,79.3052,17766,status=FAILURE
Z12,189,1.0,101,attraction,4,FAILURE,0,,,,,,74.8367,17766,status=FAILURE
Z12,80,0.9,101,mmfork-cuthill,3,SUCCESS,1,8.2,7.4375,,12,656,33.3027,2858,
Z12,80,0.9,101,mmfork-cuthill,2,SUCCESS,1,8.225,7.675,,12,658,36.052,2858,
Z12,80,0.9,101,minorminer,3,SUCCESS,1,7.9,7.3875,,11,632,37.9584,2858,
Z12,80,0.9,103,clmm,1,SUCCESS,1,6.85,6.8,,7,548,14.354,2838,
Z12,80,0.9,101,mmfork-cuthill,1,SUCCESS,1,8.5,7.6875,,13,680,38.5657,2858,
Z12,80,0.9,103,minorminer,0,SUCCESS,1,8.45,7.625,,12,676,22.2543,2838,
Z12,80,0.9,103,minorminer,1,SUCCESS,1,8.7,7.8375,,13,696,22.3562,2838,
Z12,80,0.9,103,clmm,0,SUCCESS,1,6.875,6.825,,7,550,16.2614,2838,
Z12,80,0.9,103,clmm,2,SUCCESS,1,6.9125,6.8625,,7,553,15.0967,2838,
Z12,80,0.9,103,minorminer,2,SUCCESS,1,9.1125,8.025,,14,729,22.8188,2838,
Z12,80,0.9,103,clmm,4,SUCCESS,1,6.9375,6.8875,,7,555,14.7848,2838,
Z12,100,0.9,101,template,-1,SUCCESS,1,7.96,7.96,8.0,8,796,0.0428,4484,
Z12,100,0.9,101,clique,-1,SUCCESS,1,8.0,7.96,,8,800,0.0237,4484,
Z12,80,0.9,103,clmm,3,SUCCESS,1,6.95,6.8625,,7,556,15.9666,2838,
Z12,100,0.9,101,pssa,0,SUCCESS,1,7.96,7.96,,8,796,0.4086,4484,
Z12,80,0.9,103,minorminer,4,SUCCESS,1,8.8125,7.9375,,13,705,23.9067,2838,
Z12,80,0.9,103,mmfork-cuthill,0,SUCCESS,1,8.525,7.9125,,13,682,23.3269,2838,
Z12,100,0.9,101,pssa,2,SUCCESS,1,7.96,7.96,,8,796,0.4132,4484,
Z12,80,0.9,102,mmfork-cuthill,0,SUCCESS,1,8.225,7.4625,,12,658,32.417,2841,
Z12,100,0.9,101,pssa,1,SUCCESS,1,7.96,7.96,,8,796,0.5258,4484,
Z12,100,0.9,101,pssa,3,SUCCESS,1,7.96,7.96,,8,796,0.4053,4484,
Z12,100,0.9,101,pssa,4,SUCCESS,1,7.96,7.96,,8,796,0.387,4484,
Z12,80,0.9,103,minorminer,3,SUCCESS,1,8.375,7.6,,13,670,25.1909,2838,
Z12,80,0.9,102,mmfork-cuthill,4,SUCCESS,1,8.6875,7.8,,13,695,31.2378,2841,
Z12,80,0.9,103,mmfork-cuthill,1,SUCCESS,1,8.3,7.55,,12,664,27.8588,2838,
Z12,80,0.9,101,mmfork-cuthill,0,SUCCESS,1,8.4125,7.6375,,12,673,50.1372,2858,
Z12,80,0.9,102,mmfork-cuthill,3,SUCCESS,1,8.4875,7.7125,,13,679,39.7957,2841,
Z12,80,0.9,102,mmfork-cuthill,1,SUCCESS,1,8.175,7.625,,12,654,40.2469,2841,
Z12,80,0.9,102,minorminer,4,SUCCESS,1,8.35,7.6375,,13,668,41.0785,2841,
Z12,80,0.9,102,minorminer,0,SUCCESS,1,8.475,7.725,,12,678,49.3847,2841,
Z12,80,0.9,101,minorminer,0,SUCCESS,1,7.8625,7.2375,,10,629,57.6772,2858,
Z12,80,0.9,101,attraction,4,SUCCESS,1,8.525,7.75,,13,682,55.4961,2858,
Z12,80,0.9,101,attraction,0,SUCCESS,1,8.15,7.5375,,12,652,57.3989,2858,
Z12,80,0.9,102,attraction,0,SUCCESS,1,8.775,7.85,,14,702,47.0144,2841,
Z12,80,0.9,103,mmfork-cuthill,4,SUCCESS,1,7.7625,7.2875,,11,621,40.6244,2838,
Z12,80,0.9,101,attraction,2,SUCCESS,1,8.3625,7.575,,12,669,57.9609,2858,
Z12,80,0.9,102,minorminer,2,SUCCESS,1,7.75,7.425,,11,620,57.7777,2841,
Z12,80,0.9,101,attraction,1,SUCCESS,1,8.4875,7.7125,,13,679,60.2341,2858,
Z12,100,0.9,102,template,-1,SUCCESS,1,7.96,7.96,8.0,8,796,0.0438,4457,
Z12,100,0.9,102,clique,-1,SUCCESS,1,8.0,7.96,,8,800,0.0269,4457,
Z12,80,0.9,101,attraction,3,SUCCESS,1,8.525,7.775,,13,682,60.1965,2858,
Z12,100,0.9,102,pssa,0,SUCCESS,1,7.96,7.96,,8,796,0.4009,4457,
Z12,100,0.9,102,pssa,1,SUCCESS,1,7.96,7.96,,8,796,0.3976,4457,
Z12,100,0.9,102,pssa,2,SUCCESS,1,7.96,7.96,,8,796,0.3947,4457,
Z12,100,0.9,102,pssa,3,SUCCESS,1,7.96,7.96,,8,796,0.3921,4457,
Z12,80,0.9,103,mmfork-cuthill,2,SUCCESS,1,8.1375,7.4,,12,651,45.6335,2838,
Z12,100,0.9,102,pssa,4,SUCCESS,1,7.96,7.96,,8,796,0.4023,4457,
Z12,80,0.9,103,mmfork-cuthill,3,SUCCESS,1,8.225,7.4625,,11,658,45.1035,2838,
Z12,100,0.9,101,mmfork-cuthill,2,SUCCESS,1,11.51,10.12,,18,1151,29.4786,4484,
Z12,80,0.9,102,attraction,3,SUCCESS,1,9.025,7.975,,14,722,51.2037,2841,
Z12,80,0.9,102,attraction,2,SUCCESS,1,8.6,7.6875,,13,688,54.7035,2841,
Z12,100,0.9,101,clmm,1,SUCCESS,1,8.0,7.96,,8,800,33.2482,4484,
Z12,100,0.9,101,clmm,0,SUCCESS,1,8.0,7.96,,8,800,34.4623,4484,
Z12,100,0.9,101,minorminer,0,SUCCESS,1,10.12,9.22,,15,1012,43.3281,4484,
Z12,80,0.9,102,attraction,1,SUCCESS,1,8.2125,7.45,,12,657,60.5125,2841,
Z12,80,0.9,102,attraction,4,SUCCESS,1,8.875,8.0625,,13,710,60.2162,2841,
Z12,100,0.9,101,clmm,4,SUCCESS,1,8.0,7.96,,8,800,35.5991,4484,
Z12,100,0.9,102,mmfork-cuthill,1,SUCCESS,1,12.25,10.64,,18,1225,26.3323,4457,
Z12,100,0.9,101,clmm,2,SUCCESS,1,7.95,7.93,,8,795,38.0666,4484,
Z12,100,0.9,101,clmm,3,SUCCESS,1,7.94,7.92,,8,794,39.0994,4484,
Z12,80,0.9,103,attraction,1,SUCCESS,1,8.4875,7.725,,13,679,54.2811,2838,
Z12,100,0.9,101,minorminer,3,SUCCESS,1,10.98,9.65,,16,1098,51.5694,4484,
Z12,80,0.9,103,attraction,4,SUCCESS,1,8.7625,7.85,,13,701,56.1474,2838,
Z12,100,0.9,101,minorminer,4,SUCCESS,1,10.77,9.55,,17,1077,54.8425,4484,
Z12,80,0.9,103,attraction,2,SUCCESS,1,9.6625,8.25,,14,773,60.3676,2838,
Z12,100,0.9,103,template,-1,SUCCESS,1,7.96,7.96,8.0,8,796,0.0425,4466,
Z12,100,0.9,102,mmfork-cuthill,3,SUCCESS,1,11.14,9.95,,17,1114,32.0843,4457,
Z12,100,0.9,103,clique,-1,SUCCESS,1,8.0,7.96,,8,800,0.0265,4466,
Z12,80,0.9,103,attraction,0,SUCCESS,1,9.025,7.8375,,13,722,60.8908,2838,
Z12,100,0.9,103,pssa,0,SUCCESS,1,7.96,7.96,,8,796,0.4044,4466,
Z12,100,0.9,103,pssa,2,SUCCESS,1,7.96,7.96,,8,796,0.4084,4466,
Z12,100,0.9,103,pssa,1,SUCCESS,1,7.96,7.96,,8,796,0.521,4466,
Z12,80,0.9,103,attraction,3,SUCCESS,1,8.6625,7.8875,,12,693,60.245,2838,
Z12,100,0.9,103,pssa,3,SUCCESS,1,7.96,7.96,,8,796,0.4061,4466,
Z12,100,0.9,103,pssa,4,SUCCESS,1,7.96,7.96,,8,796,0.4057,4466,
Z12,100,0.9,101,minorminer,1,SUCCESS,1,10.27,9.31,,16,1027,60.4023,4484,
Z12,100,0.9,101,minorminer,2,SUCCESS,1,11.36,10.02,,17,1136,60.9397,4484,
Z12,100,0.9,102,mmfork-cuthill,2,SUCCESS,1,11.41,10.39,,18,1141,37.6234,4457,
Z12,100,0.9,101,mmfork-cuthill,0,SUCCESS,1,11.18,9.84,,17,1118,61.5566,4484,
Z12,100,0.9,101,mmfork-cuthill,1,SUCCESS,1,10.48,9.29,,16,1048,60.9427,4484,
Z12,100,0.9,102,clmm,0,SUCCESS,1,8.0,7.96,,8,800,36.3484,4457,
Z12,100,0.9,101,mmfork-cuthill,4,SUCCESS,1,10.06,9.29,,16,1006,60.6233,4484,
Z12,100,0.9,101,mmfork-cuthill,3,SUCCESS,1,10.31,9.48,,16,1031,61.2154,4484,
Z12,100,0.9,102,clmm,1,SUCCESS,1,7.95,7.92,,8,795,38.966,4457,
Z12,100,0.9,102,clmm,3,SUCCESS,1,7.99,7.95,,8,799,38.695,4457,
Z12,100,0.9,102,clmm,2,SUCCESS,1,7.96,7.94,,8,796,39.6573,4457,
Z12,100,0.9,101,attraction,2,SUCCESS,1,13.21,11.23,,21,1321,60.2311,4484,
Z12,100,0.9,101,attraction,3,SUCCESS,1,12.4,10.64,,20,1240,60.1356,4484,
Z12,100,0.9,102,clmm,4,SUCCESS,1,7.97,7.95,,8,797,38.7494,4457,
Z12,100,0.9,102,minorminer,0,SUCCESS,1,10.37,9.45,,16,1037,60.259,4457,
Z12,100,0.9,101,attraction,0,SUCCESS,1,12.16,10.51,,19,1216,61.1011,4484,
Z12,100,0.9,101,attraction,4,SUCCESS,1,11.64,10.04,,19,1164,60.9075,4484,
Z12,100,0.9,101,attraction,1,SUCCESS,1,12.81,10.97,,20,1281,61.3544,4484,
Z12,140,0.9,101,template,-1,SUCCESS,1,10.45,10.45,11.0,11,1463,0.1678,8777,
Z12,140,0.9,101,clique,-1,SUCCESS,1,11.0,10.45,,11,1540,0.0254,8777,
Z12,140,0.9,101,pssa,0,SUCCESS,1,10.45,10.45,,11,1463,0.4597,8777,
Z12,140,0.9,101,pssa,1,SUCCESS,1,10.45,10.45,,11,1463,0.4629,8777,
Z12,140,0.9,101,pssa,2,SUCCESS,1,10.45,10.45,,11,1463,0.4556,8777,
Z12,140,0.9,101,pssa,3,SUCCESS,1,10.45,10.45,,11,1463,0.4544,8777,
Z12,100,0.9,102,minorminer,1,SUCCESS,1,10.7,9.44,,16,1070,61.6761,4457,
Z12,140,0.9,101,pssa,4,SUCCESS,1,10.45,10.45,,11,1463,0.4645,8777,
Z12,100,0.9,102,minorminer,2,SUCCESS,1,10.5,9.38,,16,1050,60.7446,4457,
Z12,100,0.9,102,mmfork-cuthill,0,SUCCESS,1,10.31,9.52,,16,1031,60.0301,4457,
Z12,100,0.9,102,minorminer,3,SUCCESS,1,10.58,9.35,,16,1058,60.8926,4457,
Z12,100,0.9,102,minorminer,4,SUCCESS,1,10.72,9.72,,17,1072,60.9887,4457,
Z12,100,0.9,103,clmm,0,SUCCESS,1,7.94,7.92,,8,794,34.7019,4466,
Z12,100,0.9,103,clmm,2,SUCCESS,1,8.0,7.96,,8,800,34.9377,4466,
Z12,100,0.9,103,mmfork-cuthill,2,SUCCESS,1,10.66,9.53,,16,1066,44.4292,4466,
Z12,100,0.9,103,clmm,1,SUCCESS,1,7.92,7.91,,8,792,38.548,4466,
Z12,100,0.9,102,mmfork-cuthill,4,SUCCESS,1,11.52,10.17,,17,1152,60.5455,4457,
Z12,100,0.9,103,clmm,4,SUCCESS,1,7.96,7.93,,8,796,39.3523,4466,
Z12,100,0.9,103,clmm,3,SUCCESS,1,7.99,7.96,,8,799,39.9431,4466,
Z12,100,0.9,103,mmfork-cuthill,4,SUCCESS,1,10.34,9.38,,16,1034,48.3822,4466,
Z12,100,0.9,102,attraction,3,SUCCESS,1,12.11,10.46,,20,1211,60.2106,4457,
Z12,100,0.9,102,attraction,1,SUCCESS,1,12.58,10.57,,20,1258,60.8832,4457,
Z12,100,0.9,103,minorminer,2,SUCCESS,1,10.77,9.64,,15,1077,54.8702,4466,
Z12,100,0.9,102,attraction,0,SUCCESS,1,11.77,10.22,,18,1177,61.0411,4457,
Z12,100,0.9,102,attraction,2,SUCCESS,1,13.52,11.48,,25,1352,61.1017,4457,
Z12,100,0.9,102,attraction,4,SUCCESS,1,11.7,10.17,,18,1170,61.5385,4457,
Z12,100,0.9,103,minorminer,0,SUCCESS,1,10.2,9.4,,15,1020,61.5717,4466,
Z12,140,0.9,102,template,-1,SUCCESS,1,10.4714,10.4714,11.0,11,1466,0.1661,8779,
Z12,140,0.9,102,clique,-1,SUCCESS,1,11.0,10.4714,,11,1540,0.0271,8779,
Z12,140,0.9,102,pssa,0,SUCCESS,1,10.4714,10.4714,,11,1466,0.4832,8779,
Z12,140,0.9,102,pssa,1,SUCCESS,1,10.4714,10.4714,,11,1466,0.4859,8779,
Z12,140,0.9,102,pssa,2,SUCCESS,1,10.4714,10.4714,,11,1466,0.4866,8779,
Z12,140,0.9,102,pssa,3,SUCCESS,1,10.4714,10.4714,,11,1466,0.4813,8779,
Z12,140,0.9,102,pssa,4,SUCCESS,1,10.4714,10.4714,,11,1466,0.4755,8779,
Z12,100,0.9,103,minorminer,1,SUCCESS,1,11.22,9.8,,17,1122,60.8087,4466,
Z12,100,0.9,103,mmfork-cuthill,3,SUCCESS,1,10.92,9.71,,16,1092,55.3318,4466,
Z12,100,0.9,103,minorminer,3,SUCCESS,1,10.11,9.14,,15,1011,61.1586,4466,
Z12,100,0.9,103,minorminer,4,SUCCESS,1,11.89,10.39,,18,1189,61.6925,4466,
Z12,100,0.9,103,mmfork-cuthill,1,SUCCESS,1,9.65,8.96,,15,965,60.4361,4466,
Z12,100,0.9,103,mmfork-cuthill,0,SUCCESS,1,11.01,9.84,,17,1101,61.3936,4466,
Z12,100,0.9,103,attraction,0,SUCCESS,1,11.55,9.88,,18,1155,60.1939,4466,
Z12,100,0.9,103,attraction,3,SUCCESS,1,13.39,11.46,,24,1339,60.2609,4466,
Z12,100,0.9,103,attraction,1,SUCCESS,1,11.8,10.36,,18,1180,60.731,4466,
Z12,100,0.9,103,attraction,2,SUCCESS,1,12.8,10.83,,20,1280,60.9387,4466,
Z12,100,0.9,103,attraction,4,SUCCESS,1,12.8,11.01,,21,1280,61.5399,4466,
Z12,140,0.9,101,minorminer,0,SUCCESS,1,17.9429,15.3857,,30,2512,61.3117,8777,
Z12,140,0.9,101,minorminer,1,SUCCESS,1,18.1357,15.2929,,30,2539,60.7395,8777,
Z12,140,0.9,101,minorminer,2,SUCCESS,1,25.4214,20.8714,,70,3559,60.3614,8777,
Z12,140,0.9,101,minorminer,3,SUCCESS,1,18.05,15.3143,,29,2527,60.0271,8777,
Z12,140,0.9,101,minorminer,4,SUCCESS,1,17.3429,14.8143,,30,2428,62.1247,8777,
Z12,140,0.9,101,mmfork-cuthill,1,SUCCESS,1,20.7286,16.9786,,33,2902,61.0905,8777,
Z12,140,0.9,101,mmfork-cuthill,0,SUCCESS,1,18.1643,15.4071,,29,2543,62.4654,8777,
Z12,140,0.9,101,mmfork-cuthill,2,SUCCESS,1,18.1786,15.4786,,32,2545,60.0966,8777,
Z12,140,0.9,103,template,-1,SUCCESS,1,10.4714,10.4714,11.0,11,1466,0.1674,8777,
Z12,140,0.9,103,clique,-1,SUCCESS,1,11.0,10.4714,,11,1540,0.0243,8777,
Z12,140,0.9,103,pssa,0,SUCCESS,1,10.4714,10.4714,,11,1466,0.5873,8777,
Z12,140,0.9,101,clmm,4,SUCCESS,1,10.95,10.45,,11,1533,60.4229,8777,
Z12,140,0.9,103,pssa,1,SUCCESS,1,10.4714,10.4714,,11,1466,0.6046,8777,
Z12,140,0.9,103,pssa,2,SUCCESS,1,10.4714,10.4714,,11,1466,0.4808,8777,
Z12,140,0.9,101,clmm,1,SUCCESS,1,10.9643,10.9357,,11,1535,61.8599,8777,
Z12,140,0.9,101,mmfork-cuthill,3,SUCCESS,1,17.6,15.2786,,27,2464,62.6312,8777,
Z12,140,0.9,103,pssa,3,SUCCESS,1,10.4714,10.4714,,11,1466,0.6032,8777,
Z12,140,0.9,103,pssa,4,SUCCESS,1,10.4714,10.4714,,11,1466,0.4654,8777,
Z12,140,0.9,101,mmfork-cuthill,4,SUCCESS,1,17.2571,14.9929,,26,2416,62.9694,8777,
Z12,140,0.9,101,clmm,3,SUCCESS,1,10.9571,10.9071,,11,1534,63.4505,8777,
Z12,140,0.9,101,clmm,0,SUCCESS,1,10.9286,10.4643,,11,1530,66.5396,8777,
Z12,140,0.9,101,clmm,2,SUCCESS,1,10.9643,10.9286,,11,1535,67.128,8777,
Z12,140,0.9,102,minorminer,0,SUCCESS,1,17.9357,15.2143,,28,2511,61.4163,8779,
Z12,140,0.9,102,minorminer,1,SUCCESS,1,19.75,16.8143,,33,2765,61.0185,8779,
Z12,140,0.9,101,attraction,3,FAILURE,0,,,,,,66.804,8777,status=FAILURE
Z12,140,0.9,101,attraction,2,FAILURE,0,,,,,,69.4921,8777,status=FAILURE
Z12,140,0.9,102,minorminer,2,SUCCESS,1,17.7214,15.0143,,28,2481,60.8395,8779,
Z12,140,0.9,101,attraction,1,FAILURE,0,,,,,,70.4966,8777,status=FAILURE
Z12,140,0.9,101,attraction,0,FAILURE,0,,,,,,70.8574,8777,status=FAILURE
Z12,140,0.9,102,minorminer,3,SUCCESS,1,18.0071,15.6,,29,2521,61.9293,8779,
Z12,140,0.9,101,attraction,4,FAILURE,0,,,,,,70.0285,8777,status=FAILURE
Z12,140,0.9,102,mmfork-cuthill,0,SUCCESS,1,17.2571,14.8929,,26,2416,60.9447,8779,
Z12,140,0.9,102,minorminer,4,SUCCESS,1,17.3571,14.8857,,29,2430,61.74,8779,
Z12,140,0.9,102,mmfork-cuthill,1,SUCCESS,1,17.2214,14.9643,,27,2411,61.3931,8779,
Z12,140,0.9,102,mmfork-cuthill,3,SUCCESS,1,16.8143,14.6143,,27,2354,60.3848,8779,
Z12,180,0.9,101,template,-1,SUCCESS,1,12.9722,12.9722,13.0,13,2335,0.2276,14519,
Z12,180,0.9,101,clique,-1,SUCCESS,1,13.0,12.9722,,13,2340,0.0272,14519,
Z12,180,0.9,101,pssa,0,SUCCESS,1,12.9722,12.9722,,13,2335,0.6193,14519,
Z12,140,0.9,102,mmfork-cuthill,4,SUCCESS,1,18.1071,15.3214,,28,2535,61.1206,8779,
Z12,140,0.9,102,mmfork-cuthill,2,SUCCESS,1,16.7,14.55,,30,2338,62.1938,8779,
Z12,180,0.9,101,pssa,2,SUCCESS,1,12.9722,12.9722,,13,2335,0.48,14519,
Z12,180,0.9,101,pssa,3,SUCCESS,1,12.9722,12.9722,,13,2335,0.4569,14519,
Z12,140,0.9,102,clmm,4,SUCCESS,1,10.9714,10.4571,,11,1536,60.8786,8779,
Z12,180,0.9,101,pssa,1,SUCCESS,1,12.9722,12.9722,,13,2335,0.6204,14519,
Z12,180,0.9,101,pssa,4,SUCCESS,1,12.9722,12.9722,,13,2335,0.4848,14519,
Z12,140,0.9,102,clmm,0,SUCCESS,1,10.9786,10.4714,,11,1537,62.6276,8779,
Z12,140,0.9,102,clmm,2,SUCCESS,1,10.9929,10.8143,,11,1539,63.6893,8779,
Z12,140,0.9,102,clmm,3,SUCCESS,1,10.9357,10.8643,,11,1531,64.4878,8779,
Z12,140,0.9,102,clmm,1,SUCCESS,1,10.9643,10.4714,,11,1535,67.0557,8779,
Z12,140,0.9,103,minorminer,2,SUCCESS,1,17.9714,15.3571,,29,2516,60.1745,8777,
Z12,140,0.9,103,minorminer,0,SUCCESS,1,18.7429,15.9786,,30,2624,62.8864,8777,
Z12,140,0.9,102,attraction,3,FAILURE,0,,,,,,66.7798,8779,status=FAILURE
Z12,140,0.9,103,minorminer,1,SUCCESS,1,21.2,17.65,,38,2968,62.2572,8777,
Z12,140,0.9,102,attraction,2,FAILURE,0,,,,,,69.0783,8779,status=FAILURE
Z12,140,0.9,102,attraction,1,FAILURE,0,,,,,,70.1381,8779,status=FAILURE
Z12,140,0.9,102,attraction,4,FAILURE,0,,,,,,67.8982,8779,status=FAILURE
Z12,140,0.9,102,attraction,0,FAILURE,0,,,,,,72.285,8779,status=FAILURE
Z12,140,0.9,103,minorminer,3,SUCCESS,1,23.05,18.8214,,42,3227,60.4842,8777,
Z12,140,0.9,103,mmfork-cuthill,0,SUCCESS,1,18.6071,15.6857,,30,2605,60.3355,8777,
Z12,140,0.9,103,minorminer,4,SUCCESS,1,17.1,14.6071,,32,2394,62.0134,8777,
Z12,140,0.9,103,mmfork-cuthill,2,SUCCESS,1,18.9571,16.0929,,32,2654,60.6105,8777,
Z12,140,0.9,103,mmfork-cuthill,1,SUCCESS,1,22.5929,18.3429,,36,3163,61.4014,8777,
Z12,180,0.9,102,template,-1,SUCCESS,1,12.9778,12.9778,13.0,13,2336,0.2318,14512,
Z12,180,0.9,102,clique,-1,SUCCESS,1,13.0,12.9778,,13,2340,0.0245,14512,
Z12,180,0.9,102,pssa,0,SUCCESS,1,12.9778,12.9778,,13,2336,0.4936,14512,
Z12,180,0.9,102,pssa,1,SUCCESS,1,12.9778,12.9778,,13,2336,0.4958,14512,
Z12,140,0.9,103,mmfork-cuthill,4,SUCCESS,1,17.4571,15.2857,,25,2444,60.5383,8777,
Z12,180,0.9,102,pssa,2,SUCCESS,1,12.9778,12.9778,,13,2336,0.6091,14512,
Z12,180,0.9,102,pssa,3,SUCCESS,1,12.9778,12.9778,,13,2336,0.5729,14512,
Z12,180,0.9,102,pssa,4,SUCCESS,1,12.9778,12.9778,,13,2336,0.5981,14512,
Z12,140,0.9,103,mmfork-cuthill,3,SUCCESS,1,22.9571,18.9929,,37,3214,62.2495,8777,
Z12,140,0.9,103,clmm,0,SUCCESS,1,10.9571,10.4786,,11,1534,60.8271,8777,
Z12,140,0.9,103,clmm,1,SUCCESS,1,10.9429,10.45,,11,1532,62.6622,8777,
Z12,140,0.9,103,clmm,3,SUCCESS,1,10.9214,10.8571,,11,1529,63.2201,8777,
Z12,140,0.9,103,clmm,2,SUCCESS,1,10.9357,10.8929,,11,1531,63.7219,8777,
Z12,140,0.9,103,clmm,4,SUCCESS,1,10.9429,10.75,,11,1532,63.1055,8777,
Z12,180,0.9,101,minorminer,0,FAILURE,0,,,,,,63.9241,14519,status=FAILURE
Z12,140,0.9,103,attraction,2,FAILURE,0,,,,,,69.1619,8777,status=FAILURE
Z12,140,0.9,103,attraction,4,FAILURE,0,,,,,,70.3365,8777,status=FAILURE
Z12,140,0.9,103,attraction,3,FAILURE,0,,,,,,71.4296,8777,status=FAILURE
Z12,140,0.9,103,attraction,1,FAILURE,0,,,,,,71.892,8777,status=FAILURE
Z12,140,0.9,103,attraction,0,FAILURE,0,,,,,,72.7446,8777,status=FAILURE
Z12,180,0.9,101,mmfork-cuthill,0,FAILURE,0,,,,,,63.4739,14519,status=FAILURE
Z12,180,0.9,101,mmfork-cuthill,4,FAILURE,0,,,,,,62.9473,14519,status=FAILURE
Z12,180,0.9,101,minorminer,2,FAILURE,0,,,,,,68.5108,14519,status=FAILURE
Z12,180,0.9,101,mmfork-cuthill,3,FAILURE,0,,,,,,63.2999,14519,status=FAILURE
Z12,180,0.9,101,minorminer,4,FAILURE,0,,,,,,68.6047,14519,status=FAILURE
Z12,180,0.9,101,minorminer,1,FAILURE,0,,,,,,72.56,14519,status=FAILURE
Z12,180,0.9,101,clmm,0,SUCCESS,1,12.9944,12.9722,,13,2339,63.1545,14519,
Z12,180,0.9,101,minorminer,3,FAILURE,0,,,,,,71.3631,14519,status=FAILURE
Z12,180,0.9,103,template,-1,SUCCESS,1,12.9778,12.9778,13.0,13,2336,0.2271,14561,
Z12,180,0.9,101,clmm,3,SUCCESS,1,12.9944,12.9778,,13,2339,60.9406,14519,
Z12,180,0.9,103,clique,-1,SUCCESS,1,13.0,12.9778,,13,2340,0.0274,14561,
Z12,180,0.9,103,pssa,0,SUCCESS,1,12.9778,12.9778,,13,2336,0.4836,14561,
Z12,180,0.9,103,pssa,1,SUCCESS,1,12.9778,12.9778,,13,2336,0.5679,14561,
Z12,180,0.9,103,pssa,2,SUCCESS,1,12.9778,12.9778,,13,2336,0.4852,14561,
Z12,180,0.9,103,pssa,3,SUCCESS,1,12.9778,12.9778,,13,2336,0.4812,14561,
Z12,180,0.9,103,pssa,4,SUCCESS,1,12.9778,12.9778,,13,2336,0.5742,14561,
Z12,180,0.9,101,clmm,1,SUCCESS,1,13.0,12.9722,,13,2340,65.7036,14519,
Z12,180,0.9,101,mmfork-cuthill,2,FAILURE,0,,,,,,71.4795,14519,status=FAILURE
Z12,180,0.9,101,mmfork-cuthill,1,FAILURE,0,,,,,,72.6584,14519,status=FAILURE
Z12,40,0.7,101,minorminer,0,SUCCESS,1,4.025,3.925,,6,161,0.956,530,
Z12,180,0.9,101,clmm,2,SUCCESS,1,13.0,12.9722,,13,2340,67.6041,14519,
Z12,40,0.7,101,minorminer,1,SUCCESS,1,3.95,3.8,,5,158,2.7003,530,
Z12,180,0.9,101,clmm,4,SUCCESS,1,12.9778,12.9667,,13,2336,67.385,14519,
Z12,40,0.7,101,minorminer,2,SUCCESS,1,4.05,3.95,,6,162,1.4955,530,
Z12,40,0.7,101,minorminer,4,SUCCESS,1,4.425,4.125,,6,177,1.6259,530,
Z12,40,0.7,101,minorminer,3,SUCCESS,1,4.075,3.925,,6,163,1.8452,530,
Z12,40,0.7,101,mmfork-cuthill,0,SUCCESS,1,4.1,3.975,,6,164,1.6181,530,
Z12,40,0.7,101,mmfork-cuthill,1,SUCCESS,1,3.75,3.675,,6,150,1.2831,530,
Z12,40,0.7,101,mmfork-cuthill,3,SUCCESS,1,3.9,3.875,,5,156,1.8687,530,
Z12,40,0.7,101,mmfork-cuthill,2,SUCCESS,1,3.95,3.875,,5,158,2.4792,530,
Z12,40,0.7,101,clmm,0,SUCCESS,1,3.95,3.875,,4,158,0.6934,530,
Z12,40,0.7,101,clmm,1,SUCCESS,1,4.0,3.9,,4,160,0.5947,530,
Z12,40,0.7,101,clmm,2,SUCCESS,1,4.0,3.9,,4,160,0.5657,530,
Z12,40,0.7,101,clmm,3,SUCCESS,1,3.975,3.9,,4,159,0.67,530,
Z12,40,0.7,101,template,-1,SUCCESS,1,3.9,3.9,4.0,4,156,0.0031,530,
Z12,40,0.7,101,clique,-1,SUCCESS,1,4.0,3.9,,4,160,0.0251,530,
Z12,40,0.7,101,mmfork-cuthill,4,SUCCESS,1,3.95,3.875,,5,158,2.7945,530,
Z12,40,0.7,101,pssa,1,SUCCESS,1,5.6,3.9,,7,224,0.2467,530,
Z12,40,0.7,101,pssa,0,SUCCESS,1,5.6,3.9,,7,224,0.2762,530,
Z12,180,0.9,102,minorminer,0,FAILURE,0,,,,,,65.989,14512,status=FAILURE
Z12,40,0.7,101,clmm,4,SUCCESS,1,3.95,3.9,,4,158,0.6464,530,
Z12,40,0.7,101,pssa,2,SUCCESS,1,5.6,3.9,,7,224,0.2553,530,
Z12,40,0.7,101,pssa,3,SUCCESS,1,5.6,3.9,,7,224,0.2797,530,
Z12,40,0.7,101,pssa,4,SUCCESS,1,5.6,3.9,,7,224,0.2706,530,
Z12,180,0.9,102,minorminer,4,FAILURE,0,,,,,,62.0152,14512,status=FAILURE
Z12,180,0.9,101,attraction,1,FAILURE,0,,,,,,73.9687,14519,status=FAILURE
Z12,180,0.9,101,attraction,3,FAILURE,0,,,,,,73.7271,14519,status=FAILURE
Z12,180,0.9,102,minorminer,1,FAILURE,0,,,,,,71.1441,14512,status=FAILURE
Z12,40,0.7,101,attraction,1,SUCCESS,1,4.55,4.3,,7,182,5.8275,530,
Z12,180,0.9,101,attraction,2,FAILURE,0,,,,,,74.5354,14519,status=FAILURE
Z12,40,0.7,101,attraction,0,SUCCESS,1,4.1,3.95,,6,164,6.5704,530,
Z12,40,0.7,101,attraction,2,SUCCESS,1,4.225,4.05,,6,169,6.5605,530,
Z12,180,0.9,101,attraction,0,FAILURE,0,,,,,,75.2711,14519,status=FAILURE
Z12,180,0.9,102,minorminer,2,FAILURE,0,,,,,,69.8958,14512,status=FAILURE
Z12,40,0.7,101,attraction,3,SUCCESS,1,4.125,3.825,,6,165,7.0187,530,
Z12,40,0.7,102,minorminer,1,SUCCESS,1,4.275,4.075,,6,171,1.4544,525,
Z12,180,0.9,101,attraction,4,FAILURE,0,,,,,,74.8709,14519,status=FAILURE
Z12,40,0.7,102,minorminer,2,SUCCESS,1,3.95,3.85,,5,158,1.7535,525,
Z12,40,0.7,102,clmm,0,SUCCESS,1,3.95,3.875,,4,158,0.6581,525,
Z12,40,0.7,102,clmm,1,SUCCESS,1,4.0,3.875,,4,160,0.6568,525,
Z12,40,0.7,102,clmm,2,SUCCESS,1,3.975,3.875,,4,159,0.6286,525,
Z12,40,0.7,102,template,-1,SUCCESS,1,3.875,3.875,4.0,4,155,0.0031,525,
Z12,40,0.7,102,clique,-1,SUCCESS,1,4.0,3.875,,4,160,0.0225,525,
Z12,40,0.7,102,mmfork-cuthill,1,SUCCESS,1,3.725,3.675,,5,149,1.6937,525,
Z12,40,0.7,102,pssa,0,SUCCESS,1,5.9,3.875,,7,236,0.25,525,
Z12,40,0.7,102,mmfork-cuthill,0,SUCCESS,1,4.0,3.825,,6,160,2.0845,525,
Z12,40,0.7,102,minorminer,3,SUCCESS,1,4.025,3.8,,6,161,2.7298,525,
Z12,40,0.7,102,minorminer,0,SUCCESS,1,3.8,3.775,,5,152,3.1649,525,
Z12,40,0.7,102,pssa,1,SUCCESS,1,5.9,3.875,,7,236,0.2616,525,
Z12,40,0.7,102,clmm,3,SUCCESS,1,3.975,3.9,,4,159,0.7057,525,
Z12,40,0.7,102,mmfork-cuthill,4,SUCCESS,1,3.825,3.75,,5,153,1.67,525,
Z12,40,0.7,102,clmm,4,SUCCESS,1,3.95,3.875,,4,158,0.6856,525,
Z12,40,0.7,102,pssa,3,SUCCESS,1,5.9,3.875,,7,236,0.2424,525,
Z12,40,0.7,102,pssa,2,SUCCESS,1,5.9,3.875,,7,236,0.2574,525,
Z12,40,0.7,102,pssa,4,SUCCESS,1,5.9,3.875,,7,236,0.2576,525,
Z12,40,0.7,102,minorminer,4,SUCCESS,1,3.75,3.65,,5,150,3.0153,525,
Z12,180,0.9,102,mmfork-cuthill,2,FAILURE,0,,,,,,66.4785,14512,status=FAILURE
Z12,40,0.7,102,mmfork-cuthill,2,SUCCESS,1,4.15,3.875,,6,166,2.6832,525,
Z12,40,0.7,101,attraction,4,SUCCESS,1,4.275,4.0,,6,171,6.4995,530,
Z12,180,0.9,102,mmfork-cuthill,4,FAILURE,0,,,,,,64.993,14512,status=FAILURE
Z12,180,0.9,102,minorminer,3,FAILURE,0,,,,,,69.6866,14512,status=FAILURE
Z12,40,0.7,103,minorminer,3,SUCCESS,1,4.05,3.95,,6,162,1.5171,531,
Z12,40,0.7,103,minorminer,0,SUCCESS,1,3.75,3.65,,5,150,1.8134,531,
Z12,40,0.7,103,minorminer,1,SUCCESS,1,4.225,4.1,,6,169,1.8366,531,
Z12,40,0.7,103,minorminer,2,SUCCESS,1,3.85,3.775,,6,154,1.9971,531,
Z12,40,0.7,103,mmfork-cuthill,2,SUCCESS,1,4.05,3.825,,5,162,1.1317,531,
Z12,180,0.9,102,mmfork-cuthill,1,FAILURE,0,,,,,,68.5966,14512,status=FAILURE
Z12,40,0.7,103,clmm,0,SUCCESS,1,4.0,3.85,,4,160,0.5563,531,
Z12,40,0.7,103,template,-1,SUCCESS,1,3.85,3.85,4.0,4,154,0.005,531,
Z12,40,0.7,103,clique,-1,SUCCESS,1,4.0,3.85,,4,160,0.0247,531,
Z12,40,0.7,103,clmm,1,SUCCESS,1,4.0,3.85,,4,160,0.5857,531,
Z12,180,0.9,102,mmfork-cuthill,0,FAILURE,0,,,,,,69.3851,14512,status=FAILURE
Z12,40,0.7,102,mmfork-cuthill,3,SUCCESS,1,3.7,3.675,,5,148,4.3909,525,
Z12,40,0.7,103,mmfork-cuthill,0,SUCCESS,1,3.925,3.85,,6,157,2.0875,531,
Z12,40,0.7,103,clmm,2,SUCCESS,1,4.0,3.85,,4,160,0.6264,531,
Z12,40,0.7,103,pssa,0,SUCCESS,1,5.55,3.825,,7,222,0.2708,531,
Z12,180,0.9,102,clmm,0,SUCCESS,1,13.0,12.9778,,13,2340,66.2487,14512,
Z12,40,0.7,103,pssa,1,SUCCESS,1,5.55,3.825,,7,222,0.2589,531,
Z12,40,0.7,103,minorminer,4,SUCCESS,1,4.0,3.875,,6,160,2.2324,531,
Z12,40,0.7,103,pssa,2,SUCCESS,1,5.55,3.825,,7,222,0.2608,531,
Z12,40,0.7,103,clmm,3,SUCCESS,1,4.0,3.85,,4,160,0.5933,531,
Z12,40,0.7,103,pssa,3,SUCCESS,1,5.55,3.825,,7,222,0.2768,531,
Z12,40,0.7,103,pssa,4,SUCCESS,1,5.55,3.825,,7,222,0.2781,531,
Z12,40,0.7,103,clmm,4,SUCCESS,1,4.0,3.85,,4,160,0.6046,531,
Z12,180,0.9,102,mmfork-cuthill,3,FAILURE,0,,,,,,68.9272,14512,status=FAILURE
Z12,40,0.7,103,mmfork-cuthill,3,SUCCESS,1,4.2,3.9,,6,168,1.7892,531,
Z12,40,0.7,103,mmfork-cuthill,1,SUCCESS,1,3.975,3.925,,5,159,2.6345,531,
Z12,40,0.7,103,mmfork-cuthill,4,SUCCESS,1,3.8,3.725,,5,152,2.9823,531,
Z12,40,0.7,102,attraction,3,SUCCESS,1,4.15,4.0,,6,166,5.861,525,
Z12,40,0.7,102,attraction,0,SUCCESS,1,3.875,3.775,,6,155,6.2937,525,
Z12,40,0.7,102,attraction,4,SUCCESS,1,3.675,3.65,,5,147,6.3224,525,
Z12,40,0.7,102,attraction,2,SUCCESS,1,3.95,3.8,,6,158,7.0542,525,
Z12,40,0.7,102,attraction,1,SUCCESS,1,3.925,3.875,,5,157,7.5538,525,
Z12,60,0.7,101,minorminer,1,SUCCESS,1,6.4333,5.8333,,9,386,5.6224,1192,
Z12,40,0.7,103,attraction,3,SUCCESS,1,4.325,4.2,,6,173,6.4916,531,
Z12,60,0.7,101,template,-1,SUCCESS,1,5.4167,5.4167,6.0,6,325,0.0137,1192,
Z12,60,0.7,101,clique,-1,SUCCESS,1,6.0,5.4167,,6,360,0.0253,1192,
Z12,40,0.7,103,attraction,2,SUCCESS,1,4.125,3.925,,6,165,6.6125,531,
Z12,60,0.7,101,clmm,1,SUCCESS,1,5.8833,5.75,,6,353,3.1032,1192,
Z12,40,0.7,103,attraction,0,SUCCESS,1,4.1,3.975,,6,164,6.7765,531,
Z12,40,0.7,103,attraction,1,SUCCESS,1,3.775,3.65,,5,151,6.8407,531,
Z12,60,0.7,101,clmm,0,SUCCESS,1,5.7667,5.6833,,6,346,3.5379,1192,
Z12,60,0.7,101,pssa,1,SUCCESS,1,6.2667,5.4167,,7,376,0.2924,1192,
Z12,60,0.7,101,pssa,0,SUCCESS,1,6.2667,5.4167,,7,376,0.3114,1192,
Z12,60,0.7,101,mmfork-cuthill,3,SUCCESS,1,6.3167,5.8667,,9,379,4.9579,1192,
Z12,60,0.7,101,pssa,3,SUCCESS,1,6.2667,5.4167,,7,376,0.309,1192,
Z12,60,0.7,101,pssa,2,SUCCESS,1,6.2667,5.4167,,7,376,0.3145,1192,
Z12,180,0.9,102,clmm,2,SUCCESS,1,13.0,12.9778,,13,2340,64.3043,14512,
Z12,60,0.7,101,pssa,4,SUCCESS,1,6.2667,5.4167,,7,376,0.3105,1192,
Z12,180,0.9,102,clmm,1,SUCCESS,1,13.0,12.9778,,13,2340,64.9764,14512,
Z12,60,0.7,101,clmm,2,SUCCESS,1,5.6333,5.5833,,6,338,3.7189,1192,
Z12,60,0.7,101,minorminer,2,SUCCESS,1,6.1333,5.7167,,9,368,7.9854,1192,
Z12,60,0.7,101,clmm,3,SUCCESS,1,5.8333,5.7,,6,350,3.5457,1192,
Z12,180,0.9,102,clmm,3,SUCCESS,1,13.0,12.9778,,13,2340,63.8777,14512,
Z12,60,0.7,101,mmfork-cuthill,2,SUCCESS,1,6.1167,5.6833,,9,367,7.4567,1192,
Z12,60,0.7,101,mmfork-cuthill,0,SUCCESS,1,6.0667,5.7,,9,364,7.7766,1192,
Z12,40,0.7,103,attraction,4,SUCCESS,1,4.025,3.9,,5,161,8.5837,531,
Z12,180,0.9,102,clmm,4,SUCCESS,1,13.0,12.9778,,13,2340,64.2067,14512,
Z12,60,0.7,101,minorminer,0,SUCCESS,1,5.8,5.55,,8,348,8.6746,1192,
Z12,60,0.7,101,clmm,4,SUCCESS,1,5.8667,5.8,,6,352,3.2234,1192,
Z12,60,0.7,101,minorminer,3,SUCCESS,1,5.8333,5.4667,,8,350,9.4469,1192,
Z12,60,0.7,101,mmfork-cuthill,4,SUCCESS,1,6.3333,5.8833,,9,380,7.5122,1192,
Z12,60,0.7,102,template,-1,SUCCESS,1,5.4333,5.4333,6.0,6,326,0.014,1201,
Z12,60,0.7,102,clique,-1,SUCCESS,1,6.0,5.4333,,6,360,0.0235,1201,
Z12,60,0.7,102,pssa,0,SUCCESS,1,6.2167,5.4333,,7,373,0.4176,1201,
Z12,60,0.7,102,pssa,1,SUCCESS,1,6.2167,5.4333,,7,373,0.3123,1201,
Z12,60,0.7,102,pssa,2,SUCCESS,1,6.2167,5.4333,,7,373,0.313,1201,
Z12,60,0.7,102,minorminer,2,SUCCESS,1,6.2333,5.85,,10,374,4.6959,1201,
Z12,60,0.7,102,clmm,0,SUCCESS,1,5.8833,5.3833,,6,353,3.3662,1201,
Z12,60,0.7,102,clmm,1,SUCCESS,1,5.7833,5.7333,,6,347,3.2368,1201,
Z12,60,0.7,102,pssa,4,SUCCESS,1,6.2167,5.4333,,7,373,0.3043,1201,
Z12,60,0.7,102,clmm,2,SUCCESS,1,5.8,5.7333,,6,348,3.511,1201,
Z12,60,0.7,101,mmfork-cuthill,1,SUCCESS,1,6.1333,5.75,,9,368,11.5031,1192,
Z12,60,0.7,102,pssa,3,SUCCESS,1,6.2167,5.4333,,7,373,0.4273,1201,
Z12,60,0.7,102,clmm,3,SUCCESS,1,5.8,5.7667,,6,348,3.401,1201,
Z12,60,0.7,102,clmm,4,SUCCESS,1,5.85,5.8167,,6,351,3.5953,1201,
Z12,60,0.7,102,minorminer,3,SUCCESS,1,6.0833,5.6833,,9,365,7.4028,1201,
Z12,60,0.7,102,minorminer,4,SUCCESS,1,6.15,5.7333,,9,369,8.436,1201,
Z12,60,0.7,101,minorminer,4,SUCCESS,1,5.9667,5.5667,,9,358,16.1677,1192,
Z12,60,0.7,102,mmfork-cuthill,0,SUCCESS,1,6.3333,5.8167,,9,380,9.5016,1201,
Z12,60,0.7,103,minorminer,2,SUCCESS,1,6.3833,5.8,,10,383,4.4428,1230,
Z12,60,0.7,102,mmfork-cuthill,4,SUCCESS,1,6.0833,5.8,,9,365,9.7031,1201,
Z12,180,0.9,103,minorminer,1,FAILURE,0,,,,,,62.745,14561,status=FAILURE
Z12,60,0.7,102,mmfork-cuthill,1,SUCCESS,1,5.8667,5.5333,,8,352,11.2086,1201,
Z12,60,0.7,103,minorminer,3,SUCCESS,1,6.6167,6.05,,11,397,5.6307,1230,
Z12,60,0.7,102,mmfork-cuthill,3,SUCCESS,1,5.8833,5.6333,,8,353,12.3558,1201,
Z12,60,0.7,101,attraction,1,SUCCESS,1,6.3667,5.75,,10,382,13.9921,1192,
Z12,180,0.9,102,attraction,1,FAILURE,0,,,,,,72.9549,14512,status=FAILURE
Z12,60,0.7,102,mmfork-cuthill,2,SUCCESS,1,5.7333,5.4333,,8,344,13.0275,1201,
Z12,60,0.7,103,template,-1,SUCCESS,1,5.4167,5.4167,6.0,6,325,0.0146,1230,
Z12,60,0.7,103,clique,-1,SUCCESS,1,6.0,5.4167,,6,360,0.0243,1230,
Z12,60,0.7,103,pssa,0,SUCCESS,1,6.0167,5.4167,,7,361,0.2968,1230,
Z12,180,0.9,102,attraction,0,FAILURE,0,,,,,,74.4455,14512,status=FAILURE
Z12,60,0.7,103,pssa,1,SUCCESS,1,6.0167,5.4167,,7,361,0.3046,1230,
Z12,60,0.7,103,pssa,2,SUCCESS,1,6.0167,5.4167,,7,361,0.2935,1230,
Z12,180,0.9,103,minorminer,0,FAILURE,0,,,,,,66.5027,14561,status=FAILURE
Z12,60,0.7,103,pssa,3,SUCCESS,1,6.0167,5.4167,,7,361,0.3033,1230,
Z12,60,0.7,103,mmfork-cuthill,0,SUCCESS,1,5.8167,5.4667,,8,349,5.9602,1230,
Z12,60,0.7,103,pssa,4,SUCCESS,1,6.0167,5.4167,,7,361,0.3041,1230,
Z12,180,0.9,102,attraction,2,FAILURE,0,,,,,,74.3566,14512,status=FAILURE
Z12,60,0.7,103,clmm,0,SUCCESS,1,5.8667,5.7667,,6,352,3.9068,1230,
Z12,60,0.7,103,minorminer,0,SUCCESS,1,5.95,5.7,,8,357,11.3125,1230,
Z12,60,0.7,103,clmm,3,SUCCESS,1,5.8333,5.6833,,6,350,2.9666,1230,
Z12,60,0.7,103,clmm,2,SUCCESS,1,5.7,5.6667,,6,342,3.2501,1230,
Z12,60,0.7,103,clmm,1,SUCCESS,1,5.7333,5.6833,,6,344,3.6941,1230,
Z12,180,0.9,102,attraction,3,FAILURE,0,,,,,,75.2739,14512,status=FAILURE
Z12,60,0.7,103,clmm,4,SUCCESS,1,5.8333,5.7333,,6,350,3.4067,1230,
Z12,60,0.7,103,minorminer,1,SUCCESS,1,6.2167,5.8167,,9,373,12.447,1230,
Z12,60,0.7,101,attraction,0,SUCCESS,1,6.1833,5.75,,10,371,18.7304,1192,
Z12,60,0.7,101,attraction,3,SUCCESS,1,6.1833,5.7333,,9,371,18.788,1192,
Z12,180,0.9,102,attraction,4,FAILURE,0,,,,,,73.9386,14512,status=FAILURE
Z12,60,0.7,103,mmfork-cuthill,2,SUCCESS,1,6.1,5.7,,9,366,8.6203,1230,
Z12,180,0.9,103,minorminer,2,FAILURE,0,,,,,,70.1131,14561,status=FAILURE
Z12,60,0.7,103,mmfork-cuthill,1,SUCCESS,1,5.9833,5.5333,,9,359,9.4429,1230,
Z12,60,0.7,102,minorminer,1,SUCCESS,1,5.7333,5.4,,8,344,20.477,1201,
Z12,180,0.9,103,mmfork-cuthill,0,FAILURE,0,,,,,,60.8143,14561,status=FAILURE
Z12,80,0.7,101,template,-1,SUCCESS,1,6.4375,6.4375,7.0,7,515,0.0284,2164,
Z12,80,0.7,101,clique,-1,SUCCESS,1,7.0,6.4375,,7,560,0.0227,2164,
Z12,60,0.7,102,minorminer,0,SUCCESS,1,5.8333,5.5,,8,350,21.0585,1201,
Z12,60,0.7,103,minorminer,4,SUCCESS,1,6.0833,5.7833,,8,365,11.8716,1230,
Z12,60,0.7,102,attraction,3,SUCCESS,1,6.4,5.8167,,9,384,16.0309,1201,
Z12,80,0.7,101,pssa,0,SUCCESS,1,6.4875,6.45,,7,519,0.3409,2164,
Z12,80,0.7,101,pssa,1,SUCCESS,1,6.4875,6.45,,7,519,0.3683,2164,
Z12,80,0.7,101,pssa,2,SUCCESS,1,6.4875,6.45,,7,519,0.3662,2164,
Z12,80,0.7,101,pssa,3,SUCCESS,1,6.4875,6.45,,7,519,0.3242,2164,
Z12,80,0.7,101,pssa,4,SUCCESS,1,6.4875,6.45,,7,519,0.3576,2164,
Z12,60,0.7,102,attraction,0,SUCCESS,1,6.4833,6.0167,,10,389,17.6517,1201,
Z12,60,0.7,103,mmfork-cuthill,4,SUCCESS,1,5.8167,5.5167,,8,349,11.2381,1230,
Z12,180,0.9,103,clmm,1,SUCCESS,1,13.0,12.9778,,13,2340,60.8466,14561,
Z12,60,0.7,101,attraction,2,SUCCESS,1,6.1333,5.6667,,9,368,24.6565,1192,
Z12,180,0.9,103,clmm,2,SUCCESS,1,13.0,12.9778,,13,2340,61.6299,14561,
Z12,180,0.9,103,mmfork-cuthill,3,FAILURE,0,,,,,,64.7419,14561,status=FAILURE
Z12,180,0.9,103,mmfork-cuthill,1,FAILURE,0,,,,,,65.8479,14561,status=FAILURE
Z12,180,0.9,103,minorminer,4,FAILURE,0,,,,,,68.8023,14561,status=FAILURE
Z12,60,0.7,102,attraction,2,SUCCESS,1,6.0167,5.65,,8,361,22.4611,1201,
Z12,180,0.9,103,minorminer,3,FAILURE,0,,,,,,73.24,14561,status=FAILURE
Z12,80,0.7,101,clmm,1,SUCCESS,1,6.9,6.875,,7,552,9.328,2164,
Z12,180,0.9,103,mmfork-cuthill,2,FAILURE,0,,,,,,68.0256,14561,status=FAILURE
Z12,180,0.9,103,clmm,0,SUCCESS,1,13.0,12.9778,,13,2340,66.1489,14561,
Z12,80,0.7,101,clmm,0,SUCCESS,1,6.925,6.8625,,7,554,10.9613,2164,
Z12,60,0.7,102,attraction,4,SUCCESS,1,6.0833,5.5667,,9,365,24.6465,1201,
Z12,80,0.7,101,clmm,2,SUCCESS,1,6.8875,6.8,,7,551,10.9418,2164,
Z12,180,0.9,103,clmm,3,SUCCESS,1,13.0,12.9778,,13,2340,64.4965,14561,
Z12,80,0.7,102,template,-1,SUCCESS,1,6.4375,6.4375,7.0,7,515,0.0216,2175,
Z12,80,0.7,101,clmm,4,SUCCESS,1,6.9125,6.8375,,7,553,9.8528,2164,
Z12,80,0.7,102,clique,-1,SUCCESS,1,7.0,6.4375,,7,560,0.0276,2175,
Z12,60,0.7,102,attraction,1,SUCCESS,1,5.75,5.3333,,8,345,25.6353,1201,
Z12,60,0.7,101,attraction,4,SUCCESS,1,5.8167,5.4833,,8,349,30.8131,1192,
Z12,80,0.7,102,pssa,0,SUCCESS,1,6.4875,6.45,,7,519,0.3597,2175,
Z12,80,0.7,102,pssa,1,SUCCESS,1,6.4875,6.45,,7,519,0.371,2175,
Z12,80,0.7,102,pssa,2,SUCCESS,1,6.4875,6.45,,7,519,0.3438,2175,
Z12,80,0.7,101,clmm,3,SUCCESS,1,6.9125,6.8375,,7,553,11.0774,2164,
Z12,80,0.7,102,pssa,3,SUCCESS,1,6.4875,6.45,,7,519,0.3648,2175,
Z12,60,0.7,103,mmfork-cuthill,3,SUCCESS,1,5.8333,5.4833,,8,350,20.1032,1230,
Z12,80,0.7,102,pssa,4,SUCCESS,1,6.4875,6.45,,7,519,0.4718,2175,
Z12,180,0.9,103,mmfork-cuthill,4,FAILURE,0,,,,,,70.3101,14561,status=FAILURE
Z12,180,0.9,103,clmm,4,SUCCESS,1,13.0,12.9778,,13,2340,66.8309,14561,
Z12,60,0.7,103,attraction,2,SUCCESS,1,6.1167,5.8333,,9,367,18.0945,1230,
Z12,60,0.7,103,attraction,0,SUCCESS,1,6.4167,5.9,,9,385,19.2004,1230,
Z12,60,0.7,103,attraction,4,SUCCESS,1,6.0,5.65,,8,360,20.6422,1230,
Z12,60,0.7,103,attraction,3,SUCCESS,1,5.85,5.55,,8,351,21.3007,1230,
Z12,80,0.7,101,minorminer,3,SUCCESS,1,8.1875,7.3875,,12,655,19.7889,2164,
Z12,80,0.7,102,minorminer,3,SUCCESS,1,9.5875,8.55,,14,767,12.8068,2175,
Z12,80,0.7,101,mmfork-cuthill,2,SUCCESS,1,8.1875,7.5875,,12,655,19.9902,2164,
Z12,60,0.7,103,attraction,1,SUCCESS,1,6.1,5.6667,,9,366,23.4261,1230,
Z12,80,0.7,102,clmm,1,SUCCESS,1,6.95,6.85,,7,556,9.539,2175,
Z12,80,0.7,102,clmm,2,SUCCESS,1,6.95,6.8,,7,556,9.7356,2175,
Z12,80,0.7,102,clmm,3,SUCCESS,1,6.925,6.8125,,7,554,9.8295,2175,
Z12,80,0.7,102,clmm,0,SUCCESS,1,6.8375,6.8,,7,547,11.4793,2175,
Z12,80,0.7,102,clmm,4,SUCCESS,1,6.875,6.8375,,7,550,10.0006,2175,
Z12,80,0.7,103,template,-1,SUCCESS,1,6.45,6.45,7.0,7,516,0.0277,2186,
Z12,80,0.7,103,clique,-1,SUCCESS,1,7.0,6.45,,7,560,0.0255,2186,
Z12,80,0.7,101,minorminer,1,SUCCESS,1,8.425,7.6625,,12,674,23.9063,2164,
Z12,80,0.7,101,mmfork-cuthill,4,SUCCESS,1,7.75,7.3375,,12,620,21.9726,2164,
Z12,80,0.7,103,pssa,0,SUCCESS,1,6.475,6.45,,7,518,0.3431,2186,
Z12,80,0.7,103,pssa,1,SUCCESS,1,6.475,6.45,,7,518,0.4435,2186,
Z12,80,0.7,103,pssa,2,SUCCESS,1,6.475,6.45,,7,518,0.4574,2186,
Z12,80,0.7,103,pssa,3,SUCCESS,1,6.475,6.45,,7,518,0.3327,2186,
Z12,80,0.7,103,pssa,4,SUCCESS,1,6.475,6.45,,7,518,0.3294,2186,
Z12,80,0.7,102,mmfork-cuthill,3,SUCCESS,1,8.575,7.9,,13,686,13.7228,2175,
Z12,180,0.9,103,attraction,2,FAILURE,0,,,,,,72.3797,14561,status=FAILURE
Z12,80,0.7,101,minorminer,2,SUCCESS,1,7.925,7.2375,,12,634,25.2536,2164,
Z12,180,0.9,103,attraction,0,FAILURE,0,,,,,,75.0083,14561,status=FAILURE
Z12,180,0.9,103,attraction,3,FAILURE,0,,,,,,73.8932,14561,status=FAILURE
Z12,80,0.7,103,minorminer,0,SUCCESS,1,8.0125,7.4125,,12,641,13.7694,2186,
Z12,180,0.9,103,attraction,1,FAILURE,0,,,,,,75.8359,14561,status=FAILURE
Z12,180,0.9,103,attraction,4,FAILURE,0,,,,,,74.84,14561,status=FAILURE
Z12,80,0.7,102,minorminer,1,SUCCESS,1,8.3,7.55,,12,664,22.1538,2175,
Z12,80,0.7,101,mmfork-cuthill,3,SUCCESS,1,7.7375,7.25,,11,619,27.522,2164,
Z12,80,0.7,102,mmfork-cuthill,1,SUCCESS,1,8.2125,7.675,,12,657,19.4674,2175,
Z12,80,0.7,101,minorminer,4,SUCCESS,1,8.1625,7.475,,11,653,31.2294,2164,
Z12,80,0.7,102,minorminer,0,SUCCESS,1,8.1,7.475,,12,648,25.4583,2175,
Z12,80,0.7,101,mmfork-cuthill,1,SUCCESS,1,7.4875,7.0125,,11,599,31.2288,2164,
Z12,80,0.7,103,clmm,1,SUCCESS,1,7.0,6.45,,7,560,9.8983,2186,
Z12,80,0.7,102,mmfork-cuthill,0,SUCCESS,1,7.6375,7.1375,,11,611,22.9714,2175,
Z12,80,0.7,103,clmm,0,SUCCESS,1,6.9375,6.7625,,7,555,10.6962,2186,
Z12,80,0.7,102,minorminer,4,SUCCESS,1,8.125,7.475,,12,650,24.6709,2175,
Z12,100,0.7,101,template,-1,SUCCESS,1,7.91,7.91,8.0,8,791,0.0374,3408,
Z12,100,0.7,101,clique,-1,SUCCESS,1,8.0,7.91,,8,800,0.0231,3408,
Z12,80,0.7,103,clmm,2,SUCCESS,1,6.9375,6.775,,7,555,11.3759,2186,
Z12,80,0.7,103,clmm,4,SUCCESS,1,6.9375,6.775,,7,555,10.7715,2186,
Z12,100,0.7,101,pssa,0,SUCCESS,1,7.91,7.91,,8,791,0.3826,3408,
Z12,100,0.7,101,pssa,1,SUCCESS,1,7.91,7.91,,8,791,0.3963,3408,
Z12,80,0.7,102,mmfork-cuthill,4,SUCCESS,1,7.8,7.2375,,11,624,22.813,2175,
Z12,100,0.7,101,pssa,2,SUCCESS,1,7.91,7.91,,8,791,0.5108,3408,
Z12,100,0.7,101,pssa,3,SUCCESS,1,7.91,7.91,,8,791,0.3941,3408,
Z12,100,0.7,101,pssa,4,SUCCESS,1,7.91,7.91,,8,791,0.4006,3408,
Z12,80,0.7,101,minorminer,0,SUCCESS,1,8.475,7.7125,,12,678,35.6558,2164,
Z12,80,0.7,103,clmm,3,SUCCESS,1,6.875,6.8125,,7,550,12.2119,2186,
Z12,80,0.7,103,minorminer,4,SUCCESS,1,8.25,7.6875,,12,660,18.3383,2186,
Z12,80,0.7,103,mmfork-cuthill,1,SUCCESS,1,8.6,7.7625,,13,688,17.0692,2186,
Z12,80,0.7,103,minorminer,3,SUCCESS,1,8.2875,7.65,,12,663,21.7212,2186,
Z12,80,0.7,103,minorminer,2,SUCCESS,1,8.5125,7.7875,,13,681,22.4289,2186,
Z12,80,0.7,103,minorminer,1,SUCCESS,1,8.225,7.4875,,12,658,23.9564,2186,
Z12,80,0.7,103,mmfork-cuthill,4,SUCCESS,1,7.975,7.5125,,12,638,18.5928,2186,
Z12,80,0.7,103,mmfork-cuthill,0,SUCCESS,1,8.0375,7.5375,,12,643,20.4531,2186,
Z12,80,0.7,101,mmfork-cuthill,0,SUCCESS,1,7.825,7.2875,,11,626,41.2268,2164,
Z12,80,0.7,102,mmfork-cuthill,2,SUCCESS,1,7.625,7.175,,11,610,32.4016,2175,
Z12,80,0.7,103,mmfork-cuthill,3,SUCCESS,1,8.1,7.5875,,13,648,22.8906,2186,
Z12,80,0.7,103,mmfork-cuthill,2,SUCCESS,1,7.8375,7.4125,,12,627,25.8974,2186,
Z12,80,0.7,102,attraction,2,SUCCESS,1,9.4625,8.725,,15,757,31.8705,2175,
Z12,80,0.7,101,attraction,1,SUCCESS,1,8.5375,7.7875,,12,683,42.9617,2164,
Z12,100,0.7,101,clmm,4,SUCCESS,1,7.97,7.93,,8,797,21.0791,3408,
Z12,100,0.7,101,mmfork-cuthill,2,SUCCESS,1,10.68,9.76,,15,1068,25.2463,3408,
Z12,100,0.7,102,template,-1,SUCCESS,1,7.95,7.95,8.0,8,795,0.0378,3447,
Z12,80,0.7,102,attraction,3,SUCCESS,1,8.5875,7.9625,,13,687,40.281,2175,
Z12,100,0.7,102,clique,-1,SUCCESS,1,8.0,7.95,,8,800,0.0258,3447,
Z12,100,0.7,101,clmm,1,SUCCESS,1,8.0,7.91,,8,800,23.117,3408,
Z12,100,0.7,102,pssa,0,SUCCESS,1,7.95,7.95,,8,795,0.3874,3447,
Z12,100,0.7,102,pssa,1,SUCCESS,1,7.95,7.95,,8,795,0.3961,3447,
Z12,100,0.7,101,clmm,2,SUCCESS,1,7.94,7.9,,8,794,23.5165,3408,
Z12,100,0.7,102,pssa,2,SUCCESS,1,7.95,7.95,,8,795,0.5133,3447,
Z12,100,0.7,102,pssa,4,SUCCESS,1,7.95,7.95,,8,795,0.4012,3447,
Z12,100,0.7,102,pssa,3,SUCCESS,1,7.95,7.95,,8,795,0.4956,3447,
Z12,100,0.7,101,clmm,0,SUCCESS,1,8.0,7.91,,8,800,24.1491,3408,
Z12,80,0.7,101,attraction,0,SUCCESS,1,8.375,7.6375,,13,670,52.1747,2164,
Z12,80,0.7,102,attraction,1,SUCCESS,1,8.35,7.55,,13,668,42.9292,2175,
Z12,100,0.7,102,mmfork-cuthill,0,SUCCESS,1,11.39,9.95,,17,1139,18.1041,3447,
Z12,100,0.7,101,minorminer,0,SUCCESS,1,10.24,9.28,,16,1024,33.254,3408,
Z12,100,0.7,101,minorminer,1,SUCCESS,1,10.7,9.59,,17,1070,32.3059,3408,
Z12,80,0.7,102,attraction,4,SUCCESS,1,8.575,7.7375,,13,686,45.4536,2175,
Z12,100,0.7,101,clmm,3,SUCCESS,1,7.99,7.92,,8,799,27.7095,3408,
Z12,80,0.7,102,minorminer,2,SUCCESS,1,7.8,7.2875,,11,624,53.5078,2175,
Z12,80,0.7,101,attraction,3,SUCCESS,1,7.9625,7.425,,13,637,60.0797,2164,
Z12,80,0.7,101,attraction,2,SUCCESS,1,8.0,7.3125,,11,640,60.1292,2164,
Z12,80,0.7,101,attraction,4,SUCCESS,1,8.6375,8.0875,,12,691,60.2805,2164,
Z12,80,0.7,103,attraction,4,SUCCESS,1,8.7375,7.85,,14,699,43.6496,2186,
Z12,100,0.7,101,mmfork-cuthill,3,SUCCESS,1,10.58,9.65,,15,1058,40.5461,3408,
Z12,100,0.7,102,minorminer,0,SUCCESS,1,11.02,10.04,,17,1102,35.2676,3447,
Z12,100,0.7,101,mmfork-cuthill,0,SUCCESS,1,10.25,9.48,,15,1025,42.1632,3408,
Z12,100,0.7,102,clmm,1,SUCCESS,1,7.98,7.94,,8,798,25.2847,3447,
Z12,100,0.7,103,template,-1,SUCCESS,1,7.96,7.96,8.0,8,796,0.0344,3446,
Z12,100,0.7,103,clique,-1,SUCCESS,1,8.0,7.96,,8,800,0.0237,3446,
Z12,100,0.7,103,pssa,0,SUCCESS,1,7.96,7.96,,8,796,0.4993,3446,
Z12,100,0.7,101,minorminer,3,SUCCESS,1,10.58,9.61,,16,1058,43.7665,3408,
Z12,100,0.7,103,pssa,1,SUCCESS,1,7.96,7.96,,8,796,0.5032,3446,
Z12,100,0.7,103,pssa,2,SUCCESS,1,7.96,7.96,,8,796,0.5103,3446,
Z12,100,0.7,103,pssa,3,SUCCESS,1,7.96,7.96,,8,796,0.4878,3446,
Z12,100,0.7,102,clmm,0,SUCCESS,1,7.98,7.93,,8,798,29.1736,3447,
Z12,100,0.7,102,clmm,2,SUCCESS,1,7.96,7.93,,8,796,26.9427,3447,
Z12,100,0.7,103,pssa,4,SUCCESS,1,7.96,7.96,,8,796,0.5174,3446,
Z12,100,0.7,102,mmfork-cuthill,1,SUCCESS,1,10.83,9.71,,16,1083,34.37,3447,
Z12,100,0.7,102,clmm,3,SUCCESS,1,7.96,7.94,,8,796,26.6569,3447,
Z12,80,0.7,102,attraction,0,SUCCESS,1,7.8125,7.325,,11,625,60.3352,2175,
Z12,100,0.7,102,minorminer,3,SUCCESS,1,11.0,9.82,,17,1100,36.2364,3447,
Z12,100,0.7,101,minorminer,4,SUCCESS,1,10.02,9.16,,15,1002,48.3585,3408,
Z12,100,0.7,102,minorminer,1,SUCCESS,1,11.08,9.82,,18,1108,41.1329,3447,
Z12,100,0.7,102,clmm,4,SUCCESS,1,7.99,7.94,,8,799,25.2348,3447,
Z12,100,0.7,102,minorminer,2,SUCCESS,1,10.01,9.32,,14,1001,42.9589,3447,
Z12,100,0.7,102,mmfork-cuthill,2,SUCCESS,1,10.84,9.74,,16,1084,40.2886,3447,
Z12,80,0.7,103,attraction,2,SUCCESS,1,7.9875,7.425,,12,639,57.6497,2186,
Z12,80,0.7,103,attraction,1,SUCCESS,1,8.025,7.375,,12,642,60.3334,2186,
Z12,80,0.7,103,attraction,0,SUCCESS,1,8.15,7.525,,12,652,60.6321,2186,
Z12,80,0.7,103,attraction,3,SUCCESS,1,8.0375,7.425,,12,643,60.4505,2186,
Z12,100,0.7,102,mmfork-cuthill,4,SUCCESS,1,10.2,9.31,,15,1020,41.9351,3447,
Z12,100,0.7,101,minorminer,2,SUCCESS,1,10.48,9.57,,15,1048,60.0692,3408,
Z12,100,0.7,101,mmfork-cuthill,4,SUCCESS,1,9.63,8.97,,14,963,56.1454,3408,
Z12,100,0.7,101,mmfork-cuthill,1,SUCCESS,1,9.69,9.08,,15,969,60.5148,3408,
Z12,140,0.7,101,template,-1,SUCCESS,1,10.4357,10.4357,11.0,11,1461,0.1341,6713,
Z12,140,0.7,101,clique,-1,SUCCESS,1,11.0,10.4357,,11,1540,0.0247,6713,
Z12,100,0.7,103,mmfork-cuthill,3,SUCCESS,1,10.47,9.58,,15,1047,25.3144,3446,
Z12,140,0.7,101,pssa,0,SUCCESS,1,10.4357,10.4357,,11,1461,0.5693,6713,
Z12,140,0.7,101,pssa,1,SUCCESS,1,10.4357,10.4357,,11,1461,0.4796,6713,
Z12,140,0.7,101,pssa,3,SUCCESS,1,10.4357,10.4357,,11,1461,0.4793,6713,
Z12,140,0.7,101,pssa,2,SUCCESS,1,10.4357,10.4357,,11,1461,0.5733,6713,
Z12,100,0.7,102,mmfork-cuthill,3,SUCCESS,1,10.21,9.29,,16,1021,50.0771,3447,
Z12,140,0.7,101,pssa,4,SUCCESS,1,10.4357,10.4357,,11,1461,0.5792,6713,
Z12,100,0.7,103,clmm,0,SUCCESS,1,7.99,7.94,,8,799,27.918,3446,
Z12,100,0.7,101,attraction,0,SUCCESS,1,11.82,10.33,,20,1182,60.4845,3408,
Z12,100,0.7,101,attraction,1,SUCCESS,1,10.31,9.21,,16,1031,60.4604,3408,
Z12,100,0.7,101,attraction,2,SUCCESS,1,11.51,10.09,,18,1151,60.5663,3408,
Z12,100,0.7,101,attraction,3,SUCCESS,1,10.69,9.64,,17,1069,60.509,3408,
Z12,100,0.7,103,clmm,3,SUCCESS,1,7.96,7.93,,8,796,25.7047,3446,
Z12,100,0.7,101,attraction,4,SUCCESS,1,11.22,9.93,,17,1122,61.1392,3408,
Z12,100,0.7,103,clmm,2,SUCCESS,1,7.95,7.91,,8,795,26.2604,3446,
Z12,100,0.7,103,clmm,1,SUCCESS,1,7.99,7.94,,8,799,27.9182,3446,
Z12,100,0.7,103,clmm,4,SUCCESS,1,7.95,7.92,,8,795,26.125,3446,
Z12,100,0.7,103,mmfork-cuthill,2,SUCCESS,1,11.49,10.06,,19,1149,35.9971,3446,
Z12,100,0.7,102,minorminer,4,SUCCESS,1,10.23,9.42,,16,1023,60.7153,3447,
Z12,100,0.7,103,mmfork-cuthill,1,SUCCESS,1,10.97,9.85,,18,1097,44.0367,3446,
Z12,100,0.7,103,minorminer,2,SUCCESS,1,10.95,9.8,,17,1095,50.7357,3446,
Z12,100,0.7,103,minorminer,4,SUCCESS,1,10.6,9.46,,16,1060,52.0664,3446,
Z12,100,0.7,102,attraction,0,SUCCESS,1,11.37,10.06,,19,1137,60.2518,3447,
Z12,100,0.7,102,attraction,2,SUCCESS,1,11.16,10.01,,18,1116,60.4889,3447,
Z12,100,0.7,102,attraction,4,SUCCESS,1,11.95,10.38,,20,1195,60.3364,3447,
Z12,100,0.7,102,attraction,1,SUCCESS,1,11.24,10.01,,17,1124,60.8674,3447,
Z12,140,0.7,102,template,-1,SUCCESS,1,10.4714,10.4714,11.0,11,1466,0.136,6844,
Z12,140,0.7,102,clique,-1,SUCCESS,1,11.0,10.4714,,11,1540,0.0282,6844,
Z12,100,0.7,102,attraction,3,SUCCESS,1,11.83,10.55,,18,1183,61.0092,3447,
Z12,100,0.7,103,mmfork-cuthill,0,SUCCESS,1,10.35,9.45,,15,1035,57.0497,3446,
Z12,140,0.7,102,pssa,0,SUCCESS,1,10.4714,10.4714,,11,1466,0.5924,6844,
Z12,140,0.7,102,pssa,1,SUCCESS,1,10.4714,10.4714,,11,1466,0.6192,6844,
Z12,100,0.7,103,minorminer,1,SUCCESS,1,10.26,9.32,,15,1026,60.2754,3446,
Z12,140,0.7,102,pssa,2,SUCCESS,1,10.4714,10.4714,,11,1466,0.5921,6844,
Z12,140,0.7,102,pssa,3,SUCCESS,1,10.4714,10.4714,,11,1466,0.4634,6844,
Z12,100,0.7,103,minorminer,0,SUCCESS,1,10.63,9.61,,16,1063,60.7733,3446,
Z12,140,0.7,102,pssa,4,SUCCESS,1,10.4714,10.4714,,11,1466,0.6003,6844,
Z12,100,0.7,103,minorminer,3,SUCCESS,1,10.94,9.87,,17,1094,60.8542,3446,
Z12,100,0.7,103,mmfork-cuthill,4,SUCCESS,1,10.49,9.35,,17,1049,60.9756,3446,
Z12,100,0.7,103,attraction,2,SUCCESS,1,10.96,9.71,,16,1096,60.4449,3446,
Z12,100,0.7,103,attraction,1,SUCCESS,1,11.77,10.45,,17,1177,60.8305,3446,
Z12,100,0.7,103,attraction,3,SUCCESS,1,11.22,9.82,,17,1122,60.5009,3446,
Z12,100,0.7,103,attraction,0,SUCCESS,1,11.82,10.46,,19,1182,61.0174,3446,
Z12,140,0.7,101,minorminer,1,SUCCESS,1,16.0429,14.1857,,27,2246,60.0732,6713,
Z12,100,0.7,103,attraction,4,SUCCESS,1,11.35,9.93,,19,1135,60.7341,3446,
Z12,140,0.7,101,minorminer,2,SUCCESS,1,17.3214,15.05,,28,2425,60.3691,6713,
Z12,140,0.7,101,minorminer,0,SUCCESS,1,16.9643,14.8,,26,2375,60.9462,6713,
Z12,140,0.7,101,minorminer,3,SUCCESS,1,18.5,15.5286,,30,2590,60.9906,6713,
Z12,140,0.7,101,minorminer,4,SUCCESS,1,17.6286,15.2357,,29,2468,61.3589,6713,
Z12,140,0.7,101,mmfork-cuthill,0,SUCCESS,1,16.5286,14.2643,,26,2314,61.7522,6713,
Z12,140,0.7,101,mmfork-cuthill,2,SUCCESS,1,16.7214,14.7571,,25,2341,61.3687,6713,
Z12,140,0.7,101,mmfork-cuthill,1,SUCCESS,1,16.3,14.4429,,26,2282,62.4691,6713,
Z12,140,0.7,103,template,-1,SUCCESS,1,10.4714,10.4714,11.0,11,1466,0.1348,6790,
Z12,140,0.7,103,clique,-1,SUCCESS,1,11.0,10.4714,,11,1540,0.0258,6790,
Z12,140,0.7,103,pssa,0,SUCCESS,1,10.4714,10.4714,,11,1466,0.5939,6790,
Z12,140,0.7,101,mmfork-cuthill,3,SUCCESS,1,16.4714,14.4571,,27,2306,61.6105,6713,
Z12,140,0.7,103,pssa,1,SUCCESS,1,10.4714,10.4714,,11,1466,0.5905,6790,
Z12,140,0.7,103,pssa,2,SUCCESS,1,10.4714,10.4714,,11,1466,0.6018,6790,
Z12,140,0.7,103,pssa,3,SUCCESS,1,10.4714,10.4714,,11,1466,0.5852,6790,
Z12,140,0.7,101,clmm,2,SUCCESS,1,11.0,10.4357,,11,1540,59.9746,6713,
Z12,140,0.7,103,pssa,4,SUCCESS,1,10.4714,10.4714,,11,1466,0.4496,6790,
Z12,140,0.7,101,mmfork-cuthill,4,SUCCESS,1,15.6929,14.1143,,28,2197,61.2323,6713,
Z12,140,0.7,101,clmm,1,SUCCESS,1,10.9714,10.7714,,11,1536,61.1964,6713,
Z12,140,0.7,101,clmm,0,SUCCESS,1,10.9929,10.7786,,11,1539,62.0852,6713,
Z12,140,0.7,101,clmm,3,SUCCESS,1,10.9929,10.4357,,11,1539,59.9668,6713,
Z12,140,0.7,101,clmm,4,SUCCESS,1,10.9143,10.4357,,11,1528,62.2361,6713,
Z12,140,0.7,102,minorminer,0,SUCCESS,1,17.7357,15.4071,,30,2483,60.0745,6844,
Z12,140,0.7,101,attraction,3,SUCCESS,1,27.9214,23.6071,,55,3909,60.7261,6713,
Z12,140,0.7,102,minorminer,1,SUCCESS,1,23.9143,20.0143,,43,3348,60.3338,6844,
Z12,140,0.7,102,minorminer,2,SUCCESS,1,17.4143,14.8714,,30,2438,60.7538,6844,
Z12,140,0.7,102,mmfork-cuthill,0,SUCCESS,1,17.1214,14.7071,,28,2397,60.4088,6844,
Z12,140,0.7,102,minorminer,4,SUCCESS,1,16.9786,14.9071,,26,2377,61.248,6844,
Z12,140,0.7,102,minorminer,3,SUCCESS,1,18.5929,15.9571,,30,2603,61.3994,6844,
Z12,140,0.7,101,attraction,2,FAILURE,0,,,,,,66.3831,6713,status=FAILURE
Z12,140,0.7,102,mmfork-cuthill,1,SUCCESS,1,17.7786,15.5571,,28,2489,61.8585,6844,
Z12,140,0.7,102,mmfork-cuthill,2,SUCCESS,1,16.4857,14.4571,,29,2308,61.9805,6844,
Z12,140,0.7,102,mmfork-cuthill,3,SUCCESS,1,15.7714,13.8857,,25,2208,61.7883,6844,
Z12,140,0.7,101,attraction,0,FAILURE,0,,,,,,68.009,6713,status=FAILURE
Z12,140,0.7,102,mmfork-cuthill,4,SUCCESS,1,15.5286,13.7786,,25,2174,60.3772,6844,
Z12,140,0.7,101,attraction,1,FAILURE,0,,,,,,68.3843,6713,status=FAILURE
Z12,180,0.7,101,template,-1,SUCCESS,1,12.9667,12.9667,13.0,13,2334,0.1843,11168,
Z12,180,0.7,101,clique,-1,SUCCESS,1,13.0,12.9667,,13,2340,0.0252,11168,
Z12,180,0.7,101,pssa,0,SUCCESS,1,12.9667,12.9667,,13,2334,0.5618,11168,
Z12,180,0.7,101,pssa,1,SUCCESS,1,12.9667,12.9667,,13,2334,0.4405,11168,
Z12,180,0.7,101,pssa,3,SUCCESS,1,12.9667,12.9667,,13,2334,0.4387,11168,
Z12,180,0.7,101,pssa,2,SUCCESS,1,12.9667,12.9667,,13,2334,0.5608,11168,
Z12,180,0.7,101,pssa,4,SUCCESS,1,12.9667,12.9667,,13,2334,0.4364,11168,
Z12,140,0.7,101,attraction,4,FAILURE,0,,,,,,68.455,6713,status=FAILURE
Z12,140,0.7,102,clmm,2,SUCCESS,1,10.95,10.9143,,11,1533,55.1733,6844,
Z12,140,0.7,102,clmm,0,SUCCESS,1,10.9643,10.9143,,11,1535,64.306,6844,
Z12,140,0.7,102,clmm,1,SUCCESS,1,10.9643,10.8143,,11,1535,62.6389,6844,
Z12,140,0.7,102,clmm,4,SUCCESS,1,10.9429,10.4857,,11,1532,57.9793,6844,
Z12,140,0.7,103,minorminer,0,SUCCESS,1,17.6857,15.5143,,30,2476,62.2659,6790,
Z12,140,0.7,102,clmm,3,SUCCESS,1,10.9214,10.8786,,11,1529,65.1017,6844,
Z12,140,0.7,103,minorminer,1,SUCCESS,1,17.1143,14.8,,28,2396,61.9833,6790,
Z12,140,0.7,102,attraction,2,FAILURE,0,,,,,,68.4573,6844,status=FAILURE
Z12,140,0.7,102,attraction,0,FAILURE,0,,,,,,68.8717,6844,status=FAILURE
Z12,140,0.7,102,attraction,1,FAILURE,0,,,,,,68.8567,6844,status=FAILURE
Z12,140,0.7,102,attraction,3,FAILURE,0,,,,,,69.4155,6844,status=FAILURE
Z12,140,0.7,102,attraction,4,FAILURE,0,,,,,,69.7265,6844,status=FAILURE
Z12,140,0.7,103,minorminer,2,SUCCESS,1,17.8857,15.4143,,29,2504,61.678,6790,
Z12,140,0.7,103,minorminer,3,SUCCESS,1,16.7643,14.6429,,27,2347,60.714,6790,
Z12,140,0.7,103,clmm,2,SUCCESS,1,11.0,10.4714,,11,1540,55.8861,6790,
Z12,140,0.7,103,minorminer,4,SUCCESS,1,16.3929,14.2643,,28,2295,61.2665,6790,
Z12,140,0.7,103,mmfork-cuthill,1,SUCCESS,1,16.4929,14.5286,,27,2309,61.4637,6790,
Z12,140,0.7,103,mmfork-cuthill,2,SUCCESS,1,15.9571,14.2071,,27,2234,60.9446,6790,
Z12,140,0.7,103,mmfork-cuthill,0,SUCCESS,1,16.4357,14.3214,,26,2301,61.9939,6790,
Z12,180,0.7,102,template,-1,SUCCESS,1,12.9667,12.9667,13.0,13,2334,0.1862,11275,
Z12,180,0.7,102,clique,-1,SUCCESS,1,13.0,12.9667,,13,2340,0.025,11275,
Z12,140,0.7,103,mmfork-cuthill,3,SUCCESS,1,16.1929,14.25,,26,2267,61.4811,6790,
Z12,140,0.7,103,mmfork-cuthill,4,SUCCESS,1,17.4714,15.2,,30,2446,60.9074,6790,
Z12,180,0.7,102,pssa,0,SUCCESS,1,12.9667,12.9667,,13,2334,0.6148,11275,
Z12,180,0.7,102,pssa,1,SUCCESS,1,12.9667,12.9667,,13,2334,0.6131,11275,
Z12,180,0.7,102,pssa,2,SUCCESS,1,12.9667,12.9667,,13,2334,0.5729,11275,
Z12,180,0.7,102,pssa,3,SUCCESS,1,12.9667,12.9667,,13,2334,0.5926,11275,
Z12,180,0.7,102,pssa,4,SUCCESS,1,12.9667,12.9667,,13,2334,0.6195,11275,
Z12,140,0.7,103,clmm,0,SUCCESS,1,10.9857,10.8571,,11,1538,62.6382,6790,
Z12,140,0.7,103,clmm,4,SUCCESS,1,10.9643,10.4643,,11,1535,57.9271,6790,
Z12,140,0.7,103,clmm,1,SUCCESS,1,10.9286,10.9143,,11,1530,63.1638,6790,
Z12,140,0.7,103,clmm,3,SUCCESS,1,10.9929,10.8357,,11,1539,62.881,6790,
Z12,140,0.7,103,attraction,1,SUCCESS,1,20.0643,16.8286,,35,2809,61.0375,6790,
Z12,140,0.7,103,attraction,0,SUCCESS,1,17.8429,15.3857,,34,2498,61.2018,6790,
Z12,140,0.7,103,attraction,3,SUCCESS,1,23.65,23.65,,49,3311,60.7811,6790,
Z12,140,0.7,103,attraction,2,SUCCESS,1,30.1714,23.4643,,57,4224,60.5685,6790,
Z12,140,0.7,103,attraction,4,SUCCESS,1,18.8429,16.0429,,35,2638,61.3381,6790,
Z12,180,0.7,101,minorminer,1,FAILURE,0,,,,,,68.6116,11168,status=FAILURE
Z12,180,0.7,101,minorminer,2,FAILURE,0,,,,,,66.4812,11168,status=FAILURE
Z12,180,0.7,101,minorminer,0,FAILURE,0,,,,,,69.4721,11168,status=FAILURE
Z12,180,0.7,101,clmm,2,SUCCESS,1,13.0,12.9667,,13,2340,58.9588,11168,
Z12,180,0.7,101,clmm,1,SUCCESS,1,12.9833,12.95,,13,2337,60.8668,11168,
Z12,180,0.7,101,mmfork-cuthill,1,FAILURE,0,,,,,,64.5351,11168,status=FAILURE
Z12,180,0.7,101,mmfork-cuthill,0,FAILURE,0,,,,,,64.7272,11168,status=FAILURE
Z12,180,0.7,101,minorminer,4,FAILURE,0,,,,,,66.2135,11168,status=FAILURE
Z12,180,0.7,101,minorminer,3,FAILURE,0,,,,,,66.8208,11168,status=FAILURE
Z12,180,0.7,101,mmfork-cuthill,2,FAILURE,0,,,,,,65.578,11168,status=FAILURE
Z12,180,0.7,103,template,-1,SUCCESS,1,12.9778,12.9778,13.0,13,2336,0.186,11297,
Z12,180,0.7,103,clique,-1,SUCCESS,1,13.0,12.9778,,13,2340,0.0221,11297,
Z12,180,0.7,103,pssa,0,SUCCESS,1,12.9778,12.9778,,13,2336,0.5663,11297,
Z12,180,0.7,103,pssa,1,SUCCESS,1,12.9778,12.9778,,13,2336,0.5345,11297,
Z12,180,0.7,101,clmm,3,SUCCESS,1,12.9778,12.95,,13,2336,63.9153,11168,
Z12,180,0.7,103,pssa,2,SUCCESS,1,12.9778,12.9778,,13,2336,0.4365,11297,
Z12,180,0.7,101,clmm,0,SUCCESS,1,13.0,12.9667,,13,2340,64.9749,11168,
Z12,180,0.7,103,pssa,3,SUCCESS,1,12.9778,12.9778,,13,2336,0.5663,11297,
Z12,180,0.7,103,pssa,4,SUCCESS,1,12.9778,12.9778,,13,2336,0.5392,11297,
Z12,180,0.7,101,clmm,4,SUCCESS,1,12.9722,12.95,,13,2335,64.735,11168,
Z12,180,0.7,101,mmfork-cuthill,3,FAILURE,0,,,,,,66.9948,11168,status=FAILURE
Z12,180,0.7,101,mmfork-cuthill,4,FAILURE,0,,,,,,70.2003,11168,status=FAILURE
Z12,180,0.7,101,attraction,0,FAILURE,0,,,,,,71.5494,11168,status=FAILURE
Z12,180,0.7,101,attraction,2,FAILURE,0,,,,,,69.8111,11168,status=FAILURE
Z12,180,0.7,101,attraction,1,FAILURE,0,,,,,,72.9696,11168,status=FAILURE
Z12,180,0.7,101,attraction,3,FAILURE,0,,,,,,69.3671,11168,status=FAILURE
Z12,180,0.7,101,attraction,4,FAILURE,0,,,,,,71.3773,11168,status=FAILURE
Z12,180,0.7,102,minorminer,1,FAILURE,0,,,,,,66.1664,11275,status=FAILURE
Z12,180,0.7,102,minorminer,0,FAILURE,0,,,,,,69.8743,11275,status=FAILURE
Z12,180,0.7,102,minorminer,3,FAILURE,0,,,,,,66.1584,11275,status=FAILURE
Z12,180,0.7,102,minorminer,4,FAILURE,0,,,,,,66.0595,11275,status=FAILURE
Z12,180,0.7,102,minorminer,2,FAILURE,0,,,,,,67.7028,11275,status=FAILURE
Z12,180,0.7,102,clmm,0,SUCCESS,1,13.0,12.9667,,13,2340,60.8174,11275,
Z12,180,0.7,102,mmfork-cuthill,3,FAILURE,0,,,,,,64.576,11275,status=FAILURE
Z12,180,0.7,102,mmfork-cuthill,2,FAILURE,0,,,,,,65.7971,11275,status=FAILURE
Z12,220,0.7,101,template,-1,INFEASIBLE,0,,,,,,0.0,16783,n=220 > max clique 184
Z12,220,0.7,101,clique,-1,FAILURE,0,,,,,,0.0219,16783,status=FAILURE
Z12,180,0.7,102,mmfork-cuthill,1,FAILURE,0,,,,,,66.8615,11275,status=FAILURE
Z12,180,0.7,102,mmfork-cuthill,4,FAILURE,0,,,,,,66.0318,11275,status=FAILURE
Z12,180,0.7,102,mmfork-cuthill,0,FAILURE,0,,,,,,68.3817,11275,status=FAILURE
Z12,180,0.7,102,clmm,1,SUCCESS,1,13.0,12.9667,,13,2340,62.1539,11275,
Z12,180,0.7,102,clmm,2,SUCCESS,1,13.0,12.9667,,13,2340,63.1174,11275,
Z12,180,0.7,102,clmm,3,SUCCESS,1,13.0,12.9667,,13,2340,62.7003,11275,
Z12,180,0.7,102,clmm,4,SUCCESS,1,13.0,12.9667,,13,2340,64.5608,11275,
Z12,180,0.7,103,minorminer,0,FAILURE,0,,,,,,66.9244,11297,status=FAILURE
Z12,180,0.7,102,attraction,2,FAILURE,0,,,,,,69.5806,11275,status=FAILURE
Z12,180,0.7,102,attraction,1,FAILURE,0,,,,,,70.1837,11275,status=FAILURE
Z12,180,0.7,102,attraction,4,FAILURE,0,,,,,,70.1073,11275,status=FAILURE
Z12,180,0.7,102,attraction,0,FAILURE,0,,,,,,72.0161,11275,status=FAILURE
Z12,180,0.7,103,minorminer,1,FAILURE,0,,,,,,67.6166,11297,status=FAILURE
Z12,180,0.7,102,attraction,3,FAILURE,0,,,,,,71.783,11275,status=FAILURE
Z12,180,0.7,103,minorminer,2,FAILURE,0,,,,,,67.7648,11297,status=FAILURE
Z12,180,0.7,103,mmfork-cuthill,0,FAILURE,0,,,,,,64.6953,11297,status=FAILURE
Z12,180,0.7,103,minorminer,4,FAILURE,0,,,,,,65.2708,11297,status=FAILURE
Z12,180,0.7,103,minorminer,3,FAILURE,0,,,,,,66.4216,11297,status=FAILURE
Z12,180,0.7,103,mmfork-cuthill,2,FAILURE,0,,,,,,65.7903,11297,status=FAILURE
Z12,180,0.7,103,mmfork-cuthill,1,FAILURE,0,,,,,,67.3165,11297,status=FAILURE
Z12,180,0.7,103,clmm,0,SUCCESS,1,13.0,12.9778,,13,2340,62.6991,11297,
Z12,180,0.7,103,clmm,2,SUCCESS,1,13.0,12.9778,,13,2340,60.053,11297,
Z12,180,0.7,103,mmfork-cuthill,4,FAILURE,0,,,,,,64.7861,11297,status=FAILURE
Z12,180,0.7,103,clmm,1,SUCCESS,1,13.0,12.9778,,13,2340,62.5231,11297,
Z12,180,0.7,103,mmfork-cuthill,3,FAILURE,0,,,,,,65.8669,11297,status=FAILURE
Z12,220,0.7,102,template,-1,INFEASIBLE,0,,,,,,0.0,16899,n=220 > max clique 184
Z12,220,0.7,102,clique,-1,FAILURE,0,,,,,,0.0217,16899,status=FAILURE
Z12,180,0.7,103,clmm,4,SUCCESS,1,13.0,12.9778,,13,2340,60.9803,11297,
Z12,180,0.7,103,clmm,3,SUCCESS,1,13.0,12.9778,,13,2340,61.5395,11297,
Z12,220,0.7,101,minorminer,0,FAILURE,0,,,,,,62.6357,16783,status=FAILURE
Z12,180,0.7,103,attraction,2,FAILURE,0,,,,,,69.3612,11297,status=FAILURE
Z12,220,0.7,101,minorminer,1,FAILURE,0,,,,,,69.4979,16783,status=FAILURE
Z12,180,0.7,103,attraction,4,FAILURE,0,,,,,,70.3037,11297,status=FAILURE
Z12,180,0.7,103,attraction,1,FAILURE,0,,,,,,71.919,11297,status=FAILURE
Z12,180,0.7,103,attraction,0,FAILURE,0,,,,,,72.2778,11297,status=FAILURE
Z12,180,0.7,103,attraction,3,FAILURE,0,,,,,,72.2785,11297,status=FAILURE
Z12,220,0.7,101,minorminer,2,FAILURE,0,,,,,,68.4803,16783,status=FAILURE
Z12,220,0.7,101,mmfork-cuthill,0,FAILURE,0,,,,,,62.0833,16783,status=FAILURE
Z12,220,0.7,101,minorminer,3,FAILURE,0,,,,,,67.3034,16783,status=FAILURE
Z12,220,0.7,101,minorminer,4,FAILURE,0,,,,,,67.7053,16783,status=FAILURE
Z12,220,0.7,101,mmfork-cuthill,1,FAILURE,0,,,,,,65.0791,16783,status=FAILURE
Z12,220,0.7,101,mmfork-cuthill,4,FAILURE,0,,,,,,69.8806,16783,status=FAILURE
Z12,220,0.7,101,mmfork-cuthill,2,FAILURE,0,,,,,,71.5095,16783,status=FAILURE
Z12,220,0.7,101,mmfork-cuthill,3,FAILURE,0,,,,,,72.9115,16783,status=FAILURE
Z12,220,0.7,101,pssa,2,FAILURE,0,,,,,,62.3986,16783,status=FAILURE
Z12,220,0.7,101,clmm,3,FAILURE,0,,,,,,67.4508,16783,clmm: MM stage returned empty
Z12,220,0.7,101,clmm,0,FAILURE,0,,,,,,70.1389,16783,clmm: MM stage returned empty
Z12,220,0.7,101,pssa,0,FAILURE,0,,,,,,67.4276,16783,status=FAILURE
Z12,220,0.7,101,pssa,3,FAILURE,0,,,,,,65.6164,16783,status=FAILURE
Z12,220,0.7,101,pssa,4,FAILURE,0,,,,,,62.7922,16783,status=FAILURE
Z12,220,0.7,101,clmm,2,FAILURE,0,,,,,,72.1498,16783,clmm: MM stage returned empty
Z12,220,0.7,101,pssa,1,FAILURE,0,,,,,,68.4979,16783,status=FAILURE
Z12,220,0.7,103,template,-1,INFEASIBLE,0,,,,,,0.0,16967,n=220 > max clique 184
Z12,220,0.7,103,clique,-1,FAILURE,0,,,,,,0.0249,16967,status=FAILURE
Z12,220,0.7,101,clmm,1,FAILURE,0,,,,,,73.6725,16783,clmm: MM stage returned empty
Z12,220,0.7,101,clmm,4,FAILURE,0,,,,,,73.3927,16783,clmm: MM stage returned empty
Z12,220,0.7,102,minorminer,0,FAILURE,0,,,,,,62.2615,16899,status=FAILURE
Z12,220,0.7,102,minorminer,4,FAILURE,0,,,,,,64.1694,16899,status=FAILURE
Z12,220,0.7,101,attraction,1,FAILURE,0,,,,,,76.8165,16783,status=FAILURE
Z12,220,0.7,101,attraction,0,FAILURE,0,,,,,,78.9854,16783,status=FAILURE
Z12,220,0.7,102,minorminer,1,FAILURE,0,,,,,,69.0826,16899,status=FAILURE
Z12,220,0.7,102,minorminer,3,FAILURE,0,,,,,,69.609,16899,status=FAILURE
Z12,220,0.7,101,attraction,2,FAILURE,0,,,,,,79.3369,16783,status=FAILURE
Z12,220,0.7,102,minorminer,2,FAILURE,0,,,,,,70.6483,16899,status=FAILURE
Z12,220,0.7,102,mmfork-cuthill,4,FAILURE,0,,,,,,66.3206,16899,status=FAILURE
Z12,220,0.7,102,mmfork-cuthill,0,FAILURE,0,,,,,,69.0173,16899,status=FAILURE
Z12,220,0.7,102,mmfork-cuthill,1,FAILURE,0,,,,,,69.6955,16899,status=FAILURE
Z12,220,0.7,102,clmm,0,FAILURE,0,,,,,,66.5687,16899,clmm: MM stage returned empty
Z12,220,0.7,102,mmfork-cuthill,2,FAILURE,0,,,,,,70.7464,16899,status=FAILURE
Z12,220,0.7,101,attraction,3,FAILURE,0,,,,,,76.7177,16783,status=FAILURE
Z12,220,0.7,102,mmfork-cuthill,3,FAILURE,0,,,,,,70.1996,16899,status=FAILURE
Z12,60,0.5,101,minorminer,2,SUCCESS,1,6.3833,5.9167,,9,383,3.6155,868,
Z12,220,0.7,101,attraction,4,FAILURE,0,,,,,,77.6879,16783,status=FAILURE
Z12,220,0.7,102,pssa,0,FAILURE,0,,,,,,62.6812,16899,status=FAILURE
Z12,220,0.7,102,pssa,2,FAILURE,0,,,,,,63.4492,16899,status=FAILURE
Z12,60,0.5,101,minorminer,0,SUCCESS,1,5.6,5.35,,8,336,6.711,868,
Z12,60,0.5,101,clmm,0,SUCCESS,1,5.7833,5.6167,,6,347,2.3577,868,
Z12,60,0.5,101,minorminer,1,SUCCESS,1,5.6167,5.3,,8,337,6.9623,868,
Z12,60,0.5,101,minorminer,3,SUCCESS,1,5.9333,5.7,,9,356,6.0154,868,
Z12,60,0.5,101,minorminer,4,SUCCESS,1,5.6667,5.3667,,8,340,5.6839,868,
Z12,60,0.5,101,template,-1,SUCCESS,1,5.35,5.35,6.0,6,321,0.012,868,
Z12,60,0.5,101,clique,-1,SUCCESS,1,6.0,5.35,,6,360,0.0237,868,
Z12,60,0.5,101,mmfork-cuthill,1,SUCCESS,1,5.55,5.3167,,8,333,4.3686,868,
Z12,60,0.5,101,pssa,0,SUCCESS,1,5.9167,5.35,,7,355,0.2927,868,
Z12,60,0.5,101,mmfork-cuthill,2,SUCCESS,1,5.5167,5.25,,8,331,4.2208,868,
Z12,60,0.5,101,pssa,1,SUCCESS,1,5.9167,5.35,,7,355,0.2954,868,
Z12,60,0.5,101,pssa,2,SUCCESS,1,5.9167,5.35,,7,355,0.3998,868,
Z12,60,0.5,101,pssa,3,SUCCESS,1,5.9167,5.35,,7,355,0.2931,868,
Z12,60,0.5,101,pssa,4,SUCCESS,1,5.9167,5.35,,7,355,0.3902,868,
Z12,60,0.5,101,mmfork-cuthill,0,SUCCESS,1,5.5,5.25,,8,330,5.6257,868,
Z12,60,0.5,101,clmm,1,SUCCESS,1,5.6833,5.5833,,6,341,2.3178,868,
Z12,60,0.5,101,clmm,2,SUCCESS,1,5.8,5.6833,,6,348,2.6174,868,
Z12,60,0.5,101,clmm,3,SUCCESS,1,5.8,5.6167,,6,348,2.1259,868,
Z12,220,0.7,102,pssa,1,FAILURE,0,,,,,,66.8169,16899,status=FAILURE
Z12,60,0.5,101,mmfork-cuthill,3,SUCCESS,1,5.35,5.2167,,8,321,5.3425,868,
Z12,60,0.5,101,clmm,4,SUCCESS,1,5.9167,5.6,,6,355,2.4948,868,
Z12,220,0.7,102,clmm,1,FAILURE,0,,,,,,71.4916,16899,clmm: MM stage returned empty
Z12,60,0.5,101,mmfork-cuthill,4,SUCCESS,1,5.4833,5.1667,,8,329,6.4679,868,
Z12,220,0.7,102,clmm,2,FAILURE,0,,,,,,72.0891,16899,clmm: MM stage returned empty
Z12,60,0.5,102,minorminer,0,SUCCESS,1,5.9333,5.4833,,9,356,4.5048,850,
Z12,60,0.5,102,minorminer,2,SUCCESS,1,5.8,5.4167,,9,348,4.1491,850,
Z12,220,0.7,102,clmm,4,FAILURE,0,,,,,,72.7803,16899,clmm: MM stage returned empty
Z12,60,0.5,102,minorminer,3,SUCCESS,1,5.6167,5.35,,8,337,4.9824,850,
Z12,220,0.7,102,clmm,3,FAILURE,0,,,,,,73.3017,16899,clmm: MM stage returned empty
Z12,220,0.7,102,pssa,3,FAILURE,0,,,,,,67.9136,16899,status=FAILURE
Z12,60,0.5,102,mmfork-cuthill,1,SUCCESS,1,5.75,5.55,,8,345,4.2807,850,
Z12,60,0.5,102,template,-1,SUCCESS,1,5.35,5.35,6.0,6,321,0.012,850,
Z12,60,0.5,102,clique,-1,SUCCESS,1,6.0,5.35,,6,360,0.0264,850,
Z12,60,0.5,102,clmm,0,SUCCESS,1,5.7833,5.65,,6,347,2.1076,850,
Z12,60,0.5,102,pssa,0,SUCCESS,1,6.0833,5.3667,,7,365,0.4172,850,
Z12,60,0.5,102,pssa,1,SUCCESS,1,6.0833,5.3667,,7,365,0.2837,850,
Z12,60,0.5,102,mmfork-cuthill,2,SUCCESS,1,5.4333,5.1667,,8,326,4.8708,850,
Z12,60,0.5,102,pssa,2,SUCCESS,1,6.0833,5.3667,,7,365,0.2939,850,
Z12,60,0.5,102,pssa,3,SUCCESS,1,6.0833,5.3667,,7,365,0.294,850,
Z12,60,0.5,102,pssa,4,SUCCESS,1,6.0833,5.3667,,7,365,0.2851,850,
Z12,60,0.5,102,clmm,1,SUCCESS,1,5.8167,5.7333,,6,349,2.3222,850,
Z12,60,0.5,102,clmm,2,SUCCESS,1,5.85,5.75,,6,351,2.3407,850,
Z12,60,0.5,102,clmm,3,SUCCESS,1,5.85,5.4,,6,351,2.2766,850,
Z12,60,0.5,102,clmm,4,SUCCESS,1,5.9333,5.5833,,6,356,2.1534,850,
Z12,60,0.5,102,minorminer,4,SUCCESS,1,5.55,5.1667,,8,333,7.3369,850,
Z12,60,0.5,102,mmfork-cuthill,0,SUCCESS,1,5.25,5.0667,,8,315,7.7797,850,
Z12,60,0.5,102,minorminer,1,SUCCESS,1,5.8167,5.4667,,9,349,9.2551,850,
Z12,60,0.5,102,mmfork-cuthill,4,SUCCESS,1,5.2833,5.1167,,8,317,6.5132,850,
Z12,220,0.7,102,pssa,4,FAILURE,0,,,,,,67.3227,16899,status=FAILURE
Z12,60,0.5,103,minorminer,0,SUCCESS,1,6.2167,5.8667,,9,373,3.7918,860,
Z12,60,0.5,102,mmfork-cuthill,3,SUCCESS,1,5.6,5.3667,,8,336,9.7034,850,
Z12,60,0.5,103,minorminer,1,SUCCESS,1,5.5167,5.2667,,8,331,5.7298,860,
Z12,60,0.5,101,attraction,3,SUCCESS,1,6.1,5.6667,,9,366,14.8987,868,
Z12,60,0.5,101,attraction,4,SUCCESS,1,5.55,5.4,,8,333,14.5134,868,
Z12,60,0.5,103,minorminer,3,SUCCESS,1,5.6167,5.35,,8,337,5.5866,860,
Z12,60,0.5,103,minorminer,4,SUCCESS,1,5.5167,5.2167,,8,331,5.49,860,
Z12,60,0.5,103,mmfork-cuthill,0,SUCCESS,1,5.5,5.25,,8,330,4.1597,860,
Z12,60,0.5,101,attraction,0,SUCCESS,1,5.6167,5.4167,,8,337,16.4009,868,
Z12,60,0.5,103,template,-1,SUCCESS,1,5.2667,5.2667,6.0,6,316,0.0132,860,
Z12,60,0.5,103,clique,-1,SUCCESS,1,6.0,5.2667,,6,360,0.0205,860,
Z12,60,0.5,103,minorminer,2,SUCCESS,1,5.7667,5.45,,8,346,7.326,860,
Z12,60,0.5,103,mmfork-cuthill,2,SUCCESS,1,5.95,5.5167,,9,357,4.098,860,
Z12,60,0.5,103,pssa,1,SUCCESS,1,5.7167,5.2667,,8,343,0.2739,860,
Z12,60,0.5,103,pssa,0,SUCCESS,1,5.7167,5.2667,,8,343,0.2889,860,
Z12,60,0.5,103,pssa,2,SUCCESS,1,5.7167,5.2667,,8,343,0.2854,860,
Z12,60,0.5,103,pssa,3,SUCCESS,1,5.7167,5.2667,,8,343,0.2803,860,
Z12,60,0.5,103,pssa,4,SUCCESS,1,5.7167,5.2667,,8,343,0.2895,860,
Z12,60,0.5,103,clmm,1,SUCCESS,1,5.85,5.6667,,6,351,2.3018,860,
Z12,60,0.5,101,attraction,2,SUCCESS,1,5.8167,5.45,,8,349,17.461,868,
Z12,60,0.5,103,clmm,2,SUCCESS,1,5.8,5.7,,6,348,2.4236,860,
Z12,60,0.5,103,clmm,0,SUCCESS,1,5.8333,5.6833,,6,350,2.4638,860,
Z12,60,0.5,103,clmm,3,SUCCESS,1,5.7,5.6333,,6,342,1.9713,860,
Z12,220,0.7,103,minorminer,1,FAILURE,0,,,,,,68.8192,16967,status=FAILURE
Z12,60,0.5,101,attraction,1,SUCCESS,1,5.5,5.3,,8,330,17.919,868,
Z12,60,0.5,103,clmm,4,SUCCESS,1,5.8167,5.65,,6,349,2.4189,860,
Z12,220,0.7,103,minorminer,0,FAILURE,0,,,,,,69.9058,16967,status=FAILURE
Z12,60,0.5,103,mmfork-cuthill,1,SUCCESS,1,5.4167,5.1667,,8,325,7.3304,860,
Z12,60,0.5,103,mmfork-cuthill,3,SUCCESS,1,5.75,5.4667,,8,345,5.4253,860,
Z12,60,0.5,102,attraction,2,SUCCESS,1,5.5167,5.3167,,8,331,13.1827,850,
Z12,220,0.7,103,minorminer,4,FAILURE,0,,,,,,68.8798,16967,status=FAILURE
Z12,220,0.7,103,minorminer,3,FAILURE,0,,,,,,69.2158,16967,status=FAILURE
Z12,60,0.5,102,attraction,4,SUCCESS,1,6.0167,5.75,,9,361,13.4496,850,
Z12,60,0.5,102,attraction,0,SUCCESS,1,5.8,5.4333,,9,348,14.2108,850,
Z12,60,0.5,102,attraction,1,SUCCESS,1,5.7833,5.5,,9,347,14.0937,850,
Z12,220,0.7,103,minorminer,2,FAILURE,0,,,,,,70.4455,16967,status=FAILURE
Z12,80,0.5,101,template,-1,SUCCESS,1,6.425,6.425,7.0,7,514,0.0227,1560,
Z12,80,0.5,101,clique,-1,SUCCESS,1,7.0,6.425,,7,560,0.0232,1560,
Z12,220,0.7,102,attraction,0,FAILURE,0,,,,,,76.9983,16899,status=FAILURE
Z12,80,0.5,101,pssa,0,SUCCESS,1,6.4375,6.425,,7,515,0.3026,1560,
Z12,80,0.5,101,pssa,1,SUCCESS,1,6.4375,6.425,,7,515,0.4357,1560,
Z12,80,0.5,101,pssa,2,SUCCESS,1,6.4375,6.425,,7,515,0.3038,1560,
Z12,80,0.5,101,pssa,3,SUCCESS,1,6.4375,6.425,,7,515,0.3243,1560,
Z12,80,0.5,101,pssa,4,SUCCESS,1,6.4375,6.425,,7,515,0.3092,1560,
Z12,60,0.5,102,attraction,3,SUCCESS,1,5.5833,5.1833,,8,335,15.7588,850,
Z12,60,0.5,103,mmfork-cuthill,4,SUCCESS,1,5.4833,5.3167,,8,329,9.7764,860,
Z12,220,0.7,102,attraction,2,FAILURE,0,,,,,,78.061,16899,status=FAILURE
Z12,220,0.7,102,attraction,1,FAILURE,0,,,,,,79.6194,16899,status=FAILURE
Z12,220,0.7,102,attraction,3,FAILURE,0,,,,,,78.8247,16899,status=FAILURE
Z12,220,0.7,102,attraction,4,FAILURE,0,,,,,,78.1995,16899,status=FAILURE
Z12,80,0.5,101,clmm,0,SUCCESS,1,6.925,6.7,,7,554,6.0671,1560,
Z12,220,0.7,103,mmfork-cuthill,3,FAILURE,0,,,,,,60.5439,16967,status=FAILURE
Z12,80,0.5,101,mmfork-cuthill,1,SUCCESS,1,8.0,7.375,,12,640,9.7059,1560,
Z12,80,0.5,101,clmm,2,SUCCESS,1,6.975,6.7625,,7,558,6.0452,1560,
Z12,80,0.5,101,clmm,3,SUCCESS,1,6.9125,6.8375,,7,553,6.1558,1560,
Z12,80,0.5,101,clmm,1,SUCCESS,1,6.95,6.7625,,7,556,6.3792,1560,
Z12,80,0.5,101,clmm,4,SUCCESS,1,6.925,6.825,,7,554,6.4867,1560,
Z12,80,0.5,101,minorminer,2,SUCCESS,1,7.9125,7.4625,,12,633,11.5875,1560,
Z12,80,0.5,101,minorminer,3,SUCCESS,1,8.0,7.475,,12,640,11.6517,1560,
Z12,80,0.5,101,minorminer,1,SUCCESS,1,7.95,7.35,,12,636,13.6812,1560,
Z12,60,0.5,103,attraction,0,SUCCESS,1,5.5833,5.3,,8,335,15.7103,860,
Z12,220,0.7,103,mmfork-cuthill,0,FAILURE,0,,,,,,70.6239,16967,status=FAILURE
Z12,80,0.5,101,mmfork-cuthill,0,SUCCESS,1,7.775,7.2625,,12,622,14.8146,1560,
Z12,80,0.5,102,template,-1,SUCCESS,1,6.4125,6.4125,7.0,7,513,0.0149,1549,
Z12,80,0.5,102,clique,-1,SUCCESS,1,7.0,6.4125,,7,560,0.0239,1549,
Z12,220,0.7,103,mmfork-cuthill,1,FAILURE,0,,,,,,70.1688,16967,status=FAILURE
Z12,80,0.5,102,pssa,0,SUCCESS,1,6.4625,6.4125,,7,517,0.3495,1549,
Z12,80,0.5,102,pssa,1,SUCCESS,1,6.4625,6.4125,,7,517,0.3471,1549,
Z12,80,0.5,101,minorminer,4,SUCCESS,1,7.95,7.3125,,12,636,15.9858,1560,
Z12,80,0.5,102,pssa,2,SUCCESS,1,6.4625,6.4125,,7,517,0.4579,1549,
Z12,80,0.5,102,pssa,3,SUCCESS,1,6.4625,6.4125,,7,517,0.4749,1549,
Z12,80,0.5,102,pssa,4,SUCCESS,1,6.4625,6.4125,,7,517,0.3419,1549,
Z12,220,0.7,103,mmfork-cuthill,2,FAILURE,0,,,,,,69.6339,16967,status=FAILURE
Z12,60,0.5,103,attraction,2,SUCCESS,1,5.6,5.3833,,8,336,18.2508,860,
Z12,80,0.5,102,minorminer,0,SUCCESS,1,8.8,8.175,,13,704,10.0495,1549,
Z12,80,0.5,102,clmm,1,SUCCESS,1,6.9125,6.4,,7,553,6.3848,1549,
Z12,80,0.5,102,clmm,0,SUCCESS,1,6.9,6.8,,7,552,6.5998,1549,
Z12,80,0.5,101,minorminer,0,SUCCESS,1,8.1375,7.475,,13,651,18.6178,1560,
Z12,220,0.7,103,mmfork-cuthill,4,FAILURE,0,,,,,,68.2136,16967,status=FAILURE
Z12,80,0.5,101,mmfork-cuthill,2,SUCCESS,1,7.3875,6.9375,,11,591,17.6687,1560,
Z12,80,0.5,101,mmfork-cuthill,3,SUCCESS,1,7.325,6.9375,,11,586,17.6522,1560,
Z12,60,0.5,103,attraction,4,SUCCESS,1,5.5667,5.4167,,8,334,20.1138,860,
Z12,80,0.5,102,mmfork-cuthill,1,SUCCESS,1,7.5125,7.0875,,11,601,9.5657,1549,
Z12,220,0.7,103,clmm,0,FAILURE,0,,,,,,68.8538,16967,clmm: MM stage returned empty
Z12,80,0.5,102,minorminer,2,SUCCESS,1,7.7875,7.325,,12,623,11.3628,1549,
Z12,60,0.5,103,attraction,3,SUCCESS,1,5.6333,5.2667,,8,338,20.7,860,
Z12,80,0.5,102,clmm,2,SUCCESS,1,6.85,6.7375,,7,548,6.9159,1549,
Z12,80,0.5,101,mmfork-cuthill,4,SUCCESS,1,7.375,7.0125,,11,590,17.8446,1560,
Z12,80,0.5,102,clmm,4,SUCCESS,1,6.925,6.825,,7,554,6.2021,1549,
Z12,80,0.5,102,clmm,3,SUCCESS,1,6.85,6.8,,7,548,6.9552,1549,
Z12,80,0.5,103,template,-1,SUCCESS,1,6.4,6.4,7.0,7,512,0.0218,1544,
Z12,80,0.5,103,clique,-1,SUCCESS,1,7.0,6.4,,7,560,0.0232,1544,
Z12,80,0.5,103,pssa,0,SUCCESS,1,6.4125,6.4,,7,513,0.3394,1544,
Z12,60,0.5,103,attraction,1,SUCCESS,1,5.3167,5.1167,,7,319,23.5174,860,
Z12,80,0.5,103,pssa,1,SUCCESS,1,6.4125,6.4,,7,513,0.4685,1544,
Z12,80,0.5,103,pssa,2,SUCCESS,1,6.4125,6.4,,7,513,0.3441,1544,
Z12,80,0.5,103,pssa,3,SUCCESS,1,6.4125,6.4,,7,513,0.4541,1544,
Z12,80,0.5,102,mmfork-cuthill,4,SUCCESS,1,8.025,7.3625,,13,642,12.3856,1549,
Z12,80,0.5,103,pssa,4,SUCCESS,1,6.4125,6.4,,7,513,0.4529,1544,
Z12,220,0.7,103,pssa,0,FAILURE,0,,,,,,68.0088,16967,status=FAILURE
Z12,80,0.5,102,minorminer,3,SUCCESS,1,8.025,7.475,,12,642,13.9263,1549,
Z12,220,0.7,103,pssa,1,FAILURE,0,,,,,,69.2764,16967,status=FAILURE
Z12,220,0.7,103,clmm,1,FAILURE,0,,,,,,72.1799,16967,clmm: MM stage returned empty
Z12,220,0.7,103,clmm,4,FAILURE,0,,,,,,71.7183,16967,clmm: MM stage returned empty
Z12,80,0.5,102,mmfork-cuthill,0,SUCCESS,1,7.4625,7.0875,,10,597,16.1688,1549,
Z12,80,0.5,103,clmm,0,SUCCESS,1,6.8625,6.775,,7,549,7.0189,1544,
Z12,80,0.5,102,mmfork-cuthill,3,SUCCESS,1,7.5875,7.1875,,11,607,16.5279,1549,
Z12,80,0.5,103,clmm,2,SUCCESS,1,6.9,6.5875,,7,552,6.9943,1544,
Z12,80,0.5,103,clmm,4,SUCCESS,1,6.9375,6.6375,,7,555,5.9867,1544,
Z12,220,0.7,103,pssa,2,FAILURE,0,,,,,,68.7285,16967,status=FAILURE
Z12,80,0.5,103,clmm,1,SUCCESS,1,6.9375,6.75,,7,555,7.1512,1544,
Z12,220,0.7,103,clmm,3,FAILURE,0,,,,,,73.6197,16967,clmm: MM stage returned empty
Z12,80,0.5,103,clmm,3,SUCCESS,1,6.9625,6.675,,7,557,6.182,1544,
Z12,220,0.7,103,clmm,2,FAILURE,0,,,,,,74.9963,16967,clmm: MM stage returned empty
Z12,80,0.5,102,mmfork-cuthill,2,SUCCESS,1,7.5125,7.05,,11,601,18.6284,1549,
Z12,220,0.7,103,pssa,3,FAILURE,0,,,,,,65.8735,16967,status=FAILURE
Z12,80,0.5,103,minorminer,1,SUCCESS,1,8.025,7.4625,,13,642,13.191,1544,
Z12,100,0.5,101,template,-1,SUCCESS,1,7.87,7.87,8.0,8,787,0.0288,2425,
Z12,100,0.5,101,clique,-1,SUCCESS,1,8.0,7.87,,8,800,0.0251,2425,
Z12,80,0.5,103,minorminer,3,SUCCESS,1,8.0125,7.4625,,12,641,13.5897,1544,
Z12,100,0.5,101,pssa,0,SUCCESS,1,7.87,7.87,,8,787,0.506,2425,
Z12,80,0.5,102,minorminer,4,SUCCESS,1,7.525,7.025,,11,602,22.1014,1549,
Z12,100,0.5,101,pssa,1,SUCCESS,1,7.87,7.87,,8,787,0.36,2425,
Z12,100,0.5,101,pssa,2,SUCCESS,1,7.87,7.87,,8,787,0.3926,2425,
Z12,100,0.5,101,pssa,4,SUCCESS,1,7.87,7.87,,8,787,0.368,2425,
Z12,100,0.5,101,pssa,3,SUCCESS,1,7.87,7.87,,8,787,0.4942,2425,
Z12,80,0.5,103,mmfork-cuthill,0,SUCCESS,1,7.675,7.2875,,11,614,13.867,1544,
Z12,80,0.5,103,minorminer,0,SUCCESS,1,7.95,7.475,,12,636,15.0705,1544,
Z12,80,0.5,103,minorminer,4,SUCCESS,1,7.8125,7.1875,,13,625,14.3213,1544,
Z12,80,0.5,103,minorminer,2,SUCCESS,1,7.9,7.3625,,12,632,17.8103,1544,
Z12,220,0.7,103,pssa,4,FAILURE,0,,,,,,68.254,16967,status=FAILURE
Z12,80,0.5,103,mmfork-cuthill,4,SUCCESS,1,7.5125,7.0625,,11,601,16.2648,1544,
Z12,80,0.5,103,mmfork-cuthill,1,SUCCESS,1,8.0125,7.3375,,12,641,17.5109,1544,
Z12,80,0.5,103,mmfork-cuthill,2,SUCCESS,1,8.0,7.5125,,11,640,17.1372,1544,
Z12,80,0.5,101,attraction,2,SUCCESS,1,8.4125,7.875,,12,673,31.0988,1560,
Z12,80,0.5,101,attraction,4,SUCCESS,1,8.2,7.575,,12,656,32.0901,1560,
Z12,80,0.5,101,attraction,1,SUCCESS,1,7.725,7.1875,,11,618,33.6434,1560,
Z12,80,0.5,102,minorminer,1,SUCCESS,1,7.475,7.0375,,11,598,31.5655,1549,
Z12,100,0.5,101,clmm,1,SUCCESS,1,7.97,7.91,,8,797,13.7539,2425,
Z12,80,0.5,103,mmfork-cuthill,3,SUCCESS,1,7.55,7.15,,11,604,21.5861,1544,
Z12,100,0.5,101,clmm,0,SUCCESS,1,7.99,7.88,,8,799,16.3134,2425,
Z12,100,0.5,101,clmm,3,SUCCESS,1,7.98,7.9,,8,798,15.7271,2425,
Z12,100,0.5,101,clmm,2,SUCCESS,1,7.98,7.91,,8,798,17.2435,2425,
Z12,100,0.5,101,clmm,4,SUCCESS,1,7.98,7.88,,8,798,16.7753,2425,
Z12,100,0.5,102,template,-1,SUCCESS,1,7.91,7.91,8.0,8,791,0.03,2502,
Z12,100,0.5,102,clique,-1,SUCCESS,1,8.0,7.91,,8,800,0.0241,2502,
Z12,100,0.5,102,pssa,0,SUCCESS,1,7.92,7.91,,8,792,0.4968,2502,
Z12,100,0.5,102,pssa,1,SUCCESS,1,7.92,7.91,,8,792,0.3779,2502,
Z12,100,0.5,102,pssa,2,SUCCESS,1,7.92,7.91,,8,792,0.3812,2502,
Z12,100,0.5,102,pssa,3,SUCCESS,1,7.92,7.91,,8,792,0.49,2502,
Z12,100,0.5,102,pssa,4,SUCCESS,1,7.92,7.91,,8,792,0.3859,2502,
Z12,220,0.7,103,attraction,0,FAILURE,0,,,,,,79.8393,16967,status=FAILURE
Z12,220,0.7,103,attraction,2,FAILURE,0,,,,,,78.7237,16967,status=FAILURE
Z12,220,0.7,103,attraction,1,FAILURE,0,,,,,,78.9914,16967,status=FAILURE
Z12,80,0.5,101,attraction,3,SUCCESS,1,7.7,7.2875,,12,616,45.8743,1560,
Z12,220,0.7,103,attraction,3,FAILURE,0,,,,,,80.82,16967,status=FAILURE
Z12,220,0.7,103,attraction,4,FAILURE,0,,,,,,80.1563,16967,status=FAILURE
Z12,80,0.5,103,attraction,4,SUCCESS,1,8.475,7.7875,,13,678,30.1605,1544,
Z12,80,0.5,102,attraction,4,SUCCESS,1,7.7,7.1375,,11,616,37.1553,1549,
Z12,80,0.5,103,attraction,1,SUCCESS,1,7.9125,7.4875,,12,633,31.6188,1544,
Z12,80,0.5,101,attraction,0,SUCCESS,1,7.5875,7.025,,11,607,48.9957,1560,
Z12,100,0.5,101,minorminer,1,SUCCESS,1,10.17,9.38,,16,1017,30.1847,2425,
Z12,100,0.5,101,mmfork-cuthill,1,SUCCESS,1,10.33,9.43,,16,1033,29.4106,2425,
Z12,80,0.5,102,attraction,3,SUCCESS,1,7.8625,7.2875,,12,629,40.4003,1549,
Z12,80,0.5,102,attraction,0,SUCCESS,1,7.4375,6.9375,,11,595,41.2348,1549,
Z12,100,0.5,101,minorminer,2,SUCCESS,1,10.1,9.3,,15,1010,31.7643,2425,
Z12,100,0.5,102,clmm,0,SUCCESS,1,7.98,7.91,,8,798,17.0854,2502,
Z12,100,0.5,102,minorminer,2,SUCCESS,1,11.23,10.13,,16,1123,22.6873,2502,
Z12,100,0.5,102,minorminer,0,SUCCESS,1,11.14,10.17,,16,1114,26.2034,2502,
Z12,100,0.5,102,clmm,1,SUCCESS,1,7.96,7.89,,8,796,18.331,2502,
Z12,100,0.5,101,mmfork-cuthill,2,SUCCESS,1,9.89,9.21,,14,989,32.3312,2425,
Z12,100,0.5,103,template,-1,SUCCESS,1,7.9,7.9,8.0,8,790,0.0421,2445,
Z12,100,0.5,103,clique,-1,SUCCESS,1,8.0,7.9,,8,800,0.0265,2445,
Z12,80,0.5,103,attraction,3,SUCCESS,1,8.0625,7.475,,12,645,36.8365,1544,
Z12,100,0.5,102,clmm,3,SUCCESS,1,7.99,7.91,,8,799,15.5817,2502,
Z12,100,0.5,103,pssa,0,SUCCESS,1,7.91,7.9,,8,791,0.5265,2445,
Z12,100,0.5,103,pssa,1,SUCCESS,1,7.91,7.9,,8,791,0.4184,2445,
Z12,80,0.5,102,attraction,1,SUCCESS,1,7.45,7.125,,11,596,44.4983,1549,
Z12,100,0.5,103,pssa,2,SUCCESS,1,7.91,7.9,,8,791,0.5414,2445,
Z12,100,0.5,103,pssa,3,SUCCESS,1,7.91,7.9,,8,791,0.4041,2445,
Z12,100,0.5,102,clmm,2,SUCCESS,1,8.0,7.91,,8,800,17.2808,2502,
Z12,100,0.5,103,pssa,4,SUCCESS,1,7.91,7.9,,8,791,0.5322,2445,
Z12,80,0.5,102,attraction,2,SUCCESS,1,7.625,7.125,,12,610,46.2168,1549,
Z12,100,0.5,102,clmm,4,SUCCESS,1,7.96,7.88,,8,796,17.2445,2502,
Z12,100,0.5,102,minorminer,3,SUCCESS,1,10.27,9.28,,16,1027,27.7791,2502,
Z12,100,0.5,101,minorminer,3,SUCCESS,1,9.94,9.29,,15,994,39.1008,2425,
Z12,80,0.5,103,attraction,2,SUCCESS,1,7.9,7.3375,,12,632,43.7867,1544,
Z12,100,0.5,101,minorminer,0,SUCCESS,1,9.93,9.15,,15,993,43.341,2425,
Z12,100,0.5,102,minorminer,1,SUCCESS,1,10.33,9.45,,16,1033,32.2519,2502,
Z12,100,0.5,101,mmfork-cuthill,4,SUCCESS,1,9.77,8.95,,15,977,40.7916,2425,
Z12,100,0.5,102,mmfork-cuthill,1,SUCCESS,1,10.49,9.65,,17,1049,31.2944,2502,
Z12,100,0.5,101,mmfork-cuthill,3,SUCCESS,1,9.62,8.91,,15,962,41.5865,2425,
Z12,100,0.5,102,minorminer,4,SUCCESS,1,9.84,9.15,,14,984,34.843,2502,
Z12,100,0.5,103,clmm,1,SUCCESS,1,7.98,7.92,,8,798,15.6345,2445,
Z12,100,0.5,103,clmm,0,SUCCESS,1,7.99,7.92,,8,799,16.5723,2445,
Z12,100,0.5,103,clmm,2,SUCCESS,1,7.96,7.9,,8,796,16.4516,2445,
Z12,100,0.5,103,clmm,4,SUCCESS,1,7.93,7.87,,8,793,15.965,2445,
Z12,100,0.5,103,clmm,3,SUCCESS,1,7.96,7.88,,8,796,16.5323,2445,
Z12,140,0.5,101,template,-1,SUCCESS,1,10.4143,10.4143,11.0,11,1458,0.1054,4763,
Z12,140,0.5,101,clique,-1,SUCCESS,1,11.0,10.4143,,11,1540,0.0266,4763,
Z12,100,0.5,101,minorminer,4,SUCCESS,1,9.94,9.19,,15,994,49.8112,2425,
Z12,80,0.5,103,attraction,0,SUCCESS,1,7.475,7.0625,,11,598,53.5432,1544,
Z12,140,0.5,101,pssa,0,SUCCESS,1,10.4143,10.4143,,11,1458,0.586,4763,
Z12,140,0.5,101,pssa,1,SUCCESS,1,10.4143,10.4143,,11,1458,0.5825,4763,
Z12,140,0.5,101,pssa,2,SUCCESS,1,10.4143,10.4143,,11,1458,0.612,4763,
Z12,140,0.5,101,pssa,3,SUCCESS,1,10.4143,10.4143,,11,1458,0.5871,4763,
Z12,140,0.5,101,pssa,4,SUCCESS,1,10.4143,10.4143,,11,1458,0.592,4763,
Z12,100,0.5,101,mmfork-cuthill,0,SUCCESS,1,9.71,9.2,,14,971,51.8247,2425,
Z12,100,0.5,103,mmfork-cuthill,0,SUCCESS,1,10.07,9.18,,15,1007,24.0921,2445,
Z12,100,0.5,102,mmfork-cuthill,4,SUCCESS,1,9.65,9.02,,14,965,42.7293,2502,
Z12,100,0.5,102,mmfork-cuthill,0,SUCCESS,1,9.39,8.83,,13,939,46.9567,2502,
Z12,100,0.5,103,minorminer,3,SUCCESS,1,10.92,9.8,,17,1092,32.8957,2445,
Z12,100,0.5,102,mmfork-cuthill,2,SUCCESS,1,9.59,8.99,,14,959,48.0043,2502,
Z12,100,0.5,101,attraction,3,SUCCESS,1,10.14,9.3,,16,1014,54.6654,2425,
Z12,100,0.5,103,minorminer,4,SUCCESS,1,9.99,9.21,,15,999,33.2986,2445,
Z12,100,0.5,101,attraction,4,SUCCESS,1,10.3,9.55,,16,1030,55.9135,2425,
Z12,100,0.5,103,mmfork-cuthill,3,SUCCESS,1,10.62,9.58,,16,1062,32.2953,2445,
Z12,100,0.5,103,minorminer,0,SUCCESS,1,10.38,9.6,,16,1038,38.2151,2445,
Z12,100,0.5,101,attraction,0,SUCCESS,1,9.91,9.14,,15,991,60.0348,2425,
Z12,100,0.5,101,attraction,2,SUCCESS,1,10.15,9.23,,15,1015,60.319,2425,
Z12,100,0.5,101,attraction,1,SUCCESS,1,10.71,9.81,,16,1071,60.5881,2425,
Z12,100,0.5,103,mmfork-cuthill,1,SUCCESS,1,10.07,9.36,,15,1007,39.5063,2445,
Z12,100,0.5,103,minorminer,2,SUCCESS,1,9.92,9.17,,15,992,44.2094,2445,
Z12,100,0.5,102,mmfork-cuthill,3,SUCCESS,1,9.12,8.57,,13,912,59.2677,2502,
Z12,100,0.5,103,mmfork-cuthill,2,SUCCESS,1,9.99,9.12,,15,999,42.6907,2445,
Z12,140,0.5,102,template,-1,SUCCESS,1,10.4214,10.4214,11.0,11,1459,0.1074,4945,
Z12,140,0.5,102,clique,-1,SUCCESS,1,11.0,10.4214,,11,1540,0.0259,4945,
Z12,140,0.5,102,pssa,0,SUCCESS,1,10.4214,10.4214,,11,1459,0.5683,4945,
Z12,140,0.5,102,pssa,1,SUCCESS,1,10.4214,10.4214,,11,1459,0.5739,4945,
Z12,100,0.5,102,attraction,2,SUCCESS,1,11.65,10.16,,18,1165,50.9959,2502,
Z12,140,0.5,102,pssa,3,SUCCESS,1,10.4214,10.4214,,11,1459,0.449,4945,
Z12,140,0.5,102,pssa,2,SUCCESS,1,10.4214,10.4214,,11,1459,0.5684,4945,
Z12,140,0.5,102,pssa,4,SUCCESS,1,10.4214,10.4214,,11,1459,0.555,4945,
Z12,100,0.5,103,minorminer,1,SUCCESS,1,10.49,9.68,,16,1049,49.4495,2445,
Z12,100,0.5,102,attraction,1,SUCCESS,1,9.85,9.16,,15,985,60.067,2502,
Z12,100,0.5,102,attraction,0,SUCCESS,1,10.11,9.28,,15,1011,60.5405,2502,
Z12,100,0.5,103,mmfork-cuthill,4,SUCCESS,1,9.28,8.66,,14,928,52.6846,2445,
Z12,100,0.5,102,attraction,3,SUCCESS,1,10.72,9.72,,17,1072,60.7498,2502,
Z12,140,0.5,101,clmm,0,SUCCESS,1,10.95,10.8214,,11,1533,39.5955,4763,
Z12,140,0.5,101,clmm,2,SUCCESS,1,10.9643,10.4857,,11,1535,37.0615,4763,
Z12,140,0.5,101,clmm,3,SUCCESS,1,10.9857,10.6643,,11,1538,36.3306,4763,
Z12,100,0.5,103,attraction,1,SUCCESS,1,11.01,9.83,,17,1101,50.8787,2445,
Z12,100,0.5,102,attraction,4,SUCCESS,1,9.78,9.02,,16,978,60.0591,2502,
Z12,140,0.5,101,clmm,1,SUCCESS,1,11.0,10.4143,,11,1540,40.2135,4763,
Z12,140,0.5,101,clmm,4,SUCCESS,1,10.9857,10.7,,11,1538,43.0094,4763,
Z12,100,0.5,103,attraction,0,SUCCESS,1,10.09,9.31,,16,1009,60.1287,2445,
Z12,100,0.5,103,attraction,4,SUCCESS,1,10.03,9.18,,15,1003,60.1582,2445,
Z12,100,0.5,103,attraction,3,SUCCESS,1,10.11,9.37,,15,1011,60.7229,2445,
Z12,100,0.5,103,attraction,2,SUCCESS,1,10.41,9.53,,16,1041,60.8684,2445,
Z12,140,0.5,101,minorminer,0,SUCCESS,1,15.65,14.0143,,24,2191,60.5581,4763,
Z12,140,0.5,101,minorminer,1,SUCCESS,1,15.7429,14.2286,,24,2204,60.4012,4763,
Z12,140,0.5,101,minorminer,2,SUCCESS,1,15.7143,14.1929,,25,2200,60.8272,4763,
Z12,140,0.5,103,template,-1,SUCCESS,1,10.4571,10.4571,11.0,11,1464,0.1039,4833,
Z12,140,0.5,103,clique,-1,SUCCESS,1,11.0,10.4571,,11,1540,0.027,4833,
Z12,140,0.5,103,pssa,0,SUCCESS,1,10.4571,10.4571,,11,1464,0.587,4833,
Z12,140,0.5,101,minorminer,3,SUCCESS,1,15.6,14.1714,,24,2184,60.3745,4763,
Z12,140,0.5,103,pssa,1,SUCCESS,1,10.4571,10.4571,,11,1464,0.6155,4833,
Z12,140,0.5,103,pssa,2,SUCCESS,1,10.4571,10.4571,,11,1464,0.5797,4833,
Z12,140,0.5,103,pssa,3,SUCCESS,1,10.4571,10.4571,,11,1464,0.6012,4833,
Z12,140,0.5,103,pssa,4,SUCCESS,1,10.4571,10.4571,,11,1464,0.5769,4833,
Z12,140,0.5,101,minorminer,4,SUCCESS,1,15.8929,14.0643,,26,2225,60.4031,4763,
Z12,140,0.5,101,mmfork-cuthill,1,SUCCESS,1,14.3286,12.9643,,23,2006,60.4157,4763,
Z12,140,0.5,101,mmfork-cuthill,0,SUCCESS,1,15.8071,13.8643,,28,2213,60.6188,4763,
Z12,140,0.5,101,mmfork-cuthill,2,SUCCESS,1,15.7857,14.0143,,26,2210,60.8499,4763,
Z12,140,0.5,101,mmfork-cuthill,4,SUCCESS,1,14.4929,13.2929,,22,2029,60.2996,4763,
Z12,140,0.5,101,mmfork-cuthill,3,SUCCESS,1,15.2071,13.7143,,24,2129,60.8445,4763,
Z12,140,0.5,102,clmm,0,SUCCESS,1,10.9429,10.4214,,11,1532,41.0128,4945,
Z12,140,0.5,102,clmm,4,SUCCESS,1,10.9286,10.3929,,11,1530,37.1162,4945,
Z12,140,0.5,102,clmm,2,SUCCESS,1,11.0,10.4214,,11,1540,41.5472,4945,
Z12,140,0.5,102,clmm,1,SUCCESS,1,10.9857,10.7071,,11,1538,44.1827,4945,
Z12,140,0.5,101,attraction,1,SUCCESS,1,17.3357,15.0714,,29,2427,60.8887,4763,
Z12,140,0.5,101,attraction,2,SUCCESS,1,20.1571,17.6143,,35,2822,60.1509,4763,
Z12,140,0.5,101,attraction,0,SUCCESS,1,17.4071,15.3786,,30,2437,61.1224,4763,
Z12,140,0.5,101,attraction,4,SUCCESS,1,17.05,14.6929,,29,2387,60.1636,4763,
Z12,140,0.5,101,attraction,3,SUCCESS,1,18.35,15.95,,29,2569,60.7328,4763,
Z12,140,0.5,102,minorminer,0,SUCCESS,1,15.7214,14.1571,,26,2201,60.776,4945,
Z12,140,0.5,102,minorminer,1,SUCCESS,1,17.1143,15.1571,,32,2396,60.264,4945,
Z12,140,0.5,102,clmm,3,SUCCESS,1,10.8786,10.8286,,11,1523,47.2837,4945,
Z12,140,0.5,102,minorminer,3,SUCCESS,1,16.3,14.3071,,26,2282,61.3298,4945,
Z12,140,0.5,102,minorminer,2,SUCCESS,1,14.95,13.4857,,23,2093,61.5475,4945,
Z12,180,0.5,101,template,-1,SUCCESS,1,12.9389,12.9389,13.0,13,2329,0.1429,7925,
Z12,140,0.5,102,mmfork-cuthill,0,SUCCESS,1,15.6714,14.2357,,24,2194,60.9905,4945,
Z12,180,0.5,101,clique,-1,SUCCESS,1,13.0,12.9389,,13,2340,0.0247,7925,
Z12,140,0.5,102,minorminer,4,SUCCESS,1,15.2714,13.7857,,24,2138,61.4367,4945,
Z12,180,0.5,101,pssa,0,SUCCESS,1,12.9389,12.9389,,13,2329,0.4158,7925,
Z12,180,0.5,101,pssa,2,SUCCESS,1,12.9389,12.9389,,13,2329,0.4321,7925,
Z12,140,0.5,102,mmfork-cuthill,1,SUCCESS,1,15.2071,13.5429,,24,2129,60.6934,4945,
Z12,180,0.5,101,pssa,1,SUCCESS,1,12.9389,12.9389,,13,2329,0.5491,7925,
Z12,180,0.5,101,pssa,3,SUCCESS,1,12.9389,12.9389,,13,2329,0.54,7925,
Z12,180,0.5,101,pssa,4,SUCCESS,1,12.9389,12.9389,,13,2329,0.4123,7925,
Z12,140,0.5,102,mmfork-cuthill,2,SUCCESS,1,15.5286,14.0429,,25,2174,60.5961,4945,
Z12,140,0.5,102,mmfork-cuthill,3,SUCCESS,1,15.1571,13.6571,,24,2122,60.2772,4945,
Z12,140,0.5,102,mmfork-cuthill,4,SUCCESS,1,15.3357,13.9357,,24,2147,61.0735,4945,
Z12,140,0.5,103,clmm,1,SUCCESS,1,10.9,10.55,,11,1526,36.9513,4833,
Z12,140,0.5,103,clmm,2,SUCCESS,1,10.95,10.8,,11,1533,38.5063,4833,
Z12,140,0.5,103,clmm,0,SUCCESS,1,10.9857,10.6571,,11,1538,40.0105,4833,
Z12,140,0.5,102,attraction,0,SUCCESS,1,17.5214,15.5857,,33,2453,60.4263,4945,
Z12,140,0.5,102,attraction,1,SUCCESS,1,17.7143,15.4286,,30,2480,60.2882,4945,
Z12,140,0.5,103,clmm,4,SUCCESS,1,10.9857,10.45,,11,1538,39.7,4833,
Z12,140,0.5,102,attraction,2,SUCCESS,1,17.8857,15.4143,,30,2504,60.8481,4945,
Z12,140,0.5,103,clmm,3,SUCCESS,1,10.9357,10.8571,,11,1531,43.1117,4833,
Z12,140,0.5,102,attraction,3,SUCCESS,1,17.0071,15.2571,,27,2381,61.4752,4945,
Z12,140,0.5,102,attraction,4,SUCCESS,1,18.3929,16.2143,,30,2575,61.5557,4945,
Z12,140,0.5,103,minorminer,0,SUCCESS,1,15.8429,14.0429,,26,2218,60.8108,4833,
Z12,140,0.5,103,minorminer,1,SUCCESS,1,16.1429,14.3357,,25,2260,60.1304,4833,
Z12,140,0.5,103,minorminer,2,SUCCESS,1,15.8786,14.2429,,24,2223,60.3981,4833,
Z12,140,0.5,103,minorminer,3,SUCCESS,1,15.5643,14.0857,,24,2179,60.2033,4833,
Z12,180,0.5,102,template,-1,SUCCESS,1,12.9278,12.9278,13.0,13,2327,0.14,8056,
Z12,180,0.5,102,clique,-1,SUCCESS,1,13.0,12.9278,,13,2340,0.0246,8056,
Z12,140,0.5,103,minorminer,4,SUCCESS,1,16.2929,14.4071,,27,2281,60.806,4833,
Z12,180,0.5,102,pssa,0,SUCCESS,1,12.9278,12.9278,,13,2327,0.4182,8056,
Z12,180,0.5,102,pssa,1,SUCCESS,1,12.9278,12.9278,,13,2327,0.4139,8056,
Z12,140,0.5,103,mmfork-cuthill,1,SUCCESS,1,15.9714,14.2571,,25,2236,60.4964,4833,
Z12,180,0.5,102,pssa,2,SUCCESS,1,12.9278,12.9278,,13,2327,0.4129,8056,
Z12,180,0.5,102,pssa,3,SUCCESS,1,12.9278,12.9278,,13,2327,0.4255,8056,
Z12,180,0.5,102,pssa,4,SUCCESS,1,12.9278,12.9278,,13,2327,0.4058,8056,
Z12,140,0.5,103,mmfork-cuthill,0,SUCCESS,1,15.3714,13.8214,,24,2152,61.5584,4833,
Z12,140,0.5,103,mmfork-cuthill,2,SUCCESS,1,15.85,14.2857,,25,2219,61.3089,4833,
Z12,140,0.5,103,mmfork-cuthill,3,SUCCESS,1,15.5643,13.8857,,25,2179,60.5522,4833,
Z12,140,0.5,103,mmfork-cuthill,4,SUCCESS,1,16.3357,14.8643,,26,2287,61.2712,4833,
Z12,140,0.5,103,attraction,1,SUCCESS,1,17.5429,15.2643,,29,2456,60.2809,4833,
Z12,140,0.5,103,attraction,0,SUCCESS,1,17.8429,15.5714,,29,2498,61.0129,4833,
Z12,140,0.5,103,attraction,2,SUCCESS,1,18.55,15.9571,,30,2597,61.0051,4833,
Z12,140,0.5,103,attraction,3,SUCCESS,1,17.7286,15.3714,,29,2482,60.0699,4833,
Z12,140,0.5,103,attraction,4,SUCCESS,1,16.9214,14.6071,,27,2369,60.6872,4833,
Z12,180,0.5,101,clmm,0,SUCCESS,1,13.0,12.9389,,13,2340,50.6547,7925,
Z12,180,0.5,101,clmm,4,SUCCESS,1,13.0,12.9389,,13,2340,45.1681,7925,
Z12,180,0.5,101,clmm,2,SUCCESS,1,13.0,12.9389,,13,2340,47.6756,7925,
Z12,180,0.5,101,clmm,1,SUCCESS,1,12.9944,12.9333,,13,2339,51.6638,7925,
Z12,180,0.5,101,minorminer,1,FAILURE,0,,,,,,63.862,7925,status=FAILURE
Z12,180,0.5,101,minorminer,2,FAILURE,0,,,,,,63.8633,7925,status=FAILURE
Z12,180,0.5,101,minorminer,0,FAILURE,0,,,,,,64.7683,7925,status=FAILURE
Z12,180,0.5,101,clmm,3,SUCCESS,1,12.9833,12.9389,,13,2337,51.5877,7925,
Z12,180,0.5,103,template,-1,SUCCESS,1,12.9389,12.9389,13.0,13,2329,0.1437,8069,
Z12,180,0.5,103,clique,-1,SUCCESS,1,13.0,12.9389,,13,2340,0.0258,8069,
Z12,180,0.5,103,pssa,0,SUCCESS,1,12.9389,12.9389,,13,2329,0.5439,8069,
Z12,180,0.5,103,pssa,1,SUCCESS,1,12.9389,12.9389,,13,2329,0.5459,8069,
Z12,180,0.5,101,minorminer,3,FAILURE,0,,,,,,64.2888,7925,status=FAILURE
Z12,180,0.5,103,pssa,2,SUCCESS,1,12.9389,12.9389,,13,2329,0.5448,8069,
Z12,180,0.5,103,pssa,3,SUCCESS,1,12.9389,12.9389,,13,2329,0.4152,8069,
Z12,180,0.5,103,pssa,4,SUCCESS,1,12.9389,12.9389,,13,2329,0.5528,8069,
Z12,180,0.5,101,mmfork-cuthill,0,FAILURE,0,,,,,,64.0026,7925,status=FAILURE
Z12,180,0.5,101,minorminer,4,FAILURE,0,,,,,,66.041,7925,status=FAILURE
Z12,180,0.5,101,mmfork-cuthill,3,FAILURE,0,,,,,,63.4579,7925,status=FAILURE
Z12,180,0.5,101,mmfork-cuthill,1,FAILURE,0,,,,,,66.6203,7925,status=FAILURE
Z12,180,0.5,101,mmfork-cuthill,4,FAILURE,0,,,,,,65.2385,7925,status=FAILURE
Z12,180,0.5,101,mmfork-cuthill,2,FAILURE,0,,,,,,66.1534,7925,status=FAILURE
Z12,180,0.5,102,clmm,0,SUCCESS,1,13.0,12.9278,,13,2340,45.979,8056,
Z12,180,0.5,102,clmm,1,SUCCESS,1,13.0,12.9278,,13,2340,42.5829,8056,
Z12,180,0.5,102,minorminer,0,FAILURE,0,,,,,,64.2014,8056,status=FAILURE
Z12,180,0.5,102,clmm,2,SUCCESS,1,13.0,12.9278,,13,2340,44.7465,8056,
Z12,180,0.5,101,attraction,0,FAILURE,0,,,,,,66.5197,7925,status=FAILURE
Z12,180,0.5,101,attraction,2,FAILURE,0,,,,,,66.4635,7925,status=FAILURE
Z12,180,0.5,102,clmm,3,SUCCESS,1,13.0,12.9278,,13,2340,44.9454,8056,
Z12,180,0.5,101,attraction,3,FAILURE,0,,,,,,66.6552,7925,status=FAILURE
Z12,180,0.5,101,attraction,1,FAILURE,0,,,,,,66.9065,7925,status=FAILURE
Z12,180,0.5,102,minorminer,1,FAILURE,0,,,,,,64.8888,8056,status=FAILURE
Z12,180,0.5,101,attraction,4,FAILURE,0,,,,,,67.3784,7925,status=FAILURE
Z12,180,0.5,102,minorminer,2,FAILURE,0,,,,,,65.9623,8056,status=FAILURE
Z12,180,0.5,102,clmm,4,SUCCESS,1,12.9889,12.9278,,13,2338,49.9128,8056,
Z12,240,0.5,101,template,-1,INFEASIBLE,0,,,,,,0.0,14281,n=240 > max clique 184
Z12,240,0.5,101,clique,-1,FAILURE,0,,,,,,0.0228,14281,status=FAILURE
Z12,180,0.5,102,minorminer,3,FAILURE,0,,,,,,64.6042,8056,status=FAILURE
Z12,180,0.5,102,minorminer,4,FAILURE,0,,,,,,65.918,8056,status=FAILURE
Z12,180,0.5,102,mmfork-cuthill,1,FAILURE,0,,,,,,64.6483,8056,status=FAILURE
Z12,180,0.5,102,mmfork-cuthill,0,FAILURE,0,,,,,,66.2714,8056,status=FAILURE
Z12,180,0.5,102,mmfork-cuthill,2,FAILURE,0,,,,,,65.5656,8056,status=FAILURE
Z12,180,0.5,102,mmfork-cuthill,3,FAILURE,0,,,,,,66.6814,8056,status=FAILURE
Z12,180,0.5,102,mmfork-cuthill,4,FAILURE,0,,,,,,65.7889,8056,status=FAILURE
Z12,180,0.5,103,clmm,1,SUCCESS,1,13.0,12.9389,,13,2340,45.48,8069,
Z12,180,0.5,103,clmm,2,SUCCESS,1,13.0,12.9389,,13,2340,45.3748,8069,
Z12,180,0.5,102,attraction,0,FAILURE,0,,,,,,66.7583,8056,status=FAILURE
Z12,180,0.5,102,attraction,1,FAILURE,0,,,,,,66.6739,8056,status=FAILURE
Z12,180,0.5,103,clmm,0,SUCCESS,1,13.0,12.9389,,13,2340,48.1265,8069,
Z12,180,0.5,102,attraction,2,FAILURE,0,,,,,,66.7595,8056,status=FAILURE
Z12,180,0.5,103,minorminer,0,FAILURE,0,,,,,,64.1813,8069,status=FAILURE
Z12,180,0.5,103,clmm,3,SUCCESS,1,13.0,12.9389,,13,2340,48.0191,8069,
Z12,180,0.5,102,attraction,3,FAILURE,0,,,,,,68.4073,8056,status=FAILURE
Z12,180,0.5,102,attraction,4,FAILURE,0,,,,,,68.5616,8056,status=FAILURE
Z12,180,0.5,103,clmm,4,SUCCESS,1,12.9889,12.95,,13,2338,48.2883,8069,
Z12,180,0.5,103,minorminer,1,FAILURE,0,,,,,,65.7153,8069,status=FAILURE
Z12,180,0.5,103,minorminer,2,FAILURE,0,,,,,,63.3897,8069,status=FAILURE
Z12,180,0.5,103,minorminer,3,FAILURE,0,,,,,,64.1878,8069,status=FAILURE
Z12,180,0.5,103,mmfork-cuthill,0,FAILURE,0,,,,,,63.3297,8069,status=FAILURE
Z12,180,0.5,103,mmfork-cuthill,2,FAILURE,0,,,,,,63.204,8069,status=FAILURE
Z12,180,0.5,103,mmfork-cuthill,3,FAILURE,0,,,,,,63.378,8069,status=FAILURE
Z12,180,0.5,103,minorminer,4,FAILURE,0,,,,,,65.4854,8069,status=FAILURE
Z12,240,0.5,102,template,-1,INFEASIBLE,0,,,,,,0.0,14405,n=240 > max clique 184
Z12,240,0.5,102,clique,-1,FAILURE,0,,,,,,0.0233,14405,status=FAILURE
Z12,180,0.5,103,mmfork-cuthill,1,FAILURE,0,,,,,,65.0277,8069,status=FAILURE
Z12,180,0.5,103,mmfork-cuthill,4,FAILURE,0,,,,,,65.6827,8069,status=FAILURE
Z12,180,0.5,103,attraction,1,FAILURE,0,,,,,,67.4075,8069,status=FAILURE
Z12,180,0.5,103,attraction,2,FAILURE,0,,,,,,66.6744,8069,status=FAILURE
Z12,180,0.5,103,attraction,0,FAILURE,0,,,,,,68.8064,8069,status=FAILURE
Z12,180,0.5,103,attraction,3,FAILURE,0,,,,,,67.8635,8069,status=FAILURE
Z12,240,0.5,101,minorminer,0,FAILURE,0,,,,,,66.5302,14281,status=FAILURE
Z12,180,0.5,103,attraction,4,FAILURE,0,,,,,,68.379,8069,status=FAILURE
Z12,240,0.5,101,minorminer,2,FAILURE,0,,,,,,67.299,14281,status=FAILURE
Z12,240,0.5,101,minorminer,1,FAILURE,0,,,,,,72.7985,14281,status=FAILURE
Z12,240,0.5,101,clmm,4,FAILURE,0,,,,,,60.2964,14281,clmm: MM stage returned empty
Z12,240,0.5,101,mmfork-cuthill,1,FAILURE,0,,,,,,66.78,14281,status=FAILURE
Z12,240,0.5,101,mmfork-cuthill,4,FAILURE,0,,,,,,67.5933,14281,status=FAILURE
Z12,240,0.5,101,mmfork-cuthill,2,FAILURE,0,,,,,,67.8862,14281,status=FAILURE
Z12,240,0.5,101,mmfork-cuthill,3,FAILURE,0,,,,,,68.3128,14281,status=FAILURE
Z12,240,0.5,101,minorminer,4,FAILURE,0,,,,,,71.66,14281,status=FAILURE
Z12,240,0.5,101,mmfork-cuthill,0,FAILURE,0,,,,,,70.9964,14281,status=FAILURE
Z12,240,0.5,101,pssa,1,FAILURE,0,,,,,,63.9118,14281,status=FAILURE
Z12,240,0.5,101,clmm,3,FAILURE,0,,,,,,70.6394,14281,clmm: MM stage returned empty
Z12,240,0.5,101,clmm,2,FAILURE,0,,,,,,71.5821,14281,clmm: MM stage returned empty
Z12,240,0.5,101,pssa,0,FAILURE,0,,,,,,67.3713,14281,status=FAILURE
Z12,240,0.5,101,clmm,1,FAILURE,0,,,,,,72.1905,14281,clmm: MM stage returned empty
Z12,240,0.5,101,minorminer,3,FAILURE,0,,,,,,76.3067,14281,status=FAILURE
Z12,240,0.5,101,clmm,0,FAILURE,0,,,,,,73.5302,14281,clmm: MM stage returned empty
Z12,240,0.5,101,pssa,4,FAILURE,0,,,,,,64.6507,14281,status=FAILURE
Z12,240,0.5,103,template,-1,INFEASIBLE,0,,,,,,0.0,14333,n=240 > max clique 184
Z12,240,0.5,103,clique,-1,FAILURE,0,,,,,,0.0242,14333,status=FAILURE
Z12,240,0.5,101,pssa,2,FAILURE,0,,,,,,66.8541,14281,status=FAILURE
Z12,240,0.5,101,pssa,3,FAILURE,0,,,,,,67.4658,14281,status=FAILURE
Z12,240,0.5,102,minorminer,2,FAILURE,0,,,,,,60.3519,14405,status=FAILURE
Z12,240,0.5,101,attraction,0,FAILURE,0,,,,,,73.9774,14281,status=FAILURE
Z12,240,0.5,101,attraction,2,FAILURE,0,,,,,,72.8727,14281,status=FAILURE
Z12,240,0.5,101,attraction,1,FAILURE,0,,,,,,73.9031,14281,status=FAILURE
Z12,240,0.5,102,minorminer,1,FAILURE,0,,,,,,66.3356,14405,status=FAILURE
Z12,240,0.5,102,clmm,0,FAILURE,0,,,,,,60.5543,14405,clmm: MM stage returned empty
Z12,240,0.5,102,minorminer,0,FAILURE,0,,,,,,67.4285,14405,status=FAILURE
Z12,240,0.5,102,mmfork-cuthill,1,FAILURE,0,,,,,,67.5391,14405,status=FAILURE
Z12,240,0.5,102,minorminer,3,FAILURE,0,,,,,,70.7035,14405,status=FAILURE
Z12,240,0.5,101,attraction,3,FAILURE,0,,,,,,73.9044,14281,status=FAILURE
Z12,240,0.5,102,mmfork-cuthill,2,FAILURE,0,,,,,,69.2818,14405,status=FAILURE
Z12,240,0.5,102,mmfork-cuthill,3,FAILURE,0,,,,,,69.3618,14405,status=FAILURE
Z12,240,0.5,101,attraction,4,FAILURE,0,,,,,,73.6591,14281,status=FAILURE
Z12,240,0.5,102,minorminer,4,FAILURE,0,,,,,,72.6919,14405,status=FAILURE
Z12,60,0.3,101,minorminer,2,SUCCESS,1,4.8167,4.7167,,7,289,2.3588,535,
Z12,60,0.3,101,minorminer,1,SUCCESS,1,4.7333,4.55,,7,284,3.2979,535,
Z12,60,0.3,101,minorminer,0,SUCCESS,1,4.9667,4.8167,,8,298,4.8668,535,
Z12,60,0.3,101,minorminer,3,SUCCESS,1,5.1667,4.95,,8,310,3.2233,535,
Z12,60,0.3,101,mmfork-cuthill,1,SUCCESS,1,4.55,4.45,,7,273,2.2946,535,
Z12,240,0.5,102,mmfork-cuthill,0,FAILURE,0,,,,,,73.8306,14405,status=FAILURE
Z12,60,0.3,101,mmfork-cuthill,2,SUCCESS,1,5.05,4.85,,8,303,1.7851,535,
Z12,60,0.3,101,clmm,0,SUCCESS,1,5.75,5.35,,6,345,1.09,535,
Z12,60,0.3,101,minorminer,4,SUCCESS,1,4.5167,4.45,,6,271,5.5232,535,
Z12,60,0.3,101,template,-1,SUCCESS,1,5.1667,5.1667,6.0,6,310,0.0108,535,
Z12,60,0.3,101,clique,-1,SUCCESS,1,6.0,5.1667,,6,360,0.0229,535,
Z12,60,0.3,101,mmfork-cuthill,0,SUCCESS,1,4.65,4.5167,,7,279,5.0891,535,
Z12,60,0.3,101,pssa,0,SUCCESS,1,5.6167,5.1667,,9,337,0.2766,535,
Z12,240,0.5,102,mmfork-cuthill,4,FAILURE,0,,,,,,72.6065,14405,status=FAILURE
Z12,60,0.3,101,pssa,1,SUCCESS,1,5.6167,5.1667,,9,337,0.3945,535,
Z12,60,0.3,101,pssa,2,SUCCESS,1,5.6167,5.1667,,9,337,0.2799,535,
Z12,60,0.3,101,clmm,2,SUCCESS,1,4.9,4.7667,,6,294,2.6582,535,
Z12,60,0.3,101,pssa,3,SUCCESS,1,5.6167,5.1667,,9,337,0.2824,535,
Z12,60,0.3,101,pssa,4,SUCCESS,1,5.6167,5.1667,,9,337,0.2798,535,
Z12,240,0.5,102,pssa,1,FAILURE,0,,,,,,64.2329,14405,status=FAILURE
Z12,60,0.3,101,clmm,3,SUCCESS,1,4.7667,4.6833,,6,286,3.3397,535,
Z12,60,0.3,101,clmm,1,SUCCESS,1,4.6667,4.5667,,6,280,4.1277,535,
Z12,60,0.3,101,mmfork-cuthill,4,SUCCESS,1,4.55,4.3667,,7,273,5.1026,535,
Z12,60,0.3,101,clmm,4,SUCCESS,1,4.6667,4.55,,6,280,3.5462,535,
Z12,60,0.3,101,mmfork-cuthill,3,SUCCESS,1,4.5833,4.4667,,7,275,5.7677,535,
Z12,240,0.5,102,pssa,2,FAILURE,0,,,,,,64.1418,14405,status=FAILURE
Z12,240,0.5,102,pssa,0,FAILURE,0,,,,,,66.5753,14405,status=FAILURE
Z12,60,0.3,102,minorminer,3,SUCCESS,1,4.6333,4.5,,7,278,2.1743,489,
Z12,60,0.3,102,minorminer,4,SUCCESS,1,4.65,4.55,,7,279,1.8659,489,
Z12,60,0.3,102,minorminer,0,SUCCESS,1,4.6,4.4333,,7,276,3.4975,489,
Z12,60,0.3,102,mmfork-cuthill,1,SUCCESS,1,4.6,4.5,,8,276,1.6247,489,
Z12,60,0.3,102,minorminer,2,SUCCESS,1,4.3333,4.2833,,6,260,3.5592,489,
Z12,60,0.3,102,minorminer,1,SUCCESS,1,4.4833,4.35,,7,269,3.9882,489,
Z12,60,0.3,102,mmfork-cuthill,0,SUCCESS,1,4.3667,4.25,,7,262,3.1313,489,
Z12,60,0.3,102,mmfork-cuthill,2,SUCCESS,1,4.65,4.55,,7,279,2.6293,489,
Z12,60,0.3,102,clmm,2,SUCCESS,1,4.6333,4.5167,,6,278,1.5703,489,
Z12,60,0.3,102,template,-1,SUCCESS,1,5.0167,5.0167,6.0,6,301,0.0117,489,
Z12,60,0.3,102,clique,-1,SUCCESS,1,6.0,5.0167,,6,360,0.0242,489,
Z12,60,0.3,101,attraction,3,SUCCESS,1,5.05,4.7833,,8,303,6.9288,535,
Z12,60,0.3,102,mmfork-cuthill,3,SUCCESS,1,4.65,4.4667,,7,279,3.4435,489,
Z12,60,0.3,102,clmm,0,SUCCESS,1,4.4,4.35,,6,264,2.7952,489,
Z12,60,0.3,102,pssa,0,SUCCESS,1,5.5833,5.0167,,7,335,0.3986,489,
Z12,60,0.3,102,pssa,2,SUCCESS,1,5.5833,5.0167,,7,335,0.278,489,
Z12,60,0.3,102,pssa,1,SUCCESS,1,5.5833,5.0167,,7,335,0.283,489,
Z12,60,0.3,102,clmm,3,SUCCESS,1,4.7167,4.7,,6,283,1.558,489,
Z12,60,0.3,102,pssa,3,SUCCESS,1,5.5833,5.0167,,7,335,0.2884,489,
Z12,240,0.5,102,clmm,3,FAILURE,0,,,,,,72.5928,14405,clmm: MM stage returned empty
Z12,60,0.3,102,pssa,4,SUCCESS,1,5.5833,5.0167,,7,335,0.4107,489,
Z12,60,0.3,101,attraction,4,SUCCESS,1,5.05,4.8,,8,303,7.3855,535,
Z12,240,0.5,102,clmm,1,FAILURE,0,,,,,,73.8971,14405,clmm: MM stage returned empty
Z12,60,0.3,102,mmfork-cuthill,4,SUCCESS,1,4.5,4.3667,,7,270,3.9036,489,
Z12,60,0.3,101,attraction,1,SUCCESS,1,4.8333,4.7,,7,290,8.1886,535,
Z12,60,0.3,102,clmm,1,SUCCESS,1,4.3,4.2167,,6,258,3.6279,489,
Z12,60,0.3,102,clmm,4,SUCCESS,1,4.4333,4.3667,,6,266,2.2717,489,
Z12,60,0.3,101,attraction,2,SUCCESS,1,4.5167,4.4,,7,271,8.5848,535,
Z12,240,0.5,102,clmm,2,FAILURE,0,,,,,,74.2684,14405,clmm: MM stage returned empty
Z12,240,0.5,102,clmm,4,FAILURE,0,,,,,,73.2124,14405,clmm: MM stage returned empty
Z12,60,0.3,103,minorminer,1,SUCCESS,1,5.75,5.3833,,10,345,1.8261,524,
Z12,60,0.3,103,minorminer,2,SUCCESS,1,4.9333,4.7667,,7,296,1.7523,524,
Z12,60,0.3,101,attraction,0,SUCCESS,1,4.75,4.6167,,7,285,10.3408,535,
Z12,60,0.3,103,minorminer,0,SUCCESS,1,4.8667,4.7,,8,292,2.7768,524,
Z12,60,0.3,103,clmm,0,SUCCESS,1,4.9,4.7833,,6,294,1.1519,524,
Z12,60,0.3,103,mmfork-cuthill,1,SUCCESS,1,4.95,4.7667,,8,297,2.6832,524,
Z12,60,0.3,103,template,-1,SUCCESS,1,5.1,5.1,6.0,6,306,0.009,524,
Z12,60,0.3,103,clique,-1,SUCCESS,1,6.0,5.1,,6,360,0.0239,524,
Z12,60,0.3,103,pssa,0,SUCCESS,1,5.3667,5.1,,7,322,0.273,524,
Z12,60,0.3,103,minorminer,3,SUCCESS,1,4.5167,4.4167,,7,271,3.4802,524,
Z12,60,0.3,103,clmm,3,SUCCESS,1,5.7833,5.6333,,6,347,1.3039,524,
Z12,60,0.3,103,pssa,1,SUCCESS,1,5.3667,5.1,,7,322,0.2681,524,
Z12,60,0.3,103,mmfork-cuthill,4,SUCCESS,1,4.8333,4.65,,8,290,3.0427,524,
Z12,60,0.3,103,pssa,2,SUCCESS,1,5.3667,5.1,,7,322,0.4046,524,
Z12,60,0.3,103,pssa,3,SUCCESS,1,5.3667,5.1,,7,322,0.2857,524,
Z12,60,0.3,103,mmfork-cuthill,0,SUCCESS,1,4.7333,4.5667,,7,284,3.7401,524,
Z12,60,0.3,103,pssa,4,SUCCESS,1,5.3667,5.1,,7,322,0.2749,524,
Z12,60,0.3,103,mmfork-cuthill,3,SUCCESS,1,4.6,4.5333,,7,276,3.592,524,
Z12,60,0.3,103,minorminer,4,SUCCESS,1,4.9833,4.8,,8,299,4.3648,524,
Z12,60,0.3,103,clmm,4,SUCCESS,1,4.6667,4.5333,,6,280,2.0783,524,
Z12,60,0.3,103,clmm,1,SUCCESS,1,4.65,4.65,,6,279,3.1017,524,
Z12,60,0.3,103,mmfork-cuthill,2,SUCCESS,1,4.7333,4.7,,7,284,4.5028,524,
Z12,60,0.3,102,attraction,0,SUCCESS,1,4.7167,4.55,,8,283,6.2315,489,
Z12,240,0.5,102,pssa,4,FAILURE,0,,,,,,64.3606,14405,status=FAILURE
Z12,60,0.3,103,clmm,2,SUCCESS,1,4.6,4.5333,,6,276,4.4194,524,
Z12,60,0.3,102,attraction,4,SUCCESS,1,4.6167,4.5167,,7,277,7.1411,489,
Z12,60,0.3,102,attraction,1,SUCCESS,1,4.4333,4.3,,7,266,7.6176,489,
Z12,60,0.3,102,attraction,3,SUCCESS,1,4.6,4.4,,7,276,7.5956,489,
Z12,240,0.5,102,pssa,3,FAILURE,0,,,,,,66.4533,14405,status=FAILURE
Z12,60,0.3,102,attraction,2,SUCCESS,1,4.3667,4.2667,,7,262,10.0681,489,
Z12,60,0.3,103,attraction,1,SUCCESS,1,4.8167,4.6167,,8,289,7.4205,524,
Z12,60,0.3,103,attraction,0,SUCCESS,1,4.8333,4.6333,,8,290,7.8955,524,
Z12,60,0.3,103,attraction,4,SUCCESS,1,4.6833,4.5,,7,281,8.3543,524,
Z12,100,0.3,101,template,-1,SUCCESS,1,7.72,7.72,8.0,8,772,0.0197,1461,
Z12,100,0.3,101,clique,-1,SUCCESS,1,8.0,7.72,,8,800,0.0241,1461,
Z12,100,0.3,101,pssa,0,SUCCESS,1,7.72,7.72,,8,772,0.3482,1461,
Z12,60,0.3,103,attraction,2,SUCCESS,1,4.7167,4.6333,,7,283,8.9936,524,
Z12,100,0.3,101,pssa,1,SUCCESS,1,7.72,7.72,,8,772,0.341,1461,
Z12,100,0.3,101,pssa,2,SUCCESS,1,7.72,7.72,,8,772,0.3615,1461,
Z12,100,0.3,101,pssa,3,SUCCESS,1,7.72,7.72,,8,772,0.3452,1461,
Z12,100,0.3,101,pssa,4,SUCCESS,1,7.72,7.72,,8,772,0.3634,1461,
Z12,100,0.3,101,clmm,0,SUCCESS,1,7.92,7.72,,8,792,7.068,1461,
Z12,100,0.3,101,clmm,1,SUCCESS,1,7.99,7.72,,8,799,7.4412,1461,
Z12,60,0.3,103,attraction,3,SUCCESS,1,4.5167,4.4,,7,271,12.1678,524,
Z12,100,0.3,101,clmm,2,SUCCESS,1,7.94,7.77,,8,794,7.9863,1461,
Z12,100,0.3,101,minorminer,4,SUCCESS,1,9.15,8.5,,14,915,12.3983,1461,
Z12,240,0.5,103,minorminer,0,FAILURE,0,,,,,,67.8102,14333,status=FAILURE
Z12,240,0.5,102,attraction,4,FAILURE,0,,,,,,73.0276,14405,status=FAILURE
Z12,100,0.3,101,clmm,3,SUCCESS,1,7.95,7.74,,8,795,7.9885,1461,
Z12,100,0.3,101,clmm,4,SUCCESS,1,7.9,7.75,,8,790,7.9344,1461,
Z12,240,0.5,102,attraction,3,FAILURE,0,,,,,,76.7157,14405,status=FAILURE
Z12,240,0.5,102,attraction,2,FAILURE,0,,,,,,77.6312,14405,status=FAILURE
Z12,240,0.5,103,minorminer,1,FAILURE,0,,,,,,68.2452,14333,status=FAILURE
Z12,240,0.5,102,attraction,0,FAILURE,0,,,,,,80.7696,14405,status=FAILURE
Z12,100,0.3,101,minorminer,2,SUCCESS,1,8.95,8.5,,14,895,17.6381,1461,
Z12,100,0.3,101,minorminer,1,SUCCESS,1,9.31,8.69,,15,931,18.467,1461,
Z12,240,0.5,102,attraction,1,FAILURE,0,,,,,,79.7429,14405,status=FAILURE
Z12,100,0.3,101,mmfork-cuthill,1,SUCCESS,1,8.97,8.45,,14,897,18.4287,1461,
Z12,240,0.5,103,clmm,4,FAILURE,0,,,,,,60.4495,14333,clmm: MM stage returned empty
Z12,240,0.5,103,minorminer,3,FAILURE,0,,,,,,66.8647,14333,status=FAILURE
Z12,100,0.3,102,template,-1,SUCCESS,1,7.74,7.74,8.0,8,774,0.0315,1451,
Z12,100,0.3,102,clique,-1,SUCCESS,1,8.0,7.74,,8,800,0.0229,1451,
Z12,100,0.3,102,pssa,0,SUCCESS,1,7.76,7.74,,8,776,0.3616,1451,
Z12,100,0.3,101,minorminer,3,SUCCESS,1,9.19,8.62,,14,919,20.4785,1461,
Z12,240,0.5,103,minorminer,4,FAILURE,0,,,,,,67.4453,14333,status=FAILURE
Z12,100,0.3,102,pssa,1,SUCCESS,1,7.76,7.74,,8,776,0.3626,1451,
Z12,100,0.3,102,pssa,2,SUCCESS,1,7.76,7.74,,8,776,0.369,1451,
Z12,100,0.3,102,pssa,3,SUCCESS,1,7.76,7.74,,8,776,0.3548,1451,
Z12,100,0.3,101,mmfork-cuthill,0,SUCCESS,1,8.98,8.34,,14,898,20.2231,1461,
Z12,100,0.3,102,pssa,4,SUCCESS,1,7.76,7.74,,8,776,0.369,1451,
Z12,100,0.3,101,mmfork-cuthill,2,SUCCESS,1,8.55,8.12,,13,855,19.5871,1461,
Z12,240,0.5,103,minorminer,2,FAILURE,0,,,,,,69.8785,14333,status=FAILURE
Z12,240,0.5,103,mmfork-cuthill,1,FAILURE,0,,,,,,68.0246,14333,status=FAILURE
Z12,240,0.5,103,mmfork-cuthill,3,FAILURE,0,,,,,,67.1256,14333,status=FAILURE
Z12,240,0.5,103,pssa,1,FAILURE,0,,,,,,61.5308,14333,status=FAILURE
Z12,100,0.3,101,mmfork-cuthill,4,SUCCESS,1,8.67,8.3,,13,867,21.7152,1461,
Z12,240,0.5,103,mmfork-cuthill,0,FAILURE,0,,,,,,70.9503,14333,status=FAILURE
Z12,100,0.3,102,minorminer,0,SUCCESS,1,9.26,8.69,,15,926,12.583,1451,
Z12,240,0.5,103,mmfork-cuthill,2,FAILURE,0,,,,,,71.1695,14333,status=FAILURE
Z12,100,0.3,102,clmm,0,SUCCESS,1,7.96,7.74,,8,796,8.1524,1451,
Z12,100,0.3,102,clmm,1,SUCCESS,1,7.97,7.79,,8,797,8.0005,1451,
Z12,100,0.3,102,clmm,2,SUCCESS,1,7.95,7.76,,8,795,8.0519,1451,
Z12,100,0.3,102,clmm,3,SUCCESS,1,7.97,7.75,,8,797,7.5523,1451,
Z12,100,0.3,102,minorminer,1,SUCCESS,1,9.57,8.92,,16,957,14.1371,1451,
Z12,100,0.3,102,clmm,4,SUCCESS,1,7.98,7.75,,8,798,8.2874,1451,
Z12,240,0.5,103,mmfork-cuthill,4,FAILURE,0,,,,,,70.8405,14333,status=FAILURE
Z12,100,0.3,101,minorminer,0,SUCCESS,1,8.58,8.15,,14,858,30.4141,1461,
Z12,100,0.3,103,template,-1,SUCCESS,1,7.66,7.66,8.0,8,766,0.0289,1480,
Z12,100,0.3,103,clique,-1,SUCCESS,1,8.0,7.66,,8,800,0.025,1480,
Z12,240,0.5,103,pssa,0,FAILURE,0,,,,,,68.3268,14333,status=FAILURE
Z12,100,0.3,103,pssa,1,SUCCESS,1,7.69,7.66,,8,769,0.3868,1480,
Z12,100,0.3,103,pssa,0,SUCCESS,1,7.69,7.66,,8,769,0.4895,1480,
Z12,100,0.3,103,pssa,2,SUCCESS,1,7.69,7.66,,8,769,0.3842,1480,
Z12,100,0.3,103,pssa,3,SUCCESS,1,7.69,7.66,,8,769,0.4781,1480,
Z12,240,0.5,103,pssa,3,FAILURE,0,,,,,,61.6374,14333,status=FAILURE
Z12,100,0.3,101,mmfork-cuthill,3,SUCCESS,1,8.95,8.45,,14,895,29.0799,1461,
Z12,100,0.3,103,pssa,4,SUCCESS,1,7.69,7.66,,8,769,0.3856,1480,
Z12,240,0.5,103,clmm,3,FAILURE,0,,,,,,73.3132,14333,clmm: MM stage returned empty
Z12,240,0.5,103,clmm,0,FAILURE,0,,,,,,73.8023,14333,clmm: MM stage returned empty
Z12,240,0.5,103,clmm,1,FAILURE,0,,,,,,73.5859,14333,clmm: MM stage returned empty
Z12,100,0.3,102,mmfork-cuthill,1,SUCCESS,1,9.37,8.81,,15,937,15.9879,1451,
Z12,240,0.5,103,clmm,2,FAILURE,0,,,,,,74.6972,14333,clmm: MM stage returned empty
Z12,240,0.5,103,pssa,2,FAILURE,0,,,,,,69.2088,14333,status=FAILURE
Z12,100,0.3,102,mmfork-cuthill,4,SUCCESS,1,9.3,8.63,,15,930,15.5132,1451,
Z12,100,0.3,102,mmfork-cuthill,2,SUCCESS,1,8.94,8.36,,14,894,16.5214,1451,
Z12,240,0.5,103,pssa,4,FAILURE,0,,,,,,62.6401,14333,status=FAILURE
Z12,100,0.3,103,clmm,2,SUCCESS,1,7.87,7.72,,8,787,7.6582,1480,
Z12,100,0.3,102,minorminer,4,SUCCESS,1,9.65,8.94,,15,965,20.0981,1451,
Z12,100,0.3,103,clmm,0,SUCCESS,1,7.93,7.72,,8,793,8.0979,1480,
Z12,100,0.3,102,mmfork-cuthill,0,SUCCESS,1,8.82,8.28,,14,882,20.2075,1451,
Z12,100,0.3,103,clmm,1,SUCCESS,1,7.98,7.66,,8,798,8.4122,1480,
Z12,100,0.3,103,clmm,4,SUCCESS,1,7.97,7.7,,8,797,7.4886,1480,
Z12,100,0.3,103,clmm,3,SUCCESS,1,7.97,7.71,,8,797,8.4978,1480,
Z12,100,0.3,103,minorminer,1,SUCCESS,1,9.51,8.88,,15,951,14.8659,1480,
Z12,140,0.3,101,template,-1,SUCCESS,1,10.3,10.3,11.0,11,1442,0.0717,2891,
Z12,100,0.3,102,minorminer,3,SUCCESS,1,8.95,8.29,,15,895,22.9422,1451,
Z12,140,0.3,101,clique,-1,SUCCESS,1,11.0,10.3,,11,1540,0.0239,2891,
Z12,100,0.3,103,minorminer,0,SUCCESS,1,10.22,9.38,,17,1022,15.6292,1480,
Z12,140,0.3,101,pssa,0,SUCCESS,1,10.3,10.3,,11,1442,0.4251,2891,
Z12,140,0.3,101,pssa,1,SUCCESS,1,10.3,10.3,,11,1442,0.549,2891,
Z12,140,0.3,101,pssa,2,SUCCESS,1,10.3,10.3,,11,1442,0.5178,2891,
Z12,140,0.3,101,pssa,3,SUCCESS,1,10.3,10.3,,11,1442,0.4162,2891,
Z12,140,0.3,101,pssa,4,SUCCESS,1,10.3,10.3,,11,1442,0.4148,2891,
Z12,100,0.3,101,attraction,2,SUCCESS,1,9.91,9.12,,16,991,30.8628,1461,
Z12,100,0.3,101,attraction,1,SUCCESS,1,9.87,9.21,,16,987,31.2097,1461,
Z12,100,0.3,103,minorminer,4,SUCCESS,1,9.39,8.81,,15,939,16.694,1480,
Z12,100,0.3,101,attraction,0,SUCCESS,1,9.04,8.55,,14,904,32.7121,1461,
Z12,100,0.3,103,minorminer,3,SUCCESS,1,9.31,8.7,,15,931,18.9345,1480,
Z12,100,0.3,103,mmfork-cuthill,0,SUCCESS,1,9.67,8.99,,16,967,18.1161,1480,
Z12,100,0.3,103,mmfork-cuthill,2,SUCCESS,1,9.09,8.54,,14,909,18.2772,1480,
Z12,100,0.3,103,mmfork-cuthill,3,SUCCESS,1,8.63,8.25,,14,863,20.0721,1480,
Z12,240,0.5,103,attraction,0,FAILURE,0,,,,,,73.9461,14333,status=FAILURE
Z12,100,0.3,103,mmfork-cuthill,1,SUCCESS,1,8.85,8.42,,14,885,21.9551,1480,
Z12,100,0.3,103,mmfork-cuthill,4,SUCCESS,1,9.05,8.52,,14,905,21.2539,1480,
Z12,100,0.3,102,minorminer,2,SUCCESS,1,8.51,8.11,,12,851,34.8368,1451,
Z12,100,0.3,103,minorminer,2,SUCCESS,1,9.27,8.56,,14,927,25.0677,1480,
Z12,240,0.5,103,attraction,3,FAILURE,0,,,,,,73.4993,14333,status=FAILURE
Z12,240,0.5,103,attraction,1,FAILURE,0,,,,,,76.1968,14333,status=FAILURE
Z12,100,0.3,102,mmfork-cuthill,3,SUCCESS,1,8.92,8.44,,14,892,32.873,1451,
Z12,240,0.5,103,attraction,2,FAILURE,0,,,,,,75.8683,14333,status=FAILURE
Z12,240,0.5,103,attraction,4,FAILURE,0,,,,,,75.783,14333,status=FAILURE
Z12,140,0.3,102,template,-1,SUCCESS,1,10.2357,10.2357,11.0,11,1433,0.0747,2941,
Z12,140,0.3,102,clique,-1,SUCCESS,1,11.0,10.2357,,11,1540,0.025,2941,
Z12,140,0.3,102,pssa,0,SUCCESS,1,10.2357,10.2357,,11,1433,0.4338,2941,
Z12,140,0.3,101,clmm,0,SUCCESS,1,10.9714,10.3786,,11,1536,18.2801,2891,
Z12,140,0.3,102,pssa,1,SUCCESS,1,10.2357,10.2357,,11,1433,0.4272,2941,
Z12,140,0.3,102,pssa,2,SUCCESS,1,10.2357,10.2357,,11,1433,0.425,2941,
Z12,140,0.3,102,pssa,3,SUCCESS,1,10.2357,10.2357,,11,1433,0.4405,2941,
Z12,140,0.3,102,pssa,4,SUCCESS,1,10.2357,10.2357,,11,1433,0.4123,2941,
Z12,140,0.3,101,clmm,2,SUCCESS,1,10.9857,10.3214,,11,1538,19.1804,2891,
Z12,100,0.3,102,attraction,4,SUCCESS,1,9.26,8.58,,14,926,33.5762,1451,
Z12,140,0.3,101,clmm,1,SUCCESS,1,10.9286,10.6286,,11,1530,20.6321,2891,
Z12,100,0.3,102,attraction,1,SUCCESS,1,9.52,8.79,,15,952,35.4089,1451,
Z12,100,0.3,101,attraction,4,SUCCESS,1,8.74,8.28,,14,874,45.0963,1461,
Z12,140,0.3,101,clmm,3,SUCCESS,1,10.9786,10.5,,11,1537,21.4909,2891,
Z12,100,0.3,101,attraction,3,SUCCESS,1,9.1,8.6,,14,910,47.5214,1461,
Z12,140,0.3,101,clmm,4,SUCCESS,1,10.9143,10.5286,,11,1528,22.6503,2891,
Z12,100,0.3,102,attraction,0,SUCCESS,1,8.89,8.31,,14,889,39.6541,1451,
Z12,100,0.3,102,attraction,3,SUCCESS,1,8.83,8.45,,14,883,39.8266,1451,
Z12,140,0.3,101,minorminer,0,SUCCESS,1,15.4357,14.0714,,24,2161,31.3041,2891,
Z12,100,0.3,103,attraction,2,SUCCESS,1,9.08,8.66,,14,908,33.9666,1480,
Z12,140,0.3,102,clmm,0,SUCCESS,1,11.0,10.2357,,11,1540,18.719,2941,
Z12,140,0.3,102,clmm,1,SUCCESS,1,10.9143,10.7214,,11,1528,20.0721,2941,
Z12,140,0.3,102,clmm,3,SUCCESS,1,10.9429,10.25,,11,1532,19.4316,2941,
Z12,140,0.3,102,clmm,2,SUCCESS,1,10.95,10.6714,,11,1533,20.6407,2941,
Z12,100,0.3,103,attraction,4,SUCCESS,1,8.83,8.3,,13,883,40.2616,1480,
Z12,140,0.3,102,clmm,4,SUCCESS,1,10.9214,10.4714,,11,1529,20.6187,2941,
Z12,100,0.3,103,attraction,1,SUCCESS,1,9.08,8.39,,14,908,40.7217,1480,
Z12,140,0.3,103,template,-1,SUCCESS,1,10.3071,10.3071,11.0,11,1443,0.0723,2902,
Z12,140,0.3,103,clique,-1,SUCCESS,1,11.0,10.3071,,11,1540,0.0241,2902,
Z12,140,0.3,103,pssa,0,SUCCESS,1,10.3071,10.3071,,11,1443,0.4439,2902,
Z12,140,0.3,103,pssa,1,SUCCESS,1,10.3071,10.3071,,11,1443,0.4357,2902,
Z12,100,0.3,103,attraction,0,SUCCESS,1,9.2,8.56,,15,920,42.1045,1480,
Z12,140,0.3,103,pssa,2,SUCCESS,1,10.3071,10.3071,,11,1443,0.4387,2902,
Z12,140,0.3,103,pssa,3,SUCCESS,1,10.3071,10.3071,,11,1443,0.5625,2902,
Z12,140,0.3,103,pssa,4,SUCCESS,1,10.3071,10.3071,,11,1443,0.4201,2902,
Z12,140,0.3,101,mmfork-cuthill,0,SUCCESS,1,15.3714,13.9643,,25,2152,43.1805,2891,
Z12,140,0.3,102,minorminer,2,SUCCESS,1,14.9,13.4643,,25,2086,36.7222,2941,
Z12,100,0.3,102,attraction,2,SUCCESS,1,8.27,7.93,,13,827,59.1342,1451,
Z12,100,0.3,103,attraction,3,SUCCESS,1,9.11,8.58,,14,911,49.2594,1480,
Z12,140,0.3,103,minorminer,1,SUCCESS,1,17.4286,15.6071,,28,2440,26.6788,2902,
Z12,140,0.3,101,minorminer,3,SUCCESS,1,14.3,13.1071,,22,2002,53.4121,2891,
Z12,140,0.3,101,mmfork-cuthill,1,SUCCESS,1,13.3571,12.6214,,21,1870,52.505,2891,
Z12,140,0.3,101,minorminer,1,SUCCESS,1,13.8143,12.7929,,21,1934,57.1126,2891,
Z12,140,0.3,103,clmm,2,SUCCESS,1,10.9143,10.3357,,11,1528,19.878,2902,
Z12,140,0.3,102,mmfork-cuthill,2,SUCCESS,1,14.8643,13.6786,,23,2081,42.8533,2941,
Z12,140,0.3,103,clmm,1,SUCCESS,1,10.9214,10.3357,,11,1529,21.0515,2902,
Z12,140,0.3,103,clmm,0,SUCCESS,1,10.9857,10.4714,,11,1538,21.4825,2902,
Z12,140,0.3,103,clmm,4,SUCCESS,1,10.9357,10.3286,,11,1531,20.0855,2902,
Z12,140,0.3,103,mmfork-cuthill,1,SUCCESS,1,14.9643,13.6714,,24,2095,31.0435,2902,
Z12,140,0.3,102,mmfork-cuthill,4,SUCCESS,1,14.8929,13.6429,,23,2085,43.7663,2941,
Z12,140,0.3,101,minorminer,2,SUCCESS,1,13.6714,12.5143,,21,1914,60.6114,2891,
Z12,140,0.3,101,minorminer,4,SUCCESS,1,13.7357,12.6857,,21,1923,60.1649,2891,
Z12,140,0.3,103,clmm,3,SUCCESS,1,10.9786,10.4714,,11,1537,21.4321,2902,
Z12,140,0.3,101,mmfork-cuthill,2,SUCCESS,1,14.0714,13.0357,,22,1970,60.2379,2891,
Z12,180,0.3,101,template,-1,SUCCESS,1,12.7944,12.7944,13.0,13,2303,0.1449,4806,
Z12,180,0.3,101,clique,-1,SUCCESS,1,13.0,12.7944,,13,2340,0.028,4806,
Z12,140,0.3,101,mmfork-cuthill,3,SUCCESS,1,13.7071,12.5071,,22,1919,60.5546,2891,
Z12,140,0.3,101,mmfork-cuthill,4,SUCCESS,1,13.1429,12.2643,,21,1840,60.6872,2891,
Z12,180,0.3,101,pssa,0,SUCCESS,1,12.7944,12.7944,,13,2303,0.5849,4806,
Z12,180,0.3,101,pssa,1,SUCCESS,1,12.7944,12.7944,,13,2303,0.5595,4806,
Z12,180,0.3,101,pssa,2,SUCCESS,1,12.7944,12.7944,,13,2303,0.4462,4806,
Z12,180,0.3,101,pssa,3,SUCCESS,1,12.7944,12.7944,,13,2303,0.5845,4806,
Z12,180,0.3,101,pssa,4,SUCCESS,1,12.7944,12.7944,,13,2303,0.5641,4806,
Z12,140,0.3,101,attraction,0,SUCCESS,1,14.2071,13.0643,,23,1989,60.2392,2891,
Z12,140,0.3,101,attraction,1,SUCCESS,1,14.6429,13.3143,,23,2050,60.6556,2891,
Z12,140,0.3,101,attraction,2,SUCCESS,1,15.4786,14.0071,,24,2167,60.7076,2891,
Z12,140,0.3,101,attraction,3,SUCCESS,1,14.2714,13.1286,,23,1998,60.5239,2891,
Z12,140,0.3,103,minorminer,4,SUCCESS,1,14.0929,13.0571,,22,1973,41.609,2902,
Z12,140,0.3,101,attraction,4,SUCCESS,1,14.2357,12.9857,,23,1993,61.0311,2891,
Z12,140,0.3,102,minorminer,0,SUCCESS,1,13.9571,12.8214,,22,1954,60.8309,2941,
Z12,140,0.3,102,minorminer,1,SUCCESS,1,13.4214,12.5071,,20,1879,60.5113,2941,
Z12,140,0.3,102,minorminer,3,SUCCESS,1,13.1857,12.3143,,20,1846,60.677,2941,
Z12,140,0.3,102,minorminer,4,SUCCESS,1,13.7857,12.75,,22,1930,60.724,2941,
Z12,140,0.3,102,mmfork-cuthill,1,SUCCESS,1,13.3714,12.45,,21,1872,60.3069,2941,
Z12,140,0.3,102,mmfork-cuthill,0,SUCCESS,1,13.6571,12.85,,21,1912,60.5663,2941,
Z12,140,0.3,103,minorminer,0,SUCCESS,1,13.7857,12.6929,,22,1930,50.2332,2902,
Z12,140,0.3,102,mmfork-cuthill,3,SUCCESS,1,13.2286,12.3714,,21,1852,60.351,2941,
Z12,140,0.3,103,minorminer,2,SUCCESS,1,14.95,13.6571,,24,2093,51.5762,2902,
Z12,140,0.3,102,attraction,0,SUCCESS,1,14.1643,13.0714,,22,1983,60.0476,2941,
Z12,140,0.3,102,attraction,2,SUCCESS,1,14.6,13.3714,,24,2044,60.125,2941,
Z12,140,0.3,102,attraction,1,SUCCESS,1,15.9714,14.4929,,27,2236,60.8711,2941,
Z12,180,0.3,102,template,-1,SUCCESS,1,12.7667,12.7667,13.0,13,2298,0.1438,4825,
Z12,180,0.3,102,clique,-1,SUCCESS,1,13.0,12.7667,,13,2340,0.0254,4825,
Z12,140,0.3,102,attraction,3,SUCCESS,1,14.5071,13.3143,,24,2031,60.6779,2941,
Z12,180,0.3,102,pssa,0,SUCCESS,1,12.7667,12.7667,,13,2298,0.4334,4825,
Z12,140,0.3,102,attraction,4,SUCCESS,1,14.7,13.5714,,24,2058,60.195,2941,
Z12,180,0.3,102,pssa,1,SUCCESS,1,12.7667,12.7667,,13,2298,0.4236,4825,
Z12,180,0.3,102,pssa,2,SUCCESS,1,12.7667,12.7667,,13,2298,0.4436,4825,
Z12,180,0.3,102,pssa,4,SUCCESS,1,12.7667,12.7667,,13,2298,0.42,4825,
Z12,180,0.3,102,pssa,3,SUCCESS,1,12.7667,12.7667,,13,2298,0.5514,4825,
Z12,140,0.3,103,minorminer,3,SUCCESS,1,13.3,12.3429,,21,1862,60.3178,2902,
Z12,140,0.3,103,mmfork-cuthill,2,SUCCESS,1,13.7714,12.5929,,21,1928,57.9196,2902,
Z12,140,0.3,103,mmfork-cuthill,0,SUCCESS,1,13.5714,12.6,,21,1900,61.0134,2902,
Z12,180,0.3,101,clmm,0,SUCCESS,1,13.0,12.7944,,13,2340,30.0725,4806,
Z12,180,0.3,101,clmm,4,SUCCESS,1,12.9778,12.8,,13,2336,30.0569,4806,
Z12,180,0.3,101,clmm,3,SUCCESS,1,13.0,12.7944,,13,2340,30.768,4806,
Z12,180,0.3,101,clmm,2,SUCCESS,1,13.0,12.7944,,13,2340,30.9738,4806,
Z12,180,0.3,101,clmm,1,SUCCESS,1,13.0,12.7944,,13,2340,31.8165,4806,
Z12,140,0.3,103,mmfork-cuthill,3,SUCCESS,1,13.6071,12.4571,,21,1905,60.321,2902,
Z12,140,0.3,103,mmfork-cuthill,4,SUCCESS,1,13.45,12.4071,,21,1883,60.6045,2902,
Z12,140,0.3,103,attraction,2,SUCCESS,1,17.2214,15.5786,,27,2411,51.5132,2902,
Z12,140,0.3,103,attraction,1,SUCCESS,1,14.8714,13.5429,,24,2082,60.1908,2902,
Z12,140,0.3,103,attraction,0,SUCCESS,1,15.0857,13.7,,25,2112,60.7282,2902,
Z12,180,0.3,102,clmm,1,SUCCESS,1,13.0,12.7667,,13,2340,26.8847,4825,
Z12,180,0.3,102,clmm,0,SUCCESS,1,13.0,12.7667,,13,2340,28.4535,4825,
Z12,180,0.3,102,clmm,2,SUCCESS,1,12.9944,12.7556,,13,2339,28.8981,4825,
Z12,140,0.3,103,attraction,3,SUCCESS,1,14.6429,13.4571,,24,2050,60.2867,2902,
Z12,140,0.3,103,attraction,4,SUCCESS,1,14.0286,12.8929,,21,1964,60.7767,2902,
Z12,180,0.3,103,template,-1,SUCCESS,1,12.8,12.8,13.0,13,2304,0.0972,4819,
Z12,180,0.3,102,clmm,3,SUCCESS,1,13.0,12.7667,,13,2340,27.2737,4825,
Z12,180,0.3,103,clique,-1,SUCCESS,1,13.0,12.8,,13,2340,0.0245,4819,
Z12,180,0.3,102,clmm,4,SUCCESS,1,13.0,12.7667,,13,2340,26.8532,4825,
Z12,180,0.3,103,pssa,0,SUCCESS,1,12.8,12.8,,13,2304,0.369,4819,
Z12,180,0.3,103,pssa,1,SUCCESS,1,12.8,12.8,,13,2304,0.3765,4819,
Z12,180,0.3,103,pssa,3,SUCCESS,1,12.8,12.8,,13,2304,0.3793,4819,
Z12,180,0.3,103,pssa,4,SUCCESS,1,12.8,12.8,,13,2304,0.3806,4819,
Z12,180,0.3,103,pssa,2,SUCCESS,1,12.8,12.8,,13,2304,0.4993,4819,
Z12,180,0.3,101,minorminer,0,FAILURE,0,,,,,,64.0288,4806,status=FAILURE
Z12,180,0.3,101,minorminer,1,FAILURE,0,,,,,,62.9301,4806,status=FAILURE
Z12,180,0.3,101,minorminer,3,FAILURE,0,,,,,,62.1606,4806,status=FAILURE
Z12,180,0.3,101,minorminer,2,FAILURE,0,,,,,,62.4349,4806,status=FAILURE
Z12,180,0.3,101,minorminer,4,FAILURE,0,,,,,,63.9154,4806,status=FAILURE
Z12,180,0.3,101,mmfork-cuthill,0,FAILURE,0,,,,,,62.4926,4806,status=FAILURE
Z12,180,0.3,101,mmfork-cuthill,4,FAILURE,0,,,,,,62.0246,4806,status=FAILURE
Z12,180,0.3,101,mmfork-cuthill,2,FAILURE,0,,,,,,63.6177,4806,status=FAILURE
Z12,180,0.3,101,mmfork-cuthill,1,FAILURE,0,,,,,,64.1297,4806,status=FAILURE
Z12,180,0.3,101,mmfork-cuthill,3,FAILURE,0,,,,,,64.23,4806,status=FAILURE
Z12,180,0.3,101,attraction,0,FAILURE,0,,,,,,61.6053,4806,status=FAILURE
Z12,180,0.3,101,attraction,1,FAILURE,0,,,,,,64.3372,4806,status=FAILURE
Z12,180,0.3,101,attraction,3,FAILURE,0,,,,,,63.8394,4806,status=FAILURE
Z12,180,0.3,101,attraction,4,FAILURE,0,,,,,,63.7735,4806,status=FAILURE
Z12,180,0.3,101,attraction,2,FAILURE,0,,,,,,66.238,4806,status=FAILURE
Z12,180,0.3,102,minorminer,2,FAILURE,0,,,,,,62.1637,4825,status=FAILURE
Z12,180,0.3,102,minorminer,0,FAILURE,0,,,,,,64.1242,4825,status=FAILURE
Z12,180,0.3,102,minorminer,4,FAILURE,0,,,,,,61.8149,4825,status=FAILURE
Z12,240,0.3,101,template,-1,INFEASIBLE,0,,,,,,0.0,8557,n=240 > max clique 184
Z12,240,0.3,101,clique,-1,FAILURE,0,,,,,,0.0234,8557,status=FAILURE
Z12,180,0.3,102,minorminer,1,FAILURE,0,,,,,,62.6762,4825,status=FAILURE
Z12,180,0.3,103,clmm,0,SUCCESS,1,13.0,12.8,,13,2340,29.2099,4819,
Z12,180,0.3,102,minorminer,3,FAILURE,0,,,,,,63.3037,4825,status=FAILURE
Z12,180,0.3,102,mmfork-cuthill,0,FAILURE,0,,,,,,63.5854,4825,status=FAILURE
Z12,180,0.3,103,clmm,1,SUCCESS,1,12.9889,12.8,,13,2338,31.6653,4819,
Z12,180,0.3,103,clmm,2,SUCCESS,1,12.9944,12.7889,,13,2339,31.7849,4819,
Z12,180,0.3,103,clmm,4,SUCCESS,1,13.0,12.8,,13,2340,27.0206,4819,
Z12,180,0.3,102,mmfork-cuthill,2,FAILURE,0,,,,,,63.1825,4825,status=FAILURE
Z12,180,0.3,102,mmfork-cuthill,1,FAILURE,0,,,,,,64.4419,4825,status=FAILURE
Z12,180,0.3,103,clmm,3,SUCCESS,1,13.0,12.8,,13,2340,29.8904,4819,
Z12,180,0.3,102,mmfork-cuthill,4,FAILURE,0,,,,,,62.5869,4825,status=FAILURE
Z12,180,0.3,102,mmfork-cuthill,3,FAILURE,0,,,,,,63.383,4825,status=FAILURE
Z12,180,0.3,102,attraction,0,FAILURE,0,,,,,,64.1823,4825,status=FAILURE
Z12,180,0.3,102,attraction,1,FAILURE,0,,,,,,65.1499,4825,status=FAILURE
Z12,180,0.3,102,attraction,3,FAILURE,0,,,,,,64.8928,4825,status=FAILURE
Z12,180,0.3,102,attraction,2,FAILURE,0,,,,,,66.0159,4825,status=FAILURE
Z12,180,0.3,103,minorminer,1,FAILURE,0,,,,,,63.0387,4819,status=FAILURE
Z12,180,0.3,103,minorminer,4,FAILURE,0,,,,,,61.4398,4819,status=FAILURE
Z12,180,0.3,102,attraction,4,FAILURE,0,,,,,,64.954,4825,status=FAILURE
Z12,180,0.3,103,minorminer,0,FAILURE,0,,,,,,64.37,4819,status=FAILURE
Z12,180,0.3,103,mmfork-cuthill,0,FAILURE,0,,,,,,62.8064,4819,status=FAILURE
Z12,180,0.3,103,minorminer,3,FAILURE,0,,,,,,63.1949,4819,status=FAILURE
Z12,180,0.3,103,minorminer,2,FAILURE,0,,,,,,64.0352,4819,status=FAILURE
Z12,180,0.3,103,mmfork-cuthill,1,FAILURE,0,,,,,,63.7917,4819,status=FAILURE
Z12,180,0.3,103,mmfork-cuthill,3,FAILURE,0,,,,,,63.3095,4819,status=FAILURE
Z12,240,0.3,102,template,-1,INFEASIBLE,0,,,,,,0.0,8647,n=240 > max clique 184
Z12,240,0.3,102,clique,-1,FAILURE,0,,,,,,0.0217,8647,status=FAILURE
Z12,180,0.3,103,mmfork-cuthill,2,FAILURE,0,,,,,,63.7546,4819,status=FAILURE
Z12,180,0.3,103,mmfork-cuthill,4,FAILURE,0,,,,,,62.6184,4819,status=FAILURE
Z12,180,0.3,103,attraction,1,FAILURE,0,,,,,,64.149,4819,status=FAILURE
Z12,180,0.3,103,attraction,0,FAILURE,0,,,,,,64.5999,4819,status=FAILURE
Z12,180,0.3,103,attraction,3,FAILURE,0,,,,,,63.8026,4819,status=FAILURE
Z12,180,0.3,103,attraction,2,FAILURE,0,,,,,,65.9471,4819,status=FAILURE
Z12,180,0.3,103,attraction,4,FAILURE,0,,,,,,64.4753,4819,status=FAILURE
Z12,240,0.3,101,minorminer,1,FAILURE,0,,,,,,63.895,8557,status=FAILURE
Z12,240,0.3,101,minorminer,0,FAILURE,0,,,,,,67.1208,8557,status=FAILURE
Z12,240,0.3,101,minorminer,4,FAILURE,0,,,,,,63.7617,8557,status=FAILURE
Z12,240,0.3,101,minorminer,2,FAILURE,0,,,,,,65.2879,8557,status=FAILURE
Z12,240,0.3,101,mmfork-cuthill,1,FAILURE,0,,,,,,63.6125,8557,status=FAILURE
Z12,240,0.3,101,minorminer,3,FAILURE,0,,,,,,65.5398,8557,status=FAILURE
Z12,240,0.3,101,mmfork-cuthill,0,FAILURE,0,,,,,,64.8876,8557,status=FAILURE
Z12,240,0.3,101,mmfork-cuthill,2,FAILURE,0,,,,,,64.8587,8557,status=FAILURE
Z12,240,0.3,101,mmfork-cuthill,3,FAILURE,0,,,,,,63.5075,8557,status=FAILURE
Z12,240,0.3,101,mmfork-cuthill,4,FAILURE,0,,,,,,64.2046,8557,status=FAILURE
Z12,240,0.3,101,pssa,0,FAILURE,0,,,,,,65.1679,8557,status=FAILURE
Z12,240,0.3,101,clmm,2,FAILURE,0,,,,,,66.3077,8557,clmm: MM stage returned empty
Z12,240,0.3,101,pssa,4,FAILURE,0,,,,,,63.3753,8557,status=FAILURE
Z12,240,0.3,101,clmm,3,FAILURE,0,,,,,,66.2715,8557,clmm: MM stage returned empty
Z12,240,0.3,101,clmm,4,FAILURE,0,,,,,,66.3663,8557,clmm: MM stage returned empty
Z12,240,0.3,101,clmm,0,FAILURE,0,,,,,,67.8101,8557,clmm: MM stage returned empty
Z12,240,0.3,101,clmm,1,FAILURE,0,,,,,,68.0584,8557,clmm: MM stage returned empty
Z12,240,0.3,101,pssa,1,FAILURE,0,,,,,,67.2414,8557,status=FAILURE
Z12,240,0.3,103,template,-1,INFEASIBLE,0,,,,,,0.0,8603,n=240 > max clique 184
Z12,240,0.3,103,clique,-1,FAILURE,0,,,,,,0.0235,8603,status=FAILURE
Z12,240,0.3,101,pssa,2,FAILURE,0,,,,,,67.0226,8557,status=FAILURE
Z12,240,0.3,101,pssa,3,FAILURE,0,,,,,,67.3181,8557,status=FAILURE
Z12,240,0.3,102,minorminer,0,FAILURE,0,,,,,,64.3863,8647,status=FAILURE
Z12,240,0.3,102,minorminer,1,FAILURE,0,,,,,,64.4278,8647,status=FAILURE
Z12,240,0.3,101,attraction,0,FAILURE,0,,,,,,67.1421,8557,status=FAILURE
Z12,240,0.3,101,attraction,2,FAILURE,0,,,,,,67.6648,8557,status=FAILURE
Z12,240,0.3,101,attraction,4,FAILURE,0,,,,,,67.2832,8557,status=FAILURE
Z12,240,0.3,101,attraction,1,FAILURE,0,,,,,,68.7402,8557,status=FAILURE
Z12,240,0.3,101,attraction,3,FAILURE,0,,,,,,68.246,8557,status=FAILURE
Z12,240,0.3,102,minorminer,2,FAILURE,0,,,,,,66.9835,8647,status=FAILURE
Z12,240,0.3,102,minorminer,3,FAILURE,0,,,,,,64.2956,8647,status=FAILURE
Z12,240,0.3,102,minorminer,4,FAILURE,0,,,,,,64.9277,8647,status=FAILURE
Z12,240,0.3,102,mmfork-cuthill,0,FAILURE,0,,,,,,65.5626,8647,status=FAILURE
Z12,240,0.3,102,mmfork-cuthill,1,FAILURE,0,,,,,,65.6574,8647,status=FAILURE
Z12,240,0.3,102,mmfork-cuthill,2,FAILURE,0,,,,,,64.1078,8647,status=FAILURE
Z12,240,0.3,102,mmfork-cuthill,3,FAILURE,0,,,,,,64.1691,8647,status=FAILURE
Z12,240,0.3,102,clmm,0,FAILURE,0,,,,,,66.8008,8647,clmm: MM stage returned empty
Z12,240,0.3,102,mmfork-cuthill,4,FAILURE,0,,,,,,67.3399,8647,status=FAILURE
Z12,240,0.3,102,clmm,2,FAILURE,0,,,,,,67.3151,8647,clmm: MM stage returned empty
Z12,240,0.3,102,clmm,1,FAILURE,0,,,,,,67.395,8647,clmm: MM stage returned empty
Z12,240,0.3,102,clmm,3,FAILURE,0,,,,,,67.2157,8647,clmm: MM stage returned empty
Z12,240,0.3,102,pssa,1,FAILURE,0,,,,,,63.328,8647,status=FAILURE
Z12,240,0.3,102,clmm,4,FAILURE,0,,,,,,67.7687,8647,clmm: MM stage returned empty
Z12,240,0.3,102,pssa,0,FAILURE,0,,,,,,66.946,8647,status=FAILURE
Z12,240,0.3,102,pssa,2,FAILURE,0,,,,,,66.7754,8647,status=FAILURE
Z12,300,0.3,101,template,-1,INFEASIBLE,0,,,,,,0.0,13326,n=300 > max clique 184
Z12,300,0.3,101,clique,-1,FAILURE,0,,,,,,0.0239,13326,status=FAILURE
Z12,240,0.3,102,pssa,3,FAILURE,0,,,,,,66.3569,8647,status=FAILURE
Z12,240,0.3,102,attraction,0,FAILURE,0,,,,,,67.482,8647,status=FAILURE
Z12,240,0.3,102,pssa,4,FAILURE,0,,,,,,69.1909,8647,status=FAILURE
Z12,240,0.3,102,attraction,1,FAILURE,0,,,,,,68.061,8647,status=FAILURE
Z12,240,0.3,102,attraction,2,FAILURE,0,,,,,,67.2257,8647,status=FAILURE
Z12,240,0.3,103,minorminer,1,FAILURE,0,,,,,,61.0529,8603,status=FAILURE
Z12,240,0.3,102,attraction,3,FAILURE,0,,,,,,68.026,8647,status=FAILURE
Z12,240,0.3,103,minorminer,3,FAILURE,0,,,,,,64.2859,8603,status=FAILURE
Z12,240,0.3,103,minorminer,4,FAILURE,0,,,,,,63.8021,8603,status=FAILURE
Z12,240,0.3,103,minorminer,0,FAILURE,0,,,,,,65.5264,8603,status=FAILURE
Z12,240,0.3,102,attraction,4,FAILURE,0,,,,,,68.5328,8647,status=FAILURE
Z12,240,0.3,103,mmfork-cuthill,0,FAILURE,0,,,,,,65.2528,8603,status=FAILURE
Z12,240,0.3,103,mmfork-cuthill,1,FAILURE,0,,,,,,64.9303,8603,status=FAILURE
Z12,240,0.3,103,minorminer,2,FAILURE,0,,,,,,68.3927,8603,status=FAILURE
Z12,240,0.3,103,mmfork-cuthill,2,FAILURE,0,,,,,,67.4329,8603,status=FAILURE
Z12,240,0.3,103,pssa,1,FAILURE,0,,,,,,62.7385,8603,status=FAILURE
Z12,240,0.3,103,clmm,2,FAILURE,0,,,,,,65.8282,8603,clmm: MM stage returned empty
Z12,240,0.3,103,clmm,0,FAILURE,0,,,,,,66.2692,8603,clmm: MM stage returned empty
Z12,240,0.3,103,mmfork-cuthill,3,FAILURE,0,,,,,,67.0846,8603,status=FAILURE
Z12,240,0.3,103,clmm,1,FAILURE,0,,,,,,66.5669,8603,clmm: MM stage returned empty
Z12,240,0.3,103,clmm,4,FAILURE,0,,,,,,66.2169,8603,clmm: MM stage returned empty
Z12,240,0.3,103,clmm,3,FAILURE,0,,,,,,67.2963,8603,clmm: MM stage returned empty
Z12,300,0.3,101,minorminer,0,FAILURE,0,,,,,,60.5586,13326,status=FAILURE
Z12,240,0.3,103,pssa,2,FAILURE,0,,,,,,66.1841,8603,status=FAILURE
Z12,240,0.3,103,mmfork-cuthill,4,FAILURE,0,,,,,,69.1448,8603,status=FAILURE
Z12,300,0.3,102,template,-1,INFEASIBLE,0,,,,,,0.0,13557,n=300 > max clique 184
Z12,300,0.3,102,clique,-1,FAILURE,0,,,,,,0.0234,13557,status=FAILURE
Z12,240,0.3,103,pssa,3,FAILURE,0,,,,,,65.9945,8603,status=FAILURE
Z12,240,0.3,103,pssa,0,FAILURE,0,,,,,,68.7176,8603,status=FAILURE
Z12,240,0.3,103,pssa,4,FAILURE,0,,,,,,66.4487,8603,status=FAILURE
Z12,240,0.3,103,attraction,2,FAILURE,0,,,,,,66.9625,8603,status=FAILURE
Z12,240,0.3,103,attraction,0,FAILURE,0,,,,,,68.7181,8603,status=FAILURE
Z12,240,0.3,103,attraction,1,FAILURE,0,,,,,,67.8512,8603,status=FAILURE
Z12,240,0.3,103,attraction,3,FAILURE,0,,,,,,67.7788,8603,status=FAILURE
Z12,240,0.3,103,attraction,4,FAILURE,0,,,,,,68.0932,8603,status=FAILURE
Z12,300,0.3,101,minorminer,3,FAILURE,0,,,,,,60.8112,13326,status=FAILURE
Z12,300,0.3,101,mmfork-cuthill,0,FAILURE,0,,,,,,60.213,13326,status=FAILURE
Z12,300,0.3,101,mmfork-cuthill,1,FAILURE,0,,,,,,60.3965,13326,status=FAILURE
Z12,300,0.3,101,minorminer,2,FAILURE,0,,,,,,64.1192,13326,status=FAILURE
Z12,300,0.3,101,mmfork-cuthill,2,FAILURE,0,,,,,,60.4039,13326,status=FAILURE
Z12,300,0.3,101,minorminer,1,FAILURE,0,,,,,,68.7953,13326,status=FAILURE
Z12,300,0.3,101,mmfork-cuthill,4,FAILURE,0,,,,,,60.6659,13326,status=FAILURE
Z12,300,0.3,101,minorminer,4,FAILURE,0,,,,,,67.2812,13326,status=FAILURE
Z12,300,0.3,101,mmfork-cuthill,3,FAILURE,0,,,,,,68.1692,13326,status=FAILURE
Z12,300,0.3,101,clmm,2,FAILURE,0,,,,,,68.196,13326,clmm: MM stage returned empty
Z12,300,0.3,101,clmm,0,FAILURE,0,,,,,,69.2961,13326,clmm: MM stage returned empty
Z12,300,0.3,101,clmm,1,FAILURE,0,,,,,,69.5859,13326,clmm: MM stage returned empty
Z12,300,0.3,101,pssa,0,FAILURE,0,,,,,,63.3843,13326,status=FAILURE
Z12,300,0.3,101,clmm,4,FAILURE,0,,,,,,68.6738,13326,clmm: MM stage returned empty
Z12,300,0.3,101,clmm,3,FAILURE,0,,,,,,71.5363,13326,clmm: MM stage returned empty
Z12,300,0.3,101,pssa,1,FAILURE,0,,,,,,63.0217,13326,status=FAILURE
Z12,300,0.3,101,pssa,4,FAILURE,0,,,,,,62.8064,13326,status=FAILURE
Z12,300,0.3,103,template,-1,INFEASIBLE,0,,,,,,0.0,13568,n=300 > max clique 184
Z12,300,0.3,103,clique,-1,FAILURE,0,,,,,,0.0235,13568,status=FAILURE
Z12,300,0.3,101,pssa,2,FAILURE,0,,,,,,63.7946,13326,status=FAILURE
Z12,300,0.3,101,pssa,3,FAILURE,0,,,,,,63.8892,13326,status=FAILURE
Z12,300,0.3,102,minorminer,4,FAILURE,0,,,,,,60.3887,13557,status=FAILURE
Z12,300,0.3,102,minorminer,0,FAILURE,0,,,,,,67.9037,13557,status=FAILURE
Z12,300,0.3,101,attraction,1,FAILURE,0,,,,,,72.8307,13326,status=FAILURE
Z12,300,0.3,101,attraction,0,FAILURE,0,,,,,,74.1143,13326,status=FAILURE
Z12,300,0.3,101,attraction,2,FAILURE,0,,,,,,72.6978,13326,status=FAILURE
Z12,300,0.3,102,mmfork-cuthill,0,FAILURE,0,,,,,,61.0234,13557,status=FAILURE
Z12,300,0.3,101,attraction,3,FAILURE,0,,,,,,71.5023,13326,status=FAILURE
Z12,300,0.3,102,minorminer,3,FAILURE,0,,,,,,69.0231,13557,status=FAILURE
Z12,300,0.3,102,minorminer,1,FAILURE,0,,,,,,71.2134,13557,status=FAILURE
Z12,300,0.3,101,attraction,4,FAILURE,0,,,,,,72.6087,13326,status=FAILURE
Z12,300,0.3,102,minorminer,2,FAILURE,0,,,,,,70.7323,13557,status=FAILURE
Z12,60,0.2,101,minorminer,0,SUCCESS,1,3.7333,3.6667,,6,224,1.129,349,
Z12,60,0.2,101,minorminer,1,SUCCESS,1,3.7167,3.65,,6,223,1.4912,349,
Z12,60,0.2,101,minorminer,2,SUCCESS,1,3.45,3.4,,6,207,1.2708,349,
Z12,60,0.2,101,minorminer,3,SUCCESS,1,3.55,3.5,,6,213,1.1161,349,
Z12,300,0.3,102,mmfork-cuthill,4,FAILURE,0,,,,,,61.2765,13557,status=FAILURE
Z12,60,0.2,101,minorminer,4,SUCCESS,1,3.6,3.4333,,6,216,1.1845,349,
Z12,60,0.2,101,mmfork-cuthill,3,SUCCESS,1,3.7667,3.6833,,6,226,1.1147,349,
Z12,60,0.2,101,mmfork-cuthill,0,SUCCESS,1,3.8167,3.7333,,7,229,1.5951,349,
Z12,60,0.2,101,clmm,0,SUCCESS,1,3.9833,3.8833,,6,239,0.9902,349,
Z12,60,0.2,101,mmfork-cuthill,1,SUCCESS,1,3.5167,3.4,,6,211,2.4854,349,
Z12,60,0.2,101,mmfork-cuthill,2,SUCCESS,1,3.8167,3.75,,6,229,2.4215,349,
Z12,60,0.2,101,clmm,1,SUCCESS,1,4.15,4.0333,,6,249,1.1118,349,
Z12,60,0.2,101,template,-1,SUCCESS,1,4.75,4.75,6.0,6,285,0.0081,349,
Z12,60,0.2,101,clique,-1,SUCCESS,1,6.0,4.75,,6,360,0.0245,349,
Z12,60,0.2,101,mmfork-cuthill,4,SUCCESS,1,3.5667,3.5667,,6,214,2.153,349,
Z12,60,0.2,101,pssa,0,SUCCESS,1,5.15,4.75,,8,309,0.2734,349,
Z12,60,0.2,101,pssa,1,SUCCESS,1,5.15,4.75,,8,309,0.273,349,
Z12,300,0.3,102,mmfork-cuthill,3,FAILURE,0,,,,,,64.5779,13557,status=FAILURE
Z12,60,0.2,101,pssa,2,SUCCESS,1,5.15,4.75,,8,309,0.2869,349,
Z12,60,0.2,101,pssa,3,SUCCESS,1,5.15,4.75,,8,309,0.2754,349,
Z12,60,0.2,101,pssa,4,SUCCESS,1,5.15,4.75,,8,309,0.2837,349,
Z12,300,0.3,102,pssa,0,FAILURE,0,,,,,,62.0429,13557,status=FAILURE
Z12,60,0.2,101,clmm,4,SUCCESS,1,3.8833,3.8167,,6,233,1.021,349,
Z12,60,0.2,101,clmm,2,SUCCESS,1,3.8833,3.7833,,6,233,1.5277,349,
Z12,60,0.2,101,clmm,3,SUCCESS,1,3.85,3.7833,,6,231,1.3834,349,
Z12,300,0.3,102,pssa,1,FAILURE,0,,,,,,63.1355,13557,status=FAILURE
Z12,300,0.3,102,pssa,3,FAILURE,0,,,,,,61.5708,13557,status=FAILURE
Z12,60,0.2,102,minorminer,0,SUCCESS,1,3.4833,3.4167,,5,209,1.4198,339,
Z12,60,0.2,102,minorminer,2,SUCCESS,1,3.5667,3.5167,,6,214,1.0507,339,
Z12,60,0.2,102,minorminer,3,SUCCESS,1,3.6667,3.5833,,6,220,1.2375,339,
Z12,60,0.2,102,minorminer,1,SUCCESS,1,3.35,3.2833,,5,201,2.0934,339,
Z12,300,0.3,102,mmfork-cuthill,1,FAILURE,0,,,,,,69.2557,13557,status=FAILURE
Z12,60,0.2,102,minorminer,4,SUCCESS,1,3.3667,3.3333,,5,202,1.6424,339,
Z12,60,0.2,102,mmfork-cuthill,1,SUCCESS,1,3.55,3.4333,,6,213,1.1134,339,
Z12,300,0.3,102,pssa,2,FAILURE,0,,,,,,64.4675,13557,status=FAILURE
Z12,60,0.2,102,mmfork-cuthill,0,SUCCESS,1,3.5333,3.5,,6,212,1.4375,339,
Z12,60,0.2,102,mmfork-cuthill,3,SUCCESS,1,3.6333,3.5833,,6,218,1.0395,339,
Z12,60,0.2,101,attraction,1,SUCCESS,1,4.05,3.9667,,7,243,4.0089,349,
Z12,60,0.2,101,attraction,0,SUCCESS,1,3.8333,3.7167,,6,230,4.3584,349,
Z12,60,0.2,102,template,-1,SUCCESS,1,4.7,4.7,6.0,6,282,0.0085,339,
Z12,60,0.2,102,clique,-1,SUCCESS,1,6.0,4.7,,6,360,0.0261,339,
Z12,60,0.2,102,mmfork-cuthill,2,SUCCESS,1,3.4167,3.3333,,6,205,2.0099,339,
Z12,60,0.2,102,clmm,2,SUCCESS,1,3.8167,3.75,,6,229,0.9303,339,
Z12,60,0.2,102,clmm,1,SUCCESS,1,3.8833,3.8333,,6,233,0.9743,339,
Z12,60,0.2,102,pssa,0,SUCCESS,1,5.0167,4.7,,7,301,0.389,339,
Z12,300,0.3,102,pssa,4,FAILURE,0,,,,,,62.9066,13557,status=FAILURE
Z12,60,0.2,102,clmm,4,SUCCESS,1,3.65,3.5333,,6,219,0.9497,339,
Z12,60,0.2,102,clmm,0,SUCCESS,1,3.8,3.6833,,6,228,1.215,339,
Z12,60,0.2,102,pssa,1,SUCCESS,1,5.0167,4.7,,7,301,0.2778,339,
Z12,60,0.2,101,attraction,4,SUCCESS,1,3.4,3.35,,6,204,4.7368,349,
Z12,60,0.2,102,clmm,3,SUCCESS,1,3.65,3.65,,5,219,1.0818,339,
Z12,60,0.2,102,pssa,2,SUCCESS,1,5.0167,4.7,,7,301,0.2718,339,
Z12,60,0.2,102,pssa,3,SUCCESS,1,5.0167,4.7,,7,301,0.278,339,
Z12,60,0.2,102,pssa,4,SUCCESS,1,5.0167,4.7,,7,301,0.2741,339,
Z12,60,0.2,101,attraction,3,SUCCESS,1,3.5833,3.4167,,6,215,4.9766,349,
Z12,60,0.2,101,attraction,2,SUCCESS,1,3.3667,3.2833,,5,202,5.1662,349,
Z12,60,0.2,102,mmfork-cuthill,4,SUCCESS,1,3.5333,3.4833,,6,212,1.8009,339,
Z12,300,0.3,102,mmfork-cuthill,2,FAILURE,0,,,,,,70.2448,13557,status=FAILURE
Z12,60,0.2,103,minorminer,2,SUCCESS,1,3.4667,3.4167,,6,208,0.8682,346,
Z12,300,0.3,102,clmm,1,FAILURE,0,,,,,,69.4075,13557,clmm: MM stage returned empty
Z12,60,0.2,103,minorminer,0,SUCCESS,1,3.35,3.3167,,5,201,1.2893,346,
Z12,60,0.2,103,minorminer,1,SUCCESS,1,3.8167,3.7667,,6,229,1.3779,346,
Z12,60,0.2,103,mmfork-cuthill,1,SUCCESS,1,3.6833,3.6333,,6,221,1.1644,346,
Z12,60,0.2,103,minorminer,3,SUCCESS,1,3.4833,3.45,,6,209,1.7092,346,
Z12,60,0.2,103,mmfork-cuthill,2,SUCCESS,1,3.5333,3.4833,,6,212,1.3781,346,
Z12,60,0.2,103,mmfork-cuthill,0,SUCCESS,1,3.75,3.65,,6,225,1.5421,346,
Z12,60,0.2,103,template,-1,SUCCESS,1,4.8167,4.8167,6.0,6,289,0.0106,346,
Z12,60,0.2,103,clique,-1,SUCCESS,1,6.0,4.8167,,6,360,0.0237,346,
Z12,60,0.2,103,clmm,0,SUCCESS,1,4.0333,4.0,,6,242,0.6343,346,
Z12,60,0.2,103,pssa,1,SUCCESS,1,4.9667,4.8167,,7,298,0.274,346,
Z12,60,0.2,103,pssa,0,SUCCESS,1,4.9667,4.8167,,7,298,0.2836,346,
Z12,60,0.2,103,minorminer,4,SUCCESS,1,3.65,3.5833,,5,219,2.1661,346,
Z12,60,0.2,103,clmm,1,SUCCESS,1,4.1167,4.0333,,6,247,0.96,346,
Z12,300,0.3,102,clmm,0,FAILURE,0,,,,,,71.7009,13557,clmm: MM stage returned empty
Z12,60,0.2,103,pssa,2,SUCCESS,1,4.9667,4.8167,,7,298,0.2731,346,
Z12,60,0.2,103,pssa,3,SUCCESS,1,4.9667,4.8167,,7,298,0.2788,346,
Z12,60,0.2,103,pssa,4,SUCCESS,1,4.9667,4.8167,,7,298,0.2636,346,
Z12,60,0.2,103,mmfork-cuthill,3,SUCCESS,1,3.6333,3.5667,,6,218,1.7722,346,
Z12,60,0.2,103,clmm,4,SUCCESS,1,4.1167,4.0,,6,247,0.8859,346,
Z12,60,0.2,103,clmm,3,SUCCESS,1,3.8833,3.8167,,6,233,0.9167,346,
Z12,60,0.2,103,mmfork-cuthill,4,SUCCESS,1,3.7,3.6333,,6,222,1.9969,346,
Z12,300,0.3,102,clmm,3,FAILURE,0,,,,,,70.8957,13557,clmm: MM stage returned empty
Z12,60,0.2,103,clmm,2,SUCCESS,1,3.75,3.6667,,6,225,2.0091,346,
Z12,300,0.3,102,clmm,4,FAILURE,0,,,,,,70.8836,13557,clmm: MM stage returned empty
Z12,60,0.2,102,attraction,3,SUCCESS,1,3.6333,3.5667,,6,218,4.1521,339,
Z12,60,0.2,102,attraction,0,SUCCESS,1,3.85,3.7667,,6,231,4.2758,339,
Z12,60,0.2,102,attraction,4,SUCCESS,1,3.5667,3.4833,,6,214,4.3689,339,
Z12,60,0.2,102,attraction,2,SUCCESS,1,3.3667,3.3333,,5,202,4.5116,339,
Z12,60,0.2,102,attraction,1,SUCCESS,1,3.6,3.5333,,6,216,4.5889,339,
Z12,300,0.3,102,clmm,2,FAILURE,0,,,,,,72.4748,13557,clmm: MM stage returned empty
Z12,300,0.3,103,minorminer,0,FAILURE,0,,,,,,61.5972,13568,status=FAILURE
Z12,300,0.3,103,minorminer,1,FAILURE,0,,,,,,61.421,13568,status=FAILURE
Z12,60,0.2,103,attraction,1,SUCCESS,1,3.8,3.7,,7,228,4.0756,346,
Z12,100,0.2,101,template,-1,SUCCESS,1,7.46,7.46,8.0,8,746,0.0236,989,
Z12,60,0.2,103,attraction,2,SUCCESS,1,3.7833,3.7333,,6,227,4.1623,346,
Z12,100,0.2,101,clique,-1,SUCCESS,1,8.0,7.46,,8,800,0.0241,989,
Z12,60,0.2,103,attraction,0,SUCCESS,1,3.6667,3.5667,,6,220,4.3225,346,
Z12,60,0.2,103,attraction,3,SUCCESS,1,3.5833,3.5167,,6,215,4.2871,346,
Z12,300,0.3,103,minorminer,2,FAILURE,0,,,,,,61.1266,13568,status=FAILURE
Z12,100,0.2,101,pssa,0,SUCCESS,1,7.46,7.46,,8,746,0.3625,989,
Z12,100,0.2,101,pssa,2,SUCCESS,1,7.46,7.46,,8,746,0.3668,989,
Z12,100,0.2,101,pssa,1,SUCCESS,1,7.46,7.46,,8,746,0.3694,989,
Z12,100,0.2,101,pssa,3,SUCCESS,1,7.46,7.46,,8,746,0.3552,989,
Z12,100,0.2,101,pssa,4,SUCCESS,1,7.46,7.46,,8,746,0.3765,989,
Z12,60,0.2,103,attraction,4,SUCCESS,1,3.2167,3.2,,5,193,5.5912,346,
Z12,100,0.2,101,clmm,0,SUCCESS,1,7.99,7.48,,8,799,4.1817,989,
Z12,300,0.3,102,attraction,1,FAILURE,0,,,,,,71.1036,13557,status=FAILURE
Z12,100,0.2,101,clmm,1,SUCCESS,1,7.95,7.6,,8,795,4.3416,989,
Z12,100,0.2,101,clmm,2,SUCCESS,1,7.91,7.55,,8,791,4.4455,989,
Z12,100,0.2,101,clmm,4,SUCCESS,1,7.98,7.47,,8,798,4.3371,989,
Z12,300,0.3,102,attraction,0,FAILURE,0,,,,,,73.3421,13557,status=FAILURE
Z12,100,0.2,101,clmm,3,SUCCESS,1,7.99,7.49,,8,799,4.8837,989,
Z12,300,0.3,102,attraction,3,FAILURE,0,,,,,,74.2706,13557,status=FAILURE
Z12,300,0.3,102,attraction,2,FAILURE,0,,,,,,74.8529,13557,status=FAILURE
Z12,100,0.2,101,minorminer,0,SUCCESS,1,7.99,7.49,,14,799,11.6955,989,
Z12,300,0.3,103,mmfork-cuthill,1,FAILURE,0,,,,,,64.1373,13568,status=FAILURE
Z12,100,0.2,102,minorminer,3,SUCCESS,1,7.83,7.38,,13,783,7.2669,958,
Z12,300,0.3,103,mmfork-cuthill,0,FAILURE,0,,,,,,67.0833,13568,status=FAILURE
Z12,100,0.2,101,mmfork-cuthill,3,SUCCESS,1,7.96,7.53,,13,796,12.7941,989,
Z12,100,0.2,101,minorminer,4,SUCCESS,1,7.71,7.27,,13,771,14.1285,989,
Z12,100,0.2,102,template,-1,SUCCESS,1,7.53,7.53,8.0,8,753,0.0248,958,
Z12,100,0.2,102,clique,-1,SUCCESS,1,8.0,7.53,,8,800,0.0239,958,
Z12,100,0.2,102,pssa,0,SUCCESS,1,7.55,7.53,,8,755,0.3433,958,
Z12,300,0.3,103,minorminer,4,FAILURE,0,,,,,,69.4549,13568,status=FAILURE
Z12,100,0.2,102,pssa,1,SUCCESS,1,7.55,7.53,,8,755,0.3457,958,
Z12,100,0.2,102,pssa,2,SUCCESS,1,7.55,7.53,,8,755,0.3629,958,
Z12,100,0.2,102,pssa,3,SUCCESS,1,7.55,7.53,,8,755,0.3567,958,
Z12,100,0.2,101,mmfork-cuthill,4,SUCCESS,1,7.66,7.35,,12,766,14.3322,989,
Z12,300,0.3,102,attraction,4,FAILURE,0,,,,,,75.0646,13557,status=FAILURE
Z12,100,0.2,102,pssa,4,SUCCESS,1,7.55,7.53,,8,755,0.3511,958,
Z12,100,0.2,102,clmm,0,SUCCESS,1,7.96,7.62,,8,796,4.7654,958,
Z12,100,0.2,101,minorminer,2,SUCCESS,1,7.82,7.48,,12,782,16.8568,989,
Z12,100,0.2,102,clmm,1,SUCCESS,1,7.98,7.55,,8,798,5.0104,958,
Z12,300,0.3,103,minorminer,3,FAILURE,0,,,,,,71.8773,13568,status=FAILURE
Z12,100,0.2,102,mmfork-cuthill,0,SUCCESS,1,7.27,7.0,,12,727,9.8204,958,
Z12,100,0.2,102,clmm,2,SUCCESS,1,7.92,7.51,,8,792,4.351,958,
Z12,100,0.2,102,minorminer,4,SUCCESS,1,7.58,7.18,,13,758,11.7741,958,
Z12,100,0.2,102,mmfork-cuthill,2,SUCCESS,1,7.42,7.02,,13,742,10.4994,958,
Z12,100,0.2,102,mmfork-cuthill,4,SUCCESS,1,7.76,7.39,,13,776,8.3653,958,
Z12,100,0.2,102,clmm,4,SUCCESS,1,7.99,7.54,,8,799,4.7753,958,
Z12,100,0.2,102,clmm,3,SUCCESS,1,7.89,7.52,,8,789,4.8923,958,
Z12,100,0.2,101,mmfork-cuthill,2,SUCCESS,1,7.19,6.95,,11,719,18.1864,989,
Z12,100,0.2,102,minorminer,2,SUCCESS,1,7.49,7.13,,12,749,14.4603,958,
Z12,100,0.2,102,minorminer,1,SUCCESS,1,7.51,7.18,,13,751,14.5516,958,
Z12,100,0.2,102,minorminer,0,SUCCESS,1,7.34,7.02,,12,734,16.4119,958,
Z12,300,0.3,103,mmfork-cuthill,2,FAILURE,0,,,,,,68.989,13568,status=FAILURE
Z12,100,0.2,101,mmfork-cuthill,1,SUCCESS,1,7.13,6.95,,11,713,21.5994,989,
Z12,100,0.2,103,template,-1,SUCCESS,1,7.48,7.48,8.0,8,748,0.0238,971,
Z12,100,0.2,103,clique,-1,SUCCESS,1,8.0,7.48,,8,800,0.0211,971,
Z12,100,0.2,103,pssa,0,SUCCESS,1,7.52,7.48,,8,752,0.3564,971,
Z12,100,0.2,103,pssa,1,SUCCESS,1,7.52,7.48,,8,752,0.356,971,
Z12,100,0.2,101,minorminer,3,SUCCESS,1,7.41,7.13,,11,741,23.373,989,
Z12,100,0.2,102,mmfork-cuthill,1,SUCCESS,1,7.22,6.96,,12,722,15.7928,958,
Z12,100,0.2,103,pssa,2,SUCCESS,1,7.52,7.48,,8,752,0.3525,971,
Z12,100,0.2,103,pssa,3,SUCCESS,1,7.52,7.48,,8,752,0.3678,971,
Z12,100,0.2,103,clmm,0,SUCCESS,1,7.88,7.59,,8,788,4.6835,971,
Z12,100,0.2,103,pssa,4,SUCCESS,1,7.52,7.48,,8,752,0.362,971,
Z12,100,0.2,101,minorminer,1,SUCCESS,1,7.41,7.09,,12,741,24.5936,989,
Z12,300,0.3,103,mmfork-cuthill,4,FAILURE,0,,,,,,68.7965,13568,status=FAILURE
Z12,100,0.2,103,clmm,2,SUCCESS,1,7.91,7.53,,8,791,4.1807,971,
Z12,300,0.3,103,mmfork-cuthill,3,FAILURE,0,,,,,,69.4096,13568,status=FAILURE
Z12,100,0.2,103,clmm,1,SUCCESS,1,7.94,7.45,,8,794,4.4715,971,
Z12,100,0.2,101,mmfork-cuthill,0,SUCCESS,1,7.42,7.09,,11,742,24.3071,989,
Z12,100,0.2,101,attraction,3,SUCCESS,1,8.06,7.66,,13,806,20.9916,989,
Z12,100,0.2,103,minorminer,1,SUCCESS,1,8.02,7.56,,13,802,9.1144,971,
Z12,100,0.2,101,attraction,4,SUCCESS,1,7.86,7.55,,13,786,21.8433,989,
Z12,100,0.2,103,clmm,3,SUCCESS,1,7.95,7.51,,8,795,4.9109,971,
Z12,100,0.2,103,clmm,4,SUCCESS,1,7.95,7.56,,8,795,4.3198,971,
Z12,100,0.2,101,attraction,2,SUCCESS,1,7.79,7.35,,13,779,23.1629,989,
Z12,300,0.3,103,clmm,0,FAILURE,0,,,,,,72.327,13568,clmm: MM stage returned empty
Z12,100,0.2,103,mmfork-cuthill,0,SUCCESS,1,7.85,7.46,,13,785,10.4324,971,
Z12,300,0.3,103,clmm,1,FAILURE,0,,,,,,69.4367,13568,clmm: MM stage returned empty
Z12,100,0.2,103,mmfork-cuthill,1,SUCCESS,1,8.09,7.59,,13,809,9.8146,971,
Z12,100,0.2,103,minorminer,2,SUCCESS,1,7.78,7.44,,13,778,11.6465,971,
Z12,140,0.2,101,template,-1,SUCCESS,1,10.1,10.1,11.0,11,1414,0.0901,1947,
Z12,140,0.2,101,clique,-1,SUCCESS,1,11.0,10.1,,11,1540,0.0249,1947,
Z12,140,0.2,101,pssa,0,SUCCESS,1,10.1,10.1,,11,1414,0.4733,1947,
Z12,140,0.2,101,pssa,1,SUCCESS,1,10.1,10.1,,11,1414,0.4915,1947,
Z12,100,0.2,101,attraction,0,SUCCESS,1,7.47,7.04,,13,747,26.0114,989,
Z12,300,0.3,103,clmm,3,FAILURE,0,,,,,,69.9037,13568,clmm: MM stage returned empty
Z12,140,0.2,101,pssa,2,SUCCESS,1,10.1,10.1,,11,1414,0.4672,1947,
Z12,140,0.2,101,pssa,3,SUCCESS,1,10.1,10.1,,11,1414,0.4685,1947,
Z12,300,0.3,103,clmm,2,FAILURE,0,,,,,,71.6749,13568,clmm: MM stage returned empty
Z12,140,0.2,101,pssa,4,SUCCESS,1,10.1,10.1,,11,1414,0.4793,1947,
Z12,100,0.2,103,mmfork-cuthill,3,SUCCESS,1,7.49,7.14,,12,749,12.6516,971,
Z12,100,0.2,103,minorminer,0,SUCCESS,1,7.39,7.03,,12,739,14.9917,971,
Z12,100,0.2,103,minorminer,4,SUCCESS,1,7.93,7.46,,13,793,14.0186,971,
Z12,100,0.2,102,attraction,0,SUCCESS,1,8.15,7.65,,14,815,16.8433,958,
Z12,300,0.3,103,pssa,2,FAILURE,0,,,,,,61.3429,13568,status=FAILURE
Z12,100,0.2,103,minorminer,3,SUCCESS,1,7.53,7.19,,13,753,17.2886,971,
Z12,100,0.2,102,mmfork-cuthill,3,SUCCESS,1,7.29,6.9,,12,729,24.6773,958,
Z12,100,0.2,101,attraction,1,SUCCESS,1,7.54,7.24,,12,754,31.841,989,
Z12,300,0.3,103,pssa,1,FAILURE,0,,,,,,65.1865,13568,status=FAILURE
Z12,300,0.3,103,clmm,4,FAILURE,0,,,,,,68.9746,13568,clmm: MM stage returned empty
Z12,300,0.3,103,pssa,0,FAILURE,0,,,,,,67.0442,13568,status=FAILURE
Z12,100,0.2,103,mmfork-cuthill,2,SUCCESS,1,7.2,6.88,,12,720,19.6412,971,
Z12,140,0.2,101,clmm,2,SUCCESS,1,11.0,10.1,,11,1540,10.8186,1947,
Z12,100,0.2,102,attraction,1,SUCCESS,1,7.55,7.12,,13,755,24.718,958,
Z12,140,0.2,101,clmm,0,SUCCESS,1,10.9143,10.5071,,11,1528,13.2683,1947,
Z12,140,0.2,101,clmm,1,SUCCESS,1,10.9143,10.1786,,11,1528,12.4627,1947,
Z12,140,0.2,101,clmm,3,SUCCESS,1,10.9857,10.0929,,11,1538,12.5242,1947,
Z12,140,0.2,102,template,-1,SUCCESS,1,9.9857,9.9857,11.0,11,1398,0.0717,1920,
Z12,140,0.2,102,clique,-1,SUCCESS,1,11.0,9.9857,,11,1540,0.0248,1920,
Z12,140,0.2,102,pssa,0,SUCCESS,1,9.9857,9.9857,,11,1398,0.4255,1920,
Z12,140,0.2,101,clmm,4,SUCCESS,1,10.9286,10.4714,,11,1530,13.3527,1947,
Z12,100,0.2,102,attraction,3,SUCCESS,1,7.41,7.05,,12,741,26.2242,958,
Z12,140,0.2,102,pssa,1,SUCCESS,1,9.9857,9.9857,,11,1398,0.43,1920,
Z12,140,0.2,102,pssa,2,SUCCESS,1,9.9857,9.9857,,11,1398,0.4423,1920,
Z12,100,0.2,103,mmfork-cuthill,4,SUCCESS,1,7.29,7.0,,12,729,23.5559,971,
Z12,140,0.2,102,pssa,3,SUCCESS,1,9.9857,9.9857,,11,1398,0.4457,1920,
Z12,140,0.2,102,pssa,4,SUCCESS,1,9.9857,9.9857,,11,1398,0.4266,1920,
Z12,100,0.2,103,attraction,4,SUCCESS,1,7.78,7.38,,12,778,18.7142,971,
Z12,100,0.2,103,attraction,0,SUCCESS,1,8.47,7.91,,14,847,19.3032,971,
Z12,100,0.2,103,attraction,3,SUCCESS,1,7.59,7.26,,13,759,20.1148,971,
Z12,100,0.2,103,attraction,1,SUCCESS,1,8.37,7.82,,14,837,21.14,971,
Z12,100,0.2,102,attraction,2,SUCCESS,1,7.82,7.41,,13,782,30.4198,958,
Z12,300,0.3,103,pssa,3,FAILURE,0,,,,,,69.7177,13568,status=FAILURE
Z12,100,0.2,103,attraction,2,SUCCESS,1,7.77,7.31,,13,777,24.4743,971,
Z12,300,0.3,103,pssa,4,FAILURE,0,,,,,,66.4464,13568,status=FAILURE
Z12,140,0.2,102,clmm,0,SUCCESS,1,10.8286,10.2286,,11,1516,12.2101,1920,
Z12,140,0.2,101,minorminer,1,SUCCESS,1,13.0357,12.1143,,21,1825,26.4315,1947,
Z12,140,0.2,102,clmm,1,SUCCESS,1,10.9929,9.9857,,11,1539,11.8256,1920,
Z12,100,0.2,102,attraction,4,SUCCESS,1,7.04,6.78,,11,704,35.4437,958,
Z12,140,0.2,101,minorminer,3,SUCCESS,1,13.2071,12.2286,,23,1849,27.3384,1947,
Z12,140,0.2,102,clmm,2,SUCCESS,1,10.9714,10.0214,,11,1536,11.7176,1920,
Z12,140,0.2,102,clmm,3,SUCCESS,1,10.9714,10.1643,,11,1536,12.4751,1920,
Z12,140,0.2,102,clmm,4,SUCCESS,1,10.8786,10.3571,,11,1523,12.6085,1920,
Z12,300,0.3,103,attraction,0,FAILURE,0,,,,,,72.1413,13568,status=FAILURE
Z12,140,0.2,103,template,-1,SUCCESS,1,10.0357,10.0357,11.0,11,1405,0.0552,1920,
Z12,140,0.2,103,clique,-1,SUCCESS,1,11.0,10.0357,,11,1540,0.0227,1920,
Z12,140,0.2,103,pssa,0,SUCCESS,1,10.0357,10.0357,,11,1405,0.4128,1920,
Z12,140,0.2,102,mmfork-cuthill,4,SUCCESS,1,14.1143,13.1571,,25,1976,18.0494,1920,
Z12,140,0.2,102,minorminer,2,SUCCESS,1,13.25,12.25,,22,1855,23.9869,1920,
Z12,140,0.2,103,pssa,1,SUCCESS,1,10.0357,10.0357,,11,1405,0.4138,1920,
Z12,140,0.2,103,pssa,2,SUCCESS,1,10.0357,10.0357,,11,1405,0.3949,1920,
Z12,140,0.2,103,pssa,3,SUCCESS,1,10.0357,10.0357,,11,1405,0.3919,1920,
Z12,140,0.2,103,pssa,4,SUCCESS,1,10.0357,10.0357,,11,1405,0.4145,1920,
Z12,300,0.3,103,attraction,3,FAILURE,0,,,,,,72.246,13568,status=FAILURE
Z12,140,0.2,101,mmfork-cuthill,3,SUCCESS,1,12.7143,11.75,,21,1780,30.6717,1947,
Z12,140,0.2,101,minorminer,0,SUCCESS,1,12.6786,11.8643,,20,1775,33.065,1947,
Z12,140,0.2,101,mmfork-cuthill,0,SUCCESS,1,12.3714,11.6643,,21,1732,33.0265,1947,
Z12,300,0.3,103,attraction,4,FAILURE,0,,,,,,72.7893,13568,status=FAILURE
Z12,300,0.3,103,attraction,1,FAILURE,0,,,,,,75.5061,13568,status=FAILURE
Z12,140,0.2,103,minorminer,0,SUCCESS,1,14.4214,13.0429,,25,2019,16.7622,1920,
Z12,140,0.2,101,mmfork-cuthill,2,SUCCESS,1,11.7071,11.1,,18,1639,33.8203,1947,
Z12,300,0.3,103,attraction,2,FAILURE,0,,,,,,75.5705,13568,status=FAILURE
Z12,140,0.2,101,minorminer,4,SUCCESS,1,12.7143,11.8786,,20,1780,37.3864,1947,
Z12,140,0.2,103,clmm,0,SUCCESS,1,10.9071,10.1357,,11,1527,11.2912,1920,
Z12,140,0.2,102,minorminer,0,SUCCESS,1,12.7643,11.7929,,21,1787,31.4691,1920,
Z12,140,0.2,103,clmm,2,SUCCESS,1,10.9786,10.0571,,11,1537,11.3385,1920,
Z12,140,0.2,103,clmm,1,SUCCESS,1,10.9071,10.3929,,11,1527,12.4908,1920,
Z12,140,0.2,101,mmfork-cuthill,1,SUCCESS,1,11.9429,11.2214,,20,1672,39.2285,1947,
Z12,140,0.2,103,clmm,4,SUCCESS,1,10.9357,10.1643,,11,1531,11.9272,1920,
Z12,140,0.2,103,clmm,3,SUCCESS,1,10.8571,10.3929,,11,1520,12.5467,1920,
Z12,140,0.2,102,mmfork-cuthill,0,SUCCESS,1,12.5357,11.8143,,18,1755,34.0421,1920,
Z12,200,0.2,101,template,-1,INFEASIBLE,0,,,,,,0.0,3980,n=200 > max clique 184
Z12,200,0.2,101,clique,-1,FAILURE,0,,,,,,0.0225,3980,status=FAILURE
Z12,140,0.2,102,mmfork-cuthill,3,SUCCESS,1,11.9929,11.3,,19,1679,35.466,1920,
Z12,140,0.2,102,mmfork-cuthill,1,SUCCESS,1,11.6857,11.0571,,20,1636,36.6363,1920,
Z12,140,0.2,102,mmfork-cuthill,2,SUCCESS,1,12.8857,11.9643,,22,1804,37.0417,1920,
Z12,140,0.2,103,minorminer,1,SUCCESS,1,12.5214,11.7143,,22,1753,30.1053,1920,
Z12,140,0.2,102,minorminer,4,SUCCESS,1,11.9929,11.4071,,20,1679,41.3706,1920,
Z12,140,0.2,101,mmfork-cuthill,4,SUCCESS,1,11.8429,11.0143,,19,1658,49.7607,1947,
Z12,140,0.2,103,minorminer,4,SUCCESS,1,12.55,11.7214,,21,1757,29.9436,1920,
Z12,140,0.2,101,minorminer,2,SUCCESS,1,12.2357,11.3571,,19,1713,54.4983,1947,
Z12,140,0.2,102,minorminer,1,SUCCESS,1,12.1429,11.4357,,19,1700,49.9498,1920,
Z12,140,0.2,102,minorminer,3,SUCCESS,1,12.1143,11.3857,,18,1696,50.4261,1920,
Z12,140,0.2,103,minorminer,2,SUCCESS,1,11.9857,11.2929,,20,1678,38.6588,1920,
Z12,140,0.2,103,mmfork-cuthill,1,SUCCESS,1,11.6857,10.9857,,20,1636,40.9692,1920,
Z12,140,0.2,103,mmfork-cuthill,2,SUCCESS,1,11.65,11.0,,20,1631,39.6577,1920,
Z12,140,0.2,101,attraction,0,SUCCESS,1,12.5429,11.6857,,20,1756,60.371,1947,
Z12,140,0.2,101,attraction,1,SUCCESS,1,12.4143,11.6643,,21,1738,60.4008,1947,
Z12,140,0.2,101,attraction,2,SUCCESS,1,12.9143,11.9643,,21,1808,60.4761,1947,
Z12,140,0.2,101,attraction,3,SUCCESS,1,12.3857,11.4929,,20,1734,60.394,1947,
Z12,140,0.2,101,attraction,4,SUCCESS,1,12.0929,11.35,,20,1693,60.041,1947,
Z12,140,0.2,103,minorminer,3,SUCCESS,1,12.4071,11.4643,,21,1737,47.6513,1920,
Z12,140,0.2,103,mmfork-cuthill,4,SUCCESS,1,12.1571,11.4143,,20,1702,46.7052,1920,
Z12,200,0.2,101,clmm,4,SUCCESS,1,16.655,15.88,,34,3331,32.0109,3980,
Z12,140,0.2,103,mmfork-cuthill,0,SUCCESS,1,11.6857,11.0286,,19,1636,50.6498,1920,
Z12,200,0.2,101,clmm,1,SUCCESS,1,16.495,15.54,,35,3299,36.7854,3980,
Z12,140,0.2,102,attraction,0,SUCCESS,1,12.3143,11.4429,,21,1724,60.5125,1920,
Z12,140,0.2,102,attraction,1,SUCCESS,1,12.45,11.7571,,20,1743,60.5483,1920,
Z12,200,0.2,102,template,-1,INFEASIBLE,0,,,,,,0.0,3917,n=200 > max clique 184
Z12,140,0.2,102,attraction,2,SUCCESS,1,11.8929,11.1786,,20,1665,60.4586,1920,
Z12,200,0.2,102,clique,-1,FAILURE,0,,,,,,0.024,3917,status=FAILURE
Z12,140,0.2,102,attraction,4,SUCCESS,1,12.2,11.3643,,21,1708,60.0899,1920,
Z12,140,0.2,102,attraction,3,SUCCESS,1,12.2857,11.4786,,20,1720,60.5841,1920,
Z12,200,0.2,101,clmm,0,SUCCESS,1,17.315,16.38,,33,3463,45.3364,3980,
Z12,140,0.2,103,mmfork-cuthill,3,SUCCESS,1,11.0357,10.5857,,17,1545,60.0367,1920,
Z12,140,0.2,103,attraction,0,SUCCESS,1,12.8071,11.8571,,21,1793,60.3974,1920,
Z12,140,0.2,103,attraction,3,SUCCESS,1,12.6429,11.7786,,21,1770,60.1235,1920,
Z12,140,0.2,103,attraction,4,SUCCESS,1,12.55,11.6714,,20,1757,60.151,1920,
Z12,140,0.2,103,attraction,1,SUCCESS,1,12.1786,11.4929,,19,1705,60.5518,1920,
Z12,140,0.2,103,attraction,2,SUCCESS,1,12.0786,11.3357,,20,1691,60.7234,1920,
Z12,200,0.2,101,minorminer,1,FAILURE,0,,,,,,61.7398,3980,status=FAILURE
Z12,200,0.2,101,minorminer,2,FAILURE,0,,,,,,61.6978,3980,status=FAILURE
Z12,200,0.2,101,minorminer,0,FAILURE,0,,,,,,63.0,3980,status=FAILURE
Z12,200,0.2,101,minorminer,3,FAILURE,0,,,,,,61.9207,3980,status=FAILURE
Z12,200,0.2,101,mmfork-cuthill,0,FAILURE,0,,,,,,62.136,3980,status=FAILURE
Z12,200,0.2,101,minorminer,4,FAILURE,0,,,,,,62.5619,3980,status=FAILURE
Z12,200,0.2,101,mmfork-cuthill,2,FAILURE,0,,,,,,60.9226,3980,status=FAILURE
Z12,200,0.2,101,mmfork-cuthill,1,FAILURE,0,,,,,,63.3944,3980,status=FAILURE
Z12,200,0.2,101,mmfork-cuthill,4,FAILURE,0,,,,,,61.6859,3980,status=FAILURE
Z12,200,0.2,101,clmm,2,SUCCESS,1,17.0,16.06,,33,3400,59.756,3980,
Z12,200,0.2,101,mmfork-cuthill,3,FAILURE,0,,,,,,63.0876,3980,status=FAILURE
Z12,200,0.2,101,clmm,3,SUCCESS,1,16.705,15.735,,31,3341,60.4212,3980,
Z12,200,0.2,102,clmm,2,SUCCESS,1,17.005,16.21,,36,3401,30.9901,3917,
Z12,200,0.2,101,pssa,0,FAILURE,0,,,,,,63.4339,3980,status=FAILURE
Z12,200,0.2,102,clmm,3,SUCCESS,1,17.325,16.45,,35,3465,31.9332,3917,
Z12,200,0.2,103,template,-1,INFEASIBLE,0,,,,,,0.0,3994,n=200 > max clique 184
Z12,200,0.2,103,clique,-1,FAILURE,0,,,,,,0.0212,3994,status=FAILURE
Z12,200,0.2,101,pssa,1,FAILURE,0,,,,,,63.3587,3980,status=FAILURE
Z12,200,0.2,101,pssa,3,FAILURE,0,,,,,,62.8,3980,status=FAILURE
Z12,200,0.2,101,pssa,2,FAILURE,0,,,,,,64.4992,3980,status=FAILURE
Z12,200,0.2,101,attraction,1,FAILURE,0,,,,,,64.0202,3980,status=FAILURE
Z12,200,0.2,101,pssa,4,FAILURE,0,,,,,,66.1837,3980,status=FAILURE
Z12,200,0.2,101,attraction,0,FAILURE,0,,,,,,64.9967,3980,status=FAILURE
Z12,200,0.2,101,attraction,2,FAILURE,0,,,,,,64.7137,3980,status=FAILURE
Z12,200,0.2,101,attraction,3,FAILURE,0,,,,,,65.4167,3980,status=FAILURE
Z12,200,0.2,101,attraction,4,FAILURE,0,,,,,,63.5082,3980,status=FAILURE
Z12,200,0.2,102,minorminer,1,FAILURE,0,,,,,,61.8143,3917,status=FAILURE
Z12,200,0.2,102,minorminer,0,FAILURE,0,,,,,,62.5728,3917,status=FAILURE
Z12,200,0.2,102,clmm,1,SUCCESS,1,16.895,16.07,,33,3379,50.4506,3917,
Z12,200,0.2,102,clmm,4,SUCCESS,1,16.66,15.725,,31,3332,47.253,3917,
Z12,200,0.2,102,minorminer,3,FAILURE,0,,,,,,62.2697,3917,status=FAILURE
Z12,200,0.2,102,minorminer,2,FAILURE,0,,,,,,62.6706,3917,status=FAILURE
Z12,200,0.2,102,minorminer,4,FAILURE,0,,,,,,62.0691,3917,status=FAILURE
Z12,200,0.2,102,mmfork-cuthill,3,FAILURE,0,,,,,,62.7503,3917,status=FAILURE
Z12,200,0.2,102,mmfork-cuthill,1,FAILURE,0,,,,,,63.4324,3917,status=FAILURE
Z12,200,0.2,102,mmfork-cuthill,0,FAILURE,0,,,,,,63.5199,3917,status=FAILURE
Z12,200,0.2,102,mmfork-cuthill,4,FAILURE,0,,,,,,61.0089,3917,status=FAILURE
Z12,200,0.2,102,mmfork-cuthill,2,FAILURE,0,,,,,,63.7459,3917,status=FAILURE
Z12,200,0.2,103,clmm,1,SUCCESS,1,16.7,15.935,,36,3340,29.8755,3994,
Z12,200,0.2,102,clmm,0,SUCCESS,1,16.655,15.805,,32,3331,60.4322,3917,
Z12,200,0.2,103,clmm,0,SUCCESS,1,17.795,16.605,,33,3559,37.3091,3994,
Z12,200,0.2,102,pssa,0,FAILURE,0,,,,,,61.9779,3917,status=FAILURE
Z12,260,0.2,101,template,-1,INFEASIBLE,0,,,,,,0.0,6731,n=260 > max clique 184
Z12,260,0.2,101,clique,-1,FAILURE,0,,,,,,0.0272,6731,status=FAILURE
Z12,200,0.2,102,pssa,1,FAILURE,0,,,,,,62.8311,3917,status=FAILURE
Z12,200,0.2,102,pssa,3,FAILURE,0,,,,,,62.8697,3917,status=FAILURE
Z12,200,0.2,102,pssa,2,FAILURE,0,,,,,,65.5234,3917,status=FAILURE
Z12,200,0.2,103,clmm,2,SUCCESS,1,16.765,15.905,,33,3353,43.3705,3994,
Z12,200,0.2,103,clmm,4,SUCCESS,1,16.96,16.0,,34,3392,38.2048,3994,
Z12,200,0.2,102,attraction,0,FAILURE,0,,,,,,64.9667,3917,status=FAILURE
Z12,200,0.2,102,pssa,4,FAILURE,0,,,,,,67.9024,3917,status=FAILURE
Z12,200,0.2,103,minorminer,0,FAILURE,0,,,,,,63.3292,3994,status=FAILURE
Z12,200,0.2,102,attraction,1,FAILURE,0,,,,,,64.1017,3917,status=FAILURE
Z12,200,0.2,102,attraction,4,FAILURE,0,,,,,,64.5029,3917,status=FAILURE
Z12,200,0.2,102,attraction,3,FAILURE,0,,,,,,65.0377,3917,status=FAILURE
Z12,200,0.2,102,attraction,2,FAILURE,0,,,,,,65.1068,3917,status=FAILURE
Z12,200,0.2,103,minorminer,1,FAILURE,0,,,,,,63.0375,3994,status=FAILURE
Z12,200,0.2,103,minorminer,2,FAILURE,0,,,,,,63.5484,3994,status=FAILURE
Z12,200,0.2,103,minorminer,3,FAILURE,0,,,,,,63.3879,3994,status=FAILURE
Z12,200,0.2,103,mmfork-cuthill,1,FAILURE,0,,,,,,62.0729,3994,status=FAILURE
Z12,200,0.2,103,minorminer,4,FAILURE,0,,,,,,63.5327,3994,status=FAILURE
Z12,200,0.2,103,mmfork-cuthill,0,FAILURE,0,,,,,,62.7048,3994,status=FAILURE
Z12,200,0.2,103,mmfork-cuthill,2,FAILURE,0,,,,,,62.4903,3994,status=FAILURE
Z12,200,0.2,103,mmfork-cuthill,3,FAILURE,0,,,,,,62.2965,3994,status=FAILURE
Z12,200,0.2,103,mmfork-cuthill,4,FAILURE,0,,,,,,62.1428,3994,status=FAILURE
Z12,200,0.2,103,clmm,3,SUCCESS,1,16.76,15.875,,32,3352,60.0706,3994,
Z12,200,0.2,103,pssa,0,FAILURE,0,,,,,,63.2287,3994,status=FAILURE
Z12,200,0.2,103,pssa,2,FAILURE,0,,,,,,61.8683,3994,status=FAILURE
Z12,200,0.2,103,pssa,3,FAILURE,0,,,,,,62.0326,3994,status=FAILURE
Z12,260,0.2,102,template,-1,INFEASIBLE,0,,,,,,0.0,6698,n=260 > max clique 184
Z12,260,0.2,102,clique,-1,FAILURE,0,,,,,,0.0206,6698,status=FAILURE
Z12,200,0.2,103,pssa,1,FAILURE,0,,,,,,63.9034,3994,status=FAILURE
Z12,200,0.2,103,pssa,4,FAILURE,0,,,,,,62.5839,3994,status=FAILURE
Z12,200,0.2,103,attraction,1,FAILURE,0,,,,,,63.5294,3994,status=FAILURE
Z12,200,0.2,103,attraction,0,FAILURE,0,,,,,,64.4756,3994,status=FAILURE
Z12,200,0.2,103,attraction,2,FAILURE,0,,,,,,63.9185,3994,status=FAILURE
Z12,200,0.2,103,attraction,3,FAILURE,0,,,,,,64.2857,3994,status=FAILURE
Z12,260,0.2,101,minorminer,1,FAILURE,0,,,,,,63.0582,6731,status=FAILURE
Z12,200,0.2,103,attraction,4,FAILURE,0,,,,,,64.0451,3994,status=FAILURE
Z12,260,0.2,101,minorminer,0,FAILURE,0,,,,,,64.1281,6731,status=FAILURE
Z12,260,0.2,101,minorminer,2,FAILURE,0,,,,,,64.0573,6731,status=FAILURE
Z12,260,0.2,101,minorminer,3,FAILURE,0,,,,,,64.0924,6731,status=FAILURE
Z12,260,0.2,101,mmfork-cuthill,0,FAILURE,0,,,,,,62.9019,6731,status=FAILURE
Z12,260,0.2,101,mmfork-cuthill,1,FAILURE,0,,,,,,63.2528,6731,status=FAILURE
Z12,260,0.2,101,minorminer,4,FAILURE,0,,,,,,63.9285,6731,status=FAILURE
Z12,260,0.2,101,mmfork-cuthill,2,FAILURE,0,,,,,,63.2504,6731,status=FAILURE
Z12,260,0.2,101,clmm,1,FAILURE,0,,,,,,63.809,6731,clmm: MM stage returned empty
Z12,260,0.2,101,mmfork-cuthill,3,FAILURE,0,,,,,,64.2503,6731,status=FAILURE
Z12,260,0.2,101,mmfork-cuthill,4,FAILURE,0,,,,,,64.2519,6731,status=FAILURE
Z12,260,0.2,101,clmm,0,FAILURE,0,,,,,,64.2907,6731,clmm: MM stage returned empty
Z12,260,0.2,101,clmm,2,FAILURE,0,,,,,,64.2227,6731,clmm: MM stage returned empty
Z12,260,0.2,101,clmm,3,FAILURE,0,,,,,,64.5115,6731,clmm: MM stage returned empty
Z12,260,0.2,101,clmm,4,FAILURE,0,,,,,,64.7542,6731,clmm: MM stage returned empty
Z12,260,0.2,101,pssa,1,FAILURE,0,,,,,,64.6854,6731,status=FAILURE
Z12,260,0.2,101,pssa,2,FAILURE,0,,,,,,65.5812,6731,status=FAILURE
Z12,260,0.2,101,pssa,0,FAILURE,0,,,,,,66.6711,6731,status=FAILURE
Z12,260,0.2,103,template,-1,INFEASIBLE,0,,,,,,0.0,6751,n=260 > max clique 184
Z12,260,0.2,103,clique,-1,FAILURE,0,,,,,,0.027,6751,status=FAILURE
Z12,260,0.2,101,pssa,4,FAILURE,0,,,,,,62.2905,6731,status=FAILURE
Z12,260,0.2,101,pssa,3,FAILURE,0,,,,,,64.6448,6731,status=FAILURE
Z12,260,0.2,101,attraction,0,FAILURE,0,,,,,,66.2595,6731,status=FAILURE
Z12,260,0.2,101,attraction,1,FAILURE,0,,,,,,63.2146,6731,status=FAILURE
Z12,260,0.2,102,minorminer,3,FAILURE,0,,,,,,60.0348,6698,status=FAILURE
Z12,260,0.2,101,attraction,2,FAILURE,0,,,,,,66.8152,6731,status=FAILURE
Z12,260,0.2,102,minorminer,2,FAILURE,0,,,,,,62.2948,6698,status=FAILURE
Z12,260,0.2,102,minorminer,1,FAILURE,0,,,,,,62.8427,6698,status=FAILURE
Z12,260,0.2,102,minorminer,0,FAILURE,0,,,,,,64.7719,6698,status=FAILURE
Z12,260,0.2,101,attraction,3,FAILURE,0,,,,,,65.6632,6731,status=FAILURE
Z12,260,0.2,102,mmfork-cuthill,0,FAILURE,0,,,,,,63.4761,6698,status=FAILURE
Z12,260,0.2,102,minorminer,4,FAILURE,0,,,,,,64.218,6698,status=FAILURE
Z12,260,0.2,102,mmfork-cuthill,2,FAILURE,0,,,,,,63.3477,6698,status=FAILURE
Z12,260,0.2,101,attraction,4,FAILURE,0,,,,,,66.714,6731,status=FAILURE
Z12,260,0.2,102,mmfork-cuthill,1,FAILURE,0,,,,,,65.6579,6698,status=FAILURE
Z12,260,0.2,102,clmm,0,FAILURE,0,,,,,,64.6344,6698,clmm: MM stage returned empty
Z12,260,0.2,102,mmfork-cuthill,4,FAILURE,0,,,,,,65.325,6698,status=FAILURE
Z12,260,0.2,102,clmm,1,FAILURE,0,,,,,,64.3899,6698,clmm: MM stage returned empty
Z12,260,0.2,102,mmfork-cuthill,3,FAILURE,0,,,,,,67.0463,6698,status=FAILURE
Z12,260,0.2,102,clmm,2,FAILURE,0,,,,,,64.0482,6698,clmm: MM stage returned empty
Z12,260,0.2,102,pssa,1,FAILURE,0,,,,,,61.7185,6698,status=FAILURE
Z12,260,0.2,102,clmm,4,FAILURE,0,,,,,,63.7984,6698,clmm: MM stage returned empty
Z12,260,0.2,102,clmm,3,FAILURE,0,,,,,,64.8002,6698,clmm: MM stage returned empty
Z12,260,0.2,102,pssa,0,FAILURE,0,,,,,,64.218,6698,status=FAILURE
Z12,260,0.2,102,pssa,2,FAILURE,0,,,,,,66.5356,6698,status=FAILURE
Z12,340,0.2,101,template,-1,INFEASIBLE,0,,,,,,0.0,11552,n=340 > max clique 184
Z12,340,0.2,101,clique,-1,FAILURE,0,,,,,,0.0234,11552,status=FAILURE
Z12,260,0.2,102,pssa,3,FAILURE,0,,,,,,65.8157,6698,status=FAILURE
Z12,260,0.2,102,attraction,0,FAILURE,0,,,,,,65.3897,6698,status=FAILURE
Z12,260,0.2,102,pssa,4,FAILURE,0,,,,,,67.4219,6698,status=FAILURE
Z12,260,0.2,102,attraction,1,FAILURE,0,,,,,,66.7934,6698,status=FAILURE
Z12,260,0.2,102,attraction,3,FAILURE,0,,,,,,66.6267,6698,status=FAILURE
Z12,260,0.2,102,attraction,2,FAILURE,0,,,,,,66.7121,6698,status=FAILURE
Z12,260,0.2,102,attraction,4,FAILURE,0,,,,,,66.7832,6698,status=FAILURE
Z12,260,0.2,103,minorminer,1,FAILURE,0,,,,,,63.4232,6751,status=FAILURE
Z12,260,0.2,103,minorminer,2,FAILURE,0,,,,,,62.8286,6751,status=FAILURE
Z12,260,0.2,103,minorminer,0,FAILURE,0,,,,,,65.5131,6751,status=FAILURE
Z12,260,0.2,103,minorminer,3,FAILURE,0,,,,,,64.5357,6751,status=FAILURE
Z12,260,0.2,103,mmfork-cuthill,1,FAILURE,0,,,,,,62.8814,6751,status=FAILURE
Z12,260,0.2,103,minorminer,4,FAILURE,0,,,,,,65.1618,6751,status=FAILURE
Z12,260,0.2,103,mmfork-cuthill,0,FAILURE,0,,,,,,64.1803,6751,status=FAILURE
Z12,260,0.2,103,mmfork-cuthill,3,FAILURE,0,,,,,,63.4668,6751,status=FAILURE
Z12,260,0.2,103,mmfork-cuthill,4,FAILURE,0,,,,,,64.2234,6751,status=FAILURE
Z12,260,0.2,103,clmm,0,FAILURE,0,,,,,,63.9874,6751,clmm: MM stage returned empty
Z12,260,0.2,103,mmfork-cuthill,2,FAILURE,0,,,,,,66.9182,6751,status=FAILURE
Z12,260,0.2,103,clmm,1,FAILURE,0,,,,,,64.5718,6751,clmm: MM stage returned empty
Z12,260,0.2,103,clmm,2,FAILURE,0,,,,,,65.2738,6751,clmm: MM stage returned empty
Z12,260,0.2,103,clmm,3,FAILURE,0,,,,,,63.8382,6751,clmm: MM stage returned empty
Z12,260,0.2,103,clmm,4,FAILURE,0,,,,,,63.6957,6751,clmm: MM stage returned empty
Z12,260,0.2,103,pssa,1,FAILURE,0,,,,,,64.8212,6751,status=FAILURE
Z12,260,0.2,103,pssa,0,FAILURE,0,,,,,,66.0205,6751,status=FAILURE
Z12,260,0.2,103,pssa,2,FAILURE,0,,,,,,67.5932,6751,status=FAILURE
Z12,340,0.2,102,template,-1,INFEASIBLE,0,,,,,,0.0,11536,n=340 > max clique 184
Z12,340,0.2,102,clique,-1,FAILURE,0,,,,,,0.0251,11536,status=FAILURE
Z12,260,0.2,103,pssa,3,FAILURE,0,,,,,,65.4986,6751,status=FAILURE
Z12,260,0.2,103,pssa,4,FAILURE,0,,,,,,66.7338,6751,status=FAILURE
Z12,260,0.2,103,attraction,0,FAILURE,0,,,,,,66.0694,6751,status=FAILURE
Z12,260,0.2,103,attraction,1,FAILURE,0,,,,,,65.7894,6751,status=FAILURE
Z12,260,0.2,103,attraction,2,FAILURE,0,,,,,,65.6259,6751,status=FAILURE
Z12,260,0.2,103,attraction,3,FAILURE,0,,,,,,66.5379,6751,status=FAILURE
Z12,260,0.2,103,attraction,4,FAILURE,0,,,,,,65.6342,6751,status=FAILURE
Z12,340,0.2,101,mmfork-cuthill,1,FAILURE,0,,,,,,61.8799,11552,status=FAILURE
Z12,340,0.2,101,minorminer,2,FAILURE,0,,,,,,65.1668,11552,status=FAILURE
Z12,340,0.2,101,minorminer,4,FAILURE,0,,,,,,65.0298,11552,status=FAILURE
Z12,340,0.2,101,minorminer,3,FAILURE,0,,,,,,66.2729,11552,status=FAILURE
Z12,340,0.2,101,mmfork-cuthill,3,FAILURE,0,,,,,,62.9859,11552,status=FAILURE
Z12,340,0.2,101,mmfork-cuthill,2,FAILURE,0,,,,,,64.9881,11552,status=FAILURE
Z12,340,0.2,101,mmfork-cuthill,0,FAILURE,0,,,,,,67.1999,11552,status=FAILURE
Z12,340,0.2,101,mmfork-cuthill,4,FAILURE,0,,,,,,66.7294,11552,status=FAILURE
Z12,340,0.2,101,minorminer,0,FAILURE,0,,,,,,72.6215,11552,status=FAILURE
Z12,340,0.2,101,minorminer,1,FAILURE,0,,,,,,73.0492,11552,status=FAILURE
Z12,340,0.2,101,clmm,0,FAILURE,0,,,,,,69.235,11552,clmm: MM stage returned empty
Z12,340,0.2,101,clmm,1,FAILURE,0,,,,,,66.2802,11552,clmm: MM stage returned empty
Z12,340,0.2,101,clmm,2,FAILURE,0,,,,,,68.0028,11552,clmm: MM stage returned empty
Z12,340,0.2,101,clmm,3,FAILURE,0,,,,,,68.014,11552,clmm: MM stage returned empty
Z12,340,0.2,101,clmm,4,FAILURE,0,,,,,,67.5333,11552,clmm: MM stage returned empty
Z12,340,0.2,101,pssa,0,FAILURE,0,,,,,,63.1638,11552,status=FAILURE
Z12,340,0.2,101,pssa,3,FAILURE,0,,,,,,63.166,11552,status=FAILURE
Z12,340,0.2,101,pssa,1,FAILURE,0,,,,,,65.3637,11552,status=FAILURE
Z12,340,0.2,103,template,-1,INFEASIBLE,0,,,,,,0.0,11584,n=340 > max clique 184
Z12,340,0.2,103,clique,-1,FAILURE,0,,,,,,0.0245,11584,status=FAILURE
Z12,340,0.2,101,pssa,2,FAILURE,0,,,,,,63.9716,11552,status=FAILURE
Z12,340,0.2,101,pssa,4,FAILURE,0,,,,,,61.0759,11552,status=FAILURE
Z12,340,0.2,102,minorminer,1,FAILURE,0,,,,,,64.1358,11536,status=FAILURE
Z12,340,0.2,101,attraction,1,FAILURE,0,,,,,,69.9125,11552,status=FAILURE
Z12,340,0.2,102,minorminer,0,FAILURE,0,,,,,,67.2694,11536,status=FAILURE
Z12,340,0.2,101,attraction,0,FAILURE,0,,,,,,71.6321,11552,status=FAILURE
Z12,340,0.2,101,attraction,4,FAILURE,0,,,,,,69.6451,11552,status=FAILURE
Z12,340,0.2,101,attraction,2,FAILURE,0,,,,,,72.5292,11552,status=FAILURE
Z12,340,0.2,102,mmfork-cuthill,0,FAILURE,0,,,,,,66.6611,11536,status=FAILURE
Z12,340,0.2,102,minorminer,3,FAILURE,0,,,,,,67.2712,11536,status=FAILURE
Z12,340,0.2,102,minorminer,2,FAILURE,0,,,,,,67.4914,11536,status=FAILURE
Z12,60,0.12,101,minorminer,0,SUCCESS,1,2.4167,2.4,,4,145,0.6111,207,
Z12,340,0.2,102,minorminer,4,FAILURE,0,,,,,,68.0546,11536,status=FAILURE
Z12,340,0.2,101,attraction,3,FAILURE,0,,,,,,71.6902,11552,status=FAILURE
Z12,60,0.12,101,minorminer,1,SUCCESS,1,2.2667,2.2333,,4,136,0.8577,207,
Z12,60,0.12,101,minorminer,2,SUCCESS,1,2.1333,2.1167,,4,128,0.4139,207,
Z12,60,0.12,101,minorminer,3,SUCCESS,1,2.2667,2.2667,,5,136,0.3052,207,
Z12,60,0.12,101,minorminer,4,SUCCESS,1,2.3167,2.2833,,4,139,0.3882,207,
Z12,60,0.12,101,mmfork-cuthill,0,SUCCESS,1,2.2667,2.2667,,4,136,0.4783,207,
Z12,60,0.12,101,mmfork-cuthill,2,SUCCESS,1,2.3667,2.35,,4,142,0.4936,207,
Z12,60,0.12,101,mmfork-cuthill,1,SUCCESS,1,2.2833,2.2667,,4,137,0.7318,207,
Z12,60,0.12,101,mmfork-cuthill,3,SUCCESS,1,2.4,2.3833,,4,144,0.6919,207,
Z12,340,0.2,102,mmfork-cuthill,2,FAILURE,0,,,,,,66.4334,11536,status=FAILURE
Z12,60,0.12,101,mmfork-cuthill,4,SUCCESS,1,2.35,2.3167,,4,141,0.6354,207,
Z12,60,0.12,101,clmm,2,SUCCESS,1,2.4833,2.45,,4,149,0.2362,207,
Z12,60,0.12,101,clmm,1,SUCCESS,1,2.3333,2.3333,,4,140,0.3725,207,
Z12,60,0.12,101,clmm,0,SUCCESS,1,2.3,2.2833,,4,138,0.544,207,
Z12,60,0.12,101,template,-1,SUCCESS,1,4.2333,4.2333,6.0,6,254,0.0084,207,
Z12,60,0.12,101,clique,-1,SUCCESS,1,6.0,4.2333,,6,360,0.0207,207,
Z12,60,0.12,101,pssa,0,SUCCESS,1,4.4,4.2333,,7,264,0.2806,207,
Z12,60,0.12,101,pssa,1,SUCCESS,1,4.4,4.2333,,7,264,0.2747,207,
Z12,60,0.12,101,pssa,2,SUCCESS,1,4.4,4.2333,,7,264,0.2676,207,
Z12,340,0.2,102,mmfork-cuthill,1,FAILURE,0,,,,,,68.1151,11536,status=FAILURE
Z12,60,0.12,101,clmm,4,SUCCESS,1,2.3667,2.3667,,4,142,0.3484,207,
Z12,60,0.12,101,clmm,3,SUCCESS,1,2.2833,2.2833,,4,137,0.5135,207,
Z12,60,0.12,101,pssa,3,SUCCESS,1,4.4,4.2333,,7,264,0.2792,207,
Z12,60,0.12,101,pssa,4,SUCCESS,1,4.4,4.2333,,7,264,0.2808,207,
Z12,60,0.12,102,minorminer,0,SUCCESS,1,2.4,2.3667,,5,144,0.5715,200,
Z12,60,0.12,102,minorminer,1,SUCCESS,1,2.3667,2.2833,,4,142,0.6076,200,
Z12,340,0.2,102,mmfork-cuthill,4,FAILURE,0,,,,,,65.1184,11536,status=FAILURE
Z12,60,0.12,102,minorminer,2,SUCCESS,1,2.15,2.1333,,4,129,0.2318,200,
Z12,60,0.12,102,minorminer,3,SUCCESS,1,2.2167,2.2167,,4,133,0.4382,200,
Z12,60,0.12,102,minorminer,4,SUCCESS,1,2.3333,2.3333,,4,140,0.4794,200,
Z12,60,0.12,101,attraction,2,SUCCESS,1,2.2167,2.1833,,4,133,2.2733,207,
Z12,60,0.12,101,attraction,0,SUCCESS,1,2.1333,2.1333,,4,128,2.4056,207,
Z12,60,0.12,101,attraction,3,SUCCESS,1,2.2833,2.25,,4,137,2.3848,207,
Z12,340,0.2,102,mmfork-cuthill,3,FAILURE,0,,,,,,68.2626,11536,status=FAILURE
Z12,60,0.12,102,mmfork-cuthill,1,SUCCESS,1,2.3167,2.2833,,4,139,0.4548,200,
Z12,60,0.12,102,mmfork-cuthill,0,SUCCESS,1,2.0833,2.0333,,4,125,0.5718,200,
Z12,60,0.12,101,attraction,4,SUCCESS,1,2.3,2.2833,,4,138,2.4439,207,
Z12,60,0.12,102,mmfork-cuthill,2,SUCCESS,1,2.2833,2.2667,,4,137,0.4281,200,
Z12,60,0.12,101,attraction,1,SUCCESS,1,2.2333,2.2,,4,134,2.7875,207,
Z12,60,0.12,102,template,-1,SUCCESS,1,3.9167,3.9167,6.0,6,235,0.0075,200,
Z12,60,0.12,102,clique,-1,SUCCESS,1,6.0,3.9167,,6,360,0.0233,200,
Z12,60,0.12,102,mmfork-cuthill,4,SUCCESS,1,2.3833,2.3833,,4,143,0.389,200,
Z12,60,0.12,102,clmm,0,SUCCESS,1,2.3,2.2833,,4,138,0.4564,200,
Z12,60,0.12,102,clmm,1,SUCCESS,1,2.1667,2.15,,4,130,0.4149,200,
Z12,60,0.12,102,clmm,2,SUCCESS,1,2.2833,2.2333,,4,137,0.4,200,
Z12,60,0.12,102,clmm,4,SUCCESS,1,2.3333,2.3,,4,140,0.3687,200,
Z12,60,0.12,102,pssa,0,SUCCESS,1,4.1167,3.9167,,7,247,0.2652,200,
Z12,60,0.12,102,clmm,3,SUCCESS,1,2.3167,2.2833,,4,139,0.4299,200,
Z12,60,0.12,102,pssa,1,SUCCESS,1,4.1167,3.9167,,7,247,0.2728,200,
Z12,60,0.12,102,pssa,2,SUCCESS,1,4.1167,3.9167,,7,247,0.2772,200,
Z12,60,0.12,102,mmfork-cuthill,3,SUCCESS,1,2.15,2.15,,4,129,0.9366,200,
Z12,60,0.12,102,pssa,3,SUCCESS,1,4.1167,3.9167,,7,247,0.2788,200,
Z12,60,0.12,102,pssa,4,SUCCESS,1,4.1167,3.9167,,7,247,0.2761,200,
Z12,60,0.12,103,minorminer,0,SUCCESS,1,2.2833,2.25,,5,137,0.454,212,
Z12,60,0.12,103,minorminer,2,SUCCESS,1,2.4833,2.4,,5,149,0.562,212,
Z12,60,0.12,103,minorminer,1,SUCCESS,1,2.3667,2.35,,4,142,0.6944,212,
Z12,60,0.12,103,minorminer,4,SUCCESS,1,2.65,2.6167,,5,159,0.4861,212,
Z12,60,0.12,103,minorminer,3,SUCCESS,1,2.4667,2.4167,,4,148,0.6216,212,
Z12,60,0.12,103,mmfork-cuthill,0,SUCCESS,1,2.6833,2.6,,5,161,0.5235,212,
Z12,60,0.12,103,mmfork-cuthill,3,SUCCESS,1,2.45,2.35,,5,147,0.3513,212,
Z12,60,0.12,103,mmfork-cuthill,2,SUCCESS,1,2.4667,2.45,,4,148,0.5447,212,
Z12,60,0.12,103,mmfork-cuthill,1,SUCCESS,1,2.2167,2.2,,5,133,0.7336,212,
Z12,60,0.12,102,attraction,1,SUCCESS,1,2.1333,2.1,,4,128,2.054,200,
Z12,60,0.12,102,attraction,3,SUCCESS,1,2.2667,2.2167,,4,136,2.0614,200,
Z12,60,0.12,102,attraction,0,SUCCESS,1,2.1,2.0667,,4,126,2.1494,200,
Z12,60,0.12,102,attraction,4,SUCCESS,1,2.2667,2.2333,,4,136,2.163,200,
Z12,60,0.12,103,template,-1,SUCCESS,1,4.4,4.4,6.0,6,264,0.0074,212,
Z12,60,0.12,103,mmfork-cuthill,4,SUCCESS,1,2.35,2.3333,,4,141,0.5789,212,
Z12,60,0.12,103,clmm,1,SUCCESS,1,2.6,2.5667,,5,156,0.3461,212,
Z12,60,0.12,103,clique,-1,SUCCESS,1,6.0,4.4,,6,360,0.0233,212,
Z12,60,0.12,103,clmm,3,SUCCESS,1,2.2167,2.2,,4,133,0.3761,212,
Z12,60,0.12,103,clmm,2,SUCCESS,1,2.5833,2.5667,,5,155,0.548,212,
Z12,60,0.12,103,clmm,0,SUCCESS,1,2.2833,2.2667,,4,137,0.8111,212,
Z12,60,0.12,103,pssa,1,SUCCESS,1,4.5167,4.4,,7,271,0.2746,212,
Z12,60,0.12,103,pssa,0,SUCCESS,1,4.5167,4.4,,7,271,0.2835,212,
Z12,60,0.12,103,pssa,2,SUCCESS,1,4.5167,4.4,,7,271,0.2882,212,
Z12,60,0.12,102,attraction,2,SUCCESS,1,2.0833,2.0833,,4,125,2.6887,200,
Z12,60,0.12,103,clmm,4,SUCCESS,1,2.3333,2.3333,,4,140,0.615,212,
Z12,60,0.12,103,pssa,3,SUCCESS,1,4.5167,4.4,,7,271,0.2809,212,
Z12,60,0.12,103,pssa,4,SUCCESS,1,4.5167,4.4,,7,271,0.2679,212,
Z12,60,0.12,103,attraction,3,SUCCESS,1,2.4,2.3833,,5,144,2.2863,212,
Z12,60,0.12,103,attraction,1,SUCCESS,1,2.5333,2.5167,,5,152,2.3541,212,
Z12,60,0.12,103,attraction,4,SUCCESS,1,2.5167,2.4333,,5,151,2.3085,212,
Z12,60,0.12,103,attraction,2,SUCCESS,1,2.4833,2.4667,,5,149,2.3673,212,
Z12,60,0.12,103,attraction,0,SUCCESS,1,2.1667,2.15,,4,130,2.4727,212,
Z12,340,0.2,102,clmm,0,FAILURE,0,,,,,,66.8361,11536,clmm: MM stage returned empty
Z12,340,0.2,102,clmm,1,FAILURE,0,,,,,,66.6006,11536,clmm: MM stage returned empty
Z12,340,0.2,102,clmm,2,FAILURE,0,,,,,,65.806,11536,clmm: MM stage returned empty
Z12,100,0.12,101,minorminer,2,SUCCESS,1,5.32,5.12,,10,532,4.4737,599,
Z12,100,0.12,101,minorminer,0,SUCCESS,1,5.43,5.27,,10,543,5.2547,599,
Z12,100,0.12,101,minorminer,3,SUCCESS,1,5.94,5.74,,11,594,3.1226,599,
Z12,100,0.12,101,minorminer,1,SUCCESS,1,5.23,5.14,,9,523,5.539,599,
Z12,100,0.12,101,mmfork-cuthill,3,SUCCESS,1,5.49,5.24,,11,549,3.8786,599,
Z12,100,0.12,101,template,-1,SUCCESS,1,6.94,6.94,8.0,8,694,0.0238,599,
Z12,100,0.12,101,clique,-1,SUCCESS,1,8.0,6.94,,8,800,0.0238,599,
Z12,340,0.2,102,clmm,3,FAILURE,0,,,,,,66.8755,11536,clmm: MM stage returned empty
Z12,100,0.12,101,pssa,0,SUCCESS,1,6.95,6.94,,8,695,0.356,599,
Z12,100,0.12,101,mmfork-cuthill,4,SUCCESS,1,5.69,5.53,,10,569,3.4234,599,
Z12,100,0.12,101,pssa,1,SUCCESS,1,6.95,6.94,,8,695,0.3678,599,
Z12,340,0.2,102,pssa,0,FAILURE,0,,,,,,63.39,11536,status=FAILURE
Z12,100,0.12,101,pssa,2,SUCCESS,1,6.95,6.94,,8,695,0.3636,599,
Z12,100,0.12,101,pssa,3,SUCCESS,1,6.95,6.94,,8,695,0.3496,599,
Z12,100,0.12,101,pssa,4,SUCCESS,1,6.95,6.94,,8,695,0.3536,599,
Z12,100,0.12,101,minorminer,4,SUCCESS,1,5.46,5.32,,10,546,5.3277,599,
Z12,100,0.12,101,clmm,4,SUCCESS,1,7.95,6.92,,8,795,2.0045,599,
Z12,100,0.12,101,clmm,0,SUCCESS,1,5.92,5.77,,8,592,3.9459,599,
Z12,100,0.12,101,mmfork-cuthill,0,SUCCESS,1,5.63,5.42,,10,563,5.7227,599,
Z12,100,0.12,101,clmm,3,SUCCESS,1,6.16,6.04,,8,616,3.1762,599,
Z12,100,0.12,101,clmm,2,SUCCESS,1,5.99,5.89,,8,599,3.6309,599,
Z12,340,0.2,102,clmm,4,FAILURE,0,,,,,,68.8793,11536,clmm: MM stage returned empty
Z12,100,0.12,101,mmfork-cuthill,1,SUCCESS,1,5.11,4.98,,9,511,8.2187,599,
Z12,100,0.12,101,mmfork-cuthill,2,SUCCESS,1,5.18,4.99,,9,518,8.4802,599,
Z12,100,0.12,101,clmm,1,SUCCESS,1,5.51,5.46,,8,551,7.0836,599,
Z12,100,0.12,102,minorminer,1,SUCCESS,1,5.19,5.04,,9,519,4.6799,582,
Z12,340,0.2,102,pssa,1,FAILURE,0,,,,,,66.8947,11536,status=FAILURE
Z12,100,0.12,102,minorminer,3,SUCCESS,1,5.33,5.16,,9,533,4.0716,582,
Z12,100,0.12,102,minorminer,2,SUCCESS,1,5.34,5.17,,9,534,5.7362,582,
Z12,340,0.2,102,pssa,2,FAILURE,0,,,,,,65.2244,11536,status=FAILURE
Z12,100,0.12,102,minorminer,0,SUCCESS,1,5.17,4.99,,9,517,6.2512,582,
Z12,340,0.2,102,pssa,4,FAILURE,0,,,,,,62.0752,11536,status=FAILURE
Z12,100,0.12,102,template,-1,SUCCESS,1,7.1,7.1,8.0,8,710,0.022,582,
Z12,100,0.12,102,clmm,0,SUCCESS,1,7.68,6.98,,8,768,2.2463,582,
Z12,100,0.12,102,clique,-1,SUCCESS,1,8.0,7.1,,8,800,0.0253,582,
Z12,100,0.12,102,minorminer,4,SUCCESS,1,5.22,5.01,,9,522,6.2108,582,
Z12,100,0.12,102,pssa,0,SUCCESS,1,7.11,7.1,,8,711,0.3516,582,
Z12,100,0.12,102,pssa,1,SUCCESS,1,7.11,7.1,,8,711,0.365,582,
Z12,100,0.12,102,pssa,2,SUCCESS,1,7.11,7.1,,8,711,0.3516,582,
Z12,100,0.12,102,pssa,3,SUCCESS,1,7.11,7.1,,8,711,0.3531,582,
Z12,100,0.12,102,pssa,4,SUCCESS,1,7.11,7.1,,8,711,0.3615,582,
Z12,100,0.12,102,mmfork-cuthill,3,SUCCESS,1,5.5,5.34,,10,550,4.2905,582,
Z12,100,0.12,102,mmfork-cuthill,0,SUCCESS,1,5.54,5.33,,10,554,7.0422,582,
Z12,340,0.2,102,pssa,3,FAILURE,0,,,,,,64.784,11536,status=FAILURE
Z12,100,0.12,102,clmm,2,SUCCESS,1,6.24,6.08,,8,624,2.9194,582,
Z12,100,0.12,102,mmfork-cuthill,4,SUCCESS,1,5.71,5.51,,10,571,4.2666,582,
Z12,100,0.12,101,attraction,0,SUCCESS,1,5.47,5.25,,10,547,9.598,599,
Z12,100,0.12,102,mmfork-cuthill,2,SUCCESS,1,5.54,5.28,,10,554,6.287,582,
Z12,100,0.12,102,clmm,4,SUCCESS,1,6.01,5.9,,8,601,3.5022,582,
Z12,100,0.12,101,attraction,4,SUCCESS,1,5.28,5.11,,9,528,9.8036,599,
Z12,100,0.12,102,mmfork-cuthill,1,SUCCESS,1,5.02,4.85,,9,502,7.2319,582,
Z12,100,0.12,101,attraction,3,SUCCESS,1,5.49,5.24,,10,549,10.21,599,
Z12,340,0.2,103,minorminer,2,FAILURE,0,,,,,,60.7834,11584,status=FAILURE
Z12,100,0.12,102,clmm,3,SUCCESS,1,5.97,5.85,,8,597,4.1931,582,
Z12,100,0.12,101,attraction,1,SUCCESS,1,5.12,5.0,,9,512,11.1428,599,
Z12,100,0.12,102,clmm,1,SUCCESS,1,5.68,5.62,,8,568,6.0194,582,
Z12,100,0.12,101,attraction,2,SUCCESS,1,5.19,5.02,,9,519,12.3794,599,
Z12,100,0.12,103,minorminer,3,SUCCESS,1,5.86,5.58,,10,586,3.3544,601,
Z12,100,0.12,103,clmm,0,SUCCESS,1,6.28,6.11,,8,628,2.5106,601,
Z12,100,0.12,103,mmfork-cuthill,4,SUCCESS,1,6.08,5.83,,11,608,2.7434,601,
Z12,100,0.12,103,template,-1,SUCCESS,1,7.07,7.07,8.0,8,707,0.0211,601,
Z12,100,0.12,103,clique,-1,SUCCESS,1,8.0,7.07,,8,800,0.0248,601,
Z12,340,0.2,103,minorminer,0,FAILURE,0,,,,,,65.0294,11584,status=FAILURE
Z12,100,0.12,103,minorminer,0,SUCCESS,1,5.7,5.56,,11,570,4.2263,601,
Z12,100,0.12,103,pssa,0,SUCCESS,1,7.14,7.07,,8,714,0.3617,601,
Z12,100,0.12,103,pssa,1,SUCCESS,1,7.14,7.07,,8,714,0.3613,601,
Z12,100,0.12,103,pssa,2,SUCCESS,1,7.14,7.07,,8,714,0.3612,601,
Z12,100,0.12,103,pssa,3,SUCCESS,1,7.14,7.07,,8,714,0.3658,601,
Z12,100,0.12,103,pssa,4,SUCCESS,1,7.14,7.07,,8,714,0.3606,601,
Z12,100,0.12,103,mmfork-cuthill,3,SUCCESS,1,5.45,5.22,,10,545,3.9298,601,
Z12,100,0.12,103,mmfork-cuthill,1,SUCCESS,1,5.81,5.6,,10,581,4.5809,601,
Z12,100,0.12,103,minorminer,2,SUCCESS,1,5.5,5.28,,10,550,5.2584,601,
Z12,100,0.12,103,minorminer,1,SUCCESS,1,5.36,5.14,,9,536,6.3144,601,
Z12,100,0.12,103,clmm,4,SUCCESS,1,6.0,5.82,,8,600,2.8463,601,
Z12,100,0.12,103,clmm,1,SUCCESS,1,5.93,5.79,,8,593,5.4099,601,
Z12,340,0.2,102,attraction,1,FAILURE,0,,,,,,69.6944,11536,status=FAILURE
Z12,100,0.12,103,clmm,2,SUCCESS,1,5.83,5.76,,8,583,5.6793,601,
Z12,340,0.2,103,minorminer,1,FAILURE,0,,,,,,67.6509,11584,status=FAILURE
Z12,100,0.12,102,attraction,3,SUCCESS,1,5.9,5.61,,11,590,8.6778,582,
Z12,100,0.12,103,clmm,3,SUCCESS,1,6.14,5.96,,8,614,4.8628,601,
Z12,340,0.2,102,attraction,3,FAILURE,0,,,,,,69.4708,11536,status=FAILURE
Z12,340,0.2,102,attraction,0,FAILURE,0,,,,,,72.0972,11536,status=FAILURE
Z12,340,0.2,103,minorminer,3,FAILURE,0,,,,,,66.7476,11584,status=FAILURE
Z12,340,0.2,102,attraction,2,FAILURE,0,,,,,,70.2336,11536,status=FAILURE
Z12,100,0.12,103,minorminer,4,SUCCESS,1,5.13,4.95,,9,513,8.1471,601,
Z12,340,0.2,102,attraction,4,FAILURE,0,,,,,,69.9379,11536,status=FAILURE
Z12,160,0.12,101,template,-1,SUCCESS,1,10.825,10.825,12.0,12,1732,0.0768,1547,
Z12,160,0.12,101,clique,-1,SUCCESS,1,12.0,10.825,,12,1920,0.0233,1547,
Z12,100,0.12,103,mmfork-cuthill,0,SUCCESS,1,5.19,5.07,,9,519,8.8213,601,
Z12,160,0.12,101,pssa,0,SUCCESS,1,10.825,10.825,,12,1732,0.4478,1547,
Z12,160,0.12,101,pssa,1,SUCCESS,1,10.825,10.825,,12,1732,0.4447,1547,
Z12,160,0.12,101,pssa,2,SUCCESS,1,10.825,10.825,,12,1732,0.4556,1547,
Z12,100,0.12,102,attraction,1,SUCCESS,1,5.37,5.12,,10,537,11.3318,582,
Z12,340,0.2,103,minorminer,4,FAILURE,0,,,,,,67.0013,11584,status=FAILURE
Z12,160,0.12,101,pssa,3,SUCCESS,1,10.825,10.825,,12,1732,0.4488,1547,
Z12,160,0.12,101,pssa,4,SUCCESS,1,10.825,10.825,,12,1732,0.4536,1547,
Z12,340,0.2,103,mmfork-cuthill,0,FAILURE,0,,,,,,66.4449,11584,status=FAILURE
Z12,100,0.12,102,attraction,2,SUCCESS,1,5.19,4.96,,9,519,11.9838,582,
Z12,100,0.12,102,attraction,0,SUCCESS,1,4.98,4.74,,8,498,12.7308,582,
Z12,100,0.12,103,mmfork-cuthill,2,SUCCESS,1,5.31,5.14,,9,531,10.9171,601,
Z12,100,0.12,102,attraction,4,SUCCESS,1,5.14,4.98,,8,514,12.815,582,
Z12,340,0.2,103,mmfork-cuthill,1,FAILURE,0,,,,,,67.4596,11584,status=FAILURE
Z12,100,0.12,103,attraction,1,SUCCESS,1,5.85,5.54,,11,585,8.8129,601,
Z12,100,0.12,103,attraction,0,SUCCESS,1,5.79,5.56,,10,579,9.1321,601,
Z12,340,0.2,103,mmfork-cuthill,2,FAILURE,0,,,,,,67.5336,11584,status=FAILURE
Z12,100,0.12,103,attraction,4,SUCCESS,1,5.26,5.11,,9,526,9.6329,601,
Z12,100,0.12,103,attraction,2,SUCCESS,1,5.34,5.14,,10,534,10.3853,601,
Z12,100,0.12,103,attraction,3,SUCCESS,1,5.3,5.13,,10,530,11.573,601,
Z12,160,0.12,101,clmm,3,SUCCESS,1,11.9625,10.9437,,12,1914,8.0209,1547,
Z12,160,0.12,101,clmm,4,SUCCESS,1,11.9938,10.825,,12,1919,8.1554,1547,
Z12,160,0.12,101,clmm,0,SUCCESS,1,11.9625,10.9375,,12,1914,8.9126,1547,
Z12,160,0.12,101,clmm,1,SUCCESS,1,11.9812,10.9187,,12,1917,8.6009,1547,
Z12,160,0.12,101,clmm,2,SUCCESS,1,11.8438,10.975,,12,1895,8.988,1547,
Z12,160,0.12,102,template,-1,SUCCESS,1,10.7562,10.7562,12.0,12,1721,0.0755,1494,
Z12,160,0.12,102,clique,-1,SUCCESS,1,12.0,10.7562,,12,1920,0.0237,1494,
Z12,160,0.12,102,pssa,0,SUCCESS,1,10.7562,10.7562,,12,1721,0.427,1494,
Z12,340,0.2,103,mmfork-cuthill,4,FAILURE,0,,,,,,65.5435,11584,status=FAILURE
Z12,160,0.12,102,pssa,1,SUCCESS,1,10.7562,10.7562,,12,1721,0.4384,1494,
Z12,160,0.12,102,pssa,3,SUCCESS,1,10.7562,10.7562,,12,1721,0.4343,1494,
Z12,160,0.12,102,pssa,2,SUCCESS,1,10.7562,10.7562,,12,1721,0.4607,1494,
Z12,160,0.12,102,pssa,4,SUCCESS,1,10.7562,10.7562,,12,1721,0.4321,1494,
Z12,340,0.2,103,mmfork-cuthill,3,FAILURE,0,,,,,,70.3289,11584,status=FAILURE
Z12,340,0.2,103,clmm,1,FAILURE,0,,,,,,66.4343,11584,clmm: MM stage returned empty
Z12,340,0.2,103,clmm,0,FAILURE,0,,,,,,67.0359,11584,clmm: MM stage returned empty
Z12,340,0.2,103,clmm,2,FAILURE,0,,,,,,66.9782,11584,clmm: MM stage returned empty
Z12,160,0.12,101,mmfork-cuthill,2,SUCCESS,1,13.2375,12.2937,,24,2118,16.0102,1547,
Z12,160,0.12,102,clmm,0,SUCCESS,1,11.9812,10.875,,12,1917,7.6534,1494,
Z12,160,0.12,101,minorminer,0,SUCCESS,1,12.7875,12.0188,,23,2046,19.1089,1547,
Z12,340,0.2,103,clmm,3,FAILURE,0,,,,,,65.8489,11584,clmm: MM stage returned empty
Z12,160,0.12,102,clmm,2,SUCCESS,1,12.0,10.7562,,12,1920,7.6451,1494,
Z12,160,0.12,102,clmm,1,SUCCESS,1,11.9938,10.8187,,12,1919,7.7967,1494,
Z12,160,0.12,102,clmm,3,SUCCESS,1,11.8938,10.8938,,12,1903,7.8251,1494,
Z12,160,0.12,102,clmm,4,SUCCESS,1,11.9875,10.8625,,12,1918,7.7987,1494,
Z12,340,0.2,103,pssa,2,FAILURE,0,,,,,,64.5342,11584,status=FAILURE
Z12,340,0.2,103,pssa,0,FAILURE,0,,,,,,65.7946,11584,status=FAILURE
Z12,160,0.12,101,mmfork-cuthill,1,SUCCESS,1,11.5062,10.9313,,21,1841,20.0501,1547,
Z12,340,0.2,103,pssa,1,FAILURE,0,,,,,,65.9812,11584,status=FAILURE
Z12,160,0.12,101,minorminer,3,SUCCESS,1,12.1687,11.5312,,22,1947,21.6585,1547,
Z12,340,0.2,103,clmm,4,FAILURE,0,,,,,,68.4065,11584,clmm: MM stage returned empty
Z12,160,0.12,102,minorminer,1,SUCCESS,1,12.6,11.7312,,23,2016,19.2879,1494,
Z12,160,0.12,103,template,-1,SUCCESS,1,10.7562,10.7562,12.0,12,1721,0.0925,1511,
Z12,160,0.12,103,clique,-1,SUCCESS,1,12.0,10.7562,,12,1920,0.0222,1511,
Z12,160,0.12,103,pssa,0,SUCCESS,1,10.7562,10.7562,,12,1721,0.4946,1511,
Z12,160,0.12,103,pssa,1,SUCCESS,1,10.7562,10.7562,,12,1721,0.5021,1511,
Z12,160,0.12,101,minorminer,4,SUCCESS,1,12.1375,11.4875,,21,1942,25.2441,1547,
Z12,160,0.12,102,minorminer,3,SUCCESS,1,11.9688,11.2688,,21,1915,20.0899,1494,
Z12,160,0.12,103,pssa,2,SUCCESS,1,10.7562,10.7562,,12,1721,0.5065,1511,
Z12,160,0.12,103,pssa,3,SUCCESS,1,10.7562,10.7562,,12,1721,0.5039,1511,
Z12,160,0.12,103,pssa,4,SUCCESS,1,10.7562,10.7562,,12,1721,0.5027,1511,
Z12,160,0.12,102,mmfork-cuthill,2,SUCCESS,1,11.2562,10.7937,,21,1801,20.4568,1494,
Z12,160,0.12,103,clmm,0,SUCCESS,1,11.8688,10.9437,,12,1899,8.0075,1511,
Z12,160,0.12,101,minorminer,1,SUCCESS,1,11.9125,11.0938,,22,1906,30.5631,1547,
Z12,160,0.12,102,mmfork-cuthill,0,SUCCESS,1,11.5875,10.9563,,20,1854,22.9202,1494,
Z12,160,0.12,101,mmfork-cuthill,3,SUCCESS,1,11.9125,11.3438,,21,1906,28.1853,1547,
Z12,340,0.2,103,pssa,4,FAILURE,0,,,,,,64.678,11584,status=FAILURE
Z12,160,0.12,103,clmm,3,SUCCESS,1,11.95,11.0312,,12,1912,8.2489,1511,
Z12,160,0.12,101,mmfork-cuthill,0,SUCCESS,1,11.8562,11.075,,21,1897,28.9193,1547,
Z12,160,0.12,103,clmm,2,SUCCESS,1,11.9625,10.8875,,12,1914,8.4568,1511,
Z12,160,0.12,103,clmm,1,SUCCESS,1,11.95,11.0375,,12,1912,9.2054,1511,
Z12,160,0.12,103,clmm,4,SUCCESS,1,11.9187,11.025,,12,1907,8.0574,1511,
Z12,160,0.12,102,minorminer,0,SUCCESS,1,11.5563,10.9062,,20,1849,27.0654,1494,
Z12,340,0.2,103,pssa,3,FAILURE,0,,,,,,67.4702,11584,status=FAILURE
Z12,160,0.12,102,mmfork-cuthill,4,SUCCESS,1,11.7375,11.0813,,21,1878,24.4763,1494,
Z12,160,0.12,101,minorminer,2,SUCCESS,1,11.6125,10.9688,,20,1858,35.4703,1547,
Z12,160,0.12,101,attraction,2,SUCCESS,1,14.0312,12.8812,,24,2245,31.4128,1547,
Z12,160,0.12,103,minorminer,2,SUCCESS,1,12.475,11.7375,,23,1996,17.9599,1511,
Z12,160,0.12,103,mmfork-cuthill,3,SUCCESS,1,11.9375,11.3438,,21,1910,17.7617,1511,
Z12,220,0.12,101,template,-1,INFEASIBLE,0,,,,,,0.0,2918,n=220 > max clique 184
Z12,220,0.12,101,clique,-1,FAILURE,0,,,,,,0.0206,2918,status=FAILURE
Z12,340,0.2,103,attraction,0,FAILURE,0,,,,,,71.3269,11584,status=FAILURE
Z12,340,0.2,103,attraction,2,FAILURE,0,,,,,,69.413,11584,status=FAILURE
Z12,340,0.2,103,attraction,1,FAILURE,0,,,,,,70.661,11584,status=FAILURE
Z12,160,0.12,103,mmfork-cuthill,2,SUCCESS,1,12.2063,11.4187,,22,1953,20.1545,1511,
Z12,340,0.2,103,attraction,4,FAILURE,0,,,,,,70.6952,11584,status=FAILURE
Z12,160,0.12,102,minorminer,4,SUCCESS,1,11.4625,10.725,,20,1834,32.6438,1494,
Z12,160,0.12,103,mmfork-cuthill,1,SUCCESS,1,11.4437,10.9375,,22,1831,21.8204,1511,
Z12,160,0.12,101,attraction,4,SUCCESS,1,13.3063,12.4187,,23,2129,35.7792,1547,
Z12,340,0.2,103,attraction,3,FAILURE,0,,,,,,72.2549,11584,status=FAILURE
Z12,160,0.12,101,attraction,1,SUCCESS,1,13.3063,12.3688,,24,2129,38.584,1547,
Z12,160,0.12,103,minorminer,1,SUCCESS,1,12.1813,11.55,,20,1949,25.0584,1511,
Z12,160,0.12,102,mmfork-cuthill,3,SUCCESS,1,11.2875,10.7375,,20,1806,36.0571,1494,
Z12,160,0.12,102,mmfork-cuthill,1,SUCCESS,1,11.4125,10.7625,,21,1826,37.7645,1494,
Z12,160,0.12,101,mmfork-cuthill,4,SUCCESS,1,11.1062,10.55,,20,1777,44.5989,1547,
Z12,160,0.12,101,attraction,0,SUCCESS,1,11.7688,11.1813,,20,1883,46.3275,1547,
Z12,160,0.12,102,minorminer,2,SUCCESS,1,11.4187,10.7625,,19,1827,48.2907,1494,
Z12,160,0.12,103,mmfork-cuthill,4,SUCCESS,1,11.1062,10.5062,,21,1777,34.4189,1511,
Z12,160,0.12,103,minorminer,3,SUCCESS,1,11.1438,10.4938,,19,1783,37.0636,1511,
Z12,160,0.12,102,attraction,0,SUCCESS,1,12.0062,11.3125,,20,1921,42.5926,1494,
Z12,160,0.12,101,attraction,3,SUCCESS,1,11.45,10.8063,,20,1832,52.4337,1547,
Z12,160,0.12,103,minorminer,4,SUCCESS,1,11.3187,10.675,,19,1811,39.3048,1511,
Z12,160,0.12,103,minorminer,0,SUCCESS,1,11.0125,10.3875,,19,1762,41.5815,1511,
Z12,160,0.12,103,attraction,0,SUCCESS,1,13.1125,12.2438,,23,2098,32.916,1511,
Z12,160,0.12,103,attraction,3,SUCCESS,1,13.15,12.1562,,23,2104,33.2298,1511,
Z12,160,0.12,103,attraction,2,SUCCESS,1,13.0563,12.1562,,23,2089,35.2339,1511,
Z12,220,0.12,102,template,-1,INFEASIBLE,0,,,,,,0.0,2857,n=220 > max clique 184
Z12,220,0.12,102,clique,-1,FAILURE,0,,,,,,0.0216,2857,status=FAILURE
Z12,160,0.12,103,mmfork-cuthill,0,SUCCESS,1,11.8187,11.1375,,21,1891,44.2848,1511,
Z12,160,0.12,102,attraction,3,SUCCESS,1,12.3625,11.4875,,21,1978,46.6703,1494,
Z12,160,0.12,103,attraction,4,SUCCESS,1,12.3688,11.4938,,23,1979,35.8778,1511,
Z12,160,0.12,102,attraction,2,SUCCESS,1,10.975,10.4187,,19,1756,55.9833,1494,
Z12,160,0.12,102,attraction,4,SUCCESS,1,10.975,10.525,,18,1756,53.5219,1494,
Z12,160,0.12,102,attraction,1,SUCCESS,1,11.1875,10.4625,,20,1790,60.0478,1494,
Z12,220,0.12,101,clmm,3,SUCCESS,1,17.7909,16.8727,,32,3914,47.0157,2918,
Z12,160,0.12,103,attraction,1,SUCCESS,1,10.875,10.3562,,19,1740,58.7774,1511,
Z12,220,0.12,101,minorminer,4,FAILURE,0,,,,,,61.2592,2918,status=FAILURE
Z12,220,0.12,101,mmfork-cuthill,1,FAILURE,0,,,,,,61.2882,2918,status=FAILURE
Z12,220,0.12,101,minorminer,1,FAILURE,0,,,,,,61.659,2918,status=FAILURE
Z12,220,0.12,101,minorminer,2,FAILURE,0,,,,,,62.1416,2918,status=FAILURE
Z12,220,0.12,101,mmfork-cuthill,0,FAILURE,0,,,,,,61.9701,2918,status=FAILURE
Z12,220,0.12,101,minorminer,0,FAILURE,0,,,,,,62.6793,2918,status=FAILURE
Z12,220,0.12,101,minorminer,3,FAILURE,0,,,,,,62.6527,2918,status=FAILURE
Z12,220,0.12,101,mmfork-cuthill,2,FAILURE,0,,,,,,62.1648,2918,status=FAILURE
Z12,220,0.12,101,clmm,0,FAILURE,0,,,,,,61.2263,2918,clmm: MM stage returned empty
Z12,220,0.12,101,mmfork-cuthill,4,FAILURE,0,,,,,,61.6027,2918,status=FAILURE
Z12,220,0.12,101,clmm,1,FAILURE,0,,,,,,61.3247,2918,clmm: MM stage returned empty
Z12,220,0.12,101,mmfork-cuthill,3,FAILURE,0,,,,,,62.8092,2918,status=FAILURE
Z12,220,0.12,101,clmm,2,FAILURE,0,,,,,,61.5143,2918,clmm: MM stage returned empty
Z12,220,0.12,101,clmm,4,FAILURE,0,,,,,,61.254,2918,clmm: MM stage returned empty
Z12,220,0.12,101,pssa,3,FAILURE,0,,,,,,61.0602,2918,status=FAILURE
Z12,220,0.12,101,pssa,2,FAILURE,0,,,,,,64.8752,2918,status=FAILURE
Z12,220,0.12,101,attraction,0,FAILURE,0,,,,,,63.2051,2918,status=FAILURE
Z12,220,0.12,103,template,-1,INFEASIBLE,0,,,,,,0.0,2911,n=220 > max clique 184
Z12,220,0.12,103,clique,-1,FAILURE,0,,,,,,0.024,2911,status=FAILURE
Z12,220,0.12,101,pssa,4,FAILURE,0,,,,,,63.7768,2918,status=FAILURE
Z12,220,0.12,101,attraction,1,FAILURE,0,,,,,,63.6051,2918,status=FAILURE
Z12,220,0.12,101,pssa,0,FAILURE,0,,,,,,66.4043,2918,status=FAILURE
Z12,220,0.12,101,attraction,4,FAILURE,0,,,,,,62.3991,2918,status=FAILURE
Z12,220,0.12,101,attraction,2,FAILURE,0,,,,,,63.3048,2918,status=FAILURE
Z12,220,0.12,102,minorminer,1,FAILURE,0,,,,,,61.1575,2857,status=FAILURE
Z12,220,0.12,101,attraction,3,FAILURE,0,,,,,,63.5869,2918,status=FAILURE
Z12,220,0.12,101,pssa,1,FAILURE,0,,,,,,67.683,2918,status=FAILURE
Z12,220,0.12,102,minorminer,0,FAILURE,0,,,,,,62.4705,2857,status=FAILURE
Z12,220,0.12,102,clmm,1,SUCCESS,1,17.7727,16.7227,,32,3910,47.436,2857,
Z12,220,0.12,102,minorminer,2,FAILURE,0,,,,,,61.5362,2857,status=FAILURE
Z12,220,0.12,102,minorminer,3,FAILURE,0,,,,,,61.498,2857,status=FAILURE
Z12,220,0.12,102,minorminer,4,FAILURE,0,,,,,,61.6503,2857,status=FAILURE
Z12,220,0.12,102,mmfork-cuthill,0,FAILURE,0,,,,,,62.1869,2857,status=FAILURE
Z12,220,0.12,102,mmfork-cuthill,2,FAILURE,0,,,,,,61.2647,2857,status=FAILURE
Z12,220,0.12,102,mmfork-cuthill,4,FAILURE,0,,,,,,60.9239,2857,status=FAILURE
Z12,220,0.12,102,mmfork-cuthill,1,FAILURE,0,,,,,,62.911,2857,status=FAILURE
Z12,220,0.12,102,mmfork-cuthill,3,FAILURE,0,,,,,,61.6612,2857,status=FAILURE
Z12,220,0.12,102,clmm,0,FAILURE,0,,,,,,61.6762,2857,clmm: MM stage returned empty
Z12,220,0.12,102,clmm,2,FAILURE,0,,,,,,61.8752,2857,clmm: MM stage returned empty
Z12,220,0.12,102,clmm,3,FAILURE,0,,,,,,62.1006,2857,clmm: MM stage returned empty
Z12,220,0.12,102,clmm,4,SUCCESS,1,17.7227,16.7364,,31,3899,60.1924,2857,
Z12,220,0.12,102,pssa,0,FAILURE,0,,,,,,65.3073,2857,status=FAILURE
Z12,220,0.12,102,pssa,1,FAILURE,0,,,,,,65.0677,2857,status=FAILURE
Z12,220,0.12,102,pssa,2,FAILURE,0,,,,,,66.1965,2857,status=FAILURE
Z12,300,0.12,101,template,-1,INFEASIBLE,0,,,,,,0.0,5374,n=300 > max clique 184
Z12,300,0.12,101,clique,-1,FAILURE,0,,,,,,0.0233,5374,status=FAILURE
Z12,220,0.12,102,pssa,3,FAILURE,0,,,,,,65.3424,2857,status=FAILURE
Z12,220,0.12,102,attraction,0,FAILURE,0,,,,,,62.6032,2857,status=FAILURE
Z12,220,0.12,102,pssa,4,FAILURE,0,,,,,,66.227,2857,status=FAILURE
Z12,220,0.12,102,attraction,1,FAILURE,0,,,,,,63.9555,2857,status=FAILURE
Z12,220,0.12,103,clmm,1,SUCCESS,1,18.0318,17.0591,,33,3967,45.6718,2911,
Z12,220,0.12,102,attraction,2,FAILURE,0,,,,,,62.8905,2857,status=FAILURE
Z12,220,0.12,102,attraction,3,FAILURE,0,,,,,,63.4328,2857,status=FAILURE
Z12,220,0.12,103,clmm,4,SUCCESS,1,17.6409,16.7091,,31,3881,48.7176,2911,
Z12,220,0.12,103,clmm,3,SUCCESS,1,18.0455,17.0682,,34,3970,53.7403,2911,
Z12,220,0.12,103,minorminer,0,FAILURE,0,,,,,,61.8984,2911,status=FAILURE
Z12,220,0.12,102,attraction,4,FAILURE,0,,,,,,62.505,2857,status=FAILURE
Z12,220,0.12,103,minorminer,3,FAILURE,0,,,,,,61.8372,2911,status=FAILURE
Z12,220,0.12,103,minorminer,4,FAILURE,0,,,,,,61.8881,2911,status=FAILURE
Z12,220,0.12,103,minorminer,1,FAILURE,0,,,,,,62.8633,2911,status=FAILURE
Z12,220,0.12,103,mmfork-cuthill,0,FAILURE,0,,,,,,61.9032,2911,status=FAILURE
Z12,220,0.12,103,mmfork-cuthill,1,FAILURE,0,,,,,,61.6383,2911,status=FAILURE
Z12,220,0.12,103,mmfork-cuthill,3,FAILURE,0,,,,,,61.4397,2911,status=FAILURE
Z12,220,0.12,103,minorminer,2,FAILURE,0,,,,,,62.7418,2911,status=FAILURE
Z12,220,0.12,103,mmfork-cuthill,2,FAILURE,0,,,,,,61.9577,2911,status=FAILURE
Z12,220,0.12,103,mmfork-cuthill,4,FAILURE,0,,,,,,61.2012,2911,status=FAILURE
Z12,220,0.12,103,clmm,0,FAILURE,0,,,,,,61.9782,2911,clmm: MM stage returned empty
Z12,220,0.12,103,clmm,2,FAILURE,0,,,,,,61.17,2911,clmm: MM stage returned empty
Z12,220,0.12,103,pssa,0,FAILURE,0,,,,,,62.4675,2911,status=FAILURE
Z12,220,0.12,103,attraction,0,FAILURE,0,,,,,,63.3569,2911,status=FAILURE
Z12,220,0.12,103,pssa,2,FAILURE,0,,,,,,63.9054,2911,status=FAILURE
Z12,300,0.12,102,template,-1,INFEASIBLE,0,,,,,,0.0,5422,n=300 > max clique 184
Z12,300,0.12,102,clique,-1,FAILURE,0,,,,,,0.0233,5422,status=FAILURE
Z12,220,0.12,103,attraction,2,FAILURE,0,,,,,,63.3611,2911,status=FAILURE
Z12,220,0.12,103,attraction,3,FAILURE,0,,,,,,62.7612,2911,status=FAILURE
Z12,220,0.12,103,attraction,1,FAILURE,0,,,,,,63.6814,2911,status=FAILURE
Z12,220,0.12,103,pssa,1,FAILURE,0,,,,,,65.0253,2911,status=FAILURE
Z12,220,0.12,103,pssa,3,FAILURE,0,,,,,,64.9013,2911,status=FAILURE
Z12,220,0.12,103,pssa,4,FAILURE,0,,,,,,65.0214,2911,status=FAILURE
Z12,300,0.12,101,minorminer,0,FAILURE,0,,,,,,62.9073,5374,status=FAILURE
Z12,300,0.12,101,minorminer,2,FAILURE,0,,,,,,62.3193,5374,status=FAILURE
Z12,220,0.12,103,attraction,4,FAILURE,0,,,,,,63.9375,2911,status=FAILURE
Z12,300,0.12,101,minorminer,1,FAILURE,0,,,,,,63.6423,5374,status=FAILURE
Z12,300,0.12,101,minorminer,3,FAILURE,0,,,,,,63.0197,5374,status=FAILURE
Z12,300,0.12,101,minorminer,4,FAILURE,0,,,,,,62.331,5374,status=FAILURE
Z12,300,0.12,101,mmfork-cuthill,0,FAILURE,0,,,,,,62.358,5374,status=FAILURE
Z12,300,0.12,101,mmfork-cuthill,1,FAILURE,0,,,,,,62.4363,5374,status=FAILURE
Z12,300,0.12,101,mmfork-cuthill,3,FAILURE,0,,,,,,62.2119,5374,status=FAILURE
Z12,300,0.12,101,mmfork-cuthill,2,FAILURE,0,,,,,,62.3877,5374,status=FAILURE
Z12,300,0.12,101,mmfork-cuthill,4,FAILURE,0,,,,,,62.7364,5374,status=FAILURE
Z12,300,0.12,101,clmm,0,FAILURE,0,,,,,,63.4411,5374,clmm: MM stage returned empty
Z12,300,0.12,101,clmm,1,FAILURE,0,,,,,,63.0223,5374,clmm: MM stage returned empty
Z12,300,0.12,101,clmm,2,FAILURE,0,,,,,,63.8901,5374,clmm: MM stage returned empty
Z12,300,0.12,101,clmm,3,FAILURE,0,,,,,,63.2463,5374,clmm: MM stage returned empty
Z12,300,0.12,101,clmm,4,FAILURE,0,,,,,,63.6371,5374,clmm: MM stage returned empty
Z12,300,0.12,101,pssa,0,FAILURE,0,,,,,,62.5409,5374,status=FAILURE
Z12,300,0.12,101,pssa,1,FAILURE,0,,,,,,63.9334,5374,status=FAILURE
Z12,300,0.12,101,pssa,2,FAILURE,0,,,,,,64.7935,5374,status=FAILURE
Z12,300,0.12,103,template,-1,INFEASIBLE,0,,,,,,0.0,5393,n=300 > max clique 184
Z12,300,0.12,103,clique,-1,FAILURE,0,,,,,,0.0263,5393,status=FAILURE
Z12,300,0.12,101,pssa,3,FAILURE,0,,,,,,62.4228,5374,status=FAILURE
Z12,300,0.12,101,pssa,4,FAILURE,0,,,,,,64.5863,5374,status=FAILURE
Z12,300,0.12,101,attraction,0,FAILURE,0,,,,,,65.118,5374,status=FAILURE
Z12,300,0.12,101,attraction,1,FAILURE,0,,,,,,65.5273,5374,status=FAILURE
Z12,300,0.12,101,attraction,2,FAILURE,0,,,,,,65.0704,5374,status=FAILURE
Z12,300,0.12,101,attraction,3,FAILURE,0,,,,,,65.1867,5374,status=FAILURE
Z12,300,0.12,102,minorminer,2,FAILURE,0,,,,,,62.3242,5422,status=FAILURE
Z12,300,0.12,102,minorminer,3,FAILURE,0,,,,,,62.4224,5422,status=FAILURE
Z12,300,0.12,102,minorminer,4,FAILURE,0,,,,,,62.7404,5422,status=FAILURE
Z12,300,0.12,102,mmfork-cuthill,3,FAILURE,0,,,,,,62.4615,5422,status=FAILURE
Z12,300,0.12,102,mmfork-cuthill,4,FAILURE,0,,,,,,62.5001,5422,status=FAILURE
Z12,300,0.12,102,minorminer,1,FAILURE,0,,,,,,63.6626,5422,status=FAILURE
Z12,300,0.12,102,mmfork-cuthill,0,FAILURE,0,,,,,,63.2108,5422,status=FAILURE
Z12,300,0.12,102,minorminer,0,FAILURE,0,,,,,,64.6233,5422,status=FAILURE
Z12,300,0.12,102,mmfork-cuthill,1,FAILURE,0,,,,,,63.4577,5422,status=FAILURE
Z12,300,0.12,102,mmfork-cuthill,2,FAILURE,0,,,,,,63.5877,5422,status=FAILURE
Z12,300,0.12,101,attraction,4,FAILURE,0,,,,,,65.567,5374,status=FAILURE
Z12,300,0.12,102,clmm,1,FAILURE,0,,,,,,63.0139,5422,clmm: MM stage returned empty
Z12,300,0.12,102,clmm,0,FAILURE,0,,,,,,64.248,5422,clmm: MM stage returned empty
Z12,300,0.12,102,clmm,2,FAILURE,0,,,,,,63.4773,5422,clmm: MM stage returned empty
Z12,300,0.12,102,clmm,3,FAILURE,0,,,,,,63.6176,5422,clmm: MM stage returned empty
Z12,300,0.12,102,pssa,4,FAILURE,0,,,,,,62.1675,5422,status=FAILURE
Z12,300,0.12,102,clmm,4,FAILURE,0,,,,,,63.1308,5422,clmm: MM stage returned empty
Z12,300,0.12,102,pssa,1,FAILURE,0,,,,,,63.0475,5422,status=FAILURE
Z12,300,0.12,102,pssa,3,FAILURE,0,,,,,,64.1837,5422,status=FAILURE
Z12,400,0.12,101,template,-1,INFEASIBLE,0,,,,,,0.0,9607,n=400 > max clique 184
Z12,400,0.12,101,clique,-1,FAILURE,0,,,,,,0.0222,9607,status=FAILURE
Z12,300,0.12,102,attraction,0,FAILURE,0,,,,,,65.1002,5422,status=FAILURE
Z12,300,0.12,102,attraction,2,FAILURE,0,,,,,,64.8475,5422,status=FAILURE
Z12,300,0.12,102,pssa,0,FAILURE,0,,,,,,66.4837,5422,status=FAILURE
Z12,300,0.12,102,attraction,1,FAILURE,0,,,,,,65.4076,5422,status=FAILURE
Z12,300,0.12,103,minorminer,0,FAILURE,0,,,,,,64.1832,5393,status=FAILURE
Z12,300,0.12,102,attraction,4,FAILURE,0,,,,,,64.8455,5422,status=FAILURE
Z12,300,0.12,102,pssa,2,FAILURE,0,,,,,,66.6109,5422,status=FAILURE
Z12,300,0.12,103,minorminer,1,FAILURE,0,,,,,,63.8346,5393,status=FAILURE
Z12,300,0.12,102,attraction,3,FAILURE,0,,,,,,67.8324,5422,status=FAILURE
Z12,300,0.12,103,minorminer,2,FAILURE,0,,,,,,62.7999,5393,status=FAILURE
Z12,300,0.12,103,minorminer,3,FAILURE,0,,,,,,62.357,5393,status=FAILURE
Z12,300,0.12,103,minorminer,4,FAILURE,0,,,,,,62.3996,5393,status=FAILURE
Z12,300,0.12,103,mmfork-cuthill,0,FAILURE,0,,,,,,63.4689,5393,status=FAILURE
Z12,300,0.12,103,mmfork-cuthill,1,FAILURE,0,,,,,,63.4931,5393,status=FAILURE
Z12,300,0.12,103,mmfork-cuthill,2,FAILURE,0,,,,,,62.371,5393,status=FAILURE
Z12,300,0.12,103,mmfork-cuthill,3,FAILURE,0,,,,,,62.6588,5393,status=FAILURE
Z12,300,0.12,103,mmfork-cuthill,4,FAILURE,0,,,,,,62.7365,5393,status=FAILURE
Z12,300,0.12,103,clmm,0,FAILURE,0,,,,,,63.1667,5393,clmm: MM stage returned empty
Z12,300,0.12,103,clmm,2,FAILURE,0,,,,,,60.8574,5393,clmm: MM stage returned empty
Z12,300,0.12,103,clmm,1,FAILURE,0,,,,,,63.5566,5393,clmm: MM stage returned empty
Z12,300,0.12,103,clmm,3,FAILURE,0,,,,,,63.9478,5393,clmm: MM stage returned empty
Z12,300,0.12,103,clmm,4,FAILURE,0,,,,,,63.0521,5393,clmm: MM stage returned empty
Z12,300,0.12,103,pssa,0,FAILURE,0,,,,,,65.1759,5393,status=FAILURE
Z12,300,0.12,103,pssa,1,FAILURE,0,,,,,,65.5222,5393,status=FAILURE
Z12,300,0.12,103,pssa,2,FAILURE,0,,,,,,64.2798,5393,status=FAILURE
Z12,400,0.12,102,template,-1,INFEASIBLE,0,,,,,,0.0,9562,n=400 > max clique 184
Z12,400,0.12,102,clique,-1,FAILURE,0,,,,,,0.0263,9562,status=FAILURE
Z12,300,0.12,103,pssa,3,FAILURE,0,,,,,,62.694,5393,status=FAILURE
Z12,300,0.12,103,pssa,4,FAILURE,0,,,,,,64.6749,5393,status=FAILURE
Z12,300,0.12,103,attraction,0,FAILURE,0,,,,,,64.8456,5393,status=FAILURE
Z12,300,0.12,103,attraction,1,FAILURE,0,,,,,,64.9097,5393,status=FAILURE
Z12,300,0.12,103,attraction,2,FAILURE,0,,,,,,65.16,5393,status=FAILURE
Z12,300,0.12,103,attraction,3,FAILURE,0,,,,,,65.6398,5393,status=FAILURE
Z12,300,0.12,103,attraction,4,FAILURE,0,,,,,,65.5805,5393,status=FAILURE
Z12,400,0.12,101,minorminer,3,FAILURE,0,,,,,,65.0134,9607,status=FAILURE
Z12,400,0.12,101,minorminer,0,FAILURE,0,,,,,,65.8897,9607,status=FAILURE
Z12,400,0.12,101,clmm,0,FAILURE,0,,,,,,61.563,9607,clmm: MM stage returned empty
Z12,400,0.12,101,mmfork-cuthill,3,FAILURE,0,,,,,,64.7825,9607,status=FAILURE
Z12,400,0.12,101,mmfork-cuthill,0,FAILURE,0,,,,,,66.5148,9607,status=FAILURE
Z12,400,0.12,101,minorminer,4,FAILURE,0,,,,,,67.1254,9607,status=FAILURE
Z12,400,0.12,101,mmfork-cuthill,4,FAILURE,0,,,,,,65.4132,9607,status=FAILURE
Z12,400,0.12,101,minorminer,1,FAILURE,0,,,,,,69.7034,9607,status=FAILURE
Z12,400,0.12,101,minorminer,2,FAILURE,0,,,,,,69.7824,9607,status=FAILURE
Z12,400,0.12,101,mmfork-cuthill,1,FAILURE,0,,,,,,69.991,9607,status=FAILURE
Z12,400,0.12,101,mmfork-cuthill,2,FAILURE,0,,,,,,70.1026,9607,status=FAILURE
Z12,400,0.12,101,clmm,4,FAILURE,0,,,,,,61.5803,9607,clmm: MM stage returned empty
Z12,400,0.12,101,clmm,3,FAILURE,0,,,,,,64.2084,9607,clmm: MM stage returned empty
Z12,400,0.12,101,clmm,1,FAILURE,0,,,,,,65.9479,9607,clmm: MM stage returned empty
Z12,400,0.12,101,pssa,4,FAILURE,0,,,,,,61.5236,9607,status=FAILURE
Z12,400,0.12,101,pssa,1,FAILURE,0,,,,,,62.2316,9607,status=FAILURE
Z12,400,0.12,101,pssa,0,FAILURE,0,,,,,,63.568,9607,status=FAILURE
Z12,400,0.12,101,pssa,2,FAILURE,0,,,,,,62.8953,9607,status=FAILURE
Z12,400,0.12,101,clmm,2,FAILURE,0,,,,,,66.1325,9607,clmm: MM stage returned empty
Z12,400,0.12,103,template,-1,INFEASIBLE,0,,,,,,0.0,9550,n=400 > max clique 184
Z12,400,0.12,103,clique,-1,FAILURE,0,,,,,,0.0249,9550,status=FAILURE
Z12,400,0.12,101,pssa,3,FAILURE,0,,,,,,67.7278,9607,status=FAILURE
Z12,400,0.12,101,attraction,1,FAILURE,0,,,,,,68.1209,9607,status=FAILURE
Z12,400,0.12,101,attraction,3,FAILURE,0,,,,,,68.6911,9607,status=FAILURE
Z12,400,0.12,101,attraction,0,FAILURE,0,,,,,,70.1934,9607,status=FAILURE
Z12,400,0.12,101,attraction,2,FAILURE,0,,,,,,70.2804,9607,status=FAILURE
Z12,400,0.12,101,attraction,4,FAILURE,0,,,,,,69.2463,9607,status=FAILURE
Z12,400,0.12,102,minorminer,2,FAILURE,0,,,,,,65.2357,9562,status=FAILURE
Z12,400,0.12,102,minorminer,3,FAILURE,0,,,,,,64.4579,9562,status=FAILURE
Z12,400,0.12,102,minorminer,0,FAILURE,0,,,,,,69.9407,9562,status=FAILURE
Z12,400,0.12,102,minorminer,1,FAILURE,0,,,,,,67.0636,9562,status=FAILURE
Z12,80,0.08,101,minorminer,0,SUCCESS,1,2.5625,2.55,,5,205,0.7582,245,
Z12,400,0.12,102,mmfork-cuthill,0,FAILURE,0,,,,,,64.8704,9562,status=FAILURE
Z12,80,0.08,101,minorminer,1,SUCCESS,1,2.5875,2.55,,5,207,0.4869,245,
Z12,80,0.08,101,minorminer,2,SUCCESS,1,2.3625,2.325,,4,189,0.6561,245,
Z12,400,0.12,102,minorminer,4,FAILURE,0,,,,,,66.3478,9562,status=FAILURE
Z12,80,0.08,101,minorminer,3,SUCCESS,1,2.5125,2.4875,,5,201,0.847,245,
Z12,80,0.08,101,minorminer,4,SUCCESS,1,2.7125,2.625,,5,217,0.5655,245,
Z12,80,0.08,101,mmfork-cuthill,2,SUCCESS,1,2.7,2.65,,6,216,0.4521,245,
Z12,80,0.08,101,mmfork-cuthill,1,SUCCESS,1,2.625,2.575,,5,210,0.6536,245,
Z12,80,0.08,101,mmfork-cuthill,0,SUCCESS,1,2.325,2.3,,5,186,0.8185,245,
Z12,80,0.08,101,mmfork-cuthill,3,SUCCESS,1,2.725,2.725,,5,218,0.6964,245,
Z12,80,0.08,101,clmm,0,SUCCESS,1,2.5125,2.4375,,5,201,0.6235,245,
Z12,80,0.08,101,clmm,1,SUCCESS,1,2.65,2.6,,5,212,0.6724,245,
Z12,80,0.08,101,clmm,2,SUCCESS,1,2.5875,2.55,,5,207,0.7668,245,
Z12,80,0.08,101,mmfork-cuthill,4,SUCCESS,1,2.4875,2.4625,,5,199,1.1074,245,
Z12,80,0.08,101,template,-1,SUCCESS,1,5.3,5.3,7.0,7,424,0.0093,245,
Z12,80,0.08,101,clique,-1,SUCCESS,1,7.0,5.3,,7,560,0.0222,245,
Z12,80,0.08,101,clmm,3,SUCCESS,1,2.6875,2.65,,5,215,0.6034,245,
Z12,80,0.08,101,pssa,0,SUCCESS,1,5.3625,5.3,,8,429,0.2974,245,
Z12,80,0.08,101,pssa,1,SUCCESS,1,5.3625,5.3,,8,429,0.3119,245,
Z12,80,0.08,101,pssa,2,SUCCESS,1,5.3625,5.3,,8,429,0.3018,245,
Z12,80,0.08,101,clmm,4,SUCCESS,1,2.4,2.3625,,5,192,0.88,245,
Z12,80,0.08,101,pssa,3,SUCCESS,1,5.3625,5.3,,8,429,0.3197,245,
Z12,80,0.08,101,pssa,4,SUCCESS,1,5.3625,5.3,,8,429,0.3141,245,
Z12,400,0.12,102,mmfork-cuthill,1,FAILURE,0,,,,,,65.2629,9562,status=FAILURE
Z12,400,0.12,102,mmfork-cuthill,3,FAILURE,0,,,,,,64.8138,9562,status=FAILURE
Z12,80,0.08,101,attraction,0,SUCCESS,1,2.3875,2.3375,,5,191,2.7906,245,
Z12,80,0.08,101,attraction,1,SUCCESS,1,2.3375,2.3,,5,187,2.7487,245,
Z12,80,0.08,101,attraction,2,SUCCESS,1,2.3625,2.3375,,5,189,2.9161,245,
Z12,80,0.08,101,attraction,3,SUCCESS,1,2.3,2.275,,5,184,2.9092,245,
Z12,80,0.08,102,minorminer,2,SUCCESS,1,2.4,2.3875,,5,192,0.4015,242,
Z12,80,0.08,102,mmfork-cuthill,0,FAILURE,0,,,,,,0.0128,242,status=FAILURE
Z12,80,0.08,102,mmfork-cuthill,1,FAILURE,0,,,,,,0.0089,242,status=FAILURE
Z12,80,0.08,102,mmfork-cuthill,2,FAILURE,0,,,,,,0.0083,242,status=FAILURE
Z12,80,0.08,102,mmfork-cuthill,3,FAILURE,0,,,,,,0.0078,242,status=FAILURE
Z12,80,0.08,102,mmfork-cuthill,4,FAILURE,0,,,,,,0.0078,242,status=FAILURE
Z12,80,0.08,102,minorminer,0,SUCCESS,1,2.2125,2.2125,,4,177,1.0267,242,
Z12,80,0.08,102,minorminer,1,SUCCESS,1,2.325,2.3,,4,186,0.6861,242,
Z12,80,0.08,102,clmm,0,SUCCESS,1,2.475,2.35,,7,198,0.2972,242,
Z12,80,0.08,102,minorminer,3,SUCCESS,1,2.3,2.3,,4,184,0.58,242,
Z12,80,0.08,101,attraction,4,SUCCESS,1,2.3625,2.3125,,5,189,2.6295,245,
Z12,80,0.08,102,template,-1,SUCCESS,1,4.9375,4.9375,7.0,7,395,0.0108,242,
Z12,80,0.08,102,clmm,1,SUCCESS,1,2.675,2.5375,,7,214,0.34,242,
Z12,80,0.08,102,minorminer,4,SUCCESS,1,2.325,2.3125,,5,186,0.6817,242,
Z12,80,0.08,102,clique,-1,SUCCESS,1,7.0,4.9375,,7,560,0.0207,242,
Z12,80,0.08,102,clmm,2,SUCCESS,1,2.8,2.65,,7,224,0.3825,242,
Z12,80,0.08,102,clmm,3,SUCCESS,1,2.675,2.5625,,7,214,0.4634,242,
Z12,80,0.08,102,clmm,4,SUCCESS,1,2.5375,2.4,,7,203,0.4197,242,
Z12,80,0.08,102,pssa,0,SUCCESS,1,5.0875,4.9375,,11,407,0.3085,242,
Z12,80,0.08,102,pssa,1,SUCCESS,1,5.0875,4.9375,,11,407,0.3167,242,
Z12,80,0.08,102,pssa,2,SUCCESS,1,5.0875,4.9375,,11,407,0.3275,242,
Z12,80,0.08,102,pssa,3,SUCCESS,1,5.0875,4.9375,,11,407,0.3171,242,
Z12,80,0.08,102,pssa,4,SUCCESS,1,5.0875,4.9375,,11,407,0.309,242,
Z12,80,0.08,103,minorminer,0,SUCCESS,1,2.2,2.1875,,4,176,0.7926,232,
Z12,400,0.12,102,mmfork-cuthill,4,FAILURE,0,,,,,,64.738,9562,status=FAILURE
Z12,80,0.08,103,minorminer,1,SUCCESS,1,2.3875,2.35,,5,191,0.767,232,
Z12,80,0.08,103,minorminer,2,SUCCESS,1,2.3375,2.325,,5,187,0.4345,232,
Z12,400,0.12,102,mmfork-cuthill,2,FAILURE,0,,,,,,70.0942,9562,status=FAILURE
Z12,80,0.08,103,minorminer,4,SUCCESS,1,2.6625,2.6,,5,213,0.2481,232,
Z12,80,0.08,102,attraction,3,SUCCESS,1,2.5125,2.45,,5,201,2.3668,242,
Z12,80,0.08,103,mmfork-cuthill,0,SUCCESS,1,2.0375,2.0125,,4,163,0.6717,232,
Z12,80,0.08,103,minorminer,3,SUCCESS,1,2.225,2.1875,,4,178,1.0022,232,
Z12,80,0.08,102,attraction,4,SUCCESS,1,2.275,2.2625,,4,182,2.7326,242,
Z12,80,0.08,102,attraction,1,SUCCESS,1,2.4875,2.45,,5,199,2.8583,242,
Z12,80,0.08,102,attraction,2,SUCCESS,1,2.4,2.3875,,5,192,2.9882,242,
Z12,80,0.08,103,mmfork-cuthill,1,SUCCESS,1,2.35,2.3125,,5,188,0.8664,232,
Z12,80,0.08,102,attraction,0,SUCCESS,1,2.275,2.275,,4,182,3.0819,242,
Z12,80,0.08,103,mmfork-cuthill,2,SUCCESS,1,2.1875,2.175,,4,175,0.8083,232,
Z12,80,0.08,103,template,-1,SUCCESS,1,4.6375,4.6375,7.0,7,371,0.0122,232,
Z12,80,0.08,103,clique,-1,SUCCESS,1,7.0,4.6375,,7,560,0.0211,232,
Z12,80,0.08,103,mmfork-cuthill,4,SUCCESS,1,2.4375,2.4125,,5,195,0.5254,232,
Z12,80,0.08,103,clmm,2,SUCCESS,1,2.225,2.2125,,5,178,0.4013,232,
Z12,80,0.08,103,clmm,0,SUCCESS,1,2.3,2.3,,4,184,0.6884,232,
Z12,80,0.08,103,clmm,4,SUCCESS,1,2.2875,2.2625,,4,183,0.4274,232,
Z12,80,0.08,103,clmm,1,SUCCESS,1,2.4375,2.4,,5,195,0.6496,232,
Z12,80,0.08,103,mmfork-cuthill,3,SUCCESS,1,2.1125,2.0875,,4,169,0.86,232,
Z12,80,0.08,103,pssa,0,SUCCESS,1,4.725,4.6375,,8,378,0.3153,232,
Z12,80,0.08,103,clmm,3,SUCCESS,1,2.3375,2.325,,4,187,0.5834,232,
Z12,80,0.08,103,pssa,1,SUCCESS,1,4.725,4.6375,,8,378,0.3271,232,
Z12,80,0.08,103,pssa,2,SUCCESS,1,4.725,4.6375,,8,378,0.3204,232,
Z12,80,0.08,103,pssa,4,SUCCESS,1,4.725,4.6375,,8,378,0.3088,232,
Z12,80,0.08,103,pssa,3,SUCCESS,1,4.725,4.6375,,8,378,0.3137,232,
Z12,400,0.12,102,clmm,0,FAILURE,0,,,,,,65.4142,9562,clmm: MM stage returned empty
Z12,400,0.12,102,clmm,1,FAILURE,0,,,,,,65.2211,9562,clmm: MM stage returned empty
Z12,80,0.08,103,attraction,0,SUCCESS,1,2.275,2.2375,,5,182,2.4141,232,
Z12,80,0.08,103,attraction,1,SUCCESS,1,2.175,2.175,,4,174,2.7451,232,
Z12,80,0.08,103,attraction,4,SUCCESS,1,2.0125,2.0,,4,161,2.694,232,
Z12,80,0.08,103,attraction,2,SUCCESS,1,2.075,2.05,,4,166,2.9516,232,
Z12,80,0.08,103,attraction,3,SUCCESS,1,2.0625,2.05,,4,165,3.0692,232,
Z12,120,0.08,101,minorminer,0,SUCCESS,1,5.2167,5.0417,,11,626,3.6047,565,
Z12,120,0.08,101,minorminer,1,SUCCESS,1,4.9667,4.8167,,9,596,3.5439,565,
Z12,120,0.08,101,minorminer,2,SUCCESS,1,5.275,5.0583,,10,633,3.8943,565,
Z12,120,0.08,101,minorminer,3,SUCCESS,1,5.2083,5.025,,10,625,3.8905,565,
Z12,120,0.08,101,minorminer,4,SUCCESS,1,5.275,5.0167,,11,633,4.0862,565,
Z12,120,0.08,101,mmfork-cuthill,3,SUCCESS,1,5.2083,5.0583,,11,625,3.6758,565,
Z12,120,0.08,101,template,-1,SUCCESS,1,7.6,7.6,9.0,9,912,0.0372,565,
Z12,120,0.08,101,clique,-1,SUCCESS,1,9.0,7.6,,9,1080,0.0208,565,
Z12,120,0.08,101,clmm,1,SUCCESS,1,5.7917,5.675,,9,695,3.3391,565,
Z12,120,0.08,101,pssa,0,SUCCESS,1,7.6167,7.6,,9,914,0.4275,565,
Z12,120,0.08,101,clmm,3,SUCCESS,1,5.6167,5.5083,,9,674,2.6859,565,
Z12,120,0.08,101,mmfork-cuthill,0,SUCCESS,1,5.2167,5.025,,10,626,5.1203,565,
Z12,400,0.12,102,clmm,2,FAILURE,0,,,,,,68.7741,9562,clmm: MM stage returned empty
Z12,120,0.08,101,pssa,1,SUCCESS,1,7.6167,7.6,,9,914,0.4126,565,
Z12,120,0.08,101,pssa,2,SUCCESS,1,7.6167,7.6,,9,914,0.4246,565,
Z12,120,0.08,101,mmfork-cuthill,2,SUCCESS,1,5.0,4.8417,,10,600,4.9324,565,
Z12,120,0.08,101,pssa,4,SUCCESS,1,7.6167,7.6,,9,914,0.4222,565,
Z12,120,0.08,101,pssa,3,SUCCESS,1,7.6167,7.6,,9,914,0.4397,565,
Z12,120,0.08,101,clmm,0,SUCCESS,1,5.5583,5.4667,,9,667,4.5345,565,
Z12,120,0.08,101,mmfork-cuthill,4,SUCCESS,1,4.9417,4.7833,,9,593,5.5063,565,
Z12,120,0.08,101,clmm,4,SUCCESS,1,5.8667,5.7667,,9,704,2.8595,565,
Z12,400,0.12,102,clmm,3,FAILURE,0,,,,,,66.3082,9562,clmm: MM stage returned empty
Z12,120,0.08,101,clmm,2,SUCCESS,1,5.425,5.2833,,9,651,6.198,565,
Z12,400,0.12,102,pssa,0,FAILURE,0,,,,,,63.6225,9562,status=FAILURE
Z12,120,0.08,102,minorminer,1,SUCCESS,1,5.4417,5.225,,11,653,2.7374,562,
Z12,120,0.08,101,mmfork-cuthill,1,SUCCESS,1,4.8083,4.6583,,10,577,8.4206,565,
Z12,400,0.12,102,clmm,4,FAILURE,0,,,,,,66.9594,9562,clmm: MM stage returned empty
Z12,120,0.08,102,minorminer,4,SUCCESS,1,5.6167,5.375,,11,674,2.5296,562,
Z12,120,0.08,102,minorminer,0,SUCCESS,1,4.9833,4.8417,,9,598,5.5256,562,
Z12,120,0.08,102,minorminer,2,SUCCESS,1,5.1083,4.95,,10,613,4.8347,562,
Z12,120,0.08,102,mmfork-cuthill,0,SUCCESS,1,5.0333,4.9333,,10,604,3.8057,562,
Z12,400,0.12,102,pssa,1,FAILURE,0,,,,,,62.6818,9562,status=FAILURE
Z12,120,0.08,102,mmfork-cuthill,4,SUCCESS,1,5.4583,5.2833,,11,655,3.0251,562,
Z12,120,0.08,102,template,-1,SUCCESS,1,7.45,7.45,9.0,9,894,0.0323,562,
Z12,120,0.08,102,clique,-1,SUCCESS,1,9.0,7.45,,9,1080,0.0232,562,
Z12,120,0.08,101,attraction,1,SUCCESS,1,5.2667,5.05,,9,632,8.1964,565,
Z12,120,0.08,102,pssa,0,SUCCESS,1,7.5,7.45,,9,900,0.3891,562,
Z12,120,0.08,102,mmfork-cuthill,3,SUCCESS,1,4.9667,4.85,,10,596,5.0052,562,
Z12,120,0.08,102,pssa,1,SUCCESS,1,7.5,7.45,,9,900,0.4163,562,
Z12,120,0.08,102,pssa,2,SUCCESS,1,7.5,7.45,,9,900,0.3949,562,
Z12,120,0.08,102,pssa,3,SUCCESS,1,7.5,7.45,,9,900,0.3986,562,
Z12,120,0.08,102,pssa,4,SUCCESS,1,7.5,7.45,,9,900,0.3972,562,
Z12,120,0.08,102,mmfork-cuthill,2,SUCCESS,1,5.0833,4.9333,,9,610,6.0981,562,
Z12,120,0.08,102,mmfork-cuthill,1,SUCCESS,1,4.7,4.6,,9,564,6.5136,562,
Z12,120,0.08,102,minorminer,3,SUCCESS,1,4.875,4.7417,,9,585,8.5084,562,
Z12,120,0.08,102,clmm,2,SUCCESS,1,5.2167,5.1,,9,626,4.6671,562,
Z12,120,0.08,101,attraction,2,SUCCESS,1,4.6833,4.5167,,9,562,11.0705,565,
Z12,120,0.08,101,attraction,3,SUCCESS,1,4.8917,4.7583,,9,587,11.5421,565,
Z12,120,0.08,102,clmm,3,SUCCESS,1,5.475,5.3333,,9,657,5.1454,562,
Z12,120,0.08,102,clmm,0,SUCCESS,1,5.3417,5.225,,9,641,6.7517,562,
Z12,120,0.08,102,clmm,1,SUCCESS,1,5.4417,5.3167,,9,653,6.2409,562,
Z12,120,0.08,101,attraction,4,SUCCESS,1,4.7667,4.65,,9,572,12.2525,565,
Z12,120,0.08,101,attraction,0,SUCCESS,1,5.0167,4.8917,,10,602,12.9484,565,
Z12,120,0.08,103,minorminer,1,SUCCESS,1,4.9583,4.8,,10,595,3.4183,549,
Z12,120,0.08,103,minorminer,0,SUCCESS,1,4.9083,4.7083,,9,589,4.0138,549,
Z12,120,0.08,102,clmm,4,SUCCESS,1,5.5,5.3,,9,660,7.6089,562,
Z12,120,0.08,103,minorminer,2,SUCCESS,1,5.15,4.975,,10,618,3.5952,549,
Z12,400,0.12,102,pssa,2,FAILURE,0,,,,,,65.3677,9562,status=FAILURE
Z12,120,0.08,103,mmfork-cuthill,0,SUCCESS,1,5.0,4.875,,10,600,4.0981,549,
Z12,120,0.08,103,mmfork-cuthill,2,SUCCESS,1,4.8583,4.7,,10,583,4.1242,549,
Z12,120,0.08,103,minorminer,3,SUCCESS,1,4.8417,4.7,,10,581,5.0669,549,
Z12,120,0.08,103,template,-1,SUCCESS,1,7.65,7.65,9.0,9,918,0.0337,549,
Z12,120,0.08,103,clique,-1,SUCCESS,1,9.0,7.65,,9,1080,0.0237,549,
Z12,120,0.08,103,minorminer,4,SUCCESS,1,4.9583,4.7833,,10,595,5.1981,549,
Z12,120,0.08,103,pssa,0,SUCCESS,1,7.7417,7.65,,11,929,0.3988,549,
Z12,120,0.08,103,clmm,0,SUCCESS,1,5.6917,5.5667,,9,683,3.0733,549,
Z12,120,0.08,103,pssa,1,SUCCESS,1,7.7417,7.65,,11,929,0.3978,549,
Z12,120,0.08,102,attraction,1,SUCCESS,1,5.4917,5.2167,,11,659,8.287,562,
Z12,120,0.08,103,pssa,2,SUCCESS,1,7.7417,7.65,,11,929,0.3994,549,
Z12,120,0.08,103,pssa,3,SUCCESS,1,7.7417,7.65,,11,929,0.3984,549,
Z12,120,0.08,103,pssa,4,SUCCESS,1,7.7417,7.65,,11,929,0.4105,549,
Z12,120,0.08,102,attraction,0,SUCCESS,1,5.55,5.325,,10,666,9.0068,562,
Z12,400,0.12,102,pssa,4,FAILURE,0,,,,,,63.3538,9562,status=FAILURE
Z12,120,0.08,103,clmm,1,SUCCESS,1,5.3833,5.2417,,9,646,3.3276,549,
Z12,120,0.08,103,mmfork-cuthill,4,SUCCESS,1,4.95,4.75,,10,594,4.1703,549,
Z12,120,0.08,103,clmm,3,SUCCESS,1,5.4667,5.3667,,9,656,3.4076,549,
Z12,120,0.08,103,clmm,4,SUCCESS,1,5.775,5.6667,,9,693,2.453,549,
Z12,120,0.08,103,clmm,2,SUCCESS,1,5.5833,5.45,,9,670,3.7259,549,
Z12,120,0.08,103,mmfork-cuthill,3,SUCCESS,1,4.9333,4.8083,,10,592,6.3999,549,
Z12,400,0.12,102,pssa,3,FAILURE,0,,,,,,67.3783,9562,status=FAILURE
Z12,120,0.08,102,attraction,2,SUCCESS,1,5.1417,5.0,,10,617,10.7363,562,
Z12,120,0.08,103,mmfork-cuthill,1,SUCCESS,1,4.6167,4.4917,,9,554,7.8903,549,
Z12,120,0.08,102,attraction,4,SUCCESS,1,4.6583,4.5417,,8,559,11.5706,562,
Z12,120,0.08,102,attraction,3,SUCCESS,1,4.9417,4.7417,,10,593,12.0541,562,
Z12,400,0.12,103,minorminer,1,FAILURE,0,,,,,,65.2633,9550,status=FAILURE
Z12,400,0.12,103,minorminer,0,FAILURE,0,,,,,,66.3495,9550,status=FAILURE
Z12,400,0.12,103,minorminer,4,FAILURE,0,,,,,,65.0694,9550,status=FAILURE
Z12,400,0.12,103,minorminer,2,FAILURE,0,,,,,,65.8916,9550,status=FAILURE
Z12,180,0.08,101,template,-1,SUCCESS,1,11.7556,11.7556,13.0,13,2116,0.0871,1302,
Z12,180,0.08,101,clique,-1,SUCCESS,1,13.0,11.7556,,13,2340,0.0244,1302,
Z12,400,0.12,102,attraction,2,FAILURE,0,,,,,,68.1072,9562,status=FAILURE
Z12,180,0.08,101,pssa,0,SUCCESS,1,11.7556,11.7556,,13,2116,0.4183,1302,
Z12,180,0.08,101,pssa,1,SUCCESS,1,11.7556,11.7556,,13,2116,0.4275,1302,
Z12,400,0.12,102,attraction,4,FAILURE,0,,,,,,67.9557,9562,status=FAILURE
Z12,180,0.08,101,pssa,2,SUCCESS,1,11.7556,11.7556,,13,2116,0.4289,1302,
Z12,180,0.08,101,pssa,3,SUCCESS,1,11.7556,11.7556,,13,2116,0.4269,1302,
Z12,180,0.08,101,pssa,4,SUCCESS,1,11.7556,11.7556,,13,2116,0.4284,1302,
Z12,120,0.08,103,attraction,1,SUCCESS,1,5.3917,5.1667,,11,647,7.6065,549,
Z12,120,0.08,103,attraction,2,SUCCESS,1,4.925,4.7667,,10,591,7.5073,549,
Z12,400,0.12,102,attraction,3,FAILURE,0,,,,,,69.3428,9562,status=FAILURE
Z12,400,0.12,103,minorminer,3,FAILURE,0,,,,,,67.3677,9550,status=FAILURE
Z12,180,0.08,101,clmm,0,SUCCESS,1,12.9889,11.7556,,13,2338,5.9035,1302,
Z12,400,0.12,103,mmfork-cuthill,2,FAILURE,0,,,,,,64.6311,9550,status=FAILURE
Z12,120,0.08,103,attraction,4,SUCCESS,1,5.1167,4.925,,11,614,8.6823,549,
Z12,400,0.12,103,mmfork-cuthill,3,FAILURE,0,,,,,,64.8194,9550,status=FAILURE
Z12,400,0.12,103,mmfork-cuthill,0,FAILURE,0,,,,,,66.3842,9550,status=FAILURE
Z12,120,0.08,103,attraction,0,SUCCESS,1,4.9583,4.8417,,9,595,9.6461,549,
Z12,400,0.12,103,mmfork-cuthill,1,FAILURE,0,,,,,,66.813,9550,status=FAILURE
Z12,400,0.12,102,attraction,1,FAILURE,0,,,,,,72.0725,9562,status=FAILURE
Z12,120,0.08,103,attraction,3,SUCCESS,1,4.7417,4.575,,9,569,10.4284,549,
Z12,400,0.12,102,attraction,0,FAILURE,0,,,,,,73.6938,9562,status=FAILURE
Z12,180,0.08,101,clmm,1,SUCCESS,1,10.6444,10.4833,,13,1916,8.0877,1302,
Z12,180,0.08,101,clmm,4,SUCCESS,1,10.6944,10.4944,,13,1925,6.9464,1302,
Z12,180,0.08,101,clmm,3,SUCCESS,1,10.5778,10.4056,,13,1904,7.7345,1302,
Z12,180,0.08,102,template,-1,SUCCESS,1,11.45,11.45,13.0,13,2061,0.1236,1254,
Z12,180,0.08,102,clique,-1,SUCCESS,1,13.0,11.45,,13,2340,0.0231,1254,
Z12,400,0.12,103,mmfork-cuthill,4,FAILURE,0,,,,,,66.2738,9550,status=FAILURE
Z12,180,0.08,102,pssa,0,SUCCESS,1,11.45,11.45,,13,2061,0.5777,1254,
Z12,180,0.08,102,pssa,1,SUCCESS,1,11.45,11.45,,13,2061,0.5794,1254,
Z12,180,0.08,102,pssa,2,SUCCESS,1,11.45,11.45,,13,2061,0.586,1254,
Z12,400,0.12,103,pssa,0,FAILURE,0,,,,,,63.1534,9550,status=FAILURE
Z12,180,0.08,102,pssa,3,SUCCESS,1,11.45,11.45,,13,2061,0.5745,1254,
Z12,180,0.08,102,pssa,4,SUCCESS,1,11.45,11.45,,13,2061,0.5777,1254,
Z12,400,0.12,103,clmm,1,FAILURE,0,,,,,,65.7867,9550,clmm: MM stage returned empty
Z12,400,0.12,103,clmm,0,FAILURE,0,,,,,,66.4286,9550,clmm: MM stage returned empty
Z12,180,0.08,102,clmm,0,SUCCESS,1,12.9056,11.4667,,13,2323,6.115,1254,
Z12,400,0.12,103,clmm,3,FAILURE,0,,,,,,66.2102,9550,clmm: MM stage returned empty
Z12,180,0.08,101,mmfork-cuthill,0,SUCCESS,1,11.7444,11.0167,,24,2114,16.2662,1302,
Z12,400,0.12,103,clmm,4,FAILURE,0,,,,,,66.139,9550,clmm: MM stage returned empty
Z12,400,0.12,103,clmm,2,FAILURE,0,,,,,,67.2639,9550,clmm: MM stage returned empty
Z12,400,0.12,103,pssa,1,FAILURE,0,,,,,,66.9835,9550,status=FAILURE
Z12,180,0.08,102,clmm,1,SUCCESS,1,10.3722,10.2111,,13,1867,8.4064,1254,
Z12,180,0.08,101,minorminer,3,SUCCESS,1,11.0222,10.4056,,20,1984,18.8366,1302,
Z12,180,0.08,102,clmm,4,SUCCESS,1,10.5722,10.3944,,13,1903,7.1171,1254,
Z12,180,0.08,101,mmfork-cuthill,4,SUCCESS,1,10.4444,9.9056,,20,1880,18.2908,1302,
Z12,180,0.08,102,clmm,3,SUCCESS,1,10.25,10.1,,13,1845,8.5515,1254,
Z12,180,0.08,101,clmm,2,SUCCESS,1,10.3167,10.1833,,13,1857,16.7395,1302,
Z12,180,0.08,101,mmfork-cuthill,1,SUCCESS,1,11.1111,10.5,,22,2000,20.6152,1302,
Z12,180,0.08,102,mmfork-cuthill,1,SUCCESS,1,10.5722,10.0722,,22,1903,12.718,1254,
Z12,180,0.08,101,mmfork-cuthill,2,SUCCESS,1,10.8278,10.2778,,20,1949,20.4392,1302,
Z12,180,0.08,102,minorminer,1,SUCCESS,1,10.3778,9.7833,,19,1868,14.9538,1254,
Z12,180,0.08,101,mmfork-cuthill,3,SUCCESS,1,11.0778,10.5222,,20,1994,20.8158,1302,
Z12,180,0.08,103,template,-1,SUCCESS,1,11.6222,11.6222,13.0,13,2092,0.1268,1284,
Z12,180,0.08,103,clique,-1,SUCCESS,1,13.0,11.6222,,13,2340,0.0239,1284,
Z12,180,0.08,101,minorminer,2,SUCCESS,1,11.0,10.5278,,21,1980,23.0026,1302,
Z12,400,0.12,103,pssa,3,FAILURE,0,,,,,,65.6522,9550,status=FAILURE
Z12,400,0.12,103,pssa,2,FAILURE,0,,,,,,66.72,9550,status=FAILURE
Z12,180,0.08,103,pssa,0,SUCCESS,1,11.6222,11.6222,,13,2092,0.5472,1284,
Z12,180,0.08,103,pssa,1,SUCCESS,1,11.6222,11.6222,,13,2092,0.5355,1284,
Z12,180,0.08,101,minorminer,0,SUCCESS,1,10.6056,10.0444,,20,1909,23.568,1302,
Z12,180,0.08,103,pssa,2,SUCCESS,1,11.6222,11.6222,,13,2092,0.5447,1284,
Z12,180,0.08,103,pssa,3,SUCCESS,1,11.6222,11.6222,,13,2092,0.5305,1284,
Z12,180,0.08,103,pssa,4,SUCCESS,1,11.6222,11.6222,,13,2092,0.538,1284,
Z12,180,0.08,102,clmm,2,SUCCESS,1,10.2222,10.0833,,13,1840,15.3919,1254,
Z12,400,0.12,103,pssa,4,FAILURE,0,,,,,,67.1439,9550,status=FAILURE
Z12,180,0.08,102,mmfork-cuthill,0,SUCCESS,1,10.3944,9.9167,,22,1871,18.0855,1254,
Z12,180,0.08,103,clmm,1,SUCCESS,1,12.9611,11.6833,,13,2333,6.4892,1284,
Z12,180,0.08,102,minorminer,4,SUCCESS,1,10.6111,10.0667,,22,1910,18.794,1254,
Z12,180,0.08,101,minorminer,4,SUCCESS,1,10.8222,10.1722,,20,1948,27.4868,1302,
Z12,180,0.08,103,clmm,2,SUCCESS,1,12.8667,11.6,,13,2316,6.5321,1284,
Z12,180,0.08,103,minorminer,0,SUCCESS,1,12.1167,11.2722,,23,2181,12.1284,1284,
Z12,400,0.12,103,attraction,0,FAILURE,0,,,,,,68.866,9550,status=FAILURE
Z12,180,0.08,103,clmm,4,SUCCESS,1,10.7778,10.5667,,13,1940,6.7133,1284,
Z12,180,0.08,102,minorminer,2,SUCCESS,1,10.0333,9.4611,,19,1806,21.1232,1254,
Z12,180,0.08,103,clmm,0,SUCCESS,1,10.4722,10.3,,13,1885,8.7136,1284,
Z12,400,0.12,103,attraction,1,FAILURE,0,,,,,,69.6372,9550,status=FAILURE
Z12,180,0.08,102,mmfork-cuthill,4,SUCCESS,1,10.6222,10.2056,,22,1912,19.943,1254,
Z12,180,0.08,102,minorminer,3,SUCCESS,1,10.0,9.4667,,18,1800,21.4158,1254,
Z12,260,0.08,101,template,-1,INFEASIBLE,0,,,,,,0.0,2695,n=260 > max clique 184
Z12,260,0.08,101,clique,-1,FAILURE,0,,,,,,0.0213,2695,status=FAILURE
Z12,180,0.08,101,minorminer,1,SUCCESS,1,10.3389,9.7556,,19,1861,29.7844,1302,
Z12,180,0.08,103,minorminer,1,SUCCESS,1,11.4889,10.8333,,23,2068,12.9783,1284,
Z12,400,0.12,103,attraction,3,FAILURE,0,,,,,,68.7303,9550,status=FAILURE
Z12,180,0.08,103,minorminer,2,SUCCESS,1,10.9778,10.3167,,22,1976,14.4365,1284,
Z12,400,0.12,103,attraction,2,FAILURE,0,,,,,,70.2243,9550,status=FAILURE
Z12,180,0.08,102,mmfork-cuthill,3,SUCCESS,1,10.25,9.7611,,20,1845,22.3868,1254,
Z12,180,0.08,103,clmm,3,SUCCESS,1,10.2778,10.05,,13,1850,10.4144,1284,
Z12,400,0.12,103,attraction,4,FAILURE,0,,,,,,70.0731,9550,status=FAILURE
Z12,180,0.08,102,minorminer,0,SUCCESS,1,10.2167,9.6833,,20,1839,25.5849,1254,
Z12,180,0.08,103,mmfork-cuthill,2,SUCCESS,1,11.3222,10.6389,,22,2038,14.3681,1284,
Z12,180,0.08,101,attraction,3,SUCCESS,1,11.1833,10.4167,,21,2013,31.8055,1302,
Z12,180,0.08,103,mmfork-cuthill,0,SUCCESS,1,10.1611,9.6278,,20,1829,20.4678,1284,
Z12,180,0.08,102,mmfork-cuthill,2,SUCCESS,1,9.9722,9.55,,19,1795,30.3036,1254,
Z12,180,0.08,103,minorminer,3,SUCCESS,1,10.9944,10.3389,,21,1979,22.7267,1284,
Z12,180,0.08,101,attraction,2,SUCCESS,1,10.6222,10.2278,,19,1912,34.0625,1302,
Z12,180,0.08,101,attraction,4,SUCCESS,1,10.2167,9.6444,,19,1839,35.705,1302,
Z12,180,0.08,102,attraction,1,SUCCESS,1,11.0722,10.3278,,21,1993,28.1927,1254,
Z12,180,0.08,103,mmfork-cuthill,3,SUCCESS,1,10.6167,10.1111,,20,1911,25.866,1284,
Z12,180,0.08,102,attraction,0,SUCCESS,1,10.5611,9.95,,21,1901,32.3695,1254,
Z12,180,0.08,101,attraction,0,SUCCESS,1,10.15,9.6333,,19,1827,41.1582,1302,
Z12,180,0.08,102,attraction,2,SUCCESS,1,10.3056,9.7667,,20,1855,33.8683,1254,
Z12,180,0.08,102,attraction,4,SUCCESS,1,10.7333,10.1222,,20,1932,33.5021,1254,
Z12,180,0.08,102,attraction,3,SUCCESS,1,10.1833,9.6333,,20,1833,34.3431,1254,
Z12,180,0.08,101,attraction,1,SUCCESS,1,9.9833,9.4333,,19,1797,44.2863,1302,
Z12,180,0.08,103,minorminer,4,SUCCESS,1,9.8778,9.3889,,18,1778,35.7876,1284,
Z12,260,0.08,102,template,-1,INFEASIBLE,0,,,,,,0.0,2695,n=260 > max clique 184
Z12,260,0.08,102,clique,-1,FAILURE,0,,,,,,0.0218,2695,status=FAILURE
Z12,180,0.08,103,attraction,4,SUCCESS,1,10.8278,10.1556,,21,1949,30.0202,1284,
Z12,180,0.08,103,attraction,3,SUCCESS,1,11.4722,10.6278,,23,2065,30.3514,1284,
Z12,180,0.08,103,attraction,1,SUCCESS,1,10.9722,10.3667,,22,1975,31.8246,1284,
Z12,180,0.08,103,mmfork-cuthill,4,SUCCESS,1,9.7556,9.2833,,18,1756,34.9744,1284,
Z12,180,0.08,103,attraction,0,SUCCESS,1,10.4,9.8444,,22,1872,32.7135,1284,
Z12,180,0.08,103,mmfork-cuthill,1,SUCCESS,1,9.8333,9.4222,,17,1770,42.0307,1284,
Z12,180,0.08,103,attraction,2,SUCCESS,1,10.0667,9.5222,,20,1812,37.5225,1284,
Z12,260,0.08,101,minorminer,0,FAILURE,0,,,,,,61.3396,2695,status=FAILURE
Z12,260,0.08,101,minorminer,1,FAILURE,0,,,,,,61.6662,2695,status=FAILURE
Z12,260,0.08,101,minorminer,2,FAILURE,0,,,,,,61.7881,2695,status=FAILURE
Z12,260,0.08,101,mmfork-cuthill,0,FAILURE,0,,,,,,61.2813,2695,status=FAILURE
Z12,260,0.08,101,minorminer,4,FAILURE,0,,,,,,61.5139,2695,status=FAILURE
Z12,260,0.08,101,minorminer,3,FAILURE,0,,,,,,62.4259,2695,status=FAILURE
Z12,260,0.08,101,mmfork-cuthill,4,FAILURE,0,,,,,,61.2711,2695,status=FAILURE
Z12,260,0.08,101,mmfork-cuthill,2,FAILURE,0,,,,,,61.7551,2695,status=FAILURE
Z12,260,0.08,101,mmfork-cuthill,3,FAILURE,0,,,,,,61.6844,2695,status=FAILURE
Z12,260,0.08,101,clmm,0,FAILURE,0,,,,,,61.3755,2695,clmm: MM stage returned empty
Z12,260,0.08,101,mmfork-cuthill,1,FAILURE,0,,,,,,62.3491,2695,status=FAILURE
Z12,260,0.08,101,clmm,2,FAILURE,0,,,,,,61.7599,2695,clmm: MM stage returned empty
Z12,260,0.08,101,clmm,4,FAILURE,0,,,,,,61.5406,2695,clmm: MM stage returned empty
Z12,260,0.08,101,clmm,1,FAILURE,0,,,,,,62.3258,2695,clmm: MM stage returned empty
Z12,260,0.08,101,clmm,3,FAILURE,0,,,,,,62.5631,2695,clmm: MM stage returned empty
Z12,260,0.08,101,attraction,0,FAILURE,0,,,,,,62.4217,2695,status=FAILURE
Z12,260,0.08,101,attraction,1,FAILURE,0,,,,,,62.6549,2695,status=FAILURE
Z12,260,0.08,102,minorminer,0,FAILURE,0,,,,,,61.2734,2695,status=FAILURE
Z12,260,0.08,103,template,-1,INFEASIBLE,0,,,,,,0.0,2699,n=260 > max clique 184
Z12,260,0.08,103,clique,-1,FAILURE,0,,,,,,0.0223,2699,status=FAILURE
Z12,260,0.08,101,attraction,3,FAILURE,0,,,,,,62.6171,2695,status=FAILURE
Z12,260,0.08,101,attraction,2,FAILURE,0,,,,,,63.0652,2695,status=FAILURE
Z12,260,0.08,101,attraction,4,FAILURE,0,,,,,,62.8,2695,status=FAILURE
Z12,260,0.08,101,pssa,3,FAILURE,0,,,,,,65.7891,2695,status=FAILURE
Z12,260,0.08,101,pssa,1,FAILURE,0,,,,,,67.3542,2695,status=FAILURE
Z12,260,0.08,101,pssa,4,FAILURE,0,,,,,,66.0118,2695,status=FAILURE
Z12,260,0.08,101,pssa,0,FAILURE,0,,,,,,67.8103,2695,status=FAILURE
Z12,260,0.08,101,pssa,2,FAILURE,0,,,,,,67.7718,2695,status=FAILURE
Z12,260,0.08,102,minorminer,2,FAILURE,0,,,,,,60.9168,2695,status=FAILURE
Z12,260,0.08,102,minorminer,1,FAILURE,0,,,,,,61.4015,2695,status=FAILURE
Z12,260,0.08,102,minorminer,3,FAILURE,0,,,,,,61.9299,2695,status=FAILURE
Z12,260,0.08,102,minorminer,4,FAILURE,0,,,,,,61.8678,2695,status=FAILURE
Z12,260,0.08,102,mmfork-cuthill,0,FAILURE,0,,,,,,61.4701,2695,status=FAILURE
Z12,260,0.08,102,mmfork-cuthill,1,FAILURE,0,,,,,,61.8057,2695,status=FAILURE
Z12,260,0.08,102,mmfork-cuthill,2,FAILURE,0,,,,,,61.8329,2695,status=FAILURE
Z12,260,0.08,102,mmfork-cuthill,3,FAILURE,0,,,,,,61.7107,2695,status=FAILURE
Z12,260,0.08,102,mmfork-cuthill,4,FAILURE,0,,,,,,61.1949,2695,status=FAILURE
Z12,260,0.08,102,clmm,0,FAILURE,0,,,,,,62.1155,2695,clmm: MM stage returned empty
Z12,260,0.08,102,clmm,1,FAILURE,0,,,,,,61.9397,2695,clmm: MM stage returned empty
Z12,260,0.08,102,clmm,3,FAILURE,0,,,,,,61.2475,2695,clmm: MM stage returned empty
Z12,260,0.08,102,clmm,2,FAILURE,0,,,,,,62.3659,2695,clmm: MM stage returned empty
Z12,260,0.08,102,clmm,4,FAILURE,0,,,,,,61.429,2695,clmm: MM stage returned empty
Z12,260,0.08,102,pssa,1,FAILURE,0,,,,,,63.3602,2695,status=FAILURE
Z12,260,0.08,102,pssa,2,FAILURE,0,,,,,,63.8465,2695,status=FAILURE
Z12,260,0.08,102,attraction,0,FAILURE,0,,,,,,63.3359,2695,status=FAILURE
Z12,360,0.08,101,template,-1,INFEASIBLE,0,,,,,,0.0,5197,n=360 > max clique 184
Z12,360,0.08,101,clique,-1,FAILURE,0,,,,,,0.0229,5197,status=FAILURE
Z12,260,0.08,102,pssa,3,FAILURE,0,,,,,,65.5752,2695,status=FAILURE
Z12,260,0.08,102,pssa,4,FAILURE,0,,,,,,65.9121,2695,status=FAILURE
Z12,260,0.08,102,pssa,0,FAILURE,0,,,,,,67.6171,2695,status=FAILURE
Z12,260,0.08,102,attraction,2,FAILURE,0,,,,,,62.2279,2695,status=FAILURE
Z12,260,0.08,102,attraction,1,FAILURE,0,,,,,,63.1182,2695,status=FAILURE
Z12,260,0.08,103,minorminer,1,FAILURE,0,,,,,,60.1164,2699,status=FAILURE
Z12,260,0.08,102,attraction,3,FAILURE,0,,,,,,63.4614,2695,status=FAILURE
Z12,260,0.08,103,minorminer,0,FAILURE,0,,,,,,61.9109,2699,status=FAILURE
Z12,260,0.08,103,minorminer,2,FAILURE,0,,,,,,61.1629,2699,status=FAILURE
Z12,260,0.08,103,minorminer,4,FAILURE,0,,,,,,60.3098,2699,status=FAILURE
Z12,260,0.08,103,minorminer,3,FAILURE,0,,,,,,61.0892,2699,status=FAILURE
Z12,260,0.08,102,attraction,4,FAILURE,0,,,,,,63.3775,2695,status=FAILURE
Z12,260,0.08,103,mmfork-cuthill,0,FAILURE,0,,,,,,61.8428,2699,status=FAILURE
Z12,260,0.08,103,mmfork-cuthill,3,FAILURE,0,,,,,,61.6329,2699,status=FAILURE
Z12,260,0.08,103,mmfork-cuthill,1,FAILURE,0,,,,,,61.9642,2699,status=FAILURE
Z12,260,0.08,103,mmfork-cuthill,4,FAILURE,0,,,,,,61.1167,2699,status=FAILURE
Z12,260,0.08,103,mmfork-cuthill,2,FAILURE,0,,,,,,62.3278,2699,status=FAILURE
Z12,260,0.08,103,clmm,0,FAILURE,0,,,,,,61.5445,2699,clmm: MM stage returned empty
Z12,260,0.08,103,clmm,1,FAILURE,0,,,,,,61.256,2699,clmm: MM stage returned empty
Z12,260,0.08,103,clmm,2,FAILURE,0,,,,,,61.4381,2699,clmm: MM stage returned empty
Z12,260,0.08,103,clmm,3,FAILURE,0,,,,,,61.3328,2699,clmm: MM stage returned empty
Z12,260,0.08,103,clmm,4,FAILURE,0,,,,,,61.9499,2699,clmm: MM stage returned empty
Z12,260,0.08,103,attraction,1,FAILURE,0,,,,,,60.5778,2699,status=FAILURE
Z12,260,0.08,103,pssa,4,FAILURE,0,,,,,,62.0082,2699,status=FAILURE
Z12,260,0.08,103,pssa,0,FAILURE,0,,,,,,64.3664,2699,status=FAILURE
Z12,360,0.08,102,template,-1,INFEASIBLE,0,,,,,,0.0,5165,n=360 > max clique 184
Z12,360,0.08,102,clique,-1,FAILURE,0,,,,,,0.0222,5165,status=FAILURE
Z12,260,0.08,103,attraction,2,FAILURE,0,,,,,,62.478,2699,status=FAILURE
Z12,260,0.08,103,pssa,1,FAILURE,0,,,,,,64.9796,2699,status=FAILURE
Z12,260,0.08,103,attraction,3,FAILURE,0,,,,,,62.6223,2699,status=FAILURE
Z12,260,0.08,103,pssa,2,FAILURE,0,,,,,,65.3698,2699,status=FAILURE
Z12,260,0.08,103,attraction,0,FAILURE,0,,,,,,63.4752,2699,status=FAILURE
Z12,260,0.08,103,pssa,3,FAILURE,0,,,,,,66.4964,2699,status=FAILURE
Z12,360,0.08,101,minorminer,0,FAILURE,0,,,,,,62.5187,5197,status=FAILURE
Z12,260,0.08,103,attraction,4,FAILURE,0,,,,,,63.1686,2699,status=FAILURE
Z12,360,0.08,101,minorminer,1,FAILURE,0,,,,,,62.8738,5197,status=FAILURE
Z12,360,0.08,101,minorminer,2,FAILURE,0,,,,,,62.6857,5197,status=FAILURE
Z12,360,0.08,101,minorminer,3,FAILURE,0,,,,,,64.5352,5197,status=FAILURE
Z12,360,0.08,101,minorminer,4,FAILURE,0,,,,,,64.2611,5197,status=FAILURE
Z12,360,0.08,101,mmfork-cuthill,0,FAILURE,0,,,,,,63.911,5197,status=FAILURE
Z12,360,0.08,101,mmfork-cuthill,1,FAILURE,0,,,,,,63.8111,5197,status=FAILURE
Z12,360,0.08,101,mmfork-cuthill,4,FAILURE,0,,,,,,62.1744,5197,status=FAILURE
Z12,360,0.08,101,mmfork-cuthill,2,FAILURE,0,,,,,,64.8077,5197,status=FAILURE
Z12,360,0.08,101,mmfork-cuthill,3,FAILURE,0,,,,,,63.6823,5197,status=FAILURE
Z12,360,0.08,101,clmm,0,FAILURE,0,,,,,,63.8569,5197,clmm: MM stage returned empty
Z12,360,0.08,101,clmm,1,FAILURE,0,,,,,,64.4366,5197,clmm: MM stage returned empty
Z12,360,0.08,101,clmm,2,FAILURE,0,,,,,,64.3209,5197,clmm: MM stage returned empty
Z12,360,0.08,101,clmm,3,FAILURE,0,,,,,,64.235,5197,clmm: MM stage returned empty
Z12,360,0.08,101,clmm,4,FAILURE,0,,,,,,64.8479,5197,clmm: MM stage returned empty
Z12,360,0.08,101,pssa,3,FAILURE,0,,,,,,62.7764,5197,status=FAILURE
Z12,360,0.08,101,pssa,0,FAILURE,0,,,,,,65.0973,5197,status=FAILURE
Z12,360,0.08,101,pssa,2,FAILURE,0,,,,,,63.7737,5197,status=FAILURE
Z12,360,0.08,103,template,-1,INFEASIBLE,0,,,,,,0.0,5127,n=360 > max clique 184
Z12,360,0.08,103,clique,-1,FAILURE,0,,,,,,0.0243,5127,status=FAILURE
Z12,360,0.08,101,pssa,1,FAILURE,0,,,,,,67.0348,5197,status=FAILURE
Z12,360,0.08,101,attraction,0,FAILURE,0,,,,,,64.6132,5197,status=FAILURE
Z12,360,0.08,101,pssa,4,FAILURE,0,,,,,,66.8422,5197,status=FAILURE
Z12,360,0.08,102,minorminer,1,FAILURE,0,,,,,,62.692,5165,status=FAILURE
Z12,360,0.08,102,minorminer,0,FAILURE,0,,,,,,63.0444,5165,status=FAILURE
Z12,360,0.08,101,attraction,1,FAILURE,0,,,,,,64.5208,5197,status=FAILURE
Z12,360,0.08,101,attraction,3,FAILURE,0,,,,,,64.4285,5197,status=FAILURE
Z12,360,0.08,102,minorminer,3,FAILURE,0,,,,,,62.6832,5165,status=FAILURE
Z12,360,0.08,102,minorminer,2,FAILURE,0,,,,,,63.3978,5165,status=FAILURE
Z12,360,0.08,102,mmfork-cuthill,4,FAILURE,0,,,,,,62.5213,5165,status=FAILURE
Z12,360,0.08,101,attraction,2,FAILURE,0,,,,,,66.7221,5197,status=FAILURE
Z12,360,0.08,101,attraction,4,FAILURE,0,,,,,,66.0014,5197,status=FAILURE
Z12,360,0.08,102,mmfork-cuthill,2,FAILURE,0,,,,,,63.5532,5165,status=FAILURE
Z12,360,0.08,102,mmfork-cuthill,0,FAILURE,0,,,,,,64.485,5165,status=FAILURE
Z12,360,0.08,102,minorminer,4,FAILURE,0,,,,,,64.5141,5165,status=FAILURE
Z12,360,0.08,102,mmfork-cuthill,1,FAILURE,0,,,,,,64.8866,5165,status=FAILURE
Z12,360,0.08,102,mmfork-cuthill,3,FAILURE,0,,,,,,64.5004,5165,status=FAILURE
Z12,360,0.08,102,clmm,0,FAILURE,0,,,,,,64.7099,5165,clmm: MM stage returned empty
Z12,360,0.08,102,clmm,1,FAILURE,0,,,,,,63.5874,5165,clmm: MM stage returned empty
Z12,360,0.08,102,clmm,2,FAILURE,0,,,,,,64.0134,5165,clmm: MM stage returned empty
Z12,360,0.08,102,clmm,4,FAILURE,0,,,,,,62.9426,5165,clmm: MM stage returned empty
Z12,360,0.08,102,clmm,3,FAILURE,0,,,,,,63.4893,5165,clmm: MM stage returned empty
Z12,360,0.08,102,pssa,0,FAILURE,0,,,,,,62.3884,5165,status=FAILURE
Z12,360,0.08,102,pssa,2,FAILURE,0,,,,,,62.836,5165,status=FAILURE
Z12,360,0.08,102,pssa,3,FAILURE,0,,,,,,62.9966,5165,status=FAILURE
Z12,480,0.08,101,template,-1,INFEASIBLE,0,,,,,,0.0,9214,n=480 > max clique 184
Z12,480,0.08,101,clique,-1,FAILURE,0,,,,,,0.0238,9214,status=FAILURE
Z12,360,0.08,103,minorminer,0,FAILURE,0,,,,,,62.4379,5127,status=FAILURE
Z12,360,0.08,102,attraction,0,FAILURE,0,,,,,,66.9217,5165,status=FAILURE
Z12,360,0.08,102,attraction,1,FAILURE,0,,,,,,65.9009,5165,status=FAILURE
Z12,360,0.08,102,pssa,1,FAILURE,0,,,,,,67.9218,5165,status=FAILURE
Z12,360,0.08,102,attraction,3,FAILURE,0,,,,,,65.2884,5165,status=FAILURE
Z12,360,0.08,102,attraction,2,FAILURE,0,,,,,,65.9529,5165,status=FAILURE
Z12,360,0.08,103,minorminer,1,FAILURE,0,,,,,,62.2928,5127,status=FAILURE
Z12,360,0.08,102,pssa,4,FAILURE,0,,,,,,69.1439,5165,status=FAILURE
Z12,360,0.08,102,attraction,4,FAILURE,0,,,,,,66.3129,5165,status=FAILURE
Z12,360,0.08,103,minorminer,3,FAILURE,0,,,,,,63.5407,5127,status=FAILURE
Z12,360,0.08,103,minorminer,2,FAILURE,0,,,,,,63.9282,5127,status=FAILURE
Z12,360,0.08,103,minorminer,4,FAILURE,0,,,,,,63.6357,5127,status=FAILURE
Z12,360,0.08,103,mmfork-cuthill,3,FAILURE,0,,,,,,60.1351,5127,status=FAILURE
Z12,360,0.08,103,mmfork-cuthill,0,FAILURE,0,,,,,,62.4537,5127,status=FAILURE
Z12,360,0.08,103,mmfork-cuthill,1,FAILURE,0,,,,,,62.5905,5127,status=FAILURE
Z12,360,0.08,103,mmfork-cuthill,2,FAILURE,0,,,,,,64.5835,5127,status=FAILURE
Z12,360,0.08,103,mmfork-cuthill,4,FAILURE,0,,,,,,64.4861,5127,status=FAILURE
Z12,360,0.08,103,clmm,0,FAILURE,0,,,,,,65.0815,5127,clmm: MM stage returned empty
Z12,360,0.08,103,clmm,1,FAILURE,0,,,,,,63.7495,5127,clmm: MM stage returned empty
Z12,360,0.08,103,clmm,2,FAILURE,0,,,,,,64.1854,5127,clmm: MM stage returned empty
Z12,360,0.08,103,pssa,1,FAILURE,0,,,,,,61.093,5127,status=FAILURE
Z12,360,0.08,103,clmm,4,FAILURE,0,,,,,,64.7432,5127,clmm: MM stage returned empty
Z12,360,0.08,103,clmm,3,FAILURE,0,,,,,,65.2194,5127,clmm: MM stage returned empty
Z12,360,0.08,103,pssa,3,FAILURE,0,,,,,,61.8924,5127,status=FAILURE
Z12,360,0.08,103,pssa,0,FAILURE,0,,,,,,68.6422,5127,status=FAILURE
Z12,480,0.08,102,template,-1,INFEASIBLE,0,,,,,,0.0,9063,n=480 > max clique 184
Z12,480,0.08,102,clique,-1,FAILURE,0,,,,,,0.0259,9063,status=FAILURE
Z12,360,0.08,103,pssa,2,FAILURE,0,,,,,,66.7316,5127,status=FAILURE
Z12,360,0.08,103,attraction,0,FAILURE,0,,,,,,65.2471,5127,status=FAILURE
Z12,360,0.08,103,attraction,2,FAILURE,0,,,,,,64.4065,5127,status=FAILURE
Z12,360,0.08,103,attraction,1,FAILURE,0,,,,,,65.7835,5127,status=FAILURE
Z12,360,0.08,103,pssa,4,FAILURE,0,,,,,,66.1843,5127,status=FAILURE
Z12,360,0.08,103,attraction,4,FAILURE,0,,,,,,65.169,5127,status=FAILURE
Z12,360,0.08,103,attraction,3,FAILURE,0,,,,,,65.4672,5127,status=FAILURE
Z12,480,0.08,101,minorminer,0,FAILURE,0,,,,,,65.9521,9214,status=FAILURE
Z12,480,0.08,101,minorminer,2,FAILURE,0,,,,,,65.601,9214,status=FAILURE
Z12,480,0.08,101,mmfork-cuthill,1,FAILURE,0,,,,,,64.8338,9214,status=FAILURE
Z12,480,0.08,101,minorminer,3,FAILURE,0,,,,,,66.2265,9214,status=FAILURE
Z12,480,0.08,101,minorminer,4,FAILURE,0,,,,,,65.9862,9214,status=FAILURE
Z12,480,0.08,101,mmfork-cuthill,3,FAILURE,0,,,,,,64.5795,9214,status=FAILURE
Z12,480,0.08,101,minorminer,1,FAILURE,0,,,,,,67.4055,9214,status=FAILURE
Z12,480,0.08,101,mmfork-cuthill,0,FAILURE,0,,,,,,66.4202,9214,status=FAILURE
Z12,480,0.08,101,mmfork-cuthill,2,FAILURE,0,,,,,,66.6518,9214,status=FAILURE
Z12,480,0.08,101,mmfork-cuthill,4,FAILURE,0,,,,,,66.0009,9214,status=FAILURE
Z12,480,0.08,101,clmm,0,FAILURE,0,,,,,,66.6086,9214,clmm: MM stage returned empty
Z12,480,0.08,101,clmm,2,FAILURE,0,,,,,,66.3362,9214,clmm: MM stage returned empty
Z12,480,0.08,101,clmm,1,FAILURE,0,,,,,,66.5168,9214,clmm: MM stage returned empty
Z12,480,0.08,101,pssa,1,FAILURE,0,,,,,,61.9419,9214,status=FAILURE
Z12,480,0.08,101,pssa,2,FAILURE,0,,,,,,61.4239,9214,status=FAILURE
Z12,480,0.08,101,clmm,3,FAILURE,0,,,,,,67.4896,9214,clmm: MM stage returned empty
Z12,480,0.08,101,pssa,4,FAILURE,0,,,,,,62.0793,9214,status=FAILURE
Z12,480,0.08,101,clmm,4,FAILURE,0,,,,,,67.3821,9214,clmm: MM stage returned empty
Z12,480,0.08,103,template,-1,INFEASIBLE,0,,,,,,0.0,9166,n=480 > max clique 184
Z12,480,0.08,103,clique,-1,FAILURE,0,,,,,,0.0231,9166,status=FAILURE
Z12,480,0.08,101,pssa,0,FAILURE,0,,,,,,68.857,9214,status=FAILURE
Z12,480,0.08,101,pssa,3,FAILURE,0,,,,,,68.074,9214,status=FAILURE
Z12,480,0.08,101,attraction,1,FAILURE,0,,,,,,67.7972,9214,status=FAILURE
Z12,480,0.08,101,attraction,2,FAILURE,0,,,,,,67.6661,9214,status=FAILURE
Z12,480,0.08,102,minorminer,3,FAILURE,0,,,,,,61.9873,9063,status=FAILURE
Z12,480,0.08,102,minorminer,0,FAILURE,0,,,,,,65.364,9063,status=FAILURE
Z12,480,0.08,101,attraction,0,FAILURE,0,,,,,,69.7735,9214,status=FAILURE
Z12,480,0.08,101,attraction,4,FAILURE,0,,,,,,68.0426,9214,status=FAILURE
Z12,480,0.08,101,attraction,3,FAILURE,0,,,,,,68.9246,9214,status=FAILURE
Z12,480,0.08,102,minorminer,1,FAILURE,0,,,,,,66.8088,9063,status=FAILURE
Z12,480,0.08,102,mmfork-cuthill,0,FAILURE,0,,,,,,64.3006,9063,status=FAILURE
Z12,100,0.05,101,minorminer,0,SUCCESS,1,2.01,2.01,,5,201,0.6408,246,
Z12,480,0.08,102,minorminer,2,FAILURE,0,,,,,,65.9822,9063,status=FAILURE
Z12,100,0.05,101,minorminer,1,SUCCESS,1,2.17,2.14,,5,217,0.4777,246,
Z12,100,0.05,101,minorminer,2,SUCCESS,1,2.1,2.07,,5,210,0.4161,246,
Z12,100,0.05,101,mmfork-cuthill,0,FAILURE,0,,,,,,0.0117,246,status=FAILURE
Z12,100,0.05,101,mmfork-cuthill,1,FAILURE,0,,,,,,0.0079,246,status=FAILURE
Z12,100,0.05,101,mmfork-cuthill,2,FAILURE,0,,,,,,0.0077,246,status=FAILURE
Z12,100,0.05,101,mmfork-cuthill,3,FAILURE,0,,,,,,0.0083,246,status=FAILURE
Z12,100,0.05,101,mmfork-cuthill,4,FAILURE,0,,,,,,0.0077,246,status=FAILURE
Z12,100,0.05,101,minorminer,3,SUCCESS,1,2.3,2.25,,6,230,0.4353,246,
Z12,100,0.05,101,minorminer,4,SUCCESS,1,2.12,2.1,,5,212,0.4982,246,
Z12,100,0.05,101,clmm,0,SUCCESS,1,2.35,2.22,,8,235,0.3207,246,
Z12,100,0.05,101,clmm,1,SUCCESS,1,2.33,2.21,,8,233,0.3629,246,
Z12,480,0.08,102,minorminer,4,FAILURE,0,,,,,,65.6885,9063,status=FAILURE
Z12,100,0.05,101,template,-1,SUCCESS,1,5.19,5.19,8.0,8,519,0.022,246,
Z12,100,0.05,101,clmm,2,SUCCESS,1,2.58,2.44,,8,258,0.2477,246,
Z12,100,0.05,101,clique,-1,SUCCESS,1,8.0,5.19,,8,800,0.023,246,
Z12,100,0.05,101,clmm,3,SUCCESS,1,2.33,2.2,,8,233,0.4316,246,
Z12,100,0.05,101,pssa,0,SUCCESS,1,5.25,5.19,,8,525,0.3465,246,
Z12,100,0.05,101,pssa,1,SUCCESS,1,5.25,5.19,,8,525,0.3516,246,
Z12,100,0.05,101,clmm,4,SUCCESS,1,2.25,2.15,,8,225,0.502,246,
Z12,100,0.05,101,pssa,2,SUCCESS,1,5.25,5.19,,8,525,0.3532,246,
Z12,100,0.05,101,pssa,3,SUCCESS,1,5.25,5.19,,8,525,0.3477,246,
Z12,100,0.05,101,pssa,4,SUCCESS,1,5.25,5.19,,8,525,0.3542,246,
Z12,100,0.05,101,attraction,0,SUCCESS,1,2.08,2.06,,5,208,2.6026,246,
Z12,100,0.05,101,attraction,1,SUCCESS,1,2.13,2.06,,5,213,2.6237,246,
Z12,100,0.05,101,attraction,2,SUCCESS,1,2.14,2.09,,5,214,2.7664,246,
Z12,480,0.08,102,mmfork-cuthill,1,FAILURE,0,,,,,,66.6791,9063,status=FAILURE
Z12,100,0.05,101,attraction,3,SUCCESS,1,2.03,2.0,,5,203,2.9678,246,
Z12,100,0.05,102,minorminer,0,SUCCESS,1,1.97,1.95,,5,197,0.6127,249,
Z12,100,0.05,102,minorminer,2,SUCCESS,1,2.16,2.14,,5,216,0.6993,249,
Z12,100,0.05,102,mmfork-cuthill,0,FAILURE,0,,,,,,0.0119,249,status=FAILURE
Z12,100,0.05,102,minorminer,3,SUCCESS,1,2.2,2.13,,5,220,0.5151,249,
Z12,100,0.05,102,mmfork-cuthill,1,FAILURE,0,,,,,,0.0084,249,status=FAILURE
Z12,100,0.05,102,minorminer,1,SUCCESS,1,2.2,2.19,,5,220,0.7588,249,
Z12,100,0.05,102,mmfork-cuthill,2,FAILURE,0,,,,,,0.0112,249,status=FAILURE
Z12,100,0.05,102,mmfork-cuthill,3,FAILURE,0,,,,,,0.0077,249,status=FAILURE
Z12,100,0.05,102,mmfork-cuthill,4,FAILURE,0,,,,,,0.0118,249,status=FAILURE
Z12,100,0.05,102,minorminer,4,SUCCESS,1,2.19,2.17,,5,219,0.5069,249,
Z12,100,0.05,102,clmm,2,SUCCESS,1,2.45,2.23,,8,245,0.2381,249,
Z12,100,0.05,102,clmm,0,SUCCESS,1,2.38,2.16,,8,238,0.3311,249,
Z12,100,0.05,102,clmm,1,SUCCESS,1,2.38,2.17,,8,238,0.3364,249,
Z12,100,0.05,102,template,-1,SUCCESS,1,5.45,5.45,8.0,8,545,0.019,249,
Z12,100,0.05,102,clique,-1,SUCCESS,1,8.0,5.45,,8,800,0.0212,249,
Z12,100,0.05,102,clmm,3,SUCCESS,1,2.51,2.3,,8,251,0.3965,249,
Z12,100,0.05,102,clmm,4,SUCCESS,1,2.61,2.43,,8,261,0.284,249,
Z12,100,0.05,102,pssa,0,SUCCESS,1,5.45,5.45,,8,545,0.3499,249,
Z12,100,0.05,102,pssa,1,SUCCESS,1,5.45,5.45,,8,545,0.3343,249,
Z12,100,0.05,102,pssa,2,SUCCESS,1,5.45,5.45,,8,545,0.3534,249,
Z12,100,0.05,102,pssa,3,SUCCESS,1,5.45,5.45,,8,545,0.3332,249,
Z12,100,0.05,102,pssa,4,SUCCESS,1,5.45,5.45,,8,545,0.3403,249,
Z12,100,0.05,101,attraction,4,SUCCESS,1,2.12,2.1,,5,212,2.6782,246,
Z12,480,0.08,102,mmfork-cuthill,3,FAILURE,0,,,,,,65.6277,9063,status=FAILURE
Z12,480,0.08,102,mmfork-cuthill,2,FAILURE,0,,,,,,66.8603,9063,status=FAILURE
Z12,100,0.05,103,minorminer,0,SUCCESS,1,2.16,2.11,,5,216,0.4279,248,
Z12,100,0.05,103,minorminer,1,SUCCESS,1,2.07,2.06,,4,207,0.5198,248,
Z12,100,0.05,103,minorminer,2,SUCCESS,1,2.11,2.11,,4,211,0.6733,248,
Z12,100,0.05,103,minorminer,3,SUCCESS,1,2.21,2.18,,5,221,0.5111,248,
Z12,100,0.05,102,attraction,0,SUCCESS,1,1.98,1.95,,4,198,2.9141,249,
Z12,100,0.05,103,minorminer,4,SUCCESS,1,2.36,2.34,,6,236,0.5592,248,
Z12,100,0.05,102,attraction,3,SUCCESS,1,2.02,2.01,,4,202,2.6384,249,
Z12,100,0.05,103,mmfork-cuthill,0,SUCCESS,1,2.21,2.18,,5,221,0.5134,248,
Z12,100,0.05,102,attraction,1,SUCCESS,1,2.07,2.06,,4,207,2.9845,249,
Z12,100,0.05,103,mmfork-cuthill,1,SUCCESS,1,2.36,2.3,,5,236,0.3669,248,
Z12,100,0.05,103,mmfork-cuthill,2,SUCCESS,1,2.04,2.01,,5,204,0.4034,248,
Z12,100,0.05,102,attraction,2,SUCCESS,1,2.01,2.01,,4,201,3.2111,249,
Z12,100,0.05,103,mmfork-cuthill,4,SUCCESS,1,2.14,2.12,,5,214,0.3988,248,
Z12,100,0.05,103,clmm,0,SUCCESS,1,2.43,2.4,,5,243,0.3688,248,
Z12,100,0.05,103,template,-1,SUCCESS,1,5.5,5.5,8.0,8,550,0.0212,248,
Z12,100,0.05,102,attraction,4,SUCCESS,1,2.02,2.01,,5,202,2.8486,249,
Z12,100,0.05,103,clique,-1,SUCCESS,1,8.0,5.5,,8,800,0.0251,248,
Z12,100,0.05,103,clmm,4,SUCCESS,1,2.26,2.23,,5,226,0.2517,248,
Z12,100,0.05,103,clmm,3,SUCCESS,1,2.33,2.3,,5,233,0.3511,248,
Z12,100,0.05,103,mmfork-cuthill,3,SUCCESS,1,2.27,2.26,,5,227,0.7973,248,
Z12,100,0.05,103,pssa,0,SUCCESS,1,5.51,5.5,,8,551,0.3638,248,
Z12,100,0.05,103,clmm,2,SUCCESS,1,1.96,1.93,,4,196,0.5748,248,
Z12,100,0.05,103,pssa,1,SUCCESS,1,5.51,5.5,,8,551,0.3595,248,
Z12,100,0.05,103,pssa,2,SUCCESS,1,5.51,5.5,,8,551,0.3798,248,
Z12,100,0.05,103,pssa,3,SUCCESS,1,5.51,5.5,,8,551,0.3608,248,
Z12,100,0.05,103,clmm,1,SUCCESS,1,1.92,1.92,,4,192,0.8362,248,
Z12,100,0.05,103,pssa,4,SUCCESS,1,5.51,5.5,,8,551,0.3743,248,
Z12,480,0.08,102,mmfork-cuthill,4,FAILURE,0,,,,,,66.6013,9063,status=FAILURE
Z12,100,0.05,103,attraction,1,SUCCESS,1,1.94,1.92,,4,194,2.6819,248,
Z12,100,0.05,103,attraction,0,SUCCESS,1,2.05,2.04,,4,205,2.8897,248,
Z12,100,0.05,103,attraction,2,SUCCESS,1,2.17,2.13,,5,217,2.8711,248,
Z12,100,0.05,103,attraction,4,SUCCESS,1,2.03,2.02,,4,203,2.7817,248,
Z12,100,0.05,103,attraction,3,SUCCESS,1,1.9,1.9,,4,190,2.9557,248,
Z12,480,0.08,102,clmm,0,FAILURE,0,,,,,,67.2207,9063,clmm: MM stage returned empty
Z12,480,0.08,102,clmm,1,FAILURE,0,,,,,,65.4627,9063,clmm: MM stage returned empty
Z12,160,0.05,101,minorminer,0,SUCCESS,1,5.2062,5.0312,,11,833,4.2837,637,
Z12,480,0.08,102,clmm,2,FAILURE,0,,,,,,65.8313,9063,clmm: MM stage returned empty
Z12,160,0.05,101,mmfork-cuthill,0,SUCCESS,1,6.05,5.7562,,14,968,2.7561,637,
Z12,480,0.08,102,clmm,3,FAILURE,0,,,,,,66.6925,9063,clmm: MM stage returned empty
Z12,480,0.08,102,pssa,1,FAILURE,0,,,,,,61.0619,9063,status=FAILURE
Z12,160,0.05,101,minorminer,1,SUCCESS,1,5.175,4.9938,,11,828,6.0189,637,
Z12,160,0.05,101,template,-1,SUCCESS,1,9.3125,9.3125,12.0,12,1490,0.0997,637,
Z12,160,0.05,101,clique,-1,SUCCESS,1,12.0,9.3125,,12,1920,0.0231,637,
Z12,160,0.05,101,pssa,0,SUCCESS,1,9.3375,9.3125,,12,1494,0.5949,637,
Z12,160,0.05,101,pssa,1,SUCCESS,1,9.3375,9.3125,,12,1494,0.5938,637,
Z12,160,0.05,101,mmfork-cuthill,2,SUCCESS,1,5.3625,5.1375,,12,858,4.9674,637,
Z12,160,0.05,101,clmm,0,SUCCESS,1,6.2,6.0125,,12,992,3.593,637,
Z12,160,0.05,101,minorminer,2,SUCCESS,1,5.3438,5.2,,11,855,6.9112,637,
Z12,160,0.05,101,pssa,2,SUCCESS,1,9.3375,9.3125,,12,1494,0.6006,637,
Z12,160,0.05,101,mmfork-cuthill,3,SUCCESS,1,5.5,5.3125,,12,880,4.5642,637,
Z12,480,0.08,102,clmm,4,FAILURE,0,,,,,,66.7024,9063,clmm: MM stage returned empty
Z12,160,0.05,101,pssa,4,SUCCESS,1,9.3375,9.3125,,12,1494,0.5723,637,
Z12,160,0.05,101,pssa,3,SUCCESS,1,9.3375,9.3125,,12,1494,0.5944,637,
Z12,160,0.05,101,minorminer,4,SUCCESS,1,5.4625,5.2188,,12,874,6.0342,637,
Z12,160,0.05,101,clmm,1,SUCCESS,1,5.7438,5.5812,,12,919,4.1688,637,
Z12,160,0.05,101,clmm,4,SUCCESS,1,6.5062,6.25,,12,1041,3.0205,637,
Z12,160,0.05,101,clmm,3,SUCCESS,1,6.2375,6.0938,,12,998,3.9903,637,
Z12,160,0.05,101,minorminer,3,SUCCESS,1,5.2625,5.1375,,12,842,8.0626,637,
Z12,160,0.05,101,mmfork-cuthill,1,SUCCESS,1,5.0938,4.9375,,11,815,7.991,637,
Z12,160,0.05,101,mmfork-cuthill,4,SUCCESS,1,5.45,5.2687,,11,872,6.9564,637,
Z12,160,0.05,102,minorminer,0,SUCCESS,1,5.3812,5.2125,,12,861,3.2948,612,
Z12,160,0.05,102,minorminer,1,SUCCESS,1,5.0187,4.8875,,11,803,3.8378,612,
Z12,160,0.05,102,minorminer,2,SUCCESS,1,5.2438,5.0812,,12,839,3.6404,612,
Z12,480,0.08,102,pssa,0,FAILURE,0,,,,,,69.5162,9063,status=FAILURE
Z12,160,0.05,101,clmm,2,SUCCESS,1,5.5563,5.4125,,11,889,7.984,637,
Z12,160,0.05,102,minorminer,4,SUCCESS,1,5.2375,5.025,,12,838,3.9748,612,
Z12,160,0.05,102,minorminer,3,SUCCESS,1,5.2687,5.025,,12,843,5.0226,612,
Z12,160,0.05,102,mmfork-cuthill,0,SUCCESS,1,5.7125,5.4625,,13,914,3.6269,612,
Z12,160,0.05,102,template,-1,SUCCESS,1,9.2438,9.2438,12.0,12,1479,0.0979,612,
Z12,160,0.05,102,clique,-1,SUCCESS,1,12.0,9.2438,,12,1920,0.0211,612,
Z12,160,0.05,102,mmfork-cuthill,1,SUCCESS,1,5.5187,5.2812,,13,883,3.7884,612,
Z12,160,0.05,102,pssa,0,SUCCESS,1,9.2625,9.2438,,12,1482,0.5798,612,
Z12,160,0.05,102,pssa,1,SUCCESS,1,9.2625,9.2438,,12,1482,0.5567,612,
Z12,160,0.05,102,pssa,2,SUCCESS,1,9.2625,9.2438,,12,1482,0.5751,612,
Z12,160,0.05,102,pssa,3,SUCCESS,1,9.2625,9.2438,,12,1482,0.5645,612,
Z12,160,0.05,102,clmm,1,SUCCESS,1,5.9625,5.7562,,12,954,2.9362,612,
Z12,160,0.05,102,mmfork-cuthill,2,SUCCESS,1,4.8688,4.7313,,11,779,5.1011,612,
Z12,160,0.05,102,pssa,4,SUCCESS,1,9.2625,9.2438,,12,1482,0.581,612,
Z12,160,0.05,102,clmm,2,SUCCESS,1,5.9875,5.8375,,12,958,3.151,612,
Z12,160,0.05,102,clmm,0,SUCCESS,1,5.7313,5.4875,,12,917,4.2493,612,
Z12,160,0.05,102,mmfork-cuthill,3,SUCCESS,1,5.2313,5.0938,,11,837,6.0885,612,
Z12,160,0.05,101,attraction,2,SUCCESS,1,5.175,5.0187,,11,828,10.7032,637,
Z12,160,0.05,102,clmm,4,SUCCESS,1,5.5812,5.4125,,12,893,5.0464,612,
Z12,160,0.05,102,clmm,3,SUCCESS,1,5.1875,5.025,,11,830,5.4901,612,
Z12,160,0.05,102,mmfork-cuthill,4,SUCCESS,1,4.9437,4.7812,,10,791,6.8771,612,
Z12,160,0.05,101,attraction,0,SUCCESS,1,5.0438,4.8063,,11,807,11.4777,637,
Z12,160,0.05,103,minorminer,0,SUCCESS,1,5.6375,5.4938,,12,902,3.8775,633,
Z12,160,0.05,101,attraction,3,SUCCESS,1,4.9,4.7562,,11,784,13.0593,637,
Z12,160,0.05,101,attraction,1,SUCCESS,1,4.8563,4.75,,11,777,13.5535,637,
Z12,160,0.05,101,attraction,4,SUCCESS,1,4.8063,4.6437,,11,769,13.3444,637,
Z12,160,0.05,103,minorminer,1,SUCCESS,1,5.1625,5.0125,,11,826,3.985,633,
Z12,160,0.05,103,minorminer,2,SUCCESS,1,5.5875,5.4188,,12,894,3.3901,633,
Z12,160,0.05,103,minorminer,4,SUCCESS,1,5.5375,5.2687,,12,886,3.365,633,
Z12,160,0.05,103,mmfork-cuthill,1,SUCCESS,1,5.6188,5.45,,13,899,4.8022,633,
Z12,160,0.05,103,clmm,0,SUCCESS,1,6.65,6.4313,,12,1064,3.114,633,
Z12,160,0.05,103,template,-1,SUCCESS,1,8.9,8.9,12.0,12,1424,0.0859,633,
Z12,160,0.05,103,clmm,1,SUCCESS,1,6.2,6.1125,,12,992,3.1877,633,
Z12,160,0.05,103,clique,-1,SUCCESS,1,12.0,8.9,,12,1920,0.0246,633,
Z12,160,0.05,103,minorminer,3,SUCCESS,1,4.925,4.7687,,10,788,6.2971,633,
Z12,160,0.05,103,pssa,0,SUCCESS,1,8.9,8.9,,12,1424,0.5307,633,
Z12,160,0.05,103,pssa,1,SUCCESS,1,8.9,8.9,,12,1424,0.5221,633,
Z12,160,0.05,103,pssa,2,SUCCESS,1,8.9,8.9,,12,1424,0.5232,633,
Z12,160,0.05,103,mmfork-cuthill,2,SUCCESS,1,5.1688,5.025,,11,827,5.1992,633,
Z12,160,0.05,102,attraction,2,SUCCESS,1,5.1562,4.9813,,12,825,9.9143,612,
Z12,160,0.05,102,attraction,3,SUCCESS,1,4.8875,4.7375,,11,782,9.856,612,
Z12,160,0.05,102,attraction,0,SUCCESS,1,4.8063,4.6688,,10,769,10.4616,612,
Z12,160,0.05,103,pssa,3,SUCCESS,1,8.9,8.9,,12,1424,0.5294,633,
Z12,160,0.05,103,pssa,4,SUCCESS,1,8.9,8.9,,12,1424,0.5187,633,
Z12,160,0.05,103,mmfork-cuthill,3,SUCCESS,1,5.0,4.825,,11,800,5.218,633,
Z12,160,0.05,102,attraction,4,SUCCESS,1,5.0563,4.8438,,11,809,10.818,612,
Z12,160,0.05,103,mmfork-cuthill,4,SUCCESS,1,5.0062,4.8688,,11,801,5.7416,633,
Z12,160,0.05,102,attraction,1,SUCCESS,1,4.7562,4.5812,,11,761,12.2083,612,
Z12,160,0.05,103,clmm,2,SUCCESS,1,6.2375,6.075,,12,998,6.2708,633,
Z12,160,0.05,103,mmfork-cuthill,0,SUCCESS,1,4.9375,4.8438,,10,790,9.5041,633,
Z12,480,0.08,102,pssa,3,FAILURE,0,,,,,,61.2199,9063,status=FAILURE
Z12,160,0.05,103,clmm,4,SUCCESS,1,5.8312,5.7,,11,933,5.1883,633,
Z12,480,0.08,102,pssa,2,FAILURE,0,,,,,,62.1929,9063,status=FAILURE
Z12,160,0.05,103,clmm,3,SUCCESS,1,5.4813,5.2812,,12,877,7.6164,633,
Z12,480,0.08,102,pssa,4,FAILURE,0,,,,,,64.3474,9063,status=FAILURE
Z12,160,0.05,103,attraction,4,SUCCESS,1,5.3375,5.1813,,11,854,9.4574,633,
Z12,160,0.05,103,attraction,0,SUCCESS,1,4.825,4.6875,,10,772,10.4741,633,
Z12,480,0.08,103,mmfork-cuthill,0,FAILURE,0,,,,,,64.1796,9166,status=FAILURE
Z12,240,0.05,101,template,-1,INFEASIBLE,0,,,,,,0.0,1426,n=240 > max clique 184
Z12,240,0.05,101,clique,-1,FAILURE,0,,,,,,0.0248,1426,status=FAILURE
Z12,480,0.08,103,minorminer,0,FAILURE,0,,,,,,65.5183,9166,status=FAILURE
Z12,160,0.05,103,attraction,1,SUCCESS,1,4.85,4.7062,,11,776,11.1334,633,
Z12,480,0.08,103,minorminer,2,FAILURE,0,,,,,,65.5742,9166,status=FAILURE
Z12,480,0.08,103,minorminer,1,FAILURE,0,,,,,,66.1357,9166,status=FAILURE
Z12,160,0.05,103,attraction,3,SUCCESS,1,4.5375,4.4375,,10,726,11.723,633,
Z12,480,0.08,102,attraction,2,FAILURE,0,,,,,,69.6297,9063,status=FAILURE
Z12,480,0.08,102,attraction,4,FAILURE,0,,,,,,67.9801,9063,status=FAILURE
Z12,480,0.08,102,attraction,0,FAILURE,0,,,,,,70.5265,9063,status=FAILURE
Z12,240,0.05,101,clmm,1,SUCCESS,1,14.1042,13.3292,,32,3385,8.855,1426,
Z12,480,0.08,103,minorminer,4,FAILURE,0,,,,,,66.9847,9166,status=FAILURE
Z12,240,0.05,101,mmfork-cuthill,0,SUCCESS,1,13.5042,12.6208,,30,3241,10.963,1426,
Z12,480,0.08,103,mmfork-cuthill,1,FAILURE,0,,,,,,66.0989,9166,status=FAILURE
Z12,480,0.08,102,attraction,1,FAILURE,0,,,,,,70.2252,9063,status=FAILURE
Z12,240,0.05,101,minorminer,0,SUCCESS,1,13.4625,12.5583,,28,3231,13.031,1426,
Z12,480,0.08,103,minorminer,3,FAILURE,0,,,,,,67.5879,9166,status=FAILURE
Z12,240,0.05,101,clmm,0,SUCCESS,1,14.1792,13.3792,,30,3403,9.6668,1426,
Z12,480,0.08,102,attraction,3,FAILURE,0,,,,,,69.3207,9063,status=FAILURE
Z12,160,0.05,103,attraction,2,SUCCESS,1,4.9062,4.7438,,11,785,13.992,633,
Z12,240,0.05,101,minorminer,4,SUCCESS,1,12.7208,11.8542,,25,3053,12.9015,1426,
Z12,240,0.05,101,clmm,2,SUCCESS,1,13.8875,13.2458,,28,3333,7.945,1426,
Z12,480,0.08,103,mmfork-cuthill,2,FAILURE,0,,,,,,66.8618,9166,status=FAILURE
Z12,480,0.08,103,mmfork-cuthill,3,FAILURE,0,,,,,,65.7533,9166,status=FAILURE
Z12,480,0.08,103,mmfork-cuthill,4,FAILURE,0,,,,,,65.463,9166,status=FAILURE
Z12,240,0.05,101,mmfork-cuthill,4,SUCCESS,1,12.4625,11.8208,,27,2991,13.4473,1426,
Z12,480,0.08,103,pssa,0,FAILURE,0,,,,,,64.2108,9166,status=FAILURE
Z12,240,0.05,102,template,-1,INFEASIBLE,0,,,,,,0.0,1392,n=240 > max clique 184
Z12,240,0.05,102,clique,-1,FAILURE,0,,,,,,0.0255,1392,status=FAILURE
Z12,240,0.05,101,mmfork-cuthill,1,SUCCESS,1,12.1042,11.4667,,27,2905,15.5568,1426,
Z12,480,0.08,103,clmm,1,FAILURE,0,,,,,,66.155,9166,clmm: MM stage returned empty
Z12,480,0.08,103,clmm,3,FAILURE,0,,,,,,65.674,9166,clmm: MM stage returned empty
Z12,240,0.05,101,minorminer,1,SUCCESS,1,11.6042,11.0,,24,2785,18.0528,1426,
Z12,480,0.08,103,clmm,0,FAILURE,0,,,,,,67.9465,9166,clmm: MM stage returned empty
Z12,240,0.05,101,mmfork-cuthill,3,SUCCESS,1,12.1833,11.4708,,26,2924,16.0267,1426,
Z12,480,0.08,103,clmm,4,FAILURE,0,,,,,,66.3382,9166,clmm: MM stage returned empty
Z12,480,0.08,103,clmm,2,FAILURE,0,,,,,,67.6564,9166,clmm: MM stage returned empty
Z12,480,0.08,103,pssa,1,FAILURE,0,,,,,,64.8466,9166,status=FAILURE
Z12,240,0.05,101,clmm,3,SUCCESS,1,12.6875,12.0292,,26,3045,11.7883,1426,
Z12,240,0.05,101,mmfork-cuthill,2,SUCCESS,1,11.9917,11.35,,26,2878,19.4417,1426,
Z12,240,0.05,102,minorminer,4,SUCCESS,1,12.4083,11.75,,24,2978,9.4318,1392,
Z12,240,0.05,101,minorminer,3,SUCCESS,1,11.7458,11.0958,,24,2819,21.5914,1426,
Z12,480,0.08,103,pssa,2,FAILURE,0,,,,,,63.944,9166,status=FAILURE
Z12,480,0.08,103,pssa,4,FAILURE,0,,,,,,63.1172,9166,status=FAILURE
Z12,240,0.05,102,minorminer,0,SUCCESS,1,12.7542,11.9958,,28,3061,11.479,1392,
Z12,240,0.05,102,mmfork-cuthill,3,SUCCESS,1,12.8708,12.2083,,28,3089,10.8796,1392,
Z12,240,0.05,102,minorminer,1,SUCCESS,1,11.975,11.3458,,26,2874,11.906,1392,
Z12,240,0.05,102,mmfork-cuthill,0,SUCCESS,1,12.3667,11.775,,28,2968,12.7236,1392,
Z12,240,0.05,101,minorminer,2,SUCCESS,1,11.6375,11.1333,,24,2793,26.3917,1426,
Z12,240,0.05,102,clmm,2,SUCCESS,1,12.6792,12.0167,,27,3043,12.0578,1392,
Z12,240,0.05,102,mmfork-cuthill,1,SUCCESS,1,12.1167,11.5042,,25,2908,14.4278,1392,
Z12,480,0.08,103,attraction,0,FAILURE,0,,,,,,67.5747,9166,status=FAILURE
Z12,240,0.05,102,minorminer,3,SUCCESS,1,12.075,11.3583,,26,2898,15.0468,1392,
Z12,480,0.08,103,attraction,1,FAILURE,0,,,,,,67.5674,9166,status=FAILURE
Z12,240,0.05,103,template,-1,INFEASIBLE,0,,,,,,0.0,1424,n=240 > max clique 184
Z12,240,0.05,103,clique,-1,FAILURE,0,,,,,,0.0246,1424,status=FAILURE
Z12,240,0.05,102,clmm,0,SUCCESS,1,12.4292,11.775,,27,2983,13.8942,1392,
Z12,480,0.08,103,pssa,3,FAILURE,0,,,,,,69.6699,9166,status=FAILURE
Z12,240,0.05,101,clmm,4,SUCCESS,1,12.3708,11.7167,,27,2969,19.8555,1426,
Z12,240,0.05,102,clmm,4,SUCCESS,1,12.575,11.9042,,26,3018,12.96,1392,
Z12,240,0.05,102,minorminer,2,SUCCESS,1,11.8375,11.2208,,23,2841,17.4127,1392,
Z12,240,0.05,102,clmm,1,SUCCESS,1,12.5667,12.0042,,26,3016,15.5906,1392,
Z12,480,0.08,103,attraction,4,FAILURE,0,,,,,,69.5078,9166,status=FAILURE
Z12,240,0.05,102,mmfork-cuthill,4,SUCCESS,1,12.0833,11.5208,,27,2900,17.1099,1392,
Z12,480,0.08,103,attraction,3,FAILURE,0,,,,,,69.9715,9166,status=FAILURE
Z12,480,0.08,103,attraction,2,FAILURE,0,,,,,,71.2081,9166,status=FAILURE
Z12,240,0.05,102,mmfork-cuthill,2,SUCCESS,1,11.3917,10.8208,,25,2734,19.0751,1392,
Z12,240,0.05,103,minorminer,0,SUCCESS,1,13.0042,12.1,,26,3121,11.6094,1424,
Z12,240,0.05,103,minorminer,3,SUCCESS,1,12.8958,12.1625,,27,3095,10.528,1424,
Z12,240,0.05,103,minorminer,2,SUCCESS,1,12.8208,12.1667,,27,3077,11.3178,1424,
Z12,240,0.05,103,mmfork-cuthill,2,SUCCESS,1,13.8,13.0625,,27,3312,10.4836,1424,
Z12,240,0.05,103,minorminer,4,SUCCESS,1,12.3667,11.5917,,26,2968,12.5374,1424,
Z12,240,0.05,103,mmfork-cuthill,1,SUCCESS,1,12.675,11.9625,,29,3042,12.8281,1424,
Z12,240,0.05,103,mmfork-cuthill,4,SUCCESS,1,13.675,12.9208,,29,3282,11.6791,1424,
Z12,240,0.05,103,clmm,0,SUCCESS,1,13.6792,12.8417,,31,3283,11.9887,1424,
Z12,240,0.05,103,clmm,2,SUCCESS,1,14.2667,13.3917,,30,3424,11.0031,1424,
Z12,240,0.05,103,clmm,1,SUCCESS,1,13.0125,12.3208,,28,3123,11.5358,1424,
Z12,240,0.05,102,clmm,3,SUCCESS,1,11.4542,10.8083,,25,2749,23.0718,1392,
Z12,240,0.05,103,minorminer,1,SUCCESS,1,11.425,10.7417,,22,2742,17.5417,1424,
Z12,240,0.05,103,clmm,3,SUCCESS,1,13.175,12.3417,,29,3162,11.6179,1424,
Z12,240,0.05,103,mmfork-cuthill,3,SUCCESS,1,12.6583,11.8708,,29,3038,14.9716,1424,
Z12,340,0.05,101,template,-1,INFEASIBLE,0,,,,,,0.0,2856,n=340 > max clique 184
Z12,340,0.05,101,clique,-1,FAILURE,0,,,,,,0.024,2856,status=FAILURE
Z12,240,0.05,101,attraction,4,SUCCESS,1,12.8208,12.0375,,29,3077,31.3036,1426,
Z12,240,0.05,103,mmfork-cuthill,0,SUCCESS,1,11.55,10.8417,,25,2772,21.1217,1424,
Z12,240,0.05,101,attraction,3,SUCCESS,1,12.6167,11.8625,,27,3028,35.5383,1426,
Z12,240,0.05,101,attraction,0,SUCCESS,1,11.7958,11.1708,,24,2831,37.4727,1426,
Z12,240,0.05,101,attraction,2,SUCCESS,1,11.4958,10.8167,,25,2759,39.2174,1426,
Z12,240,0.05,103,clmm,4,SUCCESS,1,11.5792,10.9625,,24,2779,26.2719,1424,
Z12,240,0.05,102,attraction,0,SUCCESS,1,11.6167,11.0583,,25,2788,36.9057,1392,
Z12,240,0.05,101,attraction,1,SUCCESS,1,11.5,10.7542,,25,2760,43.9847,1426,
Z12,240,0.05,102,attraction,4,SUCCESS,1,11.925,11.1,,25,2862,37.5797,1392,
Z12,240,0.05,102,attraction,1,SUCCESS,1,11.2,10.65,,24,2688,39.138,1392,
Z12,240,0.05,102,attraction,3,SUCCESS,1,11.2458,10.575,,25,2699,39.5826,1392,
Z12,240,0.05,102,attraction,2,SUCCESS,1,11.1292,10.5792,,24,2671,40.0561,1392,
Z12,240,0.05,103,attraction,2,SUCCESS,1,12.9,12.0333,,28,3096,32.3289,1424,
Z12,240,0.05,103,attraction,4,SUCCESS,1,12.5208,11.8042,,27,3005,33.549,1424,
Z12,240,0.05,103,attraction,3,SUCCESS,1,12.1125,11.3625,,28,2907,34.2175,1424,
Z12,240,0.05,103,attraction,0,SUCCESS,1,12.0625,11.2708,,24,2895,37.7286,1424,
Z12,240,0.05,101,pssa,0,FAILURE,0,,,,,,62.3312,1426,status=FAILURE
Z12,240,0.05,101,pssa,4,FAILURE,0,,,,,,61.6059,1426,status=FAILURE
Z12,240,0.05,101,pssa,1,FAILURE,0,,,,,,62.7575,1426,status=FAILURE
Z12,240,0.05,101,pssa,2,FAILURE,0,,,,,,68.9031,1426,status=FAILURE
Z12,240,0.05,102,pssa,1,FAILURE,0,,,,,,61.6619,1392,status=FAILURE
Z12,240,0.05,101,pssa,3,FAILURE,0,,,,,,68.9649,1426,status=FAILURE
Z12,240,0.05,102,pssa,0,FAILURE,0,,,,,,62.2852,1392,status=FAILURE
Z12,240,0.05,103,attraction,1,SUCCESS,1,10.9,10.2667,,23,2616,49.5068,1424,
Z12,240,0.05,102,pssa,4,FAILURE,0,,,,,,67.9568,1392,status=FAILURE
Z12,340,0.05,102,template,-1,INFEASIBLE,0,,,,,,0.0,2883,n=340 > max clique 184
Z12,340,0.05,102,clique,-1,FAILURE,0,,,,,,0.0248,2883,status=FAILURE
Z12,240,0.05,102,pssa,3,FAILURE,0,,,,,,68.4257,1392,status=FAILURE
Z12,240,0.05,102,pssa,2,FAILURE,0,,,,,,68.5799,1392,status=FAILURE
Z12,240,0.05,103,pssa,2,FAILURE,0,,,,,,62.4811,1424,status=FAILURE
Z12,240,0.05,103,pssa,3,FAILURE,0,,,,,,62.9502,1424,status=FAILURE
Z12,340,0.05,101,minorminer,2,FAILURE,0,,,,,,61.2895,2856,status=FAILURE
Z12,340,0.05,101,minorminer,1,FAILURE,0,,,,,,61.6209,2856,status=FAILURE
Z12,340,0.05,101,minorminer,0,FAILURE,0,,,,,,61.8532,2856,status=FAILURE
Z12,340,0.05,101,minorminer,3,FAILURE,0,,,,,,61.3827,2856,status=FAILURE
Z12,340,0.05,101,minorminer,4,FAILURE,0,,,,,,61.4175,2856,status=FAILURE
Z12,240,0.05,103,pssa,1,FAILURE,0,,,,,,68.0018,1424,status=FAILURE
Z12,340,0.05,101,mmfork-cuthill,0,FAILURE,0,,,,,,61.3911,2856,status=FAILURE
Z12,240,0.05,103,pssa,0,FAILURE,0,,,,,,68.6739,1424,status=FAILURE
Z12,240,0.05,103,pssa,4,FAILURE,0,,,,,,67.1744,1424,status=FAILURE
Z12,340,0.05,101,mmfork-cuthill,1,FAILURE,0,,,,,,62.1431,2856,status=FAILURE
Z12,340,0.05,101,mmfork-cuthill,2,FAILURE,0,,,,,,62.0656,2856,status=FAILURE
Z12,340,0.05,101,mmfork-cuthill,3,FAILURE,0,,,,,,62.1523,2856,status=FAILURE
Z12,340,0.05,101,mmfork-cuthill,4,FAILURE,0,,,,,,61.9555,2856,status=FAILURE
Z12,340,0.05,101,clmm,0,FAILURE,0,,,,,,62.0456,2856,clmm: MM stage returned empty
Z12,340,0.05,101,clmm,1,FAILURE,0,,,,,,61.9327,2856,clmm: MM stage returned empty
Z12,340,0.05,101,clmm,2,FAILURE,0,,,,,,62.0298,2856,clmm: MM stage returned empty
Z12,340,0.05,101,clmm,3,FAILURE,0,,,,,,61.9466,2856,clmm: MM stage returned empty
Z12,340,0.05,101,clmm,4,FAILURE,0,,,,,,62.4276,2856,clmm: MM stage returned empty
Z12,340,0.05,101,pssa,0,FAILURE,0,,,,,,62.4604,2856,status=FAILURE
Z12,340,0.05,101,pssa,1,FAILURE,0,,,,,,61.8277,2856,status=FAILURE
Z12,340,0.05,101,pssa,2,FAILURE,0,,,,,,64.6293,2856,status=FAILURE
Z12,340,0.05,103,template,-1,INFEASIBLE,0,,,,,,0.0,2897,n=340 > max clique 184
Z12,340,0.05,103,clique,-1,FAILURE,0,,,,,,0.0217,2897,status=FAILURE
Z12,340,0.05,101,pssa,4,FAILURE,0,,,,,,62.0789,2856,status=FAILURE
Z12,340,0.05,101,pssa,3,FAILURE,0,,,,,,63.1112,2856,status=FAILURE
Z12,340,0.05,101,attraction,0,FAILURE,0,,,,,,62.4246,2856,status=FAILURE
Z12,340,0.05,101,attraction,1,FAILURE,0,,,,,,63.2308,2856,status=FAILURE
Z12,340,0.05,101,attraction,2,FAILURE,0,,,,,,62.8772,2856,status=FAILURE
Z12,340,0.05,101,attraction,3,FAILURE,0,,,,,,62.6845,2856,status=FAILURE
Z12,340,0.05,102,minorminer,0,FAILURE,0,,,,,,61.9885,2883,status=FAILURE
Z12,340,0.05,101,attraction,4,FAILURE,0,,,,,,63.0951,2856,status=FAILURE
Z12,340,0.05,102,minorminer,1,FAILURE,0,,,,,,61.8892,2883,status=FAILURE
Z12,340,0.05,102,minorminer,2,FAILURE,0,,,,,,62.0523,2883,status=FAILURE
Z12,340,0.05,102,minorminer,3,FAILURE,0,,,,,,62.1651,2883,status=FAILURE
Z12,340,0.05,102,minorminer,4,FAILURE,0,,,,,,61.2998,2883,status=FAILURE
Z12,340,0.05,102,mmfork-cuthill,0,FAILURE,0,,,,,,61.8765,2883,status=FAILURE
Z12,340,0.05,102,mmfork-cuthill,1,FAILURE,0,,,,,,61.2275,2883,status=FAILURE
Z12,340,0.05,102,mmfork-cuthill,2,FAILURE,0,,,,,,60.5752,2883,status=FAILURE
Z12,340,0.05,102,mmfork-cuthill,3,FAILURE,0,,,,,,61.5879,2883,status=FAILURE
Z12,340,0.05,102,mmfork-cuthill,4,FAILURE,0,,,,,,61.8402,2883,status=FAILURE
Z12,340,0.05,102,clmm,0,FAILURE,0,,,,,,61.613,2883,clmm: MM stage returned empty
Z12,340,0.05,102,clmm,1,FAILURE,0,,,,,,62.0683,2883,clmm: MM stage returned empty
Z12,340,0.05,102,clmm,2,FAILURE,0,,,,,,62.2381,2883,clmm: MM stage returned empty
Z12,340,0.05,102,clmm,4,FAILURE,0,,,,,,62.3198,2883,clmm: MM stage returned empty
Z12,340,0.05,102,clmm,3,FAILURE,0,,,,,,62.3981,2883,clmm: MM stage returned empty
Z12,340,0.05,102,pssa,1,FAILURE,0,,,,,,62.0852,2883,status=FAILURE
Z12,340,0.05,102,pssa,0,FAILURE,0,,,,,,62.4771,2883,status=FAILURE
Z12,340,0.05,102,pssa,2,FAILURE,0,,,,,,64.3565,2883,status=FAILURE
Z12,460,0.05,101,template,-1,INFEASIBLE,0,,,,,,0.0,5280,n=460 > max clique 184
Z12,460,0.05,101,clique,-1,FAILURE,0,,,,,,0.0263,5280,status=FAILURE
Z12,340,0.05,102,pssa,3,FAILURE,0,,,,,,62.0312,2883,status=FAILURE
Z12,340,0.05,102,attraction,3,FAILURE,0,,,,,,60.8012,2883,status=FAILURE
Z12,340,0.05,102,attraction,1,FAILURE,0,,,,,,62.549,2883,status=FAILURE
Z12,340,0.05,102,attraction,2,FAILURE,0,,,,,,62.8301,2883,status=FAILURE
Z12,340,0.05,102,attraction,0,FAILURE,0,,,,,,62.9252,2883,status=FAILURE
Z12,340,0.05,102,attraction,4,FAILURE,0,,,,,,62.7959,2883,status=FAILURE
Z12,340,0.05,103,minorminer,0,FAILURE,0,,,,,,61.9584,2897,status=FAILURE
Z12,340,0.05,103,minorminer,1,FAILURE,0,,,,,,61.866,2897,status=FAILURE
Z12,340,0.05,103,minorminer,2,FAILURE,0,,,,,,62.2246,2897,status=FAILURE
Z12,340,0.05,103,minorminer,4,FAILURE,0,,,,,,61.5306,2897,status=FAILURE
Z12,340,0.05,103,minorminer,3,FAILURE,0,,,,,,62.2553,2897,status=FAILURE
Z12,340,0.05,103,mmfork-cuthill,1,FAILURE,0,,,,,,60.9177,2897,status=FAILURE
Z12,340,0.05,103,mmfork-cuthill,0,FAILURE,0,,,,,,62.3055,2897,status=FAILURE
Z12,340,0.05,102,pssa,4,FAILURE,0,,,,,,69.237,2883,status=FAILURE
Z12,340,0.05,103,mmfork-cuthill,3,FAILURE,0,,,,,,61.2546,2897,status=FAILURE
Z12,340,0.05,103,clmm,0,FAILURE,0,,,,,,60.7273,2897,clmm: MM stage returned empty
Z12,340,0.05,103,mmfork-cuthill,2,FAILURE,0,,,,,,61.7841,2897,status=FAILURE
Z12,340,0.05,103,mmfork-cuthill,4,FAILURE,0,,,,,,61.6136,2897,status=FAILURE
Z12,340,0.05,103,clmm,1,FAILURE,0,,,,,,61.4258,2897,clmm: MM stage returned empty
Z12,340,0.05,103,clmm,3,FAILURE,0,,,,,,61.5981,2897,clmm: MM stage returned empty
Z12,340,0.05,103,clmm,2,FAILURE,0,,,,,,62.1017,2897,clmm: MM stage returned empty
Z12,340,0.05,103,clmm,4,FAILURE,0,,,,,,61.8576,2897,clmm: MM stage returned empty
Z12,340,0.05,103,pssa,0,FAILURE,0,,,,,,62.426,2897,status=FAILURE
Z12,340,0.05,103,pssa,2,FAILURE,0,,,,,,62.2938,2897,status=FAILURE
Z12,340,0.05,103,pssa,4,FAILURE,0,,,,,,61.7137,2897,status=FAILURE
Z12,460,0.05,102,template,-1,INFEASIBLE,0,,,,,,0.0,5201,n=460 > max clique 184
Z12,460,0.05,102,clique,-1,FAILURE,0,,,,,,0.0247,5201,status=FAILURE
Z12,340,0.05,103,pssa,1,FAILURE,0,,,,,,69.5868,2897,status=FAILURE
Z12,340,0.05,103,attraction,0,FAILURE,0,,,,,,62.6162,2897,status=FAILURE
Z12,340,0.05,103,attraction,1,FAILURE,0,,,,,,62.9386,2897,status=FAILURE
Z12,340,0.05,103,pssa,3,FAILURE,0,,,,,,68.1756,2897,status=FAILURE
Z12,340,0.05,103,attraction,2,FAILURE,0,,,,,,62.8463,2897,status=FAILURE
Z12,340,0.05,103,attraction,3,FAILURE,0,,,,,,62.4955,2897,status=FAILURE
Z12,340,0.05,103,attraction,4,FAILURE,0,,,,,,62.9146,2897,status=FAILURE
Z12,460,0.05,101,minorminer,0,FAILURE,0,,,,,,62.8837,5280,status=FAILURE
Z12,460,0.05,101,minorminer,1,FAILURE,0,,,,,,62.9082,5280,status=FAILURE
Z12,460,0.05,101,minorminer,2,FAILURE,0,,,,,,62.8072,5280,status=FAILURE
Z12,460,0.05,101,minorminer,3,FAILURE,0,,,,,,62.2527,5280,status=FAILURE
Z12,460,0.05,101,minorminer,4,FAILURE,0,,,,,,63.0997,5280,status=FAILURE
Z12,460,0.05,101,mmfork-cuthill,0,FAILURE,0,,,,,,62.9103,5280,status=FAILURE
Z12,460,0.05,101,mmfork-cuthill,1,FAILURE,0,,,,,,62.4919,5280,status=FAILURE
Z12,460,0.05,101,mmfork-cuthill,2,FAILURE,0,,,,,,62.4338,5280,status=FAILURE
Z12,460,0.05,101,mmfork-cuthill,4,FAILURE,0,,,,,,61.799,5280,status=FAILURE
Z12,460,0.05,101,mmfork-cuthill,3,FAILURE,0,,,,,,63.3197,5280,status=FAILURE
Z12,460,0.05,101,clmm,2,FAILURE,0,,,,,,62.739,5280,clmm: MM stage returned empty
Z12,460,0.05,101,clmm,1,FAILURE,0,,,,,,64.0669,5280,clmm: MM stage returned empty
Z12,460,0.05,101,clmm,0,FAILURE,0,,,,,,64.3461,5280,clmm: MM stage returned empty
Z12,460,0.05,101,clmm,3,FAILURE,0,,,,,,60.2392,5280,clmm: MM stage returned empty
Z12,460,0.05,101,clmm,4,FAILURE,0,,,,,,63.2393,5280,clmm: MM stage returned empty
Z12,460,0.05,101,pssa,1,FAILURE,0,,,,,,61.3846,5280,status=FAILURE
Z12,460,0.05,101,pssa,2,FAILURE,0,,,,,,61.1527,5280,status=FAILURE
Z12,460,0.05,101,pssa,0,FAILURE,0,,,,,,66.4763,5280,status=FAILURE
Z12,460,0.05,103,template,-1,INFEASIBLE,0,,,,,,0.0,5234,n=460 > max clique 184
Z12,460,0.05,103,clique,-1,FAILURE,0,,,,,,0.0252,5234,status=FAILURE
Z12,460,0.05,102,minorminer,1,FAILURE,0,,,,,,62.5551,5201,status=FAILURE
Z12,460,0.05,101,attraction,0,FAILURE,0,,,,,,65.2369,5280,status=FAILURE
Z12,460,0.05,101,attraction,1,FAILURE,0,,,,,,64.4543,5280,status=FAILURE
Z12,460,0.05,102,minorminer,0,FAILURE,0,,,,,,63.8531,5201,status=FAILURE
Z12,460,0.05,101,attraction,4,FAILURE,0,,,,,,64.2314,5280,status=FAILURE
Z12,460,0.05,101,attraction,2,FAILURE,0,,,,,,65.2663,5280,status=FAILURE
Z12,460,0.05,102,minorminer,2,FAILURE,0,,,,,,63.0389,5201,status=FAILURE
Z12,460,0.05,102,minorminer,4,FAILURE,0,,,,,,62.2581,5201,status=FAILURE
Z12,460,0.05,101,attraction,3,FAILURE,0,,,,,,65.8621,5280,status=FAILURE
Z12,460,0.05,102,mmfork-cuthill,0,FAILURE,0,,,,,,62.382,5201,status=FAILURE
Z12,460,0.05,102,mmfork-cuthill,2,FAILURE,0,,,,,,62.5926,5201,status=FAILURE
Z12,460,0.05,102,minorminer,3,FAILURE,0,,,,,,63.4753,5201,status=FAILURE
Z12,460,0.05,101,pssa,3,FAILURE,0,,,,,,68.6406,5280,status=FAILURE
Z12,460,0.05,102,mmfork-cuthill,4,FAILURE,0,,,,,,63.0141,5201,status=FAILURE
Z12,460,0.05,102,mmfork-cuthill,3,FAILURE,0,,,,,,63.5786,5201,status=FAILURE
Z12,460,0.05,102,clmm,0,FAILURE,0,,,,,,62.4847,5201,clmm: MM stage returned empty
Z12,460,0.05,102,mmfork-cuthill,1,FAILURE,0,,,,,,64.5791,5201,status=FAILURE
Z12,460,0.05,101,pssa,4,FAILURE,0,,,,,,70.0665,5280,status=FAILURE
Z12,460,0.05,102,clmm,1,FAILURE,0,,,,,,64.2307,5201,clmm: MM stage returned empty
Z12,460,0.05,102,clmm,2,FAILURE,0,,,,,,64.3777,5201,clmm: MM stage returned empty
Z12,460,0.05,102,clmm,4,FAILURE,0,,,,,,60.2757,5201,clmm: MM stage returned empty
Z12,460,0.05,102,clmm,3,FAILURE,0,,,,,,63.9786,5201,clmm: MM stage returned empty
Z12,460,0.05,102,pssa,1,FAILURE,0,,,,,,61.0837,5201,status=FAILURE
Z12,460,0.05,102,attraction,2,FAILURE,0,,,,,,63.2938,5201,status=FAILURE
Z12,460,0.05,102,attraction,1,FAILURE,0,,,,,,64.3257,5201,status=FAILURE
Z12,600,0.05,101,template,-1,INFEASIBLE,0,,,,,,0.0,9080,n=600 > max clique 184
Z12,600,0.05,101,clique,-1,FAILURE,0,,,,,,0.0243,9080,status=FAILURE
Z12,460,0.05,102,pssa,4,FAILURE,0,,,,,,65.6038,5201,status=FAILURE
Z12,460,0.05,102,pssa,2,FAILURE,0,,,,,,66.7618,5201,status=FAILURE
Z12,460,0.05,102,attraction,0,FAILURE,0,,,,,,65.7868,5201,status=FAILURE
Z12,460,0.05,102,pssa,0,FAILURE,0,,,,,,69.5131,5201,status=FAILURE
Z12,460,0.05,102,attraction,3,FAILURE,0,,,,,,65.5382,5201,status=FAILURE
Z12,460,0.05,102,pssa,3,FAILURE,0,,,,,,68.6124,5201,status=FAILURE
Z12,460,0.05,102,attraction,4,FAILURE,0,,,,,,64.1603,5201,status=FAILURE
Z12,460,0.05,103,minorminer,1,FAILURE,0,,,,,,63.1337,5234,status=FAILURE
Z12,460,0.05,103,minorminer,0,FAILURE,0,,,,,,64.0174,5234,status=FAILURE
Z12,460,0.05,103,minorminer,2,FAILURE,0,,,,,,63.7667,5234,status=FAILURE
Z12,460,0.05,103,minorminer,3,FAILURE,0,,,,,,62.9958,5234,status=FAILURE
Z12,460,0.05,103,mmfork-cuthill,0,FAILURE,0,,,,,,63.7293,5234,status=FAILURE
Z12,460,0.05,103,minorminer,4,FAILURE,0,,,,,,64.1568,5234,status=FAILURE
Z12,460,0.05,103,mmfork-cuthill,1,FAILURE,0,,,,,,63.3498,5234,status=FAILURE
Z12,460,0.05,103,mmfork-cuthill,2,FAILURE,0,,,,,,62.5526,5234,status=FAILURE
Z12,460,0.05,103,mmfork-cuthill,3,FAILURE,0,,,,,,63.4608,5234,status=FAILURE
Z12,460,0.05,103,mmfork-cuthill,4,FAILURE,0,,,,,,63.9,5234,status=FAILURE
Z12,460,0.05,103,clmm,0,FAILURE,0,,,,,,64.2689,5234,clmm: MM stage returned empty
Z12,460,0.05,103,clmm,1,FAILURE,0,,,,,,63.0936,5234,clmm: MM stage returned empty
Z12,460,0.05,103,clmm,2,FAILURE,0,,,,,,63.5031,5234,clmm: MM stage returned empty
Z12,460,0.05,103,clmm,3,FAILURE,0,,,,,,63.3506,5234,clmm: MM stage returned empty
Z12,460,0.05,103,clmm,4,FAILURE,0,,,,,,63.4806,5234,clmm: MM stage returned empty
Z12,460,0.05,103,pssa,1,FAILURE,0,,,,,,62.8763,5234,status=FAILURE
Z12,460,0.05,103,attraction,4,FAILURE,0,,,,,,60.8947,5234,status=FAILURE
Z12,460,0.05,103,pssa,0,FAILURE,0,,,,,,67.9758,5234,status=FAILURE
Z12,600,0.05,102,template,-1,INFEASIBLE,0,,,,,,0.0,8855,n=600 > max clique 184
Z12,600,0.05,102,clique,-1,FAILURE,0,,,,,,0.0237,8855,status=FAILURE
Z12,460,0.05,103,attraction,2,FAILURE,0,,,,,,64.4517,5234,status=FAILURE
Z12,460,0.05,103,attraction,1,FAILURE,0,,,,,,65.1775,5234,status=FAILURE
Z12,460,0.05,103,attraction,0,FAILURE,0,,,,,,65.5362,5234,status=FAILURE
Z12,600,0.05,101,minorminer,2,FAILURE,0,,,,,,64.5158,9080,status=FAILURE
Z12,460,0.05,103,attraction,3,FAILURE,0,,,,,,65.3754,5234,status=FAILURE
Z12,600,0.05,101,minorminer,4,FAILURE,0,,,,,,63.8071,9080,status=FAILURE
Z12,600,0.05,101,minorminer,0,FAILURE,0,,,,,,65.4004,9080,status=FAILURE
Z12,460,0.05,103,pssa,3,FAILURE,0,,,,,,67.5768,5234,status=FAILURE
Z12,460,0.05,103,pssa,4,FAILURE,0,,,,,,67.3014,5234,status=FAILURE
Z12,600,0.05,101,minorminer,3,FAILURE,0,,,,,,65.1266,9080,status=FAILURE
Z12,600,0.05,101,mmfork-cuthill,1,FAILURE,0,,,,,,64.316,9080,status=FAILURE
Z12,460,0.05,103,pssa,2,FAILURE,0,,,,,,68.8593,5234,status=FAILURE
Z12,600,0.05,101,minorminer,1,FAILURE,0,,,,,,66.3672,9080,status=FAILURE
Z12,600,0.05,101,mmfork-cuthill,2,FAILURE,0,,,,,,65.7569,9080,status=FAILURE
Z12,600,0.05,101,mmfork-cuthill,0,FAILURE,0,,,,,,66.2524,9080,status=FAILURE
Z12,600,0.05,101,mmfork-cuthill,4,FAILURE,0,,,,,,64.6465,9080,status=FAILURE
Z12,600,0.05,101,mmfork-cuthill,3,FAILURE,0,,,,,,66.3412,9080,status=FAILURE
Z12,600,0.05,101,clmm,0,FAILURE,0,,,,,,66.1625,9080,clmm: MM stage returned empty
Z12,600,0.05,101,clmm,1,FAILURE,0,,,,,,67.3879,9080,clmm: MM stage returned empty
Z12,600,0.05,101,clmm,2,FAILURE,0,,,,,,67.0944,9080,clmm: MM stage returned empty
Z12,600,0.05,101,clmm,3,FAILURE,0,,,,,,66.8139,9080,clmm: MM stage returned empty
Z12,600,0.05,101,clmm,4,FAILURE,0,,,,,,65.711,9080,clmm: MM stage returned empty
Z12,600,0.05,101,pssa,3,FAILURE,0,,,,,,66.4468,9080,status=FAILURE
Z12,600,0.05,101,pssa,0,FAILURE,0,,,,,,67.8154,9080,status=FAILURE
Z12,600,0.05,101,pssa,1,FAILURE,0,,,,,,69.7781,9080,status=FAILURE
Z12,600,0.05,103,template,-1,INFEASIBLE,0,,,,,,0.0,8929,n=600 > max clique 184
Z12,600,0.05,103,clique,-1,FAILURE,0,,,,,,0.0241,8929,status=FAILURE
Z12,600,0.05,101,attraction,0,FAILURE,0,,,,,,68.001,9080,status=FAILURE
Z12,600,0.05,101,pssa,2,FAILURE,0,,,,,,69.8708,9080,status=FAILURE
Z12,600,0.05,101,attraction,1,FAILURE,0,,,,,,67.394,9080,status=FAILURE
Z12,600,0.05,101,pssa,4,FAILURE,0,,,,,,70.2491,9080,status=FAILURE
Z12,600,0.05,101,attraction,2,FAILURE,0,,,,,,67.1331,9080,status=FAILURE
Z12,600,0.05,101,attraction,4,FAILURE,0,,,,,,67.3505,9080,status=FAILURE
Z12,600,0.05,102,minorminer,0,FAILURE,0,,,,,,65.2678,8855,status=FAILURE
Z12,600,0.05,101,attraction,3,FAILURE,0,,,,,,69.2838,9080,status=FAILURE
Z12,600,0.05,102,minorminer,2,FAILURE,0,,,,,,62.3015,8855,status=FAILURE
Z12,600,0.05,102,minorminer,1,FAILURE,0,,,,,,65.1374,8855,status=FAILURE
Z12,600,0.05,102,minorminer,3,FAILURE,0,,,,,,65.3307,8855,status=FAILURE
Z12,600,0.05,102,minorminer,4,FAILURE,0,,,,,,63.9238,8855,status=FAILURE
Z12,600,0.05,102,mmfork-cuthill,0,FAILURE,0,,,,,,65.1707,8855,status=FAILURE
Z12,600,0.05,102,mmfork-cuthill,1,FAILURE,0,,,,,,63.9124,8855,status=FAILURE
Z12,600,0.05,102,mmfork-cuthill,2,FAILURE,0,,,,,,64.2455,8855,status=FAILURE
Z12,600,0.05,102,mmfork-cuthill,3,FAILURE,0,,,,,,65.2365,8855,status=FAILURE
Z12,600,0.05,102,mmfork-cuthill,4,FAILURE,0,,,,,,66.2512,8855,status=FAILURE
Z12,600,0.05,102,clmm,0,FAILURE,0,,,,,,65.7967,8855,clmm: MM stage returned empty
Z12,600,0.05,102,clmm,1,FAILURE,0,,,,,,65.6797,8855,clmm: MM stage returned empty
Z12,600,0.05,102,clmm,2,FAILURE,0,,,,,,66.5168,8855,clmm: MM stage returned empty
Z12,600,0.05,102,clmm,4,FAILURE,0,,,,,,64.3754,8855,clmm: MM stage returned empty
Z12,600,0.05,102,clmm,3,FAILURE,0,,,,,,66.0736,8855,clmm: MM stage returned empty
Z12,600,0.05,102,pssa,0,FAILURE,0,,,,,,66.2653,8855,status=FAILURE
Z12,600,0.05,102,pssa,4,FAILURE,0,,,,,,64.8573,8855,status=FAILURE
Z12,600,0.05,103,minorminer,3,FAILURE,0,,,,,,63.5812,8929,status=FAILURE
Z12,600,0.05,103,minorminer,2,FAILURE,0,,,,,,64.1437,8929,status=FAILURE
Z12,600,0.05,103,minorminer,1,FAILURE,0,,,,,,64.6332,8929,status=FAILURE
Z12,600,0.05,103,minorminer,0,FAILURE,0,,,,,,65.0935,8929,status=FAILURE
Z12,600,0.05,102,pssa,3,FAILURE,0,,,,,,66.5939,8855,status=FAILURE
Z12,600,0.05,102,pssa,1,FAILURE,0,,,,,,67.5543,8855,status=FAILURE
Z12,600,0.05,102,pssa,2,FAILURE,0,,,,,,67.3621,8855,status=FAILURE
Z12,600,0.05,102,attraction,1,FAILURE,0,,,,,,66.3972,8855,status=FAILURE
Z12,600,0.05,102,attraction,0,FAILURE,0,,,,,,67.023,8855,status=FAILURE
Z12,600,0.05,103,mmfork-cuthill,0,FAILURE,0,,,,,,64.2464,8929,status=FAILURE
Z12,600,0.05,103,minorminer,4,FAILURE,0,,,,,,64.588,8929,status=FAILURE
Z12,600,0.05,102,attraction,4,FAILURE,0,,,,,,67.0189,8855,status=FAILURE
Z12,600,0.05,103,mmfork-cuthill,1,FAILURE,0,,,,,,64.6358,8929,status=FAILURE
Z12,600,0.05,103,mmfork-cuthill,2,FAILURE,0,,,,,,64.3565,8929,status=FAILURE
Z12,600,0.05,102,attraction,2,FAILURE,0,,,,,,67.8233,8855,status=FAILURE
Z12,600,0.05,102,attraction,3,FAILURE,0,,,,,,68.1533,8855,status=FAILURE
Z12,600,0.05,103,mmfork-cuthill,3,FAILURE,0,,,,,,64.9025,8929,status=FAILURE
Z12,600,0.05,103,mmfork-cuthill,4,FAILURE,0,,,,,,64.175,8929,status=FAILURE
Z12,600,0.05,103,clmm,0,FAILURE,0,,,,,,67.1963,8929,clmm: MM stage returned empty
Z12,600,0.05,103,clmm,1,FAILURE,0,,,,,,64.2439,8929,clmm: MM stage returned empty
Z12,600,0.05,103,clmm,3,FAILURE,0,,,,,,63.7411,8929,clmm: MM stage returned empty
Z12,600,0.05,103,clmm,2,FAILURE,0,,,,,,66.1735,8929,clmm: MM stage returned empty
Z12,600,0.05,103,pssa,3,FAILURE,0,,,,,,61.4859,8929,status=FAILURE
Z12,600,0.05,103,pssa,0,FAILURE,0,,,,,,62.0064,8929,status=FAILURE
Z12,600,0.05,103,pssa,2,FAILURE,0,,,,,,62.3935,8929,status=FAILURE
Z12,600,0.05,103,pssa,1,FAILURE,0,,,,,,63.5316,8929,status=FAILURE
Z12,600,0.05,103,clmm,4,FAILURE,0,,,,,,66.0355,8929,clmm: MM stage returned empty
Z12,600,0.05,103,pssa,4,FAILURE,0,,,,,,62.8132,8929,status=FAILURE
Z12,600,0.05,103,attraction,0,FAILURE,0,,,,,,66.6531,8929,status=FAILURE
Z12,600,0.05,103,attraction,3,FAILURE,0,,,,,,66.2507,8929,status=FAILURE
Z12,600,0.05,103,attraction,1,FAILURE,0,,,,,,68.3461,8929,status=FAILURE
Z12,600,0.05,103,attraction,4,FAILURE,0,,,,,,66.092,8929,status=FAILURE
Z12,600,0.05,103,attraction,2,FAILURE,0,,,,,,68.2837,8929,status=FAILURE
