topo,n,p,inst_seed,base_seed,mode,status,success,acl,acl_spur,max_chain,qubits,wall,winner,n_edges,err,arm_meta
P16,100,0.2,101,1,race8-seq,SUCCESS,1,8.38,8.38,10,838,60.174,template[0]@template,989,,"{""final_survivor"":7,""elapsed_s"":60.174,""arms"":{""0"":[""template"",""floor"",8.38],""1"":[""mm"",""dropped:r1"",11.5],""2"":[""mm"",""dropped:r1"",12.24],""3"":[""mm"",""dropped:r1"",11.35],""4"":[""mm"",""dropped:r2"",10.14],""5"":[""cuthill"",""dropped:r2"",10.2],""6"":[""clmm"",""dropped:r3"",8.9],""7"":[""clmm-core"",""final"",8.69]}}"
P16,100,0.2,101,1,bestof8-seq,SUCCESS,1,9.75,9.37,16,975,60.0335,mm[run0],989,,"{""per_run_s"":7.5,""accs"":[9.75,10.39,9.98,10.25,9.83,10.32,10.35,10.47]}"
P16,100,0.2,101,1,bestof8-par,SUCCESS,1,9.34,8.97,15,934,17.8059,mm[run0],989,,"{""per_run_s"":60.0,""accs"":[9.34,10.39,9.98,9.91,9.62,9.78,9.39,9.9],""used_s"":[17.8,10.2,10.6,14.2,12.7,15.4,17.1,15.5]}"
P16,100,0.2,101,1,race8-par,SUCCESS,1,8.38,8.38,10,838,60.2249,template[0]@template,989,,"{""final_survivor"":7,""elapsed_s"":60.225,""arms"":{""0"":[""template"",""floor"",8.38],""1"":[""mm"",""dropped:r1"",11.36],""2"":[""mm"",""dropped:r1"",12.79],""3"":[""mm"",""dropped:r1"",11.47],""4"":[""mm"",""dropped:r2"",10.05],""5"":[""cuthill"",""dropped:r2"",10.2],""6"":[""clmm"",""dropped:r3"",8.79],""7"":[""clmm-core"",""final"",8.68]}}"
P16,100,0.2,101,4,race8-seq,SUCCESS,1,8.38,8.38,10,838,60.1138,template[0]@template,989,,"{""final_survivor"":7,""elapsed_s"":60.113,""arms"":{""0"":[""template"",""floor"",8.38],""1"":[""mm"",""dropped:r2"",10.8],""2"":[""mm"",""dropped:r1"",10.87],""3"":[""mm"",""dropped:r1"",12.55],""4"":[""mm"",""dropped:r1"",11.08],""5"":[""cuthill"",""dropped:r2"",9.7],""6"":[""clmm"",""dropped:r3"",8.79],""7"":[""clmm-core"",""final"",8.71]}}"
P16,100,0.2,101,4,bestof8-seq,SUCCESS,1,10.06,9.66,16,1006,60.392,mm[run6],989,,"{""per_run_s"":7.5,""accs"":[10.34,10.44,10.36,10.07,10.5,10.22,10.06,10.47]}"
P16,100,0.2,101,4,bestof8-par,SUCCESS,1,9.36,8.97,15,936,18.3368,mm[run5],989,,"{""per_run_s"":60.0,""accs"":[9.44,9.86,9.63,9.82,10.5,9.36,9.63,10.1],""used_s"":[17.7,15.4,16.8,14.4,8.7,16.2,18.3,13.8]}"
P16,100,0.2,101,4,race8-par,SUCCESS,1,8.38,8.38,10,838,60.2451,template[0]@template,989,,"{""final_survivor"":7,""elapsed_s"":60.245,""arms"":{""0"":[""template"",""floor"",8.38],""1"":[""mm"",""dropped:r2"",10.8],""2"":[""mm"",""dropped:r1"",10.87],""3"":[""mm"",""dropped:r1"",12.55],""4"":[""mm"",""dropped:r1"",11.08],""5"":[""cuthill"",""dropped:r2"",9.64],""6"":[""clmm"",""dropped:r3"",8.79],""7"":[""clmm-core"",""final"",8.69]}}"
P16,100,0.2,101,3,race8-seq,SUCCESS,1,8.38,8.38,10,838,60.1548,template[0]@template,989,,"{""final_survivor"":6,""elapsed_s"":60.155,""arms"":{""0"":[""template"",""floor"",8.38],""1"":[""mm"",""dropped:r1"",12.62],""2"":[""mm"",""dropped:r1"",12.13],""3"":[""mm"",""dropped:r2"",10.69],""4"":[""mm"",""dropped:r1"",11.57],""5"":[""cuthill"",""dropped:r2"",10.15],""6"":[""clmm"",""final"",8.73],""7"":[""clmm-core"",""dropped:r3"",9.11]}}"
P16,100,0.2,101,3,bestof8-seq,SUCCESS,1,9.92,9.32,16,992,60.3151,mm[run0],989,,"{""per_run_s"":7.5,""accs"":[9.92,10.38,10.35,10.42,10.68,10.4,9.92,10.85]}"
P16,100,0.2,101,3,bestof8-par,SUCCESS,1,9.41,8.98,16,941,19.1562,mm[run5],989,,"{""per_run_s"":60.0,""accs"":[9.92,9.78,9.84,9.42,9.74,9.41,9.87,9.43],""used_s"":[12.7,16.1,15.3,17.2,15.7,17.3,14.8,19.1]}"
P16,100,0.2,101,3,race8-par,SUCCESS,1,8.38,8.38,10,838,60.2151,template[0]@template,989,,"{""final_survivor"":6,""elapsed_s"":60.215,""arms"":{""0"":[""template"",""floor"",8.38],""1"":[""mm"",""dropped:r1"",12.62],""2"":[""mm"",""dropped:r1"",12.13],""3"":[""mm"",""dropped:r2"",10.69],""4"":[""mm"",""dropped:r1"",11.57],""5"":[""cuthill"",""dropped:r2"",10.1],""6"":[""clmm"",""final"",8.72],""7"":[""clmm-core"",""dropped:r3"",9.11]}}"
P16,100,0.2,101,0,race8-seq,SUCCESS,1,8.38,8.38,10,838,60.3237,template[0]@template,989,,"{""final_survivor"":6,""elapsed_s"":60.323,""arms"":{""0"":[""template"",""floor"",8.38],""1"":[""mm"",""dropped:r1"",13.75],""2"":[""mm"",""dropped:r2"",10.4],""3"":[""mm"",""dropped:r1"",13.76],""4"":[""mm"",""dropped:r1"",12.24],""5"":[""cuthill"",""dropped:r2"",9.51],""6"":[""clmm"",""final"",8.66],""7"":[""clmm-core"",""dropped:r3"",8.7]}}"
P16,100,0.2,101,0,bestof8-seq,SUCCESS,1,9.85,9.42,17,985,60.1175,mm[run1],989,,"{""per_run_s"":7.5,""accs"":[9.98,9.85,10.85,10.6,10.32,10.04,10.19,10.95]}"
P16,100,0.2,101,0,bestof8-par,SUCCESS,1,8.94,8.68,14,894,21.1559,mm[run7],989,,"{""per_run_s"":60.0,""accs"":[9.58,9.55,10.19,10.13,10.14,9.23,9.87,8.94],""used_s"":[19.1,17.1,14.1,14.2,13.0,18.2,12.2,21.1]}"
P16,100,0.2,101,0,race8-par,SUCCESS,1,8.38,8.38,10,838,60.0692,template[0]@template,989,,"{""final_survivor"":6,""elapsed_s"":60.069,""arms"":{""0"":[""template"",""floor"",8.38],""1"":[""mm"",""dropped:r1"",13.75],""2"":[""mm"",""dropped:r2"",10.4],""3"":[""mm"",""dropped:r1"",13.76],""4"":[""mm"",""dropped:r1"",12.53],""5"":[""cuthill"",""dropped:r2"",9.51],""6"":[""clmm"",""final"",8.63],""7"":[""clmm-core"",""dropped:r3"",8.72]}}"
P16,100,0.2,101,2,race8-seq,SUCCESS,1,8.38,8.38,10,838,60.1243,template[0]@template,989,,"{""final_survivor"":7,""elapsed_s"":60.124,""arms"":{""0"":[""template"",""floor"",8.38],""1"":[""mm"",""dropped:r1"",11.09],""2"":[""mm"",""dropped:r1"",11.85],""3"":[""mm"",""dropped:r1"",10.88],""4"":[""mm"",""dropped:r2"",10.33],""5"":[""cuthill"",""dropped:r2"",9.47],""6"":[""clmm"",""dropped:r3"",8.78],""7"":[""clmm-core"",""final"",8.69]}}"
P16,100,0.2,101,2,bestof8-seq,SUCCESS,1,9.53,9.12,15,953,58.6492,mm[run4],989,,"{""per_run_s"":7.5,""accs"":[10.57,10.03,12.0,9.91,9.53,10.48,10.36,9.61]}"
P16,100,0.2,101,2,bestof8-par,SUCCESS,1,9.15,8.78,14,915,27.9971,mm[run6],989,,"{""per_run_s"":60.0,""accs"":[10.57,9.65,12.0,9.79,9.53,9.91,9.15,9.61],""used_s"":[7.5,15.8,6.2,13.9,11.3,16.6,28.0,11.1]}"
P16,100,0.2,101,2,race8-par,SUCCESS,1,8.38,8.38,10,838,60.5293,template[0]@template,989,,"{""final_survivor"":7,""elapsed_s"":60.529,""arms"":{""0"":[""template"",""floor"",8.38],""1"":[""mm"",""dropped:r1"",11.09],""2"":[""mm"",""dropped:r1"",11.85],""3"":[""mm"",""dropped:r2"",10.38],""4"":[""mm"",""dropped:r1"",10.88],""5"":[""cuthill"",""dropped:r2"",9.47],""6"":[""clmm"",""dropped:r3"",8.78],""7"":[""clmm-core"",""final"",8.64]}}"
P16,100,0.2,102,1,race8-seq,SUCCESS,1,8.49,8.49,10,849,60.1797,template[0]@template,958,,"{""final_survivor"":7,""elapsed_s"":60.179,""arms"":{""0"":[""template"",""floor"",8.49],""1"":[""mm"",""dropped:r1"",10.63],""2"":[""mm"",""dropped:r2"",10.25],""3"":[""mm"",""dropped:r1"",12.06],""4"":[""mm"",""dropped:r1"",10.63],""5"":[""cuthill"",""dropped:r2"",9.31],""6"":[""clmm"",""dropped:r3"",8.69],""7"":[""clmm-core"",""final"",8.67]}}"
P16,100,0.2,102,1,bestof8-seq,SUCCESS,1,9.71,9.3,17,971,60.3891,mm[run1],958,,"{""per_run_s"":7.5,""accs"":[10.56,9.71,9.87,10.83,10.01,9.79,9.97,10.23]}"
P16,100,0.2,102,1,bestof8-par,SUCCESS,1,9.11,8.73,16,911,17.5707,mm[run1],958,,"{""per_run_s"":60.0,""accs"":[9.26,9.11,9.87,10.83,9.65,9.79,9.49,9.55],""used_s"":[16.5,15.9,11.1,7.8,17.5,8.5,14.7,11.8]}"
P16,100,0.2,102,1,race8-par,SUCCESS,1,8.49,8.49,10,849,60.1413,template[0]@template,958,,"{""final_survivor"":7,""elapsed_s"":60.141,""arms"":{""0"":[""template"",""floor"",8.49],""1"":[""mm"",""dropped:r1"",10.63],""2"":[""mm"",""dropped:r2"",10.25],""3"":[""mm"",""dropped:r1"",12.06],""4"":[""mm"",""dropped:r1"",10.63],""5"":[""cuthill"",""dropped:r2"",9.31],""6"":[""clmm"",""dropped:r3"",8.69],""7"":[""clmm-core"",""final"",8.57]}}"
P16,100,0.2,102,2,race8-seq,SUCCESS,1,8.49,8.49,10,849,60.0953,template[0]@template,958,,"{""final_survivor"":6,""elapsed_s"":60.095,""arms"":{""0"":[""template"",""floor"",8.49],""1"":[""mm"",""dropped:r2"",9.22],""2"":[""mm"",""dropped:r1"",10.63],""3"":[""mm"",""dropped:r1"",11.1],""4"":[""mm"",""dropped:r1"",10.71],""5"":[""cuthill"",""dropped:r2"",9.45],""6"":[""clmm"",""final"",8.62],""7"":[""clmm-core"",""dropped:r3"",9.02]}}"
P16,100,0.2,102,2,bestof8-seq,SUCCESS,1,9.95,9.45,16,995,60.1479,mm[run7],958,,"{""per_run_s"":7.5,""accs"":[10.44,10.59,9.98,10.89,10.18,11.03,10.17,9.95]}"
P16,100,0.2,102,2,bestof8-par,SUCCESS,1,9.12,8.79,15,912,18.8523,mm[run3],958,,"{""per_run_s"":60.0,""accs"":[10.44,9.59,9.49,9.12,9.81,11.03,10.17,9.95],""used_s"":[6.6,15.5,12.3,18.8,18.7,8.2,9.6,12.1]}"
P16,100,0.2,102,2,race8-par,SUCCESS,1,8.49,8.49,10,849,60.2693,template[0]@template,958,,"{""final_survivor"":6,""elapsed_s"":60.269,""arms"":{""0"":[""template"",""floor"",8.49],""1"":[""mm"",""dropped:r2"",9.22],""2"":[""mm"",""dropped:r1"",10.63],""3"":[""mm"",""dropped:r1"",11.05],""4"":[""mm"",""dropped:r1"",10.71],""5"":[""cuthill"",""dropped:r2"",9.45],""6"":[""clmm"",""final"",8.62],""7"":[""clmm-core"",""dropped:r3"",9.01]}}"
P16,100,0.2,102,0,race8-seq,SUCCESS,1,8.49,8.49,10,849,60.036,template[0]@template,958,,"{""final_survivor"":7,""elapsed_s"":60.036,""arms"":{""0"":[""template"",""floor"",8.49],""1"":[""mm"",""dropped:r1"",11.19],""2"":[""mm"",""dropped:r1"",10.49],""3"":[""mm"",""dropped:r2"",9.69],""4"":[""mm"",""dropped:r1"",10.53],""5"":[""cuthill"",""dropped:r2"",9.7],""6"":[""clmm"",""dropped:r3"",8.78],""7"":[""clmm-core"",""final"",8.69]}}"
P16,100,0.2,102,0,bestof8-seq,SUCCESS,1,9.59,9.23,17,959,59.3928,mm[run0],958,,"{""per_run_s"":7.5,""accs"":[9.59,10.09,9.74,10.44,9.96,10.0,9.78,10.01]}"
P16,100,0.2,102,0,bestof8-par,SUCCESS,1,9.01,8.64,14,901,23.5066,mm[run7],958,,"{""per_run_s"":60.0,""accs"":[9.34,9.7,9.54,10.44,9.96,9.22,9.49,9.01],""used_s"":[16.8,18.4,11.9,5.7,11.2,23.5,18.7,20.0]}"
P16,100,0.2,102,0,race8-par,SUCCESS,1,8.49,8.49,10,849,60.1829,template[0]@template,958,,"{""final_survivor"":7,""elapsed_s"":60.183,""arms"":{""0"":[""template"",""floor"",8.49],""1"":[""mm"",""dropped:r1"",11.19],""2"":[""mm"",""dropped:r1"",10.49],""3"":[""mm"",""dropped:r2"",9.69],""4"":[""mm"",""dropped:r1"",10.52],""5"":[""cuthill"",""dropped:r2"",9.7],""6"":[""clmm"",""dropped:r3"",8.78],""7"":[""clmm-core"",""final"",8.53]}}"
P16,100,0.2,102,3,race8-seq,SUCCESS,1,8.49,8.49,10,849,60.0283,template[0]@template,958,,"{""final_survivor"":6,""elapsed_s"":60.028,""arms"":{""0"":[""template"",""floor"",8.49],""1"":[""mm"",""dropped:r1"",11.03],""2"":[""mm"",""dropped:r1"",10.99],""3"":[""mm"",""dropped:r1"",11.12],""4"":[""mm"",""dropped:r2"",10.22],""5"":[""cuthill"",""dropped:r2"",9.49],""6"":[""clmm"",""final"",8.62],""7"":[""clmm-core"",""dropped:r3"",8.63]}}"
P16,100,0.2,102,3,bestof8-seq,SUCCESS,1,9.38,8.93,15,938,60.3198,mm[run6],958,,"{""per_run_s"":7.5,""accs"":[9.99,9.71,10.07,10.35,10.37,9.77,9.38,9.98]}"
P16,100,0.2,102,3,bestof8-par,SUCCESS,1,9.04,8.71,14,904,24.6495,mm[run0],958,,"{""per_run_s"":60.0,""accs"":[9.04,9.71,9.56,10.0,9.65,9.37,9.38,9.61],""used_s"":[24.6,11.8,13.1,13.1,16.6,14.1,10.5,11.0]}"
P16,100,0.2,102,3,race8-par,SUCCESS,1,8.49,8.49,10,849,60.1402,template[0]@template,958,,"{""final_survivor"":7,""elapsed_s"":60.14,""arms"":{""0"":[""template"",""floor"",8.49],""1"":[""mm"",""dropped:r1"",11.03],""2"":[""mm"",""dropped:r1"",10.99],""3"":[""mm"",""dropped:r1"",11.12],""4"":[""mm"",""dropped:r2"",10.22],""5"":[""cuthill"",""dropped:r2"",9.49],""6"":[""clmm"",""dropped:r3"",8.62],""7"":[""clmm-core"",""final"",8.57]}}"
P16,100,0.2,102,4,race8-seq,SUCCESS,1,8.49,8.49,10,849,60.0892,template[0]@template,958,,"{""final_survivor"":7,""elapsed_s"":60.089,""arms"":{""0"":[""template"",""floor"",8.49],""1"":[""mm"",""dropped:r1"",10.94],""2"":[""mm"",""dropped:r1"",10.9],""3"":[""mm"",""dropped:r1"",10.84],""4"":[""mm"",""dropped:r2"",9.97],""5"":[""cuthill"",""dropped:r2"",8.95],""6"":[""clmm"",""dropped:r3"",8.75],""7"":[""clmm-core"",""final"",8.66]}}"
P16,100,0.2,102,4,bestof8-seq,SUCCESS,1,9.64,9.19,16,964,60.2169,mm[run3],958,,"{""per_run_s"":7.5,""accs"":[9.82,9.78,9.72,9.64,9.7,10.55,9.9,10.04]}"
P16,100,0.2,102,4,bestof8-par,SUCCESS,1,9.25,8.91,15,925,19.3591,mm[run6],958,,"{""per_run_s"":60.0,""accs"":[9.55,9.81,9.34,9.64,9.26,9.94,9.25,9.68],""used_s"":[12.6,12.5,16.4,9.2,19.3,13.5,18.3,13.4]}"
P16,100,0.2,102,4,race8-par,SUCCESS,1,8.49,8.49,10,849,60.0752,template[0]@template,958,,"{""final_survivor"":7,""elapsed_s"":60.075,""arms"":{""0"":[""template"",""floor"",8.49],""1"":[""mm"",""dropped:r1"",10.94],""2"":[""mm"",""dropped:r1"",10.9],""3"":[""mm"",""dropped:r1"",10.84],""4"":[""mm"",""dropped:r2"",10.03],""5"":[""cuthill"",""dropped:r2"",8.95],""6"":[""clmm"",""dropped:r3"",8.75],""7"":[""clmm-core"",""final"",8.61]}}"
P16,100,0.2,103,0,race8-seq,SUCCESS,1,8.46,8.46,10,846,60.0367,template[0]@template,971,,"{""final_survivor"":7,""elapsed_s"":60.036,""arms"":{""0"":[""template"",""floor"",8.46],""1"":[""mm"",""dropped:r1"",10.61],""2"":[""mm"",""dropped:r1"",11.65],""3"":[""mm"",""dropped:r1"",11.47],""4"":[""mm"",""dropped:r2"",10.09],""5"":[""cuthill"",""dropped:r2"",10.28],""6"":[""clmm"",""dropped:r3"",8.87],""7"":[""clmm-core"",""final"",8.73]}}"
P16,100,0.2,103,0,bestof8-seq,SUCCESS,1,9.63,9.19,16,963,60.255,mm[run3],971,,"{""per_run_s"":7.5,""accs"":[10.47,10.07,9.96,9.63,9.78,9.68,9.96,10.62]}"
P16,100,0.2,103,0,bestof8-par,SUCCESS,1,9.2,8.86,16,920,19.9373,mm[run7],971,,"{""per_run_s"":60.0,""accs"":[9.66,9.55,9.61,9.72,9.78,9.68,9.48,9.2],""used_s"":[14.9,16.6,14.8,11.2,10.7,8.0,17.1,19.9]}"
P16,100,0.2,103,0,race8-par,SUCCESS,1,8.46,8.46,10,846,60.0549,template[0]@template,971,,"{""final_survivor"":7,""elapsed_s"":60.055,""arms"":{""0"":[""template"",""floor"",8.46],""1"":[""mm"",""dropped:r1"",10.61],""2"":[""mm"",""dropped:r1"",11.65],""3"":[""mm"",""dropped:r1"",11.47],""4"":[""mm"",""dropped:r2"",10.09],""5"":[""cuthill"",""dropped:r2"",10.28],""6"":[""clmm"",""dropped:r3"",8.87],""7"":[""clmm-core"",""final"",8.73]}}"
P16,100,0.2,103,2,race8-seq,SUCCESS,1,8.46,8.46,10,846,60.0393,template[0]@template,971,,"{""final_survivor"":7,""elapsed_s"":60.039,""arms"":{""0"":[""template"",""floor"",8.46],""1"":[""mm"",""dropped:r1"",11.58],""2"":[""mm"",""dropped:r1"",10.77],""3"":[""mm"",""dropped:r2"",10.52],""4"":[""mm"",""dropped:r1"",10.73],""5"":[""cuthill"",""dropped:r2"",9.61],""6"":[""clmm"",""dropped:r3"",8.99],""7"":[""clmm-core"",""final"",8.73]}}"
P16,100,0.2,103,2,bestof8-seq,SUCCESS,1,9.73,9.26,17,973,60.0442,mm[run6],971,,"{""per_run_s"":7.5,""accs"":[10.13,10.96,10.13,10.68,10.14,9.92,9.73,10.79]}"
P16,100,0.2,103,2,bestof8-par,SUCCESS,1,9.42,9.09,15,942,21.1735,mm[run6],971,,"{""per_run_s"":60.0,""accs"":[10.13,9.46,9.76,10.68,9.78,9.52,9.42,10.79],""used_s"":[8.4,21.1,14.3,8.8,16.4,14.3,16.5,8.3]}"
P16,100,0.2,103,2,race8-par,SUCCESS,1,8.46,8.46,10,846,60.2714,template[0]@template,971,,"{""final_survivor"":7,""elapsed_s"":60.271,""arms"":{""0"":[""template"",""floor"",8.46],""1"":[""mm"",""dropped:r1"",11.58],""2"":[""mm"",""dropped:r1"",10.77],""3"":[""mm"",""dropped:r2"",10.52],""4"":[""mm"",""dropped:r1"",10.73],""5"":[""cuthill"",""dropped:r2"",9.61],""6"":[""clmm"",""dropped:r3"",8.84],""7"":[""clmm-core"",""final"",8.72]}}"
P16,100,0.2,103,1,race8-seq,SUCCESS,1,8.46,8.46,10,846,60.1334,template[0]@template,971,,"{""final_survivor"":7,""elapsed_s"":60.133,""arms"":{""0"":[""template"",""floor"",8.46],""1"":[""mm"",""dropped:r1"",10.96],""2"":[""mm"",""dropped:r1"",10.73],""3"":[""mm"",""dropped:r1"",10.7],""4"":[""mm"",""dropped:r2"",10.02],""5"":[""cuthill"",""dropped:r2"",10.47],""6"":[""clmm"",""dropped:r3"",8.79],""7"":[""clmm-core"",""final"",8.68]}}"
P16,100,0.2,103,1,bestof8-seq,SUCCESS,1,9.61,9.12,16,961,60.1867,mm[run1],971,,"{""per_run_s"":7.5,""accs"":[10.35,9.61,10.38,10.37,9.7,10.6,9.62,10.04]}"
P16,100,0.2,103,1,bestof8-par,SUCCESS,1,9.09,8.71,15,909,25.1769,mm[run5],971,,"{""per_run_s"":60.0,""accs"":[9.34,9.56,10.38,9.34,9.62,9.09,9.34,10.04],""used_s"":[25.2,15.4,8.3,23.6,13.7,24.5,11.1,8.6]}"
P16,100,0.2,103,1,race8-par,SUCCESS,1,8.46,8.46,10,846,60.0465,template[0]@template,971,,"{""final_survivor"":7,""elapsed_s"":60.046,""arms"":{""0"":[""template"",""floor"",8.46],""1"":[""mm"",""dropped:r1"",10.91],""2"":[""mm"",""dropped:r1"",10.73],""3"":[""mm"",""dropped:r1"",10.7],""4"":[""mm"",""dropped:r2"",10.02],""5"":[""cuthill"",""dropped:r2"",10.47],""6"":[""clmm"",""dropped:r3"",8.79],""7"":[""clmm-core"",""final"",8.67]}}"
P16,100,0.2,103,4,race8-seq,SUCCESS,1,8.46,8.46,10,846,60.2565,template[0]@template,971,,"{""final_survivor"":6,""elapsed_s"":60.256,""arms"":{""0"":[""template"",""floor"",8.46],""1"":[""mm"",""dropped:r1"",11.11],""2"":[""mm"",""dropped:r1"",10.89],""3"":[""mm"",""dropped:r2"",9.8],""4"":[""mm"",""dropped:r1"",10.81],""5"":[""cuthill"",""dropped:r2"",10.38],""6"":[""clmm"",""final"",8.7],""7"":[""clmm-core"",""dropped:r3"",8.8]}}"
P16,100,0.2,103,4,bestof8-seq,SUCCESS,1,9.52,9.09,15,952,60.285,mm[run4],971,,"{""per_run_s"":7.5,""accs"":[10.43,10.61,9.64,10.68,9.52,10.58,10.58,10.3]}"
P16,100,0.2,103,4,bestof8-par,SUCCESS,1,9.07,8.71,14,907,22.8427,mm[run2],971,,"{""per_run_s"":60.0,""accs"":[9.66,9.57,9.07,9.31,9.52,10.58,9.87,9.98],""used_s"":[21.1,19.8,17.4,22.8,8.5,11.4,16.1,11.3]}"
P16,100,0.2,103,4,race8-par,SUCCESS,1,8.46,8.46,10,846,60.1658,template[0]@template,971,,"{""final_survivor"":6,""elapsed_s"":60.165,""arms"":{""0"":[""template"",""floor"",8.46],""1"":[""mm"",""dropped:r1"",11.11],""2"":[""mm"",""dropped:r1"",10.89],""3"":[""mm"",""dropped:r2"",9.8],""4"":[""mm"",""dropped:r1"",10.81],""5"":[""cuthill"",""dropped:r2"",10.38],""6"":[""clmm"",""final"",8.68],""7"":[""clmm-core"",""dropped:r3"",8.8]}}"
P16,100,0.2,103,3,race8-seq,SUCCESS,1,8.46,8.46,10,846,60.2368,template[0]@template,971,,"{""final_survivor"":7,""elapsed_s"":60.237,""arms"":{""0"":[""template"",""floor"",8.46],""1"":[""mm"",""dropped:r1"",11.54],""2"":[""mm"",""dropped:r2"",10.27],""3"":[""mm"",""dropped:r1"",10.41],""4"":[""mm"",""dropped:r1"",11.13],""5"":[""cuthill"",""dropped:r2"",9.72],""6"":[""clmm"",""dropped:r3"",8.83],""7"":[""clmm-core"",""final"",8.8]}}"
P16,100,0.2,103,3,bestof8-seq,SUCCESS,1,9.7,9.32,18,970,60.0915,mm[run3],971,,"{""per_run_s"":7.5,""accs"":[10.03,9.75,10.45,9.7,10.58,9.81,9.99,10.3]}"
P16,100,0.2,103,3,bestof8-par,SUCCESS,1,9.32,8.94,14,932,30.8728,mm[run1],971,,"{""per_run_s"":60.0,""accs"":[10.03,9.32,10.45,9.7,9.43,9.7,9.83,9.88],""used_s"":[8.7,21.2,11.7,8.6,30.8,12.4,12.7,15.3]}"
P16,100,0.2,103,3,race8-par,SUCCESS,1,8.46,8.46,10,846,60.0209,template[0]@template,971,,"{""final_survivor"":7,""elapsed_s"":60.021,""arms"":{""0"":[""template"",""floor"",8.46],""1"":[""mm"",""dropped:r1"",11.54],""2"":[""mm"",""dropped:r2"",10.27],""3"":[""mm"",""dropped:r1"",10.41],""4"":[""mm"",""dropped:r1"",11.13],""5"":[""cuthill"",""dropped:r2"",9.72],""6"":[""clmm"",""dropped:r3"",8.83],""7"":[""clmm-core"",""final"",8.72]}}"
P16,100,0.2,104,0,race8-seq,SUCCESS,1,8.45,8.45,10,845,60.0911,template[0]@template,974,,"{""final_survivor"":7,""elapsed_s"":60.091,""arms"":{""0"":[""template"",""floor"",8.45],""1"":[""mm"",""dropped:r1"",10.9],""2"":[""mm"",""dropped:r2"",9.82],""3"":[""mm"",""dropped:r1"",10.65],""4"":[""mm"",""dropped:r1"",11.1],""5"":[""cuthill"",""dropped:r2"",9.72],""6"":[""clmm"",""dropped:r3"",8.9],""7"":[""clmm-core"",""final"",8.76]}}"
P16,100,0.2,104,0,bestof8-seq,SUCCESS,1,9.61,9.2,16,961,60.11,mm[run2],974,,"{""per_run_s"":7.5,""accs"":[9.83,10.23,9.61,10.03,10.79,10.11,9.85,9.88]}"
P16,100,0.2,104,0,bestof8-par,SUCCESS,1,9.49,9.06,16,949,15.7251,mm[run6],974,,"{""per_run_s"":60.0,""accs"":[9.83,9.51,9.61,9.93,10.79,10.11,9.49,9.82],""used_s"":[7.9,15.7,9.2,11.2,8.7,6.6,13.2,12.6]}"
P16,100,0.2,104,0,race8-par,SUCCESS,1,8.45,8.45,10,845,60.2121,template[0]@template,974,,"{""final_survivor"":7,""elapsed_s"":60.212,""arms"":{""0"":[""template"",""floor"",8.45],""1"":[""mm"",""dropped:r1"",10.9],""2"":[""mm"",""dropped:r2"",10.24],""3"":[""mm"",""dropped:r2"",10.24],""4"":[""mm"",""dropped:r1"",11.61],""5"":[""cuthill"",""dropped:r1"",10.85],""6"":[""clmm"",""dropped:r3"",8.77],""7"":[""clmm-core"",""final"",8.75]}}"
P16,100,0.2,104,1,race8-seq,SUCCESS,1,8.45,8.45,10,845,60.1665,template[0]@template,974,,"{""final_survivor"":7,""elapsed_s"":60.166,""arms"":{""0"":[""template"",""floor"",8.45],""1"":[""mm"",""dropped:r2"",10.0],""2"":[""mm"",""dropped:r2"",9.7],""3"":[""mm"",""dropped:r1"",11.71],""4"":[""mm"",""dropped:r1"",10.44],""5"":[""cuthill"",""dropped:r1"",11.01],""6"":[""clmm"",""dropped:r3"",8.83],""7"":[""clmm-core"",""final"",8.78]}}"
P16,100,0.2,104,1,bestof8-seq,SUCCESS,1,9.6,9.18,16,960,60.1384,mm[run2],974,,"{""per_run_s"":7.5,""accs"":[10.65,10.38,9.6,10.52,9.85,9.93,10.26,10.28]}"
P16,100,0.2,104,1,bestof8-par,SUCCESS,1,9.46,8.86,16,946,21.7832,mm[run4],974,,"{""per_run_s"":60.0,""accs"":[10.65,9.82,9.56,10.52,9.46,9.58,9.64,9.69],""used_s"":[7.9,12.6,12.9,10.3,11.4,18.5,21.8,11.8]}"
P16,100,0.2,104,1,race8-par,SUCCESS,1,8.45,8.45,10,845,60.0607,template[0]@template,974,,"{""final_survivor"":7,""elapsed_s"":60.06,""arms"":{""0"":[""template"",""floor"",8.45],""1"":[""mm"",""dropped:r2"",10.0],""2"":[""mm"",""dropped:r2"",9.7],""3"":[""mm"",""dropped:r1"",11.71],""4"":[""mm"",""dropped:r1"",10.44],""5"":[""cuthill"",""dropped:r1"",11.01],""6"":[""clmm"",""dropped:r3"",8.83],""7"":[""clmm-core"",""final"",8.77]}}"
P16,100,0.2,104,2,race8-seq,SUCCESS,1,8.45,8.45,10,845,60.2241,template[0]@template,974,,"{""final_survivor"":6,""elapsed_s"":60.224,""arms"":{""0"":[""template"",""floor"",8.45],""1"":[""mm"",""dropped:r1"",11.37],""2"":[""mm"",""dropped:r1"",11.21],""3"":[""mm"",""dropped:r2"",9.92],""4"":[""mm"",""dropped:r2"",9.8],""5"":[""cuthill"",""dropped:r1"",10.59],""6"":[""clmm"",""final"",8.6],""7"":[""clmm-core"",""dropped:r3"",8.73]}}"
P16,100,0.2,104,2,bestof8-seq,SUCCESS,1,9.82,9.4,15,982,60.1814,mm[run3],974,,"{""per_run_s"":7.5,""accs"":[9.92,10.29,10.0,9.82,10.33,9.89,10.3,9.92]}"
P16,100,0.2,104,2,bestof8-par,SUCCESS,1,8.93,8.74,14,893,21.5279,mm[run2],974,,"{""per_run_s"":60.0,""accs"":[9.23,9.72,8.93,9.82,10.33,9.61,10.3,9.92],""used_s"":[18.6,21.5,15.6,9.9,7.1,16.7,7.3,10.3]}"
P16,100,0.2,104,2,race8-par,SUCCESS,1,8.45,8.45,10,845,60.1954,template[0]@template,974,,"{""final_survivor"":6,""elapsed_s"":60.195,""arms"":{""0"":[""template"",""floor"",8.45],""1"":[""mm"",""dropped:r1"",11.4],""2"":[""mm"",""dropped:r1"",11.21],""3"":[""mm"",""dropped:r2"",9.92],""4"":[""mm"",""dropped:r2"",9.8],""5"":[""cuthill"",""dropped:r1"",10.59],""6"":[""clmm"",""final"",8.6],""7"":[""clmm-core"",""dropped:r3"",8.69]}}"
P16,100,0.2,104,3,race8-seq,SUCCESS,1,8.45,8.45,10,845,60.0198,template[0]@template,974,,"{""final_survivor"":6,""elapsed_s"":60.02,""arms"":{""0"":[""template"",""floor"",8.45],""1"":[""mm"",""dropped:r2"",10.34],""2"":[""mm"",""dropped:r1"",10.72],""3"":[""mm"",""dropped:r1"",10.78],""4"":[""mm"",""dropped:r1"",10.96],""5"":[""cuthill"",""dropped:r2"",10.36],""6"":[""clmm"",""final"",8.78],""7"":[""clmm-core"",""dropped:r3"",8.8]}}"
P16,100,0.2,104,3,bestof8-seq,SUCCESS,1,9.78,9.38,16,978,60.2724,mm[run0],974,,"{""per_run_s"":7.5,""accs"":[9.78,10.32,10.11,10.13,10.49,10.1,10.11,10.62]}"
P16,100,0.2,104,3,bestof8-par,SUCCESS,1,9.08,8.84,14,908,27.5751,mm[run6],974,,"{""per_run_s"":60.0,""accs"":[9.64,9.41,9.71,9.46,9.58,9.55,9.08,9.75],""used_s"":[15.2,18.6,13.8,23.2,22.6,14.0,21.8,27.5]}"
P16,100,0.2,104,3,race8-par,SUCCESS,1,8.45,8.45,10,845,60.1414,template[0]@template,974,,"{""final_survivor"":6,""elapsed_s"":60.141,""arms"":{""0"":[""template"",""floor"",8.45],""1"":[""mm"",""dropped:r2"",10.34],""2"":[""mm"",""dropped:r1"",10.72],""3"":[""mm"",""dropped:r1"",10.78],""4"":[""mm"",""dropped:r1"",10.96],""5"":[""cuthill"",""dropped:r2"",10.36],""6"":[""clmm"",""final"",8.69],""7"":[""clmm-core"",""dropped:r3"",8.8]}}"
P16,100,0.2,104,4,race8-seq,SUCCESS,1,8.45,8.45,10,845,60.0717,template[0]@template,974,,"{""final_survivor"":6,""elapsed_s"":60.071,""arms"":{""0"":[""template"",""floor"",8.45],""1"":[""mm"",""dropped:r1"",10.62],""2"":[""mm"",""dropped:r2"",10.18],""3"":[""mm"",""dropped:r1"",10.58],""4"":[""mm"",""dropped:r1"",11.27],""5"":[""cuthill"",""dropped:r2"",10.09],""6"":[""clmm"",""final"",8.81],""7"":[""clmm-core"",""dropped:r3"",8.84]}}"
P16,100,0.2,104,4,bestof8-seq,SUCCESS,1,9.79,9.27,16,979,60.2057,mm[run6],974,,"{""per_run_s"":7.5,""accs"":[9.83,10.03,10.2,10.03,10.13,9.84,9.79,10.33]}"
P16,100,0.2,104,4,bestof8-par,SUCCESS,1,9.37,8.98,15,937,26.0618,mm[run4],974,,"{""per_run_s"":60.0,""accs"":[9.59,9.61,10.2,9.75,9.37,9.81,9.42,9.83],""used_s"":[13.7,16.4,8.4,12.6,26.0,12.5,12.3,12.1]}"
P16,100,0.2,104,4,race8-par,SUCCESS,1,8.45,8.45,10,845,60.1756,template[0]@template,974,,"{""final_survivor"":6,""elapsed_s"":60.175,""arms"":{""0"":[""template"",""floor"",8.45],""1"":[""mm"",""dropped:r1"",10.62],""2"":[""mm"",""dropped:r2"",10.18],""3"":[""mm"",""dropped:r1"",10.58],""4"":[""mm"",""dropped:r1"",11.27],""5"":[""cuthill"",""dropped:r2"",10.09],""6"":[""clmm"",""final"",8.63],""7"":[""clmm-core"",""dropped:r3"",8.84]}}"
P16,100,0.2,105,0,race8-seq,SUCCESS,1,8.39,8.39,10,839,60.2883,template[0]@template,978,,"{""final_survivor"":7,""elapsed_s"":60.288,""arms"":{""0"":[""template"",""floor"",8.39],""1"":[""mm"",""dropped:r1"",11.83],""2"":[""mm"",""dropped:r1"",10.99],""3"":[""mm"",""dropped:r1"",10.2],""4"":[""mm"",""dropped:r2"",10.1],""5"":[""cuthill"",""dropped:r2"",9.73],""6"":[""clmm"",""dropped:r3"",8.86],""7"":[""clmm-core"",""final"",8.73]}}"
P16,100,0.2,105,0,bestof8-seq,SUCCESS,1,9.53,9.09,15,953,60.2681,mm[run3],978,,"{""per_run_s"":7.5,""accs"":[10.53,10.48,10.92,9.53,10.04,10.01,10.23,10.3]}"
P16,100,0.2,105,0,bestof8-par,SUCCESS,1,9.1,8.8,14,910,23.0217,mm[run4],978,,"{""per_run_s"":60.0,""accs"":[9.51,9.81,9.76,9.53,9.1,9.13,10.23,10.3],""used_s"":[21.6,16.2,17.6,10.4,23.0,21.2,8.9,7.8]}"
P16,100,0.2,105,0,race8-par,SUCCESS,1,8.39,8.39,10,839,60.093,template[0]@template,978,,"{""final_survivor"":7,""elapsed_s"":60.093,""arms"":{""0"":[""template"",""floor"",8.39],""1"":[""mm"",""dropped:r1"",11.83],""2"":[""mm"",""dropped:r1"",10.99],""3"":[""mm"",""dropped:r1"",10.2],""4"":[""mm"",""dropped:r2"",10.1],""5"":[""cuthill"",""dropped:r2"",9.43],""6"":[""clmm"",""dropped:r3"",8.86],""7"":[""clmm-core"",""final"",8.69]}}"
P16,100,0.2,105,2,race8-seq,SUCCESS,1,8.39,8.39,10,839,60.2704,template[0]@template,978,,"{""final_survivor"":6,""elapsed_s"":60.27,""arms"":{""0"":[""template"",""floor"",8.39],""1"":[""mm"",""dropped:r1"",11.18],""2"":[""mm"",""dropped:r1"",10.82],""3"":[""mm"",""dropped:r2"",10.21],""4"":[""mm"",""dropped:r1"",11.17],""5"":[""cuthill"",""dropped:r2"",9.92],""6"":[""clmm"",""final"",8.63],""7"":[""clmm-core"",""dropped:r3"",8.66]}}"
P16,100,0.2,105,2,bestof8-seq,SUCCESS,1,9.49,9.22,15,949,60.2658,mm[run7],978,,"{""per_run_s"":7.5,""accs"":[9.98,10.33,10.04,10.4,10.24,10.53,9.93,9.49]}"
P16,100,0.2,105,2,bestof8-par,SUCCESS,1,8.95,8.61,15,895,18.9173,mm[run1],978,,"{""per_run_s"":60.0,""accs"":[9.68,8.95,9.77,10.34,10.24,10.31,9.8,9.3],""used_s"":[12.7,18.9,13.0,13.3,10.1,11.2,13.6,13.8]}"
P16,100,0.2,105,2,race8-par,SUCCESS,1,8.39,8.39,10,839,60.0731,template[0]@template,978,,"{""final_survivor"":6,""elapsed_s"":60.073,""arms"":{""0"":[""template"",""floor"",8.39],""1"":[""mm"",""dropped:r1"",11.18],""2"":[""mm"",""dropped:r1"",10.93],""3"":[""mm"",""dropped:r2"",10.43],""4"":[""mm"",""dropped:r1"",11.17],""5"":[""cuthill"",""dropped:r2"",9.92],""6"":[""clmm"",""final"",8.55],""7"":[""clmm-core"",""dropped:r3"",8.66]}}"
P16,100,0.2,105,1,race8-seq,SUCCESS,1,8.39,8.39,10,839,60.0143,template[0]@template,978,,"{""final_survivor"":6,""elapsed_s"":60.014,""arms"":{""0"":[""template"",""floor"",8.39],""1"":[""mm"",""dropped:r2"",10.24],""2"":[""mm"",""dropped:r1"",11.44],""3"":[""mm"",""dropped:r2"",9.99],""4"":[""mm"",""dropped:r1"",11.37],""5"":[""cuthill"",""dropped:r1"",10.55],""6"":[""clmm"",""final"",8.72],""7"":[""clmm-core"",""dropped:r3"",8.72]}}"
P16,100,0.2,105,1,bestof8-seq,SUCCESS,1,9.71,9.21,17,971,60.1814,mm[run2],978,,"{""per_run_s"":7.5,""accs"":[10.17,10.14,9.71,10.02,10.05,10.42,9.93,9.91]}"
P16,100,0.2,105,1,bestof8-par,SUCCESS,1,9.31,8.88,15,931,24.2461,mm[run7],978,,"{""per_run_s"":60.0,""accs"":[10.02,9.8,9.57,9.8,10.05,9.48,9.93,9.31],""used_s"":[13.7,14.8,14.7,11.1,13.1,24.2,11.1,14.5]}"
P16,100,0.2,105,1,race8-par,SUCCESS,1,8.39,8.39,10,839,60.1065,template[0]@template,978,,"{""final_survivor"":6,""elapsed_s"":60.106,""arms"":{""0"":[""template"",""floor"",8.39],""1"":[""mm"",""dropped:r2"",10.24],""2"":[""mm"",""dropped:r1"",11.24],""3"":[""mm"",""dropped:r2"",9.99],""4"":[""mm"",""dropped:r1"",11.37],""5"":[""cuthill"",""dropped:r1"",10.55],""6"":[""clmm"",""final"",8.64],""7"":[""clmm-core"",""dropped:r3"",8.72]}}"
P16,100,0.2,105,4,race8-seq,SUCCESS,1,8.39,8.39,10,839,60.0156,template[0]@template,978,,"{""final_survivor"":6,""elapsed_s"":60.015,""arms"":{""0"":[""template"",""floor"",8.39],""1"":[""mm"",""dropped:r1"",11.38],""2"":[""mm"",""dropped:r2"",10.52],""3"":[""mm"",""dropped:r1"",11.6],""4"":[""mm"",""dropped:r1"",11.38],""5"":[""cuthill"",""dropped:r2"",10.02],""6"":[""clmm"",""final"",8.65],""7"":[""clmm-core"",""dropped:r3"",8.69]}}"
P16,100,0.2,105,4,bestof8-seq,SUCCESS,1,9.68,9.26,15,968,59.0626,mm[run6],978,,"{""per_run_s"":7.5,""accs"":[11.0,10.09,9.97,9.99,11.06,10.39,9.68,10.77]}"
P16,100,0.2,105,4,bestof8-par,SUCCESS,1,9.29,8.97,14,929,19.2591,mm[run6],978,,"{""per_run_s"":60.0,""accs"":[9.94,9.51,9.97,9.99,11.06,9.99,9.29,10.77],""used_s"":[16.6,17.9,10.9,11.3,5.5,19.1,19.2,7.4]}"
P16,100,0.2,105,4,race8-par,SUCCESS,1,8.39,8.39,10,839,60.0485,template[0]@template,978,,"{""final_survivor"":6,""elapsed_s"":60.048,""arms"":{""0"":[""template"",""floor"",8.39],""1"":[""mm"",""dropped:r1"",11.38],""2"":[""mm"",""dropped:r2"",10.52],""3"":[""mm"",""dropped:r1"",11.6],""4"":[""mm"",""dropped:r1"",11.38],""5"":[""cuthill"",""dropped:r2"",10.02],""6"":[""clmm"",""final"",8.65],""7"":[""clmm-core"",""dropped:r3"",8.69]}}"
P16,100,0.2,105,3,race8-seq,SUCCESS,1,8.39,8.39,10,839,60.1849,template[0]@template,978,,"{""final_survivor"":7,""elapsed_s"":60.185,""arms"":{""0"":[""template"",""floor"",8.39],""1"":[""mm"",""dropped:r1"",11.92],""2"":[""mm"",""dropped:r1"",11.96],""3"":[""mm"",""dropped:r2"",10.35],""4"":[""mm"",""dropped:r1"",11.54],""5"":[""cuthill"",""dropped:r2"",9.3],""6"":[""clmm"",""dropped:r3"",8.8],""7"":[""clmm-core"",""final"",8.71]}}"
P16,100,0.2,105,3,bestof8-seq,SUCCESS,1,9.57,9.18,16,957,60.1906,mm[run3],978,,"{""per_run_s"":7.5,""accs"":[10.33,10.33,10.04,9.57,10.18,10.29,10.24,10.75]}"
P16,100,0.2,105,3,bestof8-par,SUCCESS,1,9.1,8.75,14,910,27.9402,mm[run7],978,,"{""per_run_s"":60.0,""accs"":[10.33,9.73,9.52,9.24,10.0,9.66,10.24,9.1],""used_s"":[9.6,18.9,15.7,13.7,14.4,16.3,9.8,27.9]}"
P16,100,0.2,105,3,race8-par,SUCCESS,1,8.39,8.39,10,839,60.2426,template[0]@template,978,,"{""final_survivor"":7,""elapsed_s"":60.242,""arms"":{""0"":[""template"",""floor"",8.39],""1"":[""mm"",""dropped:r1"",11.92],""2"":[""mm"",""dropped:r1"",11.96],""3"":[""mm"",""dropped:r2"",10.35],""4"":[""mm"",""dropped:r1"",11.54],""5"":[""cuthill"",""dropped:r2"",9.55],""6"":[""clmm"",""dropped:r3"",8.72],""7"":[""clmm-core"",""final"",8.65]}}"
P16,160,0.05,101,1,race8-seq,SUCCESS,1,5.9875,5.8688,13,958,60.0741,mm[4]@q2,637,,"{""final_survivor"":4,""elapsed_s"":60.074,""arms"":{""0"":[""template"",""floor"",8.4875],""1"":[""mm"",""dropped:r1"",6.7687],""2"":[""mm"",""dropped:r3"",6.0812],""3"":[""mm"",""dropped:r2"",6.3937],""4"":[""mm"",""final"",5.9875],""5"":[""cuthill"",""dropped:r2"",6.3688],""6"":[""clmm"",""dropped:r1"",6.725],""7"":[""clmm-core"",""dropped:r1"",6.95]}}"
P16,160,0.05,101,1,bestof8-seq,SUCCESS,1,6.0687,5.8688,14,971,40.9128,mm[run4],637,,"{""per_run_s"":7.5,""accs"":[6.2687,6.9562,7.4625,6.6063,6.0687,6.4562,6.8438,6.8375]}"
P16,160,0.05,101,1,bestof8-par,SUCCESS,1,6.0687,5.8688,14,971,7.7934,mm[run4],637,,"{""per_run_s"":60.0,""accs"":[6.2687,6.9562,7.4625,6.6063,6.0687,6.4562,6.8438,6.8375],""used_s"":[6.4,4.2,3.6,4.3,7.8,5.8,5.7,3.9]}"
P16,160,0.05,101,1,race8-par,SUCCESS,1,5.7313,5.575,11,917,60.0636,mm[2]@final11,637,,"{""final_survivor"":2,""elapsed_s"":60.063,""arms"":{""0"":[""template"",""floor"",8.4875],""1"":[""mm"",""dropped:r1"",6.7687],""2"":[""mm"",""final"",5.7313],""3"":[""mm"",""dropped:r2"",6.3937],""4"":[""mm"",""dropped:r3"",5.9875],""5"":[""cuthill"",""dropped:r2"",6.3688],""6"":[""clmm"",""dropped:r1"",6.8125],""7"":[""clmm-core"",""dropped:r1"",7.275]}}"
P16,160,0.05,101,0,race8-seq,SUCCESS,1,5.9437,5.8,14,951,60.0585,mm[2]@q3,637,,"{""final_survivor"":2,""elapsed_s"":60.058,""arms"":{""0"":[""template"",""floor"",8.4875],""1"":[""mm"",""dropped:r3"",6.35],""2"":[""mm"",""final"",5.9437],""3"":[""mm"",""dropped:r2"",6.4],""4"":[""mm"",""dropped:r2"",6.4625],""5"":[""cuthill"",""dropped:r1"",6.9625],""6"":[""clmm"",""dropped:r1"",7.75],""7"":[""clmm-core"",""dropped:r1"",7.275]}}"
P16,160,0.05,101,0,bestof8-seq,SUCCESS,1,6.0625,5.9375,12,970,52.253,mm[run1],637,,"{""per_run_s"":7.5,""accs"":[6.3375,6.0625,6.6375,6.375,6.4688,6.3187,6.7812,6.3375]}"
P16,160,0.05,101,0,bestof8-par,SUCCESS,1,6.1437,6.0125,12,983,10.8099,mm[run1],637,,"{""per_run_s"":60.0,""accs"":[6.3375,6.1437,6.6375,6.2125,6.4688,6.3187,6.7812,6.3375],""used_s"":[6.7,8.8,5.6,10.8,6.2,6.5,5.5,6.8]}"
P16,160,0.05,101,0,race8-par,SUCCESS,1,5.9313,5.825,12,949,60.0814,mm[3]@final6,637,,"{""final_survivor"":3,""elapsed_s"":60.081,""arms"":{""0"":[""template"",""floor"",8.4875],""1"":[""mm"",""dropped:r3"",6.1562],""2"":[""mm"",""dropped:r2"",6.4688],""3"":[""mm"",""final"",5.9313],""4"":[""mm"",""dropped:r2"",6.4625],""5"":[""cuthill"",""dropped:r1"",6.9625],""6"":[""clmm"",""dropped:r1"",7.75],""7"":[""clmm-core"",""dropped:r1"",7.275]}}"
P16,160,0.05,101,2,race8-seq,SUCCESS,1,5.8688,5.7313,13,939,60.0569,mm[3]@q3,637,,"{""final_survivor"":3,""elapsed_s"":60.057,""arms"":{""0"":[""template"",""floor"",8.4875],""1"":[""mm"",""dropped:r3"",6.225],""2"":[""mm"",""dropped:r1"",7.0438],""3"":[""mm"",""final"",5.8688],""4"":[""mm"",""dropped:r2"",6.2375],""5"":[""cuthill"",""dropped:r2"",6.225],""6"":[""clmm"",""dropped:r1"",7.1625],""7"":[""clmm-core"",""dropped:r1"",7.0438]}}"
P16,160,0.05,101,2,bestof8-seq,SUCCESS,1,6.3312,6.1375,15,1013,44.5353,mm[run3],637,,"{""per_run_s"":7.5,""accs"":[7.025,6.3438,6.7062,6.3312,7.0062,6.35,6.7062,7.025]}"
P16,160,0.05,101,2,bestof8-par,SUCCESS,1,6.25,6.075,13,1000,10.3612,mm[run5],637,,"{""per_run_s"":60.0,""accs"":[7.025,6.3438,6.7062,6.3312,7.0062,6.25,6.7062,7.025],""used_s"":[5.1,8.0,7.1,6.1,4.7,10.3,3.1,3.9]}"
P16,160,0.05,101,2,race8-par,SUCCESS,1,5.675,5.5062,12,908,60.0226,mm[3]@final12,637,,"{""final_survivor"":3,""elapsed_s"":60.022,""arms"":{""0"":[""template"",""floor"",8.4875],""1"":[""mm"",""dropped:r3"",6.2188],""2"":[""mm"",""dropped:r1"",7.0438],""3"":[""mm"",""final"",5.675],""4"":[""mm"",""dropped:r2"",6.2375],""5"":[""cuthill"",""dropped:r2"",6.225],""6"":[""clmm"",""dropped:r1"",7.1625],""7"":[""clmm-core"",""dropped:r1"",7.0438]}}"
P16,160,0.05,101,3,race8-seq,SUCCESS,1,6.3125,6.1562,13,1010,60.0196,cuthill[5]@q2,637,,"{""final_survivor"":5,""elapsed_s"":60.019,""arms"":{""0"":[""template"",""floor"",8.4875],""1"":[""mm"",""dropped:r1"",7.0938],""2"":[""mm"",""dropped:r2"",6.3812],""3"":[""mm"",""dropped:r3"",6.3375],""4"":[""mm"",""dropped:r1"",7.0125],""5"":[""cuthill"",""final"",6.3125],""6"":[""clmm"",""dropped:r1"",7.05],""7"":[""clmm-core"",""dropped:r2"",6.9188]}}"
P16,160,0.05,101,3,bestof8-seq,SUCCESS,1,6.4188,6.2062,14,1027,42.3118,mm[run7],637,,"{""per_run_s"":7.5,""accs"":[6.7438,6.65,6.5563,6.5125,6.65,7.1437,6.75,6.4188]}"
P16,160,0.05,101,3,bestof8-par,SUCCESS,1,6.4188,6.2062,14,1027,7.1607,mm[run7],637,,"{""per_run_s"":60.0,""accs"":[6.7438,6.65,6.5563,6.5125,6.65,7.1437,6.75,6.4188],""used_s"":[4.7,7.1,4.2,7.1,4.7,4.7,4.3,6.5]}"
P16,160,0.05,101,3,race8-par,SUCCESS,1,5.8812,5.725,13,941,60.0853,mm[3]@final7,637,,"{""final_survivor"":3,""elapsed_s"":60.085,""arms"":{""0"":[""template"",""floor"",8.4875],""1"":[""mm"",""dropped:r1"",7.0938],""2"":[""mm"",""dropped:r2"",6.3812],""3"":[""mm"",""final"",5.8812],""4"":[""mm"",""dropped:r1"",7.0125],""5"":[""cuthill"",""dropped:r3"",6.3125],""6"":[""clmm"",""dropped:r1"",7.05],""7"":[""clmm-core"",""dropped:r2"",6.9188]}}"
P16,160,0.05,101,4,race8-seq,SUCCESS,1,5.9125,5.7438,12,946,60.0588,mm[3]@q2,637,,"{""final_survivor"":3,""elapsed_s"":60.058,""arms"":{""0"":[""template"",""floor"",8.4875],""1"":[""mm"",""dropped:r2"",6.4625],""2"":[""mm"",""dropped:r2"",6.2438],""3"":[""mm"",""final"",5.9125],""4"":[""mm"",""dropped:r1"",7.1437],""5"":[""cuthill"",""dropped:r3"",6.1813],""6"":[""clmm"",""dropped:r1"",7.3187],""7"":[""clmm-core"",""dropped:r1"",7.4062]}}"
P16,160,0.05,101,4,bestof8-seq,SUCCESS,1,6.325,6.1125,13,1012,45.8107,mm[run6],637,,"{""per_run_s"":7.5,""accs"":[6.8688,6.6437,6.5187,6.525,7.3625,7.225,6.325,6.5312]}"
P16,160,0.05,101,4,bestof8-par,SUCCESS,1,6.325,6.1125,13,1012,8.4544,mm[run6],637,,"{""per_run_s"":60.0,""accs"":[6.8688,6.6437,6.5187,6.525,7.3625,7.225,6.325,6.5312],""used_s"":[5.7,5.9,8.4,5.9,4.6,3.7,5.2,7.6]}"
P16,160,0.05,101,4,race8-par,SUCCESS,1,5.9062,5.7625,12,945,60.0247,mm[3]@final3,637,,"{""final_survivor"":3,""elapsed_s"":60.024,""arms"":{""0"":[""template"",""floor"",8.4875],""1"":[""mm"",""dropped:r2"",6.4625],""2"":[""mm"",""dropped:r2"",6.2438],""3"":[""mm"",""final"",5.9062],""4"":[""mm"",""dropped:r1"",7.1437],""5"":[""cuthill"",""dropped:r3"",6.0625],""6"":[""clmm"",""dropped:r1"",7.3187],""7"":[""clmm-core"",""dropped:r1"",7.4062]}}"
P16,160,0.05,102,0,race8-seq,SUCCESS,1,5.9188,5.6875,12,947,60.0294,cuthill[5]@q3,612,,"{""final_survivor"":5,""elapsed_s"":60.029,""arms"":{""0"":[""template"",""floor"",8.5062],""1"":[""mm"",""dropped:r1"",6.6813],""2"":[""mm"",""dropped:r3"",5.925],""3"":[""mm"",""dropped:r2"",6.1813],""4"":[""mm"",""dropped:r2"",6.0187],""5"":[""cuthill"",""final"",5.9188],""6"":[""clmm"",""dropped:r1"",7.45],""7"":[""clmm-core"",""dropped:r1"",6.8438]}}"
P16,160,0.05,102,0,bestof8-seq,SUCCESS,1,5.8688,5.7625,12,939,44.3722,mm[run2],612,,"{""per_run_s"":7.5,""accs"":[6.8375,6.4437,5.8688,6.1063,6.4188,6.0375,6.775,6.8688]}"
P16,160,0.05,102,0,bestof8-par,SUCCESS,1,5.8688,5.7625,12,939,8.007,mm[run2],612,,"{""per_run_s"":60.0,""accs"":[6.8375,6.4437,5.8688,6.1063,6.4188,6.0375,6.775,6.8688],""used_s"":[5.2,4.4,6.2,8.0,5.9,6.4,4.5,3.9]}"
P16,160,0.05,102,0,race8-par,SUCCESS,1,5.675,5.5687,12,908,60.0511,cuthill[5]@final12,612,,"{""final_survivor"":5,""elapsed_s"":60.051,""arms"":{""0"":[""template"",""floor"",8.5062],""1"":[""mm"",""dropped:r1"",6.7438],""2"":[""mm"",""dropped:r3"",5.925],""3"":[""mm"",""dropped:r2"",6.1813],""4"":[""mm"",""dropped:r2"",6.1562],""5"":[""cuthill"",""final"",5.675],""6"":[""clmm"",""dropped:r1"",7.45],""7"":[""clmm-core"",""dropped:r1"",6.8438]}}"
P16,160,0.05,102,2,race8-seq,SUCCESS,1,5.675,5.5187,11,908,60.047,mm[4]@q3,612,,"{""final_survivor"":4,""elapsed_s"":60.047,""arms"":{""0"":[""template"",""floor"",8.5062],""1"":[""mm"",""dropped:r2"",6.0312],""2"":[""mm"",""dropped:r1"",6.625],""3"":[""mm"",""dropped:r2"",6.2812],""4"":[""mm"",""final"",5.675],""5"":[""cuthill"",""dropped:r3"",5.9562],""6"":[""clmm"",""dropped:r1"",6.4688],""7"":[""clmm-core"",""dropped:r1"",6.4813]}}"
P16,160,0.05,102,2,bestof8-seq,SUCCESS,1,6.0438,5.875,12,967,43.6818,mm[run0],612,,"{""per_run_s"":7.5,""accs"":[6.0438,6.3125,6.4062,6.5875,6.5187,6.4875,6.05,6.475]}"
P16,160,0.05,102,2,bestof8-par,SUCCESS,1,6.0438,5.875,12,967,7.4749,mm[run0],612,,"{""per_run_s"":60.0,""accs"":[6.0438,6.3125,6.4062,6.5875,6.5187,6.4875,6.05,6.475],""used_s"":[7.4,4.8,6.0,4.6,4.5,4.6,6.3,6.8]}"
P16,160,0.05,102,2,race8-par,SUCCESS,1,5.5312,5.4625,11,885,60.0908,mm[4]@final3,612,,"{""final_survivor"":4,""elapsed_s"":60.09,""arms"":{""0"":[""template"",""floor"",8.5062],""1"":[""mm"",""dropped:r2"",6.0312],""2"":[""mm"",""dropped:r1"",6.625],""3"":[""mm"",""dropped:r2"",6.2812],""4"":[""mm"",""final"",5.5312],""5"":[""cuthill"",""dropped:r3"",5.9562],""6"":[""clmm"",""dropped:r1"",6.4688],""7"":[""clmm-core"",""dropped:r1"",6.4813]}}"
P16,160,0.05,102,1,race8-seq,SUCCESS,1,5.6125,5.475,12,898,60.0628,mm[3]@q3,612,,"{""final_survivor"":3,""elapsed_s"":60.063,""arms"":{""0"":[""template"",""floor"",8.5062],""1"":[""mm"",""dropped:r2"",6.1875],""2"":[""mm"",""dropped:r1"",6.6937],""3"":[""mm"",""final"",5.6125],""4"":[""mm"",""dropped:r2"",6.225],""5"":[""cuthill"",""dropped:r3"",5.9688],""6"":[""clmm"",""dropped:r1"",7.275],""7"":[""clmm-core"",""dropped:r1"",6.7562]}}"
P16,160,0.05,102,1,bestof8-seq,SUCCESS,1,5.9313,5.7812,13,949,46.2849,mm[run7],612,,"{""per_run_s"":7.5,""accs"":[6.7375,6.95,6.5812,6.1625,6.375,6.2375,6.3125,5.9313]}"
P16,160,0.05,102,1,bestof8-par,SUCCESS,1,5.925,5.8063,12,948,10.2523,mm[run7],612,,"{""per_run_s"":60.0,""accs"":[6.7375,6.95,6.5812,6.1625,6.375,6.2375,6.1813,5.925],""used_s"":[4.5,4.6,5.7,7.0,6.2,4.1,10.2,9.6]}"
P16,160,0.05,102,1,race8-par,SUCCESS,1,5.5875,5.45,12,894,60.095,mm[3]@final1,612,,"{""final_survivor"":3,""elapsed_s"":60.094,""arms"":{""0"":[""template"",""floor"",8.5062],""1"":[""mm"",""dropped:r2"",6.1875],""2"":[""mm"",""dropped:r1"",6.6937],""3"":[""mm"",""final"",5.5875],""4"":[""mm"",""dropped:r2"",6.225],""5"":[""cuthill"",""dropped:r3"",5.9688],""6"":[""clmm"",""dropped:r1"",7.275],""7"":[""clmm-core"",""dropped:r1"",6.7562]}}"
P16,160,0.05,102,3,race8-seq,SUCCESS,1,5.7188,5.5062,12,915,60.0656,mm[3]@q3,612,,"{""final_survivor"":3,""elapsed_s"":60.065,""arms"":{""0"":[""template"",""floor"",8.5062],""1"":[""mm"",""dropped:r2"",6.1312],""2"":[""mm"",""dropped:r3"",5.9375],""3"":[""mm"",""final"",5.7188],""4"":[""mm"",""dropped:r1"",6.6875],""5"":[""cuthill"",""dropped:r2"",6.0563],""6"":[""clmm"",""dropped:r1"",6.7188],""7"":[""clmm-core"",""dropped:r1"",6.625]}}"
P16,160,0.05,102,3,bestof8-seq,SUCCESS,1,6.0938,5.9437,13,975,39.0936,mm[run3],612,,"{""per_run_s"":7.5,""accs"":[6.4313,6.7375,6.3063,6.0938,6.1562,7.6375,6.1688,6.1125]}"
P16,160,0.05,102,3,bestof8-par,SUCCESS,1,6.0938,5.9437,13,975,7.1443,mm[run3],612,,"{""per_run_s"":60.0,""accs"":[6.4313,6.7375,6.3063,6.0938,6.1562,7.6375,6.1688,6.1125],""used_s"":[3.9,5.0,7.1,6.8,4.6,2.9,5.5,4.5]}"
P16,160,0.05,102,3,race8-par,SUCCESS,1,5.5,5.4313,11,880,60.0496,mm[3]@final9,612,,"{""final_survivor"":3,""elapsed_s"":60.049,""arms"":{""0"":[""template"",""floor"",8.5062],""1"":[""mm"",""dropped:r2"",6.1312],""2"":[""mm"",""dropped:r3"",5.9375],""3"":[""mm"",""final"",5.5],""4"":[""mm"",""dropped:r1"",6.6875],""5"":[""cuthill"",""dropped:r2"",6.025],""6"":[""clmm"",""dropped:r1"",6.7188],""7"":[""clmm-core"",""dropped:r1"",6.5875]}}"
P16,160,0.05,102,4,race8-seq,SUCCESS,1,5.8375,5.6625,13,934,60.0392,mm[1]@q3,612,,"{""final_survivor"":1,""elapsed_s"":60.039,""arms"":{""0"":[""template"",""floor"",8.5062],""1"":[""mm"",""final"",5.8375],""2"":[""mm"",""dropped:r1"",6.4813],""3"":[""mm"",""dropped:r2"",5.975],""4"":[""mm"",""dropped:r1"",6.3937],""5"":[""cuthill"",""dropped:r3"",5.8812],""6"":[""clmm"",""dropped:r1"",7.1625],""7"":[""clmm-core"",""dropped:r2"",6.2938]}}"
P16,160,0.05,102,4,bestof8-seq,SUCCESS,1,5.9875,5.85,12,958,43.7775,mm[run6],612,,"{""per_run_s"":7.5,""accs"":[6.0062,6.4813,6.05,6.2125,6.2562,6.95,5.9875,7.0687]}"
P16,160,0.05,102,4,bestof8-par,SUCCESS,1,5.9875,5.85,12,958,9.5825,mm[run6],612,,"{""per_run_s"":60.0,""accs"":[6.0062,6.4813,6.1188,6.2125,6.2562,6.95,5.9875,7.0687],""used_s"":[8.2,5.2,9.6,4.4,6.2,3.3,6.4,3.7]}"
P16,160,0.05,102,4,race8-par,SUCCESS,1,5.55,5.3937,12,888,60.026,mm[1]@final8,612,,"{""final_survivor"":1,""elapsed_s"":60.026,""arms"":{""0"":[""template"",""floor"",8.5062],""1"":[""mm"",""final"",5.55],""2"":[""mm"",""dropped:r1"",6.4813],""3"":[""mm"",""dropped:r2"",5.975],""4"":[""mm"",""dropped:r1"",6.3937],""5"":[""cuthill"",""dropped:r3"",5.8812],""6"":[""clmm"",""dropped:r1"",7.1625],""7"":[""clmm-core"",""dropped:r2"",6.3688]}}"
P16,160,0.05,103,0,race8-seq,SUCCESS,1,6.2125,6.025,13,994,60.0941,mm[3]@q2,633,,"{""final_survivor"":3,""elapsed_s"":60.094,""arms"":{""0"":[""template"",""floor"",8.5125],""1"":[""mm"",""dropped:r3"",6.3125],""2"":[""mm"",""dropped:r2"",6.4375],""3"":[""mm"",""final"",6.2125],""4"":[""mm"",""dropped:r1"",6.5563],""5"":[""cuthill"",""dropped:r2"",6.4125],""6"":[""clmm"",""dropped:r1"",7.6063],""7"":[""clmm-core"",""dropped:r1"",6.85]}}"
P16,160,0.05,103,0,bestof8-seq,SUCCESS,1,6.0438,5.85,13,967,42.4023,mm[run4],633,,"{""per_run_s"":7.5,""accs"":[6.65,6.5062,6.9375,6.3812,6.0438,6.3937,6.1437,6.9]}"
P16,160,0.05,103,0,bestof8-par,SUCCESS,1,6.0438,5.85,13,967,8.1223,mm[run4],633,,"{""per_run_s"":60.0,""accs"":[6.65,6.5062,6.9375,6.3812,6.0438,6.3937,6.1437,6.9],""used_s"":[4.3,4.8,4.4,5.4,7.0,4.3,8.1,4.8]}"
P16,160,0.05,103,0,race8-par,SUCCESS,1,5.925,5.7687,14,948,60.0793,mm[1]@final1,633,,"{""final_survivor"":1,""elapsed_s"":60.079,""arms"":{""0"":[""template"",""floor"",8.5125],""1"":[""mm"",""final"",5.925],""2"":[""mm"",""dropped:r2"",6.4375],""3"":[""mm"",""dropped:r3"",6.2125],""4"":[""mm"",""dropped:r1"",6.5563],""5"":[""cuthill"",""dropped:r2"",6.4125],""6"":[""clmm"",""dropped:r1"",7.6063],""7"":[""clmm-core"",""dropped:r1"",6.85]}}"
P16,160,0.05,103,2,race8-seq,SUCCESS,1,5.9688,5.7875,14,955,60.0849,cuthill[5]@q3,633,,"{""final_survivor"":5,""elapsed_s"":60.085,""arms"":{""0"":[""template"",""floor"",8.5125],""1"":[""mm"",""dropped:r2"",6.675],""2"":[""mm"",""dropped:r3"",6.0563],""3"":[""mm"",""dropped:r1"",7.0938],""4"":[""mm"",""dropped:r2"",6.2438],""5"":[""cuthill"",""final"",5.9688],""6"":[""clmm"",""dropped:r1"",7.8563],""7"":[""clmm-core"",""dropped:r1"",7.3875]}}"
P16,160,0.05,103,2,bestof8-seq,SUCCESS,1,6.0563,5.9062,14,969,43.5399,mm[run2],633,,"{""per_run_s"":7.5,""accs"":[6.2,6.2062,6.0563,6.8688,6.125,6.575,6.7875,6.4313]}"
P16,160,0.05,103,2,bestof8-par,SUCCESS,1,6.0563,5.9062,14,969,6.5028,mm[run2],633,,"{""per_run_s"":60.0,""accs"":[6.2,6.2062,6.0563,6.8688,6.125,6.575,6.7875,6.4313],""used_s"":[5.9,6.2,5.2,5.4,6.1,4.1,6.2,6.5]}"
P16,160,0.05,103,2,race8-par,SUCCESS,1,5.6,5.5062,12,896,60.0857,mm[2]@final11,633,,"{""final_survivor"":2,""elapsed_s"":60.085,""arms"":{""0"":[""template"",""floor"",8.5125],""1"":[""mm"",""dropped:r2"",6.675],""2"":[""mm"",""final"",5.6],""3"":[""mm"",""dropped:r1"",7.0938],""4"":[""mm"",""dropped:r2"",6.2438],""5"":[""cuthill"",""dropped:r3"",5.9688],""6"":[""clmm"",""dropped:r1"",7.8563],""7"":[""clmm-core"",""dropped:r1"",7.3875]}}"
P16,160,0.05,103,3,race8-seq,SUCCESS,1,5.8563,5.7375,13,937,60.0269,mm[2]@q3,633,,"{""final_survivor"":2,""elapsed_s"":60.027,""arms"":{""0"":[""template"",""floor"",8.5125],""1"":[""mm"",""dropped:r1"",6.7687],""2"":[""mm"",""final"",5.8563],""3"":[""mm"",""dropped:r3"",6.0187],""4"":[""mm"",""dropped:r2"",6.1875],""5"":[""cuthill"",""dropped:r2"",6.1188],""6"":[""clmm"",""dropped:r1"",7.7313],""7"":[""clmm-core"",""dropped:r1"",8.1438]}}"
P16,160,0.05,103,3,bestof8-seq,SUCCESS,1,6.0625,5.8937,12,970,40.5353,mm[run4],633,,"{""per_run_s"":7.5,""accs"":[6.0875,6.575,6.3937,6.5062,6.0625,6.6312,6.5125,7.0938]}"
P16,160,0.05,103,3,bestof8-par,SUCCESS,1,6.0625,5.8937,12,970,8.1829,mm[run4],633,,"{""per_run_s"":60.0,""accs"":[6.0875,6.575,6.3937,6.5062,6.0625,6.6312,6.5125,7.0938],""used_s"":[6.8,6.2,4.8,4.0,8.2,3.5,5.3,3.7]}"
P16,160,0.05,103,3,race8-par,SUCCESS,1,5.4375,5.3125,12,870,60.0632,mm[2]@final4,633,,"{""final_survivor"":2,""elapsed_s"":60.063,""arms"":{""0"":[""template"",""floor"",8.5125],""1"":[""mm"",""dropped:r1"",6.7687],""2"":[""mm"",""final"",5.4375],""3"":[""mm"",""dropped:r3"",5.9188],""4"":[""mm"",""dropped:r2"",6.1875],""5"":[""cuthill"",""dropped:r2"",6.1188],""6"":[""clmm"",""dropped:r1"",7.7313],""7"":[""clmm-core"",""dropped:r1"",8.1438]}}"
P16,160,0.05,103,1,race8-seq,SUCCESS,1,5.7938,5.65,14,927,60.0482,mm[1]@q3,633,,"{""final_survivor"":1,""elapsed_s"":60.048,""arms"":{""0"":[""template"",""floor"",8.5125],""1"":[""mm"",""final"",5.7938],""2"":[""mm"",""dropped:r2"",6.3688],""3"":[""mm"",""dropped:r1"",6.8],""4"":[""mm"",""dropped:r2"",6.1375],""5"":[""cuthill"",""dropped:r3"",6.0812],""6"":[""clmm"",""dropped:r1"",7.5125],""7"":[""clmm-core"",""dropped:r1"",6.8875]}}"
P16,160,0.05,103,1,bestof8-seq,SUCCESS,1,6.0,5.8187,14,960,46.4511,mm[run1],633,,"{""per_run_s"":7.5,""accs"":[6.2687,6.0,6.5312,6.4875,6.1312,6.1625,6.3312,7.0312]}"
P16,160,0.05,103,1,bestof8-par,SUCCESS,1,6.0,5.8187,14,960,7.8659,mm[run1],633,,"{""per_run_s"":60.0,""accs"":[6.2687,6.0,6.5312,6.4875,6.1312,6.1625,6.3312,7.0312],""used_s"":[7.3,7.8,6.9,5.2,4.5,5.7,6.5,4.8]}"
P16,160,0.05,103,1,race8-par,SUCCESS,1,5.675,5.5312,12,908,60.0651,cuthill[5]@final9,633,,"{""final_survivor"":5,""elapsed_s"":60.065,""arms"":{""0"":[""template"",""floor"",8.5125],""1"":[""mm"",""dropped:r3"",5.9938],""2"":[""mm"",""dropped:r2"",6.3688],""3"":[""mm"",""dropped:r1"",6.8],""4"":[""mm"",""dropped:r2"",6.1375],""5"":[""cuthill"",""final"",5.675],""6"":[""clmm"",""dropped:r1"",7.5125],""7"":[""clmm-core"",""dropped:r1"",6.8875]}}"
P16,160,0.05,103,4,race8-seq,SUCCESS,1,5.9437,5.7812,13,951,60.0151,mm[2]@q2,633,,"{""final_survivor"":2,""elapsed_s"":60.015,""arms"":{""0"":[""template"",""floor"",8.5125],""1"":[""mm"",""dropped:r2"",6.1625],""2"":[""mm"",""final"",5.9437],""3"":[""mm"",""dropped:r1"",6.5438],""4"":[""mm"",""dropped:r3"",6.0563],""5"":[""cuthill"",""dropped:r2"",6.2188],""6"":[""clmm"",""dropped:r1"",6.9437],""7"":[""clmm-core"",""dropped:r1"",6.95]}}"
P16,160,0.05,103,4,bestof8-seq,SUCCESS,1,5.8937,5.7938,13,943,47.664,mm[run5],633,,"{""per_run_s"":7.5,""accs"":[6.325,6.3375,6.8312,6.175,6.525,5.8937,6.1625,6.3812]}"
P16,160,0.05,103,4,bestof8-par,SUCCESS,1,5.8937,5.7938,13,943,8.9454,mm[run5],633,,"{""per_run_s"":60.0,""accs"":[6.325,6.3375,6.8312,6.175,6.525,5.8937,6.1375,6.3812],""used_s"":[5.9,4.9,4.3,8.1,4.3,7.1,8.9,6.0]}"
P16,160,0.05,103,4,race8-par,SUCCESS,1,5.7125,5.5563,12,914,60.0273,mm[4]@final3,633,,"{""final_survivor"":4,""elapsed_s"":60.027,""arms"":{""0"":[""template"",""floor"",8.5125],""1"":[""mm"",""dropped:r2"",6.1625],""2"":[""mm"",""dropped:r3"",5.9437],""3"":[""mm"",""dropped:r1"",6.7938],""4"":[""mm"",""final"",5.7125],""5"":[""cuthill"",""dropped:r2"",6.2188],""6"":[""clmm"",""dropped:r1"",6.9437],""7"":[""clmm-core"",""dropped:r1"",6.95]}}"
P16,160,0.05,104,0,race8-seq,SUCCESS,1,6.2938,6.0938,13,1007,60.0186,mm[2]@q3,651,,"{""final_survivor"":2,""elapsed_s"":60.018,""arms"":{""0"":[""template"",""floor"",8.8313],""1"":[""mm"",""dropped:r3"",6.3937],""2"":[""mm"",""final"",6.2938],""3"":[""mm"",""dropped:r2"",6.8625],""4"":[""mm"",""dropped:r1"",7.4625],""5"":[""cuthill"",""dropped:r1"",7.25],""6"":[""clmm"",""dropped:r1"",7.525],""7"":[""clmm-core"",""dropped:r2"",7.1125]}}"
P16,160,0.05,104,0,bestof8-seq,SUCCESS,1,6.4,6.1688,14,1024,46.2507,mm[run0],651,,"{""per_run_s"":7.5,""accs"":[6.4,6.9375,6.725,7.1125,7.4062,6.5062,7.1813,6.4875]}"
P16,160,0.05,104,0,bestof8-par,SUCCESS,1,6.4,6.1688,14,1024,8.7181,mm[run0],651,,"{""per_run_s"":60.0,""accs"":[6.4,6.9375,6.725,7.1125,7.4062,6.5062,7.1813,6.4875],""used_s"":[7.8,6.0,4.9,6.5,3.6,6.5,4.1,8.7]}"
P16,160,0.05,104,0,race8-par,SUCCESS,1,6.1562,5.9688,13,985,60.0386,mm[1]@q3,651,,"{""final_survivor"":1,""elapsed_s"":60.038,""arms"":{""0"":[""template"",""floor"",8.8313],""1"":[""mm"",""final"",6.1562],""2"":[""mm"",""dropped:r3"",6.2938],""3"":[""mm"",""dropped:r2"",6.8625],""4"":[""mm"",""dropped:r1"",7.4625],""5"":[""cuthill"",""dropped:r1"",7.25],""6"":[""clmm"",""dropped:r1"",7.3375],""7"":[""clmm-core"",""dropped:r2"",7.1125]}}"
P16,160,0.05,104,1,race8-seq,SUCCESS,1,6.075,5.9125,13,972,60.062,mm[4]@q3,651,,"{""final_survivor"":4,""elapsed_s"":60.062,""arms"":{""0"":[""template"",""floor"",8.8313],""1"":[""mm"",""dropped:r2"",6.7188],""2"":[""mm"",""dropped:r1"",7.4125],""3"":[""mm"",""dropped:r3"",6.2812],""4"":[""mm"",""final"",6.075],""5"":[""cuthill"",""dropped:r2"",6.6375],""6"":[""clmm"",""dropped:r1"",7.2],""7"":[""clmm-core"",""dropped:r1"",7.0438]}}"
P16,160,0.05,104,1,bestof8-seq,SUCCESS,1,6.225,6.0,14,996,43.8649,mm[run3],651,,"{""per_run_s"":7.5,""accs"":[7.1375,6.9813,7.1375,6.225,6.825,6.675,7.0,7.175]}"
P16,160,0.05,104,1,bestof8-par,SUCCESS,1,6.1188,5.95,14,979,9.6554,mm[run3],651,,"{""per_run_s"":60.0,""accs"":[7.1375,6.9813,7.1375,6.1188,6.825,6.675,7.0,7.175],""used_s"":[4.6,4.2,5.1,9.6,4.4,8.4,5.3,5.9]}"
P16,160,0.05,104,1,race8-par,SUCCESS,1,5.925,5.7313,13,948,60.0646,mm[4]@final7,651,,"{""final_survivor"":4,""elapsed_s"":60.064,""arms"":{""0"":[""template"",""floor"",8.8313],""1"":[""mm"",""dropped:r2"",6.675],""2"":[""mm"",""dropped:r1"",7.4125],""3"":[""mm"",""dropped:r3"",6.225],""4"":[""mm"",""final"",5.925],""5"":[""cuthill"",""dropped:r2"",6.6375],""6"":[""clmm"",""dropped:r1"",7.2],""7"":[""clmm-core"",""dropped:r1"",7.1063]}}"
P16,160,0.05,104,2,race8-seq,SUCCESS,1,6.1937,6.0125,13,991,60.0312,mm[3]@q3,651,,"{""final_survivor"":3,""elapsed_s"":60.031,""arms"":{""0"":[""template"",""floor"",8.8313],""1"":[""mm"",""dropped:r2"",6.5312],""2"":[""mm"",""dropped:r1"",7.2],""3"":[""mm"",""final"",6.1937],""4"":[""mm"",""dropped:r2"",6.5563],""5"":[""cuthill"",""dropped:r3"",6.5125],""6"":[""clmm"",""dropped:r1"",7.35],""7"":[""clmm-core"",""dropped:r1"",7.7875]}}"
P16,160,0.05,104,2,bestof8-seq,SUCCESS,1,6.3563,6.2562,13,1017,46.618,mm[run6],651,,"{""per_run_s"":7.5,""accs"":[7.075,6.9562,6.9562,7.0,6.45,6.8125,6.3563,7.5187]}"
P16,160,0.05,104,2,bestof8-par,SUCCESS,1,6.1875,6.0062,13,990,10.8117,mm[run4],651,,"{""per_run_s"":60.0,""accs"":[7.075,6.9562,6.9562,7.0,6.1875,6.8125,6.3563,7.5187],""used_s"":[3.1,8.1,6.5,4.1,10.8,6.2,7.1,5.0]}"
P16,160,0.05,104,2,race8-par,SUCCESS,1,6.0438,5.8688,13,967,60.0212,mm[4]@final2,651,,"{""final_survivor"":4,""elapsed_s"":60.021,""arms"":{""0"":[""template"",""floor"",8.8313],""1"":[""mm"",""dropped:r2"",6.5938],""2"":[""mm"",""dropped:r1"",7.325],""3"":[""mm"",""dropped:r3"",6.5438],""4"":[""mm"",""final"",6.0438],""5"":[""cuthill"",""dropped:r2"",6.7438],""6"":[""clmm"",""dropped:r1"",7.35],""7"":[""clmm-core"",""dropped:r1"",7.7875]}}"
P16,160,0.05,104,3,race8-seq,SUCCESS,1,6.5062,6.375,14,1041,60.1053,mm[3]@q3,651,,"{""final_survivor"":3,""elapsed_s"":60.105,""arms"":{""0"":[""template"",""floor"",8.8313],""1"":[""mm"",""dropped:r2"",6.8375],""2"":[""mm"",""dropped:r3"",6.575],""3"":[""mm"",""final"",6.5062],""4"":[""mm"",""dropped:r1"",7.875],""5"":[""cuthill"",""dropped:r1"",7.725],""6"":[""clmm"",""dropped:r2"",7.375],""7"":[""clmm-core"",""dropped:r1"",8.0125]}}"
P16,160,0.05,104,3,bestof8-seq,SUCCESS,1,6.1063,5.9437,13,977,50.5245,mm[run5],651,,"{""per_run_s"":7.5,""accs"":[7.6375,6.9125,6.8625,6.9375,7.1813,6.1063,7.0375,6.8438]}"
P16,160,0.05,104,3,bestof8-par,SUCCESS,1,6.0563,5.9313,13,969,9.7664,mm[run5],651,,"{""per_run_s"":60.0,""accs"":[7.6375,6.9125,6.8625,6.9375,7.1813,6.0563,7.0375,6.825],""used_s"":[4.6,5.3,7.8,7.7,5.4,9.7,5.2,8.9]}"
P16,160,0.05,104,3,race8-par,SUCCESS,1,6.325,6.2125,13,1012,60.0884,mm[2]@final1,651,,"{""final_survivor"":2,""elapsed_s"":60.088,""arms"":{""0"":[""template"",""floor"",8.8313],""1"":[""mm"",""dropped:r2"",6.8375],""2"":[""mm"",""final"",6.325],""3"":[""mm"",""dropped:r3"",6.5062],""4"":[""mm"",""dropped:r1"",7.875],""5"":[""cuthill"",""dropped:r1"",7.725],""6"":[""clmm"",""dropped:r2"",7.375],""7"":[""clmm-core"",""dropped:r1"",8.0125]}}"
P16,160,0.05,104,4,race8-seq,SUCCESS,1,6.5062,6.35,13,1041,60.1155,clmm-core[7]@q3,651,,"{""final_survivor"":7,""elapsed_s"":60.115,""arms"":{""0"":[""template"",""floor"",8.8313],""1"":[""mm"",""dropped:r3"",6.7938],""2"":[""mm"",""dropped:r2"",6.975],""3"":[""mm"",""dropped:r2"",6.8125],""4"":[""mm"",""dropped:r1"",7.3312],""5"":[""cuthill"",""dropped:r1"",7.6125],""6"":[""clmm"",""dropped:r1"",8.25],""7"":[""clmm-core"",""final"",6.5062]}}"
P16,160,0.05,104,4,bestof8-seq,SUCCESS,1,6.7188,6.5125,14,1075,46.9414,mm[run6],651,,"{""per_run_s"":7.5,""accs"":[6.7375,7.025,7.2562,6.8625,6.9313,6.9938,6.7188,7.15]}"
P16,160,0.05,104,4,bestof8-par,SUCCESS,1,6.7188,6.5125,14,1075,7.6678,mm[run6],651,,"{""per_run_s"":60.0,""accs"":[6.7375,7.025,7.2562,6.8625,6.9313,6.9938,6.7188,7.15],""used_s"":[6.0,7.5,4.2,5.1,4.3,7.0,7.6,5.6]}"
P16,160,0.05,104,4,race8-par,SUCCESS,1,6.3,6.1813,12,1008,60.0761,mm[2]@final7,651,,"{""final_survivor"":2,""elapsed_s"":60.076,""arms"":{""0"":[""template"",""floor"",8.8313],""1"":[""mm"",""dropped:r2"",6.7938],""2"":[""mm"",""final"",6.3],""3"":[""mm"",""dropped:r2"",6.8125],""4"":[""mm"",""dropped:r1"",7.3312],""5"":[""cuthill"",""dropped:r1"",7.6125],""6"":[""clmm"",""dropped:r1"",8.25],""7"":[""clmm-core"",""dropped:r3"",6.5062]}}"
P16,160,0.05,105,0,race8-seq,SUCCESS,1,6.4625,6.2,15,1034,60.0934,mm[1]@q3,663,,"{""final_survivor"":1,""elapsed_s"":60.093,""arms"":{""0"":[""template"",""floor"",8.7625],""1"":[""mm"",""final"",6.4625],""2"":[""mm"",""dropped:r1"",7.55],""3"":[""mm"",""dropped:r2"",6.9437],""4"":[""mm"",""dropped:r3"",6.9375],""5"":[""cuthill"",""dropped:r2"",7.15],""6"":[""clmm"",""dropped:r1"",7.9813],""7"":[""clmm-core"",""dropped:r1"",11.4437]}}"
P16,160,0.05,105,0,bestof8-seq,SUCCESS,1,6.7313,6.475,14,1077,47.1024,mm[run1],663,,"{""per_run_s"":7.5,""accs"":[7.1875,6.7313,7.9562,8.1125,7.4,6.9,6.7687,7.075]}"
P16,160,0.05,105,0,bestof8-par,SUCCESS,1,6.4,6.225,13,1024,11.9887,mm[run1],663,,"{""per_run_s"":60.0,""accs"":[7.1875,6.4,7.9562,8.1125,7.4,6.9,6.7687,7.075],""used_s"":[5.9,12.0,4.0,4.1,4.4,7.0,7.3,7.2]}"
P16,160,0.05,105,0,race8-par,SUCCESS,1,5.9375,5.7687,13,950,60.067,mm[1]@final6,663,,"{""final_survivor"":1,""elapsed_s"":60.066,""arms"":{""0"":[""template"",""floor"",8.7625],""1"":[""mm"",""final"",5.9375],""2"":[""mm"",""dropped:r1"",7.55],""3"":[""mm"",""dropped:r2"",6.9437],""4"":[""mm"",""dropped:r3"",6.9],""5"":[""cuthill"",""dropped:r2"",7.15],""6"":[""clmm"",""dropped:r1"",7.9813],""7"":[""clmm-core"",""dropped:r1"",11.4437]}}"
P16,160,0.05,105,1,race8-seq,SUCCESS,1,6.3187,6.05,15,1011,60.1424,cuthill[5]@q3,663,,"{""final_survivor"":5,""elapsed_s"":60.142,""arms"":{""0"":[""template"",""floor"",8.7625],""1"":[""mm"",""dropped:r2"",7.0438],""2"":[""mm"",""dropped:r1"",7.85],""3"":[""mm"",""dropped:r2"",7.1937],""4"":[""mm"",""dropped:r3"",6.9437],""5"":[""cuthill"",""final"",6.3187],""6"":[""clmm"",""dropped:r1"",7.8875],""7"":[""clmm-core"",""dropped:r1"",11.4437]}}"
P16,160,0.05,105,1,bestof8-seq,SUCCESS,1,6.9125,6.6937,15,1106,49.0488,mm[run5],663,,"{""per_run_s"":7.5,""accs"":[7.1437,7.0812,7.3,7.1063,7.2812,6.9125,7.0312,7.1437]}"
P16,160,0.05,105,1,bestof8-par,SUCCESS,1,6.9125,6.6937,15,1106,10.7093,mm[run5],663,,"{""per_run_s"":60.0,""accs"":[7.1437,7.0812,7.3,7.1063,7.2812,6.9125,6.9875,7.1437],""used_s"":[5.6,6.5,6.3,6.3,5.1,6.9,10.7,5.3]}"
P16,160,0.05,105,1,race8-par,SUCCESS,1,6.025,5.9,13,964,60.1169,cuthill[5]@final1,663,,"{""final_survivor"":5,""elapsed_s"":60.116,""arms"":{""0"":[""template"",""floor"",8.7625],""1"":[""mm"",""dropped:r2"",7.0438],""2"":[""mm"",""dropped:r1"",7.85],""3"":[""mm"",""dropped:r2"",7.1937],""4"":[""mm"",""dropped:r3"",6.4125],""5"":[""cuthill"",""final"",6.025],""6"":[""clmm"",""dropped:r1"",7.8875],""7"":[""clmm-core"",""dropped:r1"",11.4437]}}"
P16,160,0.05,105,2,race8-seq,SUCCESS,1,6.5125,6.35,14,1042,60.1482,mm[3]@q3,663,,"{""final_survivor"":3,""elapsed_s"":60.148,""arms"":{""0"":[""template"",""floor"",8.7625],""1"":[""mm"",""dropped:r2"",7.05],""2"":[""mm"",""dropped:r1"",7.3875],""3"":[""mm"",""final"",6.5125],""4"":[""mm"",""dropped:r3"",7.0125],""5"":[""cuthill"",""dropped:r2"",7.0812],""6"":[""clmm"",""dropped:r1"",7.8187],""7"":[""clmm-core"",""dropped:r1"",11.4437]}}"
P16,160,0.05,105,2,bestof8-seq,SUCCESS,1,6.5375,6.3937,13,1046,52.0168,mm[run0],663,,"{""per_run_s"":7.5,""accs"":[6.5375,6.7562,6.8688,7.3563,7.1312,6.7812,7.0438,7.05]}"
P16,160,0.05,105,2,bestof8-par,SUCCESS,1,6.5187,6.3688,13,1043,10.2831,mm[run0],663,,"{""per_run_s"":60.0,""accs"":[6.5187,6.7562,6.8688,7.3563,7.1312,6.7812,7.0438,7.05],""used_s"":[10.3,7.3,7.8,6.0,8.4,6.5,5.8,4.3]}"
P16,160,0.05,105,2,race8-par,SUCCESS,1,6.3125,6.2062,13,1010,60.1758,mm[3]@final8,663,,"{""final_survivor"":3,""elapsed_s"":60.175,""arms"":{""0"":[""template"",""floor"",8.7625],""1"":[""mm"",""dropped:r2"",7.05],""2"":[""mm"",""dropped:r3"",6.5438],""3"":[""mm"",""final"",6.3125],""4"":[""mm"",""dropped:r1"",7.4062],""5"":[""cuthill"",""dropped:r2"",7.0812],""6"":[""clmm"",""dropped:r1"",7.8187],""7"":[""clmm-core"",""dropped:r1"",11.4437]}}"
P16,160,0.05,105,3,race8-seq,SUCCESS,1,6.5375,6.3375,15,1046,60.0383,mm[1]@q3,663,,"{""final_survivor"":1,""elapsed_s"":60.038,""arms"":{""0"":[""template"",""floor"",8.7625],""1"":[""mm"",""final"",6.5375],""2"":[""mm"",""dropped:r3"",6.675],""3"":[""mm"",""dropped:r2"",6.9125],""4"":[""mm"",""dropped:r1"",7.2875],""5"":[""cuthill"",""dropped:r2"",6.8375],""6"":[""clmm"",""dropped:r1"",8.1562],""7"":[""clmm-core"",""dropped:r1"",11.4437]}}"
P16,160,0.05,105,3,bestof8-seq,SUCCESS,1,6.3812,6.2,14,1021,49.8893,mm[run2],663,,"{""per_run_s"":7.5,""accs"":[7.4313,6.8875,6.3812,6.8937,7.1625,6.8063,6.7188,7.2375]}"
P16,160,0.05,105,3,bestof8-par,SUCCESS,1,6.2875,6.1063,14,1006,9.4366,mm[run2],663,,"{""per_run_s"":60.0,""accs"":[7.4313,6.8875,6.2875,6.8937,7.1625,6.8063,6.7188,7.2375],""used_s"":[4.7,4.9,9.4,7.5,5.7,7.7,8.0,5.1]}"
P16,160,0.05,105,3,race8-par,SUCCESS,1,5.825,5.7,12,932,60.1003,mm[1]@final10,663,,"{""final_survivor"":1,""elapsed_s"":60.1,""arms"":{""0"":[""template"",""floor"",8.7625],""1"":[""mm"",""final"",5.825],""2"":[""mm"",""dropped:r3"",6.675],""3"":[""mm"",""dropped:r2"",6.9125],""4"":[""mm"",""dropped:r1"",7.2875],""5"":[""cuthill"",""dropped:r2"",6.8375],""6"":[""clmm"",""dropped:r1"",8.1562],""7"":[""clmm-core"",""dropped:r1"",11.4437]}}"
P16,160,0.05,105,4,race8-seq,SUCCESS,1,6.7375,6.525,14,1078,60.1198,mm[2]@q3,663,,"{""final_survivor"":2,""elapsed_s"":60.12,""arms"":{""0"":[""template"",""floor"",8.7625],""1"":[""mm"",""dropped:r3"",6.7812],""2"":[""mm"",""final"",6.7375],""3"":[""mm"",""dropped:r2"",6.9062],""4"":[""mm"",""dropped:r2"",6.925],""5"":[""cuthill"",""dropped:r1"",7.6875],""6"":[""clmm"",""dropped:r1"",7.725],""7"":[""clmm-core"",""dropped:r1"",11.4187]}}"
P16,160,0.05,105,4,bestof8-seq,SUCCESS,1,6.5187,6.3563,14,1043,53.0184,mm[run1],663,,"{""per_run_s"":7.5,""accs"":[6.8312,6.5187,6.675,6.9,7.1125,7.4313,7.05,6.775]}"
P16,160,0.05,105,4,bestof8-par,SUCCESS,1,6.5187,6.3563,14,1043,8.2848,mm[run1],663,,"{""per_run_s"":60.0,""accs"":[6.8312,6.5187,6.675,6.9,7.1125,7.4313,7.05,6.775],""used_s"":[6.8,6.3,8.2,7.1,6.1,5.2,6.4,8.3]}"
P16,160,0.05,105,4,race8-par,SUCCESS,1,6.5125,6.325,13,1042,60.0958,mm[2]@final10,663,,"{""final_survivor"":2,""elapsed_s"":60.095,""arms"":{""0"":[""template"",""floor"",8.7625],""1"":[""mm"",""dropped:r3"",6.7687],""2"":[""mm"",""final"",6.5125],""3"":[""mm"",""dropped:r2"",6.9062],""4"":[""mm"",""dropped:r2"",6.925],""5"":[""cuthill"",""dropped:r1"",7.6875],""6"":[""clmm"",""dropped:r1"",7.725],""7"":[""clmm-core"",""dropped:r1"",11.4187]}}"
P16,100,0.3,101,0,race8-seq,SUCCESS,1,9.07,9.07,10,907,60.019,template[0]@template,1461,,"{""final_survivor"":7,""elapsed_s"":60.019,""arms"":{""0"":[""template"",""floor"",9.07],""1"":[""mm"",""dropped:r1"",12.92],""2"":[""mm"",""dropped:r1"",13.27],""3"":[""mm"",""dropped:r1"",13.07],""4"":[""mm"",""dropped:r2"",12.2],""5"":[""cuthill"",""dropped:r2"",11.84],""6"":[""clmm"",""survivor"",9.69],""7"":[""clmm-core"",""final"",9.28]}}"
P16,100,0.3,101,0,bestof8-seq,SUCCESS,1,11.64,10.97,18,1164,60.0933,mm[run2],1461,,"{""per_run_s"":7.5,""accs"":[12.19,11.68,11.64,12.0,12.06,11.64,12.74,13.21]}"
P16,100,0.3,101,0,bestof8-par,SUCCESS,1,10.69,10.23,15,1069,42.4511,mm[run0],1461,,"{""per_run_s"":60.0,""accs"":[10.69,11.18,11.11,11.3,11.68,11.64,12.22,11.39],""used_s"":[42.4,17.7,20.2,31.8,17.8,12.5,14.7,25.3]}"
P16,100,0.3,101,0,race8-par,SUCCESS,1,9.07,9.07,10,907,60.208,template[0]@template,1461,,"{""final_survivor"":7,""elapsed_s"":60.208,""arms"":{""0"":[""template"",""floor"",9.07],""1"":[""mm"",""dropped:r1"",12.92],""2"":[""mm"",""dropped:r1"",13.27],""3"":[""mm"",""dropped:r1"",13.07],""4"":[""mm"",""dropped:r2"",12.11],""5"":[""cuthill"",""dropped:r2"",11.84],""6"":[""clmm"",""dropped:r3"",9.69],""7"":[""clmm-core"",""final"",9.27]}}"
P16,100,0.3,101,1,race8-seq,SUCCESS,1,9.07,9.07,10,907,60.1346,template[0]@template,1461,,"{""final_survivor"":7,""elapsed_s"":60.134,""arms"":{""0"":[""template"",""floor"",9.07],""1"":[""mm"",""dropped:r1"",15.63],""2"":[""mm"",""dropped:r2"",13.55],""3"":[""mm"",""dropped:r1"",14.09],""4"":[""mm"",""dropped:r1"",19.55],""5"":[""cuthill"",""dropped:r2"",12.08],""6"":[""clmm"",""survivor"",9.69],""7"":[""clmm-core"",""final"",9.49]}}"
P16,100,0.3,101,1,bestof8-seq,SUCCESS,1,11.83,11.1,20,1183,60.4692,mm[run5],1461,,"{""per_run_s"":7.5,""accs"":[11.95,13.05,12.49,11.88,13.49,11.83,12.34,11.83]}"
P16,100,0.3,101,1,bestof8-par,SUCCESS,1,11.0,10.47,17,1100,40.0409,mm[run7],1461,,"{""per_run_s"":60.0,""accs"":[11.44,11.39,11.09,11.88,11.32,11.22,12.2,11.0],""used_s"":[29.4,27.1,40.0,10.9,33.2,22.2,16.0,20.1]}"
P16,100,0.3,101,1,race8-par,SUCCESS,1,9.07,9.07,10,907,60.1274,template[0]@template,1461,,"{""final_survivor"":7,""elapsed_s"":60.127,""arms"":{""0"":[""template"",""floor"",9.07],""1"":[""mm"",""dropped:r1"",15.63],""2"":[""mm"",""dropped:r2"",13.4],""3"":[""mm"",""dropped:r1"",14.09],""4"":[""mm"",""dropped:r1"",19.55],""5"":[""cuthill"",""dropped:r2"",12.08],""6"":[""clmm"",""dropped:r3"",9.66],""7"":[""clmm-core"",""final"",9.2]}}"
P16,100,0.3,101,2,race8-seq,SUCCESS,1,9.07,9.07,10,907,60.1534,template[0]@template,1461,,"{""final_survivor"":7,""elapsed_s"":60.153,""arms"":{""0"":[""template"",""floor"",9.07],""1"":[""mm"",""dropped:r1"",13.6],""2"":[""mm"",""dropped:r1"",12.68],""3"":[""mm"",""dropped:r2"",12.4],""4"":[""mm"",""dropped:r1"",12.66],""5"":[""cuthill"",""dropped:r2"",11.17],""6"":[""clmm"",""survivor"",9.74],""7"":[""clmm-core"",""final"",9.32]}}"
P16,100,0.3,101,2,bestof8-seq,SUCCESS,1,11.64,11.05,18,1164,60.1565,mm[run0],1461,,"{""per_run_s"":7.5,""accs"":[11.64,12.2,11.84,12.21,12.22,12.76,12.7,13.56]}"
P16,100,0.3,101,2,bestof8-par,SUCCESS,1,10.75,10.2,17,1075,44.9585,mm[run4],1461,,"{""per_run_s"":60.0,""accs"":[11.64,11.06,10.9,11.56,10.75,11.27,11.45,12.0],""used_s"":[13.6,44.9,28.1,21.6,41.9,36.1,23.7,25.6]}"
P16,100,0.3,101,2,race8-par,SUCCESS,1,9.07,9.07,10,907,60.1907,template[0]@template,1461,,"{""final_survivor"":7,""elapsed_s"":60.19,""arms"":{""0"":[""template"",""floor"",9.07],""1"":[""mm"",""dropped:r1"",13.6],""2"":[""mm"",""dropped:r1"",12.68],""3"":[""mm"",""dropped:r2"",12.25],""4"":[""mm"",""dropped:r1"",12.66],""5"":[""cuthill"",""dropped:r2"",11.17],""6"":[""clmm"",""dropped:r3"",9.73],""7"":[""clmm-core"",""final"",9.22]}}"
P16,100,0.3,101,3,race8-seq,SUCCESS,1,9.07,9.07,10,907,60.4439,template[0]@template,1461,,"{""final_survivor"":7,""elapsed_s"":60.444,""arms"":{""0"":[""template"",""floor"",9.07],""1"":[""mm"",""dropped:r2"",13.04],""2"":[""mm"",""dropped:r1"",13.41],""3"":[""mm"",""dropped:r1"",13.83],""4"":[""mm"",""dropped:r1"",14.05],""5"":[""cuthill"",""dropped:r2"",13.33],""6"":[""clmm"",""survivor"",9.74],""7"":[""clmm-core"",""final"",9.48]}}"
P16,100,0.3,101,3,bestof8-seq,SUCCESS,1,11.84,11.2,20,1184,60.1592,mm[run4],1461,,"{""per_run_s"":7.5,""accs"":[12.38,12.21,12.76,12.28,11.84,12.78,13.5,12.6]}"
P16,100,0.3,101,3,bestof8-par,SUCCESS,1,10.96,10.36,17,1096,44.1021,mm[run4],1461,,"{""per_run_s"":60.0,""accs"":[11.78,11.26,11.04,12.28,10.96,12.05,11.29,11.82],""used_s"":[20.4,23.4,30.6,10.6,44.1,19.3,20.5,20.1]}"
P16,100,0.3,101,3,race8-par,SUCCESS,1,9.07,9.07,10,907,60.0954,template[0]@template,1461,,"{""final_survivor"":7,""elapsed_s"":60.095,""arms"":{""0"":[""template"",""floor"",9.07],""1"":[""mm"",""dropped:r2"",13.04],""2"":[""mm"",""dropped:r1"",13.41],""3"":[""mm"",""dropped:r1"",13.83],""4"":[""mm"",""dropped:r1"",14.05],""5"":[""cuthill"",""dropped:r2"",12.59],""6"":[""clmm"",""dropped:r3"",9.73],""7"":[""clmm-core"",""final"",9.24]}}"
P16,100,0.3,101,4,race8-seq,SUCCESS,1,9.07,9.07,10,907,60.2025,template[0]@template,1461,,"{""final_survivor"":7,""elapsed_s"":60.202,""arms"":{""0"":[""template"",""floor"",9.07],""1"":[""mm"",""dropped:r1"",12.98],""2"":[""mm"",""dropped:r1"",17.55],""3"":[""mm"",""dropped:r2"",12.41],""4"":[""mm"",""dropped:r1"",13.83],""5"":[""cuthill"",""dropped:r2"",11.42],""6"":[""clmm"",""survivor"",9.74],""7"":[""clmm-core"",""final"",9.3]}}"
P16,100,0.3,101,4,bestof8-seq,SUCCESS,1,11.68,10.9,20,1168,60.368,mm[run1],1461,,"{""per_run_s"":7.5,""accs"":[11.96,11.68,12.98,12.23,12.57,12.56,13.16,12.66]}"
P16,100,0.3,101,4,bestof8-par,SUCCESS,1,10.97,10.47,16,1097,38.0085,mm[run0],1461,,"{""per_run_s"":60.0,""accs"":[10.97,11.06,11.68,11.94,11.88,11.14,11.52,11.4],""used_s"":[20.7,20.6,25.8,18.3,16.7,38.0,19.6,23.2]}"
P16,100,0.3,101,4,race8-par,SUCCESS,1,9.07,9.07,10,907,60.4414,template[0]@template,1461,,"{""final_survivor"":7,""elapsed_s"":60.441,""arms"":{""0"":[""template"",""floor"",9.07],""1"":[""mm"",""dropped:r1"",12.98],""2"":[""mm"",""dropped:r1"",17.55],""3"":[""mm"",""dropped:r2"",12.41],""4"":[""mm"",""dropped:r1"",13.83],""5"":[""cuthill"",""dropped:r2"",11.42],""6"":[""clmm"",""dropped:r3"",9.73],""7"":[""clmm-core"",""final"",9.21]}}"
P16,100,0.3,102,0,race8-seq,SUCCESS,1,9.12,9.12,10,912,60.2875,template[0]@template,1451,,"{""final_survivor"":6,""elapsed_s"":60.287,""arms"":{""0"":[""template"",""floor"",9.12],""1"":[""mm"",""dropped:r1"",15.63],""2"":[""mm"",""dropped:r2"",13.72],""3"":[""mm"",""dropped:r1"",14.8],""4"":[""mm"",""dropped:r1"",15.06],""5"":[""cuthill"",""dropped:r2"",11.87],""6"":[""clmm"",""final"",9.25],""7"":[""clmm-core"",""survivor"",9.43]}}"
P16,100,0.3,102,0,bestof8-seq,SUCCESS,1,11.9,11.06,20,1190,60.0196,mm[run5],1451,,"{""per_run_s"":7.5,""accs"":[12.05,12.53,13.49,13.3,12.85,11.9,13.56,12.2]}"
P16,100,0.3,102,0,bestof8-par,SUCCESS,1,11.04,10.32,16,1104,38.6673,mm[run5],1451,,"{""per_run_s"":60.0,""accs"":[11.19,11.84,12.78,11.41,11.82,11.04,12.0,11.55],""used_s"":[22.3,23.1,14.9,25.6,25.9,38.6,21.7,13.5]}"
P16,100,0.3,102,0,race8-par,SUCCESS,1,9.12,9.12,10,912,60.4518,template[0]@template,1451,,"{""final_survivor"":7,""elapsed_s"":60.451,""arms"":{""0"":[""template"",""floor"",9.12],""1"":[""mm"",""dropped:r1"",15.63],""2"":[""mm"",""dropped:r2"",12.8],""3"":[""mm"",""dropped:r1"",14.8],""4"":[""mm"",""dropped:r1"",15.06],""5"":[""cuthill"",""dropped:r2"",11.87],""6"":[""clmm"",""dropped:r3"",9.69],""7"":[""clmm-core"",""final"",9.37]}}"
P16,100,0.3,102,2,race8-seq,SUCCESS,1,9.12,9.12,10,912,60.1772,template[0]@template,1451,,"{""final_survivor"":7,""elapsed_s"":60.177,""arms"":{""0"":[""template"",""floor"",9.12],""1"":[""mm"",""dropped:r1"",12.6],""2"":[""mm"",""dropped:r1"",15.02],""3"":[""mm"",""dropped:r2"",12.37],""4"":[""mm"",""dropped:r1"",14.03],""5"":[""cuthill"",""dropped:r2"",10.99],""6"":[""clmm"",""survivor"",9.73],""7"":[""clmm-core"",""final"",9.44]}}"
P16,100,0.3,102,2,bestof8-seq,SUCCESS,1,11.52,10.92,19,1152,60.4705,mm[run0],1451,,"{""per_run_s"":7.5,""accs"":[11.52,11.89,13.57,11.91,13.21,13.08,12.44,13.13]}"
P16,100,0.3,102,2,bestof8-par,SUCCESS,1,11.07,10.51,17,1107,26.9885,mm[run6],1451,,"{""per_run_s"":60.0,""accs"":[11.48,11.45,11.98,11.91,11.74,13.08,11.07,11.28],""used_s"":[15.0,18.1,21.9,7.9,20.6,10.6,23.5,27.0]}"
P16,100,0.3,102,2,race8-par,SUCCESS,1,9.12,9.12,10,912,60.0753,template[0]@template,1451,,"{""final_survivor"":7,""elapsed_s"":60.075,""arms"":{""0"":[""template"",""floor"",9.12],""1"":[""mm"",""dropped:r1"",12.6],""2"":[""mm"",""dropped:r1"",15.02],""3"":[""mm"",""dropped:r2"",12.34],""4"":[""mm"",""dropped:r1"",14.03],""5"":[""cuthill"",""dropped:r2"",10.99],""6"":[""clmm"",""dropped:r3"",9.72],""7"":[""clmm-core"",""final"",9.27]}}"
P16,100,0.3,102,1,race8-seq,SUCCESS,1,9.12,9.12,10,912,60.0654,template[0]@template,1451,,"{""final_survivor"":7,""elapsed_s"":60.065,""arms"":{""0"":[""template"",""floor"",9.12],""1"":[""mm"",""dropped:r1"",16.06],""2"":[""mm"",""dropped:r2"",13.47],""3"":[""mm"",""dropped:r1"",15.3],""4"":[""mm"",""dropped:r1"",14.37],""5"":[""cuthill"",""dropped:r2"",11.77],""6"":[""clmm"",""survivor"",9.68],""7"":[""clmm-core"",""final"",9.43]}}"
P16,100,0.3,102,1,bestof8-seq,SUCCESS,1,11.92,11.25,19,1192,60.4049,mm[run2],1451,,"{""per_run_s"":7.5,""accs"":[12.48,13.26,11.92,13.17,13.45,13.11,12.16,12.76]}"
P16,100,0.3,102,1,bestof8-par,SUCCESS,1,11.06,10.47,16,1106,42.9486,mm[run7],1451,,"{""per_run_s"":60.0,""accs"":[11.81,12.13,11.92,12.02,11.37,11.27,11.08,11.06],""used_s"":[18.5,16.9,12.4,14.3,38.9,37.7,22.1,42.9]}"
P16,100,0.3,102,1,race8-par,SUCCESS,1,9.12,9.12,10,912,60.173,template[0]@template,1451,,"{""final_survivor"":7,""elapsed_s"":60.173,""arms"":{""0"":[""template"",""floor"",9.12],""1"":[""mm"",""dropped:r1"",16.06],""2"":[""mm"",""dropped:r2"",12.91],""3"":[""mm"",""dropped:r1"",15.3],""4"":[""mm"",""dropped:r1"",14.37],""5"":[""cuthill"",""dropped:r2"",11.68],""6"":[""clmm"",""dropped:r3"",9.68],""7"":[""clmm-core"",""final"",9.34]}}"
P16,100,0.3,102,3,race8-seq,SUCCESS,1,9.12,9.12,10,912,60.2367,template[0]@template,1451,,"{""final_survivor"":6,""elapsed_s"":60.236,""arms"":{""0"":[""template"",""floor"",9.12],""1"":[""mm"",""dropped:r2"",12.42],""2"":[""mm"",""dropped:r1"",12.84],""3"":[""mm"",""dropped:r2"",12.57],""4"":[""mm"",""dropped:r1"",17.87],""5"":[""cuthill"",""dropped:r1"",13.5],""6"":[""clmm"",""final"",9.29],""7"":[""clmm-core"",""survivor"",9.47]}}"
P16,100,0.3,102,3,bestof8-seq,SUCCESS,1,11.78,11.02,20,1178,60.1015,mm[run1],1451,,"{""per_run_s"":7.5,""accs"":[12.24,11.78,13.03,12.4,12.13,12.17,12.68,12.98]}"
P16,100,0.3,102,3,bestof8-par,SUCCESS,1,10.56,10.07,16,1056,34.1553,mm[run1],1451,,"{""per_run_s"":60.0,""accs"":[11.0,10.56,13.03,11.37,12.02,11.29,10.73,11.1],""used_s"":[34.1,27.2,13.4,24.6,18.7,25.4,33.1,24.4]}"
P16,100,0.3,102,3,race8-par,SUCCESS,1,9.12,9.12,10,912,60.1676,template[0]@template,1451,,"{""final_survivor"":6,""elapsed_s"":60.167,""arms"":{""0"":[""template"",""floor"",9.12],""1"":[""mm"",""dropped:r2"",12.42],""2"":[""mm"",""dropped:r1"",12.84],""3"":[""mm"",""dropped:r2"",12.57],""4"":[""mm"",""dropped:r1"",17.87],""5"":[""cuthill"",""dropped:r1"",13.36],""6"":[""clmm"",""final"",9.26],""7"":[""clmm-core"",""dropped:r3"",9.46]}}"
P16,100,0.3,102,4,race8-seq,SUCCESS,1,9.12,9.12,10,912,60.456,template[0]@template,1451,,"{""final_survivor"":7,""elapsed_s"":60.456,""arms"":{""0"":[""template"",""floor"",9.12],""1"":[""mm"",""dropped:r2"",11.94],""2"":[""mm"",""dropped:r1"",13.75],""3"":[""mm"",""dropped:r1"",12.02],""4"":[""mm"",""dropped:r1"",12.73],""5"":[""cuthill"",""dropped:r2"",11.54],""6"":[""clmm"",""survivor"",9.75],""7"":[""clmm-core"",""final"",9.46]}}"
P16,100,0.3,102,4,bestof8-seq,SUCCESS,1,11.74,11.04,19,1174,60.1983,mm[run3],1451,,"{""per_run_s"":7.5,""accs"":[12.13,12.21,12.74,11.74,12.44,12.28,12.07,12.07]}"
P16,100,0.3,102,4,bestof8-par,SUCCESS,1,10.79,10.32,17,1079,28.3807,mm[run0],1451,,"{""per_run_s"":60.0,""accs"":[10.79,11.58,11.5,11.05,12.44,11.51,12.2,11.24],""used_s"":[28.4,15.5,25.1,23.5,10.8,21.3,13.7,23.4]}"
P16,100,0.3,102,4,race8-par,SUCCESS,1,9.12,9.12,10,912,60.1203,template[0]@template,1451,,"{""final_survivor"":7,""elapsed_s"":60.12,""arms"":{""0"":[""template"",""floor"",9.12],""1"":[""mm"",""dropped:r2"",11.94],""2"":[""mm"",""dropped:r1"",13.75],""3"":[""mm"",""dropped:r1"",12.02],""4"":[""mm"",""dropped:r1"",12.73],""5"":[""cuthill"",""dropped:r2"",11.54],""6"":[""clmm"",""dropped:r3"",9.74],""7"":[""clmm-core"",""final"",9.41]}}"
P16,100,0.3,103,1,race8-seq,SUCCESS,1,9.11,9.11,10,911,60.2513,template[0]@template,1480,,"{""final_survivor"":7,""elapsed_s"":60.251,""arms"":{""0"":[""template"",""floor"",9.11],""1"":[""mm"",""dropped:r1"",17.46],""2"":[""mm"",""dropped:r1"",13.67],""3"":[""mm"",""dropped:r1"",12.69],""4"":[""mm"",""dropped:r2"",12.62],""5"":[""cuthill"",""dropped:r2"",11.81],""6"":[""clmm"",""survivor"",9.78],""7"":[""clmm-core"",""final"",9.4]}}"
P16,100,0.3,103,1,bestof8-seq,SUCCESS,1,11.79,11.04,18,1179,60.4052,mm[run4],1480,,"{""per_run_s"":7.5,""accs"":[12.0,13.38,12.14,12.15,11.79,12.6,12.88,12.25]}"
P16,100,0.3,103,1,bestof8-par,SUCCESS,1,11.06,10.49,17,1106,32.492,mm[run5],1480,,"{""per_run_s"":60.0,""accs"":[11.48,11.19,11.46,11.57,11.79,11.06,11.68,11.94],""used_s"":[25.9,32.5,23.7,19.6,15.2,28.8,23.5,13.0]}"
P16,100,0.3,103,1,race8-par,SUCCESS,1,9.11,9.11,10,911,60.4179,template[0]@template,1480,,"{""final_survivor"":7,""elapsed_s"":60.417,""arms"":{""0"":[""template"",""floor"",9.11],""1"":[""mm"",""dropped:r1"",17.46],""2"":[""mm"",""dropped:r1"",13.67],""3"":[""mm"",""dropped:r1"",12.69],""4"":[""mm"",""dropped:r2"",12.62],""5"":[""cuthill"",""dropped:r2"",11.61],""6"":[""clmm"",""dropped:r3"",9.75],""7"":[""clmm-core"",""final"",9.35]}}"
P16,100,0.3,103,0,race8-seq,SUCCESS,1,9.11,9.11,10,911,60.4418,template[0]@template,1480,,"{""final_survivor"":7,""elapsed_s"":60.442,""arms"":{""0"":[""template"",""floor"",9.11],""1"":[""mm"",""dropped:r2"",13.16],""2"":[""mm"",""dropped:r2"",12.21],""3"":[""mm"",""dropped:r1"",17.35],""4"":[""mm"",""dropped:r1"",17.24],""5"":[""cuthill"",""dropped:r1"",13.64],""6"":[""clmm"",""survivor"",9.73],""7"":[""clmm-core"",""final"",9.3]}}"
P16,100,0.3,103,0,bestof8-seq,SUCCESS,1,12.2,11.35,19,1220,60.3558,mm[run2],1480,,"{""per_run_s"":7.5,""accs"":[12.7,13.08,12.2,12.51,12.6,12.42,12.67,13.81]}"
P16,100,0.3,103,0,bestof8-par,SUCCESS,1,11.08,10.41,17,1108,42.4446,mm[run1],1480,,"{""per_run_s"":60.0,""accs"":[12.0,11.08,11.67,11.68,11.84,11.13,12.67,11.65],""used_s"":[33.0,42.4,19.2,17.6,19.3,26.5,7.0,27.3]}"
P16,100,0.3,103,0,race8-par,SUCCESS,1,9.11,9.11,10,911,60.1389,template[0]@template,1480,,"{""final_survivor"":7,""elapsed_s"":60.138,""arms"":{""0"":[""template"",""floor"",9.11],""1"":[""mm"",""dropped:r1"",14.0],""2"":[""mm"",""dropped:r2"",12.21],""3"":[""mm"",""dropped:r1"",17.35],""4"":[""mm"",""dropped:r1"",17.24],""5"":[""cuthill"",""dropped:r2"",13.06],""6"":[""clmm"",""dropped:r3"",9.73],""7"":[""clmm-core"",""final"",9.29]}}"
P16,100,0.3,103,2,race8-seq,SUCCESS,1,9.11,9.11,10,911,60.4788,template[0]@template,1480,,"{""final_survivor"":7,""elapsed_s"":60.479,""arms"":{""0"":[""template"",""floor"",9.11],""1"":[""mm"",""dropped:r2"",12.26],""2"":[""mm"",""dropped:r1"",13.33],""3"":[""mm"",""dropped:r1"",12.97],""4"":[""mm"",""dropped:r1"",14.81],""5"":[""cuthill"",""dropped:r2"",12.35],""6"":[""clmm"",""survivor"",9.68],""7"":[""clmm-core"",""final"",9.39]}}"
P16,100,0.3,103,2,bestof8-seq,SUCCESS,1,11.92,11.15,20,1192,60.5031,mm[run6],1480,,"{""per_run_s"":7.5,""accs"":[13.13,12.77,12.88,12.14,12.63,13.5,11.92,12.53]}"
P16,100,0.3,103,2,bestof8-par,SUCCESS,1,11.19,10.45,17,1119,42.0453,mm[run4],1480,,"{""per_run_s"":60.0,""accs"":[11.45,11.44,11.49,11.93,11.19,12.18,12.07,11.24],""used_s"":[22.5,25.8,34.1,21.7,42.0,22.2,17.8,40.0]}"
P16,100,0.3,103,2,race8-par,SUCCESS,1,9.11,9.11,10,911,60.4202,template[0]@template,1480,,"{""final_survivor"":7,""elapsed_s"":60.42,""arms"":{""0"":[""template"",""floor"",9.11],""1"":[""mm"",""dropped:r2"",12.26],""2"":[""mm"",""dropped:r1"",13.33],""3"":[""mm"",""dropped:r1"",12.97],""4"":[""mm"",""dropped:r1"",14.81],""5"":[""cuthill"",""dropped:r2"",12.35],""6"":[""clmm"",""dropped:r3"",9.68],""7"":[""clmm-core"",""final"",9.28]}}"
P16,100,0.3,103,3,race8-seq,SUCCESS,1,9.11,9.11,10,911,60.464,template[0]@template,1480,,"{""final_survivor"":7,""elapsed_s"":60.464,""arms"":{""0"":[""template"",""floor"",9.11],""1"":[""mm"",""dropped:r2"",13.27],""2"":[""mm"",""dropped:r1"",14.09],""3"":[""mm"",""dropped:r1"",15.29],""4"":[""mm"",""dropped:r1"",14.17],""5"":[""cuthill"",""dropped:r2"",12.12],""6"":[""clmm"",""survivor"",9.67],""7"":[""clmm-core"",""final"",9.39]}}"
P16,100,0.3,103,3,bestof8-seq,SUCCESS,1,11.96,11.18,19,1196,60.447,mm[run5],1480,,"{""per_run_s"":7.5,""accs"":[13.03,12.32,13.8,14.29,12.69,11.96,13.14,12.18]}"
P16,100,0.3,103,3,bestof8-par,SUCCESS,1,10.91,10.46,17,1091,39.0316,mm[run1],1480,,"{""per_run_s"":60.0,""accs"":[11.9,10.91,11.94,11.29,11.55,11.96,11.04,11.11],""used_s"":[25.8,31.9,29.5,39.0,30.0,14.1,29.7,21.0]}"
P16,100,0.3,103,3,race8-par,SUCCESS,1,9.11,9.11,10,911,60.0295,template[0]@template,1480,,"{""final_survivor"":7,""elapsed_s"":60.029,""arms"":{""0"":[""template"",""floor"",9.11],""1"":[""mm"",""dropped:r2"",12.98],""2"":[""mm"",""dropped:r1"",14.09],""3"":[""mm"",""dropped:r1"",16.35],""4"":[""mm"",""dropped:r1"",14.06],""5"":[""cuthill"",""dropped:r2"",12.12],""6"":[""clmm"",""dropped:r3"",9.67],""7"":[""clmm-core"",""final"",9.38]}}"
P16,100,0.3,103,4,race8-seq,SUCCESS,1,9.11,9.11,10,911,60.0673,template[0]@template,1480,,"{""final_survivor"":7,""elapsed_s"":60.067,""arms"":{""0"":[""template"",""floor"",9.11],""1"":[""mm"",""dropped:r1"",14.78],""2"":[""mm"",""dropped:r1"",13.46],""3"":[""mm"",""dropped:r2"",12.06],""4"":[""mm"",""dropped:r1"",13.13],""5"":[""cuthill"",""dropped:r2"",11.41],""6"":[""clmm"",""survivor"",9.69],""7"":[""clmm-core"",""final"",9.32]}}"
P16,100,0.3,103,4,bestof8-seq,SUCCESS,1,11.56,10.99,18,1156,60.2602,mm[run3],1480,,"{""per_run_s"":7.5,""accs"":[12.45,13.86,11.94,11.56,12.29,13.14,11.97,13.48]}"
P16,100,0.3,103,4,bestof8-par,SUCCESS,1,11.24,10.61,18,1124,38.3585,mm[run0],1480,,"{""per_run_s"":60.0,""accs"":[11.24,13.86,11.47,11.47,11.54,12.14,11.63,11.36],""used_s"":[38.3,13.7,21.7,14.5,27.9,21.8,15.3,31.3]}"
P16,100,0.3,103,4,race8-par,SUCCESS,1,9.11,9.11,10,911,60.5224,template[0]@template,1480,,"{""final_survivor"":7,""elapsed_s"":60.522,""arms"":{""0"":[""template"",""floor"",9.11],""1"":[""mm"",""dropped:r1"",14.78],""2"":[""mm"",""dropped:r1"",13.46],""3"":[""mm"",""dropped:r2"",11.91],""4"":[""mm"",""dropped:r1"",13.13],""5"":[""cuthill"",""dropped:r2"",11.41],""6"":[""clmm"",""dropped:r3"",9.68],""7"":[""clmm-core"",""final"",9.28]}}"
P16,100,0.3,104,0,race8-seq,SUCCESS,1,9.05,9.05,10,905,60.5827,template[0]@template,1461,,"{""final_survivor"":6,""elapsed_s"":60.582,""arms"":{""0"":[""template"",""floor"",9.05],""1"":[""mm"",""dropped:r2"",12.73],""2"":[""mm"",""dropped:r1"",14.42],""3"":[""mm"",""dropped:r1"",13.9],""4"":[""mm"",""dropped:r2"",11.91],""5"":[""cuthill"",""dropped:r1"",13.24],""6"":[""clmm"",""final"",9.26],""7"":[""clmm-core"",""survivor"",9.28]}}"
P16,100,0.3,104,0,bestof8-seq,SUCCESS,1,11.39,10.66,18,1139,60.1252,mm[run5],1461,,"{""per_run_s"":7.5,""accs"":[12.41,11.92,13.0,12.19,11.96,11.39,12.28,12.06]}"
P16,100,0.3,104,0,bestof8-par,SUCCESS,1,11.05,10.5,16,1105,25.3242,mm[run0],1461,,"{""per_run_s"":60.0,""accs"":[11.05,11.7,11.69,11.36,11.08,11.34,11.5,11.59],""used_s"":[25.3,17.7,20.4,23.8,21.8,16.1,24.4,13.7]}"
P16,100,0.3,104,0,race8-par,SUCCESS,1,9.05,9.05,10,905,60.1297,template[0]@template,1461,,"{""final_survivor"":6,""elapsed_s"":60.129,""arms"":{""0"":[""template"",""floor"",9.05],""1"":[""mm"",""dropped:r2"",12.73],""2"":[""mm"",""dropped:r1"",14.55],""3"":[""mm"",""dropped:r1"",14.11],""4"":[""mm"",""dropped:r2"",11.84],""5"":[""cuthill"",""dropped:r1"",13.24],""6"":[""clmm"",""final"",9.25],""7"":[""clmm-core"",""dropped:r3"",9.27]}}"
P16,100,0.3,104,3,race8-seq,SUCCESS,1,9.05,9.05,10,905,60.1845,template[0]@template,1461,,"{""final_survivor"":7,""elapsed_s"":60.184,""arms"":{""0"":[""template"",""floor"",9.05],""1"":[""mm"",""dropped:r2"",12.67],""2"":[""mm"",""dropped:r1"",13.12],""3"":[""mm"",""dropped:r1"",13.84],""4"":[""mm"",""dropped:r1"",14.69],""5"":[""cuthill"",""dropped:r2"",12.15],""6"":[""clmm"",""survivor"",9.76],""7"":[""clmm-core"",""final"",9.52]}}"
P16,100,0.3,104,3,bestof8-seq,SUCCESS,1,11.77,11.1,20,1177,60.3713,mm[run1],1461,,"{""per_run_s"":7.5,""accs"":[12.67,11.77,12.9,12.37,13.29,12.67,11.93,16.03]}"
P16,100,0.3,104,3,bestof8-par,SUCCESS,1,10.89,10.28,17,1089,30.3674,mm[run6],1461,,"{""per_run_s"":60.0,""accs"":[11.37,10.94,12.9,11.5,12.22,11.96,10.89,11.83],""used_s"":[20.5,29.7,12.0,21.8,18.8,17.7,30.3,29.8]}"
P16,100,0.3,104,3,race8-par,SUCCESS,1,9.05,9.05,10,905,60.4682,template[0]@template,1461,,"{""final_survivor"":7,""elapsed_s"":60.468,""arms"":{""0"":[""template"",""floor"",9.05],""1"":[""mm"",""dropped:r2"",12.32],""2"":[""mm"",""dropped:r1"",13.12],""3"":[""mm"",""dropped:r1"",13.84],""4"":[""mm"",""dropped:r1"",14.69],""5"":[""cuthill"",""dropped:r2"",12.25],""6"":[""clmm"",""dropped:r3"",9.75],""7"":[""clmm-core"",""final"",9.19]}}"
P16,100,0.3,104,1,race8-seq,SUCCESS,1,9.05,9.05,10,905,60.1279,template[0]@template,1461,,"{""final_survivor"":7,""elapsed_s"":60.128,""arms"":{""0"":[""template"",""floor"",9.05],""1"":[""mm"",""dropped:r1"",13.9],""2"":[""mm"",""dropped:r1"",15.26],""3"":[""mm"",""dropped:r2"",13.1],""4"":[""mm"",""dropped:r1"",18.66],""5"":[""cuthill"",""dropped:r2"",11.69],""6"":[""clmm"",""survivor"",9.72],""7"":[""clmm-core"",""final"",9.39]}}"
P16,100,0.3,104,1,bestof8-seq,SUCCESS,1,11.85,11.06,20,1185,60.2396,mm[run6],1461,,"{""per_run_s"":7.5,""accs"":[12.11,13.11,14.38,12.31,13.06,12.58,11.85,12.26]}"
P16,100,0.3,104,1,bestof8-par,SUCCESS,1,10.65,10.11,15,1065,42.828,mm[run6],1461,,"{""per_run_s"":60.0,""accs"":[11.1,11.02,11.51,12.44,11.33,12.58,10.65,12.26],""used_s"":[19.5,41.6,24.9,16.1,32.9,12.9,42.8,10.5]}"
P16,100,0.3,104,1,race8-par,SUCCESS,1,9.05,9.05,10,905,60.2116,template[0]@template,1461,,"{""final_survivor"":7,""elapsed_s"":60.211,""arms"":{""0"":[""template"",""floor"",9.05],""1"":[""mm"",""dropped:r1"",13.9],""2"":[""mm"",""dropped:r1"",15.26],""3"":[""mm"",""dropped:r2"",12.63],""4"":[""mm"",""dropped:r1"",18.66],""5"":[""cuthill"",""dropped:r2"",11.69],""6"":[""clmm"",""dropped:r3"",9.7],""7"":[""clmm-core"",""final"",9.28]}}"
P16,100,0.3,104,2,race8-seq,SUCCESS,1,9.05,9.05,10,905,60.0799,template[0]@template,1461,,"{""final_survivor"":7,""elapsed_s"":60.08,""arms"":{""0"":[""template"",""floor"",9.05],""1"":[""mm"",""dropped:r1"",13.28],""2"":[""mm"",""dropped:r2"",12.45],""3"":[""mm"",""dropped:r1"",15.72],""4"":[""mm"",""dropped:r1"",13.73],""5"":[""cuthill"",""dropped:r2"",12.11],""6"":[""clmm"",""survivor"",9.73],""7"":[""clmm-core"",""final"",9.29]}}"
P16,100,0.3,104,2,bestof8-seq,SUCCESS,1,11.67,10.95,19,1167,60.0339,mm[run6],1461,,"{""per_run_s"":7.5,""accs"":[12.66,12.21,12.43,13.89,12.83,13.73,11.67,13.95]}"
P16,100,0.3,104,2,bestof8-par,SUCCESS,1,10.64,10.16,17,1064,46.4414,mm[run3],1461,,"{""per_run_s"":60.0,""accs"":[10.89,11.35,11.85,10.64,12.1,11.11,11.31,11.55],""used_s"":[27.5,27.5,20.2,46.4,20.1,43.9,24.3,37.6]}"
P16,100,0.3,104,2,race8-par,SUCCESS,1,9.05,9.05,10,905,60.0667,template[0]@template,1461,,"{""final_survivor"":7,""elapsed_s"":60.066,""arms"":{""0"":[""template"",""floor"",9.05],""1"":[""mm"",""dropped:r1"",13.28],""2"":[""mm"",""dropped:r2"",12.45],""3"":[""mm"",""dropped:r1"",15.72],""4"":[""mm"",""dropped:r1"",13.73],""5"":[""cuthill"",""dropped:r2"",12.11],""6"":[""clmm"",""dropped:r3"",9.72],""7"":[""clmm-core"",""final"",9.29]}}"
P16,100,0.3,104,4,race8-seq,SUCCESS,1,9.05,9.05,10,905,60.1813,template[0]@template,1461,,"{""final_survivor"":7,""elapsed_s"":60.181,""arms"":{""0"":[""template"",""floor"",9.05],""1"":[""mm"",""dropped:r1"",14.93],""2"":[""mm"",""dropped:r1"",14.43],""3"":[""mm"",""dropped:r1"",18.12],""4"":[""mm"",""dropped:r2"",13.56],""5"":[""cuthill"",""dropped:r2"",11.69],""6"":[""clmm"",""survivor"",9.7],""7"":[""clmm-core"",""final"",9.51]}}"
P16,100,0.3,104,4,bestof8-seq,SUCCESS,1,12.43,11.79,21,1243,60.0973,mm[run4],1461,,"{""per_run_s"":7.5,""accs"":[12.47,14.27,12.85,12.81,12.43,12.63,14.01,13.52]}"
P16,100,0.3,104,4,bestof8-par,SUCCESS,1,10.81,10.32,16,1081,44.0057,mm[run3],1461,,"{""per_run_s"":60.0,""accs"":[10.99,11.29,11.77,10.81,11.74,11.15,11.94,11.8],""used_s"":[39.2,44.0,22.9,41.8,23.7,27.4,30.8,21.1]}"
P16,100,0.3,104,4,race8-par,SUCCESS,1,9.05,9.05,10,905,60.1278,template[0]@template,1461,,"{""final_survivor"":7,""elapsed_s"":60.127,""arms"":{""0"":[""template"",""floor"",9.05],""1"":[""mm"",""dropped:r1"",14.93],""2"":[""mm"",""dropped:r1"",14.43],""3"":[""mm"",""dropped:r1"",18.12],""4"":[""mm"",""dropped:r2"",12.74],""5"":[""cuthill"",""dropped:r2"",11.69],""6"":[""clmm"",""dropped:r3"",9.7],""7"":[""clmm-core"",""final"",9.18]}}"
P16,100,0.3,105,0,race8-seq,SUCCESS,1,9.15,9.15,10,915,60.1512,template[0]@template,1509,,"{""final_survivor"":7,""elapsed_s"":60.151,""arms"":{""0"":[""template"",""floor"",9.15],""1"":[""mm"",""dropped:r1"",13.81],""2"":[""mm"",""dropped:r1"",16.58],""3"":[""mm"",""dropped:r1"",12.57],""4"":[""mm"",""dropped:r2"",12.48],""5"":[""cuthill"",""dropped:r2"",11.75],""6"":[""clmm"",""survivor"",9.71],""7"":[""clmm-core"",""final"",9.4]}}"
P16,100,0.3,105,0,bestof8-seq,SUCCESS,1,11.48,10.96,18,1148,60.0739,mm[run3],1509,,"{""per_run_s"":7.5,""accs"":[13.44,12.14,12.99,11.48,12.0,12.61,12.4,13.06]}"
P16,100,0.3,105,0,bestof8-par,SUCCESS,1,11.5,10.71,19,1150,27.6706,mm[run4],1509,,"{""per_run_s"":60.0,""accs"":[11.71,11.87,12.16,11.56,11.5,11.64,11.87,11.86],""used_s"":[21.1,12.9,16.7,23.1,22.0,27.6,19.2,16.1]}"
P16,100,0.3,105,0,race8-par,SUCCESS,1,9.15,9.15,10,915,60.2816,template[0]@template,1509,,"{""final_survivor"":7,""elapsed_s"":60.281,""arms"":{""0"":[""template"",""floor"",9.15],""1"":[""mm"",""dropped:r1"",13.81],""2"":[""mm"",""dropped:r1"",16.58],""3"":[""mm"",""dropped:r1"",12.57],""4"":[""mm"",""dropped:r2"",12.11],""5"":[""cuthill"",""dropped:r2"",11.75],""6"":[""clmm"",""dropped:r3"",9.7],""7"":[""clmm-core"",""final"",9.28]}}"
P16,100,0.3,105,1,race8-seq,SUCCESS,1,9.15,9.15,10,915,60.1228,template[0]@template,1509,,"{""final_survivor"":6,""elapsed_s"":60.123,""arms"":{""0"":[""template"",""floor"",9.15],""1"":[""mm"",""dropped:r1"",16.23],""2"":[""mm"",""dropped:r1"",16.06],""3"":[""mm"",""dropped:r2"",12.72],""4"":[""mm"",""dropped:r1"",14.79],""5"":[""cuthill"",""dropped:r2"",12.15],""6"":[""clmm"",""final"",9.35],""7"":[""clmm-core"",""survivor"",9.41]}}"
P16,100,0.3,105,1,bestof8-seq,SUCCESS,1,11.61,10.8,19,1161,60.1076,mm[run6],1509,,"{""per_run_s"":7.5,""accs"":[13.45,13.1,14.09,12.72,14.09,15.16,11.61,12.71]}"
P16,100,0.3,105,1,bestof8-par,SUCCESS,1,11.32,10.69,17,1132,34.9,mm[run6],1509,,"{""per_run_s"":60.0,""accs"":[12.01,11.71,12.22,11.45,11.71,11.62,11.32,11.84],""used_s"":[34.9,19.5,27.7,27.0,28.7,34.1,22.8,21.0]}"
P16,100,0.3,105,1,race8-par,SUCCESS,1,9.15,9.15,10,915,60.5111,template[0]@template,1509,,"{""final_survivor"":6,""elapsed_s"":60.511,""arms"":{""0"":[""template"",""floor"",9.15],""1"":[""mm"",""dropped:r1"",16.23],""2"":[""mm"",""dropped:r1"",16.06],""3"":[""mm"",""dropped:r2"",12.53],""4"":[""mm"",""dropped:r1"",14.79],""5"":[""cuthill"",""dropped:r2"",12.48],""6"":[""clmm"",""final"",9.26],""7"":[""clmm-core"",""dropped:r3"",9.38]}}"
P16,100,0.3,105,2,race8-seq,SUCCESS,1,9.15,9.15,10,915,60.4276,template[0]@template,1509,,"{""final_survivor"":7,""elapsed_s"":60.427,""arms"":{""0"":[""template"",""floor"",9.15],""1"":[""mm"",""dropped:r1"",13.61],""2"":[""mm"",""dropped:r1"",16.64],""3"":[""mm"",""dropped:r1"",18.73],""4"":[""mm"",""dropped:r2"",13.57],""5"":[""cuthill"",""dropped:r2"",11.85],""6"":[""clmm"",""survivor"",9.73],""7"":[""clmm-core"",""final"",9.38]}}"
P16,100,0.3,105,2,bestof8-seq,SUCCESS,1,11.79,11.01,19,1179,60.4189,mm[run5],1509,,"{""per_run_s"":7.5,""accs"":[12.33,12.49,15.34,13.57,12.71,11.79,12.25,13.49]}"
P16,100,0.3,105,2,bestof8-par,SUCCESS,1,11.24,10.65,18,1124,36.8757,mm[run0],1509,,"{""per_run_s"":60.0,""accs"":[11.24,12.29,12.04,12.53,11.45,11.37,11.52,11.69],""used_s"":[27.6,19.6,26.7,18.4,25.7,20.9,36.9,16.6]}"
P16,100,0.3,105,2,race8-par,SUCCESS,1,9.15,9.15,10,915,60.3964,template[0]@template,1509,,"{""final_survivor"":7,""elapsed_s"":60.396,""arms"":{""0"":[""template"",""floor"",9.15],""1"":[""mm"",""dropped:r1"",13.61],""2"":[""mm"",""dropped:r1"",16.64],""3"":[""mm"",""dropped:r1"",18.73],""4"":[""mm"",""dropped:r2"",13.57],""5"":[""cuthill"",""dropped:r2"",11.85],""6"":[""clmm"",""dropped:r3"",9.73],""7"":[""clmm-core"",""final"",9.26]}}"
P16,100,0.3,105,3,race8-seq,SUCCESS,1,9.15,9.15,10,915,60.2872,template[0]@template,1509,,"{""final_survivor"":7,""elapsed_s"":60.287,""arms"":{""0"":[""template"",""floor"",9.15],""1"":[""mm"",""dropped:r1"",14.99],""2"":[""mm"",""dropped:r1"",14.92],""3"":[""mm"",""dropped:r1"",13.81],""4"":[""mm"",""dropped:r2"",13.08],""5"":[""cuthill"",""dropped:r2"",12.14],""6"":[""clmm"",""survivor"",9.74],""7"":[""clmm-core"",""final"",9.42]}}"
P16,100,0.3,105,3,bestof8-seq,SUCCESS,1,12.11,11.37,21,1211,60.3005,mm[run7],1509,,"{""per_run_s"":7.5,""accs"":[13.88,12.83,12.35,12.68,12.38,13.69,12.57,12.11]}"
P16,100,0.3,105,3,bestof8-par,SUCCESS,1,11.13,10.51,17,1113,38.3015,mm[run0],1509,,"{""per_run_s"":60.0,""accs"":[11.13,12.03,12.13,11.57,12.17,11.25,11.43,11.17],""used_s"":[38.3,21.2,21.6,29.9,16.3,28.6,28.2,23.4]}"
P16,100,0.3,105,3,race8-par,SUCCESS,1,9.15,9.15,10,915,60.0674,template[0]@template,1509,,"{""final_survivor"":7,""elapsed_s"":60.067,""arms"":{""0"":[""template"",""floor"",9.15],""1"":[""mm"",""dropped:r1"",14.99],""2"":[""mm"",""dropped:r1"",14.92],""3"":[""mm"",""dropped:r1"",13.81],""4"":[""mm"",""dropped:r2"",13.25],""5"":[""cuthill"",""dropped:r2"",12.14],""6"":[""clmm"",""dropped:r3"",9.72],""7"":[""clmm-core"",""final"",9.32]}}"
P16,100,0.3,105,4,race8-seq,SUCCESS,1,9.15,9.15,10,915,60.1534,template[0]@template,1509,,"{""final_survivor"":7,""elapsed_s"":60.153,""arms"":{""0"":[""template"",""floor"",9.15],""1"":[""mm"",""dropped:r1"",14.31],""2"":[""mm"",""dropped:r1"",15.4],""3"":[""mm"",""dropped:r2"",12.99],""4"":[""mm"",""dropped:r1"",13.65],""5"":[""cuthill"",""dropped:r2"",13.25],""6"":[""clmm"",""survivor"",9.76],""7"":[""clmm-core"",""final"",9.39]}}"
P16,100,0.3,105,4,bestof8-seq,SUCCESS,1,12.0,11.19,21,1200,60.4227,mm[run4],1509,,"{""per_run_s"":7.5,""accs"":[12.39,12.41,14.37,12.91,12.0,12.76,12.2,15.4]}"
P16,100,0.3,105,4,bestof8-par,SUCCESS,1,11.35,10.83,17,1135,34.2751,mm[run7],1509,,"{""per_run_s"":60.0,""accs"":[11.56,12.34,11.68,12.91,11.44,11.51,11.58,11.35],""used_s"":[34.2,16.7,27.6,9.1,22.3,22.8,27.0,26.7]}"
P16,100,0.3,105,4,race8-par,SUCCESS,1,9.15,9.15,10,915,60.1274,template[0]@template,1509,,"{""final_survivor"":7,""elapsed_s"":60.127,""arms"":{""0"":[""template"",""floor"",9.15],""1"":[""mm"",""dropped:r1"",14.31],""2"":[""mm"",""dropped:r1"",15.4],""3"":[""mm"",""dropped:r2"",12.99],""4"":[""mm"",""dropped:r1"",13.65],""5"":[""cuthill"",""dropped:r2"",13.19],""6"":[""clmm"",""dropped:r3"",9.76],""7"":[""clmm-core"",""final"",9.37]}}"
Z12,100,0.2,101,0,race8-seq,SUCCESS,1,6.85,6.85,8,685,60.109,template[0]@template,989,,"{""final_survivor"":6,""elapsed_s"":60.109,""arms"":{""0"":[""template"",""floor"",6.85],""1"":[""mm"",""dropped:r1"",9.06],""2"":[""mm"",""dropped:r1"",9.83],""3"":[""mm"",""dropped:r1"",9.77],""4"":[""mm"",""dropped:r2"",8.16],""5"":[""cuthill"",""dropped:r2"",8.62],""6"":[""clmm"",""final"",7.06],""7"":[""clmm-core"",""dropped:r3"",7.42]}}"
Z12,100,0.2,101,0,bestof8-seq,SUCCESS,1,7.55,7.24,13,755,60.1564,mm[run6],989,,"{""per_run_s"":7.5,""accs"":[8.03,7.95,8.27,7.74,8.29,8.72,7.55,7.63]}"
Z12,100,0.2,101,0,bestof8-par,SUCCESS,1,7.26,7.03,12,726,21.3547,mm[run7],989,,"{""per_run_s"":60.0,""accs"":[7.99,7.41,7.82,7.41,7.71,8.72,7.46,7.26],""used_s"":[10.4,21.3,14.5,20.2,12.4,7.0,11.6,12.9]}"
Z12,100,0.2,101,0,race8-par,SUCCESS,1,6.85,6.85,8,685,60.1011,template[0]@template,989,,"{""final_survivor"":6,""elapsed_s"":60.1,""arms"":{""0"":[""template"",""floor"",6.85],""1"":[""mm"",""dropped:r1"",9.06],""2"":[""mm"",""dropped:r1"",9.48],""3"":[""mm"",""dropped:r1"",9.77],""4"":[""mm"",""dropped:r2"",8.16],""5"":[""cuthill"",""dropped:r2"",8.62],""6"":[""clmm"",""final"",7.02],""7"":[""clmm-core"",""dropped:r3"",7.41]}}"
Z12,100,0.2,101,1,race8-seq,SUCCESS,1,6.85,6.85,8,685,60.1123,template[0]@template,989,,"{""final_survivor"":7,""elapsed_s"":60.112,""arms"":{""0"":[""template"",""floor"",6.85],""1"":[""mm"",""dropped:r1"",8.95],""2"":[""mm"",""dropped:r2"",8.02],""3"":[""mm"",""dropped:r1"",9.27],""4"":[""mm"",""dropped:r1"",8.79],""5"":[""cuthill"",""dropped:r3"",7.59],""6"":[""clmm"",""dropped:r2"",7.8],""7"":[""clmm-core"",""final"",7.36]}}"
Z12,100,0.2,101,1,bestof8-seq,SUCCESS,1,7.74,7.4,12,774,60.3108,mm[run0],989,,"{""per_run_s"":7.5,""accs"":[7.74,8.03,8.07,8.13,7.86,8.5,7.89,8.22]}"
Z12,100,0.2,101,1,bestof8-par,SUCCESS,1,7.35,7.0,12,735,14.4033,mm[run1],989,,"{""per_run_s"":60.0,""accs"":[7.61,7.35,8.07,8.09,7.86,7.78,7.61,7.78],""used_s"":[11.9,14.4,8.7,11.4,8.1,12.0,12.0,13.1]}"
Z12,100,0.2,101,1,race8-par,SUCCESS,1,6.85,6.85,8,685,60.0603,template[0]@template,989,,"{""final_survivor"":7,""elapsed_s"":60.06,""arms"":{""0"":[""template"",""floor"",6.85],""1"":[""mm"",""dropped:r1"",8.95],""2"":[""mm"",""dropped:r2"",7.95],""3"":[""mm"",""dropped:r1"",9.29],""4"":[""mm"",""dropped:r1"",8.79],""5"":[""cuthill"",""dropped:r3"",7.46],""6"":[""clmm"",""dropped:r2"",7.8],""7"":[""clmm-core"",""final"",7.3]}}"
Z12,100,0.2,101,2,race8-seq,SUCCESS,1,6.85,6.85,8,685,60.1506,template[0]@template,989,,"{""final_survivor"":7,""elapsed_s"":60.15,""arms"":{""0"":[""template"",""floor"",6.85],""1"":[""mm"",""dropped:r1"",9.07],""2"":[""mm"",""dropped:r1"",10.45],""3"":[""mm"",""dropped:r1"",8.81],""4"":[""mm"",""dropped:r3"",7.74],""5"":[""cuthill"",""dropped:r2"",8.03],""6"":[""clmm"",""dropped:r2"",7.93],""7"":[""clmm-core"",""final"",7.36]}}"
Z12,100,0.2,101,2,bestof8-seq,SUCCESS,1,7.63,7.23,13,763,60.1067,mm[run5],989,,"{""per_run_s"":7.5,""accs"":[8.13,8.43,7.86,8.05,7.7,7.63,8.29,8.11]}"
Z12,100,0.2,101,2,bestof8-par,SUCCESS,1,7.36,7.14,12,736,19.5826,mm[run4],989,,"{""per_run_s"":60.0,""accs"":[7.8,7.53,7.91,7.66,7.36,7.53,7.53,7.84],""used_s"":[12.1,18.6,11.2,12.5,11.0,11.3,19.6,11.4]}"
Z12,100,0.2,101,2,race8-par,SUCCESS,1,6.85,6.85,8,685,60.6536,template[0]@template,989,,"{""final_survivor"":7,""elapsed_s"":60.653,""arms"":{""0"":[""template"",""floor"",6.85],""1"":[""mm"",""dropped:r1"",9.07],""2"":[""mm"",""dropped:r1"",10.45],""3"":[""mm"",""dropped:r1"",8.81],""4"":[""mm"",""dropped:r2"",7.96],""5"":[""cuthill"",""dropped:r3"",7.54],""6"":[""clmm"",""dropped:r2"",7.93],""7"":[""clmm-core"",""final"",7.11]}}"
Z12,100,0.2,101,4,race8-seq,SUCCESS,1,6.85,6.85,8,685,60.1754,template[0]@template,989,,"{""final_survivor"":7,""elapsed_s"":60.175,""arms"":{""0"":[""template"",""floor"",6.85],""1"":[""mm"",""dropped:r1"",8.67],""2"":[""mm"",""dropped:r1"",8.82],""3"":[""mm"",""dropped:r3"",7.82],""4"":[""mm"",""dropped:r1"",9.02],""5"":[""cuthill"",""dropped:r2"",8.11],""6"":[""clmm"",""dropped:r2"",7.87],""7"":[""clmm-core"",""final"",7.37]}}"
Z12,100,0.2,101,4,bestof8-seq,SUCCESS,1,7.49,7.19,12,749,60.1299,mm[run0],989,,"{""per_run_s"":7.5,""accs"":[7.49,8.57,7.87,8.09,8.11,7.73,8.14,8.01]}"
Z12,100,0.2,101,4,bestof8-par,SUCCESS,1,7.21,6.95,12,721,14.2308,mm[run6],989,,"{""per_run_s"":60.0,""accs"":[7.45,7.73,7.89,8.09,7.93,7.68,7.21,8.01],""used_s"":[10.3,12.9,11.1,8.5,10.9,10.9,14.2,9.3]}"
Z12,100,0.2,101,4,race8-par,SUCCESS,1,6.85,6.85,8,685,60.5003,template[0]@template,989,,"{""final_survivor"":7,""elapsed_s"":60.5,""arms"":{""0"":[""template"",""floor"",6.85],""1"":[""mm"",""dropped:r1"",8.67],""2"":[""mm"",""dropped:r1"",8.82],""3"":[""mm"",""dropped:r3"",7.82],""4"":[""mm"",""dropped:r1"",9.05],""5"":[""cuthill"",""dropped:r2"",8.11],""6"":[""clmm"",""dropped:r2"",7.87],""7"":[""clmm-core"",""final"",7.28]}}"
Z12,100,0.2,101,3,race8-seq,SUCCESS,1,6.85,6.85,8,685,60.1272,template[0]@template,989,,"{""final_survivor"":7,""elapsed_s"":60.127,""arms"":{""0"":[""template"",""floor"",6.85],""1"":[""mm"",""dropped:r1"",8.98],""2"":[""mm"",""dropped:r1"",8.79],""3"":[""mm"",""dropped:r1"",8.76],""4"":[""mm"",""dropped:r2"",7.92],""5"":[""cuthill"",""dropped:r2"",8.21],""6"":[""clmm"",""dropped:r3"",7.84],""7"":[""clmm-core"",""final"",7.41]}}"
Z12,100,0.2,101,3,bestof8-seq,SUCCESS,1,7.67,7.33,13,767,60.135,mm[run2],989,,"{""per_run_s"":7.5,""accs"":[8.44,7.78,7.67,8.47,8.29,7.81,7.92,7.98]}"
Z12,100,0.2,101,3,bestof8-par,SUCCESS,1,7.08,6.84,11,708,22.5426,mm[run7],989,,"{""per_run_s"":60.0,""accs"":[7.46,7.54,7.32,7.71,8.29,7.63,7.55,7.08],""used_s"":[16.9,17.7,17.2,19.5,9.4,15.7,13.5,22.5]}"
Z12,100,0.2,101,3,race8-par,SUCCESS,1,6.85,6.85,8,685,60.2359,template[0]@template,989,,"{""final_survivor"":7,""elapsed_s"":60.235,""arms"":{""0"":[""template"",""floor"",6.85],""1"":[""mm"",""dropped:r1"",8.98],""2"":[""mm"",""dropped:r1"",8.79],""3"":[""mm"",""dropped:r1"",8.76],""4"":[""mm"",""dropped:r2"",7.92],""5"":[""cuthill"",""dropped:r2"",8.21],""6"":[""clmm"",""dropped:r3"",7.84],""7"":[""clmm-core"",""final"",7.26]}}"
Z12,100,0.2,102,0,race8-seq,SUCCESS,1,6.86,6.86,8,686,60.0567,template[0]@template,958,,"{""final_survivor"":5,""elapsed_s"":60.056,""arms"":{""0"":[""template"",""floor"",6.86],""1"":[""mm"",""dropped:r1"",8.16],""2"":[""mm"",""dropped:r3"",7.47],""3"":[""mm"",""dropped:r1"",8.18],""4"":[""mm"",""dropped:r1"",8.9],""5"":[""cuthill"",""final"",7.4],""6"":[""clmm"",""dropped:r2"",7.8],""7"":[""clmm-core"",""dropped:r2"",7.51]}}"
Z12,100,0.2,102,0,bestof8-seq,SUCCESS,1,7.63,7.21,13,763,59.7871,mm[run4],958,,"{""per_run_s"":7.5,""accs"":[7.75,7.98,7.72,7.83,7.63,7.73,7.82,7.87]}"
Z12,100,0.2,102,0,bestof8-par,SUCCESS,1,7.34,7.02,12,734,14.3276,mm[run0],958,,"{""per_run_s"":60.0,""accs"":[7.34,7.51,7.49,7.83,7.58,7.51,7.72,7.42],""used_s"":[14.3,12.5,12.6,6.4,10.2,11.4,10.1,14.2]}"
Z12,100,0.2,102,0,race8-par,SUCCESS,1,6.86,6.86,8,686,60.0329,template[0]@template,958,,"{""final_survivor"":5,""elapsed_s"":60.032,""arms"":{""0"":[""template"",""floor"",6.86],""1"":[""mm"",""dropped:r1"",8.16],""2"":[""mm"",""dropped:r2"",7.61],""3"":[""mm"",""dropped:r1"",8.18],""4"":[""mm"",""dropped:r1"",9.39],""5"":[""cuthill"",""final"",7.11],""6"":[""clmm"",""dropped:r2"",7.8],""7"":[""clmm-core"",""dropped:r3"",7.51]}}"
Z12,100,0.2,102,1,race8-seq,SUCCESS,1,6.86,6.86,8,686,60.3419,template[0]@template,958,,"{""final_survivor"":7,""elapsed_s"":60.342,""arms"":{""0"":[""template"",""floor"",6.86],""1"":[""mm"",""dropped:r1"",8.92],""2"":[""mm"",""dropped:r2"",7.76],""3"":[""mm"",""dropped:r1"",8.53],""4"":[""mm"",""dropped:r1"",8.52],""5"":[""cuthill"",""dropped:r3"",7.72],""6"":[""clmm"",""dropped:r2"",7.9],""7"":[""clmm-core"",""final"",6.98]}}"
Z12,100,0.2,102,1,bestof8-seq,SUCCESS,1,7.29,6.93,12,729,60.1583,mm[run5],958,,"{""per_run_s"":7.5,""accs"":[7.69,7.92,7.76,7.86,7.35,7.29,7.63,8.19]}"
Z12,100,0.2,102,1,bestof8-par,SUCCESS,1,7.18,6.94,12,718,13.8466,mm[run5],958,,"{""per_run_s"":60.0,""accs"":[7.69,7.81,7.52,7.54,7.25,7.18,7.63,7.65],""used_s"":[10.5,11.9,9.8,13.2,9.9,13.8,9.2,12.4]}"
Z12,100,0.2,102,1,race8-par,SUCCESS,1,6.86,6.86,8,686,60.29,template[0]@template,958,,"{""final_survivor"":7,""elapsed_s"":60.289,""arms"":{""0"":[""template"",""floor"",6.86],""1"":[""mm"",""dropped:r1"",8.92],""2"":[""mm"",""dropped:r2"",7.76],""3"":[""mm"",""dropped:r1"",8.53],""4"":[""mm"",""dropped:r1"",8.6],""5"":[""cuthill"",""dropped:r3"",7.44],""6"":[""clmm"",""dropped:r2"",7.9],""7"":[""clmm-core"",""final"",6.91]}}"
Z12,100,0.2,102,2,race8-seq,SUCCESS,1,6.86,6.86,8,686,60.3026,template[0]@template,958,,"{""final_survivor"":7,""elapsed_s"":60.302,""arms"":{""0"":[""template"",""floor"",6.86],""1"":[""mm"",""dropped:r2"",7.71],""2"":[""mm"",""dropped:r1"",8.46],""3"":[""mm"",""dropped:r3"",7.51],""4"":[""mm"",""dropped:r1"",8.32],""5"":[""cuthill"",""dropped:r1"",8.31],""6"":[""clmm"",""dropped:r2"",7.92],""7"":[""clmm-core"",""final"",6.95]}}"
Z12,100,0.2,102,2,bestof8-seq,SUCCESS,1,7.32,6.96,12,732,57.8981,mm[run3],958,,"{""per_run_s"":7.5,""accs"":[7.66,7.99,8.16,7.32,7.76,8.1,8.02,7.61]}"
Z12,100,0.2,102,2,bestof8-par,SUCCESS,1,7.19,6.99,11,719,19.8626,mm[run3],958,,"{""per_run_s"":60.0,""accs"":[7.62,7.99,7.54,7.19,7.76,7.76,8.02,7.59],""used_s"":[10.1,6.6,19.8,19.4,5.9,13.4,10.4,11.3]}"
Z12,100,0.2,102,2,race8-par,SUCCESS,1,6.86,6.86,8,686,60.3192,template[0]@template,958,,"{""final_survivor"":7,""elapsed_s"":60.319,""arms"":{""0"":[""template"",""floor"",6.86],""1"":[""mm"",""dropped:r2"",7.71],""2"":[""mm"",""dropped:r1"",8.46],""3"":[""mm"",""dropped:r3"",7.43],""4"":[""mm"",""dropped:r1"",8.32],""5"":[""cuthill"",""dropped:r1"",8.31],""6"":[""clmm"",""dropped:r2"",7.92],""7"":[""clmm-core"",""final"",6.93]}}"
Z12,100,0.2,102,3,race8-seq,SUCCESS,1,6.86,6.86,8,686,60.0701,template[0]@template,958,,"{""final_survivor"":2,""elapsed_s"":60.07,""arms"":{""0"":[""template"",""floor"",6.86],""1"":[""mm"",""dropped:r1"",8.05],""2"":[""mm"",""final"",7.3],""3"":[""mm"",""dropped:r1"",8.14],""4"":[""mm"",""dropped:r1"",8.28],""5"":[""cuthill"",""dropped:r2"",7.54],""6"":[""clmm"",""dropped:r2"",7.83],""7"":[""clmm-core"",""dropped:r3"",7.49]}}"
Z12,100,0.2,102,3,bestof8-seq,SUCCESS,1,7.42,7.08,12,742,60.1508,mm[run5],958,,"{""per_run_s"":7.5,""accs"":[7.51,7.53,7.69,7.71,7.86,7.42,7.99,8.4]}"
Z12,100,0.2,102,3,bestof8-par,SUCCESS,1,6.99,6.76,11,699,20.3284,mm[run0],958,,"{""per_run_s"":60.0,""accs"":[6.99,7.23,7.42,7.71,7.61,7.29,7.99,7.18],""used_s"":[14.1,13.4,13.2,9.4,12.5,12.1,8.2,20.3]}"
Z12,100,0.2,102,3,race8-par,SUCCESS,1,6.86,6.86,8,686,60.1966,template[0]@template,958,,"{""final_survivor"":2,""elapsed_s"":60.196,""arms"":{""0"":[""template"",""floor"",6.86],""1"":[""mm"",""dropped:r1"",8.05],""2"":[""mm"",""final"",7.11],""3"":[""mm"",""dropped:r1"",8.14],""4"":[""mm"",""dropped:r1"",8.28],""5"":[""cuthill"",""dropped:r2"",7.79],""6"":[""clmm"",""dropped:r2"",7.83],""7"":[""clmm-core"",""dropped:r3"",7.48]}}"
Z12,100,0.2,102,4,race8-seq,SUCCESS,1,6.86,6.86,8,686,60.1444,template[0]@template,958,,"{""final_survivor"":7,""elapsed_s"":60.144,""arms"":{""0"":[""template"",""floor"",6.86],""1"":[""mm"",""dropped:r1"",8.86],""2"":[""mm"",""dropped:r1"",8.62],""3"":[""mm"",""dropped:r1"",9.12],""4"":[""mm"",""dropped:r2"",7.84],""5"":[""cuthill"",""dropped:r3"",7.76],""6"":[""clmm"",""dropped:r2"",7.83],""7"":[""clmm-core"",""final"",7.42]}}"
Z12,100,0.2,102,4,bestof8-seq,SUCCESS,1,7.74,7.32,13,774,60.134,mm[run3],958,,"{""per_run_s"":7.5,""accs"":[8.17,7.92,8.14,7.74,7.97,8.0,8.11,8.11]}"
Z12,100,0.2,102,4,bestof8-par,SUCCESS,1,7.31,7.03,12,731,17.6656,mm[run6],958,,"{""per_run_s"":60.0,""accs"":[8.17,7.77,8.14,7.74,8.12,7.74,7.31,7.35],""used_s"":[8.2,11.2,8.6,10.0,10.3,13.5,13.2,17.6]}"
Z12,100,0.2,102,4,race8-par,SUCCESS,1,6.86,6.86,8,686,60.2044,template[0]@template,958,,"{""final_survivor"":7,""elapsed_s"":60.204,""arms"":{""0"":[""template"",""floor"",6.86],""1"":[""mm"",""dropped:r1"",8.86],""2"":[""mm"",""dropped:r1"",8.62],""3"":[""mm"",""dropped:r1"",9.12],""4"":[""mm"",""dropped:r2"",7.84],""5"":[""cuthill"",""dropped:r3"",7.76],""6"":[""clmm"",""dropped:r2"",7.83],""7"":[""clmm-core"",""final"",7.06]}}"
Z12,100,0.2,103,0,race8-seq,SUCCESS,1,6.9,6.9,8,690,60.2948,template[0]@template,971,,"{""final_survivor"":7,""elapsed_s"":60.294,""arms"":{""0"":[""template"",""floor"",6.9],""1"":[""mm"",""dropped:r2"",7.78],""2"":[""mm"",""dropped:r1"",8.91],""3"":[""mm"",""dropped:r1"",9.19],""4"":[""mm"",""dropped:r1"",8.34],""5"":[""cuthill"",""dropped:r3"",7.58],""6"":[""clmm"",""dropped:r2"",7.83],""7"":[""clmm-core"",""final"",7.45]}}"
Z12,100,0.2,103,0,bestof8-seq,SUCCESS,1,7.67,7.28,12,767,60.0517,mm[run5],971,,"{""per_run_s"":7.5,""accs"":[8.15,8.02,7.88,7.76,8.32,7.67,8.09,7.81]}"
Z12,100,0.2,103,0,bestof8-par,SUCCESS,1,7.39,7.03,12,739,15.075,mm[run0],971,,"{""per_run_s"":60.0,""accs"":[7.39,8.02,7.78,7.53,7.93,7.5,7.79,7.47],""used_s"":[13.0,7.8,10.3,15.1,12.1,10.7,11.1,10.1]}"
Z12,100,0.2,103,0,race8-par,SUCCESS,1,6.9,6.9,8,690,60.1368,template[0]@template,971,,"{""final_survivor"":7,""elapsed_s"":60.136,""arms"":{""0"":[""template"",""floor"",6.9],""1"":[""mm"",""dropped:r1"",8.8],""2"":[""mm"",""dropped:r1"",8.91],""3"":[""mm"",""dropped:r1"",9.19],""4"":[""mm"",""dropped:r2"",8.02],""5"":[""cuthill"",""dropped:r3"",7.57],""6"":[""clmm"",""dropped:r2"",7.83],""7"":[""clmm-core"",""final"",7.34]}}"
Z12,100,0.2,103,1,race8-seq,SUCCESS,1,6.9,6.9,8,690,60.0854,template[0]@template,971,,"{""final_survivor"":7,""elapsed_s"":60.085,""arms"":{""0"":[""template"",""floor"",6.9],""1"":[""mm"",""dropped:r2"",8.02],""2"":[""mm"",""dropped:r1"",8.7],""3"":[""mm"",""dropped:r2"",8.01],""4"":[""mm"",""dropped:r1"",8.82],""5"":[""cuthill"",""dropped:r1"",8.88],""6"":[""clmm"",""dropped:r3"",7.87],""7"":[""clmm-core"",""final"",7.43]}}"
Z12,100,0.2,103,1,bestof8-seq,SUCCESS,1,7.76,7.44,12,776,60.1177,mm[run6],971,,"{""per_run_s"":7.5,""accs"":[7.93,7.95,8.09,8.18,7.96,8.1,7.76,8.28]}"
Z12,100,0.2,103,1,bestof8-par,SUCCESS,1,7.21,6.91,11,721,21.0477,mm[run5],971,,"{""per_run_s"":60.0,""accs"":[7.93,7.67,7.74,8.18,7.69,7.21,7.76,7.72],""used_s"":[9.2,10.6,12.5,9.5,10.7,21.0,8.8,15.3]}"
Z12,100,0.2,103,1,race8-par,SUCCESS,1,6.9,6.9,8,690,60.3089,template[0]@template,971,,"{""final_survivor"":7,""elapsed_s"":60.308,""arms"":{""0"":[""template"",""floor"",6.9],""1"":[""mm"",""dropped:r2"",8.02],""2"":[""mm"",""dropped:r1"",8.7],""3"":[""mm"",""dropped:r2"",8.01],""4"":[""mm"",""dropped:r1"",8.82],""5"":[""cuthill"",""dropped:r1"",8.88],""6"":[""clmm"",""dropped:r3"",7.85],""7"":[""clmm-core"",""final"",7.38]}}"
Z12,100,0.2,103,2,race8-seq,SUCCESS,1,6.9,6.9,8,690,60.1476,template[0]@template,971,,"{""final_survivor"":7,""elapsed_s"":60.147,""arms"":{""0"":[""template"",""floor"",6.9],""1"":[""mm"",""dropped:r1"",9.35],""2"":[""mm"",""dropped:r1"",8.17],""3"":[""mm"",""dropped:r1"",8.35],""4"":[""mm"",""dropped:r2"",7.83],""5"":[""cuthill"",""dropped:r3"",7.55],""6"":[""clmm"",""dropped:r2"",7.94],""7"":[""clmm-core"",""final"",7.43]}}"
Z12,100,0.2,103,2,bestof8-seq,SUCCESS,1,7.87,7.46,13,787,60.1206,mm[run3],971,,"{""per_run_s"":7.5,""accs"":[8.17,8.08,8.2,7.87,8.11,8.13,8.13,8.31]}"
Z12,100,0.2,103,2,bestof8-par,SUCCESS,1,7.27,6.86,12,727,17.3855,mm[run2],971,,"{""per_run_s"":60.0,""accs"":[8.24,7.74,7.27,7.46,8.11,7.85,7.42,8.31],""used_s"":[10.0,15.9,17.4,11.0,9.5,11.1,13.9,7.9]}"
Z12,100,0.2,103,2,race8-par,SUCCESS,1,6.9,6.9,8,690,60.2487,template[0]@template,971,,"{""final_survivor"":7,""elapsed_s"":60.248,""arms"":{""0"":[""template"",""floor"",6.9],""1"":[""mm"",""dropped:r1"",9.35],""2"":[""mm"",""dropped:r2"",7.78],""3"":[""mm"",""dropped:r1"",8.35],""4"":[""mm"",""dropped:r1"",8.45],""5"":[""cuthill"",""dropped:r3"",7.54],""6"":[""clmm"",""dropped:r2"",7.94],""7"":[""clmm-core"",""final"",7.08]}}"
Z12,100,0.2,103,3,race8-seq,SUCCESS,1,6.9,6.9,8,690,60.2521,template[0]@template,971,,"{""final_survivor"":7,""elapsed_s"":60.252,""arms"":{""0"":[""template"",""floor"",6.9],""1"":[""mm"",""dropped:r2"",7.96],""2"":[""mm"",""dropped:r1"",8.8],""3"":[""mm"",""dropped:r3"",7.87],""4"":[""mm"",""dropped:r1"",8.61],""5"":[""cuthill"",""dropped:r1"",8.48],""6"":[""clmm"",""dropped:r2"",7.87],""7"":[""clmm-core"",""final"",7.42]}}"
Z12,100,0.2,103,3,bestof8-seq,SUCCESS,1,7.71,7.35,13,771,60.1014,mm[run1],971,,"{""per_run_s"":7.5,""accs"":[8.09,7.71,7.75,8.25,8.21,8.04,7.77,7.74]}"
Z12,100,0.2,103,3,bestof8-par,SUCCESS,1,7.06,6.75,11,706,23.0194,mm[run3],971,,"{""per_run_s"":60.0,""accs"":[8.09,7.61,7.75,7.06,7.43,8.04,7.63,7.41],""used_s"":[6.9,13.8,8.3,23.0,16.7,8.8,10.0,12.8]}"
Z12,100,0.2,103,3,race8-par,SUCCESS,1,6.9,6.9,8,690,60.4109,template[0]@template,971,,"{""final_survivor"":7,""elapsed_s"":60.41,""arms"":{""0"":[""template"",""floor"",6.9],""1"":[""mm"",""dropped:r2"",7.96],""2"":[""mm"",""dropped:r1"",8.8],""3"":[""mm"",""dropped:r3"",7.66],""4"":[""mm"",""dropped:r1"",8.48],""5"":[""cuthill"",""dropped:r1"",8.48],""6"":[""clmm"",""dropped:r2"",7.87],""7"":[""clmm-core"",""final"",7.32]}}"
Z12,100,0.2,103,4,race8-seq,SUCCESS,1,6.9,6.9,8,690,60.0596,template[0]@template,971,,"{""final_survivor"":7,""elapsed_s"":60.059,""arms"":{""0"":[""template"",""floor"",6.9],""1"":[""mm"",""dropped:r1"",8.67],""2"":[""mm"",""dropped:r1"",8.78],""3"":[""mm"",""dropped:r1"",9.55],""4"":[""mm"",""dropped:r2"",8.07],""5"":[""cuthill"",""dropped:r2"",7.98],""6"":[""clmm"",""dropped:r3"",7.81],""7"":[""clmm-core"",""final"",7.44]}}"
Z12,100,0.2,103,4,bestof8-seq,SUCCESS,1,7.7,7.16,13,770,60.1699,mm[run3],971,,"{""per_run_s"":7.5,""accs"":[8.19,8.28,8.34,7.7,8.01,8.16,7.76,8.58]}"
Z12,100,0.2,103,4,bestof8-par,SUCCESS,1,7.18,6.87,12,718,23.3313,mm[run3],971,,"{""per_run_s"":60.0,""accs"":[7.39,8.28,7.45,7.18,7.91,7.51,7.76,8.13],""used_s"":[23.3,9.7,21.6,13.6,11.9,17.3,7.8,14.6]}"
Z12,100,0.2,103,4,race8-par,SUCCESS,1,6.9,6.9,8,690,60.1367,template[0]@template,971,,"{""final_survivor"":7,""elapsed_s"":60.136,""arms"":{""0"":[""template"",""floor"",6.9],""1"":[""mm"",""dropped:r1"",8.67],""2"":[""mm"",""dropped:r1"",8.78],""3"":[""mm"",""dropped:r1"",9.55],""4"":[""mm"",""dropped:r2"",8.07],""5"":[""cuthill"",""dropped:r2"",7.98],""6"":[""clmm"",""dropped:r3"",7.8],""7"":[""clmm-core"",""final"",7.12]}}"
Z12,100,0.2,104,0,race8-seq,SUCCESS,1,6.95,6.95,8,695,60.161,template[0]@template,974,,"{""final_survivor"":7,""elapsed_s"":60.161,""arms"":{""0"":[""template"",""floor"",6.95],""1"":[""mm"",""dropped:r1"",8.25],""2"":[""mm"",""dropped:r1"",8.96],""3"":[""mm"",""dropped:r3"",7.53],""4"":[""mm"",""dropped:r1"",8.36],""5"":[""cuthill"",""dropped:r2"",7.59],""6"":[""clmm"",""dropped:r2"",7.93],""7"":[""clmm-core"",""final"",7.13]}}"
Z12,100,0.2,104,0,bestof8-seq,SUCCESS,1,7.59,7.25,12,759,60.012,mm[run3],974,,"{""per_run_s"":7.5,""accs"":[8.52,7.71,8.16,7.59,7.89,7.62,8.41,8.47]}"
Z12,100,0.2,104,0,bestof8-par,SUCCESS,1,7.34,7.1,12,734,14.6769,mm[run4],974,,"{""per_run_s"":60.0,""accs"":[8.52,7.39,7.67,7.59,7.34,7.59,8.41,7.59],""used_s"":[7.6,13.4,11.9,9.6,12.4,10.9,7.6,14.7]}"
Z12,100,0.2,104,0,race8-par,SUCCESS,1,6.92,6.84,8,692,60.071,clmm-core[7]@final7,974,,"{""final_survivor"":7,""elapsed_s"":60.07,""arms"":{""0"":[""template"",""floor"",6.95],""1"":[""mm"",""dropped:r2"",8.1],""2"":[""mm"",""dropped:r1"",8.96],""3"":[""mm"",""dropped:r1"",8.19],""4"":[""mm"",""dropped:r1"",8.36],""5"":[""cuthill"",""dropped:r3"",7.29],""6"":[""clmm"",""dropped:r2"",7.93],""7"":[""clmm-core"",""final"",6.92]}}"
Z12,100,0.2,104,1,race8-seq,SUCCESS,1,6.95,6.95,8,695,60.2246,template[0]@template,974,,"{""final_survivor"":7,""elapsed_s"":60.224,""arms"":{""0"":[""template"",""floor"",6.95],""1"":[""mm"",""dropped:r1"",9.1],""2"":[""mm"",""dropped:r1"",8.57],""3"":[""mm"",""dropped:r2"",7.8],""4"":[""mm"",""dropped:r1"",8.81],""5"":[""cuthill"",""dropped:r3"",7.45],""6"":[""clmm"",""dropped:r2"",7.85],""7"":[""clmm-core"",""final"",7.42]}}"
Z12,100,0.2,104,1,bestof8-seq,SUCCESS,1,7.71,7.31,13,771,60.0419,mm[run6],974,,"{""per_run_s"":7.5,""accs"":[7.88,8.16,8.07,8.01,8.06,7.85,7.71,7.72]}"
Z12,100,0.2,104,1,bestof8-par,SUCCESS,1,7.07,6.76,11,707,26.2299,mm[run1],974,,"{""per_run_s"":60.0,""accs"":[7.16,7.07,7.29,7.4,7.55,7.85,7.71,7.3],""used_s"":[21.3,26.2,15.6,14.0,15.3,9.0,7.7,10.5]}"
Z12,100,0.2,104,1,race8-par,SUCCESS,1,6.95,6.95,8,695,60.1965,template[0]@template,974,,"{""final_survivor"":5,""elapsed_s"":60.196,""arms"":{""0"":[""template"",""floor"",6.95],""1"":[""mm"",""dropped:r1"",9.1],""2"":[""mm"",""dropped:r1"",8.57],""3"":[""mm"",""dropped:r2"",7.8],""4"":[""mm"",""dropped:r1"",8.81],""5"":[""cuthill"",""final"",7.11],""6"":[""clmm"",""dropped:r2"",7.85],""7"":[""clmm-core"",""dropped:r3"",7.42]}}"
Z12,100,0.2,104,2,race8-seq,SUCCESS,1,6.91,6.82,8,691,60.2988,clmm[6]@q1,974,,"{""final_survivor"":6,""elapsed_s"":60.298,""arms"":{""0"":[""template"",""floor"",6.95],""1"":[""mm"",""dropped:r1"",8.55],""2"":[""mm"",""dropped:r2"",7.79],""3"":[""mm"",""dropped:r1"",8.97],""4"":[""mm"",""dropped:r1"",8.98],""5"":[""cuthill"",""dropped:r2"",7.58],""6"":[""clmm"",""final"",6.91],""7"":[""clmm-core"",""dropped:r3"",7.36]}}"
Z12,100,0.2,104,2,bestof8-seq,SUCCESS,1,7.68,7.34,12,768,60.1686,mm[run4],974,,"{""per_run_s"":7.5,""accs"":[7.83,8.04,8.77,7.74,7.68,7.96,8.65,7.96]}"
Z12,100,0.2,104,2,bestof8-par,SUCCESS,1,7.12,6.83,11,712,25.4756,mm[run3],974,,"{""per_run_s"":60.0,""accs"":[7.6,7.78,8.77,7.12,7.68,7.17,7.92,7.94],""used_s"":[11.0,10.4,6.8,25.5,10.3,20.9,12.5,11.3]}"
Z12,100,0.2,104,2,race8-par,SUCCESS,1,6.88,6.81,8,688,60.1177,clmm[6]@final6,974,,"{""final_survivor"":6,""elapsed_s"":60.117,""arms"":{""0"":[""template"",""floor"",6.95],""1"":[""mm"",""dropped:r1"",8.55],""2"":[""mm"",""dropped:r2"",7.79],""3"":[""mm"",""dropped:r1"",8.97],""4"":[""mm"",""dropped:r1"",8.98],""5"":[""cuthill"",""dropped:r2"",7.89],""6"":[""clmm"",""final"",6.88],""7"":[""clmm-core"",""dropped:r3"",7.36]}}"
Z12,100,0.2,104,3,race8-seq,SUCCESS,1,6.95,6.95,8,695,60.2765,template[0]@template,974,,"{""final_survivor"":7,""elapsed_s"":60.276,""arms"":{""0"":[""template"",""floor"",6.95],""1"":[""mm"",""dropped:r1"",8.63],""2"":[""mm"",""dropped:r1"",9.02],""3"":[""mm"",""dropped:r3"",7.55],""4"":[""mm"",""dropped:r1"",8.12],""5"":[""cuthill"",""dropped:r2"",7.72],""6"":[""clmm"",""dropped:r2"",7.87],""7"":[""clmm-core"",""final"",7.44]}}"
Z12,100,0.2,104,3,bestof8-seq,SUCCESS,1,7.72,7.37,13,772,59.8873,mm[run0],974,,"{""per_run_s"":7.5,""accs"":[7.72,7.99,8.07,7.8,7.98,8.27,7.98,7.84]}"
Z12,100,0.2,104,3,bestof8-par,SUCCESS,1,7.49,7.19,12,749,14.8217,mm[run0],974,,"{""per_run_s"":60.0,""accs"":[7.49,7.56,7.91,7.8,7.98,7.61,7.98,7.88],""used_s"":[12.3,14.6,12.3,6.7,9.3,14.8,8.2,10.8]}"
Z12,100,0.2,104,3,race8-par,SUCCESS,1,6.95,6.95,8,695,60.2812,template[0]@template,974,,"{""final_survivor"":7,""elapsed_s"":60.281,""arms"":{""0"":[""template"",""floor"",6.95],""1"":[""mm"",""dropped:r1"",8.63],""2"":[""mm"",""dropped:r1"",9.02],""3"":[""mm"",""dropped:r3"",7.55],""4"":[""mm"",""dropped:r1"",8.12],""5"":[""cuthill"",""dropped:r2"",7.82],""6"":[""clmm"",""dropped:r2"",7.87],""7"":[""clmm-core"",""final"",7.36]}}"
Z12,100,0.2,104,4,race8-seq,SUCCESS,1,6.95,6.95,8,695,60.1402,template[0]@template,974,,"{""final_survivor"":5,""elapsed_s"":60.14,""arms"":{""0"":[""template"",""floor"",6.95],""1"":[""mm"",""dropped:r1"",8.65],""2"":[""mm"",""dropped:r1"",9.27],""3"":[""mm"",""dropped:r2"",7.86],""4"":[""mm"",""dropped:r1"",8.28],""5"":[""cuthill"",""final"",7.35],""6"":[""clmm"",""dropped:r2"",7.89],""7"":[""clmm-core"",""dropped:r3"",7.42]}}"
Z12,100,0.2,104,4,bestof8-seq,SUCCESS,1,7.47,7.05,12,747,60.1798,mm[run1],974,,"{""per_run_s"":7.5,""accs"":[8.48,7.47,7.84,8.24,8.21,8.29,7.8,7.87]}"
Z12,100,0.2,104,4,bestof8-par,SUCCESS,1,7.29,6.92,12,729,21.3243,mm[run4],974,,"{""per_run_s"":60.0,""accs"":[8.48,7.47,7.84,8.24,7.29,7.72,7.8,7.39],""used_s"":[9.1,9.2,9.8,8.2,21.3,14.8,9.8,16.9]}"
Z12,100,0.2,104,4,race8-par,SUCCESS,1,6.91,6.63,11,691,60.1966,cuthill[5]@final8,974,,"{""final_survivor"":5,""elapsed_s"":60.196,""arms"":{""0"":[""template"",""floor"",6.95],""1"":[""mm"",""dropped:r1"",8.65],""2"":[""mm"",""dropped:r1"",9.27],""3"":[""mm"",""dropped:r2"",7.86],""4"":[""mm"",""dropped:r1"",8.28],""5"":[""cuthill"",""final"",6.91],""6"":[""clmm"",""dropped:r2"",7.89],""7"":[""clmm-core"",""dropped:r3"",7.39]}}"
Z12,100,0.2,105,0,race8-seq,SUCCESS,1,7.05,7.05,8,705,60.2614,template[0]@template,978,,"{""final_survivor"":7,""elapsed_s"":60.261,""arms"":{""0"":[""template"",""floor"",7.05],""1"":[""mm"",""dropped:r1"",8.64],""2"":[""mm"",""dropped:r1"",8.58],""3"":[""mm"",""dropped:r1"",8.79],""4"":[""mm"",""dropped:r3"",7.6],""5"":[""cuthill"",""dropped:r2"",7.83],""6"":[""clmm"",""dropped:r2"",7.8],""7"":[""clmm-core"",""final"",7.08]}}"
Z12,100,0.2,105,0,bestof8-seq,SUCCESS,1,7.46,7.12,12,746,59.4349,mm[run4],978,,"{""per_run_s"":7.5,""accs"":[8.96,8.1,8.05,7.91,7.46,8.02,7.88,8.62]}"
Z12,100,0.2,105,0,bestof8-par,SUCCESS,1,7.39,7.22,11,739,16.1852,mm[run3],978,,"{""per_run_s"":60.0,""accs"":[8.96,8.1,8.05,7.39,7.57,8.02,7.88,7.49],""used_s"":[6.7,9.7,8.5,12.6,12.3,9.5,7.0,16.2]}"
Z12,100,0.2,105,0,race8-par,SUCCESS,1,7.05,7.05,8,705,60.274,template[0]@template,978,,"{""final_survivor"":7,""elapsed_s"":60.273,""arms"":{""0"":[""template"",""floor"",7.05],""1"":[""mm"",""dropped:r1"",8.64],""2"":[""mm"",""dropped:r1"",8.58],""3"":[""mm"",""dropped:r1"",8.79],""4"":[""mm"",""dropped:r3"",7.6],""5"":[""cuthill"",""dropped:r2"",7.83],""6"":[""clmm"",""dropped:r2"",7.8],""7"":[""clmm-core"",""final"",7.08]}}"
Z12,100,0.2,105,1,race8-seq,SUCCESS,1,7.05,7.05,8,705,60.2883,template[0]@template,978,,"{""final_survivor"":7,""elapsed_s"":60.288,""arms"":{""0"":[""template"",""floor"",7.05],""1"":[""mm"",""dropped:r1"",8.56],""2"":[""mm"",""dropped:r1"",8.85],""3"":[""mm"",""dropped:r1"",9.61],""4"":[""mm"",""dropped:r2"",8.08],""5"":[""cuthill"",""dropped:r3"",7.34],""6"":[""clmm"",""dropped:r2"",7.83],""7"":[""clmm-core"",""final"",7.31]}}"
Z12,100,0.2,105,1,bestof8-seq,SUCCESS,1,7.87,7.44,13,787,60.0485,mm[run0],978,,"{""per_run_s"":7.5,""accs"":[7.87,7.9,7.98,8.52,8.37,8.45,8.11,8.47]}"
Z12,100,0.2,105,1,bestof8-par,SUCCESS,1,7.51,7.22,12,751,15.2999,mm[run6],978,,"{""per_run_s"":60.0,""accs"":[7.91,7.54,7.98,7.53,8.37,8.45,7.51,8.47],""used_s"":[10.3,11.6,7.5,15.3,7.6,10.5,12.9,8.9]}"
Z12,100,0.2,105,1,race8-par,SUCCESS,1,7.05,7.05,8,705,60.2066,template[0]@template,978,,"{""final_survivor"":7,""elapsed_s"":60.206,""arms"":{""0"":[""template"",""floor"",7.05],""1"":[""mm"",""dropped:r1"",8.56],""2"":[""mm"",""dropped:r1"",8.85],""3"":[""mm"",""dropped:r1"",9.61],""4"":[""mm"",""dropped:r2"",8.08],""5"":[""cuthill"",""dropped:r3"",7.32],""6"":[""clmm"",""dropped:r2"",7.83],""7"":[""clmm-core"",""final"",7.09]}}"
Z12,100,0.2,105,2,race8-seq,SUCCESS,1,7.05,7.05,8,705,60.0263,template[0]@template,978,,"{""final_survivor"":7,""elapsed_s"":60.026,""arms"":{""0"":[""template"",""floor"",7.05],""1"":[""mm"",""dropped:r2"",7.88],""2"":[""mm"",""dropped:r1"",9.03],""3"":[""mm"",""dropped:r1"",8.73],""4"":[""mm"",""dropped:r1"",10.77],""5"":[""cuthill"",""dropped:r3"",7.69],""6"":[""clmm"",""dropped:r2"",7.91],""7"":[""clmm-core"",""final"",7.14]}}"
Z12,100,0.2,105,2,bestof8-seq,SUCCESS,1,7.87,7.34,13,787,59.658,mm[run0],978,,"{""per_run_s"":7.5,""accs"":[7.87,8.17,8.17,8.24,8.16,8.15,8.85,8.12]}"
Z12,100,0.2,105,2,bestof8-par,SUCCESS,1,7.32,7.08,12,732,21.3694,mm[run3],978,,"{""per_run_s"":60.0,""accs"":[7.67,7.95,7.34,7.32,8.16,8.15,8.85,8.12],""used_s"":[13.2,11.7,19.9,21.3,10.1,7.2,6.5,8.8]}"
Z12,100,0.2,105,2,race8-par,SUCCESS,1,7.05,7.05,8,705,60.3128,template[0]@template,978,,"{""final_survivor"":7,""elapsed_s"":60.312,""arms"":{""0"":[""template"",""floor"",7.05],""1"":[""mm"",""dropped:r1"",8.77],""2"":[""mm"",""dropped:r1"",9.03],""3"":[""mm"",""dropped:r2"",7.97],""4"":[""mm"",""dropped:r1"",10.77],""5"":[""cuthill"",""dropped:r3"",7.69],""6"":[""clmm"",""dropped:r2"",7.91],""7"":[""clmm-core"",""final"",7.14]}}"
Z12,100,0.2,105,3,race8-seq,SUCCESS,1,6.98,6.91,8,698,60.2624,clmm-core[7]@q1,978,,"{""final_survivor"":7,""elapsed_s"":60.262,""arms"":{""0"":[""template"",""floor"",7.05],""1"":[""mm"",""dropped:r2"",8.13],""2"":[""mm"",""dropped:r1"",8.58],""3"":[""mm"",""dropped:r1"",8.78],""4"":[""mm"",""dropped:r1"",8.83],""5"":[""cuthill"",""dropped:r2"",8.52],""6"":[""clmm"",""dropped:r3"",7.86],""7"":[""clmm-core"",""final"",6.98]}}"
Z12,100,0.2,105,3,bestof8-seq,SUCCESS,1,7.54,7.2,12,754,58.3747,mm[run0],978,,"{""per_run_s"":7.5,""accs"":[7.54,7.77,7.6,7.57,8.02,8.43,8.12,8.54]}"
Z12,100,0.2,105,3,bestof8-par,SUCCESS,1,7.35,7.09,13,735,16.204,mm[run1],978,,"{""per_run_s"":60.0,""accs"":[7.54,7.35,7.6,7.66,7.4,8.43,8.12,7.8],""used_s"":[9.8,12.8,9.9,11.2,16.2,5.4,7.4,12.0]}"
Z12,100,0.2,105,3,race8-par,SUCCESS,1,6.87,6.83,8,687,60.0262,clmm-core[7]@q3,978,,"{""final_survivor"":7,""elapsed_s"":60.026,""arms"":{""0"":[""template"",""floor"",7.05],""1"":[""mm"",""dropped:r1"",8.6],""2"":[""mm"",""dropped:r2"",8.06],""3"":[""mm"",""dropped:r1"",8.78],""4"":[""mm"",""dropped:r1"",8.83],""5"":[""cuthill"",""dropped:r2"",8.52],""6"":[""clmm"",""dropped:r3"",7.86],""7"":[""clmm-core"",""final"",6.87]}}"
Z12,100,0.2,105,4,race8-seq,SUCCESS,1,7.05,7.05,8,705,60.2938,template[0]@template,978,,"{""final_survivor"":7,""elapsed_s"":60.293,""arms"":{""0"":[""template"",""floor"",7.05],""1"":[""mm"",""dropped:r3"",7.68],""2"":[""mm"",""dropped:r1"",8.7],""3"":[""mm"",""dropped:r1"",8.44],""4"":[""mm"",""dropped:r1"",8.77],""5"":[""cuthill"",""dropped:r2"",8.11],""6"":[""clmm"",""dropped:r2"",7.8],""7"":[""clmm-core"",""final"",7.31]}}"
Z12,100,0.2,105,4,bestof8-seq,SUCCESS,1,7.49,7.19,12,749,60.2057,mm[run1],978,,"{""per_run_s"":7.5,""accs"":[7.69,7.49,8.04,8.03,8.56,7.99,8.58,8.33]}"
Z12,100,0.2,105,4,bestof8-par,SUCCESS,1,7.35,7.05,12,735,20.9466,mm[run4],978,,"{""per_run_s"":60.0,""accs"":[7.73,7.43,8.04,8.03,7.35,7.99,7.53,8.33],""used_s"":[10.4,16.0,8.5,9.4,20.2,8.8,20.9,8.4]}"
Z12,100,0.2,105,4,race8-par,SUCCESS,1,7.05,7.05,8,705,60.0821,template[0]@template,978,,"{""final_survivor"":7,""elapsed_s"":60.082,""arms"":{""0"":[""template"",""floor"",7.05],""1"":[""mm"",""dropped:r3"",7.68],""2"":[""mm"",""dropped:r1"",8.7],""3"":[""mm"",""dropped:r1"",8.44],""4"":[""mm"",""dropped:r1"",8.77],""5"":[""cuthill"",""dropped:r2"",8.11],""6"":[""clmm"",""dropped:r2"",7.8],""7"":[""clmm-core"",""final"",7.14]}}"
Z12,160,0.05,101,0,race8-seq,SUCCESS,1,4.8187,4.65,11,771,60.0418,mm[3]@q3,637,,"{""final_survivor"":3,""elapsed_s"":60.041,""arms"":{""0"":[""template"",""floor"",7.1937],""1"":[""mm"",""dropped:r2"",5.05],""2"":[""mm"",""dropped:r1"",5.4688],""3"":[""mm"",""final"",4.8187],""4"":[""mm"",""dropped:r2"",5.0625],""5"":[""cuthill"",""dropped:r3"",4.9813],""6"":[""clmm"",""dropped:r1"",5.7125],""7"":[""clmm-core"",""dropped:r1"",6.5062]}}"
Z12,160,0.05,101,0,bestof8-seq,SUCCESS,1,5.175,4.9938,11,828,39.3127,mm[run1],637,,"{""per_run_s"":7.5,""accs"":[5.2062,5.175,5.3438,5.2625,5.4625,5.5812,5.2313,5.4813]}"
Z12,160,0.05,101,0,bestof8-par,SUCCESS,1,5.175,4.9938,11,828,7.0006,mm[run1],637,,"{""per_run_s"":60.0,""accs"":[5.2062,5.175,5.3438,5.2625,5.4625,5.5812,5.2313,5.4813],""used_s"":[3.8,5.2,6.1,7.0,5.3,3.6,4.7,4.1]}"
Z12,160,0.05,101,0,race8-par,SUCCESS,1,4.5375,4.4375,10,726,60.0797,mm[3]@final3,637,,"{""final_survivor"":3,""elapsed_s"":60.079,""arms"":{""0"":[""template"",""floor"",7.1937],""1"":[""mm"",""dropped:r2"",5.05],""2"":[""mm"",""dropped:r1"",5.4688],""3"":[""mm"",""final"",4.5375],""4"":[""mm"",""dropped:r2"",5.0625],""5"":[""cuthill"",""dropped:r3"",4.9188],""6"":[""clmm"",""dropped:r1"",5.7125],""7"":[""clmm-core"",""dropped:r1"",6.5062]}}"
Z12,160,0.05,101,1,race8-seq,SUCCESS,1,4.7313,4.6063,9,757,60.0828,mm[3]@q3,637,,"{""final_survivor"":3,""elapsed_s"":60.082,""arms"":{""0"":[""template"",""floor"",7.1937],""1"":[""mm"",""dropped:r3"",4.7812],""2"":[""mm"",""dropped:r2"",5.1437],""3"":[""mm"",""final"",4.7313],""4"":[""mm"",""dropped:r1"",5.4562],""5"":[""cuthill"",""dropped:r2"",5.0062],""6"":[""clmm"",""dropped:r1"",5.4625],""7"":[""clmm-core"",""dropped:r1"",5.6312]}}"
Z12,160,0.05,101,1,bestof8-seq,SUCCESS,1,4.675,4.5687,10,748,40.5326,mm[run1],637,,"{""per_run_s"":7.5,""accs"":[4.9938,4.675,5.0625,5.1375,5.275,5.4938,5.15,5.1437]}"
Z12,160,0.05,101,1,bestof8-par,SUCCESS,1,4.675,4.5687,10,748,7.9796,mm[run1],637,,"{""per_run_s"":60.0,""accs"":[4.9938,4.675,5.0625,5.1375,5.275,5.4938,5.15,5.1437],""used_s"":[4.4,8.0,5.7,3.3,5.7,3.6,6.1,4.5]}"
Z12,160,0.05,101,1,race8-par,SUCCESS,1,4.525,4.4437,9,724,60.0929,mm[1]@final8,637,,"{""final_survivor"":1,""elapsed_s"":60.092,""arms"":{""0"":[""template"",""floor"",7.1937],""1"":[""mm"",""final"",4.525],""2"":[""mm"",""dropped:r2"",5.1437],""3"":[""mm"",""dropped:r3"",4.7313],""4"":[""mm"",""dropped:r1"",5.4562],""5"":[""cuthill"",""dropped:r2"",4.875],""6"":[""clmm"",""dropped:r1"",5.4625],""7"":[""clmm-core"",""dropped:r1"",5.6312]}}"
Z12,160,0.05,101,3,race8-seq,SUCCESS,1,4.7875,4.675,10,766,60.0155,mm[3]@q1,637,,"{""final_survivor"":3,""elapsed_s"":60.015,""arms"":{""0"":[""template"",""floor"",7.1937],""1"":[""mm"",""dropped:r3"",4.825],""2"":[""mm"",""dropped:r1"",5.3875],""3"":[""mm"",""final"",4.7875],""4"":[""mm"",""dropped:r2"",5.0563],""5"":[""cuthill"",""dropped:r2"",5.0938],""6"":[""clmm"",""dropped:r1"",5.975],""7"":[""clmm-core"",""dropped:r1"",5.4375]}}"
Z12,160,0.05,101,3,bestof8-seq,SUCCESS,1,4.8375,4.7125,10,774,33.7616,mm[run6],637,,"{""per_run_s"":7.5,""accs"":[5.325,5.5,5.2125,5.2687,5.5312,5.3875,4.8375,5.7]}"
Z12,160,0.05,101,3,bestof8-par,SUCCESS,1,4.8375,4.7125,10,774,6.8551,mm[run6],637,,"{""per_run_s"":60.0,""accs"":[5.325,5.5,5.2125,5.2687,5.5312,5.3875,4.8375,5.7],""used_s"":[4.9,3.6,4.9,3.4,3.7,3.1,6.8,3.8]}"
Z12,160,0.05,101,3,race8-par,SUCCESS,1,4.2562,4.1437,8,681,60.0307,mm[3]@final2,637,,"{""final_survivor"":3,""elapsed_s"":60.03,""arms"":{""0"":[""template"",""floor"",7.1937],""1"":[""mm"",""dropped:r3"",4.7188],""2"":[""mm"",""dropped:r1"",5.3875],""3"":[""mm"",""final"",4.2562],""4"":[""mm"",""dropped:r2"",5.0563],""5"":[""cuthill"",""dropped:r2"",5.0938],""6"":[""clmm"",""dropped:r1"",5.975],""7"":[""clmm-core"",""dropped:r1"",5.4375]}}"
Z12,160,0.05,101,2,race8-seq,SUCCESS,1,4.5875,4.475,10,734,60.0556,mm[2]@q3,637,,"{""final_survivor"":2,""elapsed_s"":60.055,""arms"":{""0"":[""template"",""floor"",7.1937],""1"":[""mm"",""dropped:r1"",5.4188],""2"":[""mm"",""final"",4.5875],""3"":[""mm"",""dropped:r2"",5.0187],""4"":[""mm"",""dropped:r3"",4.9188],""5"":[""cuthill"",""dropped:r2"",5.0375],""6"":[""clmm"",""dropped:r1"",5.925],""7"":[""clmm-core"",""dropped:r1"",5.7375]}}"
Z12,160,0.05,101,2,bestof8-seq,SUCCESS,1,5.025,4.8688,11,804,35.1111,mm[run3],637,,"{""per_run_s"":7.5,""accs"":[5.4437,5.9062,5.2812,5.025,5.5375,5.1937,5.0563,5.4125]}"
Z12,160,0.05,101,2,bestof8-par,SUCCESS,1,5.025,4.8688,11,804,6.4985,mm[run3],637,,"{""per_run_s"":60.0,""accs"":[5.4437,5.9062,5.2812,5.025,5.5375,5.1937,5.0563,5.4125],""used_s"":[3.9,3.1,3.2,4.9,4.9,6.5,5.4,4.4]}"
Z12,160,0.05,101,2,race8-par,SUCCESS,1,4.7313,4.575,10,757,60.0418,mm[2]@final12,637,,"{""final_survivor"":2,""elapsed_s"":60.041,""arms"":{""0"":[""template"",""floor"",7.1937],""1"":[""mm"",""dropped:r1"",5.4188],""2"":[""mm"",""final"",4.7313],""3"":[""mm"",""dropped:r2"",5.0187],""4"":[""mm"",""dropped:r3"",4.9188],""5"":[""cuthill"",""dropped:r2"",5.0375],""6"":[""clmm"",""dropped:r1"",5.925],""7"":[""clmm-core"",""dropped:r1"",5.7375]}}"
Z12,160,0.05,101,4,race8-seq,SUCCESS,1,4.825,4.7125,11,772,60.0683,mm[2]@q2,637,,"{""final_survivor"":2,""elapsed_s"":60.068,""arms"":{""0"":[""template"",""floor"",7.1937],""1"":[""mm"",""dropped:r1"",5.5187],""2"":[""mm"",""final"",4.825],""3"":[""mm"",""dropped:r3"",4.925],""4"":[""mm"",""dropped:r2"",5.1063],""5"":[""cuthill"",""dropped:r2"",4.9437],""6"":[""clmm"",""dropped:r1"",5.7],""7"":[""clmm-core"",""dropped:r1"",5.6188]}}"
Z12,160,0.05,101,4,bestof8-seq,SUCCESS,1,5.125,4.9562,11,820,37.4323,mm[run4],637,,"{""per_run_s"":7.5,""accs"":[5.2875,5.35,5.4875,5.3937,5.125,5.2188,5.4,5.1375]}"
Z12,160,0.05,101,4,bestof8-par,SUCCESS,1,5.125,4.9562,11,820,7.2004,mm[run4],637,,"{""per_run_s"":60.0,""accs"":[5.2875,5.35,5.4875,5.3937,5.125,5.2188,5.4,5.1375],""used_s"":[5.5,3.8,3.1,3.7,6.5,3.7,4.4,7.2]}"
Z12,160,0.05,101,4,race8-par,SUCCESS,1,4.4375,4.3688,8,710,60.0269,mm[2]@final11,637,,"{""final_survivor"":2,""elapsed_s"":60.026,""arms"":{""0"":[""template"",""floor"",7.1937],""1"":[""mm"",""dropped:r1"",5.5187],""2"":[""mm"",""final"",4.4375],""3"":[""mm"",""dropped:r3"",4.925],""4"":[""mm"",""dropped:r2"",5.1063],""5"":[""cuthill"",""dropped:r2"",4.9437],""6"":[""clmm"",""dropped:r1"",5.7],""7"":[""clmm-core"",""dropped:r1"",5.6188]}}"
Z12,160,0.05,102,0,race8-seq,SUCCESS,1,4.5,4.3875,9,720,60.0642,mm[1]@q3,612,,"{""final_survivor"":1,""elapsed_s"":60.064,""arms"":{""0"":[""template"",""floor"",6.8187],""1"":[""mm"",""final"",4.5],""2"":[""mm"",""dropped:r3"",4.65],""3"":[""mm"",""dropped:r2"",4.8563],""4"":[""mm"",""dropped:r1"",5.0687],""5"":[""cuthill"",""dropped:r2"",4.7812],""6"":[""clmm"",""dropped:r1"",5.7],""7"":[""clmm-core"",""dropped:r1"",4.9437]}}"
Z12,160,0.05,102,0,bestof8-seq,SUCCESS,1,5.0125,4.8625,12,802,26.4538,mm[run7],612,,"{""per_run_s"":7.5,""accs"":[5.3812,5.0187,5.2438,5.2687,5.2375,5.575,5.1688,5.0125]}"
Z12,160,0.05,102,0,bestof8-par,SUCCESS,1,5.0125,4.8625,12,802,4.4375,mm[run7],612,,"{""per_run_s"":60.0,""accs"":[5.3812,5.0187,5.2438,5.2687,5.2375,5.575,5.1688,5.0125],""used_s"":[2.9,3.4,3.1,4.4,3.5,2.5,4.2,2.9]}"
Z12,160,0.05,102,0,race8-par,SUCCESS,1,4.2188,4.1063,9,675,60.0269,mm[1]@final5,612,,"{""final_survivor"":1,""elapsed_s"":60.026,""arms"":{""0"":[""template"",""floor"",6.8187],""1"":[""mm"",""final"",4.2188],""2"":[""mm"",""dropped:r3"",4.65],""3"":[""mm"",""dropped:r2"",4.8563],""4"":[""mm"",""dropped:r1"",5.0687],""5"":[""cuthill"",""dropped:r2"",4.7812],""6"":[""clmm"",""dropped:r1"",5.7],""7"":[""clmm-core"",""dropped:r1"",4.9437]}}"
Z12,160,0.05,102,2,race8-seq,SUCCESS,1,4.6937,4.5187,10,751,60.0262,mm[4]@q2,612,,"{""final_survivor"":4,""elapsed_s"":60.026,""arms"":{""0"":[""template"",""floor"",6.8187],""1"":[""mm"",""dropped:r2"",5.1813],""2"":[""mm"",""dropped:r3"",4.8063],""3"":[""mm"",""dropped:r2"",4.95],""4"":[""mm"",""final"",4.6937],""5"":[""cuthill"",""dropped:r1"",5.3563],""6"":[""clmm"",""dropped:r1"",5.6063],""7"":[""clmm-core"",""dropped:r1"",5.4625]}}"
Z12,160,0.05,102,2,bestof8-seq,SUCCESS,1,4.925,4.75,12,788,29.7645,mm[run2],612,,"{""per_run_s"":7.5,""accs"":[5.05,5.2375,4.925,5.3563,5.3,5.2375,5.7625,4.9375]}"
Z12,160,0.05,102,2,bestof8-par,SUCCESS,1,4.925,4.75,12,788,5.498,mm[run2],612,,"{""per_run_s"":60.0,""accs"":[5.05,5.2375,4.925,5.3563,5.3,5.2375,5.7625,4.9375],""used_s"":[4.4,3.4,5.5,2.5,4.0,3.9,2.4,3.9]}"
Z12,160,0.05,102,2,race8-par,SUCCESS,1,4.5,4.3812,10,720,60.0513,mm[4]@final5,612,,"{""final_survivor"":4,""elapsed_s"":60.051,""arms"":{""0"":[""template"",""floor"",6.8187],""1"":[""mm"",""dropped:r2"",5.1813],""2"":[""mm"",""dropped:r1"",5.4625],""3"":[""mm"",""dropped:r3"",4.7438],""4"":[""mm"",""final"",4.5],""5"":[""cuthill"",""dropped:r2"",5.0312],""6"":[""clmm"",""dropped:r1"",5.6063],""7"":[""clmm-core"",""dropped:r1"",5.4625]}}"
Z12,160,0.05,102,3,race8-seq,SUCCESS,1,4.4938,4.4062,10,719,60.0316,mm[2]@q3,612,,"{""final_survivor"":2,""elapsed_s"":60.031,""arms"":{""0"":[""template"",""floor"",6.8187],""1"":[""mm"",""dropped:r3"",4.7938],""2"":[""mm"",""final"",4.4938],""3"":[""mm"",""dropped:r2"",4.7938],""4"":[""mm"",""dropped:r1"",5.125],""5"":[""cuthill"",""dropped:r2"",4.8563],""6"":[""clmm"",""dropped:r1"",5.2375],""7"":[""clmm-core"",""dropped:r1"",5.1188]}}"
Z12,160,0.05,102,3,bestof8-seq,SUCCESS,1,4.875,4.6875,11,780,30.9217,mm[run1],612,,"{""per_run_s"":7.5,""accs"":[5.0,4.875,5.15,5.1688,5.075,4.975,5.1562,4.9813]}"
Z12,160,0.05,102,3,bestof8-par,SUCCESS,1,4.875,4.6875,11,780,5.2373,mm[run1],612,,"{""per_run_s"":60.0,""accs"":[5.0,4.875,5.15,5.1688,5.075,4.975,5.1562,4.9813],""used_s"":[3.8,4.3,4.6,2.7,4.1,3.8,3.1,5.2]}"
Z12,160,0.05,102,3,race8-par,SUCCESS,1,4.45,4.3625,9,712,60.0812,mm[2]@final1,612,,"{""final_survivor"":2,""elapsed_s"":60.081,""arms"":{""0"":[""template"",""floor"",6.8187],""1"":[""mm"",""dropped:r2"",4.7938],""2"":[""mm"",""final"",4.45],""3"":[""mm"",""dropped:r3"",4.7062],""4"":[""mm"",""dropped:r1"",5.125],""5"":[""cuthill"",""dropped:r2"",4.8563],""6"":[""clmm"",""dropped:r1"",5.2625],""7"":[""clmm-core"",""dropped:r1"",5.1188]}}"
Z12,160,0.05,102,1,race8-seq,SUCCESS,1,4.3125,4.1813,9,690,60.0281,mm[2]@q3,612,,"{""final_survivor"":2,""elapsed_s"":60.028,""arms"":{""0"":[""template"",""floor"",6.8187],""1"":[""mm"",""dropped:r2"",4.7875],""2"":[""mm"",""final"",4.3125],""3"":[""mm"",""dropped:r1"",5.1937],""4"":[""mm"",""dropped:r2"",4.7812],""5"":[""cuthill"",""dropped:r3"",4.5687],""6"":[""clmm"",""dropped:r1"",5.775],""7"":[""clmm-core"",""dropped:r1"",5.3125]}}"
Z12,160,0.05,102,1,bestof8-seq,SUCCESS,1,4.7313,4.5687,10,757,37.5673,mm[run0],612,,"{""per_run_s"":7.5,""accs"":[4.7313,4.875,5.125,5.1375,5.2687,4.9688,4.9,5.2188]}"
Z12,160,0.05,102,1,bestof8-par,SUCCESS,1,4.7313,4.5687,10,757,8.4172,mm[run0],612,,"{""per_run_s"":60.0,""accs"":[4.7313,4.875,5.125,5.1375,5.2687,4.9688,4.9,5.2188],""used_s"":[8.4,7.9,3.2,3.2,3.3,5.0,5.0,3.4]}"
Z12,160,0.05,102,1,race8-par,SUCCESS,1,4.1625,4.1,8,666,60.0675,mm[2]@final5,612,,"{""final_survivor"":2,""elapsed_s"":60.067,""arms"":{""0"":[""template"",""floor"",6.8187],""1"":[""mm"",""dropped:r2"",4.7875],""2"":[""mm"",""final"",4.1625],""3"":[""mm"",""dropped:r1"",5.1937],""4"":[""mm"",""dropped:r2"",4.7812],""5"":[""cuthill"",""dropped:r3"",4.6875],""6"":[""clmm"",""dropped:r1"",5.775],""7"":[""clmm-core"",""dropped:r1"",5.3125]}}"
Z12,160,0.05,102,4,race8-seq,SUCCESS,1,4.5312,4.4688,10,725,60.0526,mm[3]@q3,612,,"{""final_survivor"":3,""elapsed_s"":60.052,""arms"":{""0"":[""template"",""floor"",6.8187],""1"":[""mm"",""dropped:r1"",5.5187],""2"":[""mm"",""dropped:r2"",4.875],""3"":[""mm"",""final"",4.5312],""4"":[""mm"",""dropped:r3"",4.8625],""5"":[""cuthill"",""dropped:r2"",4.9],""6"":[""clmm"",""dropped:r1"",5.3688],""7"":[""clmm-core"",""dropped:r1"",5.475]}}"
Z12,160,0.05,102,4,bestof8-seq,SUCCESS,1,4.825,4.6813,10,772,34.2051,mm[run5],612,,"{""per_run_s"":7.5,""accs"":[4.9625,5.0187,4.95,5.25,4.9625,4.825,5.2313,5.2]}"
Z12,160,0.05,102,4,bestof8-par,SUCCESS,1,4.825,4.6813,10,772,5.3295,mm[run5],612,,"{""per_run_s"":60.0,""accs"":[4.9625,5.0187,4.95,5.25,4.9625,4.825,5.2313,5.2],""used_s"":[5.0,5.3,4.2,3.5,4.0,5.2,4.9,2.4]}"
Z12,160,0.05,102,4,race8-par,SUCCESS,1,4.3812,4.2625,9,701,60.0999,mm[3]@final4,612,,"{""final_survivor"":3,""elapsed_s"":60.099,""arms"":{""0"":[""template"",""floor"",6.8187],""1"":[""mm"",""dropped:r1"",5.5187],""2"":[""mm"",""dropped:r2"",4.875],""3"":[""mm"",""final"",4.3812],""4"":[""mm"",""dropped:r3"",4.8625],""5"":[""cuthill"",""dropped:r2"",4.9],""6"":[""clmm"",""dropped:r1"",5.3688],""7"":[""clmm-core"",""dropped:r1"",5.475]}}"
Z12,160,0.05,103,0,race8-seq,SUCCESS,1,4.4875,4.3875,9,718,60.0613,mm[4]@q3,633,,"{""final_survivor"":4,""elapsed_s"":60.061,""arms"":{""0"":[""template"",""floor"",6.6312],""1"":[""mm"",""dropped:r2"",5.0125],""2"":[""mm"",""dropped:r2"",5.0563],""3"":[""mm"",""dropped:r1"",5.3063],""4"":[""mm"",""final"",4.4875],""5"":[""cuthill"",""dropped:r3"",4.825],""6"":[""clmm"",""dropped:r1"",5.2],""7"":[""clmm-core"",""dropped:r1"",5.9]}}"
Z12,160,0.05,103,0,bestof8-seq,SUCCESS,1,4.7687,4.6813,11,763,33.9638,mm[run6],633,,"{""per_run_s"":7.5,""accs"":[5.6375,5.1625,5.5875,4.925,5.5375,5.3125,4.7687,5.55]}"
Z12,160,0.05,103,0,bestof8-par,SUCCESS,1,4.7687,4.6813,11,763,8.1763,mm[run6],633,,"{""per_run_s"":60.0,""accs"":[5.6375,5.1625,5.5875,4.925,5.5375,5.3125,4.7687,5.55],""used_s"":[3.4,3.5,3.0,5.4,3.0,4.8,8.2,3.7]}"
Z12,160,0.05,103,0,race8-par,SUCCESS,1,4.4437,4.3375,9,711,60.0764,mm[4]@final4,633,,"{""final_survivor"":4,""elapsed_s"":60.076,""arms"":{""0"":[""template"",""floor"",6.6312],""1"":[""mm"",""dropped:r2"",5.0125],""2"":[""mm"",""dropped:r2"",5.0563],""3"":[""mm"",""dropped:r1"",5.3063],""4"":[""mm"",""final"",4.4437],""5"":[""cuthill"",""dropped:r3"",4.825],""6"":[""clmm"",""dropped:r1"",5.2],""7"":[""clmm-core"",""dropped:r1"",5.9]}}"
Z12,160,0.05,103,1,race8-seq,SUCCESS,1,4.625,4.5625,10,740,60.0562,mm[4]@q3,633,,"{""final_survivor"":4,""elapsed_s"":60.056,""arms"":{""0"":[""template"",""floor"",6.6312],""1"":[""mm"",""dropped:r2"",5.125],""2"":[""mm"",""dropped:r2"",5.0375],""3"":[""mm"",""dropped:r1"",5.3063],""4"":[""mm"",""final"",4.625],""5"":[""cuthill"",""dropped:r3"",4.8125],""6"":[""clmm"",""dropped:r1"",5.5],""7"":[""clmm-core"",""dropped:r1"",6.425]}}"
Z12,160,0.05,103,1,bestof8-seq,SUCCESS,1,4.9813,4.8312,12,797,30.6554,mm[run6],633,,"{""per_run_s"":7.5,""accs"":[5.325,5.1437,5.2062,4.9875,5.2062,5.2438,4.9813,5.8063]}"
Z12,160,0.05,103,1,bestof8-par,SUCCESS,1,4.9813,4.8312,12,797,4.9824,mm[run6],633,,"{""per_run_s"":60.0,""accs"":[5.325,5.1437,5.2062,4.9875,5.2062,5.2438,4.9813,5.8063],""used_s"":[2.8,5.0,3.6,4.8,3.2,3.6,4.6,3.4]}"
Z12,160,0.05,103,1,race8-par,SUCCESS,1,4.5563,4.4313,10,729,60.0451,mm[4]@final1,633,,"{""final_survivor"":4,""elapsed_s"":60.044,""arms"":{""0"":[""template"",""floor"",6.6312],""1"":[""mm"",""dropped:r2"",5.125],""2"":[""mm"",""dropped:r2"",5.0375],""3"":[""mm"",""dropped:r1"",5.3063],""4"":[""mm"",""final"",4.5563],""5"":[""cuthill"",""dropped:r3"",4.8125],""6"":[""clmm"",""dropped:r1"",5.5438],""7"":[""clmm-core"",""dropped:r1"",6.425]}}"
Z12,160,0.05,103,2,race8-seq,SUCCESS,1,4.6937,4.5375,9,751,60.0548,mm[4]@q3,633,,"{""final_survivor"":4,""elapsed_s"":60.054,""arms"":{""0"":[""template"",""floor"",6.6312],""1"":[""mm"",""dropped:r2"",5.0],""2"":[""mm"",""dropped:r1"",5.6],""3"":[""mm"",""dropped:r3"",4.8375],""4"":[""mm"",""final"",4.6937],""5"":[""cuthill"",""dropped:r2"",4.975],""6"":[""clmm"",""dropped:r1"",5.6937],""7"":[""clmm-core"",""dropped:r1"",5.8438]}}"
Z12,160,0.05,103,2,bestof8-seq,SUCCESS,1,5.0438,4.9,11,807,29.8839,mm[run5],633,,"{""per_run_s"":7.5,""accs"":[5.5438,5.2125,5.3438,5.1125,5.5062,5.0438,5.3563,6.0125]}"
Z12,160,0.05,103,2,bestof8-par,SUCCESS,1,5.0438,4.9,11,807,5.0935,mm[run5],633,,"{""per_run_s"":60.0,""accs"":[5.5438,5.2125,5.3438,5.1125,5.5062,5.0438,5.3563,6.0125],""used_s"":[3.4,4.8,3.5,4.9,2.6,5.1,3.5,2.7]}"
Z12,160,0.05,103,2,race8-par,SUCCESS,1,4.4562,4.4,9,713,60.0862,mm[4]@final9,633,,"{""final_survivor"":4,""elapsed_s"":60.086,""arms"":{""0"":[""template"",""floor"",6.6312],""1"":[""mm"",""dropped:r2"",4.8625],""2"":[""mm"",""dropped:r1"",5.6],""3"":[""mm"",""dropped:r3"",4.8],""4"":[""mm"",""final"",4.4562],""5"":[""cuthill"",""dropped:r2"",4.975],""6"":[""clmm"",""dropped:r1"",5.6937],""7"":[""clmm-core"",""dropped:r1"",5.8438]}}"
Z12,160,0.05,103,3,race8-seq,SUCCESS,1,4.6437,4.5,10,743,60.0413,mm[1]@q3,633,,"{""final_survivor"":1,""elapsed_s"":60.041,""arms"":{""0"":[""template"",""floor"",6.6312],""1"":[""mm"",""final"",4.6437],""2"":[""mm"",""dropped:r1"",5.3],""3"":[""mm"",""dropped:r3"",4.825],""4"":[""mm"",""dropped:r2"",5.2062],""5"":[""cuthill"",""dropped:r2"",5.0938],""6"":[""clmm"",""dropped:r1"",5.7188],""7"":[""clmm-core"",""dropped:r1"",5.8563]}}"
Z12,160,0.05,103,3,bestof8-seq,SUCCESS,1,5.1063,4.925,11,817,33.4764,mm[run2],633,,"{""per_run_s"":7.5,""accs"":[5.1188,5.4313,5.1063,5.4375,5.125,5.1188,5.35,5.3187]}"
Z12,160,0.05,103,3,bestof8-par,SUCCESS,1,5.1063,4.925,11,817,7.7756,mm[run2],633,,"{""per_run_s"":60.0,""accs"":[5.1188,5.4313,5.1063,5.4375,5.125,5.1188,5.35,5.3187],""used_s"":[3.8,4.3,7.8,3.0,4.7,2.9,4.5,3.3]}"
Z12,160,0.05,103,3,race8-par,SUCCESS,1,4.375,4.2938,9,700,60.034,mm[1]@final6,633,,"{""final_survivor"":1,""elapsed_s"":60.033,""arms"":{""0"":[""template"",""floor"",6.6312],""1"":[""mm"",""final"",4.375],""2"":[""mm"",""dropped:r1"",5.3],""3"":[""mm"",""dropped:r3"",4.825],""4"":[""mm"",""dropped:r2"",5.2062],""5"":[""cuthill"",""dropped:r2"",5.0938],""6"":[""clmm"",""dropped:r1"",5.7188],""7"":[""clmm-core"",""dropped:r1"",5.8563]}}"
Z12,160,0.05,103,4,race8-seq,SUCCESS,1,4.5875,4.3937,10,734,60.0274,mm[1]@q3,633,,"{""final_survivor"":1,""elapsed_s"":60.027,""arms"":{""0"":[""template"",""floor"",6.6312],""1"":[""mm"",""final"",4.5875],""2"":[""mm"",""dropped:r3"",4.875],""3"":[""mm"",""dropped:r1"",5.375],""4"":[""mm"",""dropped:r1"",5.4625],""5"":[""cuthill"",""dropped:r2"",5.0438],""6"":[""clmm"",""dropped:r2"",5.2938],""7"":[""clmm-core"",""dropped:r1"",6.3563]}}"
Z12,160,0.05,103,4,bestof8-seq,SUCCESS,1,5.0125,4.8937,11,802,36.6956,mm[run3],633,,"{""per_run_s"":7.5,""accs"":[5.5,5.3438,5.6688,5.0125,5.5187,5.1063,5.3125,5.3187]}"
Z12,160,0.05,103,4,bestof8-par,SUCCESS,1,5.0125,4.8937,11,802,6.7237,mm[run3],633,,"{""per_run_s"":60.0,""accs"":[5.5,5.3438,5.6688,5.0125,5.5187,5.1063,5.3125,5.3187],""used_s"":[5.2,3.6,2.2,6.7,5.7,4.6,5.1,3.8]}"
Z12,160,0.05,103,4,race8-par,SUCCESS,1,4.3875,4.3063,9,702,60.0598,mm[1]@final3,633,,"{""final_survivor"":1,""elapsed_s"":60.059,""arms"":{""0"":[""template"",""floor"",6.6312],""1"":[""mm"",""final"",4.3875],""2"":[""mm"",""dropped:r3"",4.875],""3"":[""mm"",""dropped:r1"",5.375],""4"":[""mm"",""dropped:r1"",5.4625],""5"":[""cuthill"",""dropped:r2"",5.0438],""6"":[""clmm"",""dropped:r2"",5.2938],""7"":[""clmm-core"",""dropped:r1"",6.3563]}}"
Z12,160,0.05,104,0,race8-seq,SUCCESS,1,4.85,4.675,10,776,60.0281,mm[4]@q3,651,,"{""final_survivor"":4,""elapsed_s"":60.028,""arms"":{""0"":[""template"",""floor"",7.2188],""1"":[""mm"",""dropped:r2"",5.1625],""2"":[""mm"",""dropped:r1"",5.775],""3"":[""mm"",""dropped:r3"",5.0375],""4"":[""mm"",""final"",4.85],""5"":[""cuthill"",""dropped:r2"",5.0687],""6"":[""clmm"",""dropped:r1"",5.5438],""7"":[""clmm-core"",""dropped:r1"",6.1437]}}"
Z12,160,0.05,104,0,bestof8-seq,SUCCESS,1,5.075,4.9125,10,812,43.8984,mm[run0],651,,"{""per_run_s"":7.5,""accs"":[5.075,5.5625,5.2625,5.7062,5.3937,5.5687,5.4437,5.225]}"
Z12,160,0.05,104,0,bestof8-par,SUCCESS,1,5.075,4.9125,10,812,6.9895,mm[run0],651,,"{""per_run_s"":60.0,""accs"":[5.075,5.5625,5.2625,5.7062,5.3937,5.5687,5.4437,5.225],""used_s"":[6.6,4.8,6.6,4.4,5.3,3.7,7.0,5.7]}"
Z12,160,0.05,104,0,race8-par,SUCCESS,1,4.7812,4.6875,10,765,60.086,mm[4]@final5,651,,"{""final_survivor"":4,""elapsed_s"":60.085,""arms"":{""0"":[""template"",""floor"",7.2188],""1"":[""mm"",""dropped:r2"",5.1625],""2"":[""mm"",""dropped:r1"",5.775],""3"":[""mm"",""dropped:r3"",4.975],""4"":[""mm"",""final"",4.7812],""5"":[""cuthill"",""dropped:r2"",5.0687],""6"":[""clmm"",""dropped:r1"",5.5438],""7"":[""clmm-core"",""dropped:r1"",6.1437]}}"
Z12,160,0.05,104,1,race8-seq,SUCCESS,1,5.05,4.9562,10,808,60.0698,mm[4]@q3,651,,"{""final_survivor"":4,""elapsed_s"":60.069,""arms"":{""0"":[""template"",""floor"",7.2188],""1"":[""mm"",""dropped:r2"",5.2125],""2"":[""mm"",""dropped:r1"",5.9062],""3"":[""mm"",""dropped:r2"",5.2812],""4"":[""mm"",""final"",5.05],""5"":[""cuthill"",""dropped:r3"",5.1063],""6"":[""clmm"",""dropped:r1"",5.775],""7"":[""clmm-core"",""dropped:r1"",6.1937]}}"
Z12,160,0.05,104,1,bestof8-seq,SUCCESS,1,5.1,5.0,10,816,39.0264,mm[run1],651,,"{""per_run_s"":7.5,""accs"":[5.5625,5.1,5.4875,5.225,5.5875,5.725,5.2687,5.7562]}"
Z12,160,0.05,104,1,bestof8-par,SUCCESS,1,5.1,5.0,10,816,6.6286,mm[run1],651,,"{""per_run_s"":60.0,""accs"":[5.5625,5.1,5.4875,5.225,5.5875,5.725,5.2687,5.7562],""used_s"":[6.6,5.9,4.6,5.0,4.8,2.6,6.1,3.5]}"
Z12,160,0.05,104,1,race8-par,SUCCESS,1,4.775,4.6688,9,764,60.0778,mm[4]@final5,651,,"{""final_survivor"":4,""elapsed_s"":60.077,""arms"":{""0"":[""template"",""floor"",7.2188],""1"":[""mm"",""dropped:r2"",5.2125],""2"":[""mm"",""dropped:r1"",5.9062],""3"":[""mm"",""dropped:r2"",5.2812],""4"":[""mm"",""final"",4.775],""5"":[""cuthill"",""dropped:r3"",5.1063],""6"":[""clmm"",""dropped:r1"",5.775],""7"":[""clmm-core"",""dropped:r1"",6.1937]}}"
Z12,160,0.05,104,3,race8-seq,SUCCESS,1,5.0125,4.9188,10,802,60.0261,mm[4]@q3,651,,"{""final_survivor"":4,""elapsed_s"":60.026,""arms"":{""0"":[""template"",""floor"",7.2188],""1"":[""mm"",""dropped:r2"",5.275],""2"":[""mm"",""dropped:r2"",5.2125],""3"":[""mm"",""dropped:r3"",5.075],""4"":[""mm"",""final"",5.0125],""5"":[""cuthill"",""dropped:r1"",5.6],""6"":[""clmm"",""dropped:r1"",5.9188],""7"":[""clmm-core"",""dropped:r1"",6.15]}}"
Z12,160,0.05,104,3,bestof8-seq,SUCCESS,1,5.2188,5.1,11,835,34.5891,mm[run6],651,,"{""per_run_s"":7.5,""accs"":[5.25,5.7125,5.3125,5.7062,5.6813,5.4062,5.2188,5.6937]}"
Z12,160,0.05,104,3,bestof8-par,SUCCESS,1,5.2188,5.1,11,835,5.3345,mm[run6],651,,"{""per_run_s"":60.0,""accs"":[5.25,5.7125,5.3125,5.7062,5.6813,5.4062,5.2188,5.6937],""used_s"":[4.0,4.0,4.8,4.5,4.1,4.8,5.3,4.1]}"
Z12,160,0.05,104,3,race8-par,SUCCESS,1,5.0125,4.9188,10,802,60.0977,mm[4]@q3,651,,"{""final_survivor"":4,""elapsed_s"":60.097,""arms"":{""0"":[""template"",""floor"",7.2188],""1"":[""mm"",""dropped:r2"",5.275],""2"":[""mm"",""dropped:r2"",5.2125],""3"":[""mm"",""dropped:r3"",5.075],""4"":[""mm"",""final"",5.0125],""5"":[""cuthill"",""dropped:r1"",5.6],""6"":[""clmm"",""dropped:r1"",5.9188],""7"":[""clmm-core"",""dropped:r1"",6.15]}}"
Z12,160,0.05,104,2,race8-seq,SUCCESS,1,5.0812,4.9125,11,813,60.0582,mm[2]@q3,651,,"{""final_survivor"":2,""elapsed_s"":60.058,""arms"":{""0"":[""template"",""floor"",7.2188],""1"":[""mm"",""dropped:r2"",5.3688],""2"":[""mm"",""final"",5.0812],""3"":[""mm"",""dropped:r2"",5.3625],""4"":[""mm"",""dropped:r1"",5.6312],""5"":[""cuthill"",""dropped:r3"",5.1562],""6"":[""clmm"",""dropped:r1"",5.8063],""7"":[""clmm-core"",""dropped:r1"",6.2]}}"
Z12,160,0.05,104,2,bestof8-seq,SUCCESS,1,5.2625,5.1125,11,842,43.4946,mm[run0],651,,"{""per_run_s"":7.5,""accs"":[5.2625,5.4625,5.2875,5.4938,5.4,5.95,5.3438,5.6937]}"
Z12,160,0.05,104,2,bestof8-par,SUCCESS,1,5.2625,5.1125,11,842,8.8079,mm[run0],651,,"{""per_run_s"":60.0,""accs"":[5.2625,5.4625,5.3187,5.4938,5.4,5.95,5.3438,5.6937],""used_s"":[7.9,6.0,8.8,3.9,5.2,3.3,6.4,4.6]}"
Z12,160,0.05,104,2,race8-par,SUCCESS,1,4.7125,4.6375,9,754,60.0789,cuthill[5]@final12,651,,"{""final_survivor"":5,""elapsed_s"":60.078,""arms"":{""0"":[""template"",""floor"",7.2188],""1"":[""mm"",""dropped:r2"",5.3688],""2"":[""mm"",""dropped:r3"",5.0812],""3"":[""mm"",""dropped:r2"",5.4625],""4"":[""mm"",""dropped:r1"",5.6312],""5"":[""cuthill"",""final"",4.7125],""6"":[""clmm"",""dropped:r1"",5.8063],""7"":[""clmm-core"",""dropped:r1"",6.2]}}"
Z12,160,0.05,104,4,race8-seq,SUCCESS,1,4.8688,4.75,10,779,60.0203,mm[3]@q3,651,,"{""final_survivor"":3,""elapsed_s"":60.02,""arms"":{""0"":[""template"",""floor"",7.2188],""1"":[""mm"",""dropped:r3"",5.2313],""2"":[""mm"",""dropped:r2"",5.2687],""3"":[""mm"",""final"",4.8688],""4"":[""mm"",""dropped:r1"",5.6937],""5"":[""cuthill"",""dropped:r2"",5.3937],""6"":[""clmm"",""dropped:r1"",6.0687],""7"":[""clmm-core"",""dropped:r1"",5.7812]}}"
Z12,160,0.05,104,4,bestof8-seq,SUCCESS,1,4.9813,4.8563,10,797,39.0234,mm[run7],651,,"{""per_run_s"":7.5,""accs"":[5.9,6.1937,5.5812,5.8812,5.75,5.275,5.3125,4.9813]}"
Z12,160,0.05,104,4,bestof8-par,SUCCESS,1,4.9813,4.8563,10,797,8.47,mm[run7],651,,"{""per_run_s"":60.0,""accs"":[5.9,6.1937,5.5812,5.8812,5.75,5.275,5.3125,4.9813],""used_s"":[5.5,2.8,4.8,3.7,3.5,4.8,6.3,8.4]}"
Z12,160,0.05,104,4,race8-par,SUCCESS,1,4.5938,4.525,9,735,60.0629,mm[3]@final7,651,,"{""final_survivor"":3,""elapsed_s"":60.062,""arms"":{""0"":[""template"",""floor"",7.2188],""1"":[""mm"",""dropped:r3"",5.1312],""2"":[""mm"",""dropped:r2"",5.2687],""3"":[""mm"",""final"",4.5938],""4"":[""mm"",""dropped:r1"",5.6937],""5"":[""cuthill"",""dropped:r2"",5.3937],""6"":[""clmm"",""dropped:r1"",6.0687],""7"":[""clmm-core"",""dropped:r1"",5.7812]}}"
Z12,160,0.05,105,0,race8-seq,SUCCESS,1,5.1562,5.0375,11,825,60.0455,mm[1]@q3,663,,"{""final_survivor"":1,""elapsed_s"":60.045,""arms"":{""0"":[""template"",""floor"",6.9813],""1"":[""mm"",""final"",5.1562],""2"":[""mm"",""dropped:r2"",5.4062],""3"":[""mm"",""dropped:r1"",5.9188],""4"":[""mm"",""dropped:r3"",5.1813],""5"":[""cuthill"",""dropped:r2"",5.225],""6"":[""clmm"",""dropped:r1"",6.0812],""7"":[""clmm-core"",""dropped:r1"",9.1625]}}"
Z12,160,0.05,105,0,bestof8-seq,SUCCESS,1,5.175,5.0062,11,828,48.7619,mm[run6],663,,"{""per_run_s"":7.5,""accs"":[5.5375,5.6688,5.6312,5.3937,5.2438,5.5875,5.175,5.2687]}"
Z12,160,0.05,105,0,bestof8-par,SUCCESS,1,5.2438,5.0938,10,839,9.5275,mm[run4],663,,"{""per_run_s"":60.0,""accs"":[5.5375,5.6688,5.6312,5.3937,5.2438,5.5875,5.2438,5.2687],""used_s"":[3.9,6.8,7.3,7.4,5.5,5.2,9.5,5.4]}"
Z12,160,0.05,105,0,race8-par,SUCCESS,1,5.0625,4.9625,10,810,60.064,mm[1]@final1,663,,"{""final_survivor"":1,""elapsed_s"":60.063,""arms"":{""0"":[""template"",""floor"",6.9813],""1"":[""mm"",""final"",5.0625],""2"":[""mm"",""dropped:r2"",5.4062],""3"":[""mm"",""dropped:r1"",5.9188],""4"":[""mm"",""dropped:r3"",5.1813],""5"":[""cuthill"",""dropped:r2"",5.225],""6"":[""clmm"",""dropped:r1"",6.0812],""7"":[""clmm-core"",""dropped:r1"",9.1625]}}"
Z12,160,0.05,105,1,race8-seq,SUCCESS,1,4.95,4.85,11,792,60.0314,mm[1]@q3,663,,"{""final_survivor"":1,""elapsed_s"":60.031,""arms"":{""0"":[""template"",""floor"",6.9813],""1"":[""mm"",""final"",4.95],""2"":[""mm"",""dropped:r1"",5.9875],""3"":[""mm"",""dropped:r3"",5.0563],""4"":[""mm"",""dropped:r2"",5.7062],""5"":[""cuthill"",""dropped:r2"",5.8875],""6"":[""clmm"",""dropped:r1"",6.325],""7"":[""clmm-core"",""dropped:r1"",9.1625]}}"
Z12,160,0.05,105,1,bestof8-seq,SUCCESS,1,5.0938,4.9437,11,815,38.8413,mm[run1],663,,"{""per_run_s"":7.5,""accs"":[5.8312,5.0938,5.4875,5.6063,5.9625,5.4813,6.1688,5.775]}"
Z12,160,0.05,105,1,bestof8-par,SUCCESS,1,5.0938,4.9437,11,815,7.4452,mm[run1],663,,"{""per_run_s"":60.0,""accs"":[5.8312,5.0938,5.4875,5.6063,5.9625,5.4813,6.1688,5.775],""used_s"":[4.1,7.4,5.0,4.3,3.2,5.6,3.5,5.9]}"
Z12,160,0.05,105,1,race8-par,SUCCESS,1,4.725,4.625,9,756,60.0548,mm[1]@final12,663,,"{""final_survivor"":1,""elapsed_s"":60.054,""arms"":{""0"":[""template"",""floor"",6.9813],""1"":[""mm"",""final"",4.725],""2"":[""mm"",""dropped:r1"",5.9875],""3"":[""mm"",""dropped:r3"",5.1437],""4"":[""mm"",""dropped:r2"",5.7062],""5"":[""cuthill"",""dropped:r2"",5.8875],""6"":[""clmm"",""dropped:r1"",6.325],""7"":[""clmm-core"",""dropped:r1"",9.1625]}}"
Z12,160,0.05,105,2,race8-seq,SUCCESS,1,5.075,4.9062,10,812,60.0729,mm[1]@q3,663,,"{""final_survivor"":1,""elapsed_s"":60.072,""arms"":{""0"":[""template"",""floor"",6.9813],""1"":[""mm"",""final"",5.075],""2"":[""mm"",""dropped:r3"",5.325],""3"":[""mm"",""dropped:r2"",5.475],""4"":[""mm"",""dropped:r1"",5.75],""5"":[""cuthill"",""dropped:r2"",5.625],""6"":[""clmm"",""dropped:r1"",5.8937],""7"":[""clmm-core"",""dropped:r1"",6.3438]}}"
Z12,160,0.05,105,2,bestof8-seq,SUCCESS,1,5.3,5.1562,11,848,39.473,mm[run6],663,,"{""per_run_s"":7.5,""accs"":[5.8312,5.6312,5.8937,5.7875,5.6562,5.6813,5.3,5.8563]}"
Z12,160,0.05,105,2,bestof8-par,SUCCESS,1,5.2562,5.1,11,841,9.4497,mm[run6],663,,"{""per_run_s"":60.0,""accs"":[5.8312,5.6312,5.8937,5.7875,5.6562,5.6813,5.2562,5.8563],""used_s"":[4.3,5.2,4.9,3.7,4.0,6.1,9.4,4.1]}"
Z12,160,0.05,105,2,race8-par,SUCCESS,1,5.0687,4.8937,10,811,60.0518,mm[1]@final2,663,,"{""final_survivor"":1,""elapsed_s"":60.051,""arms"":{""0"":[""template"",""floor"",6.9813],""1"":[""mm"",""final"",5.0687],""2"":[""mm"",""dropped:r3"",5.0938],""3"":[""mm"",""dropped:r2"",5.475],""4"":[""mm"",""dropped:r1"",5.75],""5"":[""cuthill"",""dropped:r2"",5.625],""6"":[""clmm"",""dropped:r1"",6.3],""7"":[""clmm-core"",""dropped:r1"",6.3438]}}"
Z12,160,0.05,105,3,race8-seq,SUCCESS,1,5.1,4.925,11,816,60.0776,mm[3]@q2,663,,"{""final_survivor"":3,""elapsed_s"":60.077,""arms"":{""0"":[""template"",""floor"",6.9813],""1"":[""mm"",""dropped:r2"",5.575],""2"":[""mm"",""dropped:r1"",5.8312],""3"":[""mm"",""final"",5.1],""4"":[""mm"",""dropped:r2"",5.225],""5"":[""cuthill"",""dropped:r3"",5.2],""6"":[""clmm"",""dropped:r1"",6.325],""7"":[""clmm-core"",""dropped:r1"",9.1687]}}"
Z12,160,0.05,105,3,bestof8-seq,SUCCESS,1,5.3563,5.1937,12,857,40.0583,mm[run3],663,,"{""per_run_s"":7.5,""accs"":[5.5625,5.8688,5.375,5.3563,5.575,5.9,5.5062,6.0812]}"
Z12,160,0.05,105,3,bestof8-par,SUCCESS,1,5.3563,5.1937,12,857,6.9141,mm[run3],663,,"{""per_run_s"":60.0,""accs"":[5.5625,5.8688,5.375,5.3563,5.575,5.9,5.5062,6.0812],""used_s"":[6.3,4.4,6.9,5.7,3.9,5.2,5.0,3.1]}"
Z12,160,0.05,105,3,race8-par,SUCCESS,1,4.925,4.75,10,788,60.0747,mm[3]@final11,663,,"{""final_survivor"":3,""elapsed_s"":60.074,""arms"":{""0"":[""template"",""floor"",6.9813],""1"":[""mm"",""dropped:r2"",5.575],""2"":[""mm"",""dropped:r1"",5.8312],""3"":[""mm"",""final"",4.925],""4"":[""mm"",""dropped:r2"",5.225],""5"":[""cuthill"",""dropped:r3"",5.1562],""6"":[""clmm"",""dropped:r1"",6.325],""7"":[""clmm-core"",""dropped:r1"",9.1687]}}"
Z12,160,0.05,105,4,race8-seq,SUCCESS,1,5.2938,5.075,11,847,60.089,mm[2]@q3,663,,"{""final_survivor"":2,""elapsed_s"":60.089,""arms"":{""0"":[""template"",""floor"",6.9813],""1"":[""mm"",""dropped:r2"",5.4688],""2"":[""mm"",""final"",5.2938],""3"":[""mm"",""dropped:r2"",5.475],""4"":[""mm"",""dropped:r1"",5.9375],""5"":[""cuthill"",""dropped:r3"",5.3812],""6"":[""clmm"",""dropped:r1"",5.9062],""7"":[""clmm-core"",""dropped:r1"",9.1687]}}"
Z12,160,0.05,105,4,bestof8-seq,SUCCESS,1,5.2,5.05,11,832,42.924,mm[run3],663,,"{""per_run_s"":7.5,""accs"":[5.5312,5.5812,5.4062,5.2,5.425,5.9,5.3375,6.1]}"
Z12,160,0.05,105,4,bestof8-par,SUCCESS,1,5.1625,5.0,11,826,9.925,mm[run6],663,,"{""per_run_s"":60.0,""accs"":[5.5312,5.5812,5.4062,5.2,5.425,5.9,5.1625,6.1],""used_s"":[4.5,6.5,5.0,6.0,6.2,3.7,9.9,3.7]}"
Z12,160,0.05,105,4,race8-par,SUCCESS,1,5.0312,4.95,10,805,60.0268,mm[2]@final3,663,,"{""final_survivor"":2,""elapsed_s"":60.026,""arms"":{""0"":[""template"",""floor"",6.9813],""1"":[""mm"",""dropped:r2"",5.4688],""2"":[""mm"",""final"",5.0312],""3"":[""mm"",""dropped:r2"",5.475],""4"":[""mm"",""dropped:r1"",5.9375],""5"":[""cuthill"",""dropped:r3"",5.3812],""6"":[""clmm"",""dropped:r1"",5.9062],""7"":[""clmm-core"",""dropped:r1"",9.1687]}}"
Z12,100,0.3,101,0,race8-seq,SUCCESS,1,7.4,7.4,8,740,60.0906,template[0]@template,1461,,"{""final_survivor"":7,""elapsed_s"":60.09,""arms"":{""0"":[""template"",""floor"",7.4],""1"":[""mm"",""dropped:r1"",11.19],""2"":[""mm"",""dropped:r2"",10.58],""3"":[""mm"",""dropped:r1"",12.1],""4"":[""mm"",""dropped:r1"",10.73],""5"":[""cuthill"",""dropped:r2"",9.56],""6"":[""clmm"",""survivor"",7.86],""7"":[""clmm-core"",""final"",7.67]}}"
Z12,100,0.3,101,0,bestof8-seq,SUCCESS,1,9.24,8.62,14,924,60.5618,mm[run4],1461,,"{""per_run_s"":7.5,""accs"":[9.7,9.5,9.95,10.44,9.24,9.52,9.54,10.29]}"
Z12,100,0.3,101,0,bestof8-par,SUCCESS,1,8.58,8.15,14,858,26.5211,mm[run0],1461,,"{""per_run_s"":60.0,""accs"":[8.58,9.31,8.95,9.19,9.15,9.23,8.82,9.52],""used_s"":[26.2,16.2,15.4,17.8,10.8,12.4,22.0,26.5]}"
Z12,100,0.3,101,0,race8-par,SUCCESS,1,7.4,7.4,8,740,60.1889,template[0]@template,1461,,"{""final_survivor"":7,""elapsed_s"":60.188,""arms"":{""0"":[""template"",""floor"",7.4],""1"":[""mm"",""dropped:r1"",11.19],""2"":[""mm"",""dropped:r2"",9.04],""3"":[""mm"",""dropped:r1"",12.1],""4"":[""mm"",""dropped:r1"",10.73],""5"":[""cuthill"",""dropped:r2"",9.56],""6"":[""clmm"",""dropped:r3"",7.86],""7"":[""clmm-core"",""final"",7.58]}}"
Z12,100,0.3,101,1,race8-seq,SUCCESS,1,7.4,7.4,8,740,60.0603,template[0]@template,1461,,"{""final_survivor"":7,""elapsed_s"":60.06,""arms"":{""0"":[""template"",""floor"",7.4],""1"":[""mm"",""dropped:r1"",12.57],""2"":[""mm"",""dropped:r1"",11.25],""3"":[""mm"",""dropped:r1"",11.19],""4"":[""mm"",""dropped:r2"",11.08],""5"":[""cuthill"",""dropped:r2"",10.5],""6"":[""clmm"",""survivor"",7.88],""7"":[""clmm-core"",""final"",7.7]}}"
Z12,100,0.3,101,1,bestof8-seq,SUCCESS,1,9.67,9.0,16,967,60.4141,mm[run4],1461,,"{""per_run_s"":7.5,""accs"":[10.22,10.84,10.2,10.0,9.67,10.4,10.3,10.58]}"
Z12,100,0.3,101,1,bestof8-par,SUCCESS,1,8.6,8.09,13,860,32.373,mm[run1],1461,,"{""per_run_s"":60.0,""accs"":[8.84,8.6,8.63,8.95,8.68,9.46,9.13,8.93],""used_s"":[32.3,30.5,29.7,32.0,23.2,16.0,25.2,25.1]}"
Z12,100,0.3,101,1,race8-par,SUCCESS,1,7.4,7.4,8,740,60.1493,template[0]@template,1461,,"{""final_survivor"":7,""elapsed_s"":60.149,""arms"":{""0"":[""template"",""floor"",7.4],""1"":[""mm"",""dropped:r1"",12.57],""2"":[""mm"",""dropped:r1"",11.25],""3"":[""mm"",""dropped:r1"",11.19],""4"":[""mm"",""dropped:r2"",10.19],""5"":[""cuthill"",""dropped:r2"",10.5],""6"":[""clmm"",""dropped:r3"",7.87],""7"":[""clmm-core"",""final"",7.65]}}"
Z12,100,0.3,101,2,race8-seq,SUCCESS,1,7.4,7.4,8,740,60.1919,template[0]@template,1461,,"{""final_survivor"":7,""elapsed_s"":60.192,""arms"":{""0"":[""template"",""floor"",7.4],""1"":[""mm"",""dropped:r1"",14.77],""2"":[""mm"",""dropped:r1"",16.83],""3"":[""mm"",""dropped:r2"",9.54],""4"":[""mm"",""dropped:r1"",11.56],""5"":[""cuthill"",""dropped:r2"",9.22],""6"":[""clmm"",""dropped:r3"",7.94],""7"":[""clmm-core"",""final"",7.63]}}"
Z12,100,0.3,101,2,bestof8-seq,SUCCESS,1,9.39,8.91,15,939,60.3052,mm[run4],1461,,"{""per_run_s"":7.5,""accs"":[9.71,9.7,10.44,10.22,9.39,10.59,10.18,10.54]}"
Z12,100,0.3,101,2,bestof8-par,SUCCESS,1,8.72,8.17,13,872,32.8064,mm[run6],1461,,"{""per_run_s"":60.0,""accs"":[9.01,9.39,8.96,9.47,9.41,10.59,8.72,8.93],""used_s"":[19.9,15.2,25.2,16.0,17.3,9.1,18.9,32.8]}"
Z12,100,0.3,101,2,race8-par,SUCCESS,1,7.4,7.4,8,740,60.6521,template[0]@template,1461,,"{""final_survivor"":7,""elapsed_s"":60.651,""arms"":{""0"":[""template"",""floor"",7.4],""1"":[""mm"",""dropped:r1"",14.77],""2"":[""mm"",""dropped:r1"",16.83],""3"":[""mm"",""dropped:r2"",9.54],""4"":[""mm"",""dropped:r1"",11.56],""5"":[""cuthill"",""dropped:r2"",9.22],""6"":[""clmm"",""dropped:r3"",7.94],""7"":[""clmm-core"",""final"",7.55]}}"
Z12,100,0.3,101,3,race8-seq,SUCCESS,1,7.4,7.4,8,740,60.3333,template[0]@template,1461,,"{""final_survivor"":7,""elapsed_s"":60.333,""arms"":{""0"":[""template"",""floor"",7.4],""1"":[""mm"",""dropped:r1"",12.76],""2"":[""mm"",""dropped:r1"",11.94],""3"":[""mm"",""dropped:r1"",14.68],""4"":[""mm"",""dropped:r2"",10.53],""5"":[""cuthill"",""dropped:r2"",9.28],""6"":[""clmm"",""survivor"",7.91],""7"":[""clmm-core"",""final"",7.69]}}"
Z12,100,0.3,101,3,bestof8-seq,SUCCESS,1,9.38,8.55,16,938,60.314,mm[run4],1461,,"{""per_run_s"":7.5,""accs"":[10.82,9.77,10.36,10.3,9.38,10.45,9.7,10.5]}"
Z12,100,0.3,101,3,bestof8-par,SUCCESS,1,8.31,7.86,12,831,42.8525,mm[run1],1461,,"{""per_run_s"":60.0,""accs"":[9.61,8.31,9.03,9.96,8.95,8.69,8.55,9.37],""used_s"":[18.0,42.8,32.3,14.7,15.7,33.1,25.4,19.0]}"
Z12,100,0.3,101,3,race8-par,SUCCESS,1,7.4,7.4,8,740,60.5803,template[0]@template,1461,,"{""final_survivor"":7,""elapsed_s"":60.58,""arms"":{""0"":[""template"",""floor"",7.4],""1"":[""mm"",""dropped:r1"",12.76],""2"":[""mm"",""dropped:r1"",11.94],""3"":[""mm"",""dropped:r1"",14.68],""4"":[""mm"",""dropped:r2"",9.99],""5"":[""cuthill"",""dropped:r2"",9.28],""6"":[""clmm"",""dropped:r3"",7.89],""7"":[""clmm-core"",""final"",7.63]}}"
Z12,100,0.3,101,4,race8-seq,SUCCESS,1,7.4,7.4,8,740,60.1617,template[0]@template,1461,,"{""final_survivor"":7,""elapsed_s"":60.161,""arms"":{""0"":[""template"",""floor"",7.4],""1"":[""mm"",""dropped:r1"",13.12],""2"":[""mm"",""dropped:r1"",12.31],""3"":[""mm"",""dropped:r1"",12.15],""4"":[""mm"",""dropped:r2"",11.74],""5"":[""cuthill"",""dropped:r2"",10.02],""6"":[""clmm"",""survivor"",7.92],""7"":[""clmm-core"",""final"",7.68]}}"
Z12,100,0.3,101,4,bestof8-seq,SUCCESS,1,9.9,9.01,17,990,60.0577,mm[run0],1461,,"{""per_run_s"":7.5,""accs"":[9.9,10.13,10.1,10.17,10.2,10.25,9.99,10.37]}"
Z12,100,0.3,101,4,bestof8-par,SUCCESS,1,8.99,8.51,14,899,20.9408,mm[run3],1461,,"{""per_run_s"":60.0,""accs"":[9.04,9.15,9.05,8.99,9.3,9.43,9.33,9.16],""used_s"":[18.1,20.9,20.2,20.8,16.1,13.7,15.6,15.9]}"
Z12,100,0.3,101,4,race8-par,SUCCESS,1,7.4,7.4,8,740,60.1377,template[0]@template,1461,,"{""final_survivor"":7,""elapsed_s"":60.137,""arms"":{""0"":[""template"",""floor"",7.4],""1"":[""mm"",""dropped:r1"",13.12],""2"":[""mm"",""dropped:r1"",12.31],""3"":[""mm"",""dropped:r2"",12.12],""4"":[""mm"",""dropped:r1"",12.15],""5"":[""cuthill"",""dropped:r2"",9.8],""6"":[""clmm"",""dropped:r3"",7.9],""7"":[""clmm-core"",""final"",7.62]}}"
Z12,100,0.3,102,0,race8-seq,SUCCESS,1,7.41,7.41,8,741,60.0339,template[0]@template,1451,,"{""final_survivor"":7,""elapsed_s"":60.034,""arms"":{""0"":[""template"",""floor"",7.41],""1"":[""mm"",""dropped:r2"",11.01],""2"":[""mm"",""dropped:r1"",11.93],""3"":[""mm"",""dropped:r1"",12.16],""4"":[""mm"",""dropped:r1"",11.7],""5"":[""cuthill"",""dropped:r2"",9.6],""6"":[""clmm"",""survivor"",7.8],""7"":[""clmm-core"",""final"",7.68]}}"
Z12,100,0.3,102,0,bestof8-seq,SUCCESS,1,9.26,8.69,15,926,60.2315,mm[run0],1451,,"{""per_run_s"":7.5,""accs"":[9.26,9.62,9.68,9.97,10.4,10.2,10.42,10.41]}"
Z12,100,0.3,102,0,bestof8-par,SUCCESS,1,8.51,8.11,12,851,29.6997,mm[run2],1451,,"{""per_run_s"":60.0,""accs"":[9.26,9.57,8.51,8.95,9.65,8.91,9.05,9.03],""used_s"":[11.0,12.2,29.7,19.3,17.5,23.3,18.6,20.8]}"
Z12,100,0.3,102,0,race8-par,SUCCESS,1,7.41,7.41,8,741,60.081,template[0]@template,1451,,"{""final_survivor"":7,""elapsed_s"":60.08,""arms"":{""0"":[""template"",""floor"",7.41],""1"":[""mm"",""dropped:r2"",10.17],""2"":[""mm"",""dropped:r1"",11.93],""3"":[""mm"",""dropped:r1"",12.16],""4"":[""mm"",""dropped:r1"",11.7],""5"":[""cuthill"",""dropped:r2"",9.35],""6"":[""clmm"",""dropped:r3"",7.8],""7"":[""clmm-core"",""final"",7.62]}}"
Z12,100,0.3,102,1,race8-seq,SUCCESS,1,7.41,7.41,8,741,60.6634,template[0]@template,1451,,"{""final_survivor"":7,""elapsed_s"":60.663,""arms"":{""0"":[""template"",""floor"",7.41],""1"":[""mm"",""dropped:r1"",11.79],""2"":[""mm"",""dropped:r1"",11.69],""3"":[""mm"",""dropped:r2"",9.66],""4"":[""mm"",""dropped:r1"",11.13],""5"":[""cuthill"",""dropped:r2"",9.35],""6"":[""clmm"",""dropped:r3"",7.93],""7"":[""clmm-core"",""final"",7.63]}}"
Z12,100,0.3,102,1,bestof8-seq,SUCCESS,1,9.26,8.49,15,926,60.1601,mm[run2],1451,,"{""per_run_s"":7.5,""accs"":[9.84,10.08,9.26,10.35,9.7,9.98,10.28,9.91]}"
Z12,100,0.3,102,1,bestof8-par,SUCCESS,1,8.86,8.35,14,886,28.0408,mm[run4],1451,,"{""per_run_s"":60.0,""accs"":[9.13,9.81,9.22,9.57,8.86,9.16,9.36,9.02],""used_s"":[28.0,12.7,14.3,13.3,17.6,22.6,14.7,17.2]}"
Z12,100,0.3,102,1,race8-par,SUCCESS,1,7.41,7.41,8,741,60.5483,template[0]@template,1451,,"{""final_survivor"":7,""elapsed_s"":60.548,""arms"":{""0"":[""template"",""floor"",7.41],""1"":[""mm"",""dropped:r1"",11.92],""2"":[""mm"",""dropped:r1"",12.07],""3"":[""mm"",""dropped:r2"",9.66],""4"":[""mm"",""dropped:r1"",11.13],""5"":[""cuthill"",""dropped:r2"",9.35],""6"":[""clmm"",""dropped:r3"",7.91],""7"":[""clmm-core"",""final"",7.59]}}"
Z12,100,0.3,102,2,race8-seq,SUCCESS,1,7.41,7.41,8,741,60.0346,template[0]@template,1451,,"{""final_survivor"":7,""elapsed_s"":60.034,""arms"":{""0"":[""template"",""floor"",7.41],""1"":[""mm"",""dropped:r2"",10.23],""2"":[""mm"",""dropped:r1"",12.32],""3"":[""mm"",""dropped:r1"",12.2],""4"":[""mm"",""dropped:r1"",11.53],""5"":[""cuthill"",""dropped:r2"",9.79],""6"":[""clmm"",""survivor"",7.92],""7"":[""clmm-core"",""final"",7.66]}}"
Z12,100,0.3,102,2,bestof8-seq,SUCCESS,1,9.21,8.61,14,921,60.2028,mm[run0],1451,,"{""per_run_s"":7.5,""accs"":[9.21,10.27,10.01,10.21,9.84,10.1,10.03,10.42]}"
Z12,100,0.3,102,2,bestof8-par,SUCCESS,1,8.49,8.11,12,849,30.8098,mm[run0],1451,,"{""per_run_s"":60.0,""accs"":[8.49,8.96,9.18,8.63,9.19,9.77,9.4,9.05],""used_s"":[27.0,16.7,24.1,30.8,21.9,18.6,22.2,17.3]}"
Z12,100,0.3,102,2,race8-par,SUCCESS,1,7.41,7.41,8,741,60.5672,template[0]@template,1451,,"{""final_survivor"":7,""elapsed_s"":60.567,""arms"":{""0"":[""template"",""floor"",7.41],""1"":[""mm"",""dropped:r2"",10.32],""2"":[""mm"",""dropped:r1"",13.2],""3"":[""mm"",""dropped:r1"",12.2],""4"":[""mm"",""dropped:r1"",11.53],""5"":[""cuthill"",""dropped:r2"",9.79],""6"":[""clmm"",""dropped:r3"",7.9],""7"":[""clmm-core"",""final"",7.61]}}"
Z12,100,0.3,102,3,race8-seq,SUCCESS,1,7.41,7.41,8,741,60.3262,template[0]@template,1451,,"{""final_survivor"":7,""elapsed_s"":60.326,""arms"":{""0"":[""template"",""floor"",7.41],""1"":[""mm"",""dropped:r1"",10.69],""2"":[""mm"",""dropped:r1"",12.07],""3"":[""mm"",""dropped:r1"",10.78],""4"":[""mm"",""dropped:r2"",9.82],""5"":[""cuthill"",""dropped:r2"",10.42],""6"":[""clmm"",""survivor"",7.82],""7"":[""clmm-core"",""final"",7.72]}}"
Z12,100,0.3,102,3,bestof8-seq,SUCCESS,1,9.41,8.67,15,941,60.2251,mm[run4],1451,,"{""per_run_s"":7.5,""accs"":[10.83,10.23,9.55,10.07,9.41,9.87,10.46,10.71]}"
Z12,100,0.3,102,3,bestof8-par,SUCCESS,1,8.78,8.29,13,878,27.8264,mm[run0],1451,,"{""per_run_s"":60.0,""accs"":[8.78,9.19,9.2,9.42,9.41,9.42,9.07,8.98],""used_s"":[27.8,20.7,19.2,15.0,10.8,15.6,25.1,21.6]}"
Z12,100,0.3,102,3,race8-par,SUCCESS,1,7.41,7.41,8,741,60.1994,template[0]@template,1451,,"{""final_survivor"":7,""elapsed_s"":60.199,""arms"":{""0"":[""template"",""floor"",7.41],""1"":[""mm"",""dropped:r1"",10.69],""2"":[""mm"",""dropped:r1"",12.07],""3"":[""mm"",""dropped:r1"",10.78],""4"":[""mm"",""dropped:r2"",9.82],""5"":[""cuthill"",""dropped:r2"",10.42],""6"":[""clmm"",""dropped:r3"",7.81],""7"":[""clmm-core"",""final"",7.59]}}"
Z12,100,0.3,102,4,race8-seq,SUCCESS,1,7.41,7.41,8,741,60.8941,template[0]@template,1451,,"{""final_survivor"":7,""elapsed_s"":60.894,""arms"":{""0"":[""template"",""floor"",7.41],""1"":[""mm"",""dropped:r1"",11.94],""2"":[""mm"",""dropped:r2"",10.53],""3"":[""mm"",""dropped:r1"",12.61],""4"":[""mm"",""dropped:r1"",12.55],""5"":[""cuthill"",""dropped:r2"",9.97],""6"":[""clmm"",""dropped:r3"",7.82],""7"":[""clmm-core"",""final"",7.68]}}"
Z12,100,0.3,102,4,bestof8-seq,SUCCESS,1,9.92,9.38,16,992,60.1403,mm[run1],1451,,"{""per_run_s"":7.5,""accs"":[10.35,9.92,9.99,10.79,10.04,10.01,10.33,10.06]}"
Z12,100,0.3,102,4,bestof8-par,SUCCESS,1,8.35,7.93,13,835,31.8817,mm[run2],1451,,"{""per_run_s"":60.0,""accs"":[9.59,9.31,8.35,10.01,8.96,8.8,9.85,9.22],""used_s"":[19.9,18.8,31.9,18.4,27.8,15.7,16.0,15.1]}"
Z12,100,0.3,102,4,race8-par,SUCCESS,1,7.41,7.41,8,741,60.0369,template[0]@template,1451,,"{""final_survivor"":7,""elapsed_s"":60.036,""arms"":{""0"":[""template"",""floor"",7.41],""1"":[""mm"",""dropped:r1"",11.94],""2"":[""mm"",""dropped:r2"",10.53],""3"":[""mm"",""dropped:r1"",12.61],""4"":[""mm"",""dropped:r1"",12.55],""5"":[""cuthill"",""dropped:r2"",9.97],""6"":[""clmm"",""dropped:r3"",7.81],""7"":[""clmm-core"",""final"",7.6]}}"
Z12,100,0.3,103,0,race8-seq,SUCCESS,1,7.38,7.38,8,738,60.3738,template[0]@template,1480,,"{""final_survivor"":7,""elapsed_s"":60.373,""arms"":{""0"":[""template"",""floor"",7.38],""1"":[""mm"",""dropped:r1"",11.59],""2"":[""mm"",""dropped:r1"",11.59],""3"":[""mm"",""dropped:r1"",12.48],""4"":[""mm"",""dropped:r2"",10.5],""5"":[""cuthill"",""dropped:r2"",10.27],""6"":[""clmm"",""survivor"",7.84],""7"":[""clmm-core"",""final"",7.64]}}"
Z12,100,0.3,103,0,bestof8-seq,SUCCESS,1,9.54,8.99,15,954,60.0942,mm[run3],1480,,"{""per_run_s"":7.5,""accs"":[10.36,9.87,10.54,9.54,9.7,9.84,10.48,10.52]}"
Z12,100,0.3,103,0,bestof8-par,SUCCESS,1,8.91,8.5,13,891,33.4696,mm[run6],1480,,"{""per_run_s"":60.0,""accs"":[10.22,9.51,9.27,9.31,9.39,9.47,8.91,8.97],""used_s"":[13.6,12.7,21.8,16.6,14.4,12.8,33.4,24.9]}"
Z12,100,0.3,103,0,race8-par,SUCCESS,1,7.38,7.38,8,738,60.6506,template[0]@template,1480,,"{""final_survivor"":7,""elapsed_s"":60.65,""arms"":{""0"":[""template"",""floor"",7.38],""1"":[""mm"",""dropped:r1"",11.59],""2"":[""mm"",""dropped:r1"",11.59],""3"":[""mm"",""dropped:r1"",12.48],""4"":[""mm"",""dropped:r2"",10.5],""5"":[""cuthill"",""dropped:r2"",9.83],""6"":[""clmm"",""dropped:r3"",7.84],""7"":[""clmm-core"",""final"",7.58]}}"
Z12,100,0.3,103,1,race8-seq,SUCCESS,1,7.38,7.38,8,738,60.1141,template[0]@template,1480,,"{""final_survivor"":7,""elapsed_s"":60.114,""arms"":{""0"":[""template"",""floor"",7.38],""1"":[""mm"",""dropped:r1"",11.06],""2"":[""mm"",""dropped:r1"",12.01],""3"":[""mm"",""dropped:r2"",10.9],""4"":[""mm"",""dropped:r1"",11.03],""5"":[""cuthill"",""dropped:r2"",9.78],""6"":[""clmm"",""survivor"",7.91],""7"":[""clmm-core"",""final"",7.62]}}"
Z12,100,0.3,103,1,bestof8-seq,SUCCESS,1,9.68,9.02,16,968,60.1612,mm[run7],1480,,"{""per_run_s"":7.5,""accs"":[10.2,10.1,10.63,10.2,9.79,10.04,10.3,9.68]}"
Z12,100,0.3,103,1,bestof8-par,SUCCESS,1,8.81,8.43,14,881,27.8997,mm[run2],1480,,"{""per_run_s"":60.0,""accs"":[9.11,9.3,8.81,9.0,8.87,9.93,10.3,9.26],""used_s"":[20.9,19.7,27.4,27.9,27.7,14.5,8.2,13.6]}"
Z12,100,0.3,103,1,race8-par,SUCCESS,1,7.38,7.38,8,738,60.4341,template[0]@template,1480,,"{""final_survivor"":7,""elapsed_s"":60.433,""arms"":{""0"":[""template"",""floor"",7.38],""1"":[""mm"",""dropped:r1"",11.37],""2"":[""mm"",""dropped:r1"",12.05],""3"":[""mm"",""dropped:r2"",10.34],""4"":[""mm"",""dropped:r1"",11.03],""5"":[""cuthill"",""dropped:r2"",9.91],""6"":[""clmm"",""dropped:r3"",7.91],""7"":[""clmm-core"",""final"",7.57]}}"
Z12,100,0.3,103,2,race8-seq,SUCCESS,1,7.38,7.38,8,738,60.3947,template[0]@template,1480,,"{""final_survivor"":7,""elapsed_s"":60.394,""arms"":{""0"":[""template"",""floor"",7.38],""1"":[""mm"",""dropped:r1"",12.34],""2"":[""mm"",""dropped:r2"",10.74],""3"":[""mm"",""dropped:r1"",11.87],""4"":[""mm"",""dropped:r1"",11.04],""5"":[""cuthill"",""dropped:r2"",9.31],""6"":[""clmm"",""survivor"",7.9],""7"":[""clmm-core"",""final"",7.64]}}"
Z12,100,0.3,103,2,bestof8-seq,SUCCESS,1,9.3,8.72,15,930,60.2302,mm[run2],1480,,"{""per_run_s"":7.5,""accs"":[10.02,10.52,9.3,10.43,9.44,10.05,10.36,9.77]}"
Z12,100,0.3,103,2,bestof8-par,SUCCESS,1,8.57,8.29,13,857,31.406,mm[run4],1480,,"{""per_run_s"":60.0,""accs"":[9.09,9.22,9.19,8.92,8.57,9.47,9.59,9.89],""used_s"":[23.7,29.0,19.8,31.4,24.0,17.7,17.0,13.2]}"
Z12,100,0.3,103,2,race8-par,SUCCESS,1,7.38,7.38,8,738,60.1721,template[0]@template,1480,,"{""final_survivor"":7,""elapsed_s"":60.171,""arms"":{""0"":[""template"",""floor"",7.38],""1"":[""mm"",""dropped:r1"",12.34],""2"":[""mm"",""dropped:r1"",11.34],""3"":[""mm"",""dropped:r1"",11.87],""4"":[""mm"",""dropped:r2"",11.03],""5"":[""cuthill"",""dropped:r2"",9.31],""6"":[""clmm"",""dropped:r3"",7.9],""7"":[""clmm-core"",""final"",7.58]}}"
Z12,100,0.3,103,3,race8-seq,SUCCESS,1,7.38,7.38,8,738,60.3311,template[0]@template,1480,,"{""final_survivor"":7,""elapsed_s"":60.331,""arms"":{""0"":[""template"",""floor"",7.38],""1"":[""mm"",""dropped:r2"",10.58],""2"":[""mm"",""dropped:r1"",11.52],""3"":[""mm"",""dropped:r1"",11.5],""4"":[""mm"",""dropped:r1"",11.69],""5"":[""cuthill"",""dropped:r2"",9.91],""6"":[""clmm"",""survivor"",7.89],""7"":[""clmm-core"",""final"",7.61]}}"
Z12,100,0.3,103,3,bestof8-seq,SUCCESS,1,9.7,8.97,15,970,60.2768,mm[run6],1480,,"{""per_run_s"":7.5,""accs"":[9.83,10.02,10.42,10.28,10.39,9.87,9.7,10.25]}"
Z12,100,0.3,103,3,bestof8-par,SUCCESS,1,9.12,8.41,14,912,23.6003,mm[run1],1480,,"{""per_run_s"":60.0,""accs"":[9.66,9.12,9.38,9.52,9.26,9.25,9.14,9.59],""used_s"":[13.8,23.6,15.2,22.4,15.2,20.3,15.5,16.3]}"
Z12,100,0.3,103,3,race8-par,SUCCESS,1,7.38,7.38,8,738,60.4487,template[0]@template,1480,,"{""final_survivor"":7,""elapsed_s"":60.448,""arms"":{""0"":[""template"",""floor"",7.38],""1"":[""mm"",""dropped:r2"",10.29],""2"":[""mm"",""dropped:r1"",11.52],""3"":[""mm"",""dropped:r1"",11.5],""4"":[""mm"",""dropped:r1"",11.69],""5"":[""cuthill"",""dropped:r2"",9.91],""6"":[""clmm"",""dropped:r3"",7.88],""7"":[""clmm-core"",""final"",7.58]}}"
Z12,100,0.3,103,4,race8-seq,SUCCESS,1,7.38,7.38,8,738,60.158,template[0]@template,1480,,"{""final_survivor"":7,""elapsed_s"":60.158,""arms"":{""0"":[""template"",""floor"",7.38],""1"":[""mm"",""dropped:r1"",11.86],""2"":[""mm"",""dropped:r2"",10.44],""3"":[""mm"",""dropped:r1"",11.69],""4"":[""mm"",""dropped:r1"",10.81],""5"":[""cuthill"",""dropped:r2"",10.08],""6"":[""clmm"",""survivor"",7.9],""7"":[""clmm-core"",""final"",7.61]}}"
Z12,100,0.3,103,4,bestof8-seq,SUCCESS,1,9.67,9.05,17,967,60.1096,mm[run4],1480,,"{""per_run_s"":7.5,""accs"":[10.85,10.44,10.0,11.0,9.67,10.58,10.66,10.28]}"
Z12,100,0.3,103,4,bestof8-par,SUCCESS,1,8.78,8.39,14,878,30.0162,mm[run7],1480,,"{""per_run_s"":60.0,""accs"":[9.14,9.11,9.25,9.67,9.29,9.06,9.7,8.78],""used_s"":[30.0,30.0,21.5,17.3,13.0,19.2,16.1,22.2]}"
Z12,100,0.3,103,4,race8-par,SUCCESS,1,7.38,7.38,8,738,60.5406,template[0]@template,1480,,"{""final_survivor"":7,""elapsed_s"":60.54,""arms"":{""0"":[""template"",""floor"",7.38],""1"":[""mm"",""dropped:r1"",11.86],""2"":[""mm"",""dropped:r2"",10.44],""3"":[""mm"",""dropped:r1"",11.69],""4"":[""mm"",""dropped:r1"",10.81],""5"":[""cuthill"",""dropped:r2"",10.16],""6"":[""clmm"",""dropped:r3"",7.89],""7"":[""clmm-core"",""final"",7.61]}}"
Z12,100,0.3,104,0,race8-seq,SUCCESS,1,7.44,7.44,8,744,60.2506,template[0]@template,1461,,"{""final_survivor"":7,""elapsed_s"":60.25,""arms"":{""0"":[""template"",""floor"",7.44],""1"":[""mm"",""dropped:r1"",10.77],""2"":[""mm"",""dropped:r1"",11.86],""3"":[""mm"",""dropped:r2"",10.36],""4"":[""mm"",""dropped:r1"",11.94],""5"":[""cuthill"",""dropped:r2"",9.36],""6"":[""clmm"",""survivor"",7.92],""7"":[""clmm-core"",""final"",7.75]}}"
Z12,100,0.3,104,0,bestof8-seq,SUCCESS,1,9.25,8.84,15,925,60.2945,mm[run0],1461,,"{""per_run_s"":7.5,""accs"":[9.25,10.3,10.06,9.45,10.19,10.27,10.12,10.51]}"
Z12,100,0.3,104,0,bestof8-par,SUCCESS,1,8.96,8.39,13,896,22.4587,mm[run3],1461,,"{""per_run_s"":60.0,""accs"":[9.25,9.72,10.06,8.96,9.73,9.27,9.49,9.32],""used_s"":[14.4,13.9,9.9,22.4,15.1,17.2,15.7,17.1]}"
Z12,100,0.3,104,0,race8-par,SUCCESS,1,7.44,7.44,8,744,60.104,template[0]@template,1461,,"{""final_survivor"":7,""elapsed_s"":60.103,""arms"":{""0"":[""template"",""floor"",7.44],""1"":[""mm"",""dropped:r1"",10.77],""2"":[""mm"",""dropped:r1"",11.86],""3"":[""mm"",""dropped:r2"",10.0],""4"":[""mm"",""dropped:r1"",11.94],""5"":[""cuthill"",""dropped:r2"",9.36],""6"":[""clmm"",""dropped:r3"",7.91],""7"":[""clmm-core"",""final"",7.71]}}"
Z12,100,0.3,104,1,race8-seq,SUCCESS,1,7.44,7.44,8,744,60.1215,template[0]@template,1461,,"{""final_survivor"":7,""elapsed_s"":60.121,""arms"":{""0"":[""template"",""floor"",7.44],""1"":[""mm"",""dropped:r1"",11.47],""2"":[""mm"",""dropped:r1"",11.13],""3"":[""mm"",""dropped:r2"",10.12],""4"":[""mm"",""dropped:r2"",9.74],""5"":[""cuthill"",""dropped:r1"",11.09],""6"":[""clmm"",""survivor"",7.9],""7"":[""clmm-core"",""final"",7.76]}}"
Z12,100,0.3,104,1,bestof8-seq,SUCCESS,1,9.65,8.84,15,965,60.1643,mm[run2],1461,,"{""per_run_s"":7.5,""accs"":[9.99,10.38,9.65,9.72,10.1,10.29,10.57,9.85]}"
Z12,100,0.3,104,1,bestof8-par,SUCCESS,1,8.7,8.25,13,870,28.7566,mm[run1],1461,,"{""per_run_s"":60.0,""accs"":[8.92,8.7,9.53,9.39,8.92,9.89,9.27,9.81],""used_s"":[24.0,28.7,14.1,13.5,20.7,14.3,24.0,11.8]}"
Z12,100,0.3,104,1,race8-par,SUCCESS,1,7.44,7.44,8,744,60.5326,template[0]@template,1461,,"{""final_survivor"":7,""elapsed_s"":60.532,""arms"":{""0"":[""template"",""floor"",7.44],""1"":[""mm"",""dropped:r1"",11.47],""2"":[""mm"",""dropped:r1"",11.13],""3"":[""mm"",""dropped:r2"",9.79],""4"":[""mm"",""dropped:r2"",9.74],""5"":[""cuthill"",""dropped:r1"",11.09],""6"":[""clmm"",""dropped:r3"",7.9],""7"":[""clmm-core"",""final"",7.72]}}"
Z12,100,0.3,104,2,race8-seq,SUCCESS,1,7.44,7.44,8,744,60.0806,template[0]@template,1461,,"{""final_survivor"":7,""elapsed_s"":60.08,""arms"":{""0"":[""template"",""floor"",7.44],""1"":[""mm"",""dropped:r2"",10.35],""2"":[""mm"",""dropped:r1"",11.2],""3"":[""mm"",""dropped:r1"",12.08],""4"":[""mm"",""dropped:r1"",12.11],""5"":[""cuthill"",""dropped:r2"",10.32],""6"":[""clmm"",""survivor"",7.92],""7"":[""clmm-core"",""final"",7.75]}}"
Z12,100,0.3,104,2,bestof8-seq,SUCCESS,1,9.85,9.17,17,985,60.3424,mm[run5],1461,,"{""per_run_s"":7.5,""accs"":[9.99,9.91,9.92,10.42,10.4,9.85,9.93,10.66]}"
Z12,100,0.3,104,2,bestof8-par,SUCCESS,1,8.59,8.22,13,859,31.6105,mm[run6],1461,,"{""per_run_s"":60.0,""accs"":[9.38,9.44,9.05,9.55,9.61,9.24,8.59,8.78],""used_s"":[22.1,18.0,24.8,17.7,14.3,14.9,31.6,20.3]}"
Z12,100,0.3,104,2,race8-par,SUCCESS,1,7.44,7.44,8,744,60.3996,template[0]@template,1461,,"{""final_survivor"":7,""elapsed_s"":60.399,""arms"":{""0"":[""template"",""floor"",7.44],""1"":[""mm"",""dropped:r2"",10.21],""2"":[""mm"",""dropped:r2"",11.18],""3"":[""mm"",""dropped:r1"",12.08],""4"":[""mm"",""dropped:r1"",12.11],""5"":[""cuthill"",""dropped:r1"",11.55],""6"":[""clmm"",""dropped:r3"",7.92],""7"":[""clmm-core"",""final"",7.68]}}"
Z12,100,0.3,104,3,race8-seq,SUCCESS,1,7.44,7.44,8,744,60.3208,template[0]@template,1461,,"{""final_survivor"":7,""elapsed_s"":60.32,""arms"":{""0"":[""template"",""floor"",7.44],""1"":[""mm"",""dropped:r1"",11.45],""2"":[""mm"",""dropped:r1"",12.16],""3"":[""mm"",""dropped:r2"",10.85],""4"":[""mm"",""dropped:r1"",11.8],""5"":[""cuthill"",""dropped:r2"",9.91],""6"":[""clmm"",""survivor"",7.9],""7"":[""clmm-core"",""final"",7.74]}}"
Z12,100,0.3,104,3,bestof8-seq,SUCCESS,1,9.62,8.96,15,962,60.4735,mm[run0],1461,,"{""per_run_s"":7.5,""accs"":[9.62,9.82,10.24,10.46,10.73,10.1,10.24,10.75]}"
Z12,100,0.3,104,3,bestof8-par,SUCCESS,1,8.46,8.05,13,846,32.8219,mm[run4],1461,,"{""per_run_s"":60.0,""accs"":[8.89,9.21,8.87,9.77,8.46,10.1,9.79,9.1],""used_s"":[13.1,23.7,26.9,13.7,32.8,11.0,13.9,28.6]}"
Z12,100,0.3,104,3,race8-par,SUCCESS,1,7.44,7.44,8,744,60.5504,template[0]@template,1461,,"{""final_survivor"":7,""elapsed_s"":60.55,""arms"":{""0"":[""template"",""floor"",7.44],""1"":[""mm"",""dropped:r2"",10.53],""2"":[""mm"",""dropped:r1"",12.16],""3"":[""mm"",""dropped:r1"",11.35],""4"":[""mm"",""dropped:r1"",11.8],""5"":[""cuthill"",""dropped:r2"",9.91],""6"":[""clmm"",""dropped:r3"",7.89],""7"":[""clmm-core"",""final"",7.72]}}"
Z12,100,0.3,104,4,race8-seq,SUCCESS,1,7.44,7.44,8,744,60.1544,template[0]@template,1461,,"{""final_survivor"":7,""elapsed_s"":60.154,""arms"":{""0"":[""template"",""floor"",7.44],""1"":[""mm"",""dropped:r2"",10.59],""2"":[""mm"",""dropped:r1"",11.57],""3"":[""mm"",""dropped:r1"",13.03],""4"":[""mm"",""dropped:r1"",11.59],""5"":[""cuthill"",""dropped:r2"",10.61],""6"":[""clmm"",""survivor"",7.88],""7"":[""clmm-core"",""final"",7.75]}}"
Z12,100,0.3,104,4,bestof8-seq,SUCCESS,1,9.57,8.97,14,957,60.1584,mm[run6],1461,,"{""per_run_s"":7.5,""accs"":[10.53,9.78,10.32,9.93,10.51,10.51,9.57,11.7]}"
Z12,100,0.3,104,4,bestof8-par,SUCCESS,1,8.87,8.31,13,887,24.5239,mm[run4],1461,,"{""per_run_s"":60.0,""accs"":[9.12,9.4,9.28,9.62,8.87,9.03,9.32,9.36],""used_s"":[15.4,14.7,20.0,20.9,24.5,24.2,21.9,22.3]}"
Z12,100,0.3,104,4,race8-par,SUCCESS,1,7.44,7.44,8,744,60.3472,template[0]@template,1461,,"{""final_survivor"":7,""elapsed_s"":60.347,""arms"":{""0"":[""template"",""floor"",7.44],""1"":[""mm"",""dropped:r2"",10.59],""2"":[""mm"",""dropped:r1"",11.57],""3"":[""mm"",""dropped:r1"",13.4],""4"":[""mm"",""dropped:r1"",11.59],""5"":[""cuthill"",""dropped:r2"",10.17],""6"":[""clmm"",""dropped:r3"",7.86],""7"":[""clmm-core"",""final"",7.7]}}"
Z12,100,0.3,105,0,race8-seq,SUCCESS,1,7.39,7.39,8,739,60.6406,template[0]@template,1509,,"{""final_survivor"":7,""elapsed_s"":60.64,""arms"":{""0"":[""template"",""floor"",7.39],""1"":[""mm"",""dropped:r1"",11.46],""2"":[""mm"",""dropped:r1"",11.74],""3"":[""mm"",""dropped:r1"",12.41],""4"":[""mm"",""dropped:r2"",10.9],""5"":[""cuthill"",""dropped:r2"",10.03],""6"":[""clmm"",""dropped:r3"",7.87],""7"":[""clmm-core"",""final"",7.68]}}"
Z12,100,0.3,105,0,bestof8-seq,SUCCESS,1,9.44,8.88,16,944,60.51,mm[run5],1509,,"{""per_run_s"":7.5,""accs"":[10.31,10.23,9.71,9.71,9.84,9.44,10.12,10.89]}"
Z12,100,0.3,105,0,bestof8-par,SUCCESS,1,8.68,8.24,13,868,28.2091,mm[run1],1509,,"{""per_run_s"":60.0,""accs"":[10.3,8.68,9.71,9.62,9.95,9.25,9.47,9.79],""used_s"":[11.7,28.2,10.7,15.9,12.5,12.4,18.0,19.5]}"
Z12,100,0.3,105,0,race8-par,SUCCESS,1,7.39,7.39,8,739,60.0381,template[0]@template,1509,,"{""final_survivor"":7,""elapsed_s"":60.038,""arms"":{""0"":[""template"",""floor"",7.39],""1"":[""mm"",""dropped:r1"",11.46],""2"":[""mm"",""dropped:r1"",11.74],""3"":[""mm"",""dropped:r1"",12.41],""4"":[""mm"",""dropped:r2"",10.9],""5"":[""cuthill"",""dropped:r2"",10.03],""6"":[""clmm"",""dropped:r3"",7.87],""7"":[""clmm-core"",""final"",7.6]}}"
Z12,100,0.3,105,1,race8-seq,SUCCESS,1,7.39,7.39,8,739,60.296,template[0]@template,1509,,"{""final_survivor"":7,""elapsed_s"":60.296,""arms"":{""0"":[""template"",""floor"",7.39],""1"":[""mm"",""dropped:r1"",11.93],""2"":[""mm"",""dropped:r1"",12.01],""3"":[""mm"",""dropped:r1"",11.34],""4"":[""mm"",""dropped:r2"",10.68],""5"":[""cuthill"",""dropped:r2"",9.49],""6"":[""clmm"",""survivor"",7.94],""7"":[""clmm-core"",""final"",7.7]}}"
Z12,100,0.3,105,1,bestof8-seq,SUCCESS,1,9.5,8.88,14,950,60.0548,mm[run7],1509,,"{""per_run_s"":7.5,""accs"":[10.39,10.26,11.11,10.4,10.73,10.01,10.33,9.5]}"
Z12,100,0.3,105,1,bestof8-par,SUCCESS,1,8.82,8.24,14,882,33.115,mm[run0],1509,,"{""per_run_s"":60.0,""accs"":[8.82,8.97,9.34,9.82,10.1,8.89,9.45,9.21],""used_s"":[27.5,22.4,33.1,15.1,12.0,27.2,13.6,14.1]}"
Z12,100,0.3,105,1,race8-par,SUCCESS,1,7.39,7.39,8,739,60.3002,template[0]@template,1509,,"{""final_survivor"":7,""elapsed_s"":60.3,""arms"":{""0"":[""template"",""floor"",7.39],""1"":[""mm"",""dropped:r1"",12.42],""2"":[""mm"",""dropped:r1"",12.01],""3"":[""mm"",""dropped:r1"",11.34],""4"":[""mm"",""dropped:r2"",10.47],""5"":[""cuthill"",""dropped:r2"",8.89],""6"":[""clmm"",""dropped:r3"",7.94],""7"":[""clmm-core"",""final"",7.61]}}"
Z12,100,0.3,105,4,race8-seq,SUCCESS,1,7.39,7.39,8,739,60.1183,template[0]@template,1509,,"{""final_survivor"":7,""elapsed_s"":60.118,""arms"":{""0"":[""template"",""floor"",7.39],""1"":[""mm"",""dropped:r1"",11.38],""2"":[""mm"",""dropped:r2"",10.71],""3"":[""mm"",""dropped:r1"",11.72],""4"":[""mm"",""dropped:r1"",11.46],""5"":[""cuthill"",""dropped:r2"",10.48],""6"":[""clmm"",""survivor"",7.93],""7"":[""clmm-core"",""final"",7.7]}}"
Z12,100,0.3,105,4,bestof8-seq,SUCCESS,1,9.65,9.02,15,965,60.2117,mm[run1],1509,,"{""per_run_s"":7.5,""accs"":[10.43,9.65,10.25,10.19,10.41,10.65,10.22,10.17]}"
Z12,100,0.3,105,4,bestof8-par,SUCCESS,1,9.16,8.62,14,916,21.7037,mm[run0],1509,,"{""per_run_s"":60.0,""accs"":[9.16,9.44,9.67,9.16,9.68,9.49,9.46,9.47],""used_s"":[21.7,13.0,16.3,19.2,17.4,18.9,18.6,13.7]}"
Z12,100,0.3,105,4,race8-par,SUCCESS,1,7.39,7.39,8,739,60.5111,template[0]@template,1509,,"{""final_survivor"":7,""elapsed_s"":60.51,""arms"":{""0"":[""template"",""floor"",7.39],""1"":[""mm"",""dropped:r1"",11.38],""2"":[""mm"",""dropped:r2"",10.12],""3"":[""mm"",""dropped:r1"",11.72],""4"":[""mm"",""dropped:r1"",11.66],""5"":[""cuthill"",""dropped:r2"",10.48],""6"":[""clmm"",""dropped:r3"",7.93],""7"":[""clmm-core"",""final"",7.64]}}"
Z12,100,0.3,105,3,race8-seq,SUCCESS,1,7.39,7.39,8,739,60.4563,template[0]@template,1509,,"{""final_survivor"":7,""elapsed_s"":60.456,""arms"":{""0"":[""template"",""floor"",7.39],""1"":[""mm"",""dropped:r2"",10.82],""2"":[""mm"",""dropped:r1"",11.88],""3"":[""mm"",""dropped:r1"",12.97],""4"":[""mm"",""dropped:r1"",11.69],""5"":[""cuthill"",""dropped:r2"",9.83],""6"":[""clmm"",""dropped:r3"",7.92],""7"":[""clmm-core"",""final"",7.67]}}"
Z12,100,0.3,105,3,bestof8-seq,SUCCESS,1,9.8,9.15,16,980,60.1352,mm[run3],1509,,"{""per_run_s"":7.5,""accs"":[10.15,10.05,10.15,9.8,10.08,10.63,10.49,11.17]}"
Z12,100,0.3,105,3,bestof8-par,SUCCESS,1,8.71,8.31,13,871,36.5698,mm[run2],1509,,"{""per_run_s"":60.0,""accs"":[9.84,9.27,8.71,9.66,9.28,9.03,9.67,8.83],""used_s"":[14.5,19.3,32.1,25.4,22.2,36.5,24.8,23.6]}"
Z12,100,0.3,105,3,race8-par,SUCCESS,1,7.39,7.39,8,739,60.0634,template[0]@template,1509,,"{""final_survivor"":7,""elapsed_s"":60.063,""arms"":{""0"":[""template"",""floor"",7.39],""1"":[""mm"",""dropped:r2"",10.82],""2"":[""mm"",""dropped:r1"",11.88],""3"":[""mm"",""dropped:r1"",12.97],""4"":[""mm"",""dropped:r1"",11.69],""5"":[""cuthill"",""dropped:r2"",9.83],""6"":[""clmm"",""dropped:r3"",7.91],""7"":[""clmm-core"",""final"",7.62]}}"
Z12,100,0.3,105,2,race8-seq,SUCCESS,1,7.39,7.39,8,739,60.7058,template[0]@template,1509,,"{""final_survivor"":7,""elapsed_s"":60.705,""arms"":{""0"":[""template"",""floor"",7.39],""1"":[""mm"",""dropped:r1"",11.32],""2"":[""mm"",""dropped:r1"",12.14],""3"":[""mm"",""dropped:r1"",11.84],""4"":[""mm"",""dropped:r2"",10.02],""5"":[""cuthill"",""dropped:r2"",9.9],""6"":[""clmm"",""dropped:r3"",7.86],""7"":[""clmm-core"",""final"",7.66]}}"
Z12,100,0.3,105,2,bestof8-seq,SUCCESS,1,9.5,8.95,16,950,60.3645,mm[run1],1509,,"{""per_run_s"":7.5,""accs"":[11.02,9.5,10.6,10.21,9.71,9.96,10.16,10.97]}"
Z12,100,0.3,105,2,bestof8-par,SUCCESS,1,8.94,8.43,13,894,45.8584,mm[run0],1509,,"{""per_run_s"":60.0,""accs"":[8.94,9.15,9.43,9.18,10.05,9.1,9.41,9.54],""used_s"":[45.8,23.1,19.5,18.2,14.0,18.5,21.5,26.2]}"
Z12,100,0.3,105,2,race8-par,SUCCESS,1,7.39,7.39,8,739,60.4107,template[0]@template,1509,,"{""final_survivor"":7,""elapsed_s"":60.41,""arms"":{""0"":[""template"",""floor"",7.39],""1"":[""mm"",""dropped:r1"",11.32],""2"":[""mm"",""dropped:r1"",12.14],""3"":[""mm"",""dropped:r1"",11.84],""4"":[""mm"",""dropped:r2"",10.02],""5"":[""cuthill"",""dropped:r2"",9.9],""6"":[""clmm"",""dropped:r3"",7.86],""7"":[""clmm-core"",""final"",7.64]}}"
