topo,n,p,inst_seed,base_seed,mode,status,success,acl,acl_spur,max_chain,qubits,wall,winner,n_edges,err,arm_meta
P16,100,0.2,901,10,race8-seq,SUCCESS,1,8.36,8.36,10,836,60.2168,template[0]@template,941,,"{""final_survivor"":7,""elapsed_s"":60.217,""arms"":{""0"":[""template"",""floor"",8.36],""1"":[""mm"",""dropped:r1"",10.84],""2"":[""mm"",""dropped:r2"",9.49],""3"":[""mm"",""dropped:r1"",10.84],""4"":[""mm"",""dropped:r1"",10.15],""5"":[""cuthill"",""dropped:r2"",9.21],""6"":[""clmm"",""dropped:r3"",8.64],""7"":[""clmm-core"",""final"",8.56]}}"
P16,100,0.2,901,10,bestof8-seq,SUCCESS,1,9.64,9.07,17,964,59.1195,mm[run2],941,,"{""per_run_s"":7.5,""accs"":[9.74,9.67,9.64,10.09,9.82,10.16,10.8,10.26]}"
P16,100,0.2,901,10,bestof8-par,SUCCESS,1,9.09,8.82,15,909,19.0629,mm[run1],941,,"{""per_run_s"":60.0,""accs"":[9.21,9.09,9.64,10.09,9.49,9.89,10.8,9.59],""used_s"":[19.0,14.4,8.7,7.3,12.3,11.9,7.4,16.5]}"
P16,100,0.2,901,10,race8-par,SUCCESS,1,8.36,8.36,10,836,60.1077,template[0]@template,941,,"{""final_survivor"":7,""elapsed_s"":60.107,""arms"":{""0"":[""template"",""floor"",8.36],""1"":[""mm"",""dropped:r1"",10.84],""2"":[""mm"",""dropped:r1"",10.34],""3"":[""mm"",""dropped:r1"",10.85],""4"":[""mm"",""dropped:r2"",10.09],""5"":[""cuthill"",""dropped:r2"",9.21],""6"":[""clmm"",""dropped:r3"",8.64],""7"":[""clmm-core"",""final"",8.56]}}"
P16,100,0.2,901,12,race8-seq,SUCCESS,1,8.36,8.36,10,836,60.0965,template[0]@template,941,,"{""final_survivor"":6,""elapsed_s"":60.096,""arms"":{""0"":[""template"",""floor"",8.36],""1"":[""mm"",""dropped:r1"",11.25],""2"":[""mm"",""dropped:r2"",9.64],""3"":[""mm"",""dropped:r1"",10.31],""4"":[""mm"",""dropped:r1"",11.14],""5"":[""cuthill"",""dropped:r2"",9.61],""6"":[""clmm"",""final"",8.58],""7"":[""clmm-core"",""dropped:r3"",8.72]}}"
P16,100,0.2,901,12,bestof8-seq,SUCCESS,1,9.53,9.19,16,953,60.3449,mm[run4],941,,"{""per_run_s"":7.5,""accs"":[9.83,9.92,10.56,10.23,9.53,9.94,10.0,10.2]}"
P16,100,0.2,901,12,bestof8-par,SUCCESS,1,9.21,8.8,15,921,18.2163,mm[run6],941,,"{""per_run_s"":60.0,""accs"":[9.83,9.44,9.76,9.97,9.57,9.43,9.21,9.99],""used_s"":[9.6,13.5,15.7,12.2,11.5,16.9,18.2,10.8]}"
P16,100,0.2,901,12,race8-par,SUCCESS,1,8.36,8.36,10,836,60.0877,template[0]@template,941,,"{""final_survivor"":6,""elapsed_s"":60.087,""arms"":{""0"":[""template"",""floor"",8.36],""1"":[""mm"",""dropped:r1"",11.25],""2"":[""mm"",""dropped:r2"",9.64],""3"":[""mm"",""dropped:r1"",10.31],""4"":[""mm"",""dropped:r1"",11.14],""5"":[""cuthill"",""dropped:r2"",9.61],""6"":[""clmm"",""final"",8.56],""7"":[""clmm-core"",""dropped:r3"",8.72]}}"
P16,100,0.2,901,14,race8-seq,SUCCESS,1,8.36,8.36,10,836,60.1217,template[0]@template,941,,"{""final_survivor"":6,""elapsed_s"":60.121,""arms"":{""0"":[""template"",""floor"",8.36],""1"":[""mm"",""dropped:r2"",9.72],""2"":[""mm"",""dropped:r1"",10.54],""3"":[""mm"",""dropped:r1"",10.57],""4"":[""mm"",""dropped:r1"",10.87],""5"":[""cuthill"",""dropped:r2"",9.49],""6"":[""clmm"",""final"",8.64],""7"":[""clmm-core"",""dropped:r3"",8.74]}}"
P16,100,0.2,901,14,bestof8-seq,SUCCESS,1,9.3,8.9,16,930,58.1477,mm[run1],941,,"{""per_run_s"":7.5,""accs"":[10.44,9.3,10.87,9.85,10.53,10.39,10.23,10.39]}"
P16,100,0.2,901,14,bestof8-par,SUCCESS,1,9.08,8.65,15,908,24.4855,mm[run1],941,,"{""per_run_s"":60.0,""accs"":[9.6,9.08,10.87,9.65,9.39,10.39,10.23,10.39],""used_s"":[17.5,12.7,7.0,13.6,24.5,8.6,6.6,8.4]}"
P16,100,0.2,901,14,race8-par,SUCCESS,1,8.36,8.36,10,836,60.1524,template[0]@template,941,,"{""final_survivor"":6,""elapsed_s"":60.152,""arms"":{""0"":[""template"",""floor"",8.36],""1"":[""mm"",""dropped:r2"",10.01],""2"":[""mm"",""dropped:r1"",10.54],""3"":[""mm"",""dropped:r1"",10.57],""4"":[""mm"",""dropped:r1"",10.87],""5"":[""cuthill"",""dropped:r2"",9.49],""6"":[""clmm"",""final"",8.58],""7"":[""clmm-core"",""dropped:r3"",8.74]}}"
P16,100,0.2,901,13,race8-seq,SUCCESS,1,8.36,8.36,10,836,60.2999,template[0]@template,941,,"{""final_survivor"":7,""elapsed_s"":60.3,""arms"":{""0"":[""template"",""floor"",8.36],""1"":[""mm"",""dropped:r1"",10.74],""2"":[""mm"",""dropped:r1"",10.3],""3"":[""mm"",""dropped:r2"",9.61],""4"":[""mm"",""dropped:r1"",11.46],""5"":[""cuthill"",""dropped:r3"",9.39],""6"":[""clmm"",""dropped:r2"",9.71],""7"":[""clmm-core"",""final"",8.58]}}"
P16,100,0.2,901,13,bestof8-seq,SUCCESS,1,9.2,8.81,16,920,60.0708,mm[run0],941,,"{""per_run_s"":7.5,""accs"":[9.2,10.21,9.95,9.46,9.66,10.05,10.01,10.69]}"
P16,100,0.2,901,13,bestof8-par,SUCCESS,1,8.88,8.64,15,888,22.9914,mm[run0],941,,"{""per_run_s"":60.0,""accs"":[8.88,9.42,9.95,9.01,9.36,10.05,9.46,9.25],""used_s"":[15.0,13.2,7.8,15.7,13.8,10.5,16.9,23.0]}"
P16,100,0.2,901,13,race8-par,SUCCESS,1,8.36,8.36,10,836,60.098,template[0]@template,941,,"{""final_survivor"":7,""elapsed_s"":60.098,""arms"":{""0"":[""template"",""floor"",8.36],""1"":[""mm"",""dropped:r1"",10.74],""2"":[""mm"",""dropped:r1"",10.46],""3"":[""mm"",""dropped:r3"",9.45],""4"":[""mm"",""dropped:r1"",11.46],""5"":[""cuthill"",""dropped:r2"",9.65],""6"":[""clmm"",""dropped:r2"",9.71],""7"":[""clmm-core"",""final"",8.45]}}"
P16,100,0.2,901,11,race8-seq,SUCCESS,1,8.36,8.36,10,836,59.9644,template[0]@template,941,,"{""final_survivor"":7,""elapsed_s"":59.964,""arms"":{""0"":[""template"",""floor"",8.36],""1"":[""mm"",""dropped:r1"",10.33],""2"":[""mm"",""dropped:r2"",10.15],""3"":[""mm"",""dropped:r1"",10.9],""4"":[""mm"",""dropped:r1"",10.36],""5"":[""cuthill"",""dropped:r2"",9.31],""6"":[""clmm"",""dropped:r3"",8.75],""7"":[""clmm-core"",""final"",8.63]}}"
P16,100,0.2,901,11,bestof8-seq,SUCCESS,1,9.21,8.77,16,921,59.8471,mm[run2],941,,"{""per_run_s"":7.5,""accs"":[10.55,10.2,9.21,9.66,10.18,10.32,10.16,10.28]}"
P16,100,0.2,901,11,bestof8-par,SUCCESS,1,9.03,8.62,15,903,25.9859,mm[run2],941,,"{""per_run_s"":60.0,""accs"":[10.55,10.2,9.03,9.31,9.25,9.2,10.16,10.28],""used_s"":[9.6,7.3,13.3,20.0,26.0,22.0,10.2,7.9]}"
P16,100,0.2,901,11,race8-par,SUCCESS,1,8.36,8.36,10,836,60.2112,template[0]@template,941,,"{""final_survivor"":7,""elapsed_s"":60.211,""arms"":{""0"":[""template"",""floor"",8.36],""1"":[""mm"",""dropped:r1"",10.33],""2"":[""mm"",""dropped:r2"",10.15],""3"":[""mm"",""dropped:r1"",11.34],""4"":[""mm"",""dropped:r1"",10.47],""5"":[""cuthill"",""dropped:r2"",9.31],""6"":[""clmm"",""dropped:r3"",8.75],""7"":[""clmm-core"",""final"",8.56]}}"
P16,100,0.2,902,10,race8-seq,SUCCESS,1,8.39,8.39,10,839,60.2206,template[0]@template,1021,,"{""final_survivor"":7,""elapsed_s"":60.22,""arms"":{""0"":[""template"",""floor"",8.39],""1"":[""mm"",""dropped:r1"",11.46],""2"":[""mm"",""dropped:r2"",10.62],""3"":[""mm"",""dropped:r1"",11.24],""4"":[""mm"",""dropped:r1"",10.9],""5"":[""cuthill"",""dropped:r2"",10.28],""6"":[""clmm"",""dropped:r3"",8.94],""7"":[""clmm-core"",""final"",8.9]}}"
P16,100,0.2,902,10,bestof8-seq,SUCCESS,1,10.43,9.99,17,1043,60.0292,mm[run5],1021,,"{""per_run_s"":7.5,""accs"":[10.6,10.47,10.55,10.64,10.44,10.43,10.5,10.52]}"
P16,100,0.2,902,10,bestof8-par,SUCCESS,1,9.55,9.18,15,955,23.2278,mm[run6],1021,,"{""per_run_s"":60.0,""accs"":[9.79,9.91,10.55,10.19,10.44,10.43,9.55,9.77],""used_s"":[23.2,14.7,9.4,13.3,8.2,6.9,23.0,18.5]}"
P16,100,0.2,902,10,race8-par,SUCCESS,1,8.39,8.39,10,839,60.3586,template[0]@template,1021,,"{""final_survivor"":7,""elapsed_s"":60.358,""arms"":{""0"":[""template"",""floor"",8.39],""1"":[""mm"",""dropped:r1"",11.46],""2"":[""mm"",""dropped:r2"",10.62],""3"":[""mm"",""dropped:r1"",11.24],""4"":[""mm"",""dropped:r1"",10.9],""5"":[""cuthill"",""dropped:r2"",10.28],""6"":[""clmm"",""dropped:r3"",8.93],""7"":[""clmm-core"",""final"",8.88]}}"
P16,100,0.2,902,11,race8-seq,SUCCESS,1,8.39,8.39,10,839,60.026,template[0]@template,1021,,"{""final_survivor"":6,""elapsed_s"":60.026,""arms"":{""0"":[""template"",""floor"",8.39],""1"":[""mm"",""dropped:r2"",10.4],""2"":[""mm"",""dropped:r1"",11.63],""3"":[""mm"",""dropped:r1"",11.31],""4"":[""mm"",""dropped:r1"",11.01],""5"":[""cuthill"",""dropped:r2"",9.86],""6"":[""clmm"",""final"",8.89],""7"":[""clmm-core"",""dropped:r3"",9.17]}}"
P16,100,0.2,902,11,bestof8-seq,SUCCESS,1,9.89,9.42,16,989,60.2816,mm[run6],1021,,"{""per_run_s"":7.5,""accs"":[10.42,10.7,10.7,10.05,10.39,10.85,9.89,10.66]}"
P16,100,0.2,902,11,bestof8-par,SUCCESS,1,9.13,8.83,15,913,25.2026,mm[run0],1021,,"{""per_run_s"":60.0,""accs"":[9.13,10.18,10.7,9.49,10.39,9.47,9.59,9.38],""used_s"":[25.2,15.4,7.0,13.4,10.8,17.0,15.7,22.8]}"
P16,100,0.2,902,11,race8-par,SUCCESS,1,8.39,8.39,10,839,60.0504,template[0]@template,1021,,"{""final_survivor"":7,""elapsed_s"":60.05,""arms"":{""0"":[""template"",""floor"",8.39],""1"":[""mm"",""dropped:r2"",10.4],""2"":[""mm"",""dropped:r1"",11.63],""3"":[""mm"",""dropped:r1"",11.31],""4"":[""mm"",""dropped:r1"",11.31],""5"":[""cuthill"",""dropped:r2"",9.91],""6"":[""clmm"",""dropped:r3"",8.89],""7"":[""clmm-core"",""final"",8.77]}}"
P16,100,0.2,902,12,race8-seq,SUCCESS,1,8.39,8.39,10,839,60.2953,template[0]@template,1021,,"{""final_survivor"":6,""elapsed_s"":60.295,""arms"":{""0"":[""template"",""floor"",8.39],""1"":[""mm"",""dropped:r2"",10.16],""2"":[""mm"",""dropped:r1"",11.61],""3"":[""mm"",""dropped:r1"",11.61],""4"":[""mm"",""dropped:r1"",11.41],""5"":[""cuthill"",""dropped:r2"",9.25],""6"":[""clmm"",""final"",8.82],""7"":[""clmm-core"",""dropped:r3"",8.89]}}"
P16,100,0.2,902,12,bestof8-seq,SUCCESS,1,9.9,9.42,18,990,60.0122,mm[run7],1021,,"{""per_run_s"":7.5,""accs"":[10.35,10.12,10.75,10.3,10.52,10.59,10.31,9.9]}"
P16,100,0.2,902,12,bestof8-par,SUCCESS,1,9.29,8.88,15,929,22.0591,mm[run7],1021,,"{""per_run_s"":60.0,""accs"":[10.35,9.79,10.39,9.71,9.92,9.77,10.31,9.29],""used_s"":[10.8,16.7,12.4,19.2,18.1,22.0,10.1,20.9]}"
P16,100,0.2,902,12,race8-par,SUCCESS,1,8.39,8.39,10,839,60.3055,template[0]@template,1021,,"{""final_survivor"":6,""elapsed_s"":60.305,""arms"":{""0"":[""template"",""floor"",8.39],""1"":[""mm"",""dropped:r2"",10.18],""2"":[""mm"",""dropped:r1"",11.61],""3"":[""mm"",""dropped:r1"",11.47],""4"":[""mm"",""dropped:r1"",12.13],""5"":[""cuthill"",""dropped:r2"",10.22],""6"":[""clmm"",""final"",8.82],""7"":[""clmm-core"",""dropped:r3"",8.89]}}"
P16,100,0.2,902,14,race8-seq,SUCCESS,1,8.39,8.39,10,839,60.1762,template[0]@template,1021,,"{""final_survivor"":6,""elapsed_s"":60.176,""arms"":{""0"":[""template"",""floor"",8.39],""1"":[""mm"",""dropped:r1"",11.01],""2"":[""mm"",""dropped:r1"",11.53],""3"":[""mm"",""dropped:r2"",10.89],""4"":[""mm"",""dropped:r1"",11.47],""5"":[""cuthill"",""dropped:r2"",10.02],""6"":[""clmm"",""final"",8.72],""7"":[""clmm-core"",""dropped:r3"",8.9]}}"
P16,100,0.2,902,14,bestof8-seq,SUCCESS,1,10.01,9.58,18,1001,60.28,mm[run2],1021,,"{""per_run_s"":7.5,""accs"":[10.11,10.2,10.01,10.22,10.15,10.27,10.71,10.64]}"
P16,100,0.2,902,14,bestof8-par,SUCCESS,1,9.27,9.0,14,927,20.8883,mm[run7],1021,,"{""per_run_s"":60.0,""accs"":[10.19,9.62,9.55,10.22,9.83,9.82,10.71,9.27],""used_s"":[13.7,18.8,18.0,10.6,14.2,18.8,9.8,20.9]}"
P16,100,0.2,902,14,race8-par,SUCCESS,1,8.39,8.39,10,839,60.1332,template[0]@template,1021,,"{""final_survivor"":6,""elapsed_s"":60.133,""arms"":{""0"":[""template"",""floor"",8.39],""1"":[""mm"",""dropped:r1"",11.01],""2"":[""mm"",""dropped:r1"",11.53],""3"":[""mm"",""dropped:r2"",10.89],""4"":[""mm"",""dropped:r1"",11.43],""5"":[""cuthill"",""dropped:r2"",10.02],""6"":[""clmm"",""final"",8.72],""7"":[""clmm-core"",""dropped:r3"",8.87]}}"
P16,100,0.2,902,13,race8-seq,SUCCESS,1,8.39,8.39,10,839,60.1524,template[0]@template,1021,,"{""final_survivor"":6,""elapsed_s"":60.152,""arms"":{""0"":[""template"",""floor"",8.39],""1"":[""mm"",""dropped:r1"",12.41],""2"":[""mm"",""dropped:r1"",10.66],""3"":[""mm"",""dropped:r2"",10.09],""4"":[""mm"",""dropped:r1"",10.75],""5"":[""cuthill"",""dropped:r2"",9.92],""6"":[""clmm"",""final"",8.77],""7"":[""clmm-core"",""dropped:r3"",8.78]}}"
P16,100,0.2,902,13,bestof8-seq,SUCCESS,1,9.76,9.26,16,976,60.0735,mm[run3],1021,,"{""per_run_s"":7.5,""accs"":[10.41,10.98,10.03,9.76,11.27,10.07,9.94,10.53]}"
P16,100,0.2,902,13,bestof8-par,SUCCESS,1,9.21,8.89,15,921,23.9751,mm[run6],1021,,"{""per_run_s"":60.0,""accs"":[9.87,10.12,9.64,9.57,10.09,9.82,9.21,9.59],""used_s"":[15.6,19.1,13.7,14.2,18.6,15.2,23.9,18.8]}"
P16,100,0.2,902,13,race8-par,SUCCESS,1,8.39,8.39,10,839,60.0899,template[0]@template,1021,,"{""final_survivor"":6,""elapsed_s"":60.089,""arms"":{""0"":[""template"",""floor"",8.39],""1"":[""mm"",""dropped:r1"",12.72],""2"":[""mm"",""dropped:r1"",10.66],""3"":[""mm"",""dropped:r2"",10.25],""4"":[""mm"",""dropped:r1"",10.75],""5"":[""cuthill"",""dropped:r2"",9.92],""6"":[""clmm"",""final"",8.71],""7"":[""clmm-core"",""dropped:r3"",8.78]}}"
P16,100,0.2,903,12,race8-seq,SUCCESS,1,8.5,8.5,10,850,60.2435,template[0]@template,1015,,"{""final_survivor"":6,""elapsed_s"":60.243,""arms"":{""0"":[""template"",""floor"",8.5],""1"":[""mm"",""dropped:r1"",11.17],""2"":[""mm"",""dropped:r2"",10.74],""3"":[""mm"",""dropped:r1"",11.92],""4"":[""mm"",""dropped:r1"",11.43],""5"":[""cuthill"",""dropped:r2"",9.18],""6"":[""clmm"",""final"",8.88],""7"":[""clmm-core"",""dropped:r3"",8.95]}}"
P16,100,0.2,903,12,bestof8-seq,SUCCESS,1,10.08,9.65,17,1008,59.497,mm[run0],1015,,"{""per_run_s"":7.5,""accs"":[10.08,10.46,10.67,10.5,10.74,11.6,10.08,11.47]}"
P16,100,0.2,903,12,bestof8-par,SUCCESS,1,9.15,8.76,15,915,18.9426,mm[run6],1015,,"{""per_run_s"":60.0,""accs"":[10.06,10.15,10.67,10.39,10.74,10.57,9.15,11.47],""used_s"":[17.2,13.6,7.4,13.8,9.7,17.4,18.9,7.8]}"
P16,100,0.2,903,12,race8-par,SUCCESS,1,8.5,8.5,10,850,60.0231,template[0]@template,1015,,"{""final_survivor"":6,""elapsed_s"":60.023,""arms"":{""0"":[""template"",""floor"",8.5],""1"":[""mm"",""dropped:r1"",11.17],""2"":[""mm"",""dropped:r2"",10.74],""3"":[""mm"",""dropped:r1"",11.92],""4"":[""mm"",""dropped:r1"",11.43],""5"":[""cuthill"",""dropped:r2"",9.38],""6"":[""clmm"",""final"",8.88],""7"":[""clmm-core"",""dropped:r3"",8.9]}}"
P16,100,0.2,903,11,race8-seq,SUCCESS,1,8.5,8.5,10,850,60.1417,template[0]@template,1015,,"{""final_survivor"":7,""elapsed_s"":60.141,""arms"":{""0"":[""template"",""floor"",8.5],""1"":[""mm"",""dropped:r1"",11.87],""2"":[""mm"",""dropped:r1"",11.26],""3"":[""mm"",""dropped:r2"",11.01],""4"":[""mm"",""dropped:r1"",11.5],""5"":[""cuthill"",""dropped:r2"",9.87],""6"":[""clmm"",""dropped:r3"",8.91],""7"":[""clmm-core"",""final"",8.83]}}"
P16,100,0.2,903,11,bestof8-seq,SUCCESS,1,10.03,9.59,18,1003,60.1344,mm[run1],1015,,"{""per_run_s"":7.5,""accs"":[10.34,10.03,10.5,10.36,10.62,10.49,10.54,10.44]}"
P16,100,0.2,903,11,bestof8-par,SUCCESS,1,9.45,9.05,15,945,21.6518,mm[run7],1015,,"{""per_run_s"":60.0,""accs"":[9.51,9.94,9.94,10.27,10.23,9.76,10.23,9.45],""used_s"":[16.8,17.4,21.6,14.2,18.1,15.9,14.7,20.3]}"
P16,100,0.2,903,11,race8-par,SUCCESS,1,8.5,8.5,10,850,60.1154,template[0]@template,1015,,"{""final_survivor"":7,""elapsed_s"":60.115,""arms"":{""0"":[""template"",""floor"",8.5],""1"":[""mm"",""dropped:r1"",11.87],""2"":[""mm"",""dropped:r1"",11.26],""3"":[""mm"",""dropped:r2"",11.01],""4"":[""mm"",""dropped:r1"",12.18],""5"":[""cuthill"",""dropped:r2"",9.93],""6"":[""clmm"",""dropped:r3"",8.91],""7"":[""clmm-core"",""final"",8.83]}}"
P16,100,0.2,903,10,race8-seq,SUCCESS,1,8.5,8.5,10,850,60.0227,template[0]@template,1015,,"{""final_survivor"":7,""elapsed_s"":60.022,""arms"":{""0"":[""template"",""floor"",8.5],""1"":[""mm"",""dropped:r1"",10.93],""2"":[""mm"",""dropped:r1"",10.95],""3"":[""mm"",""dropped:r1"",11.12],""4"":[""mm"",""dropped:r2"",10.06],""5"":[""cuthill"",""dropped:r2"",9.81],""6"":[""clmm"",""dropped:r3"",8.77],""7"":[""clmm-core"",""final"",8.67]}}"
P16,100,0.2,903,10,bestof8-seq,SUCCESS,1,9.64,9.24,15,964,60.0793,mm[run3],1015,,"{""per_run_s"":7.5,""accs"":[10.33,10.2,10.46,9.64,9.94,10.32,10.27,11.64]}"
P16,100,0.2,903,10,bestof8-par,SUCCESS,1,9.39,9.0,16,939,25.3918,mm[run5],1015,,"{""per_run_s"":60.0,""accs"":[10.33,9.69,10.37,9.69,9.4,9.39,10.27,10.58],""used_s"":[10.8,22.1,16.2,11.5,14.9,25.4,9.6,16.3]}"
P16,100,0.2,903,10,race8-par,SUCCESS,1,8.5,8.5,10,850,60.1088,template[0]@template,1015,,"{""final_survivor"":7,""elapsed_s"":60.108,""arms"":{""0"":[""template"",""floor"",8.5],""1"":[""mm"",""dropped:r1"",10.93],""2"":[""mm"",""dropped:r1"",10.95],""3"":[""mm"",""dropped:r1"",11.12],""4"":[""mm"",""dropped:r2"",10.06],""5"":[""cuthill"",""dropped:r2"",9.81],""6"":[""clmm"",""dropped:r3"",8.77],""7"":[""clmm-core"",""final"",8.67]}}"
P16,100,0.2,903,13,race8-seq,SUCCESS,1,8.5,8.5,10,850,60.096,template[0]@template,1015,,"{""final_survivor"":7,""elapsed_s"":60.096,""arms"":{""0"":[""template"",""floor"",8.5],""1"":[""mm"",""dropped:r1"",11.49],""2"":[""mm"",""dropped:r2"",9.98],""3"":[""mm"",""dropped:r1"",12.32],""4"":[""mm"",""dropped:r1"",11.05],""5"":[""cuthill"",""dropped:r2"",9.72],""6"":[""clmm"",""dropped:r3"",8.77],""7"":[""clmm-core"",""final"",8.74]}}"
P16,100,0.2,903,13,bestof8-seq,SUCCESS,1,9.98,9.57,17,998,58.3151,mm[run0],1015,,"{""per_run_s"":7.5,""accs"":[9.98,10.41,10.32,10.51,10.91,10.31,10.75,10.36]}"
P16,100,0.2,903,13,bestof8-par,SUCCESS,1,9.58,9.26,16,958,22.1786,mm[run0],1015,,"{""per_run_s"":60.0,""accs"":[9.58,10.29,10.32,10.21,10.91,10.02,9.8,9.89],""used_s"":[16.8,15.0,11.6,14.6,5.2,14.9,22.2,15.0]}"
P16,100,0.2,903,13,race8-par,SUCCESS,1,8.5,8.5,10,850,60.2584,template[0]@template,1015,,"{""final_survivor"":7,""elapsed_s"":60.258,""arms"":{""0"":[""template"",""floor"",8.5],""1"":[""mm"",""dropped:r1"",11.49],""2"":[""mm"",""dropped:r2"",9.98],""3"":[""mm"",""dropped:r1"",12.32],""4"":[""mm"",""dropped:r1"",11.05],""5"":[""cuthill"",""dropped:r2"",9.72],""6"":[""clmm"",""dropped:r3"",8.75],""7"":[""clmm-core"",""final"",8.66]}}"
P16,100,0.2,903,14,race8-seq,SUCCESS,1,8.5,8.5,10,850,60.0831,template[0]@template,1015,,"{""final_survivor"":7,""elapsed_s"":60.083,""arms"":{""0"":[""template"",""floor"",8.5],""1"":[""mm"",""dropped:r1"",11.53],""2"":[""mm"",""dropped:r1"",13.05],""3"":[""mm"",""dropped:r2"",10.26],""4"":[""mm"",""dropped:r1"",11.41],""5"":[""cuthill"",""dropped:r2"",10.07],""6"":[""clmm"",""dropped:r3"",8.85],""7"":[""clmm-core"",""final"",8.79]}}"
P16,100,0.2,903,14,bestof8-seq,SUCCESS,1,10.08,9.65,17,1008,60.288,mm[run0],1015,,"{""per_run_s"":7.5,""accs"":[10.08,11.44,10.11,10.54,10.14,10.47,10.5,10.18]}"
P16,100,0.2,903,14,bestof8-par,SUCCESS,1,9.65,9.18,15,965,22.5319,mm[run7],1015,,"{""per_run_s"":60.0,""accs"":[9.97,10.17,9.9,9.85,10.09,9.91,10.13,9.65],""used_s"":[17.2,16.2,14.9,22.5,12.9,20.0,12.7,19.5]}"
P16,100,0.2,903,14,race8-par,SUCCESS,1,8.5,8.5,10,850,60.1949,template[0]@template,1015,,"{""final_survivor"":7,""elapsed_s"":60.195,""arms"":{""0"":[""template"",""floor"",8.5],""1"":[""mm"",""dropped:r1"",11.53],""2"":[""mm"",""dropped:r1"",13.05],""3"":[""mm"",""dropped:r2"",10.26],""4"":[""mm"",""dropped:r1"",11.41],""5"":[""cuthill"",""dropped:r2"",10.16],""6"":[""clmm"",""dropped:r3"",8.85],""7"":[""clmm-core"",""final"",8.75]}}"
P16,100,0.2,904,12,race8-seq,SUCCESS,1,8.45,8.45,10,845,60.1118,template[0]@template,948,,"{""final_survivor"":6,""elapsed_s"":60.112,""arms"":{""0"":[""template"",""floor"",8.45],""1"":[""mm"",""dropped:r1"",10.8],""2"":[""mm"",""dropped:r1"",10.63],""3"":[""mm"",""dropped:r1"",10.56],""4"":[""mm"",""dropped:r2"",9.91],""5"":[""cuthill"",""dropped:r2"",8.94],""6"":[""clmm"",""final"",8.6],""7"":[""clmm-core"",""dropped:r3"",8.75]}}"
P16,100,0.2,904,12,bestof8-seq,SUCCESS,1,9.5,9.1,15,950,58.6592,mm[run1],948,,"{""per_run_s"":7.5,""accs"":[9.79,9.5,10.3,9.82,9.88,10.08,10.0,10.73]}"
P16,100,0.2,904,12,bestof8-par,SUCCESS,1,9.43,9.06,15,943,13.5715,mm[run1],948,,"{""per_run_s"":60.0,""accs"":[9.79,9.43,10.3,9.82,9.88,10.03,9.76,10.73],""used_s"":[11.0,12.7,8.5,8.8,7.4,13.5,13.5,6.2]}"
P16,100,0.2,904,12,race8-par,SUCCESS,1,8.45,8.45,10,845,60.2189,template[0]@template,948,,"{""final_survivor"":6,""elapsed_s"":60.218,""arms"":{""0"":[""template"",""floor"",8.45],""1"":[""mm"",""dropped:r1"",10.8],""2"":[""mm"",""dropped:r1"",10.63],""3"":[""mm"",""dropped:r1"",10.74],""4"":[""mm"",""dropped:r2"",9.91],""5"":[""cuthill"",""dropped:r2"",8.94],""6"":[""clmm"",""final"",8.56],""7"":[""clmm-core"",""dropped:r3"",8.75]}}"
P16,100,0.2,904,10,race8-seq,SUCCESS,1,8.45,8.45,10,845,60.2345,template[0]@template,948,,"{""final_survivor"":6,""elapsed_s"":60.234,""arms"":{""0"":[""template"",""floor"",8.45],""1"":[""mm"",""dropped:r1"",11.5],""2"":[""mm"",""dropped:r1"",11.17],""3"":[""mm"",""dropped:r2"",9.94],""4"":[""mm"",""dropped:r1"",10.47],""5"":[""cuthill"",""dropped:r2"",9.43],""6"":[""clmm"",""final"",8.64],""7"":[""clmm-core"",""dropped:r3"",9.14]}}"
P16,100,0.2,904,10,bestof8-seq,SUCCESS,1,9.53,9.07,17,953,60.1463,mm[run7],948,,"{""per_run_s"":7.5,""accs"":[9.81,9.92,9.79,10.33,10.16,9.65,10.99,9.53]}"
P16,100,0.2,904,10,bestof8-par,SUCCESS,1,9.11,8.74,15,911,18.2503,mm[run7],948,,"{""per_run_s"":60.0,""accs"":[9.31,9.92,9.6,10.33,10.16,9.65,10.99,9.11],""used_s"":[13.1,11.1,16.3,7.2,10.0,10.4,7.7,18.2]}"
P16,100,0.2,904,10,race8-par,SUCCESS,1,8.45,8.45,10,845,59.9845,template[0]@template,948,,"{""final_survivor"":6,""elapsed_s"":59.984,""arms"":{""0"":[""template"",""floor"",8.45],""1"":[""mm"",""dropped:r1"",11.5],""2"":[""mm"",""dropped:r1"",11.17],""3"":[""mm"",""dropped:r2"",9.94],""4"":[""mm"",""dropped:r1"",10.47],""5"":[""cuthill"",""dropped:r2"",9.35],""6"":[""clmm"",""final"",8.64],""7"":[""clmm-core"",""dropped:r3"",8.77]}}"
P16,100,0.2,904,11,race8-seq,SUCCESS,1,8.45,8.45,10,845,60.209,template[0]@template,948,,"{""final_survivor"":7,""elapsed_s"":60.209,""arms"":{""0"":[""template"",""floor"",8.45],""1"":[""mm"",""dropped:r1"",11.06],""2"":[""mm"",""dropped:r1"",10.68],""3"":[""mm"",""dropped:r1"",11.14],""4"":[""mm"",""dropped:r2"",10.07],""5"":[""cuthill"",""dropped:r2"",9.56],""6"":[""clmm"",""dropped:r3"",8.86],""7"":[""clmm-core"",""final"",8.64]}}"
P16,100,0.2,904,11,bestof8-seq,SUCCESS,1,9.73,9.22,16,973,59.7129,mm[run5],948,,"{""per_run_s"":7.5,""accs"":[9.76,10.04,10.35,10.26,10.0,9.73,10.2,10.12]}"
P16,100,0.2,904,11,bestof8-par,SUCCESS,1,9.32,8.92,15,932,18.357,mm[run1],948,,"{""per_run_s"":60.0,""accs"":[9.65,9.32,9.62,9.5,10.0,9.73,9.84,9.83],""used_s"":[13.5,17.7,14.4,18.3,10.3,6.9,13.9,13.7]}"
P16,100,0.2,904,11,race8-par,SUCCESS,1,8.45,8.45,10,845,60.2418,template[0]@template,948,,"{""final_survivor"":7,""elapsed_s"":60.241,""arms"":{""0"":[""template"",""floor"",8.45],""1"":[""mm"",""dropped:r1"",11.06],""2"":[""mm"",""dropped:r1"",10.68],""3"":[""mm"",""dropped:r1"",11.14],""4"":[""mm"",""dropped:r2"",10.07],""5"":[""cuthill"",""dropped:r2"",9.26],""6"":[""clmm"",""dropped:r3"",8.74],""7"":[""clmm-core"",""final"",8.64]}}"
P16,100,0.2,904,13,race8-seq,SUCCESS,1,8.45,8.45,10,845,60.0745,template[0]@template,948,,"{""final_survivor"":7,""elapsed_s"":60.074,""arms"":{""0"":[""template"",""floor"",8.45],""1"":[""mm"",""dropped:r1"",10.7],""2"":[""mm"",""dropped:r2"",9.29],""3"":[""mm"",""dropped:r1"",10.74],""4"":[""mm"",""dropped:r1"",10.63],""5"":[""cuthill"",""dropped:r2"",9.69],""6"":[""clmm"",""dropped:r3"",8.75],""7"":[""clmm-core"",""final"",8.71]}}"
P16,100,0.2,904,13,bestof8-seq,SUCCESS,1,9.35,8.82,15,935,60.3594,mm[run2],948,,"{""per_run_s"":7.5,""accs"":[9.48,9.57,9.35,9.8,10.04,10.24,10.4,10.97]}"
P16,100,0.2,904,13,bestof8-par,SUCCESS,1,8.83,8.53,14,883,16.7635,mm[run2],948,,"{""per_run_s"":60.0,""accs"":[9.46,9.47,8.83,9.5,9.72,9.9,9.58,10.97],""used_s"":[12.9,12.2,15.0,13.0,15.9,12.9,16.7,7.2]}"
P16,100,0.2,904,13,race8-par,SUCCESS,1,8.45,8.45,10,845,60.2255,template[0]@template,948,,"{""final_survivor"":7,""elapsed_s"":60.225,""arms"":{""0"":[""template"",""floor"",8.45],""1"":[""mm"",""dropped:r1"",10.7],""2"":[""mm"",""dropped:r2"",9.29],""3"":[""mm"",""dropped:r1"",10.74],""4"":[""mm"",""dropped:r1"",10.63],""5"":[""cuthill"",""dropped:r2"",9.45],""6"":[""clmm"",""dropped:r3"",8.74],""7"":[""clmm-core"",""final"",8.7]}}"
P16,100,0.2,904,14,race8-seq,SUCCESS,1,8.45,8.45,10,845,60.1875,template[0]@template,948,,"{""final_survivor"":6,""elapsed_s"":60.187,""arms"":{""0"":[""template"",""floor"",8.45],""1"":[""mm"",""dropped:r1"",10.62],""2"":[""mm"",""dropped:r2"",9.67],""3"":[""mm"",""dropped:r1"",10.49],""4"":[""mm"",""dropped:r1"",11.2],""5"":[""cuthill"",""dropped:r2"",9.3],""6"":[""clmm"",""final"",8.8],""7"":[""clmm-core"",""dropped:r3"",8.85]}}"
P16,100,0.2,904,14,bestof8-seq,SUCCESS,1,9.49,9.15,16,949,60.2353,mm[run2],948,,"{""per_run_s"":7.5,""accs"":[9.96,10.11,9.49,9.95,11.0,10.23,10.01,9.94]}"
P16,100,0.2,904,14,bestof8-par,SUCCESS,1,9.01,8.61,14,901,24.8474,mm[run1],948,,"{""per_run_s"":60.0,""accs"":[9.62,9.01,9.39,9.55,11.0,9.61,9.27,9.46],""used_s"":[14.6,24.8,12.4,13.2,7.3,13.2,20.8,18.9]}"
P16,100,0.2,904,14,race8-par,SUCCESS,1,8.45,8.45,10,845,60.19,template[0]@template,948,,"{""final_survivor"":6,""elapsed_s"":60.19,""arms"":{""0"":[""template"",""floor"",8.45],""1"":[""mm"",""dropped:r1"",10.62],""2"":[""mm"",""dropped:r2"",9.68],""3"":[""mm"",""dropped:r1"",10.49],""4"":[""mm"",""dropped:r1"",11.33],""5"":[""cuthill"",""dropped:r2"",9.3],""6"":[""clmm"",""final"",8.69],""7"":[""clmm-core"",""dropped:r3"",8.85]}}"
P16,100,0.2,905,11,race8-seq,SUCCESS,1,8.52,8.51,10,852,60.1982,template[0]@template,1004,,"{""final_survivor"":6,""elapsed_s"":60.198,""arms"":{""0"":[""template"",""floor"",8.52],""1"":[""mm"",""dropped:r1"",11.27],""2"":[""mm"",""dropped:r1"",10.79],""3"":[""mm"",""dropped:r1"",11.27],""4"":[""mm"",""dropped:r2"",10.16],""5"":[""cuthill"",""dropped:r2"",9.77],""6"":[""clmm"",""final"",8.65],""7"":[""clmm-core"",""dropped:r3"",8.66]}}"
P16,100,0.2,905,11,bestof8-seq,SUCCESS,1,9.94,9.47,16,994,60.2632,mm[run0],1004,,"{""per_run_s"":7.5,""accs"":[9.94,9.96,10.5,10.0,10.18,10.51,10.55,10.98]}"
P16,100,0.2,905,11,bestof8-par,SUCCESS,1,9.52,9.14,15,952,16.7737,mm[run4],1004,,"{""per_run_s"":60.0,""accs"":[9.78,9.96,10.41,9.73,9.52,10.17,10.55,9.93],""used_s"":[13.7,10.7,11.8,13.2,16.8,15.5,9.2,13.6]}"
P16,100,0.2,905,11,race8-par,SUCCESS,1,8.52,8.51,10,852,60.2161,template[0]@template,1004,,"{""final_survivor"":6,""elapsed_s"":60.216,""arms"":{""0"":[""template"",""floor"",8.52],""1"":[""mm"",""dropped:r1"",11.27],""2"":[""mm"",""dropped:r1"",10.79],""3"":[""mm"",""dropped:r1"",11.27],""4"":[""mm"",""dropped:r2"",10.16],""5"":[""cuthill"",""dropped:r2"",10.01],""6"":[""clmm"",""final"",8.56],""7"":[""clmm-core"",""dropped:r3"",8.65]}}"
P16,100,0.2,905,13,race8-seq,SUCCESS,1,8.52,8.51,10,852,60.0195,template[0]@template,1004,,"{""final_survivor"":7,""elapsed_s"":60.019,""arms"":{""0"":[""template"",""floor"",8.52],""1"":[""mm"",""dropped:r1"",11.35],""2"":[""mm"",""dropped:r1"",11.78],""3"":[""mm"",""dropped:r1"",10.8],""4"":[""mm"",""dropped:r2"",9.99],""5"":[""cuthill"",""dropped:r2"",9.67],""6"":[""clmm"",""dropped:r3"",8.69],""7"":[""clmm-core"",""final"",8.57]}}"
P16,100,0.2,905,13,bestof8-seq,SUCCESS,1,10.18,9.7,15,1018,58.9404,mm[run2],1004,,"{""per_run_s"":7.5,""accs"":[10.35,10.56,10.18,10.3,10.47,10.49,10.31,10.45]}"
P16,100,0.2,905,13,bestof8-par,SUCCESS,1,9.29,8.85,14,929,21.9895,mm[run2],1004,,"{""per_run_s"":60.0,""accs"":[10.35,9.43,9.29,10.22,10.47,10.49,9.78,9.71],""used_s"":[7.8,20.1,19.2,13.1,6.3,9.0,22.0,16.2]}"
P16,100,0.2,905,13,race8-par,SUCCESS,1,8.52,8.51,10,852,60.1883,template[0]@template,1004,,"{""final_survivor"":7,""elapsed_s"":60.188,""arms"":{""0"":[""template"",""floor"",8.52],""1"":[""mm"",""dropped:r1"",11.35],""2"":[""mm"",""dropped:r1"",11.78],""3"":[""mm"",""dropped:r1"",10.8],""4"":[""mm"",""dropped:r2"",9.9],""5"":[""cuthill"",""dropped:r2"",9.67],""6"":[""clmm"",""dropped:r3"",8.69],""7"":[""clmm-core"",""final"",8.57]}}"
P16,100,0.2,905,10,race8-seq,SUCCESS,1,8.52,8.51,10,852,60.0395,template[0]@template,1004,,"{""final_survivor"":6,""elapsed_s"":60.039,""arms"":{""0"":[""template"",""floor"",8.52],""1"":[""mm"",""dropped:r1"",11.52],""2"":[""mm"",""dropped:r1"",10.81],""3"":[""mm"",""dropped:r2"",10.12],""4"":[""mm"",""dropped:r1"",10.62],""5"":[""cuthill"",""dropped:r2"",9.92],""6"":[""clmm"",""final"",8.61],""7"":[""clmm-core"",""dropped:r3"",8.66]}}"
P16,100,0.2,905,10,bestof8-seq,SUCCESS,1,9.63,9.2,16,963,60.0988,mm[run4],1004,,"{""per_run_s"":7.5,""accs"":[10.38,10.7,10.22,10.03,9.63,10.08,10.07,10.92]}"
P16,100,0.2,905,10,bestof8-par,SUCCESS,1,9.47,9.05,15,947,26.5913,mm[run2],1004,,"{""per_run_s"":60.0,""accs"":[9.62,9.56,9.47,9.58,9.57,9.77,10.07,9.74],""used_s"":[26.6,22.4,25.9,16.8,13.4,12.4,10.8,12.5]}"
P16,100,0.2,905,10,race8-par,SUCCESS,1,8.52,8.51,10,852,60.2393,template[0]@template,1004,,"{""final_survivor"":6,""elapsed_s"":60.239,""arms"":{""0"":[""template"",""floor"",8.52],""1"":[""mm"",""dropped:r1"",11.52],""2"":[""mm"",""dropped:r1"",10.81],""3"":[""mm"",""dropped:r2"",10.12],""4"":[""mm"",""dropped:r1"",10.62],""5"":[""cuthill"",""dropped:r2"",10.09],""6"":[""clmm"",""final"",8.59],""7"":[""clmm-core"",""dropped:r3"",8.65]}}"
P16,100,0.2,905,12,race8-seq,SUCCESS,1,8.52,8.51,10,852,60.1302,template[0]@template,1004,,"{""final_survivor"":6,""elapsed_s"":60.13,""arms"":{""0"":[""template"",""floor"",8.52],""1"":[""mm"",""dropped:r1"",12.2],""2"":[""mm"",""dropped:r1"",11.78],""3"":[""mm"",""dropped:r1"",11.28],""4"":[""mm"",""dropped:r2"",10.36],""5"":[""cuthill"",""dropped:r2"",10.05],""6"":[""clmm"",""final"",8.65],""7"":[""clmm-core"",""dropped:r3"",8.75]}}"
P16,100,0.2,905,12,bestof8-seq,SUCCESS,1,10.12,9.6,17,1012,60.1093,mm[run2],1004,,"{""per_run_s"":7.5,""accs"":[10.41,10.3,10.12,11.13,10.39,10.29,10.23,10.77]}"
P16,100,0.2,905,12,bestof8-par,SUCCESS,1,9.66,9.21,15,966,22.8051,mm[run1],1004,,"{""per_run_s"":60.0,""accs"":[10.41,9.66,9.91,10.23,10.15,9.7,9.79,10.04],""used_s"":[9.6,22.8,11.8,16.0,15.1,15.6,13.7,20.2]}"
P16,100,0.2,905,12,race8-par,SUCCESS,1,8.52,8.51,10,852,60.0227,template[0]@template,1004,,"{""final_survivor"":6,""elapsed_s"":60.022,""arms"":{""0"":[""template"",""floor"",8.52],""1"":[""mm"",""dropped:r1"",12.2],""2"":[""mm"",""dropped:r1"",11.78],""3"":[""mm"",""dropped:r1"",11.28],""4"":[""mm"",""dropped:r2"",10.36],""5"":[""cuthill"",""dropped:r2"",10.05],""6"":[""clmm"",""final"",8.62],""7"":[""clmm-core"",""dropped:r3"",8.66]}}"
P16,100,0.2,905,14,race8-seq,SUCCESS,1,8.52,8.51,10,852,60.1748,template[0]@template,1004,,"{""final_survivor"":7,""elapsed_s"":60.175,""arms"":{""0"":[""template"",""floor"",8.52],""1"":[""mm"",""dropped:r1"",10.97],""2"":[""mm"",""dropped:r1"",11.08],""3"":[""mm"",""dropped:r1"",11.01],""4"":[""mm"",""dropped:r2"",10.01],""5"":[""cuthill"",""dropped:r2"",10.04],""6"":[""clmm"",""dropped:r3"",8.79],""7"":[""clmm-core"",""final"",8.55]}}"
P16,100,0.2,905,14,bestof8-seq,SUCCESS,1,10.03,9.55,16,1003,60.4828,mm[run7],1004,,"{""per_run_s"":7.5,""accs"":[10.39,10.32,10.05,10.1,10.5,10.24,10.7,10.03]}"
P16,100,0.2,905,14,bestof8-par,SUCCESS,1,9.35,9.01,14,935,22.5776,mm[run7],1004,,"{""per_run_s"":60.0,""accs"":[9.85,9.79,9.93,9.83,10.41,10.24,10.15,9.35],""used_s"":[19.6,15.9,13.1,10.7,15.0,11.2,11.5,22.6]}"
P16,100,0.2,905,14,race8-par,SUCCESS,1,8.52,8.51,10,852,59.983,template[0]@template,1004,,"{""final_survivor"":7,""elapsed_s"":59.983,""arms"":{""0"":[""template"",""floor"",8.52],""1"":[""mm"",""dropped:r1"",10.97],""2"":[""mm"",""dropped:r1"",11.08],""3"":[""mm"",""dropped:r1"",11.01],""4"":[""mm"",""dropped:r2"",10.01],""5"":[""cuthill"",""dropped:r2"",10.04],""6"":[""clmm"",""dropped:r3"",8.79],""7"":[""clmm-core"",""final"",8.55]}}"
P16,100,0.2,906,10,race8-seq,SUCCESS,1,8.64,8.64,10,864,60.1539,template[0]@template,1028,,"{""final_survivor"":7,""elapsed_s"":60.154,""arms"":{""0"":[""template"",""floor"",8.64],""1"":[""mm"",""dropped:r2"",10.25],""2"":[""mm"",""dropped:r1"",11.84],""3"":[""mm"",""dropped:r1"",11.05],""4"":[""mm"",""dropped:r1"",11.52],""5"":[""cuthill"",""dropped:r2"",10.29],""6"":[""clmm"",""dropped:r3"",8.97],""7"":[""clmm-core"",""final"",8.9]}}"
P16,100,0.2,906,10,bestof8-seq,SUCCESS,1,10.13,9.68,16,1013,60.1676,mm[run4],1028,,"{""per_run_s"":7.5,""accs"":[10.41,10.22,10.38,10.16,10.13,10.56,10.5,10.57]}"
P16,100,0.2,906,10,bestof8-par,SUCCESS,1,9.07,8.8,15,907,26.7788,mm[run0],1028,,"{""per_run_s"":60.0,""accs"":[9.07,10.08,10.38,9.5,10.13,10.56,9.67,9.62],""used_s"":[26.8,13.4,11.2,25.7,9.1,7.5,15.1,16.8]}"
P16,100,0.2,906,10,race8-par,SUCCESS,1,8.64,8.64,10,864,60.1258,template[0]@template,1028,,"{""final_survivor"":7,""elapsed_s"":60.125,""arms"":{""0"":[""template"",""floor"",8.64],""1"":[""mm"",""dropped:r2"",10.25],""2"":[""mm"",""dropped:r1"",11.84],""3"":[""mm"",""dropped:r1"",11.05],""4"":[""mm"",""dropped:r1"",11.52],""5"":[""cuthill"",""dropped:r2"",10.29],""6"":[""clmm"",""dropped:r3"",8.97],""7"":[""clmm-core"",""final"",8.89]}}"
P16,100,0.2,906,12,race8-seq,SUCCESS,1,8.64,8.64,10,864,60.1432,template[0]@template,1028,,"{""final_survivor"":7,""elapsed_s"":60.143,""arms"":{""0"":[""template"",""floor"",8.64],""1"":[""mm"",""dropped:r1"",11.51],""2"":[""mm"",""dropped:r1"",11.85],""3"":[""mm"",""dropped:r1"",11.25],""4"":[""mm"",""dropped:r2"",10.07],""5"":[""cuthill"",""dropped:r2"",10.54],""6"":[""clmm"",""dropped:r3"",9.67],""7"":[""clmm-core"",""final"",8.81]}}"
P16,100,0.2,906,12,bestof8-seq,SUCCESS,1,10.22,9.82,17,1022,60.0181,mm[run4],1028,,"{""per_run_s"":7.5,""accs"":[10.81,10.72,10.88,10.61,10.22,10.43,10.8,10.67]}"
P16,100,0.2,906,12,bestof8-par,SUCCESS,1,9.86,9.38,16,986,21.7782,mm[run0],1028,,"{""per_run_s"":60.0,""accs"":[9.86,10.07,9.9,10.61,10.22,10.43,10.59,10.02],""used_s"":[21.7,18.5,15.7,8.3,9.9,6.6,13.2,15.4]}"
P16,100,0.2,906,12,race8-par,SUCCESS,1,8.64,8.64,10,864,60.2533,template[0]@template,1028,,"{""final_survivor"":7,""elapsed_s"":60.253,""arms"":{""0"":[""template"",""floor"",8.64],""1"":[""mm"",""dropped:r1"",11.51],""2"":[""mm"",""dropped:r1"",11.85],""3"":[""mm"",""dropped:r1"",11.25],""4"":[""mm"",""dropped:r2"",10.07],""5"":[""cuthill"",""dropped:r2"",10.54],""6"":[""clmm"",""dropped:r3"",8.95],""7"":[""clmm-core"",""final"",8.81]}}"
P16,100,0.2,906,11,race8-seq,SUCCESS,1,8.64,8.64,10,864,60.0333,template[0]@template,1028,,"{""final_survivor"":7,""elapsed_s"":60.033,""arms"":{""0"":[""template"",""floor"",8.64],""1"":[""mm"",""dropped:r2"",10.31],""2"":[""mm"",""dropped:r1"",11.67],""3"":[""mm"",""dropped:r1"",12.73],""4"":[""mm"",""dropped:r1"",11.54],""5"":[""cuthill"",""dropped:r2"",10.01],""6"":[""clmm"",""dropped:r3"",8.9],""7"":[""clmm-core"",""final"",8.85]}}"
P16,100,0.2,906,11,bestof8-seq,SUCCESS,1,10.14,9.74,16,1014,60.0826,mm[run1],1028,,"{""per_run_s"":7.5,""accs"":[10.38,10.14,10.95,11.45,10.68,11.21,10.54,10.19]}"
P16,100,0.2,906,11,bestof8-par,SUCCESS,1,9.85,9.51,16,985,26.1046,mm[run6],1028,,"{""per_run_s"":60.0,""accs"":[10.41,10.14,10.36,9.93,10.68,11.19,9.85,9.86],""used_s"":[11.3,10.3,13.2,26.1,10.0,12.2,20.2,14.0]}"
P16,100,0.2,906,11,race8-par,SUCCESS,1,8.64,8.64,10,864,60.1997,template[0]@template,1028,,"{""final_survivor"":7,""elapsed_s"":60.199,""arms"":{""0"":[""template"",""floor"",8.64],""1"":[""mm"",""dropped:r2"",10.31],""2"":[""mm"",""dropped:r1"",11.67],""3"":[""mm"",""dropped:r1"",12.73],""4"":[""mm"",""dropped:r1"",11.54],""5"":[""cuthill"",""dropped:r2"",9.97],""6"":[""clmm"",""dropped:r3"",8.9],""7"":[""clmm-core"",""final"",8.81]}}"
P16,100,0.2,906,13,race8-seq,SUCCESS,1,8.64,8.64,10,864,60.158,template[0]@template,1028,,"{""final_survivor"":7,""elapsed_s"":60.158,""arms"":{""0"":[""template"",""floor"",8.64],""1"":[""mm"",""dropped:r1"",11.62],""2"":[""mm"",""dropped:r2"",10.51],""3"":[""mm"",""dropped:r1"",12.11],""4"":[""mm"",""dropped:r1"",12.42],""5"":[""cuthill"",""dropped:r2"",10.24],""6"":[""clmm"",""dropped:r3"",8.78],""7"":[""clmm-core"",""final"",8.72]}}"
P16,100,0.2,906,13,bestof8-seq,SUCCESS,1,10.39,9.8,17,1039,60.1433,mm[run6],1028,,"{""per_run_s"":7.5,""accs"":[10.96,10.51,10.64,11.1,10.69,10.42,10.39,10.71]}"
P16,100,0.2,906,13,bestof8-par,SUCCESS,1,9.77,9.3,15,977,25.1814,mm[run2],1028,,"{""per_run_s"":60.0,""accs"":[9.81,10.15,9.77,11.1,10.06,10.42,10.39,10.71],""used_s"":[20.4,13.6,25.2,10.6,17.5,10.8,9.5,7.9]}"
P16,100,0.2,906,13,race8-par,SUCCESS,1,8.64,8.64,10,864,60.1604,template[0]@template,1028,,"{""final_survivor"":7,""elapsed_s"":60.16,""arms"":{""0"":[""template"",""floor"",8.64],""1"":[""mm"",""dropped:r1"",11.62],""2"":[""mm"",""dropped:r2"",10.51],""3"":[""mm"",""dropped:r1"",12.02],""4"":[""mm"",""dropped:r1"",12.42],""5"":[""cuthill"",""dropped:r2"",10.24],""6"":[""clmm"",""dropped:r3"",8.77],""7"":[""clmm-core"",""final"",8.72]}}"
P16,100,0.2,906,14,race8-seq,SUCCESS,1,8.64,8.64,10,864,60.0461,template[0]@template,1028,,"{""final_survivor"":6,""elapsed_s"":60.046,""arms"":{""0"":[""template"",""floor"",8.64],""1"":[""mm"",""dropped:r1"",11.41],""2"":[""mm"",""dropped:r1"",11.53],""3"":[""mm"",""dropped:r1"",12.28],""4"":[""mm"",""dropped:r2"",10.84],""5"":[""cuthill"",""dropped:r2"",10.04],""6"":[""clmm"",""final"",9.04],""7"":[""clmm-core"",""dropped:r3"",9.31]}}"
P16,100,0.2,906,14,bestof8-seq,SUCCESS,1,10.02,9.55,16,1002,59.8851,mm[run1],1028,,"{""per_run_s"":7.5,""accs"":[10.86,10.02,10.07,10.73,11.35,10.41,10.24,10.33]}"
P16,100,0.2,906,14,bestof8-par,SUCCESS,1,9.55,9.1,15,955,20.9284,mm[run1],1028,,"{""per_run_s"":60.0,""accs"":[10.39,9.55,10.07,10.03,11.35,10.16,10.12,9.61],""used_s"":[15.9,20.9,8.9,14.3,6.7,16.4,12.3,19.9]}"
P16,100,0.2,906,14,race8-par,SUCCESS,1,8.64,8.64,10,864,60.0189,template[0]@template,1028,,"{""final_survivor"":7,""elapsed_s"":60.018,""arms"":{""0"":[""template"",""floor"",8.64],""1"":[""mm"",""dropped:r1"",11.41],""2"":[""mm"",""dropped:r1"",11.53],""3"":[""mm"",""dropped:r1"",12.28],""4"":[""mm"",""dropped:r2"",10.84],""5"":[""cuthill"",""dropped:r2"",9.63],""6"":[""clmm"",""dropped:r3"",9.04],""7"":[""clmm-core"",""final"",8.91]}}"
P16,100,0.2,907,10,race8-seq,SUCCESS,1,8.32,8.32,10,832,60.2319,template[0]@template,986,,"{""final_survivor"":7,""elapsed_s"":60.232,""arms"":{""0"":[""template"",""floor"",8.32],""1"":[""mm"",""dropped:r1"",10.88],""2"":[""mm"",""dropped:r1"",11.93],""3"":[""mm"",""dropped:r1"",10.62],""4"":[""mm"",""dropped:r2"",10.15],""5"":[""cuthill"",""dropped:r2"",9.8],""6"":[""clmm"",""dropped:r3"",8.75],""7"":[""clmm-core"",""final"",8.67]}}"
P16,100,0.2,907,10,bestof8-seq,SUCCESS,1,10.02,9.39,19,1002,60.0949,mm[run7],986,,"{""per_run_s"":7.5,""accs"":[10.29,10.39,10.8,10.12,10.33,10.29,10.6,10.02]}"
P16,100,0.2,907,10,bestof8-par,SUCCESS,1,9.31,9.07,15,931,17.759,mm[run6],986,,"{""per_run_s"":60.0,""accs"":[9.38,9.69,10.8,10.12,9.62,9.62,9.31,9.64],""used_s"":[17.7,12.0,8.5,9.9,14.6,15.9,17.5,15.4]}"
P16,100,0.2,907,10,race8-par,SUCCESS,1,8.32,8.32,10,832,60.1136,template[0]@template,986,,"{""final_survivor"":7,""elapsed_s"":60.113,""arms"":{""0"":[""template"",""floor"",8.32],""1"":[""mm"",""dropped:r1"",10.88],""2"":[""mm"",""dropped:r1"",11.93],""3"":[""mm"",""dropped:r1"",10.62],""4"":[""mm"",""dropped:r2"",10.15],""5"":[""cuthill"",""dropped:r2"",9.44],""6"":[""clmm"",""dropped:r3"",8.69],""7"":[""clmm-core"",""final"",8.65]}}"
P16,100,0.2,907,12,race8-seq,SUCCESS,1,8.32,8.32,10,832,60.1819,template[0]@template,986,,"{""final_survivor"":7,""elapsed_s"":60.182,""arms"":{""0"":[""template"",""floor"",8.32],""1"":[""mm"",""dropped:r2"",10.19],""2"":[""mm"",""dropped:r1"",11.31],""3"":[""mm"",""dropped:r1"",10.45],""4"":[""mm"",""dropped:r1"",10.71],""5"":[""cuthill"",""dropped:r2"",9.8],""6"":[""clmm"",""dropped:r3"",8.64],""7"":[""clmm-core"",""final"",8.57]}}"
P16,100,0.2,907,12,bestof8-seq,SUCCESS,1,9.61,9.1,15,961,60.0784,mm[run1],986,,"{""per_run_s"":7.5,""accs"":[10.54,9.61,10.29,10.23,10.45,10.13,9.92,10.63]}"
P16,100,0.2,907,12,bestof8-par,SUCCESS,1,9.52,9.03,15,952,19.4275,mm[run4],986,,"{""per_run_s"":60.0,""accs"":[9.7,9.54,9.58,9.56,9.52,10.13,9.65,9.89],""used_s"":[19.4,12.9,18.8,15.1,18.5,10.0,15.8,19.3]}"
P16,100,0.2,907,12,race8-par,SUCCESS,1,8.32,8.32,10,832,60.1812,template[0]@template,986,,"{""final_survivor"":7,""elapsed_s"":60.181,""arms"":{""0"":[""template"",""floor"",8.32],""1"":[""mm"",""dropped:r2"",10.19],""2"":[""mm"",""dropped:r1"",11.31],""3"":[""mm"",""dropped:r2"",10.45],""4"":[""mm"",""dropped:r1"",10.71],""5"":[""cuthill"",""dropped:r1"",10.78],""6"":[""clmm"",""dropped:r3"",8.62],""7"":[""clmm-core"",""final"",8.57]}}"
P16,100,0.2,907,13,race8-seq,SUCCESS,1,8.32,8.32,10,832,60.0766,template[0]@template,986,,"{""final_survivor"":6,""elapsed_s"":60.076,""arms"":{""0"":[""template"",""floor"",8.32],""1"":[""mm"",""dropped:r1"",10.87],""2"":[""mm"",""dropped:r1"",11.22],""3"":[""mm"",""dropped:r1"",10.42],""4"":[""mm"",""dropped:r2"",10.3],""5"":[""cuthill"",""dropped:r2"",10.03],""6"":[""clmm"",""final"",8.42],""7"":[""clmm-core"",""dropped:r3"",8.57]}}"
P16,100,0.2,907,13,bestof8-seq,SUCCESS,1,9.55,9.19,16,955,60.2075,mm[run3],986,,"{""per_run_s"":7.5,""accs"":[10.59,10.17,10.35,9.55,9.69,10.68,10.48,10.1]}"
P16,100,0.2,907,13,bestof8-par,SUCCESS,1,9.12,8.84,15,912,21.4665,mm[run1],986,,"{""per_run_s"":60.0,""accs"":[9.91,9.12,10.35,9.15,9.69,9.4,9.65,9.71],""used_s"":[13.4,21.4,8.7,16.7,10.7,19.7,15.2,11.6]}"
P16,100,0.2,907,13,race8-par,SUCCESS,1,8.32,8.32,10,832,60.0223,template[0]@template,986,,"{""final_survivor"":6,""elapsed_s"":60.022,""arms"":{""0"":[""template"",""floor"",8.32],""1"":[""mm"",""dropped:r2"",10.47],""2"":[""mm"",""dropped:r1"",11.43],""3"":[""mm"",""dropped:r2"",9.88],""4"":[""mm"",""dropped:r1"",11.25],""5"":[""cuthill"",""dropped:r1"",10.92],""6"":[""clmm"",""final"",8.39],""7"":[""clmm-core"",""dropped:r3"",8.51]}}"
P16,100,0.2,907,11,race8-seq,SUCCESS,1,8.32,8.32,10,832,60.3743,template[0]@template,986,,"{""final_survivor"":6,""elapsed_s"":60.374,""arms"":{""0"":[""template"",""floor"",8.32],""1"":[""mm"",""dropped:r1"",11.66],""2"":[""mm"",""dropped:r2"",9.97],""3"":[""mm"",""dropped:r1"",10.94],""4"":[""mm"",""dropped:r1"",10.61],""5"":[""cuthill"",""dropped:r2"",9.48],""6"":[""clmm"",""final"",8.62],""7"":[""clmm-core"",""dropped:r3"",8.63]}}"
P16,100,0.2,907,11,bestof8-seq,SUCCESS,1,9.53,9.13,16,953,60.2677,mm[run2],986,,"{""per_run_s"":7.5,""accs"":[10.49,9.65,9.53,10.24,9.69,10.06,10.23,9.99]}"
P16,100,0.2,907,11,bestof8-par,SUCCESS,1,9.33,8.87,14,933,26.0991,mm[run0],986,,"{""per_run_s"":60.0,""accs"":[9.33,9.65,9.6,9.55,9.4,9.65,10.27,9.96],""used_s"":[26.1,10.1,11.7,15.4,13.0,13.9,11.4,13.5]}"
P16,100,0.2,907,11,race8-par,SUCCESS,1,8.32,8.32,10,832,60.713,template[0]@template,986,,"{""final_survivor"":6,""elapsed_s"":60.713,""arms"":{""0"":[""template"",""floor"",8.32],""1"":[""mm"",""dropped:r1"",11.51],""2"":[""mm"",""dropped:r1"",10.62],""3"":[""mm"",""dropped:r1"",10.94],""4"":[""mm"",""dropped:r2"",10.12],""5"":[""cuthill"",""dropped:r2"",9.48],""6"":[""clmm"",""final"",8.61],""7"":[""clmm-core"",""dropped:r3"",8.65]}}"
P16,100,0.2,907,14,race8-seq,SUCCESS,1,8.32,8.32,10,832,60.151,template[0]@template,986,,"{""final_survivor"":7,""elapsed_s"":60.151,""arms"":{""0"":[""template"",""floor"",8.32],""1"":[""mm"",""dropped:r1"",10.62],""2"":[""mm"",""dropped:r2"",9.82],""3"":[""mm"",""dropped:r1"",11.59],""4"":[""mm"",""dropped:r1"",10.83],""5"":[""cuthill"",""dropped:r2"",10.01],""6"":[""clmm"",""dropped:r3"",8.72],""7"":[""clmm-core"",""final"",8.58]}}"
P16,100,0.2,907,14,bestof8-seq,SUCCESS,1,9.88,9.42,17,988,60.2657,mm[run1],986,,"{""per_run_s"":7.5,""accs"":[10.28,9.88,10.02,10.85,10.34,10.28,10.35,10.87]}"
P16,100,0.2,907,14,bestof8-par,SUCCESS,1,9.28,8.85,14,928,32.6718,mm[run5],986,,"{""per_run_s"":60.0,""accs"":[9.45,9.32,10.02,10.85,9.85,9.28,9.35,9.48],""used_s"":[16.3,13.4,10.0,7.5,17.6,32.6,21.9,26.3]}"
P16,100,0.2,907,14,race8-par,SUCCESS,1,8.32,8.32,10,832,60.1325,template[0]@template,986,,"{""final_survivor"":7,""elapsed_s"":60.132,""arms"":{""0"":[""template"",""floor"",8.32],""1"":[""mm"",""dropped:r1"",10.62],""2"":[""mm"",""dropped:r2"",9.82],""3"":[""mm"",""dropped:r1"",11.59],""4"":[""mm"",""dropped:r1"",10.83],""5"":[""cuthill"",""dropped:r2"",10.01],""6"":[""clmm"",""dropped:r3"",8.72],""7"":[""clmm-core"",""final"",8.53]}}"
P16,100,0.2,908,10,race8-seq,SUCCESS,1,8.42,8.42,10,842,60.1308,template[0]@template,938,,"{""final_survivor"":6,""elapsed_s"":60.131,""arms"":{""0"":[""template"",""floor"",8.42],""1"":[""mm"",""dropped:r1"",10.23],""2"":[""mm"",""dropped:r1"",10.82],""3"":[""mm"",""dropped:r1"",10.36],""4"":[""mm"",""dropped:r2"",9.8],""5"":[""cuthill"",""dropped:r2"",9.43],""6"":[""clmm"",""final"",8.63],""7"":[""clmm-core"",""dropped:r3"",8.65]}}"
P16,100,0.2,908,10,bestof8-seq,SUCCESS,1,9.63,9.21,15,963,60.1919,mm[run1],938,,"{""per_run_s"":7.5,""accs"":[10.07,9.63,10.74,9.93,9.77,10.13,11.06,9.91]}"
P16,100,0.2,908,10,bestof8-par,SUCCESS,1,8.93,8.59,15,893,18.8378,mm[run4],938,,"{""per_run_s"":60.0,""accs"":[9.6,9.39,10.74,9.26,8.93,10.13,9.85,9.91],""used_s"":[10.8,11.2,6.3,17.4,17.6,11.4,18.8,8.5]}"
P16,100,0.2,908,10,race8-par,SUCCESS,1,8.42,8.42,10,842,60.1402,template[0]@template,938,,"{""final_survivor"":6,""elapsed_s"":60.14,""arms"":{""0"":[""template"",""floor"",8.42],""1"":[""mm"",""dropped:r1"",10.23],""2"":[""mm"",""dropped:r1"",10.82],""3"":[""mm"",""dropped:r1"",10.36],""4"":[""mm"",""dropped:r2"",9.8],""5"":[""cuthill"",""dropped:r2"",9.43],""6"":[""clmm"",""final"",8.6],""7"":[""clmm-core"",""dropped:r3"",8.65]}}"
P16,100,0.2,908,11,race8-seq,SUCCESS,1,8.42,8.42,10,842,60.0624,template[0]@template,938,,"{""final_survivor"":6,""elapsed_s"":60.062,""arms"":{""0"":[""template"",""floor"",8.42],""1"":[""mm"",""dropped:r2"",10.14],""2"":[""mm"",""dropped:r1"",10.44],""3"":[""mm"",""dropped:r1"",10.83],""4"":[""mm"",""dropped:r1"",10.85],""5"":[""cuthill"",""dropped:r2"",10.03],""6"":[""clmm"",""final"",8.61],""7"":[""clmm-core"",""dropped:r3"",8.68]}}"
P16,100,0.2,908,11,bestof8-seq,SUCCESS,1,9.33,8.91,16,933,60.1559,mm[run1],938,,"{""per_run_s"":7.5,""accs"":[10.55,9.33,10.0,9.84,10.0,9.98,10.45,9.58]}"
P16,100,0.2,908,11,bestof8-par,SUCCESS,1,8.68,8.31,14,868,20.1071,mm[run7],938,,"{""per_run_s"":60.0,""accs"":[10.55,8.84,9.75,9.43,10.0,9.47,10.45,8.68],""used_s"":[7.1,13.4,12.4,12.8,10.6,20.1,8.4,19.1]}"
P16,100,0.2,908,11,race8-par,SUCCESS,1,8.42,8.42,10,842,60.6051,template[0]@template,938,,"{""final_survivor"":6,""elapsed_s"":60.605,""arms"":{""0"":[""template"",""floor"",8.42],""1"":[""mm"",""dropped:r2"",10.14],""2"":[""mm"",""dropped:r1"",10.44],""3"":[""mm"",""dropped:r1"",10.83],""4"":[""mm"",""dropped:r1"",10.85],""5"":[""cuthill"",""dropped:r2"",9.54],""6"":[""clmm"",""final"",8.53],""7"":[""clmm-core"",""dropped:r3"",8.68]}}"
P16,100,0.2,908,13,race8-seq,SUCCESS,1,8.42,8.42,10,842,60.1898,template[0]@template,938,,"{""final_survivor"":6,""elapsed_s"":60.19,""arms"":{""0"":[""template"",""floor"",8.42],""1"":[""mm"",""dropped:r1"",10.22],""2"":[""mm"",""dropped:r1"",10.63],""3"":[""mm"",""dropped:r2"",9.58],""4"":[""mm"",""dropped:r1"",10.9],""5"":[""cuthill"",""dropped:r2"",9.99],""6"":[""clmm"",""final"",8.48],""7"":[""clmm-core"",""dropped:r3"",8.63]}}"
P16,100,0.2,908,13,bestof8-seq,SUCCESS,1,9.54,9.2,16,954,59.5682,mm[run7],938,,"{""per_run_s"":7.5,""accs"":[10.37,9.78,10.57,10.12,10.06,10.63,10.23,9.54]}"
P16,100,0.2,908,13,bestof8-par,SUCCESS,1,9.35,8.96,16,935,18.5806,mm[run0],938,,"{""per_run_s"":60.0,""accs"":[9.35,9.8,9.83,9.57,9.66,10.63,10.02,9.4],""used_s"":[18.6,11.4,12.1,13.4,12.7,6.2,11.3,12.4]}"
P16,100,0.2,908,13,race8-par,SUCCESS,1,8.42,8.42,10,842,60.1227,template[0]@template,938,,"{""final_survivor"":6,""elapsed_s"":60.122,""arms"":{""0"":[""template"",""floor"",8.42],""1"":[""mm"",""dropped:r1"",10.82],""2"":[""mm"",""dropped:r1"",10.63],""3"":[""mm"",""dropped:r2"",9.88],""4"":[""mm"",""dropped:r1"",10.9],""5"":[""cuthill"",""dropped:r2"",9.71],""6"":[""clmm"",""final"",8.48],""7"":[""clmm-core"",""dropped:r3"",8.63]}}"
P16,100,0.2,908,12,race8-seq,SUCCESS,1,8.42,8.42,10,842,60.1159,template[0]@template,938,,"{""final_survivor"":6,""elapsed_s"":60.116,""arms"":{""0"":[""template"",""floor"",8.42],""1"":[""mm"",""dropped:r1"",11.07],""2"":[""mm"",""dropped:r1"",10.94],""3"":[""mm"",""dropped:r2"",10.07],""4"":[""mm"",""dropped:r1"",10.71],""5"":[""cuthill"",""dropped:r2"",10.26],""6"":[""clmm"",""final"",8.53],""7"":[""clmm-core"",""dropped:r3"",9.11]}}"
P16,100,0.2,908,12,bestof8-seq,SUCCESS,1,9.64,9.24,16,964,60.2731,mm[run4],938,,"{""per_run_s"":7.5,""accs"":[10.43,9.71,10.21,10.59,9.64,9.72,9.65,9.94]}"
P16,100,0.2,908,12,bestof8-par,SUCCESS,1,9.38,8.98,15,938,20.2163,mm[run2],938,,"{""per_run_s"":60.0,""accs"":[9.44,9.54,9.38,10.59,9.51,9.73,9.53,9.55],""used_s"":[16.5,11.6,20.2,9.4,13.5,12.8,12.4,15.1]}"
P16,100,0.2,908,12,race8-par,SUCCESS,1,8.42,8.42,10,842,60.0667,template[0]@template,938,,"{""final_survivor"":6,""elapsed_s"":60.066,""arms"":{""0"":[""template"",""floor"",8.42],""1"":[""mm"",""dropped:r1"",11.07],""2"":[""mm"",""dropped:r1"",11.1],""3"":[""mm"",""dropped:r2"",10.07],""4"":[""mm"",""dropped:r1"",10.71],""5"":[""cuthill"",""dropped:r2"",10.26],""6"":[""clmm"",""final"",8.53],""7"":[""clmm-core"",""dropped:r3"",8.55]}}"
P16,100,0.2,908,14,race8-seq,SUCCESS,1,8.42,8.42,10,842,60.0314,template[0]@template,938,,"{""final_survivor"":7,""elapsed_s"":60.031,""arms"":{""0"":[""template"",""floor"",8.42],""1"":[""mm"",""dropped:r1"",10.83],""2"":[""mm"",""dropped:r1"",10.95],""3"":[""mm"",""dropped:r1"",11.43],""4"":[""mm"",""dropped:r2"",10.37],""5"":[""cuthill"",""dropped:r2"",9.09],""6"":[""clmm"",""dropped:r3"",8.65],""7"":[""clmm-core"",""final"",8.59]}}"
P16,100,0.2,908,14,bestof8-seq,SUCCESS,1,9.66,9.28,16,966,60.1758,mm[run0],938,,"{""per_run_s"":7.5,""accs"":[9.66,10.16,10.15,10.34,10.41,10.37,10.1,10.12]}"
P16,100,0.2,908,14,bestof8-par,SUCCESS,1,9.03,8.64,14,903,21.1529,mm[run7],938,,"{""per_run_s"":60.0,""accs"":[9.66,9.71,10.42,10.34,9.53,10.37,9.27,9.03],""used_s"":[9.7,15.2,12.2,7.8,15.3,10.6,13.8,21.1]}"
P16,100,0.2,908,14,race8-par,SUCCESS,1,8.42,8.42,10,842,60.0801,template[0]@template,938,,"{""final_survivor"":7,""elapsed_s"":60.08,""arms"":{""0"":[""template"",""floor"",8.42],""1"":[""mm"",""dropped:r1"",10.83],""2"":[""mm"",""dropped:r1"",10.95],""3"":[""mm"",""dropped:r1"",11.43],""4"":[""mm"",""dropped:r2"",10.37],""5"":[""cuthill"",""dropped:r2"",9.18],""6"":[""clmm"",""dropped:r3"",8.65],""7"":[""clmm-core"",""final"",8.59]}}"
P16,100,0.2,909,10,race8-seq,SUCCESS,1,8.59,8.59,10,859,61.5805,template[0]@template,1004,,"{""final_survivor"":7,""elapsed_s"":61.58,""arms"":{""0"":[""template"",""floor"",8.59],""1"":[""mm"",""dropped:r1"",11.1],""2"":[""mm"",""dropped:r2"",10.76],""3"":[""mm"",""dropped:r1"",10.85],""4"":[""mm"",""dropped:r1"",10.97],""5"":[""cuthill"",""survivor"",9.58],""6"":[""clmm"",""dropped:r2"",9.69],""7"":[""clmm-core"",""final"",8.77]}}"
P16,100,0.2,909,10,bestof8-seq,SUCCESS,1,9.76,9.21,16,976,60.2482,mm[run2],1004,,"{""per_run_s"":7.5,""accs"":[9.98,10.37,9.76,10.32,10.81,10.03,10.42,10.81]}"
P16,100,0.2,909,10,bestof8-par,SUCCESS,1,9.3,8.93,15,930,18.7263,mm[run2],1004,,"{""per_run_s"":60.0,""accs"":[9.88,10.0,9.3,9.69,9.91,9.93,9.57,9.73],""used_s"":[11.7,13.0,18.0,17.2,18.7,13.9,17.6,12.9]}"
P16,100,0.2,909,10,race8-par,SUCCESS,1,8.59,8.59,10,859,60.2439,template[0]@template,1004,,"{""final_survivor"":7,""elapsed_s"":60.243,""arms"":{""0"":[""template"",""floor"",8.59],""1"":[""mm"",""dropped:r1"",11.1],""2"":[""mm"",""dropped:r2"",10.76],""3"":[""mm"",""dropped:r1"",10.85],""4"":[""mm"",""dropped:r1"",11.17],""5"":[""cuthill"",""dropped:r3"",9.41],""6"":[""clmm"",""dropped:r2"",9.69],""7"":[""clmm-core"",""final"",8.7]}}"
P16,100,0.2,909,12,race8-seq,SUCCESS,1,8.59,8.59,10,859,60.13,template[0]@template,1004,,"{""final_survivor"":7,""elapsed_s"":60.13,""arms"":{""0"":[""template"",""floor"",8.59],""1"":[""mm"",""dropped:r1"",10.97],""2"":[""mm"",""dropped:r1"",11.82],""3"":[""mm"",""dropped:r1"",11.85],""4"":[""mm"",""dropped:r2"",10.09],""5"":[""cuthill"",""dropped:r2"",9.84],""6"":[""clmm"",""dropped:r3"",8.99],""7"":[""clmm-core"",""final"",8.69]}}"
P16,100,0.2,909,12,bestof8-seq,SUCCESS,1,9.84,9.32,16,984,60.0832,mm[run5],1004,,"{""per_run_s"":7.5,""accs"":[9.94,10.12,10.13,10.23,10.08,9.84,10.32,10.52]}"
P16,100,0.2,909,12,bestof8-par,SUCCESS,1,9.5,9.07,15,950,19.7518,mm[run3],1004,,"{""per_run_s"":60.0,""accs"":[9.76,10.1,9.87,9.5,10.08,9.84,9.71,10.03],""used_s"":[13.8,11.8,12.7,18.3,10.6,10.5,19.0,19.7]}"
P16,100,0.2,909,12,race8-par,SUCCESS,1,8.59,8.59,10,859,60.0613,template[0]@template,1004,,"{""final_survivor"":7,""elapsed_s"":60.061,""arms"":{""0"":[""template"",""floor"",8.59],""1"":[""mm"",""dropped:r1"",11.27],""2"":[""mm"",""dropped:r1"",11.82],""3"":[""mm"",""dropped:r1"",11.85],""4"":[""mm"",""dropped:r2"",10.09],""5"":[""cuthill"",""dropped:r2"",9.84],""6"":[""clmm"",""dropped:r3"",8.99],""7"":[""clmm-core"",""final"",8.65]}}"
P16,100,0.2,909,11,race8-seq,SUCCESS,1,8.59,8.59,10,859,60.246,template[0]@template,1004,,"{""final_survivor"":7,""elapsed_s"":60.246,""arms"":{""0"":[""template"",""floor"",8.59],""1"":[""mm"",""dropped:r1"",11.83],""2"":[""mm"",""dropped:r1"",11.01],""3"":[""mm"",""dropped:r2"",10.34],""4"":[""mm"",""dropped:r1"",11.27],""5"":[""cuthill"",""dropped:r2"",9.55],""6"":[""clmm"",""dropped:r3"",8.85],""7"":[""clmm-core"",""final"",8.8]}}"
P16,100,0.2,909,11,bestof8-seq,SUCCESS,1,9.99,9.56,16,999,60.1792,mm[run0],1004,,"{""per_run_s"":7.5,""accs"":[9.99,10.95,10.33,10.08,10.29,10.52,10.85,10.33]}"
P16,100,0.2,909,11,bestof8-par,SUCCESS,1,9.19,8.78,14,919,23.1347,mm[run4],1004,,"{""per_run_s"":60.0,""accs"":[9.43,10.95,9.5,9.39,9.19,9.24,10.56,10.33],""used_s"":[18.8,12.3,15.3,18.1,21.5,23.1,12.7,9.6]}"
P16,100,0.2,909,11,race8-par,SUCCESS,1,8.59,8.59,10,859,60.5492,template[0]@template,1004,,"{""final_survivor"":7,""elapsed_s"":60.549,""arms"":{""0"":[""template"",""floor"",8.59],""1"":[""mm"",""dropped:r1"",11.83],""2"":[""mm"",""dropped:r1"",11.01],""3"":[""mm"",""dropped:r2"",10.06],""4"":[""mm"",""dropped:r1"",11.27],""5"":[""cuthill"",""dropped:r2"",9.55],""6"":[""clmm"",""dropped:r3"",8.84],""7"":[""clmm-core"",""final"",8.79]}}"
P16,100,0.2,909,13,race8-seq,SUCCESS,1,8.59,8.59,10,859,60.0125,template[0]@template,1004,,"{""final_survivor"":6,""elapsed_s"":60.012,""arms"":{""0"":[""template"",""floor"",8.59],""1"":[""mm"",""dropped:r1"",11.91],""2"":[""mm"",""dropped:r1"",11.35],""3"":[""mm"",""dropped:r2"",11.32],""4"":[""mm"",""dropped:r1"",11.76],""5"":[""cuthill"",""dropped:r2"",11.06],""6"":[""clmm"",""final"",8.75],""7"":[""clmm-core"",""dropped:r3"",8.75]}}"
P16,100,0.2,909,13,bestof8-seq,SUCCESS,1,10.08,9.58,18,1008,60.1657,mm[run5],1004,,"{""per_run_s"":7.5,""accs"":[10.3,10.5,10.83,10.9,10.37,10.08,10.13,10.85]}"
P16,100,0.2,909,13,bestof8-par,SUCCESS,1,9.16,8.78,14,916,27.1061,mm[run6],1004,,"{""per_run_s"":60.0,""accs"":[9.93,9.8,9.97,9.36,9.99,9.49,9.16,9.5],""used_s"":[14.7,14.7,13.8,27.1,12.7,24.2,25.7,18.1]}"
P16,100,0.2,909,13,race8-par,SUCCESS,1,8.59,8.59,10,859,60.1192,template[0]@template,1004,,"{""final_survivor"":6,""elapsed_s"":60.119,""arms"":{""0"":[""template"",""floor"",8.59],""1"":[""mm"",""dropped:r1"",11.91],""2"":[""mm"",""dropped:r2"",10.37],""3"":[""mm"",""dropped:r1"",11.44],""4"":[""mm"",""dropped:r1"",11.76],""5"":[""cuthill"",""dropped:r2"",11.06],""6"":[""clmm"",""final"",8.72],""7"":[""clmm-core"",""dropped:r3"",8.91]}}"
P16,100,0.2,909,14,race8-seq,SUCCESS,1,8.59,8.59,10,859,60.1772,template[0]@template,1004,,"{""final_survivor"":6,""elapsed_s"":60.177,""arms"":{""0"":[""template"",""floor"",8.59],""1"":[""mm"",""dropped:r2"",10.65],""2"":[""mm"",""dropped:r1"",11.91],""3"":[""mm"",""dropped:r1"",13.39],""4"":[""mm"",""dropped:r1"",11.19],""5"":[""cuthill"",""dropped:r2"",10.57],""6"":[""clmm"",""final"",8.99],""7"":[""clmm-core"",""dropped:r3"",9.19]}}"
P16,100,0.2,909,14,bestof8-seq,SUCCESS,1,9.49,9.07,15,949,60.0913,mm[run0],1004,,"{""per_run_s"":7.5,""accs"":[9.49,10.7,10.38,10.28,10.93,10.37,9.91,10.8]}"
P16,100,0.2,909,14,bestof8-par,SUCCESS,1,9.33,8.89,14,933,21.9371,mm[run0],1004,,"{""per_run_s"":60.0,""accs"":[9.33,9.91,9.49,9.71,9.96,9.89,9.73,9.77],""used_s"":[11.6,14.7,17.6,21.5,17.5,16.2,11.3,21.9]}"
P16,100,0.2,909,14,race8-par,SUCCESS,1,8.59,8.59,10,859,60.1519,template[0]@template,1004,,"{""final_survivor"":6,""elapsed_s"":60.151,""arms"":{""0"":[""template"",""floor"",8.59],""1"":[""mm"",""dropped:r2"",10.65],""2"":[""mm"",""dropped:r1"",11.91],""3"":[""mm"",""dropped:r1"",13.39],""4"":[""mm"",""dropped:r1"",11.19],""5"":[""cuthill"",""dropped:r2"",10.57],""6"":[""clmm"",""final"",8.79],""7"":[""clmm-core"",""dropped:r3"",9.19]}}"
P16,100,0.2,910,10,race8-seq,SUCCESS,1,8.63,8.63,10,863,60.2242,template[0]@template,1001,,"{""final_survivor"":7,""elapsed_s"":60.224,""arms"":{""0"":[""template"",""floor"",8.63],""1"":[""mm"",""dropped:r2"",10.28],""2"":[""mm"",""dropped:r1"",10.98],""3"":[""mm"",""dropped:r1"",11.15],""4"":[""mm"",""dropped:r1"",11.47],""5"":[""cuthill"",""dropped:r2"",9.77],""6"":[""clmm"",""dropped:r3"",8.73],""7"":[""clmm-core"",""final"",8.64]}}"
P16,100,0.2,910,10,bestof8-seq,SUCCESS,1,9.87,9.36,15,987,60.0656,mm[run2],1001,,"{""per_run_s"":7.5,""accs"":[10.42,10.34,9.87,10.1,10.12,11.16,11.01,10.7]}"
P16,100,0.2,910,10,bestof8-par,SUCCESS,1,9.6,9.13,15,960,23.608,mm[run5],1001,,"{""per_run_s"":60.0,""accs"":[9.76,10.34,9.87,10.1,10.31,9.6,11.01,10.13],""used_s"":[15.2,9.8,9.0,10.2,15.4,23.6,8.9,11.8]}"
P16,100,0.2,910,10,race8-par,SUCCESS,1,8.63,8.63,10,863,60.073,template[0]@template,1001,,"{""final_survivor"":7,""elapsed_s"":60.073,""arms"":{""0"":[""template"",""floor"",8.63],""1"":[""mm"",""dropped:r2"",10.46],""2"":[""mm"",""dropped:r1"",10.98],""3"":[""mm"",""dropped:r1"",11.15],""4"":[""mm"",""dropped:r1"",11.46],""5"":[""cuthill"",""dropped:r2"",9.77],""6"":[""clmm"",""dropped:r3"",8.73],""7"":[""clmm-core"",""final"",8.63]}}"
P16,100,0.2,910,12,race8-seq,SUCCESS,1,8.63,8.63,10,863,60.1804,template[0]@template,1001,,"{""final_survivor"":6,""elapsed_s"":60.18,""arms"":{""0"":[""template"",""floor"",8.63],""1"":[""mm"",""dropped:r1"",10.72],""2"":[""mm"",""dropped:r2"",10.39],""3"":[""mm"",""dropped:r1"",11.32],""4"":[""mm"",""dropped:r1"",11.0],""5"":[""cuthill"",""dropped:r2"",10.13],""6"":[""clmm"",""final"",8.69],""7"":[""clmm-core"",""dropped:r3"",8.69]}}"
P16,100,0.2,910,12,bestof8-seq,SUCCESS,1,9.98,9.41,18,998,58.1417,mm[run0],1001,,"{""per_run_s"":7.5,""accs"":[9.98,10.24,10.09,10.62,11.27,10.43,10.75,11.07]}"
P16,100,0.2,910,12,bestof8-par,SUCCESS,1,9.86,9.38,17,986,14.9753,mm[run0],1001,,"{""per_run_s"":60.0,""accs"":[9.86,10.0,10.09,10.62,11.27,10.43,10.75,11.07],""used_s"":[14.9,11.5,10.2,10.5,5.9,9.5,8.6,6.3]}"
P16,100,0.2,910,12,race8-par,SUCCESS,1,8.63,8.63,10,863,60.1698,template[0]@template,1001,,"{""final_survivor"":6,""elapsed_s"":60.169,""arms"":{""0"":[""template"",""floor"",8.63],""1"":[""mm"",""dropped:r1"",10.72],""2"":[""mm"",""dropped:r2"",10.39],""3"":[""mm"",""dropped:r1"",11.32],""4"":[""mm"",""dropped:r1"",11.0],""5"":[""cuthill"",""dropped:r2"",10.13],""6"":[""clmm"",""final"",8.69],""7"":[""clmm-core"",""dropped:r3"",8.69]}}"
P16,100,0.2,910,11,race8-seq,SUCCESS,1,8.63,8.63,10,863,60.1093,template[0]@template,1001,,"{""final_survivor"":7,""elapsed_s"":60.109,""arms"":{""0"":[""template"",""floor"",8.63],""1"":[""mm"",""dropped:r2"",10.22],""2"":[""mm"",""dropped:r2"",10.25],""3"":[""mm"",""dropped:r1"",11.6],""4"":[""mm"",""dropped:r1"",13.07],""5"":[""cuthill"",""dropped:r1"",11.24],""6"":[""clmm"",""dropped:r3"",8.81],""7"":[""clmm-core"",""final"",8.71]}}"
P16,100,0.2,910,11,bestof8-seq,SUCCESS,1,9.97,9.57,17,997,60.0869,mm[run4],1001,,"{""per_run_s"":7.5,""accs"":[10.29,10.31,10.06,10.35,9.97,9.98,10.48,10.1]}"
P16,100,0.2,910,11,bestof8-par,SUCCESS,1,9.25,8.89,14,925,19.5681,mm[run7],1001,,"{""per_run_s"":60.0,""accs"":[10.29,9.58,9.77,9.66,10.01,9.7,9.77,9.25],""used_s"":[8.6,19.5,15.5,15.2,12.1,12.3,15.2,16.8]}"
P16,100,0.2,910,11,race8-par,SUCCESS,1,8.63,8.63,10,863,60.1484,template[0]@template,1001,,"{""final_survivor"":7,""elapsed_s"":60.148,""arms"":{""0"":[""template"",""floor"",8.63],""1"":[""mm"",""dropped:r2"",10.22],""2"":[""mm"",""dropped:r2"",10.25],""3"":[""mm"",""dropped:r1"",11.6],""4"":[""mm"",""dropped:r1"",13.07],""5"":[""cuthill"",""dropped:r1"",11.47],""6"":[""clmm"",""dropped:r3"",8.81],""7"":[""clmm-core"",""final"",8.68]}}"
P16,100,0.2,910,13,race8-seq,SUCCESS,1,8.63,8.63,10,863,60.1416,template[0]@template,1001,,"{""final_survivor"":7,""elapsed_s"":60.141,""arms"":{""0"":[""template"",""floor"",8.63],""1"":[""mm"",""dropped:r1"",12.42],""2"":[""mm"",""dropped:r1"",11.68],""3"":[""mm"",""dropped:r2"",10.21],""4"":[""mm"",""dropped:r2"",10.12],""5"":[""cuthill"",""dropped:r1"",11.91],""6"":[""clmm"",""dropped:r3"",8.9],""7"":[""clmm-core"",""final"",8.76]}}"
P16,100,0.2,910,13,bestof8-seq,SUCCESS,1,9.99,9.53,16,999,60.3534,mm[run4],1001,,"{""per_run_s"":7.5,""accs"":[10.69,10.74,10.3,10.57,9.99,10.28,10.34,10.78]}"
P16,100,0.2,910,13,bestof8-par,SUCCESS,1,9.63,9.26,16,963,20.2765,mm[run6],1001,,"{""per_run_s"":60.0,""accs"":[10.05,10.02,9.77,9.72,9.99,10.11,9.63,10.03],""used_s"":[14.9,20.2,19.1,15.8,9.1,11.3,14.3,12.7]}"
P16,100,0.2,910,13,race8-par,SUCCESS,1,8.63,8.63,10,863,60.0321,template[0]@template,1001,,"{""final_survivor"":7,""elapsed_s"":60.032,""arms"":{""0"":[""template"",""floor"",8.63],""1"":[""mm"",""dropped:r1"",12.42],""2"":[""mm"",""dropped:r1"",11.68],""3"":[""mm"",""dropped:r2"",10.21],""4"":[""mm"",""dropped:r2"",9.94],""5"":[""cuthill"",""dropped:r1"",11.91],""6"":[""clmm"",""dropped:r3"",8.9],""7"":[""clmm-core"",""final"",8.76]}}"
P16,100,0.2,910,14,race8-seq,SUCCESS,1,8.63,8.63,10,863,60.1801,template[0]@template,1001,,"{""final_survivor"":7,""elapsed_s"":60.18,""arms"":{""0"":[""template"",""floor"",8.63],""1"":[""mm"",""dropped:r2"",10.57],""2"":[""mm"",""dropped:r1"",11.62],""3"":[""mm"",""dropped:r2"",10.08],""4"":[""mm"",""dropped:r1"",11.06],""5"":[""cuthill"",""dropped:r1"",11.89],""6"":[""clmm"",""dropped:r3"",8.93],""7"":[""clmm-core"",""final"",8.78]}}"
P16,100,0.2,910,14,bestof8-seq,SUCCESS,1,9.81,9.28,16,981,60.0972,mm[run4],1001,,"{""per_run_s"":7.5,""accs"":[10.3,10.0,9.84,9.97,9.81,11.04,10.7,10.73]}"
P16,100,0.2,910,14,bestof8-par,SUCCESS,1,9.46,9.04,15,946,18.326,mm[run4],1001,,"{""per_run_s"":60.0,""accs"":[10.3,9.91,9.66,9.97,9.46,9.89,10.4,10.03],""used_s"":[10.6,12.1,16.0,10.4,11.5,18.3,17.1,16.0]}"
P16,100,0.2,910,14,race8-par,SUCCESS,1,8.63,8.63,10,863,59.9987,template[0]@template,1001,,"{""final_survivor"":7,""elapsed_s"":59.998,""arms"":{""0"":[""template"",""floor"",8.63],""1"":[""mm"",""dropped:r2"",10.57],""2"":[""mm"",""dropped:r1"",11.62],""3"":[""mm"",""dropped:r2"",10.08],""4"":[""mm"",""dropped:r1"",11.06],""5"":[""cuthill"",""dropped:r1"",11.89],""6"":[""clmm"",""dropped:r3"",8.86],""7"":[""clmm-core"",""final"",8.77]}}"
P16,100,0.2,911,10,race8-seq,SUCCESS,1,8.52,8.52,10,852,60.0533,template[0]@template,1001,,"{""final_survivor"":6,""elapsed_s"":60.053,""arms"":{""0"":[""template"",""floor"",8.52],""1"":[""mm"",""dropped:r1"",11.74],""2"":[""mm"",""dropped:r1"",14.78],""3"":[""mm"",""dropped:r1"",11.02],""4"":[""mm"",""dropped:r2"",10.72],""5"":[""cuthill"",""dropped:r2"",9.85],""6"":[""clmm"",""final"",8.65],""7"":[""clmm-core"",""dropped:r3"",8.8]}}"
P16,100,0.2,911,10,bestof8-seq,SUCCESS,1,9.85,9.44,16,985,60.1373,mm[run1],1001,,"{""per_run_s"":7.5,""accs"":[10.26,9.85,10.12,10.25,10.32,10.31,10.17,10.87]}"
P16,100,0.2,911,10,bestof8-par,SUCCESS,1,9.41,8.95,15,941,23.5435,mm[run5],1001,,"{""per_run_s"":60.0,""accs"":[9.42,9.98,9.64,10.25,10.13,9.41,9.59,9.64],""used_s"":[23.5,12.2,14.6,10.3,13.1,23.1,18.9,19.9]}"
P16,100,0.2,911,10,race8-par,SUCCESS,1,8.52,8.52,10,852,60.0878,template[0]@template,1001,,"{""final_survivor"":6,""elapsed_s"":60.087,""arms"":{""0"":[""template"",""floor"",8.52],""1"":[""mm"",""dropped:r1"",11.74],""2"":[""mm"",""dropped:r1"",14.78],""3"":[""mm"",""dropped:r1"",11.02],""4"":[""mm"",""dropped:r2"",10.72],""5"":[""cuthill"",""dropped:r2"",9.85],""6"":[""clmm"",""final"",8.61],""7"":[""clmm-core"",""dropped:r3"",8.8]}}"
P16,100,0.2,911,11,race8-seq,SUCCESS,1,8.52,8.52,10,852,60.1905,template[0]@template,1001,,"{""final_survivor"":7,""elapsed_s"":60.19,""arms"":{""0"":[""template"",""floor"",8.52],""1"":[""mm"",""dropped:r1"",10.92],""2"":[""mm"",""dropped:r2"",10.31],""3"":[""mm"",""dropped:r1"",11.02],""4"":[""mm"",""dropped:r1"",11.53],""5"":[""cuthill"",""dropped:r2"",9.78],""6"":[""clmm"",""dropped:r3"",8.87],""7"":[""clmm-core"",""final"",8.81]}}"
P16,100,0.2,911,11,bestof8-seq,SUCCESS,1,9.7,9.4,15,970,60.1393,mm[run2],1001,,"{""per_run_s"":7.5,""accs"":[10.45,10.26,9.7,10.37,10.1,10.37,10.19,10.55]}"
P16,100,0.2,911,11,bestof8-par,SUCCESS,1,9.55,9.14,16,955,24.0574,mm[run3],1001,,"{""per_run_s"":60.0,""accs"":[9.93,9.84,9.7,9.55,9.8,9.68,9.97,9.67],""used_s"":[24.0,17.5,8.1,18.8,14.2,17.9,12.2,18.4]}"
P16,100,0.2,911,11,race8-par,SUCCESS,1,8.52,8.52,10,852,60.2482,template[0]@template,1001,,"{""final_survivor"":7,""elapsed_s"":60.248,""arms"":{""0"":[""template"",""floor"",8.52],""1"":[""mm"",""dropped:r1"",10.92],""2"":[""mm"",""dropped:r2"",10.31],""3"":[""mm"",""dropped:r1"",11.26],""4"":[""mm"",""dropped:r1"",11.53],""5"":[""cuthill"",""dropped:r2"",9.58],""6"":[""clmm"",""dropped:r3"",8.87],""7"":[""clmm-core"",""final"",8.73]}}"
P16,100,0.2,911,12,race8-seq,SUCCESS,1,8.52,8.52,10,852,60.3043,template[0]@template,1001,,"{""final_survivor"":7,""elapsed_s"":60.304,""arms"":{""0"":[""template"",""floor"",8.52],""1"":[""mm"",""dropped:r2"",9.87],""2"":[""mm"",""dropped:r1"",11.65],""3"":[""mm"",""dropped:r1"",11.34],""4"":[""mm"",""dropped:r1"",11.55],""5"":[""cuthill"",""dropped:r2"",9.99],""6"":[""clmm"",""dropped:r3"",8.88],""7"":[""clmm-core"",""final"",8.87]}}"
P16,100,0.2,911,12,bestof8-seq,SUCCESS,1,10.03,9.48,17,1003,60.2694,mm[run6],1001,,"{""per_run_s"":7.5,""accs"":[10.42,10.46,10.23,10.58,10.78,10.73,10.03,10.55]}"
P16,100,0.2,911,12,bestof8-par,SUCCESS,1,9.38,9.02,15,938,21.2763,mm[run0],1001,,"{""per_run_s"":60.0,""accs"":[9.38,9.97,9.77,9.92,9.99,10.1,10.03,10.55],""used_s"":[21.2,15.9,14.5,18.2,17.5,12.6,10.4,8.4]}"
P16,100,0.2,911,12,race8-par,SUCCESS,1,8.52,8.52,10,852,60.6219,template[0]@template,1001,,"{""final_survivor"":7,""elapsed_s"":60.621,""arms"":{""0"":[""template"",""floor"",8.52],""1"":[""mm"",""dropped:r2"",9.87],""2"":[""mm"",""dropped:r1"",11.83],""3"":[""mm"",""dropped:r1"",11.34],""4"":[""mm"",""dropped:r1"",11.55],""5"":[""cuthill"",""dropped:r2"",9.99],""6"":[""clmm"",""dropped:r3"",8.88],""7"":[""clmm-core"",""final"",8.82]}}"
P16,100,0.2,911,13,race8-seq,SUCCESS,1,8.52,8.52,10,852,60.2374,template[0]@template,1001,,"{""final_survivor"":6,""elapsed_s"":60.237,""arms"":{""0"":[""template"",""floor"",8.52],""1"":[""mm"",""dropped:r1"",10.93],""2"":[""mm"",""dropped:r1"",10.82],""3"":[""mm"",""dropped:r1"",11.29],""4"":[""mm"",""dropped:r2"",10.34],""5"":[""cuthill"",""dropped:r2"",9.85],""6"":[""clmm"",""final"",8.79],""7"":[""clmm-core"",""dropped:r3"",8.9]}}"
P16,100,0.2,911,13,bestof8-seq,SUCCESS,1,9.85,9.48,16,985,60.19,mm[run6],1001,,"{""per_run_s"":7.5,""accs"":[10.45,10.92,10.26,10.25,10.82,9.95,9.85,10.86]}"
P16,100,0.2,911,13,bestof8-par,SUCCESS,1,9.21,8.87,16,921,27.5115,mm[run4],1001,,"{""per_run_s"":60.0,""accs"":[9.69,10.37,10.26,9.67,9.21,9.95,9.75,10.86],""used_s"":[13.8,14.9,11.5,14.8,27.5,9.5,14.7,7.8]}"
P16,100,0.2,911,13,race8-par,SUCCESS,1,8.52,8.52,10,852,60.1784,template[0]@template,1001,,"{""final_survivor"":6,""elapsed_s"":60.178,""arms"":{""0"":[""template"",""floor"",8.52],""1"":[""mm"",""dropped:r1"",10.93],""2"":[""mm"",""dropped:r1"",10.82],""3"":[""mm"",""dropped:r1"",11.27],""4"":[""mm"",""dropped:r2"",10.34],""5"":[""cuthill"",""dropped:r2"",9.85],""6"":[""clmm"",""final"",8.69],""7"":[""clmm-core"",""dropped:r3"",8.9]}}"
P16,100,0.2,911,14,race8-seq,SUCCESS,1,8.52,8.52,10,852,60.31,template[0]@template,1001,,"{""final_survivor"":6,""elapsed_s"":60.31,""arms"":{""0"":[""template"",""floor"",8.52],""1"":[""mm"",""dropped:r1"",10.98],""2"":[""mm"",""dropped:r1"",11.14],""3"":[""mm"",""dropped:r1"",11.39],""4"":[""mm"",""dropped:r2"",10.26],""5"":[""cuthill"",""dropped:r2"",10.29],""6"":[""clmm"",""final"",8.81],""7"":[""clmm-core"",""dropped:r3"",8.83]}}"
P16,100,0.2,911,14,bestof8-seq,SUCCESS,1,9.95,9.57,16,995,60.3063,mm[run0],1001,,"{""per_run_s"":7.5,""accs"":[9.95,10.29,10.85,10.49,10.84,10.84,10.08,11.08]}"
P16,100,0.2,911,14,bestof8-par,SUCCESS,1,9.3,8.92,15,930,22.3545,mm[run6],1001,,"{""per_run_s"":60.0,""accs"":[9.95,10.29,9.61,10.49,10.1,9.84,9.3,10.41],""used_s"":[9.7,8.2,22.3,10.7,18.6,16.8,19.2,14.2]}"
P16,100,0.2,911,14,race8-par,SUCCESS,1,8.52,8.52,10,852,60.1198,template[0]@template,1001,,"{""final_survivor"":7,""elapsed_s"":60.119,""arms"":{""0"":[""template"",""floor"",8.52],""1"":[""mm"",""dropped:r1"",10.98],""2"":[""mm"",""dropped:r1"",11.14],""3"":[""mm"",""dropped:r1"",11.39],""4"":[""mm"",""dropped:r2"",10.26],""5"":[""cuthill"",""dropped:r2"",10.29],""6"":[""clmm"",""dropped:r3"",8.81],""7"":[""clmm-core"",""final"",8.78]}}"
P16,100,0.2,912,10,race8-seq,SUCCESS,1,8.4,8.4,10,840,60.2393,template[0]@template,986,,"{""final_survivor"":6,""elapsed_s"":60.239,""arms"":{""0"":[""template"",""floor"",8.4],""1"":[""mm"",""dropped:r1"",11.23],""2"":[""mm"",""dropped:r2"",10.13],""3"":[""mm"",""dropped:r1"",10.84],""4"":[""mm"",""dropped:r1"",11.38],""5"":[""cuthill"",""dropped:r2"",9.68],""6"":[""clmm"",""final"",8.6],""7"":[""clmm-core"",""dropped:r3"",8.72]}}"
P16,100,0.2,912,10,bestof8-seq,SUCCESS,1,9.59,9.15,15,959,60.1395,mm[run2],986,,"{""per_run_s"":7.5,""accs"":[10.54,10.17,9.59,9.84,10.44,9.74,9.92,9.86]}"
P16,100,0.2,912,10,bestof8-par,SUCCESS,1,9.59,9.15,15,959,13.5386,mm[run2],986,,"{""per_run_s"":60.0,""accs"":[10.54,9.69,9.59,9.84,10.44,9.74,9.68,9.92],""used_s"":[8.5,13.5,10.4,9.4,7.7,11.0,12.9,11.6]}"
P16,100,0.2,912,10,race8-par,SUCCESS,1,8.4,8.4,10,840,60.3004,template[0]@template,986,,"{""final_survivor"":6,""elapsed_s"":60.3,""arms"":{""0"":[""template"",""floor"",8.4],""1"":[""mm"",""dropped:r1"",11.23],""2"":[""mm"",""dropped:r2"",10.13],""3"":[""mm"",""dropped:r1"",10.84],""4"":[""mm"",""dropped:r1"",11.38],""5"":[""cuthill"",""dropped:r2"",9.68],""6"":[""clmm"",""final"",8.6],""7"":[""clmm-core"",""dropped:r3"",8.67]}}"
P16,100,0.2,912,12,race8-seq,SUCCESS,1,8.4,8.4,10,840,60.1003,template[0]@template,986,,"{""final_survivor"":6,""elapsed_s"":60.1,""arms"":{""0"":[""template"",""floor"",8.4],""1"":[""mm"",""dropped:r1"",10.83],""2"":[""mm"",""dropped:r1"",10.95],""3"":[""mm"",""dropped:r2"",10.16],""4"":[""mm"",""dropped:r2"",9.78],""5"":[""cuthill"",""dropped:r1"",10.89],""6"":[""clmm"",""final"",8.45],""7"":[""clmm-core"",""dropped:r3"",8.55]}}"
P16,100,0.2,912,12,bestof8-seq,SUCCESS,1,9.8,9.3,16,980,60.0421,mm[run3],986,,"{""per_run_s"":7.5,""accs"":[9.88,10.3,10.83,9.8,10.09,10.61,10.05,10.85]}"
P16,100,0.2,912,12,bestof8-par,SUCCESS,1,8.92,8.59,15,892,23.3626,mm[run5],986,,"{""per_run_s"":60.0,""accs"":[9.88,10.3,9.13,9.26,9.71,8.92,9.05,9.73],""used_s"":[10.7,10.1,22.5,17.7,12.0,16.7,23.3,13.6]}"
P16,100,0.2,912,12,race8-par,SUCCESS,1,8.4,8.4,10,840,60.0425,template[0]@template,986,,"{""final_survivor"":7,""elapsed_s"":60.042,""arms"":{""0"":[""template"",""floor"",8.4],""1"":[""mm"",""dropped:r1"",10.83],""2"":[""mm"",""dropped:r1"",10.95],""3"":[""mm"",""dropped:r2"",10.16],""4"":[""mm"",""dropped:r2"",9.82],""5"":[""cuthill"",""dropped:r1"",10.89],""6"":[""clmm"",""dropped:r3"",8.5],""7"":[""clmm-core"",""final"",8.49]}}"
P16,100,0.2,912,11,race8-seq,SUCCESS,1,8.4,8.4,10,840,60.1306,template[0]@template,986,,"{""final_survivor"":6,""elapsed_s"":60.13,""arms"":{""0"":[""template"",""floor"",8.4],""1"":[""mm"",""dropped:r1"",11.17],""2"":[""mm"",""dropped:r1"",10.91],""3"":[""mm"",""dropped:r1"",10.87],""4"":[""mm"",""dropped:r2"",9.67],""5"":[""cuthill"",""dropped:r2"",9.99],""6"":[""clmm"",""final"",8.63],""7"":[""clmm-core"",""dropped:r3"",8.68]}}"
P16,100,0.2,912,11,bestof8-seq,SUCCESS,1,9.76,9.29,15,976,60.0627,mm[run4],986,,"{""per_run_s"":7.5,""accs"":[10.16,10.55,10.97,10.56,9.76,10.0,10.35,10.45]}"
P16,100,0.2,912,11,bestof8-par,SUCCESS,1,9.19,8.77,15,919,28.3485,mm[run4],986,,"{""per_run_s"":60.0,""accs"":[9.22,10.0,9.27,10.56,9.19,9.62,9.65,9.93],""used_s"":[19.9,13.5,28.3,10.7,16.3,15.0,16.8,13.2]}"
P16,100,0.2,912,11,race8-par,SUCCESS,1,8.4,8.4,10,840,60.0842,template[0]@template,986,,"{""final_survivor"":6,""elapsed_s"":60.084,""arms"":{""0"":[""template"",""floor"",8.4],""1"":[""mm"",""dropped:r1"",11.59],""2"":[""mm"",""dropped:r1"",10.91],""3"":[""mm"",""dropped:r1"",10.87],""4"":[""mm"",""dropped:r2"",9.67],""5"":[""cuthill"",""dropped:r2"",9.99],""6"":[""clmm"",""final"",8.57],""7"":[""clmm-core"",""dropped:r3"",8.68]}}"
P16,100,0.2,912,14,race8-seq,SUCCESS,1,8.4,8.4,10,840,60.0111,template[0]@template,986,,"{""final_survivor"":6,""elapsed_s"":60.011,""arms"":{""0"":[""template"",""floor"",8.4],""1"":[""mm"",""dropped:r2"",9.56],""2"":[""mm"",""dropped:r2"",10.1],""3"":[""mm"",""dropped:r1"",11.0],""4"":[""mm"",""dropped:r1"",10.96],""5"":[""cuthill"",""dropped:r1"",10.59],""6"":[""clmm"",""final"",8.65],""7"":[""clmm-core"",""dropped:r3"",8.67]}}"
P16,100,0.2,912,14,bestof8-seq,SUCCESS,1,9.79,9.21,16,979,60.0803,mm[run2],986,,"{""per_run_s"":7.5,""accs"":[10.17,10.38,9.79,10.14,10.18,10.75,10.03,10.61]}"
P16,100,0.2,912,14,bestof8-par,SUCCESS,1,9.37,9.08,15,937,17.3132,mm[run0],986,,"{""per_run_s"":60.0,""accs"":[9.37,10.33,9.79,9.76,10.18,9.98,9.52,10.17],""used_s"":[17.3,12.3,6.6,11.6,10.6,12.5,15.3,14.4]}"
P16,100,0.2,912,14,race8-par,SUCCESS,1,8.4,8.4,10,840,60.0562,template[0]@template,986,,"{""final_survivor"":6,""elapsed_s"":60.056,""arms"":{""0"":[""template"",""floor"",8.4],""1"":[""mm"",""dropped:r2"",9.74],""2"":[""mm"",""dropped:r2"",10.1],""3"":[""mm"",""dropped:r1"",11.0],""4"":[""mm"",""dropped:r1"",10.96],""5"":[""cuthill"",""dropped:r1"",10.59],""6"":[""clmm"",""final"",8.61],""7"":[""clmm-core"",""dropped:r3"",8.67]}}"
P16,100,0.2,912,13,race8-seq,SUCCESS,1,8.4,8.4,10,840,60.1741,template[0]@template,986,,"{""final_survivor"":6,""elapsed_s"":60.174,""arms"":{""0"":[""template"",""floor"",8.4],""1"":[""mm"",""dropped:r1"",12.13],""2"":[""mm"",""dropped:r2"",10.54],""3"":[""mm"",""dropped:r1"",11.16],""4"":[""mm"",""dropped:r1"",11.22],""5"":[""cuthill"",""dropped:r2"",10.71],""6"":[""clmm"",""final"",8.63],""7"":[""clmm-core"",""dropped:r3"",8.73]}}"
P16,100,0.2,912,13,bestof8-seq,SUCCESS,1,9.89,9.33,17,989,60.0425,mm[run6],986,,"{""per_run_s"":7.5,""accs"":[10.21,10.09,10.49,10.39,10.65,10.06,9.89,10.94]}"
P16,100,0.2,912,13,bestof8-par,SUCCESS,1,9.06,8.7,14,906,24.6301,mm[run1],986,,"{""per_run_s"":60.0,""accs"":[9.21,9.06,10.49,9.82,9.79,9.78,9.62,10.29],""used_s"":[21.0,24.6,6.9,13.8,15.1,11.8,19.9,11.5]}"
P16,100,0.2,912,13,race8-par,SUCCESS,1,8.4,8.4,10,840,60.1455,template[0]@template,986,,"{""final_survivor"":6,""elapsed_s"":60.145,""arms"":{""0"":[""template"",""floor"",8.4],""1"":[""mm"",""dropped:r1"",12.13],""2"":[""mm"",""dropped:r1"",11.29],""3"":[""mm"",""dropped:r2"",10.42],""4"":[""mm"",""dropped:r1"",11.41],""5"":[""cuthill"",""dropped:r2"",10.71],""6"":[""clmm"",""final"",8.58],""7"":[""clmm-core"",""dropped:r3"",8.73]}}"
P16,100,0.2,913,10,race8-seq,SUCCESS,1,8.43,8.43,10,843,60.0779,template[0]@template,997,,"{""final_survivor"":7,""elapsed_s"":60.078,""arms"":{""0"":[""template"",""floor"",8.43],""1"":[""mm"",""dropped:r1"",10.99],""2"":[""mm"",""dropped:r1"",10.92],""3"":[""mm"",""dropped:r2"",9.75],""4"":[""mm"",""dropped:r1"",10.88],""5"":[""cuthill"",""dropped:r2"",10.03],""6"":[""clmm"",""dropped:r3"",9.03],""7"":[""clmm-core"",""final"",8.82]}}"
P16,100,0.2,913,10,bestof8-seq,SUCCESS,1,9.67,9.12,17,967,60.1745,mm[run3],997,,"{""per_run_s"":7.5,""accs"":[10.96,10.24,10.63,9.67,10.26,10.66,10.46,10.18]}"
P16,100,0.2,913,10,bestof8-par,SUCCESS,1,9.68,9.19,15,968,15.6288,mm[run3],997,,"{""per_run_s"":60.0,""accs"":[10.96,10.08,9.94,9.68,9.86,10.03,10.46,9.69],""used_s"":[10.0,12.1,14.4,11.7,13.1,15.6,8.7,11.8]}"
P16,100,0.2,913,10,race8-par,SUCCESS,1,8.43,8.43,10,843,60.0115,template[0]@template,997,,"{""final_survivor"":7,""elapsed_s"":60.011,""arms"":{""0"":[""template"",""floor"",8.43],""1"":[""mm"",""dropped:r1"",10.99],""2"":[""mm"",""dropped:r1"",10.92],""3"":[""mm"",""dropped:r2"",9.71],""4"":[""mm"",""dropped:r1"",10.88],""5"":[""cuthill"",""dropped:r2"",9.69],""6"":[""clmm"",""dropped:r3"",9.03],""7"":[""clmm-core"",""final"",8.78]}}"
P16,100,0.2,913,11,race8-seq,SUCCESS,1,8.43,8.43,10,843,60.2528,template[0]@template,997,,"{""final_survivor"":7,""elapsed_s"":60.253,""arms"":{""0"":[""template"",""floor"",8.43],""1"":[""mm"",""dropped:r1"",11.66],""2"":[""mm"",""dropped:r2"",10.42],""3"":[""mm"",""dropped:r1"",12.41],""4"":[""mm"",""dropped:r1"",11.71],""5"":[""cuthill"",""dropped:r3"",9.66],""6"":[""clmm"",""dropped:r2"",9.69],""7"":[""clmm-core"",""final"",8.81]}}"
P16,100,0.2,913,11,bestof8-seq,SUCCESS,1,10.0,9.46,17,1000,60.0465,mm[run0],997,,"{""per_run_s"":7.5,""accs"":[10.0,10.19,10.17,10.14,10.75,10.53,10.19,10.74]}"
P16,100,0.2,913,11,bestof8-par,SUCCESS,1,9.1,8.68,15,910,20.656,mm[run6],997,,"{""per_run_s"":60.0,""accs"":[9.41,9.79,9.92,9.98,10.11,9.85,9.1,9.73],""used_s"":[18.2,12.0,12.9,13.9,13.8,20.0,20.6,16.1]}"
P16,100,0.2,913,11,race8-par,SUCCESS,1,8.43,8.43,10,843,60.1153,template[0]@template,997,,"{""final_survivor"":7,""elapsed_s"":60.115,""arms"":{""0"":[""template"",""floor"",8.43],""1"":[""mm"",""dropped:r1"",11.66],""2"":[""mm"",""dropped:r2"",10.42],""3"":[""mm"",""dropped:r1"",12.41],""4"":[""mm"",""dropped:r1"",11.71],""5"":[""cuthill"",""dropped:r3"",9.61],""6"":[""clmm"",""dropped:r2"",9.69],""7"":[""clmm-core"",""final"",8.71]}}"
P16,100,0.2,913,12,race8-seq,SUCCESS,1,8.43,8.43,10,843,60.1769,template[0]@template,997,,"{""final_survivor"":7,""elapsed_s"":60.177,""arms"":{""0"":[""template"",""floor"",8.43],""1"":[""mm"",""dropped:r1"",13.42],""2"":[""mm"",""dropped:r1"",12.19],""3"":[""mm"",""dropped:r2"",10.15],""4"":[""mm"",""dropped:r1"",10.72],""5"":[""cuthill"",""dropped:r2"",10.71],""6"":[""clmm"",""dropped:r3"",8.87],""7"":[""clmm-core"",""final"",8.68]}}"
P16,100,0.2,913,12,bestof8-seq,SUCCESS,1,9.71,9.22,15,971,60.2679,mm[run4],997,,"{""per_run_s"":7.5,""accs"":[10.53,10.05,10.06,10.01,9.71,10.13,10.47,10.63]}"
P16,100,0.2,913,12,bestof8-par,SUCCESS,1,9.25,8.96,14,925,17.4089,mm[run4],997,,"{""per_run_s"":60.0,""accs"":[9.79,10.17,9.63,10.01,9.25,9.83,9.87,9.99],""used_s"":[17.4,14.6,15.6,10.7,12.0,13.7,12.0,14.2]}"
P16,100,0.2,913,12,race8-par,SUCCESS,1,8.43,8.43,10,843,60.0641,template[0]@template,997,,"{""final_survivor"":7,""elapsed_s"":60.064,""arms"":{""0"":[""template"",""floor"",8.43],""1"":[""mm"",""dropped:r1"",13.42],""2"":[""mm"",""dropped:r1"",12.19],""3"":[""mm"",""dropped:r2"",10.15],""4"":[""mm"",""dropped:r2"",9.93],""5"":[""cuthill"",""dropped:r1"",10.71],""6"":[""clmm"",""dropped:r3"",8.87],""7"":[""clmm-core"",""final"",8.59]}}"
P16,100,0.2,913,13,race8-seq,SUCCESS,1,8.43,8.43,10,843,59.9801,template[0]@template,997,,"{""final_survivor"":6,""elapsed_s"":59.98,""arms"":{""0"":[""template"",""floor"",8.43],""1"":[""mm"",""dropped:r1"",12.09],""2"":[""mm"",""dropped:r1"",15.14],""3"":[""mm"",""dropped:r1"",11.08],""4"":[""mm"",""dropped:r2"",10.97],""5"":[""cuthill"",""dropped:r2"",9.61],""6"":[""clmm"",""final"",8.7],""7"":[""clmm-core"",""survivor"",8.76]}}"
P16,100,0.2,913,13,bestof8-seq,SUCCESS,1,9.6,9.27,15,960,60.0332,mm[run2],997,,"{""per_run_s"":7.5,""accs"":[10.19,10.69,9.6,10.48,10.41,10.07,10.78,10.42]}"
P16,100,0.2,913,13,bestof8-par,SUCCESS,1,9.04,8.72,14,904,16.4856,mm[run7],997,,"{""per_run_s"":60.0,""accs"":[9.79,10.69,9.57,9.96,10.15,9.88,10.36,9.04],""used_s"":[12.9,8.7,13.0,16.5,13.2,11.7,12.0,15.7]}"
P16,100,0.2,913,13,race8-par,SUCCESS,1,8.43,8.43,10,843,60.1006,template[0]@template,997,,"{""final_survivor"":6,""elapsed_s"":60.1,""arms"":{""0"":[""template"",""floor"",8.43],""1"":[""mm"",""dropped:r1"",12.09],""2"":[""mm"",""dropped:r1"",15.14],""3"":[""mm"",""dropped:r1"",11.08],""4"":[""mm"",""dropped:r2"",10.97],""5"":[""cuthill"",""dropped:r2"",9.9],""6"":[""clmm"",""final"",8.7],""7"":[""clmm-core"",""dropped:r3"",8.76]}}"
P16,100,0.2,913,14,race8-seq,SUCCESS,1,8.43,8.43,10,843,60.0419,template[0]@template,997,,"{""final_survivor"":7,""elapsed_s"":60.042,""arms"":{""0"":[""template"",""floor"",8.43],""1"":[""mm"",""dropped:r1"",11.43],""2"":[""mm"",""dropped:r2"",10.56],""3"":[""mm"",""dropped:r1"",11.61],""4"":[""mm"",""dropped:r1"",11.49],""5"":[""cuthill"",""dropped:r2"",9.88],""6"":[""clmm"",""dropped:r3"",8.83],""7"":[""clmm-core"",""final"",8.81]}}"
P16,100,0.2,913,14,bestof8-seq,SUCCESS,1,9.37,9.0,15,937,60.3131,mm[run0],997,,"{""per_run_s"":7.5,""accs"":[9.37,9.88,10.38,10.62,10.17,10.3,10.06,10.5]}"
P16,100,0.2,913,14,bestof8-par,SUCCESS,1,8.89,8.61,14,889,15.7288,mm[run0],997,,"{""per_run_s"":60.0,""accs"":[8.89,9.88,9.89,9.88,9.79,10.3,9.51,9.88],""used_s"":[15.7,9.5,12.6,14.3,12.5,10.9,14.0,12.7]}"
P16,100,0.2,913,14,race8-par,SUCCESS,1,8.43,8.43,10,843,61.1512,template[0]@template,997,,"{""final_survivor"":7,""elapsed_s"":61.151,""arms"":{""0"":[""template"",""floor"",8.43],""1"":[""mm"",""dropped:r1"",11.43],""2"":[""mm"",""dropped:r2"",10.56],""3"":[""mm"",""dropped:r1"",11.61],""4"":[""mm"",""dropped:r1"",11.49],""5"":[""cuthill"",""dropped:r2"",9.88],""6"":[""clmm"",""dropped:r3"",8.82],""7"":[""clmm-core"",""final"",8.78]}}"
P16,100,0.2,914,10,race8-seq,SUCCESS,1,8.53,8.53,10,853,60.1274,template[0]@template,990,,"{""final_survivor"":7,""elapsed_s"":60.127,""arms"":{""0"":[""template"",""floor"",8.53],""1"":[""mm"",""dropped:r2"",10.13],""2"":[""mm"",""dropped:r1"",10.86],""3"":[""mm"",""dropped:r1"",11.08],""4"":[""mm"",""dropped:r1"",10.59],""5"":[""cuthill"",""dropped:r2"",9.61],""6"":[""clmm"",""dropped:r3"",8.73],""7"":[""clmm-core"",""final"",8.65]}}"
P16,100,0.2,914,10,bestof8-seq,SUCCESS,1,9.67,9.25,16,967,60.1336,mm[run1],990,,"{""per_run_s"":7.5,""accs"":[10.64,9.67,10.81,10.44,9.92,10.45,10.15,11.07]}"
P16,100,0.2,914,10,bestof8-par,SUCCESS,1,9.37,8.82,15,937,28.2375,mm[run1],990,,"{""per_run_s"":60.0,""accs"":[9.74,9.37,10.43,9.98,9.46,9.66,10.15,9.54],""used_s"":[19.6,12.0,13.3,13.7,23.2,19.3,8.4,28.2]}"
P16,100,0.2,914,10,race8-par,SUCCESS,1,8.53,8.53,10,853,60.2692,template[0]@template,990,,"{""final_survivor"":6,""elapsed_s"":60.269,""arms"":{""0"":[""template"",""floor"",8.53],""1"":[""mm"",""dropped:r2"",10.13],""2"":[""mm"",""dropped:r1"",11.09],""3"":[""mm"",""dropped:r1"",11.78],""4"":[""mm"",""dropped:r1"",10.59],""5"":[""cuthill"",""dropped:r2"",9.74],""6"":[""clmm"",""final"",8.55],""7"":[""clmm-core"",""dropped:r3"",8.65]}}"
P16,100,0.2,914,11,race8-seq,SUCCESS,1,8.51,8.43,10,851,60.0867,clmm-core[7]@q1,990,,"{""final_survivor"":7,""elapsed_s"":60.086,""arms"":{""0"":[""template"",""floor"",8.53],""1"":[""mm"",""dropped:r1"",11.39],""2"":[""mm"",""dropped:r2"",10.25],""3"":[""mm"",""dropped:r1"",10.8],""4"":[""mm"",""dropped:r1"",11.75],""5"":[""cuthill"",""dropped:r2"",9.46],""6"":[""clmm"",""dropped:r3"",8.61],""7"":[""clmm-core"",""final"",8.51]}}"
P16,100,0.2,914,11,bestof8-seq,SUCCESS,1,10.01,9.47,16,1001,60.1976,mm[run5],990,,"{""per_run_s"":7.5,""accs"":[10.83,10.3,10.15,10.05,10.19,10.01,10.5,10.63]}"
P16,100,0.2,914,11,bestof8-par,SUCCESS,1,9.34,9.06,14,934,25.3865,mm[run2],990,,"{""per_run_s"":60.0,""accs"":[10.11,10.3,9.34,9.61,9.74,9.96,9.64,9.84],""used_s"":[14.0,9.5,14.6,19.1,16.2,11.1,25.4,14.8]}"
P16,100,0.2,914,11,race8-par,SUCCESS,1,8.48,8.4,10,848,60.1542,clmm-core[7]@final5,990,,"{""final_survivor"":7,""elapsed_s"":60.154,""arms"":{""0"":[""template"",""floor"",8.53],""1"":[""mm"",""dropped:r1"",11.39],""2"":[""mm"",""dropped:r2"",10.25],""3"":[""mm"",""dropped:r1"",10.8],""4"":[""mm"",""dropped:r1"",11.75],""5"":[""cuthill"",""dropped:r2"",9.46],""6"":[""clmm"",""dropped:r3"",8.61],""7"":[""clmm-core"",""final"",8.48]}}"
P16,100,0.2,914,12,race8-seq,SUCCESS,1,8.53,8.53,10,853,60.215,template[0]@template,990,,"{""final_survivor"":6,""elapsed_s"":60.215,""arms"":{""0"":[""template"",""floor"",8.53],""1"":[""mm"",""dropped:r1"",10.7],""2"":[""mm"",""dropped:r1"",10.78],""3"":[""mm"",""dropped:r1"",11.41],""4"":[""mm"",""dropped:r2"",10.08],""5"":[""cuthill"",""dropped:r2"",9.77],""6"":[""clmm"",""final"",8.6],""7"":[""clmm-core"",""dropped:r3"",8.7]}}"
P16,100,0.2,914,12,bestof8-seq,SUCCESS,1,9.97,9.5,16,997,60.1301,mm[run1],990,,"{""per_run_s"":7.5,""accs"":[10.5,9.97,10.2,10.57,10.79,11.63,10.85,10.68]}"
P16,100,0.2,914,12,bestof8-par,SUCCESS,1,9.42,9.03,14,942,31.191,mm[run2],990,,"{""per_run_s"":60.0,""accs"":[10.22,9.53,9.42,9.45,10.79,9.56,9.66,10.68],""used_s"":[11.0,15.4,28.2,19.0,8.2,31.2,23.5,8.6]}"
P16,100,0.2,914,12,race8-par,SUCCESS,1,8.53,8.53,10,853,60.1109,template[0]@template,990,,"{""final_survivor"":6,""elapsed_s"":60.11,""arms"":{""0"":[""template"",""floor"",8.53],""1"":[""mm"",""dropped:r1"",10.7],""2"":[""mm"",""dropped:r1"",10.78],""3"":[""mm"",""dropped:r1"",11.41],""4"":[""mm"",""dropped:r2"",10.08],""5"":[""cuthill"",""dropped:r2"",10.11],""6"":[""clmm"",""final"",8.58],""7"":[""clmm-core"",""dropped:r3"",8.69]}}"
P16,100,0.2,914,13,race8-seq,SUCCESS,1,8.53,8.53,10,853,60.217,template[0]@template,990,,"{""final_survivor"":7,""elapsed_s"":60.217,""arms"":{""0"":[""template"",""floor"",8.53],""1"":[""mm"",""dropped:r1"",10.79],""2"":[""mm"",""dropped:r1"",11.19],""3"":[""mm"",""dropped:r2"",10.58],""4"":[""mm"",""dropped:r1"",11.35],""5"":[""cuthill"",""dropped:r2"",9.85],""6"":[""clmm"",""dropped:r3"",8.94],""7"":[""clmm-core"",""final"",8.61]}}"
P16,100,0.2,914,13,bestof8-seq,SUCCESS,1,9.79,9.4,16,979,60.1261,mm[run4],990,,"{""per_run_s"":7.5,""accs"":[10.13,9.91,10.54,10.02,9.79,10.22,10.28,10.22]}"
P16,100,0.2,914,13,bestof8-par,SUCCESS,1,9.18,8.77,15,918,24.504,mm[run6],990,,"{""per_run_s"":60.0,""accs"":[9.75,9.45,10.54,9.92,9.76,10.22,9.18,9.24],""used_s"":[13.0,14.0,11.0,12.2,23.5,11.7,21.9,24.5]}"
P16,100,0.2,914,13,race8-par,SUCCESS,1,8.53,8.53,10,853,60.2274,template[0]@template,990,,"{""final_survivor"":7,""elapsed_s"":60.227,""arms"":{""0"":[""template"",""floor"",8.53],""1"":[""mm"",""dropped:r1"",11.18],""2"":[""mm"",""dropped:r1"",11.19],""3"":[""mm"",""dropped:r2"",10.58],""4"":[""mm"",""dropped:r1"",11.35],""5"":[""cuthill"",""dropped:r2"",10.01],""6"":[""clmm"",""dropped:r3"",8.82],""7"":[""clmm-core"",""final"",8.56]}}"
P16,100,0.2,914,14,race8-seq,SUCCESS,1,8.53,8.53,10,853,60.2116,template[0]@template,990,,"{""final_survivor"":7,""elapsed_s"":60.211,""arms"":{""0"":[""template"",""floor"",8.53],""1"":[""mm"",""dropped:r1"",10.8],""2"":[""mm"",""dropped:r2"",10.15],""3"":[""mm"",""dropped:r1"",11.54],""4"":[""mm"",""dropped:r1"",10.66],""5"":[""cuthill"",""dropped:r2"",9.69],""6"":[""clmm"",""dropped:r3"",8.75],""7"":[""clmm-core"",""final"",8.68]}}"
P16,100,0.2,914,14,bestof8-seq,SUCCESS,1,10.02,9.54,16,1002,60.0482,mm[run2],990,,"{""per_run_s"":7.5,""accs"":[10.05,10.28,10.02,10.32,10.43,10.64,10.33,10.28]}"
P16,100,0.2,914,14,bestof8-par,SUCCESS,1,9.12,8.81,15,912,31.0524,mm[run1],990,,"{""per_run_s"":60.0,""accs"":[10.1,9.12,10.02,9.19,9.56,9.44,9.45,9.83],""used_s"":[11.9,24.0,7.0,31.0,26.0,26.4,24.2,12.8]}"
P16,100,0.2,914,14,race8-par,SUCCESS,1,8.53,8.53,10,853,60.221,template[0]@template,990,,"{""final_survivor"":7,""elapsed_s"":60.221,""arms"":{""0"":[""template"",""floor"",8.53],""1"":[""mm"",""dropped:r1"",11.04],""2"":[""mm"",""dropped:r2"",10.15],""3"":[""mm"",""dropped:r1"",11.54],""4"":[""mm"",""dropped:r1"",10.66],""5"":[""cuthill"",""dropped:r2"",9.69],""6"":[""clmm"",""dropped:r3"",8.75],""7"":[""clmm-core"",""final"",8.58]}}"
P16,100,0.2,915,10,race8-seq,SUCCESS,1,8.29,8.29,10,829,60.1004,template[0]@template,966,,"{""final_survivor"":7,""elapsed_s"":60.1,""arms"":{""0"":[""template"",""floor"",8.29],""1"":[""mm"",""dropped:r2"",9.52],""2"":[""mm"",""dropped:r1"",10.58],""3"":[""mm"",""dropped:r1"",11.52],""4"":[""mm"",""dropped:r1"",11.34],""5"":[""cuthill"",""dropped:r2"",9.56],""6"":[""clmm"",""dropped:r3"",8.59],""7"":[""clmm-core"",""final"",8.51]}}"
P16,100,0.2,915,10,bestof8-seq,SUCCESS,1,9.55,9.14,15,955,60.0788,mm[run0],966,,"{""per_run_s"":7.5,""accs"":[9.55,10.06,9.98,9.86,10.06,9.95,10.29,10.34]}"
P16,100,0.2,915,10,bestof8-par,SUCCESS,1,9.04,8.59,14,904,18.6219,mm[run3],966,,"{""per_run_s"":60.0,""accs"":[9.55,10.06,9.24,9.04,10.06,9.54,9.34,9.33],""used_s"":[9.1,8.4,18.3,18.6,10.3,15.0,15.3,15.4]}"
P16,100,0.2,915,10,race8-par,SUCCESS,1,8.29,8.29,10,829,60.1317,template[0]@template,966,,"{""final_survivor"":7,""elapsed_s"":60.131,""arms"":{""0"":[""template"",""floor"",8.29],""1"":[""mm"",""dropped:r2"",9.52],""2"":[""mm"",""dropped:r1"",10.58],""3"":[""mm"",""dropped:r1"",11.52],""4"":[""mm"",""dropped:r1"",11.34],""5"":[""cuthill"",""dropped:r2"",9.56],""6"":[""clmm"",""dropped:r3"",8.59],""7"":[""clmm-core"",""final"",8.29]}}"
P16,100,0.2,915,11,race8-seq,SUCCESS,1,8.29,8.29,10,829,60.1909,template[0]@template,966,,"{""final_survivor"":7,""elapsed_s"":60.191,""arms"":{""0"":[""template"",""floor"",8.29],""1"":[""mm"",""dropped:r2"",10.17],""2"":[""mm"",""dropped:r1"",10.93],""3"":[""mm"",""dropped:r1"",11.05],""4"":[""mm"",""dropped:r2"",10.34],""5"":[""cuthill"",""dropped:r1"",10.53],""6"":[""clmm"",""dropped:r3"",8.56],""7"":[""clmm-core"",""final"",8.4]}}"
P16,100,0.2,915,11,bestof8-seq,SUCCESS,1,9.71,9.32,17,971,60.097,mm[run0],966,,"{""per_run_s"":7.5,""accs"":[9.71,10.19,10.25,9.75,9.81,10.12,9.74,10.51]}"
P16,100,0.2,915,11,bestof8-par,SUCCESS,1,8.95,8.53,15,895,27.4748,mm[run0],966,,"{""per_run_s"":60.0,""accs"":[8.95,9.08,9.56,9.62,9.47,9.79,9.74,9.87],""used_s"":[27.5,25.1,13.0,13.1,12.9,15.1,9.9,13.8]}"
P16,100,0.2,915,11,race8-par,SUCCESS,1,8.29,8.29,10,829,60.0591,template[0]@template,966,,"{""final_survivor"":7,""elapsed_s"":60.059,""arms"":{""0"":[""template"",""floor"",8.29],""1"":[""mm"",""dropped:r2"",10.17],""2"":[""mm"",""dropped:r1"",10.93],""3"":[""mm"",""dropped:r1"",11.05],""4"":[""mm"",""dropped:r1"",10.35],""5"":[""cuthill"",""dropped:r2"",9.79],""6"":[""clmm"",""dropped:r3"",8.51],""7"":[""clmm-core"",""final"",8.39]}}"
P16,100,0.2,915,12,race8-seq,SUCCESS,1,8.29,8.29,10,829,60.0263,template[0]@template,966,,"{""final_survivor"":7,""elapsed_s"":60.026,""arms"":{""0"":[""template"",""floor"",8.29],""1"":[""mm"",""dropped:r2"",10.01],""2"":[""mm"",""dropped:r1"",10.76],""3"":[""mm"",""dropped:r1"",10.6],""4"":[""mm"",""dropped:r1"",10.63],""5"":[""cuthill"",""dropped:r2"",9.78],""6"":[""clmm"",""dropped:r3"",8.57],""7"":[""clmm-core"",""final"",8.48]}}"
P16,100,0.2,915,12,bestof8-seq,SUCCESS,1,9.58,9.05,16,958,60.0206,mm[run2],966,,"{""per_run_s"":7.5,""accs"":[10.44,9.95,9.58,9.59,9.66,10.8,10.24,9.65]}"
P16,100,0.2,915,12,bestof8-par,SUCCESS,1,8.68,8.4,13,868,30.1548,mm[run3],966,,"{""per_run_s"":60.0,""accs"":[9.65,9.25,9.29,8.68,8.96,10.8,9.95,9.11],""used_s"":[12.6,15.9,13.6,30.1,19.1,7.8,12.8,15.6]}"
P16,100,0.2,915,12,race8-par,SUCCESS,1,8.29,8.29,10,829,60.0381,template[0]@template,966,,"{""final_survivor"":7,""elapsed_s"":60.038,""arms"":{""0"":[""template"",""floor"",8.29],""1"":[""mm"",""dropped:r2"",10.01],""2"":[""mm"",""dropped:r1"",10.76],""3"":[""mm"",""dropped:r1"",10.88],""4"":[""mm"",""dropped:r1"",10.63],""5"":[""cuthill"",""dropped:r2"",9.78],""6"":[""clmm"",""dropped:r3"",8.57],""7"":[""clmm-core"",""final"",8.33]}}"
P16,100,0.2,915,14,race8-seq,SUCCESS,1,8.29,8.29,10,829,60.2102,template[0]@template,966,,"{""final_survivor"":7,""elapsed_s"":60.21,""arms"":{""0"":[""template"",""floor"",8.29],""1"":[""mm"",""dropped:r1"",11.17],""2"":[""mm"",""dropped:r1"",11.17],""3"":[""mm"",""dropped:r1"",11.53],""4"":[""mm"",""dropped:r2"",9.65],""5"":[""cuthill"",""dropped:r2"",9.41],""6"":[""clmm"",""dropped:r3"",8.75],""7"":[""clmm-core"",""final"",8.48]}}"
P16,100,0.2,915,14,bestof8-seq,SUCCESS,1,9.6,9.15,17,960,60.0382,mm[run4],966,,"{""per_run_s"":7.5,""accs"":[10.02,9.88,10.27,10.2,9.6,10.11,10.08,10.24]}"
P16,100,0.2,915,14,bestof8-par,SUCCESS,1,9.21,8.82,16,921,19.1671,mm[run4],966,,"{""per_run_s"":60.0,""accs"":[9.37,9.35,9.6,9.3,9.21,10.11,10.08,9.51],""used_s"":[16.1,15.0,15.3,19.1,13.3,10.8,9.8,13.3]}"
P16,100,0.2,915,14,race8-par,SUCCESS,1,8.29,8.29,10,829,60.0213,template[0]@template,966,,"{""final_survivor"":7,""elapsed_s"":60.021,""arms"":{""0"":[""template"",""floor"",8.29],""1"":[""mm"",""dropped:r1"",11.17],""2"":[""mm"",""dropped:r1"",11.17],""3"":[""mm"",""dropped:r1"",11.53],""4"":[""mm"",""dropped:r2"",9.7],""5"":[""cuthill"",""dropped:r2"",9.45],""6"":[""clmm"",""dropped:r3"",8.68],""7"":[""clmm-core"",""final"",8.48]}}"
P16,100,0.2,915,13,race8-seq,SUCCESS,1,8.29,8.29,10,829,60.4967,template[0]@template,966,,"{""final_survivor"":6,""elapsed_s"":60.496,""arms"":{""0"":[""template"",""floor"",8.29],""1"":[""mm"",""dropped:r1"",11.29],""2"":[""mm"",""dropped:r2"",10.07],""3"":[""mm"",""dropped:r1"",11.04],""4"":[""mm"",""dropped:r1"",11.19],""5"":[""cuthill"",""dropped:r2"",9.45],""6"":[""clmm"",""final"",8.52],""7"":[""clmm-core"",""dropped:r3"",8.94]}}"
P16,100,0.2,915,13,bestof8-seq,SUCCESS,1,9.73,9.27,16,973,60.2748,mm[run6],966,,"{""per_run_s"":7.5,""accs"":[9.82,10.76,9.79,10.22,9.84,10.19,9.73,10.75]}"
P16,100,0.2,915,13,bestof8-par,SUCCESS,1,8.86,8.61,14,886,29.4795,mm[run1],966,,"{""per_run_s"":60.0,""accs"":[9.0,8.86,9.1,10.22,9.33,9.13,9.71,10.2],""used_s"":[18.5,29.5,17.7,8.2,15.0,19.3,12.5,11.5]}"
P16,100,0.2,915,13,race8-par,SUCCESS,1,8.29,8.29,10,829,60.1114,template[0]@template,966,,"{""final_survivor"":6,""elapsed_s"":60.111,""arms"":{""0"":[""template"",""floor"",8.29],""1"":[""mm"",""dropped:r1"",11.29],""2"":[""mm"",""dropped:r2"",10.07],""3"":[""mm"",""dropped:r1"",11.04],""4"":[""mm"",""dropped:r1"",11.19],""5"":[""cuthill"",""dropped:r2"",9.45],""6"":[""clmm"",""final"",8.49],""7"":[""clmm-core"",""dropped:r3"",8.92]}}"
P16,160,0.05,901,10,race8-seq,SUCCESS,1,5.4625,5.3187,13,874,60.0484,cuthill[5]@q3,607,,"{""final_survivor"":5,""elapsed_s"":60.048,""arms"":{""0"":[""template"",""floor"",8.5375],""1"":[""mm"",""dropped:r1"",6.5875],""2"":[""mm"",""dropped:r2"",5.9188],""3"":[""mm"",""dropped:r2"",5.9313],""4"":[""mm"",""dropped:r3"",5.675],""5"":[""cuthill"",""final"",5.4625],""6"":[""clmm"",""dropped:r1"",6.9688],""7"":[""clmm-core"",""dropped:r1"",7.1063]}}"
P16,160,0.05,901,10,bestof8-seq,SUCCESS,1,5.9188,5.8125,13,947,38.9383,mm[run1],607,,"{""per_run_s"":7.5,""accs"":[6.3375,5.9188,6.1625,6.175,6.025,6.5,6.475,6.2938]}"
P16,160,0.05,901,10,bestof8-par,SUCCESS,1,5.9188,5.8125,13,947,6.9032,mm[run1],607,,"{""per_run_s"":60.0,""accs"":[6.3375,5.9188,6.1625,6.175,6.025,6.5,6.475,6.2938],""used_s"":[5.3,6.9,3.6,5.9,6.6,3.3,4.0,4.2]}"
P16,160,0.05,901,10,race8-par,SUCCESS,1,5.5062,5.3688,12,881,60.0588,cuthill[5]@final2,607,,"{""final_survivor"":5,""elapsed_s"":60.058,""arms"":{""0"":[""template"",""floor"",8.5375],""1"":[""mm"",""dropped:r1"",6.5875],""2"":[""mm"",""dropped:r2"",5.9188],""3"":[""mm"",""dropped:r2"",5.9313],""4"":[""mm"",""dropped:r3"",5.7687],""5"":[""cuthill"",""final"",5.5062],""6"":[""clmm"",""dropped:r1"",6.9313],""7"":[""clmm-core"",""dropped:r1"",7.1063]}}"
P16,160,0.05,901,11,race8-seq,SUCCESS,1,5.5812,5.4562,12,893,60.0885,mm[4]@q3,607,,"{""final_survivor"":4,""elapsed_s"":60.088,""arms"":{""0"":[""template"",""floor"",8.5375],""1"":[""mm"",""dropped:r2"",5.9813],""2"":[""mm"",""dropped:r1"",6.9625],""3"":[""mm"",""dropped:r2"",5.9188],""4"":[""mm"",""final"",5.5812],""5"":[""cuthill"",""dropped:r3"",5.8937],""6"":[""clmm"",""dropped:r1"",6.8875],""7"":[""clmm-core"",""dropped:r1"",7.3375]}}"
P16,160,0.05,901,11,bestof8-seq,SUCCESS,1,5.8063,5.625,12,929,38.7316,mm[run1],607,,"{""per_run_s"":7.5,""accs"":[7.0062,5.8063,6.7625,6.8,6.1,6.1,6.15,6.4688]}"
P16,160,0.05,901,11,bestof8-par,SUCCESS,1,5.8063,5.625,12,929,7.1584,mm[run1],607,,"{""per_run_s"":60.0,""accs"":[7.0062,5.8063,6.7625,6.8,6.1,6.1,6.15,6.4688],""used_s"":[3.3,7.1,4.1,3.6,5.6,6.7,5.3,3.7]}"
P16,160,0.05,901,11,race8-par,SUCCESS,1,5.575,5.45,12,892,60.0772,mm[4]@final1,607,,"{""final_survivor"":4,""elapsed_s"":60.077,""arms"":{""0"":[""template"",""floor"",8.5375],""1"":[""mm"",""dropped:r2"",5.9813],""2"":[""mm"",""dropped:r1"",6.9625],""3"":[""mm"",""dropped:r2"",5.9188],""4"":[""mm"",""final"",5.575],""5"":[""cuthill"",""dropped:r3"",5.8937],""6"":[""clmm"",""dropped:r1"",6.8875],""7"":[""clmm-core"",""dropped:r1"",6.8187]}}"
P16,160,0.05,901,12,race8-seq,SUCCESS,1,5.6188,5.4813,13,899,60.0647,mm[4]@q3,607,,"{""final_survivor"":4,""elapsed_s"":60.064,""arms"":{""0"":[""template"",""floor"",8.5375],""1"":[""mm"",""dropped:r2"",6.1],""2"":[""mm"",""dropped:r1"",6.575],""3"":[""mm"",""dropped:r3"",5.6312],""4"":[""mm"",""final"",5.6188],""5"":[""cuthill"",""dropped:r2"",5.9375],""6"":[""clmm"",""dropped:r1"",7.5563],""7"":[""clmm-core"",""dropped:r1"",7.2375]}}"
P16,160,0.05,901,12,bestof8-seq,SUCCESS,1,5.7625,5.5687,13,922,37.8808,mm[run6],607,,"{""per_run_s"":7.5,""accs"":[6.725,6.4188,6.6562,6.2812,5.875,6.0438,5.7625,6.3375]}"
P16,160,0.05,901,12,bestof8-par,SUCCESS,1,5.7625,5.5687,13,922,5.7355,mm[run6],607,,"{""per_run_s"":60.0,""accs"":[6.725,6.4188,6.6562,6.2812,5.875,6.0438,5.7625,6.3375],""used_s"":[4.0,5.7,4.2,5.0,5.2,5.2,5.2,4.7]}"
P16,160,0.05,901,12,race8-par,SUCCESS,1,5.3625,5.2,12,858,60.082,mm[3]@final9,607,,"{""final_survivor"":3,""elapsed_s"":60.082,""arms"":{""0"":[""template"",""floor"",8.5375],""1"":[""mm"",""dropped:r1"",6.6],""2"":[""mm"",""dropped:r2"",5.9437],""3"":[""mm"",""final"",5.3625],""4"":[""mm"",""dropped:r3"",5.6375],""5"":[""cuthill"",""dropped:r2"",5.9375],""6"":[""clmm"",""dropped:r1"",7.5563],""7"":[""clmm-core"",""dropped:r1"",7.2375]}}"
P16,160,0.05,901,13,race8-seq,SUCCESS,1,5.7,5.575,12,912,60.0451,mm[1]@q3,607,,"{""final_survivor"":1,""elapsed_s"":60.045,""arms"":{""0"":[""template"",""floor"",8.5375],""1"":[""mm"",""final"",5.7],""2"":[""mm"",""dropped:r2"",6.0875],""3"":[""mm"",""dropped:r3"",5.9813],""4"":[""mm"",""dropped:r1"",7.65],""5"":[""cuthill"",""dropped:r1"",6.9625],""6"":[""clmm"",""dropped:r2"",6.7438],""7"":[""clmm-core"",""dropped:r1"",7.3625]}}"
P16,160,0.05,901,13,bestof8-seq,SUCCESS,1,5.6813,5.5438,12,909,36.7002,mm[run2],607,,"{""per_run_s"":7.5,""accs"":[6.9313,6.6875,5.6813,6.9437,6.0187,6.3187,6.6437,6.9125]}"
P16,160,0.05,901,13,bestof8-par,SUCCESS,1,5.6813,5.5438,12,909,8.0472,mm[run2],607,,"{""per_run_s"":60.0,""accs"":[6.9313,6.6875,5.6813,6.9437,6.0187,6.3187,6.6437,6.9125],""used_s"":[3.3,4.2,8.0,3.6,6.4,5.5,4.0,3.3]}"
P16,160,0.05,901,13,race8-par,SUCCESS,1,5.4375,5.3187,11,870,60.0798,mm[1]@final7,607,,"{""final_survivor"":1,""elapsed_s"":60.079,""arms"":{""0"":[""template"",""floor"",8.5375],""1"":[""mm"",""final"",5.4375],""2"":[""mm"",""dropped:r2"",6.0625],""3"":[""mm"",""dropped:r3"",5.925],""4"":[""mm"",""dropped:r1"",7.8812],""5"":[""cuthill"",""dropped:r1"",6.9625],""6"":[""clmm"",""dropped:r2"",6.7438],""7"":[""clmm-core"",""dropped:r1"",7.3625]}}"
P16,160,0.05,901,14,race8-seq,SUCCESS,1,5.625,5.4625,13,900,60.0502,cuthill[5]@q3,607,,"{""final_survivor"":5,""elapsed_s"":60.05,""arms"":{""0"":[""template"",""floor"",8.5375],""1"":[""mm"",""dropped:r2"",6.1562],""2"":[""mm"",""dropped:r1"",6.2687],""3"":[""mm"",""dropped:r2"",6.1125],""4"":[""mm"",""dropped:r3"",5.8375],""5"":[""cuthill"",""final"",5.625],""6"":[""clmm"",""dropped:r1"",7.4313],""7"":[""clmm-core"",""dropped:r1"",7.5563]}}"
P16,160,0.05,901,14,bestof8-seq,SUCCESS,1,5.9437,5.7313,14,951,43.0459,mm[run4],607,,"{""per_run_s"":7.5,""accs"":[6.1688,6.0563,6.1625,6.1,5.9437,6.0563,6.2313,6.0125]}"
P16,160,0.05,901,14,bestof8-par,SUCCESS,1,5.9437,5.7313,14,951,6.8127,mm[run4],607,,"{""per_run_s"":60.0,""accs"":[6.1688,6.0563,6.1625,6.1,5.9437,6.0563,6.2313,6.0125],""used_s"":[6.8,5.0,4.0,6.5,5.1,4.4,6.4,5.8]}"
P16,160,0.05,901,14,race8-par,SUCCESS,1,5.25,5.1375,12,840,60.0889,cuthill[5]@final11,607,,"{""final_survivor"":5,""elapsed_s"":60.088,""arms"":{""0"":[""template"",""floor"",8.5375],""1"":[""mm"",""dropped:r2"",6.1562],""2"":[""mm"",""dropped:r1"",6.2687],""3"":[""mm"",""dropped:r2"",6.1125],""4"":[""mm"",""dropped:r3"",5.6688],""5"":[""cuthill"",""final"",5.25],""6"":[""clmm"",""dropped:r1"",7.4313],""7"":[""clmm-core"",""dropped:r1"",7.5563]}}"
P16,160,0.05,902,10,race8-seq,SUCCESS,1,6.9813,6.7062,15,1117,60.04,cuthill[5]@q2,680,,"{""final_survivor"":5,""elapsed_s"":60.04,""arms"":{""0"":[""template"",""floor"",9.1312],""1"":[""mm"",""dropped:r1"",7.8187],""2"":[""mm"",""dropped:r3"",7.0875],""3"":[""mm"",""dropped:r2"",7.1688],""4"":[""mm"",""dropped:r2"",7.125],""5"":[""cuthill"",""final"",6.9813],""6"":[""clmm"",""dropped:r1"",8.025],""7"":[""clmm-core"",""dropped:r1"",7.65]}}"
P16,160,0.05,902,10,bestof8-seq,SUCCESS,1,6.9437,6.6813,16,1111,42.0883,mm[run2],680,,"{""per_run_s"":7.5,""accs"":[7.0687,7.35,6.9437,7.4688,7.5187,7.6813,8.0875,7.5]}"
P16,160,0.05,902,10,bestof8-par,SUCCESS,1,6.9437,6.6813,16,1111,7.1865,mm[run2],680,,"{""per_run_s"":60.0,""accs"":[7.0687,7.35,6.9437,7.4688,7.5187,7.6813,8.0875,7.5],""used_s"":[7.2,5.7,6.6,3.6,6.9,4.3,3.8,5.0]}"
P16,160,0.05,902,10,race8-par,SUCCESS,1,6.7687,6.575,14,1083,60.1663,cuthill[5]@final12,680,,"{""final_survivor"":5,""elapsed_s"":60.166,""arms"":{""0"":[""template"",""floor"",9.1312],""1"":[""mm"",""dropped:r1"",7.8187],""2"":[""mm"",""dropped:r3"",7.075],""3"":[""mm"",""dropped:r2"",7.1688],""4"":[""mm"",""dropped:r2"",7.125],""5"":[""cuthill"",""final"",6.7687],""6"":[""clmm"",""dropped:r1"",8.025],""7"":[""clmm-core"",""dropped:r1"",7.65]}}"
P16,160,0.05,902,12,race8-seq,SUCCESS,1,6.8812,6.7188,14,1101,61.0238,cuthill[5]@q3,680,,"{""final_survivor"":5,""elapsed_s"":61.024,""arms"":{""0"":[""template"",""floor"",9.1312],""1"":[""mm"",""dropped:r1"",8.1188],""2"":[""mm"",""dropped:r3"",7.2875],""3"":[""mm"",""dropped:r2"",7.775],""4"":[""mm"",""dropped:r1"",8.0938],""5"":[""cuthill"",""final"",6.8812],""6"":[""clmm"",""dropped:r2"",7.7062],""7"":[""clmm-core"",""dropped:r1"",8.1438]}}"
P16,160,0.05,902,12,bestof8-seq,SUCCESS,1,6.9375,6.6813,15,1110,47.1882,mm[run0],680,,"{""per_run_s"":7.5,""accs"":[6.9375,7.4813,7.4625,7.725,8.1125,7.0812,7.5875,7.5187]}"
P16,160,0.05,902,12,bestof8-par,SUCCESS,1,6.9375,6.6813,15,1110,8.5731,mm[run0],680,,"{""per_run_s"":60.0,""accs"":[6.9375,7.4813,7.4625,7.725,8.1125,7.0812,7.5875,7.5187],""used_s"":[6.2,6.4,7.0,5.8,3.5,8.5,6.0,5.4]}"
P16,160,0.05,902,12,race8-par,SUCCESS,1,6.7438,6.5687,13,1079,60.8985,cuthill[5]@final10,680,,"{""final_survivor"":5,""elapsed_s"":60.898,""arms"":{""0"":[""template"",""floor"",9.1312],""1"":[""mm"",""dropped:r1"",8.1188],""2"":[""mm"",""dropped:r3"",7.0438],""3"":[""mm"",""dropped:r2"",7.775],""4"":[""mm"",""dropped:r1"",8.0938],""5"":[""cuthill"",""final"",6.7438],""6"":[""clmm"",""dropped:r2"",7.7062],""7"":[""clmm-core"",""dropped:r1"",8.1438]}}"
P16,160,0.05,902,11,race8-seq,SUCCESS,1,6.8312,6.5875,14,1093,60.0516,mm[2]@q3,680,,"{""final_survivor"":2,""elapsed_s"":60.051,""arms"":{""0"":[""template"",""floor"",9.1312],""1"":[""mm"",""dropped:r1"",9.1937],""2"":[""mm"",""final"",6.8312],""3"":[""mm"",""dropped:r2"",7.6125],""4"":[""mm"",""dropped:r3"",7.3438],""5"":[""cuthill"",""dropped:r2"",7.7812],""6"":[""clmm"",""dropped:r1"",8.3562],""7"":[""clmm-core"",""dropped:r1"",11.6062]}}"
P16,160,0.05,902,11,bestof8-seq,SUCCESS,1,6.7938,6.5687,14,1087,51.6104,mm[run5],680,,"{""per_run_s"":7.5,""accs"":[7.2125,7.0625,7.4375,7.2562,7.3937,6.7938,7.3125,7.5563]}"
P16,160,0.05,902,11,bestof8-par,SUCCESS,1,6.7875,6.5625,14,1086,12.0749,mm[run1],680,,"{""per_run_s"":60.0,""accs"":[7.2125,6.7875,7.4375,7.2562,7.3937,6.7938,7.3125,7.5563],""used_s"":[7.3,12.0,6.2,8.4,4.8,5.8,7.6,5.5]}"
P16,160,0.05,902,11,race8-par,SUCCESS,1,6.2125,6.0438,12,994,60.0969,mm[4]@final10,680,,"{""final_survivor"":4,""elapsed_s"":60.096,""arms"":{""0"":[""template"",""floor"",9.1312],""1"":[""mm"",""dropped:r1"",9.1937],""2"":[""mm"",""dropped:r3"",7.2875],""3"":[""mm"",""dropped:r2"",7.6125],""4"":[""mm"",""final"",6.2125],""5"":[""cuthill"",""dropped:r2"",7.7812],""6"":[""clmm"",""dropped:r1"",8.3562],""7"":[""clmm-core"",""dropped:r1"",11.6062]}}"
P16,160,0.05,902,13,race8-seq,SUCCESS,1,6.6688,6.4375,14,1067,60.7375,cuthill[5]@q3,680,,"{""final_survivor"":5,""elapsed_s"":60.737,""arms"":{""0"":[""template"",""floor"",9.1312],""1"":[""mm"",""dropped:r1"",8.2],""2"":[""mm"",""dropped:r3"",7.4688],""3"":[""mm"",""dropped:r1"",8.0625],""4"":[""mm"",""dropped:r2"",7.475],""5"":[""cuthill"",""final"",6.6688],""6"":[""clmm"",""dropped:r2"",7.5125],""7"":[""clmm-core"",""dropped:r1"",11.6125]}}"
P16,160,0.05,902,13,bestof8-seq,SUCCESS,1,6.9625,6.675,15,1114,52.1868,mm[run0],680,,"{""per_run_s"":7.5,""accs"":[6.9625,7.2188,7.1312,7.1437,7.45,7.2625,7.2875,7.0938]}"
P16,160,0.05,902,13,bestof8-par,SUCCESS,1,6.9625,6.675,15,1114,9.7217,mm[run0],680,,"{""per_run_s"":60.0,""accs"":[6.9625,7.2188,7.1312,7.1437,7.6063,7.2625,7.2875,7.0938],""used_s"":[7.3,6.4,7.0,7.0,9.7,7.9,4.7,5.2]}"
P16,160,0.05,902,13,race8-par,SUCCESS,1,6.4562,6.3,13,1033,60.0877,cuthill[5]@final5,680,,"{""final_survivor"":5,""elapsed_s"":60.087,""arms"":{""0"":[""template"",""floor"",9.1312],""1"":[""mm"",""dropped:r1"",8.2],""2"":[""mm"",""dropped:r2"",7.4688],""3"":[""mm"",""dropped:r1"",8.0625],""4"":[""mm"",""dropped:r3"",7.1188],""5"":[""cuthill"",""final"",6.4562],""6"":[""clmm"",""dropped:r2"",7.5125],""7"":[""clmm-core"",""dropped:r1"",11.6125]}}"
P16,160,0.05,902,14,race8-seq,SUCCESS,1,7.0375,6.8625,14,1126,61.5454,mm[3]@q3,680,,"{""final_survivor"":3,""elapsed_s"":61.545,""arms"":{""0"":[""template"",""floor"",9.1312],""1"":[""mm"",""dropped:r2"",7.2125],""2"":[""mm"",""dropped:r3"",7.1375],""3"":[""mm"",""final"",7.0375],""4"":[""mm"",""dropped:r2"",7.2812],""5"":[""cuthill"",""dropped:r1"",8.0],""6"":[""clmm"",""dropped:r1"",7.9062],""7"":[""clmm-core"",""dropped:r1"",11.6125]}}"
P16,160,0.05,902,14,bestof8-seq,SUCCESS,1,6.7812,6.55,13,1085,50.8643,mm[run0],680,,"{""per_run_s"":7.5,""accs"":[6.7812,7.95,7.5,7.7313,7.1688,7.2875,7.5062,7.5]}"
P16,160,0.05,902,14,bestof8-par,SUCCESS,1,6.7812,6.55,13,1085,9.0164,mm[run0],680,,"{""per_run_s"":60.0,""accs"":[6.7812,7.95,7.5,7.7313,7.1688,7.2875,7.5062,7.5],""used_s"":[9.0,3.9,6.4,6.8,7.1,7.6,7.9,4.8]}"
P16,160,0.05,902,14,race8-par,SUCCESS,1,6.65,6.5125,13,1064,60.1136,mm[3]@final8,680,,"{""final_survivor"":3,""elapsed_s"":60.113,""arms"":{""0"":[""template"",""floor"",9.1312],""1"":[""mm"",""dropped:r2"",7.2125],""2"":[""mm"",""dropped:r3"",7.1375],""3"":[""mm"",""final"",6.65],""4"":[""mm"",""dropped:r2"",7.2812],""5"":[""cuthill"",""dropped:r1"",8.0],""6"":[""clmm"",""dropped:r1"",7.9062],""7"":[""clmm-core"",""dropped:r1"",11.6125]}}"
P16,160,0.05,903,10,race8-seq,SUCCESS,1,6.0812,5.8688,13,973,60.0537,mm[2]@q3,643,,"{""final_survivor"":2,""elapsed_s"":60.053,""arms"":{""0"":[""template"",""floor"",8.5563],""1"":[""mm"",""dropped:r3"",6.4938],""2"":[""mm"",""final"",6.0812],""3"":[""mm"",""dropped:r2"",6.7625],""4"":[""mm"",""dropped:r1"",7.0875],""5"":[""cuthill"",""dropped:r1"",7.125],""6"":[""clmm"",""dropped:r2"",6.8875],""7"":[""clmm-core"",""dropped:r1"",7.7812]}}"
P16,160,0.05,903,10,bestof8-seq,SUCCESS,1,6.325,6.1188,14,1012,46.325,mm[run2],643,,"{""per_run_s"":7.5,""accs"":[6.8,6.6562,6.325,6.7812,6.5375,7.1375,6.975,6.7]}"
P16,160,0.05,903,10,bestof8-par,SUCCESS,1,6.325,6.1188,14,1012,9.1841,mm[run2],643,,"{""per_run_s"":60.0,""accs"":[6.8,6.6562,6.325,6.9938,6.5375,7.1375,6.975,6.7],""used_s"":[4.7,6.6,6.5,9.2,5.1,3.9,5.1,8.0]}"
P16,160,0.05,903,10,race8-par,SUCCESS,1,5.7938,5.6813,12,927,60.041,mm[2]@final4,643,,"{""final_survivor"":2,""elapsed_s"":60.041,""arms"":{""0"":[""template"",""floor"",8.5563],""1"":[""mm"",""dropped:r3"",6.2375],""2"":[""mm"",""final"",5.7938],""3"":[""mm"",""dropped:r2"",6.7625],""4"":[""mm"",""dropped:r1"",7.0875],""5"":[""cuthill"",""dropped:r1"",7.125],""6"":[""clmm"",""dropped:r2"",6.8875],""7"":[""clmm-core"",""dropped:r1"",7.7812]}}"
P16,160,0.05,903,11,race8-seq,SUCCESS,1,6.0563,5.8875,13,969,60.0858,mm[3]@q3,643,,"{""final_survivor"":3,""elapsed_s"":60.086,""arms"":{""0"":[""template"",""floor"",8.5563],""1"":[""mm"",""dropped:r3"",6.3875],""2"":[""mm"",""dropped:r1"",7.25],""3"":[""mm"",""final"",6.0563],""4"":[""mm"",""dropped:r2"",6.6312],""5"":[""cuthill"",""dropped:r2"",6.6],""6"":[""clmm"",""dropped:r1"",7.2],""7"":[""clmm-core"",""dropped:r1"",7.35]}}"
P16,160,0.05,903,11,bestof8-seq,SUCCESS,1,6.2313,6.05,14,997,33.9249,mm[run3],643,,"{""per_run_s"":7.5,""accs"":[7.65,6.4375,7.3187,6.2313,7.3688,6.9125,7.45,6.7375]}"
P16,160,0.05,903,11,bestof8-par,SUCCESS,1,6.2313,6.05,14,997,6.1735,mm[run3],643,,"{""per_run_s"":60.0,""accs"":[7.65,6.4375,7.3187,6.2313,7.3688,6.9125,7.45,6.7375],""used_s"":[2.7,5.1,3.6,5.8,3.3,6.2,3.4,4.0]}"
P16,160,0.05,903,11,race8-par,SUCCESS,1,5.8875,5.7562,13,942,60.0259,mm[1]@final3,643,,"{""final_survivor"":1,""elapsed_s"":60.025,""arms"":{""0"":[""template"",""floor"",8.5563],""1"":[""mm"",""final"",5.8875],""2"":[""mm"",""dropped:r1"",7.25],""3"":[""mm"",""dropped:r3"",6.0563],""4"":[""mm"",""dropped:r2"",6.6312],""5"":[""cuthill"",""dropped:r2"",6.6],""6"":[""clmm"",""dropped:r1"",7.2875],""7"":[""clmm-core"",""dropped:r1"",7.35]}}"
P16,160,0.05,903,12,race8-seq,SUCCESS,1,6.025,5.825,14,964,59.9555,mm[1]@q3,643,,"{""final_survivor"":1,""elapsed_s"":59.955,""arms"":{""0"":[""template"",""floor"",8.5563],""1"":[""mm"",""final"",6.025],""2"":[""mm"",""dropped:r3"",6.2875],""3"":[""mm"",""dropped:r2"",6.4688],""4"":[""mm"",""dropped:r1"",6.9562],""5"":[""cuthill"",""dropped:r2"",6.3],""6"":[""clmm"",""dropped:r1"",7.2812],""7"":[""clmm-core"",""dropped:r1"",7.225]}}"
P16,160,0.05,903,12,bestof8-seq,SUCCESS,1,6.4188,6.2562,13,1027,49.3674,mm[run1],643,,"{""per_run_s"":7.5,""accs"":[6.875,6.4188,6.7313,6.5687,6.8875,6.6063,6.8,6.875]}"
P16,160,0.05,903,12,bestof8-par,SUCCESS,1,6.4188,6.2562,13,1027,8.8269,mm[run1],643,,"{""per_run_s"":60.0,""accs"":[6.875,6.4188,6.7313,6.5687,6.8875,6.6063,6.8,6.875],""used_s"":[5.9,5.9,6.2,5.9,5.9,8.6,8.8,5.0]}"
P16,160,0.05,903,12,race8-par,SUCCESS,1,6.125,5.9688,14,980,60.0949,cuthill[5]@final2,643,,"{""final_survivor"":5,""elapsed_s"":60.094,""arms"":{""0"":[""template"",""floor"",8.5563],""1"":[""mm"",""dropped:r3"",6.15],""2"":[""mm"",""dropped:r2"",6.4875],""3"":[""mm"",""dropped:r2"",6.625],""4"":[""mm"",""dropped:r1"",6.9813],""5"":[""cuthill"",""final"",6.125],""6"":[""clmm"",""dropped:r1"",7.2812],""7"":[""clmm-core"",""dropped:r1"",7.225]}}"
P16,160,0.05,903,13,race8-seq,SUCCESS,1,6.175,6.05,13,988,60.4744,mm[4]@q3,643,,"{""final_survivor"":4,""elapsed_s"":60.474,""arms"":{""0"":[""template"",""floor"",8.5563],""1"":[""mm"",""dropped:r1"",6.7625],""2"":[""mm"",""dropped:r2"",6.5312],""3"":[""mm"",""dropped:r2"",6.4375],""4"":[""mm"",""final"",6.175],""5"":[""cuthill"",""dropped:r3"",6.4313],""6"":[""clmm"",""dropped:r1"",7.4562],""7"":[""clmm-core"",""dropped:r1"",7.9437]}}"
P16,160,0.05,903,13,bestof8-seq,SUCCESS,1,6.1375,5.9938,14,982,45.9767,mm[run1],643,,"{""per_run_s"":7.5,""accs"":[6.6875,6.1375,6.6625,6.75,6.8937,6.7875,6.625,6.625]}"
P16,160,0.05,903,13,bestof8-par,SUCCESS,1,6.1375,5.9938,14,982,8.3693,mm[run1],643,,"{""per_run_s"":60.0,""accs"":[6.6875,6.1375,6.6625,6.75,6.8937,6.7875,6.625,6.625],""used_s"":[8.3,7.4,5.1,4.6,4.6,5.2,5.1,7.3]}"
P16,160,0.05,903,13,race8-par,SUCCESS,1,5.9313,5.7875,12,949,60.0596,mm[4]@final10,643,,"{""final_survivor"":4,""elapsed_s"":60.059,""arms"":{""0"":[""template"",""floor"",8.5563],""1"":[""mm"",""dropped:r1"",6.7625],""2"":[""mm"",""dropped:r2"",6.4875],""3"":[""mm"",""dropped:r2"",6.4375],""4"":[""mm"",""final"",5.9313],""5"":[""cuthill"",""dropped:r3"",6.3],""6"":[""clmm"",""dropped:r1"",7.4562],""7"":[""clmm-core"",""dropped:r1"",7.9437]}}"
P16,160,0.05,903,14,race8-seq,SUCCESS,1,6.1188,5.9625,12,979,60.0455,mm[3]@q3,643,,"{""final_survivor"":3,""elapsed_s"":60.045,""arms"":{""0"":[""template"",""floor"",8.5563],""1"":[""mm"",""dropped:r3"",6.425],""2"":[""mm"",""dropped:r2"",6.425],""3"":[""mm"",""final"",6.1188],""4"":[""mm"",""dropped:r1"",7.05],""5"":[""cuthill"",""dropped:r2"",6.7938],""6"":[""clmm"",""dropped:r1"",7.5563],""7"":[""clmm-core"",""dropped:r1"",7.625]}}"
P16,160,0.05,903,14,bestof8-seq,SUCCESS,1,6.5938,6.375,16,1055,43.666,mm[run3],643,,"{""per_run_s"":7.5,""accs"":[6.6063,6.6188,6.725,6.5938,6.8,6.6188,6.6562,7.025]}"
P16,160,0.05,903,14,bestof8-par,SUCCESS,1,6.5938,6.375,16,1055,8.5027,mm[run3],643,,"{""per_run_s"":60.0,""accs"":[6.6063,6.6188,6.725,6.5938,6.8,6.6188,6.6562,7.025],""used_s"":[4.3,4.5,6.7,5.3,6.4,8.5,6.1,3.4]}"
P16,160,0.05,903,14,race8-par,SUCCESS,1,5.6188,5.4375,11,899,60.1007,mm[2]@final11,643,,"{""final_survivor"":2,""elapsed_s"":60.1,""arms"":{""0"":[""template"",""floor"",8.5563],""1"":[""mm"",""dropped:r2"",6.7188],""2"":[""mm"",""final"",5.6188],""3"":[""mm"",""dropped:r3"",6.0938],""4"":[""mm"",""dropped:r1"",7.05],""5"":[""cuthill"",""dropped:r2"",6.7938],""6"":[""clmm"",""dropped:r1"",7.0812],""7"":[""clmm-core"",""dropped:r1"",7.625]}}"
P16,160,0.05,904,10,race8-seq,SUCCESS,1,5.8688,5.6937,14,939,60.0597,mm[3]@q3,639,,"{""final_survivor"":3,""elapsed_s"":60.059,""arms"":{""0"":[""template"",""floor"",8.25],""1"":[""mm"",""dropped:r2"",6.175],""2"":[""mm"",""dropped:r3"",5.875],""3"":[""mm"",""final"",5.8688],""4"":[""mm"",""dropped:r1"",7.3],""5"":[""cuthill"",""dropped:r2"",6.2875],""6"":[""clmm"",""dropped:r1"",7.1],""7"":[""clmm-core"",""dropped:r1"",11.1687]}}"
P16,160,0.05,904,10,bestof8-seq,SUCCESS,1,6.1688,5.925,14,987,46.9018,mm[run1],639,,"{""per_run_s"":7.5,""accs"":[6.2812,6.1688,6.5625,6.3,6.5875,6.525,6.4375,6.475]}"
P16,160,0.05,904,10,bestof8-par,SUCCESS,1,5.9562,5.7687,14,953,9.3614,mm[run1],639,,"{""per_run_s"":60.0,""accs"":[6.2812,5.9562,6.5625,6.3,6.5875,6.525,6.4375,6.475],""used_s"":[6.4,9.3,4.4,6.0,6.6,5.8,5.8,5.3]}"
P16,160,0.05,904,10,race8-par,SUCCESS,1,5.5563,5.4062,12,889,60.0824,mm[3]@final7,639,,"{""final_survivor"":3,""elapsed_s"":60.082,""arms"":{""0"":[""template"",""floor"",8.25],""1"":[""mm"",""dropped:r2"",6.175],""2"":[""mm"",""dropped:r3"",5.875],""3"":[""mm"",""final"",5.5563],""4"":[""mm"",""dropped:r1"",7.3],""5"":[""cuthill"",""dropped:r2"",6.2875],""6"":[""clmm"",""dropped:r1"",7.1],""7"":[""clmm-core"",""dropped:r1"",11.1687]}}"
P16,160,0.05,904,11,race8-seq,SUCCESS,1,5.8688,5.7438,14,939,60.0608,mm[4]@q2,639,,"{""final_survivor"":4,""elapsed_s"":60.06,""arms"":{""0"":[""template"",""floor"",8.25],""1"":[""mm"",""dropped:r1"",7.4625],""2"":[""mm"",""dropped:r2"",6.4938],""3"":[""mm"",""dropped:r2"",6.6688],""4"":[""mm"",""final"",5.8688],""5"":[""cuthill"",""dropped:r3"",6.2],""6"":[""clmm"",""dropped:r1"",7.1625],""7"":[""clmm-core"",""dropped:r1"",7.0563]}}"
P16,160,0.05,904,11,bestof8-seq,SUCCESS,1,6.2313,6.0687,14,997,48.2163,mm[run6],639,,"{""per_run_s"":7.5,""accs"":[6.325,6.275,6.5812,6.2375,6.6,6.425,6.2313,6.5563]}"
P16,160,0.05,904,11,bestof8-par,SUCCESS,1,6.2313,6.0687,14,997,8.698,mm[run6],639,,"{""per_run_s"":60.0,""accs"":[6.325,6.275,6.5812,6.2375,6.6,6.425,6.2313,6.5563],""used_s"":[6.0,8.7,4.5,6.6,4.7,6.9,6.1,6.3]}"
P16,160,0.05,904,11,race8-par,SUCCESS,1,5.6063,5.5062,12,897,60.0809,mm[4]@final12,639,,"{""final_survivor"":4,""elapsed_s"":60.08,""arms"":{""0"":[""template"",""floor"",8.25],""1"":[""mm"",""dropped:r1"",7.4625],""2"":[""mm"",""dropped:r2"",6.4938],""3"":[""mm"",""dropped:r2"",6.6688],""4"":[""mm"",""final"",5.6063],""5"":[""cuthill"",""dropped:r3"",6.2562],""6"":[""clmm"",""dropped:r1"",7.1625],""7"":[""clmm-core"",""dropped:r1"",7.0563]}}"
P16,160,0.05,904,12,race8-seq,SUCCESS,1,5.975,5.8063,13,956,60.0439,mm[1]@q3,639,,"{""final_survivor"":1,""elapsed_s"":60.044,""arms"":{""0"":[""template"",""floor"",8.25],""1"":[""mm"",""final"",5.975],""2"":[""mm"",""dropped:r2"",6.1188],""3"":[""mm"",""dropped:r2"",6.4875],""4"":[""mm"",""dropped:r1"",6.7938],""5"":[""cuthill"",""dropped:r3"",5.9938],""6"":[""clmm"",""dropped:r1"",7.5687],""7"":[""clmm-core"",""dropped:r1"",11.1687]}}"
P16,160,0.05,904,12,bestof8-seq,SUCCESS,1,6.075,5.8875,14,972,41.3288,mm[run6],639,,"{""per_run_s"":7.5,""accs"":[6.1,6.5875,6.7938,6.5563,6.325,6.3187,6.075,6.9875]}"
P16,160,0.05,904,12,bestof8-par,SUCCESS,1,6.075,5.8875,14,972,8.3322,mm[run6],639,,"{""per_run_s"":60.0,""accs"":[6.1,6.5875,6.7938,6.5563,6.325,6.3187,6.075,6.9875],""used_s"":[6.4,4.5,4.3,5.3,8.3,4.3,5.6,4.2]}"
P16,160,0.05,904,12,race8-par,SUCCESS,1,5.9688,5.8375,14,955,60.1471,mm[2]@q2,639,,"{""final_survivor"":2,""elapsed_s"":60.147,""arms"":{""0"":[""template"",""floor"",8.25],""1"":[""mm"",""dropped:r3"",5.975],""2"":[""mm"",""final"",5.9688],""3"":[""mm"",""dropped:r2"",6.4875],""4"":[""mm"",""dropped:r1"",6.7938],""5"":[""cuthill"",""dropped:r2"",6.3563],""6"":[""clmm"",""dropped:r1"",7.5687],""7"":[""clmm-core"",""dropped:r1"",11.1687]}}"
P16,160,0.05,904,13,race8-seq,SUCCESS,1,6.0563,5.8187,13,969,60.0221,mm[2]@q3,639,,"{""final_survivor"":2,""elapsed_s"":60.022,""arms"":{""0"":[""template"",""floor"",8.25],""1"":[""mm"",""dropped:r1"",7.0187],""2"":[""mm"",""final"",6.0563],""3"":[""mm"",""dropped:r3"",6.475],""4"":[""mm"",""dropped:r2"",6.5125],""5"":[""cuthill"",""dropped:r2"",6.725],""6"":[""clmm"",""dropped:r1"",7.2313],""7"":[""clmm-core"",""dropped:r1"",7.4813]}}"
P16,160,0.05,904,13,bestof8-seq,SUCCESS,1,6.1,5.9688,13,976,43.0427,mm[run4],639,,"{""per_run_s"":7.5,""accs"":[6.9875,6.7812,6.6,6.9062,6.1,6.4313,7.3063,6.3937]}"
P16,160,0.05,904,13,bestof8-par,SUCCESS,1,6.1,5.9688,13,976,8.3773,mm[run4],639,,"{""per_run_s"":60.0,""accs"":[6.9875,6.7812,6.6,6.9062,6.1,6.4313,7.3063,6.3937],""used_s"":[4.0,5.8,3.6,3.8,6.5,8.4,4.7,8.2]}"
P16,160,0.05,904,13,race8-par,SUCCESS,1,5.5563,5.4375,11,889,60.046,mm[2]@final12,639,,"{""final_survivor"":2,""elapsed_s"":60.046,""arms"":{""0"":[""template"",""floor"",8.25],""1"":[""mm"",""dropped:r1"",7.0187],""2"":[""mm"",""final"",5.5563],""3"":[""mm"",""dropped:r2"",6.475],""4"":[""mm"",""dropped:r3"",6.4188],""5"":[""cuthill"",""dropped:r2"",6.6188],""6"":[""clmm"",""dropped:r1"",7.2313],""7"":[""clmm-core"",""dropped:r1"",7.4813]}}"
P16,160,0.05,904,14,race8-seq,SUCCESS,1,6.1063,5.9375,17,977,60.0464,cuthill[5]@q1,639,,"{""final_survivor"":5,""elapsed_s"":60.046,""arms"":{""0"":[""template"",""floor"",8.25],""1"":[""mm"",""dropped:r3"",6.15],""2"":[""mm"",""dropped:r2"",6.2125],""3"":[""mm"",""dropped:r2"",6.3937],""4"":[""mm"",""dropped:r1"",6.7125],""5"":[""cuthill"",""final"",6.1063],""6"":[""clmm"",""dropped:r1"",7.0625],""7"":[""clmm-core"",""dropped:r1"",11.05]}}"
P16,160,0.05,904,14,bestof8-seq,SUCCESS,1,6.075,5.8688,13,972,50.959,mm[run0],639,,"{""per_run_s"":7.5,""accs"":[6.075,6.3875,6.5625,6.4688,6.3187,6.6063,6.8312,6.2938]}"
P16,160,0.05,904,14,bestof8-par,SUCCESS,1,6.075,5.8688,13,972,12.3417,mm[run0],639,,"{""per_run_s"":60.0,""accs"":[6.075,6.3875,6.5625,6.1125,6.3187,6.6063,6.8312,6.2938],""used_s"":[6.3,7.0,6.2,12.3,7.6,5.1,4.1,8.4]}"
P16,160,0.05,904,14,race8-par,SUCCESS,1,5.8688,5.6937,14,939,60.0618,cuthill[5]@final2,639,,"{""final_survivor"":5,""elapsed_s"":60.061,""arms"":{""0"":[""template"",""floor"",8.25],""1"":[""mm"",""dropped:r3"",6.1375],""2"":[""mm"",""dropped:r2"",6.2125],""3"":[""mm"",""dropped:r2"",6.3937],""4"":[""mm"",""dropped:r1"",6.7125],""5"":[""cuthill"",""final"",5.8688],""6"":[""clmm"",""dropped:r1"",7.0625],""7"":[""clmm-core"",""dropped:r1"",11.05]}}"
P16,160,0.05,905,10,race8-seq,SUCCESS,1,5.3375,5.225,12,854,60.0974,mm[1]@q3,624,,"{""final_survivor"":1,""elapsed_s"":60.097,""arms"":{""0"":[""template"",""floor"",8.425],""1"":[""mm"",""final"",5.3375],""2"":[""mm"",""dropped:r2"",5.8375],""3"":[""mm"",""dropped:r2"",5.75],""4"":[""mm"",""dropped:r3"",5.5062],""5"":[""cuthill"",""dropped:r1"",6.3625],""6"":[""clmm"",""dropped:r1"",7.0312],""7"":[""clmm-core"",""dropped:r1"",7.2]}}"
P16,160,0.05,905,10,bestof8-seq,SUCCESS,1,5.75,5.5875,13,920,40.5394,mm[run1],624,,"{""per_run_s"":7.5,""accs"":[5.8625,5.75,6.4313,6.3063,6.2625,6.5875,6.6312,6.35]}"
P16,160,0.05,905,10,bestof8-par,SUCCESS,1,5.6937,5.575,12,911,9.9318,mm[run1],624,,"{""per_run_s"":60.0,""accs"":[5.8625,5.6937,6.4313,6.3063,6.2625,6.5875,6.6312,6.35],""used_s"":[3.9,9.9,5.1,6.4,4.7,4.9,4.3,4.4]}"
P16,160,0.05,905,10,race8-par,SUCCESS,1,5.3,5.2438,10,848,60.1137,mm[4]@final5,624,,"{""final_survivor"":4,""elapsed_s"":60.113,""arms"":{""0"":[""template"",""floor"",8.425],""1"":[""mm"",""dropped:r3"",5.6125],""2"":[""mm"",""dropped:r2"",5.8375],""3"":[""mm"",""dropped:r2"",5.75],""4"":[""mm"",""final"",5.3],""5"":[""cuthill"",""dropped:r1"",6.3625],""6"":[""clmm"",""dropped:r1"",7.0312],""7"":[""clmm-core"",""dropped:r1"",7.2]}}"
P16,160,0.05,905,11,race8-seq,SUCCESS,1,5.7125,5.6125,12,914,60.0136,mm[4]@q3,624,,"{""final_survivor"":4,""elapsed_s"":60.013,""arms"":{""0"":[""template"",""floor"",8.425],""1"":[""mm"",""dropped:r3"",5.8063],""2"":[""mm"",""dropped:r2"",5.8187],""3"":[""mm"",""dropped:r2"",5.9313],""4"":[""mm"",""final"",5.7125],""5"":[""cuthill"",""dropped:r1"",6.3625],""6"":[""clmm"",""dropped:r1"",6.5687],""7"":[""clmm-core"",""dropped:r1"",7.1188]}}"
P16,160,0.05,905,11,bestof8-seq,SUCCESS,1,5.75,5.6188,12,920,40.7862,mm[run1],624,,"{""per_run_s"":7.5,""accs"":[6.2375,5.75,5.9375,6.225,5.9313,6.2687,6.2625,6.8438]}"
P16,160,0.05,905,11,bestof8-par,SUCCESS,1,5.75,5.6188,12,920,7.6867,mm[run1],624,,"{""per_run_s"":60.0,""accs"":[6.2375,5.75,5.9375,6.225,5.9313,6.2687,6.2625,6.8438],""used_s"":[3.6,7.2,4.7,6.7,7.7,4.2,4.8,2.9]}"
P16,160,0.05,905,11,race8-par,SUCCESS,1,5.3375,5.2438,11,854,60.0749,mm[1]@final6,624,,"{""final_survivor"":1,""elapsed_s"":60.074,""arms"":{""0"":[""template"",""floor"",8.425],""1"":[""mm"",""final"",5.3375],""2"":[""mm"",""dropped:r2"",5.8187],""3"":[""mm"",""dropped:r2"",5.925],""4"":[""mm"",""dropped:r3"",5.7125],""5"":[""cuthill"",""dropped:r1"",6.3625],""6"":[""clmm"",""dropped:r1"",6.5687],""7"":[""clmm-core"",""dropped:r1"",7.1188]}}"
P16,160,0.05,905,13,race8-seq,SUCCESS,1,5.6688,5.475,12,907,60.1077,mm[3]@q3,624,,"{""final_survivor"":3,""elapsed_s"":60.107,""arms"":{""0"":[""template"",""floor"",8.425],""1"":[""mm"",""dropped:r2"",5.825],""2"":[""mm"",""dropped:r2"",5.9],""3"":[""mm"",""final"",5.6688],""4"":[""mm"",""dropped:r1"",6.2375],""5"":[""cuthill"",""dropped:r3"",5.7062],""6"":[""clmm"",""dropped:r1"",6.6625],""7"":[""clmm-core"",""dropped:r1"",8.0188]}}"
P16,160,0.05,905,13,bestof8-seq,SUCCESS,1,5.9562,5.8187,13,953,35.9652,mm[run7],624,,"{""per_run_s"":7.5,""accs"":[7.0563,7.1063,6.0187,6.4,6.6437,6.3688,6.5938,5.9562]}"
P16,160,0.05,905,13,bestof8-par,SUCCESS,1,5.9562,5.8187,13,953,7.5461,mm[run7],624,,"{""per_run_s"":60.0,""accs"":[7.0563,7.1063,6.0187,6.4,6.6437,6.3688,6.5938,5.9562],""used_s"":[3.0,2.9,5.3,4.5,4.2,5.7,4.0,7.5]}"
P16,160,0.05,905,13,race8-par,SUCCESS,1,5.3563,5.2625,11,857,60.0695,mm[1]@final11,624,,"{""final_survivor"":1,""elapsed_s"":60.069,""arms"":{""0"":[""template"",""floor"",8.425],""1"":[""mm"",""final"",5.3563],""2"":[""mm"",""dropped:r2"",5.9],""3"":[""mm"",""dropped:r3"",5.6875],""4"":[""mm"",""dropped:r1"",6.2875],""5"":[""cuthill"",""dropped:r2"",5.8312],""6"":[""clmm"",""dropped:r1"",6.6625],""7"":[""clmm-core"",""dropped:r1"",8.0188]}}"
P16,160,0.05,905,12,race8-seq,SUCCESS,1,5.5625,5.3625,12,890,60.0356,mm[3]@q3,624,,"{""final_survivor"":3,""elapsed_s"":60.035,""arms"":{""0"":[""template"",""floor"",8.425],""1"":[""mm"",""dropped:r2"",6.1188],""2"":[""mm"",""dropped:r3"",5.8187],""3"":[""mm"",""final"",5.5625],""4"":[""mm"",""dropped:r1"",6.625],""5"":[""cuthill"",""dropped:r2"",5.9375],""6"":[""clmm"",""dropped:r1"",6.65],""7"":[""clmm-core"",""dropped:r1"",7.2875]}}"
P16,160,0.05,905,12,bestof8-seq,SUCCESS,1,5.9313,5.7938,13,949,42.6876,mm[run7],624,,"{""per_run_s"":7.5,""accs"":[6.225,6.6188,6.0687,6.35,6.4188,6.225,6.2188,5.9313]}"
P16,160,0.05,905,12,bestof8-par,SUCCESS,1,5.9313,5.7938,13,949,6.8841,mm[run7],624,,"{""per_run_s"":60.0,""accs"":[6.225,6.6188,6.0687,6.35,6.4188,6.225,6.2188,5.9313],""used_s"":[5.9,4.6,6.9,5.2,4.6,5.1,5.8,6.0]}"
P16,160,0.05,905,12,race8-par,SUCCESS,1,5.4688,5.3375,11,875,60.0834,mm[3]@final5,624,,"{""final_survivor"":3,""elapsed_s"":60.083,""arms"":{""0"":[""template"",""floor"",8.425],""1"":[""mm"",""dropped:r2"",6.1188],""2"":[""mm"",""dropped:r3"",5.75],""3"":[""mm"",""final"",5.4688],""4"":[""mm"",""dropped:r1"",6.5563],""5"":[""cuthill"",""dropped:r2"",5.825],""6"":[""clmm"",""dropped:r1"",6.65],""7"":[""clmm-core"",""dropped:r1"",7.2875]}}"
P16,160,0.05,905,14,race8-seq,SUCCESS,1,5.7125,5.5687,14,914,60.0507,cuthill[5]@q2,624,,"{""final_survivor"":5,""elapsed_s"":60.05,""arms"":{""0"":[""template"",""floor"",8.425],""1"":[""mm"",""dropped:r3"",5.9437],""2"":[""mm"",""dropped:r1"",6.725],""3"":[""mm"",""dropped:r2"",6.075],""4"":[""mm"",""dropped:r2"",6.0062],""5"":[""cuthill"",""final"",5.7125],""6"":[""clmm"",""dropped:r1"",6.7125],""7"":[""clmm-core"",""dropped:r1"",7.5563]}}"
P16,160,0.05,905,14,bestof8-seq,SUCCESS,1,5.6,5.4813,13,896,43.3283,mm[run2],624,,"{""per_run_s"":7.5,""accs"":[5.9562,6.0062,5.6,6.2687,6.5312,6.2375,6.2625,7.0438]}"
P16,160,0.05,905,14,bestof8-par,SUCCESS,1,5.6,5.4813,13,896,7.7261,mm[run2],624,,"{""per_run_s"":60.0,""accs"":[5.9562,6.0062,5.6,6.2687,6.5312,6.2375,6.2625,7.0438],""used_s"":[6.1,6.7,7.7,6.7,3.8,5.5,4.1,3.1]}"
P16,160,0.05,905,14,race8-par,SUCCESS,1,5.7125,5.5687,14,914,60.1084,cuthill[5]@q2,624,,"{""final_survivor"":5,""elapsed_s"":60.108,""arms"":{""0"":[""template"",""floor"",8.425],""1"":[""mm"",""dropped:r3"",5.9437],""2"":[""mm"",""dropped:r1"",6.725],""3"":[""mm"",""dropped:r2"",6.075],""4"":[""mm"",""dropped:r2"",6.0062],""5"":[""cuthill"",""final"",5.7125],""6"":[""clmm"",""dropped:r1"",6.7125],""7"":[""clmm-core"",""dropped:r1"",7.5563]}}"
P16,160,0.05,906,10,race8-seq,SUCCESS,1,5.25,5.125,12,840,60.0823,mm[3]@q2,590,,"{""final_survivor"":3,""elapsed_s"":60.082,""arms"":{""0"":[""template"",""floor"",8.2875],""1"":[""mm"",""dropped:r2"",5.7687],""2"":[""mm"",""dropped:r2"",5.7687],""3"":[""mm"",""final"",5.25],""4"":[""mm"",""dropped:r3"",5.6063],""5"":[""cuthill"",""dropped:r1"",6.1125],""6"":[""clmm"",""dropped:r1"",6.3375],""7"":[""clmm-core"",""dropped:r1"",6.4]}}"
P16,160,0.05,906,10,bestof8-seq,SUCCESS,1,5.7188,5.5375,13,915,34.2162,mm[run6],590,,"{""per_run_s"":7.5,""accs"":[5.8625,6.1063,6.075,5.725,5.9188,5.975,5.7188,5.9688]}"
P16,160,0.05,906,10,bestof8-par,SUCCESS,1,5.7188,5.5375,13,915,5.6533,mm[run6],590,,"{""per_run_s"":60.0,""accs"":[5.8625,6.1063,6.075,5.725,5.9188,5.975,5.7188,5.9688],""used_s"":[4.5,3.1,5.1,4.0,4.9,2.5,5.6,5.1]}"
P16,160,0.05,906,10,race8-par,SUCCESS,1,4.9813,4.9062,10,797,60.0652,mm[3]@final6,590,,"{""final_survivor"":3,""elapsed_s"":60.065,""arms"":{""0"":[""template"",""floor"",8.2875],""1"":[""mm"",""dropped:r2"",5.7687],""2"":[""mm"",""dropped:r2"",5.7687],""3"":[""mm"",""final"",4.9813],""4"":[""mm"",""dropped:r3"",5.4062],""5"":[""cuthill"",""dropped:r1"",6.1125],""6"":[""clmm"",""dropped:r1"",6.3375],""7"":[""clmm-core"",""dropped:r1"",6.4]}}"
P16,160,0.05,906,11,race8-seq,SUCCESS,1,5.225,5.0687,12,836,60.0194,cuthill[5]@q3,590,,"{""final_survivor"":5,""elapsed_s"":60.019,""arms"":{""0"":[""template"",""floor"",8.2875],""1"":[""mm"",""dropped:r3"",5.2625],""2"":[""mm"",""dropped:r1"",6.1375],""3"":[""mm"",""dropped:r1"",6.1188],""4"":[""mm"",""dropped:r2"",5.7],""5"":[""cuthill"",""final"",5.225],""6"":[""clmm"",""dropped:r1"",6.4],""7"":[""clmm-core"",""dropped:r2"",6.0187]}}"
P16,160,0.05,906,11,bestof8-seq,SUCCESS,1,5.4,5.2562,12,864,37.68,mm[run1],590,,"{""per_run_s"":7.5,""accs"":[5.6312,5.4,5.5687,6.3,6.5625,6.0062,6.2438,5.7875]}"
P16,160,0.05,906,11,bestof8-par,SUCCESS,1,5.4,5.2562,12,864,7.6278,mm[run1],590,,"{""per_run_s"":60.0,""accs"":[5.6312,5.4,5.5687,6.3,6.5625,6.0062,6.2438,5.7875],""used_s"":[4.4,7.6,6.6,2.9,2.9,3.4,4.9,5.3]}"
P16,160,0.05,906,11,race8-par,SUCCESS,1,4.9875,4.875,11,798,60.0405,mm[1]@final9,590,,"{""final_survivor"":1,""elapsed_s"":60.04,""arms"":{""0"":[""template"",""floor"",8.2875],""1"":[""mm"",""final"",4.9875],""2"":[""mm"",""dropped:r1"",6.1375],""3"":[""mm"",""dropped:r1"",6.1188],""4"":[""mm"",""dropped:r2"",5.7],""5"":[""cuthill"",""dropped:r3"",5.225],""6"":[""clmm"",""dropped:r1"",6.4],""7"":[""clmm-core"",""dropped:r2"",6.0187]}}"
P16,160,0.05,906,13,race8-seq,SUCCESS,1,5.3187,5.1875,11,851,60.0889,mm[4]@q2,590,,"{""final_survivor"":4,""elapsed_s"":60.089,""arms"":{""0"":[""template"",""floor"",8.2875],""1"":[""mm"",""dropped:r2"",5.8688],""2"":[""mm"",""dropped:r3"",5.425],""3"":[""mm"",""dropped:r1"",6.3063],""4"":[""mm"",""final"",5.3187],""5"":[""cuthill"",""dropped:r2"",5.5187],""6"":[""clmm"",""dropped:r1"",7.15],""7"":[""clmm-core"",""dropped:r1"",6.75]}}"
P16,160,0.05,906,13,bestof8-seq,SUCCESS,1,5.5625,5.3812,12,890,31.0402,mm[run4],590,,"{""per_run_s"":7.5,""accs"":[5.875,5.9688,6.0563,6.2375,5.5625,6.2,6.9938,5.7188]}"
P16,160,0.05,906,13,bestof8-par,SUCCESS,1,5.5625,5.3812,12,890,6.3479,mm[run4],590,,"{""per_run_s"":60.0,""accs"":[5.875,5.9688,6.0563,6.2375,5.5625,6.2,6.9938,5.7188],""used_s"":[3.5,3.8,3.8,3.9,3.7,4.0,2.7,6.3]}"
P16,160,0.05,906,13,race8-par,SUCCESS,1,4.9062,4.8375,10,785,60.0767,mm[2]@final7,590,,"{""final_survivor"":2,""elapsed_s"":60.076,""arms"":{""0"":[""template"",""floor"",8.2875],""1"":[""mm"",""dropped:r2"",5.8688],""2"":[""mm"",""final"",4.9062],""3"":[""mm"",""dropped:r1"",6.3063],""4"":[""mm"",""dropped:r3"",5.3187],""5"":[""cuthill"",""dropped:r2"",6.1312],""6"":[""clmm"",""dropped:r1"",7.15],""7"":[""clmm-core"",""dropped:r1"",6.75]}}"
P16,160,0.05,906,12,race8-seq,SUCCESS,1,4.925,4.8125,11,788,60.0153,mm[4]@q3,590,,"{""final_survivor"":4,""elapsed_s"":60.015,""arms"":{""0"":[""template"",""floor"",8.2875],""1"":[""mm"",""dropped:r3"",5.5875],""2"":[""mm"",""dropped:r2"",5.725],""3"":[""mm"",""dropped:r2"",5.6125],""4"":[""mm"",""final"",4.925],""5"":[""cuthill"",""dropped:r1"",6.1188],""6"":[""clmm"",""dropped:r1"",7.0062],""7"":[""clmm-core"",""dropped:r1"",6.4375]}}"
P16,160,0.05,906,12,bestof8-seq,SUCCESS,1,5.575,5.4062,12,892,35.8228,mm[run4],590,,"{""per_run_s"":7.5,""accs"":[6.35,5.8688,6.7313,5.65,5.575,6.1063,5.9938,5.6813]}"
P16,160,0.05,906,12,bestof8-par,SUCCESS,1,5.575,5.4062,12,892,6.369,mm[run4],590,,"{""per_run_s"":60.0,""accs"":[6.35,5.8688,6.7313,5.65,5.575,6.1063,5.9938,5.6813],""used_s"":[3.4,4.1,3.2,5.5,3.9,4.3,5.5,6.3]}"
P16,160,0.05,906,12,race8-par,SUCCESS,1,4.8063,4.725,10,769,60.0352,mm[4]@final7,590,,"{""final_survivor"":4,""elapsed_s"":60.035,""arms"":{""0"":[""template"",""floor"",8.2875],""1"":[""mm"",""dropped:r3"",5.3937],""2"":[""mm"",""dropped:r2"",5.75],""3"":[""mm"",""dropped:r2"",5.6125],""4"":[""mm"",""final"",4.8063],""5"":[""cuthill"",""dropped:r1"",6.1188],""6"":[""clmm"",""dropped:r1"",7.0062],""7"":[""clmm-core"",""dropped:r1"",6.4375]}}"
P16,160,0.05,906,14,race8-seq,SUCCESS,1,5.3812,5.2625,12,861,60.0727,mm[2]@q2,590,,"{""final_survivor"":2,""elapsed_s"":60.072,""arms"":{""0"":[""template"",""floor"",8.2875],""1"":[""mm"",""dropped:r2"",5.4938],""2"":[""mm"",""final"",5.3812],""3"":[""mm"",""dropped:r3"",5.4562],""4"":[""mm"",""dropped:r1"",6.225],""5"":[""cuthill"",""dropped:r2"",5.8125],""6"":[""clmm"",""dropped:r1"",6.5687],""7"":[""clmm-core"",""dropped:r1"",6.4375]}}"
P16,160,0.05,906,14,bestof8-seq,SUCCESS,1,5.375,5.2562,11,860,38.0911,mm[run2],590,,"{""per_run_s"":7.5,""accs"":[6.325,5.9125,5.375,5.7188,6.55,6.025,5.7,5.8312]}"
P16,160,0.05,906,14,bestof8-par,SUCCESS,1,5.375,5.2562,11,860,6.4179,mm[run2],590,,"{""per_run_s"":60.0,""accs"":[6.325,5.9125,5.375,5.7188,6.55,6.025,5.7,5.8312],""used_s"":[3.5,4.4,5.4,5.1,2.7,5.4,6.4,5.3]}"
P16,160,0.05,906,14,race8-par,SUCCESS,1,5.0875,4.9938,11,814,60.0235,mm[3]@final12,590,,"{""final_survivor"":3,""elapsed_s"":60.023,""arms"":{""0"":[""template"",""floor"",8.2875],""1"":[""mm"",""dropped:r2"",5.5062],""2"":[""mm"",""dropped:r3"",5.4313],""3"":[""mm"",""final"",5.0875],""4"":[""mm"",""dropped:r1"",6.225],""5"":[""cuthill"",""dropped:r2"",5.8125],""6"":[""clmm"",""dropped:r1"",6.5687],""7"":[""clmm-core"",""dropped:r1"",6.4375]}}"
P16,160,0.05,907,10,race8-seq,SUCCESS,1,5.8187,5.7,13,931,59.9686,mm[3]@q2,621,,"{""final_survivor"":3,""elapsed_s"":59.968,""arms"":{""0"":[""template"",""floor"",8.5375],""1"":[""mm"",""dropped:r3"",6.1063],""2"":[""mm"",""dropped:r2"",6.4313],""3"":[""mm"",""final"",5.8187],""4"":[""mm"",""dropped:r1"",6.6875],""5"":[""cuthill"",""dropped:r2"",6.2562],""6"":[""clmm"",""dropped:r1"",7.3],""7"":[""clmm-core"",""dropped:r1"",6.7438]}}"
P16,160,0.05,907,10,bestof8-seq,SUCCESS,1,6.0312,5.8312,13,965,42.5377,mm[run1],621,,"{""per_run_s"":7.5,""accs"":[6.525,6.0312,6.2313,6.8125,6.4375,7.1125,6.25,6.0312]}"
P16,160,0.05,907,10,bestof8-par,SUCCESS,1,6.0312,5.8312,13,965,7.4609,mm[run1],621,,"{""per_run_s"":60.0,""accs"":[6.525,6.0312,6.2313,6.8125,6.4375,7.1125,6.25,6.0312],""used_s"":[6.3,7.4,5.7,2.8,6.2,2.7,6.7,5.3]}"
P16,160,0.05,907,10,race8-par,SUCCESS,1,5.4188,5.3,11,867,60.0639,mm[1]@final10,621,,"{""final_survivor"":1,""elapsed_s"":60.063,""arms"":{""0"":[""template"",""floor"",8.5375],""1"":[""mm"",""final"",5.4188],""2"":[""mm"",""dropped:r2"",6.4313],""3"":[""mm"",""dropped:r3"",5.8187],""4"":[""mm"",""dropped:r1"",6.6875],""5"":[""cuthill"",""dropped:r2"",6.2562],""6"":[""clmm"",""dropped:r1"",7.3],""7"":[""clmm-core"",""dropped:r1"",6.7438]}}"
P16,160,0.05,907,11,race8-seq,SUCCESS,1,5.8438,5.7188,14,935,60.1081,mm[2]@q2,621,,"{""final_survivor"":2,""elapsed_s"":60.108,""arms"":{""0"":[""template"",""floor"",8.5375],""1"":[""mm"",""dropped:r1"",6.9125],""2"":[""mm"",""final"",5.8438],""3"":[""mm"",""dropped:r2"",6.3125],""4"":[""mm"",""dropped:r3"",6.0812],""5"":[""cuthill"",""dropped:r1"",6.6625],""6"":[""clmm"",""dropped:r1"",7.7125],""7"":[""clmm-core"",""dropped:r2"",6.4125]}}"
P16,160,0.05,907,11,bestof8-seq,SUCCESS,1,6.25,6.0187,14,1000,36.8015,mm[run6],621,,"{""per_run_s"":7.5,""accs"":[7.0312,7.4437,6.45,6.6688,6.2687,6.4062,6.25,7.3625]}"
P16,160,0.05,907,11,bestof8-par,SUCCESS,1,6.25,6.0187,14,1000,7.8005,mm[run6],621,,"{""per_run_s"":60.0,""accs"":[7.0312,7.4437,6.45,6.6688,6.2687,6.4062,6.25,7.3625],""used_s"":[2.8,3.3,4.5,3.9,7.8,4.4,7.6,3.2]}"
P16,160,0.05,907,11,race8-par,SUCCESS,1,5.775,5.6188,12,924,60.0279,mm[2]@final1,621,,"{""final_survivor"":2,""elapsed_s"":60.027,""arms"":{""0"":[""template"",""floor"",8.5375],""1"":[""mm"",""dropped:r1"",7.0687],""2"":[""mm"",""final"",5.775],""3"":[""mm"",""dropped:r3"",6.0938],""4"":[""mm"",""dropped:r2"",6.1125],""5"":[""cuthill"",""dropped:r1"",6.6625],""6"":[""clmm"",""dropped:r1"",7.7125],""7"":[""clmm-core"",""dropped:r2"",6.5375]}}"
P16,160,0.05,907,12,race8-seq,SUCCESS,1,5.8812,5.7438,14,941,60.0131,mm[2]@q3,621,,"{""final_survivor"":2,""elapsed_s"":60.013,""arms"":{""0"":[""template"",""floor"",8.5375],""1"":[""mm"",""dropped:r1"",6.6688],""2"":[""mm"",""final"",5.8812],""3"":[""mm"",""dropped:r1"",6.8375],""4"":[""mm"",""dropped:r2"",6.175],""5"":[""cuthill"",""dropped:r3"",6.0438],""6"":[""clmm"",""dropped:r2"",6.4938],""7"":[""clmm-core"",""dropped:r1"",7.1188]}}"
P16,160,0.05,907,12,bestof8-seq,SUCCESS,1,6.2125,6.0625,13,994,41.7246,mm[run0],621,,"{""per_run_s"":7.5,""accs"":[6.2125,6.5875,6.4562,6.2625,6.7938,6.85,6.3187,6.3875]}"
P16,160,0.05,907,12,bestof8-par,SUCCESS,1,6.2125,6.0625,13,994,6.5302,mm[run0],621,,"{""per_run_s"":60.0,""accs"":[6.2125,6.5875,6.4562,6.2625,6.7938,6.85,6.3187,6.3875],""used_s"":[6.1,5.5,4.2,6.3,4.3,4.6,5.4,6.5]}"
P16,160,0.05,907,12,race8-par,SUCCESS,1,5.6312,5.5312,11,901,60.0408,cuthill[5]@final9,621,,"{""final_survivor"":5,""elapsed_s"":60.04,""arms"":{""0"":[""template"",""floor"",8.5375],""1"":[""mm"",""dropped:r1"",6.6688],""2"":[""mm"",""dropped:r3"",5.8812],""3"":[""mm"",""dropped:r1"",6.8375],""4"":[""mm"",""dropped:r2"",6.175],""5"":[""cuthill"",""final"",5.6312],""6"":[""clmm"",""dropped:r2"",6.4938],""7"":[""clmm-core"",""dropped:r1"",7.1188]}}"
P16,160,0.05,907,13,race8-seq,SUCCESS,1,5.8063,5.6,12,929,60.0956,mm[3]@q3,621,,"{""final_survivor"":3,""elapsed_s"":60.095,""arms"":{""0"":[""template"",""floor"",8.5375],""1"":[""mm"",""dropped:r2"",6.3],""2"":[""mm"",""dropped:r3"",6.0187],""3"":[""mm"",""final"",5.8063],""4"":[""mm"",""dropped:r2"",6.3937],""5"":[""cuthill"",""dropped:r1"",6.6937],""6"":[""clmm"",""dropped:r1"",6.8688],""7"":[""clmm-core"",""dropped:r1"",7.125]}}"
P16,160,0.05,907,13,bestof8-seq,SUCCESS,1,5.9813,5.875,13,957,39.1456,mm[run5],621,,"{""per_run_s"":7.5,""accs"":[6.575,7.2313,6.2625,6.4625,6.8,5.9813,6.7687,6.3937]}"
P16,160,0.05,907,13,bestof8-par,SUCCESS,1,5.9813,5.875,13,957,7.3475,mm[run5],621,,"{""per_run_s"":60.0,""accs"":[6.575,7.2313,6.2625,6.4625,6.8,5.9813,6.7687,6.3937],""used_s"":[4.2,2.6,6.1,6.3,4.1,7.3,5.2,4.5]}"
P16,160,0.05,907,13,race8-par,SUCCESS,1,5.6125,5.5,11,898,60.0978,mm[3]@final5,621,,"{""final_survivor"":3,""elapsed_s"":60.097,""arms"":{""0"":[""template"",""floor"",8.5375],""1"":[""mm"",""dropped:r2"",6.3],""2"":[""mm"",""dropped:r3"",5.925],""3"":[""mm"",""final"",5.6125],""4"":[""mm"",""dropped:r2"",6.0687],""5"":[""cuthill"",""dropped:r1"",6.6937],""6"":[""clmm"",""dropped:r1"",7.2062],""7"":[""clmm-core"",""dropped:r1"",7.125]}}"
P16,160,0.05,907,14,race8-seq,SUCCESS,1,6.1813,6.0,13,989,60.0286,mm[1]@q2,621,,"{""final_survivor"":1,""elapsed_s"":60.028,""arms"":{""0"":[""template"",""floor"",8.5375],""1"":[""mm"",""final"",6.1813],""2"":[""mm"",""dropped:r2"",6.3625],""3"":[""mm"",""dropped:r3"",6.25],""4"":[""mm"",""dropped:r1"",6.875],""5"":[""cuthill"",""dropped:r2"",6.5062],""6"":[""clmm"",""dropped:r1"",6.9062],""7"":[""clmm-core"",""dropped:r1"",7.3812]}}"
P16,160,0.05,907,14,bestof8-seq,SUCCESS,1,6.2938,6.0875,15,1007,34.4583,mm[run7],621,,"{""per_run_s"":7.5,""accs"":[6.525,6.4938,6.5,6.8875,7.0187,6.4375,7.175,6.2938]}"
P16,160,0.05,907,14,bestof8-par,SUCCESS,1,6.2938,6.0875,15,1007,5.4144,mm[run7],621,,"{""per_run_s"":60.0,""accs"":[6.525,6.4938,6.5,6.8875,7.0187,6.4375,7.175,6.2938],""used_s"":[3.9,5.4,4.7,4.4,3.4,5.4,3.6,4.0]}"
P16,160,0.05,907,14,race8-par,SUCCESS,1,6.075,5.8812,13,972,60.0498,mm[3]@final1,621,,"{""final_survivor"":3,""elapsed_s"":60.049,""arms"":{""0"":[""template"",""floor"",8.5375],""1"":[""mm"",""dropped:r3"",6.1813],""2"":[""mm"",""dropped:r2"",6.3625],""3"":[""mm"",""final"",6.075],""4"":[""mm"",""dropped:r1"",6.875],""5"":[""cuthill"",""dropped:r2"",6.5062],""6"":[""clmm"",""dropped:r1"",6.9062],""7"":[""clmm-core"",""dropped:r1"",7.3812]}}"
P16,160,0.05,908,10,race8-seq,SUCCESS,1,5.8125,5.6562,14,930,60.1116,cuthill[5]@q3,614,,"{""final_survivor"":5,""elapsed_s"":60.111,""arms"":{""0"":[""template"",""floor"",8.0437],""1"":[""mm"",""dropped:r3"",5.8812],""2"":[""mm"",""dropped:r2"",6.1875],""3"":[""mm"",""dropped:r1"",6.6312],""4"":[""mm"",""dropped:r2"",5.9938],""5"":[""cuthill"",""final"",5.8125],""6"":[""clmm"",""dropped:r1"",6.9062],""7"":[""clmm-core"",""dropped:r1"",10.8313]}}"
P16,160,0.05,908,10,bestof8-seq,SUCCESS,1,6.0812,5.8625,14,973,41.5293,mm[run7],614,,"{""per_run_s"":7.5,""accs"":[6.1688,6.3875,6.4062,7.075,6.1562,6.6875,6.1688,6.0812]}"
P16,160,0.05,908,10,bestof8-par,SUCCESS,1,6.0812,5.8625,14,973,7.9414,mm[run7],614,,"{""per_run_s"":60.0,""accs"":[6.1688,6.3875,6.4062,7.075,6.1562,6.6875,6.1688,6.0812],""used_s"":[4.5,5.4,5.4,2.7,4.8,4.4,7.0,7.9]}"
P16,160,0.05,908,10,race8-par,SUCCESS,1,5.3563,5.2188,13,857,60.025,cuthill[5]@final7,614,,"{""final_survivor"":5,""elapsed_s"":60.025,""arms"":{""0"":[""template"",""floor"",8.0437],""1"":[""mm"",""dropped:r3"",5.6875],""2"":[""mm"",""dropped:r2"",6.1875],""3"":[""mm"",""dropped:r1"",6.6312],""4"":[""mm"",""dropped:r2"",5.9938],""5"":[""cuthill"",""final"",5.3563],""6"":[""clmm"",""dropped:r1"",6.9062],""7"":[""clmm-core"",""dropped:r1"",10.8313]}}"
P16,160,0.05,908,11,race8-seq,SUCCESS,1,5.8438,5.7,13,935,60.0449,mm[1]@q3,614,,"{""final_survivor"":1,""elapsed_s"":60.045,""arms"":{""0"":[""template"",""floor"",8.0437],""1"":[""mm"",""final"",5.8438],""2"":[""mm"",""dropped:r1"",6.5125],""3"":[""mm"",""dropped:r3"",5.975],""4"":[""mm"",""dropped:r2"",6.025],""5"":[""cuthill"",""dropped:r2"",6.15],""6"":[""clmm"",""dropped:r1"",7.4938],""7"":[""clmm-core"",""dropped:r1"",7.5625]}}"
P16,160,0.05,908,11,bestof8-seq,SUCCESS,1,5.9938,5.8688,14,959,41.191,mm[run3],614,,"{""per_run_s"":7.5,""accs"":[7.2812,6.075,6.0938,5.9938,6.2812,6.1688,6.9938,6.125]}"
P16,160,0.05,908,11,bestof8-par,SUCCESS,1,5.9938,5.8688,14,959,7.5896,mm[run3],614,,"{""per_run_s"":60.0,""accs"":[7.2812,6.075,6.0938,5.9938,6.2812,6.1688,6.9938,6.125],""used_s"":[3.6,6.1,5.2,4.9,7.6,6.3,3.5,4.5]}"
P16,160,0.05,908,11,race8-par,SUCCESS,1,5.5187,5.4125,11,883,60.0678,mm[1]@final9,614,,"{""final_survivor"":1,""elapsed_s"":60.067,""arms"":{""0"":[""template"",""floor"",8.0437],""1"":[""mm"",""final"",5.5187],""2"":[""mm"",""dropped:r1"",6.5125],""3"":[""mm"",""dropped:r3"",5.975],""4"":[""mm"",""dropped:r2"",6.025],""5"":[""cuthill"",""dropped:r2"",6.15],""6"":[""clmm"",""dropped:r1"",7.4938],""7"":[""clmm-core"",""dropped:r1"",7.5625]}}"
P16,160,0.05,908,13,race8-seq,SUCCESS,1,5.8625,5.7188,13,938,60.0714,mm[1]@q3,614,,"{""final_survivor"":1,""elapsed_s"":60.071,""arms"":{""0"":[""template"",""floor"",8.0437],""1"":[""mm"",""final"",5.8625],""2"":[""mm"",""dropped:r3"",6.075],""3"":[""mm"",""dropped:r2"",6.1125],""4"":[""mm"",""dropped:r1"",7.1625],""5"":[""cuthill"",""dropped:r2"",6.325],""6"":[""clmm"",""dropped:r1"",6.6688],""7"":[""clmm-core"",""dropped:r1"",7.3438]}}"
P16,160,0.05,908,13,bestof8-seq,SUCCESS,1,6.15,5.9938,14,984,40.7598,mm[run2],614,,"{""per_run_s"":7.5,""accs"":[6.6937,6.5062,6.15,6.3812,6.325,6.225,6.1625,6.275]}"
P16,160,0.05,908,13,bestof8-par,SUCCESS,1,6.15,5.9938,14,984,7.6132,mm[run2],614,,"{""per_run_s"":60.0,""accs"":[6.6937,6.5062,6.15,6.3812,6.325,6.225,6.1625,6.275],""used_s"":[2.9,4.1,4.8,5.1,5.0,5.7,6.8,7.6]}"
P16,160,0.05,908,13,race8-par,SUCCESS,1,5.45,5.325,12,872,60.0953,mm[1]@final4,614,,"{""final_survivor"":1,""elapsed_s"":60.095,""arms"":{""0"":[""template"",""floor"",8.0437],""1"":[""mm"",""final"",5.45],""2"":[""mm"",""dropped:r2"",6.075],""3"":[""mm"",""dropped:r2"",6.1125],""4"":[""mm"",""dropped:r1"",7.1625],""5"":[""cuthill"",""dropped:r3"",5.875],""6"":[""clmm"",""dropped:r1"",6.6688],""7"":[""clmm-core"",""dropped:r1"",7.3438]}}"
P16,160,0.05,908,12,race8-seq,SUCCESS,1,5.7188,5.5938,14,915,60.0843,mm[2]@q2,614,,"{""final_survivor"":2,""elapsed_s"":60.084,""arms"":{""0"":[""template"",""floor"",8.0437],""1"":[""mm"",""dropped:r2"",6.0563],""2"":[""mm"",""final"",5.7188],""3"":[""mm"",""dropped:r3"",6.025],""4"":[""mm"",""dropped:r1"",6.5062],""5"":[""cuthill"",""dropped:r2"",6.0812],""6"":[""clmm"",""dropped:r1"",6.975],""7"":[""clmm-core"",""dropped:r1"",6.6]}}"
P16,160,0.05,908,12,bestof8-seq,SUCCESS,1,5.8375,5.6375,13,934,48.194,mm[run2],614,,"{""per_run_s"":7.5,""accs"":[6.5187,5.8438,5.8375,6.0563,6.275,6.5375,6.25,6.6188]}"
P16,160,0.05,908,12,bestof8-par,SUCCESS,1,5.8375,5.6375,13,934,7.9843,mm[run2],614,,"{""per_run_s"":60.0,""accs"":[6.5187,5.8438,5.8375,6.0563,6.275,6.5375,6.25,6.6188],""used_s"":[5.5,8.0,6.8,6.1,6.9,5.4,5.6,5.0]}"
P16,160,0.05,908,12,race8-par,SUCCESS,1,5.5187,5.3438,12,883,60.112,mm[2]@final5,614,,"{""final_survivor"":2,""elapsed_s"":60.112,""arms"":{""0"":[""template"",""floor"",8.0437],""1"":[""mm"",""dropped:r2"",6.0563],""2"":[""mm"",""final"",5.5187],""3"":[""mm"",""dropped:r3"",5.9313],""4"":[""mm"",""dropped:r1"",6.5062],""5"":[""cuthill"",""dropped:r2"",6.0812],""6"":[""clmm"",""dropped:r1"",6.975],""7"":[""clmm-core"",""dropped:r1"",6.6]}}"
P16,160,0.05,908,14,race8-seq,SUCCESS,1,5.6063,5.45,14,897,60.0618,mm[4]@q3,614,,"{""final_survivor"":4,""elapsed_s"":60.061,""arms"":{""0"":[""template"",""floor"",8.0437],""1"":[""mm"",""dropped:r1"",6.5125],""2"":[""mm"",""dropped:r1"",6.5125],""3"":[""mm"",""dropped:r2"",6.3187],""4"":[""mm"",""final"",5.6063],""5"":[""cuthill"",""dropped:r3"",5.6937],""6"":[""clmm"",""dropped:r2"",6.2375],""7"":[""clmm-core"",""dropped:r1"",7.3063]}}"
P16,160,0.05,908,14,bestof8-seq,SUCCESS,1,5.7875,5.6813,12,926,44.7049,mm[run6],614,,"{""per_run_s"":7.5,""accs"":[6.5875,6.2875,6.2188,6.5438,6.7812,6.4625,5.7875,6.15]}"
P16,160,0.05,908,14,bestof8-par,SUCCESS,1,5.7875,5.6813,12,926,7.5696,mm[run6],614,,"{""per_run_s"":60.0,""accs"":[6.5875,6.2875,6.2188,6.5438,6.7812,6.4625,5.7875,6.15],""used_s"":[4.7,7.5,7.1,4.6,2.8,5.0,6.3,6.4]}"
P16,160,0.05,908,14,race8-par,SUCCESS,1,5.25,5.15,11,840,60.0927,mm[4]@final12,614,,"{""final_survivor"":4,""elapsed_s"":60.092,""arms"":{""0"":[""template"",""floor"",8.0437],""1"":[""mm"",""dropped:r1"",6.5125],""2"":[""mm"",""dropped:r1"",6.5125],""3"":[""mm"",""dropped:r2"",6.3187],""4"":[""mm"",""final"",5.25],""5"":[""cuthill"",""dropped:r3"",5.6937],""6"":[""clmm"",""dropped:r2"",6.2375],""7"":[""clmm-core"",""dropped:r1"",7.3063]}}"
P16,160,0.05,909,10,race8-seq,SUCCESS,1,6.225,5.9875,14,996,60.0881,mm[1]@q2,663,,"{""final_survivor"":1,""elapsed_s"":60.088,""arms"":{""0"":[""template"",""floor"",8.4563],""1"":[""mm"",""final"",6.225],""2"":[""mm"",""dropped:r1"",7.2687],""3"":[""mm"",""dropped:r2"",6.5563],""4"":[""mm"",""dropped:r2"",6.6562],""5"":[""cuthill"",""dropped:r3"",6.4875],""6"":[""clmm"",""dropped:r1"",7.7188],""7"":[""clmm-core"",""dropped:r1"",7.7438]}}"
P16,160,0.05,909,10,bestof8-seq,SUCCESS,1,6.3438,6.15,16,1015,52.6145,mm[run1],663,,"{""per_run_s"":7.5,""accs"":[6.525,6.3438,7.0,6.7812,6.7375,6.4875,6.8875,6.4938]}"
P16,160,0.05,909,10,bestof8-par,SUCCESS,1,5.95,5.7938,14,952,12.7673,mm[run1],663,,"{""per_run_s"":60.0,""accs"":[6.525,5.95,7.0,6.7812,6.7375,6.4875,6.8875,6.4938],""used_s"":[8.7,12.7,5.0,7.5,4.7,7.6,5.3,8.0]}"
P16,160,0.05,909,10,race8-par,SUCCESS,1,6.0125,5.8563,13,962,60.0384,mm[1]@final2,663,,"{""final_survivor"":1,""elapsed_s"":60.038,""arms"":{""0"":[""template"",""floor"",8.4563],""1"":[""mm"",""final"",6.0125],""2"":[""mm"",""dropped:r1"",7.2687],""3"":[""mm"",""dropped:r2"",6.5563],""4"":[""mm"",""dropped:r2"",6.6562],""5"":[""cuthill"",""dropped:r3"",6.4875],""6"":[""clmm"",""dropped:r1"",7.7188],""7"":[""clmm-core"",""dropped:r1"",7.7438]}}"
P16,160,0.05,909,11,race8-seq,SUCCESS,1,6.5187,6.3125,14,1043,60.0213,mm[4]@q3,663,,"{""final_survivor"":4,""elapsed_s"":60.021,""arms"":{""0"":[""template"",""floor"",8.4563],""1"":[""mm"",""dropped:r1"",7.2313],""2"":[""mm"",""dropped:r3"",6.9437],""3"":[""mm"",""dropped:r2"",7.0563],""4"":[""mm"",""final"",6.5187],""5"":[""cuthill"",""dropped:r1"",7.7],""6"":[""clmm"",""dropped:r1"",8.1937],""7"":[""clmm-core"",""dropped:r2"",7.1437]}}"
P16,160,0.05,909,11,bestof8-seq,SUCCESS,1,6.4,6.175,14,1024,52.769,mm[run5],663,,"{""per_run_s"":7.5,""accs"":[6.85,6.8937,7.025,6.5312,7.95,6.4,6.6875,6.6437]}"
P16,160,0.05,909,11,bestof8-par,SUCCESS,1,6.325,6.1375,14,1012,11.2564,mm[run5],663,,"{""per_run_s"":60.0,""accs"":[6.85,6.8937,7.025,6.5312,7.95,6.325,6.4188,6.6437],""used_s"":[6.3,6.7,6.3,8.6,3.9,9.4,11.2,7.3]}"
P16,160,0.05,909,11,race8-par,SUCCESS,1,6.175,5.9813,14,988,60.1566,mm[3]@final3,663,,"{""final_survivor"":3,""elapsed_s"":60.156,""arms"":{""0"":[""template"",""floor"",8.4563],""1"":[""mm"",""dropped:r1"",7.2313],""2"":[""mm"",""dropped:r2"",6.9437],""3"":[""mm"",""final"",6.175],""4"":[""mm"",""dropped:r3"",6.5187],""5"":[""cuthill"",""dropped:r1"",7.7],""6"":[""clmm"",""dropped:r1"",8.1937],""7"":[""clmm-core"",""dropped:r2"",7.1437]}}"
P16,160,0.05,909,12,race8-seq,SUCCESS,1,6.0438,5.9188,13,967,60.0152,mm[3]@q3,663,,"{""final_survivor"":3,""elapsed_s"":60.015,""arms"":{""0"":[""template"",""floor"",8.4563],""1"":[""mm"",""dropped:r2"",6.5687],""2"":[""mm"",""dropped:r1"",7.1188],""3"":[""mm"",""final"",6.0438],""4"":[""mm"",""dropped:r2"",6.3688],""5"":[""cuthill"",""dropped:r3"",6.2812],""6"":[""clmm"",""dropped:r1"",7.6375],""7"":[""clmm-core"",""dropped:r1"",7.4813]}}"
P16,160,0.05,909,12,bestof8-seq,SUCCESS,1,6.2812,6.0563,17,1005,47.963,mm[run2],663,,"{""per_run_s"":7.5,""accs"":[7.1188,6.5,6.2812,6.6,6.3063,7.0375,6.6,6.8063]}"
P16,160,0.05,909,12,bestof8-par,SUCCESS,1,6.0938,5.9125,13,975,9.5776,mm[run4],663,,"{""per_run_s"":60.0,""accs"":[7.1188,6.5,6.2812,6.6,6.0938,7.0375,6.6,6.8063],""used_s"":[4.7,7.5,6.2,5.4,9.6,6.0,6.1,5.6]}"
P16,160,0.05,909,12,race8-par,SUCCESS,1,5.9125,5.7938,11,946,60.0461,mm[3]@final9,663,,"{""final_survivor"":3,""elapsed_s"":60.045,""arms"":{""0"":[""template"",""floor"",8.4563],""1"":[""mm"",""dropped:r2"",6.5687],""2"":[""mm"",""dropped:r1"",7.1188],""3"":[""mm"",""final"",5.9125],""4"":[""mm"",""dropped:r3"",6.1875],""5"":[""cuthill"",""dropped:r2"",6.3812],""6"":[""clmm"",""dropped:r1"",7.6375],""7"":[""clmm-core"",""dropped:r1"",7.4813]}}"
P16,160,0.05,909,13,race8-seq,SUCCESS,1,6.3,6.15,15,1008,60.0429,cuthill[5]@q2,663,,"{""final_survivor"":5,""elapsed_s"":60.043,""arms"":{""0"":[""template"",""floor"",8.4563],""1"":[""mm"",""dropped:r3"",6.4437],""2"":[""mm"",""dropped:r2"",6.825],""3"":[""mm"",""dropped:r1"",7.225],""4"":[""mm"",""dropped:r2"",6.55],""5"":[""cuthill"",""final"",6.3],""6"":[""clmm"",""dropped:r1"",7.5875],""7"":[""clmm-core"",""dropped:r1"",7.9375]}}"
P16,160,0.05,909,13,bestof8-seq,SUCCESS,1,6.3688,6.1937,14,1019,51.7687,mm[run1],663,,"{""per_run_s"":7.5,""accs"":[6.8312,6.3688,7.575,6.6625,6.7125,6.475,6.5563,6.6063]}"
P16,160,0.05,909,13,bestof8-par,SUCCESS,1,6.1188,5.9375,13,979,11.464,mm[run1],663,,"{""per_run_s"":60.0,""accs"":[6.8312,6.1188,7.575,6.6625,6.7125,6.475,6.5563,6.6063],""used_s"":[5.5,11.4,4.0,8.1,8.0,7.2,8.0,5.5]}"
P16,160,0.05,909,13,race8-par,SUCCESS,1,5.9062,5.7125,13,945,60.1414,cuthill[5]@final8,663,,"{""final_survivor"":5,""elapsed_s"":60.141,""arms"":{""0"":[""template"",""floor"",8.4563],""1"":[""mm"",""dropped:r3"",6.4437],""2"":[""mm"",""dropped:r2"",6.825],""3"":[""mm"",""dropped:r1"",7.225],""4"":[""mm"",""dropped:r2"",6.55],""5"":[""cuthill"",""final"",5.9062],""6"":[""clmm"",""dropped:r1"",7.5875],""7"":[""clmm-core"",""dropped:r1"",7.9375]}}"
P16,160,0.05,909,14,race8-seq,SUCCESS,1,6.1188,6.0,13,979,60.0154,cuthill[5]@q3,663,,"{""final_survivor"":5,""elapsed_s"":60.015,""arms"":{""0"":[""template"",""floor"",8.4563],""1"":[""mm"",""dropped:r3"",6.8625],""2"":[""mm"",""dropped:r1"",7.4375],""3"":[""mm"",""dropped:r1"",7.4625],""4"":[""mm"",""dropped:r2"",6.9625],""5"":[""cuthill"",""final"",6.1188],""6"":[""clmm"",""dropped:r2"",6.9],""7"":[""clmm-core"",""dropped:r1"",7.4437]}}"
P16,160,0.05,909,14,bestof8-seq,SUCCESS,1,6.65,6.4125,15,1064,47.2493,mm[run7],663,,"{""per_run_s"":7.5,""accs"":[7.15,7.0,7.0375,7.3937,6.8187,7.3,7.075,6.65]}"
P16,160,0.05,909,14,bestof8-par,SUCCESS,1,6.65,6.4125,15,1064,8.7385,mm[run7],663,,"{""per_run_s"":60.0,""accs"":[7.15,7.0,7.0375,7.3937,6.8187,7.3,7.075,6.65],""used_s"":[5.6,7.5,5.7,4.4,8.7,4.3,5.5,6.5]}"
P16,160,0.05,909,14,race8-par,SUCCESS,1,6.0375,5.8937,12,966,60.1179,cuthill[5]@final12,663,,"{""final_survivor"":5,""elapsed_s"":60.117,""arms"":{""0"":[""template"",""floor"",8.4563],""1"":[""mm"",""dropped:r3"",6.3688],""2"":[""mm"",""dropped:r1"",7.4375],""3"":[""mm"",""dropped:r1"",7.4625],""4"":[""mm"",""dropped:r2"",6.9625],""5"":[""cuthill"",""final"",6.0375],""6"":[""clmm"",""dropped:r2"",6.9],""7"":[""clmm-core"",""dropped:r1"",7.4437]}}"
P16,160,0.05,910,10,race8-seq,SUCCESS,1,5.8438,5.7375,12,935,60.082,mm[2]@q2,632,,"{""final_survivor"":2,""elapsed_s"":60.082,""arms"":{""0"":[""template"",""floor"",8.6687],""1"":[""mm"",""dropped:r2"",6.2812],""2"":[""mm"",""final"",5.8438],""3"":[""mm"",""dropped:r1"",6.9938],""4"":[""mm"",""dropped:r3"",6.0687],""5"":[""cuthill"",""dropped:r2"",6.4188],""6"":[""clmm"",""dropped:r1"",7.1375],""7"":[""clmm-core"",""dropped:r1"",6.9562]}}"
P16,160,0.05,910,10,bestof8-seq,SUCCESS,1,6.4875,6.2938,14,1038,37.2047,mm[run4],632,,"{""per_run_s"":7.5,""accs"":[6.775,7.1312,6.6125,6.5625,6.4875,6.9125,6.6875,6.9]}"
P16,160,0.05,910,10,bestof8-par,SUCCESS,1,6.4875,6.2938,14,1038,5.8717,mm[run4],632,,"{""per_run_s"":60.0,""accs"":[6.775,7.1312,6.6125,6.5625,6.4875,6.9125,6.6875,6.9],""used_s"":[5.3,3.4,5.8,5.0,5.5,4.2,5.1,3.4]}"
P16,160,0.05,910,10,race8-par,SUCCESS,1,5.625,5.5438,12,900,60.0866,mm[2]@final6,632,,"{""final_survivor"":2,""elapsed_s"":60.086,""arms"":{""0"":[""template"",""floor"",8.6687],""1"":[""mm"",""dropped:r2"",6.2812],""2"":[""mm"",""final"",5.625],""3"":[""mm"",""dropped:r1"",6.9938],""4"":[""mm"",""dropped:r2"",6.0687],""5"":[""cuthill"",""dropped:r3"",6.0312],""6"":[""clmm"",""dropped:r1"",7.1375],""7"":[""clmm-core"",""dropped:r1"",6.9562]}}"
P16,160,0.05,910,11,race8-seq,SUCCESS,1,6.1063,5.9188,13,977,60.0203,mm[1]@q3,632,,"{""final_survivor"":1,""elapsed_s"":60.02,""arms"":{""0"":[""template"",""floor"",8.6687],""1"":[""mm"",""final"",6.1063],""2"":[""mm"",""dropped:r3"",6.1188],""3"":[""mm"",""dropped:r2"",6.3937],""4"":[""mm"",""dropped:r1"",6.775],""5"":[""cuthill"",""dropped:r2"",6.3625],""6"":[""clmm"",""dropped:r1"",7.1688],""7"":[""clmm-core"",""dropped:r1"",7.2687]}}"
P16,160,0.05,910,11,bestof8-seq,SUCCESS,1,6.2562,6.125,14,1001,46.1336,mm[run0],632,,"{""per_run_s"":7.5,""accs"":[6.2562,6.3688,6.3688,6.2625,6.6312,6.9625,6.9,6.875]}"
P16,160,0.05,910,11,bestof8-par,SUCCESS,1,6.2562,6.125,14,1001,7.7356,mm[run0],632,,"{""per_run_s"":60.0,""accs"":[6.2562,6.3688,6.3688,6.2625,6.6312,6.9625,6.9,6.875],""used_s"":[5.4,7.7,7.5,6.7,5.4,4.6,6.0,3.5]}"
P16,160,0.05,910,11,race8-par,SUCCESS,1,5.85,5.7875,11,936,60.0457,mm[2]@final10,632,,"{""final_survivor"":2,""elapsed_s"":60.045,""arms"":{""0"":[""template"",""floor"",8.6687],""1"":[""mm"",""dropped:r3"",6.2562],""2"":[""mm"",""final"",5.85],""3"":[""mm"",""dropped:r2"",6.5125],""4"":[""mm"",""dropped:r1"",6.775],""5"":[""cuthill"",""dropped:r2"",6.3625],""6"":[""clmm"",""dropped:r1"",7.1688],""7"":[""clmm-core"",""dropped:r1"",7.2687]}}"
P16,160,0.05,910,12,race8-seq,SUCCESS,1,6.2125,6.1312,14,994,60.0905,mm[2]@q2,632,,"{""final_survivor"":2,""elapsed_s"":60.09,""arms"":{""0"":[""template"",""floor"",8.6687],""1"":[""mm"",""dropped:r1"",6.8937],""2"":[""mm"",""final"",6.2125],""3"":[""mm"",""dropped:r3"",6.2687],""4"":[""mm"",""dropped:r1"",6.9688],""5"":[""cuthill"",""dropped:r2"",6.4688],""6"":[""clmm"",""dropped:r2"",6.55],""7"":[""clmm-core"",""dropped:r1"",6.975]}}"
P16,160,0.05,910,12,bestof8-seq,SUCCESS,1,6.175,6.0187,13,988,45.8901,mm[run5],632,,"{""per_run_s"":7.5,""accs"":[6.2,6.55,7.0687,7.3312,6.6688,6.175,6.4813,6.775]}"
P16,160,0.05,910,12,bestof8-par,SUCCESS,1,6.0938,5.9437,13,975,9.5337,mm[run5],632,,"{""per_run_s"":60.0,""accs"":[6.2,6.55,7.0687,7.3312,6.6688,6.0938,6.4813,6.775],""used_s"":[7.7,5.6,5.0,3.3,8.0,9.5,5.7,4.2]}"
P16,160,0.05,910,12,race8-par,SUCCESS,1,5.6875,5.5438,12,910,60.1001,mm[3]@final11,632,,"{""final_survivor"":3,""elapsed_s"":60.1,""arms"":{""0"":[""template"",""floor"",8.6687],""1"":[""mm"",""dropped:r1"",6.8937],""2"":[""mm"",""dropped:r3"",6.2125],""3"":[""mm"",""final"",5.6875],""4"":[""mm"",""dropped:r1"",7.0125],""5"":[""cuthill"",""dropped:r2"",6.4688],""6"":[""clmm"",""dropped:r2"",6.55],""7"":[""clmm-core"",""dropped:r1"",6.975]}}"
P16,160,0.05,910,13,race8-seq,SUCCESS,1,5.8063,5.6562,12,929,60.0588,mm[1]@q3,632,,"{""final_survivor"":1,""elapsed_s"":60.059,""arms"":{""0"":[""template"",""floor"",8.6687],""1"":[""mm"",""final"",5.8063],""2"":[""mm"",""dropped:r2"",5.9938],""3"":[""mm"",""dropped:r1"",7.1375],""4"":[""mm"",""dropped:r3"",5.975],""5"":[""cuthill"",""dropped:r2"",6.3625],""6"":[""clmm"",""dropped:r1"",6.9062],""7"":[""clmm-core"",""dropped:r1"",6.9625]}}"
P16,160,0.05,910,13,bestof8-seq,SUCCESS,1,6.1,5.9125,14,976,44.5607,mm[run7],632,,"{""per_run_s"":7.5,""accs"":[6.2313,6.2812,6.3625,7.4437,6.4313,6.65,6.575,6.1]}"
P16,160,0.05,910,13,bestof8-par,SUCCESS,1,6.075,5.8875,14,972,8.8933,mm[run7],632,,"{""per_run_s"":60.0,""accs"":[6.2313,6.2812,6.3625,7.4437,6.4313,6.65,6.575,6.075],""used_s"":[7.2,6.3,6.5,3.3,4.5,4.3,5.6,8.9]}"
P16,160,0.05,910,13,race8-par,SUCCESS,1,5.575,5.4625,11,892,60.0742,mm[4]@final5,632,,"{""final_survivor"":4,""elapsed_s"":60.074,""arms"":{""0"":[""template"",""floor"",8.6687],""1"":[""mm"",""dropped:r2"",6.225],""2"":[""mm"",""dropped:r3"",5.975],""3"":[""mm"",""dropped:r1"",7.1375],""4"":[""mm"",""final"",5.575],""5"":[""cuthill"",""dropped:r2"",6.3625],""6"":[""clmm"",""dropped:r1"",6.9062],""7"":[""clmm-core"",""dropped:r1"",6.9875]}}"
P16,160,0.05,910,14,race8-seq,SUCCESS,1,5.7625,5.625,13,922,60.0573,cuthill[5]@q2,632,,"{""final_survivor"":5,""elapsed_s"":60.057,""arms"":{""0"":[""template"",""floor"",8.6687],""1"":[""mm"",""dropped:r2"",6.4375],""2"":[""mm"",""dropped:r2"",6.4437],""3"":[""mm"",""dropped:r1"",6.9188],""4"":[""mm"",""dropped:r3"",6.1875],""5"":[""cuthill"",""final"",5.7625],""6"":[""clmm"",""dropped:r1"",6.8187],""7"":[""clmm-core"",""dropped:r1"",7.2687]}}"
P16,160,0.05,910,14,bestof8-seq,SUCCESS,1,6.2125,6.0625,14,994,45.6862,mm[run4],632,,"{""per_run_s"":7.5,""accs"":[6.4562,7.1188,6.9688,6.4062,6.2125,6.5187,7.2313,6.775]}"
P16,160,0.05,910,14,bestof8-par,SUCCESS,1,6.2125,6.0625,14,994,8.7682,mm[run4],632,,"{""per_run_s"":60.0,""accs"":[6.4562,7.1188,6.9688,6.425,6.2125,6.5187,7.2313,6.775],""used_s"":[8.5,3.4,4.4,8.7,6.6,5.1,3.3,8.0]}"
P16,160,0.05,910,14,race8-par,SUCCESS,1,5.625,5.4875,12,900,60.0307,cuthill[5]@final4,632,,"{""final_survivor"":5,""elapsed_s"":60.03,""arms"":{""0"":[""template"",""floor"",8.6687],""1"":[""mm"",""dropped:r2"",6.4375],""2"":[""mm"",""dropped:r2"",6.4437],""3"":[""mm"",""dropped:r1"",6.9188],""4"":[""mm"",""dropped:r3"",6.1312],""5"":[""cuthill"",""final"",5.625],""6"":[""clmm"",""dropped:r1"",6.8187],""7"":[""clmm-core"",""dropped:r1"",7.2687]}}"
P16,160,0.05,911,10,race8-seq,SUCCESS,1,5.3063,5.1688,11,849,60.0543,mm[4]@q3,601,,"{""final_survivor"":4,""elapsed_s"":60.054,""arms"":{""0"":[""template"",""floor"",8.5437],""1"":[""mm"",""dropped:r3"",5.5312],""2"":[""mm"",""dropped:r1"",6.6],""3"":[""mm"",""dropped:r2"",5.7938],""4"":[""mm"",""final"",5.3063],""5"":[""cuthill"",""dropped:r2"",5.95],""6"":[""clmm"",""dropped:r1"",6.8438],""7"":[""clmm-core"",""dropped:r1"",7.25]}}"
P16,160,0.05,911,10,bestof8-seq,SUCCESS,1,6.075,5.9437,14,972,34.8916,mm[run7],601,,"{""per_run_s"":7.5,""accs"":[6.7625,6.925,6.1875,6.35,6.1125,6.3563,6.1312,6.075]}"
P16,160,0.05,911,10,bestof8-par,SUCCESS,1,6.075,5.9437,14,972,7.2345,mm[run7],601,,"{""per_run_s"":60.0,""accs"":[6.7625,6.925,6.1875,6.35,6.1125,6.3563,6.1312,6.075],""used_s"":[3.1,2.6,7.2,3.6,4.1,5.2,4.3,5.1]}"
P16,160,0.05,911,10,race8-par,SUCCESS,1,5.2375,5.1937,11,838,60.0926,mm[4]@final1,601,,"{""final_survivor"":4,""elapsed_s"":60.092,""arms"":{""0"":[""template"",""floor"",8.5437],""1"":[""mm"",""dropped:r3"",5.5312],""2"":[""mm"",""dropped:r1"",6.6],""3"":[""mm"",""dropped:r2"",5.7938],""4"":[""mm"",""final"",5.2375],""5"":[""cuthill"",""dropped:r2"",5.95],""6"":[""clmm"",""dropped:r1"",6.8438],""7"":[""clmm-core"",""dropped:r1"",7.25]}}"
P16,160,0.05,911,11,race8-seq,SUCCESS,1,5.8187,5.6375,12,931,60.04,mm[2]@q2,601,,"{""final_survivor"":2,""elapsed_s"":60.04,""arms"":{""0"":[""template"",""floor"",8.5437],""1"":[""mm"",""dropped:r3"",5.85],""2"":[""mm"",""final"",5.8187],""3"":[""mm"",""dropped:r2"",5.8563],""4"":[""mm"",""dropped:r1"",6.3187],""5"":[""cuthill"",""dropped:r2"",6.0625],""6"":[""clmm"",""dropped:r1"",6.525],""7"":[""clmm-core"",""dropped:r1"",7.0938]}}"
P16,160,0.05,911,11,bestof8-seq,SUCCESS,1,5.9,5.6937,13,944,40.7759,mm[run0],601,,"{""per_run_s"":7.5,""accs"":[5.9,6.3625,5.9813,6.325,6.025,6.3563,6.05,6.1188]}"
P16,160,0.05,911,11,bestof8-par,SUCCESS,1,5.9,5.6937,13,944,7.4166,mm[run0],601,,"{""per_run_s"":60.0,""accs"":[5.9,6.3625,5.9813,6.325,6.025,6.3563,6.05,6.1188],""used_s"":[6.3,5.2,4.4,5.3,7.4,4.6,4.4,3.6]}"
P16,160,0.05,911,11,race8-par,SUCCESS,1,5.4,5.3,11,864,60.0613,mm[2]@final8,601,,"{""final_survivor"":2,""elapsed_s"":60.061,""arms"":{""0"":[""template"",""floor"",8.5437],""1"":[""mm"",""dropped:r2"",5.85],""2"":[""mm"",""final"",5.4],""3"":[""mm"",""dropped:r3"",5.8063],""4"":[""mm"",""dropped:r1"",6.3187],""5"":[""cuthill"",""dropped:r2"",6.0625],""6"":[""clmm"",""dropped:r1"",6.525],""7"":[""clmm-core"",""dropped:r1"",7.0938]}}"
P16,160,0.05,911,12,race8-seq,SUCCESS,1,5.65,5.5312,12,904,60.0177,mm[3]@q3,601,,"{""final_survivor"":3,""elapsed_s"":60.017,""arms"":{""0"":[""template"",""floor"",8.5437],""1"":[""mm"",""dropped:r2"",6.2875],""2"":[""mm"",""dropped:r1"",6.4688],""3"":[""mm"",""final"",5.65],""4"":[""mm"",""dropped:r3"",5.7],""5"":[""cuthill"",""dropped:r2"",6.3125],""6"":[""clmm"",""dropped:r1"",6.8438],""7"":[""clmm-core"",""dropped:r1"",6.7438]}}"
P16,160,0.05,911,12,bestof8-seq,SUCCESS,1,5.8812,5.7188,13,941,38.6475,mm[run2],601,,"{""per_run_s"":7.5,""accs"":[6.575,6.675,5.8812,6.3812,5.9562,6.1188,5.975,6.9]}"
P16,160,0.05,911,12,bestof8-par,SUCCESS,1,5.8812,5.7188,13,941,8.4546,mm[run2],601,,"{""per_run_s"":60.0,""accs"":[6.575,6.675,5.8812,6.3812,5.9562,6.1188,5.975,6.9],""used_s"":[3.4,5.2,5.0,5.0,8.4,5.0,5.0,3.1]}"
P16,160,0.05,911,12,race8-par,SUCCESS,1,5.4188,5.325,11,867,60.0683,mm[4]@final4,601,,"{""final_survivor"":4,""elapsed_s"":60.068,""arms"":{""0"":[""template"",""floor"",8.5437],""1"":[""mm"",""dropped:r2"",6.2875],""2"":[""mm"",""dropped:r1"",6.4688],""3"":[""mm"",""dropped:r3"",5.7687],""4"":[""mm"",""final"",5.4188],""5"":[""cuthill"",""dropped:r2"",6.3125],""6"":[""clmm"",""dropped:r1"",6.8438],""7"":[""clmm-core"",""dropped:r1"",6.7438]}}"
P16,160,0.05,911,13,race8-seq,SUCCESS,1,5.6375,5.4813,12,902,60.0945,mm[1]@q3,601,,"{""final_survivor"":1,""elapsed_s"":60.094,""arms"":{""0"":[""template"",""floor"",8.5437],""1"":[""mm"",""final"",5.6375],""2"":[""mm"",""dropped:r1"",6.7375],""3"":[""mm"",""dropped:r2"",5.9688],""4"":[""mm"",""dropped:r3"",5.7125],""5"":[""cuthill"",""dropped:r2"",5.8812],""6"":[""clmm"",""dropped:r1"",6.7438],""7"":[""clmm-core"",""dropped:r1"",6.7438]}}"
P16,160,0.05,911,13,bestof8-seq,SUCCESS,1,5.9,5.7125,13,944,37.222,mm[run1],601,,"{""per_run_s"":7.5,""accs"":[6.1312,5.9,6.6625,6.5062,6.4375,6.0938,6.2438,6.35]}"
P16,160,0.05,911,13,bestof8-par,SUCCESS,1,5.9,5.7125,13,944,6.6872,mm[run1],601,,"{""per_run_s"":60.0,""accs"":[6.1312,5.9,6.6625,6.5062,6.4375,6.0938,6.2438,6.35],""used_s"":[6.7,4.0,5.0,3.7,4.2,5.3,3.2,6.5]}"
P16,160,0.05,911,13,race8-par,SUCCESS,1,5.5375,5.4375,11,886,60.0651,mm[1]@final7,601,,"{""final_survivor"":1,""elapsed_s"":60.065,""arms"":{""0"":[""template"",""floor"",8.5437],""1"":[""mm"",""final"",5.5375],""2"":[""mm"",""dropped:r1"",6.7375],""3"":[""mm"",""dropped:r2"",5.9688],""4"":[""mm"",""dropped:r3"",5.65],""5"":[""cuthill"",""dropped:r2"",5.8812],""6"":[""clmm"",""dropped:r1"",6.625],""7"":[""clmm-core"",""dropped:r1"",6.7438]}}"
P16,160,0.05,911,14,race8-seq,SUCCESS,1,5.5875,5.4437,12,894,60.0283,mm[1]@q3,601,,"{""final_survivor"":1,""elapsed_s"":60.028,""arms"":{""0"":[""template"",""floor"",8.5437],""1"":[""mm"",""final"",5.5875],""2"":[""mm"",""dropped:r2"",5.7687],""3"":[""mm"",""dropped:r3"",5.7562],""4"":[""mm"",""dropped:r1"",6.3438],""5"":[""cuthill"",""dropped:r2"",6.1125],""6"":[""clmm"",""dropped:r1"",6.6188],""7"":[""clmm-core"",""dropped:r1"",6.7438]}}"
P16,160,0.05,911,14,bestof8-seq,SUCCESS,1,6.1312,5.975,15,981,34.592,mm[run6],601,,"{""per_run_s"":7.5,""accs"":[6.825,6.325,6.1375,6.1937,6.2687,6.3812,6.1312,6.9562]}"
P16,160,0.05,911,14,bestof8-par,SUCCESS,1,6.1312,5.975,15,981,6.3149,mm[run6],601,,"{""per_run_s"":60.0,""accs"":[6.825,6.325,6.1375,6.1937,6.2687,6.3812,6.1312,6.9562],""used_s"":[3.3,3.9,4.1,5.6,4.9,4.5,6.3,2.8]}"
P16,160,0.05,911,14,race8-par,SUCCESS,1,5.225,5.1063,11,836,60.0538,mm[1]@final2,601,,"{""final_survivor"":1,""elapsed_s"":60.053,""arms"":{""0"":[""template"",""floor"",8.5437],""1"":[""mm"",""final"",5.225],""2"":[""mm"",""dropped:r2"",5.7687],""3"":[""mm"",""dropped:r3"",5.7438],""4"":[""mm"",""dropped:r1"",6.3438],""5"":[""cuthill"",""dropped:r2"",6.1125],""6"":[""clmm"",""dropped:r1"",6.6188],""7"":[""clmm-core"",""dropped:r1"",6.7438]}}"
P16,160,0.05,912,10,race8-seq,SUCCESS,1,6.8937,6.6625,15,1103,60.0873,mm[2]@q2,669,,"{""final_survivor"":2,""elapsed_s"":60.087,""arms"":{""0"":[""template"",""floor"",8.9688],""1"":[""mm"",""dropped:r2"",7.4],""2"":[""mm"",""final"",6.8937],""3"":[""mm"",""dropped:r3"",7.0625],""4"":[""mm"",""dropped:r2"",7.1562],""5"":[""cuthill"",""dropped:r1"",7.75],""6"":[""clmm"",""dropped:r1"",7.6375],""7"":[""clmm-core"",""dropped:r1"",8.8125]}}"
P16,160,0.05,912,10,bestof8-seq,SUCCESS,1,6.6375,6.4,15,1062,43.9748,mm[run0],669,,"{""per_run_s"":7.5,""accs"":[6.6375,7.2938,7.275,7.4437,7.4562,7.4437,7.0062,7.2438]}"
P16,160,0.05,912,10,bestof8-par,SUCCESS,1,6.6375,6.4,15,1062,11.4813,mm[run0],669,,"{""per_run_s"":60.0,""accs"":[6.6375,6.7938,7.275,7.4437,7.4562,7.4437,7.0062,7.2438],""used_s"":[8.8,11.5,3.4,4.6,4.7,5.7,4.3,6.5]}"
P16,160,0.05,912,10,race8-par,SUCCESS,1,6.2562,6.0812,12,1001,60.0731,mm[2]@final7,669,,"{""final_survivor"":2,""elapsed_s"":60.072,""arms"":{""0"":[""template"",""floor"",8.9688],""1"":[""mm"",""dropped:r2"",7.1688],""2"":[""mm"",""final"",6.2562],""3"":[""mm"",""dropped:r3"",6.85],""4"":[""mm"",""dropped:r2"",7.1562],""5"":[""cuthill"",""dropped:r1"",7.75],""6"":[""clmm"",""dropped:r1"",7.6375],""7"":[""clmm-core"",""dropped:r1"",8.8125]}}"
P16,160,0.05,912,11,race8-seq,SUCCESS,1,6.6188,6.5,14,1059,60.2589,mm[2]@q1,669,,"{""final_survivor"":2,""elapsed_s"":60.259,""arms"":{""0"":[""template"",""floor"",8.9688],""1"":[""mm"",""dropped:r2"",6.875],""2"":[""mm"",""final"",6.6188],""3"":[""mm"",""dropped:r1"",7.2375],""4"":[""mm"",""dropped:r3"",6.7562],""5"":[""cuthill"",""dropped:r2"",6.8875],""6"":[""clmm"",""dropped:r1"",7.6125],""7"":[""clmm-core"",""dropped:r1"",8.3438]}}"
P16,160,0.05,912,11,bestof8-seq,SUCCESS,1,6.7,6.4625,14,1072,44.7573,mm[run1],669,,"{""per_run_s"":7.5,""accs"":[7.0687,6.7,7.7875,7.1437,6.8812,6.9062,7.55,6.975]}"
P16,160,0.05,912,11,bestof8-par,SUCCESS,1,6.7,6.4625,14,1072,9.385,mm[run1],669,,"{""per_run_s"":60.0,""accs"":[7.0687,6.7,7.7875,7.1437,6.8812,6.9062,7.55,6.8187],""used_s"":[7.5,6.3,3.0,4.1,5.4,5.5,5.5,9.4]}"
P16,160,0.05,912,11,race8-par,SUCCESS,1,6.5062,6.2812,14,1041,60.1818,mm[2]@final4,669,,"{""final_survivor"":2,""elapsed_s"":60.181,""arms"":{""0"":[""template"",""floor"",8.9688],""1"":[""mm"",""dropped:r2"",6.8312],""2"":[""mm"",""final"",6.5062],""3"":[""mm"",""dropped:r1"",7.2375],""4"":[""mm"",""dropped:r3"",6.7562],""5"":[""cuthill"",""dropped:r2"",6.8875],""6"":[""clmm"",""dropped:r1"",7.6125],""7"":[""clmm-core"",""dropped:r1"",8.3438]}}"
P16,160,0.05,912,12,race8-seq,SUCCESS,1,6.6188,6.4,14,1059,60.0936,cuthill[5]@q2,669,,"{""final_survivor"":5,""elapsed_s"":60.093,""arms"":{""0"":[""template"",""floor"",8.9688],""1"":[""mm"",""dropped:r1"",7.5375],""2"":[""mm"",""dropped:r3"",6.7375],""3"":[""mm"",""dropped:r2"",7.0125],""4"":[""mm"",""dropped:r2"",6.8187],""5"":[""cuthill"",""final"",6.6188],""6"":[""clmm"",""dropped:r1"",8.8938],""7"":[""clmm-core"",""dropped:r1"",8.0813]}}"
P16,160,0.05,912,12,bestof8-seq,SUCCESS,1,6.725,6.5312,14,1076,47.0339,mm[run1],669,,"{""per_run_s"":7.5,""accs"":[7.6063,6.725,6.9062,7.3125,7.1312,6.8625,7.2375,7.3375]}"
P16,160,0.05,912,12,bestof8-par,SUCCESS,1,6.725,6.5312,14,1076,8.3806,mm[run1],669,,"{""per_run_s"":60.0,""accs"":[7.6063,6.725,6.9062,7.3125,7.1312,6.8625,7.2375,7.3375],""used_s"":[5.1,8.4,7.5,5.2,5.3,4.5,7.1,5.4]}"
P16,160,0.05,912,12,race8-par,SUCCESS,1,6.4375,6.2812,13,1030,60.1083,mm[2]@final10,669,,"{""final_survivor"":2,""elapsed_s"":60.108,""arms"":{""0"":[""template"",""floor"",8.9688],""1"":[""mm"",""dropped:r1"",7.5375],""2"":[""mm"",""final"",6.4375],""3"":[""mm"",""dropped:r2"",7.0125],""4"":[""mm"",""dropped:r2"",6.8187],""5"":[""cuthill"",""dropped:r3"",6.7938],""6"":[""clmm"",""dropped:r1"",8.8938],""7"":[""clmm-core"",""dropped:r1"",8.0813]}}"
P16,160,0.05,912,13,race8-seq,SUCCESS,1,6.5187,6.2812,14,1043,60.1038,mm[4]@q3,669,,"{""final_survivor"":4,""elapsed_s"":60.104,""arms"":{""0"":[""template"",""floor"",8.9688],""1"":[""mm"",""dropped:r2"",6.8812],""2"":[""mm"",""dropped:r1"",7.525],""3"":[""mm"",""dropped:r2"",6.9437],""4"":[""mm"",""final"",6.5187],""5"":[""cuthill"",""dropped:r3"",6.875],""6"":[""clmm"",""dropped:r1"",8.1813],""7"":[""clmm-core"",""dropped:r1"",8.1188]}}"
P16,160,0.05,912,13,bestof8-seq,SUCCESS,1,6.7938,6.5687,15,1087,46.5053,mm[run5],669,,"{""per_run_s"":7.5,""accs"":[7.25,7.2562,7.475,7.25,7.4562,6.7938,7.825,7.3187]}"
P16,160,0.05,912,13,bestof8-par,SUCCESS,1,6.7938,6.5687,15,1087,10.4119,mm[run5],669,,"{""per_run_s"":60.0,""accs"":[6.9875,7.2562,7.475,7.25,7.4562,6.7938,7.825,7.3187],""used_s"":[10.4,5.6,5.4,6.7,4.3,8.3,3.5,6.8]}"
P16,160,0.05,912,13,race8-par,SUCCESS,1,6.1125,5.9313,13,978,60.093,mm[4]@final11,669,,"{""final_survivor"":4,""elapsed_s"":60.092,""arms"":{""0"":[""template"",""floor"",8.9688],""1"":[""mm"",""dropped:r3"",6.625],""2"":[""mm"",""dropped:r1"",7.525],""3"":[""mm"",""dropped:r2"",6.9437],""4"":[""mm"",""final"",6.1125],""5"":[""cuthill"",""dropped:r2"",6.875],""6"":[""clmm"",""dropped:r1"",8.1813],""7"":[""clmm-core"",""dropped:r1"",8.1188]}}"
P16,160,0.05,912,14,race8-seq,SUCCESS,1,6.1625,5.975,13,986,60.0233,cuthill[5]@q3,669,,"{""final_survivor"":5,""elapsed_s"":60.023,""arms"":{""0"":[""template"",""floor"",8.9688],""1"":[""mm"",""dropped:r3"",6.5187],""2"":[""mm"",""dropped:r2"",6.9062],""3"":[""mm"",""dropped:r2"",6.9313],""4"":[""mm"",""dropped:r1"",7.4375],""5"":[""cuthill"",""final"",6.1625],""6"":[""clmm"",""dropped:r1"",8.3438],""7"":[""clmm-core"",""dropped:r1"",8.2438]}}"
P16,160,0.05,912,14,bestof8-seq,SUCCESS,1,6.5187,6.325,14,1043,49.6024,mm[run4],669,,"{""per_run_s"":7.5,""accs"":[7.05,7.0438,6.7313,7.6,6.5187,7.5438,7.15,7.1125]}"
P16,160,0.05,912,14,bestof8-par,SUCCESS,1,6.5187,6.325,14,1043,8.825,mm[run4],669,,"{""per_run_s"":60.0,""accs"":[7.05,7.0438,6.7313,7.6,6.5187,7.5438,7.15,7.1125],""used_s"":[7.8,6.6,8.8,4.8,8.1,4.9,5.4,5.6]}"
P16,160,0.05,912,14,race8-par,SUCCESS,1,6.0875,5.9562,13,974,60.0777,cuthill[5]@final10,669,,"{""final_survivor"":5,""elapsed_s"":60.077,""arms"":{""0"":[""template"",""floor"",8.9688],""1"":[""mm"",""dropped:r3"",6.3875],""2"":[""mm"",""dropped:r2"",6.9062],""3"":[""mm"",""dropped:r2"",6.9313],""4"":[""mm"",""dropped:r1"",7.4375],""5"":[""cuthill"",""final"",6.0875],""6"":[""clmm"",""dropped:r1"",8.3438],""7"":[""clmm-core"",""dropped:r1"",8.0188]}}"
P16,160,0.05,913,10,race8-seq,SUCCESS,1,5.8875,5.7562,13,942,60.1011,mm[3]@q3,621,,"{""final_survivor"":3,""elapsed_s"":60.101,""arms"":{""0"":[""template"",""floor"",8.3562],""1"":[""mm"",""dropped:r3"",6.0187],""2"":[""mm"",""dropped:r2"",6.3125],""3"":[""mm"",""final"",5.8875],""4"":[""mm"",""dropped:r1"",6.7],""5"":[""cuthill"",""dropped:r2"",6.1375],""6"":[""clmm"",""dropped:r1"",7.1875],""7"":[""clmm-core"",""dropped:r1"",7.275]}}"
P16,160,0.05,913,10,bestof8-seq,SUCCESS,1,6.2,5.95,15,992,34.8493,mm[run3],621,,"{""per_run_s"":7.5,""accs"":[6.4688,6.4437,6.7062,6.2,6.5312,6.5375,6.7687,7.0125]}"
P16,160,0.05,913,10,bestof8-par,SUCCESS,1,6.2,5.95,15,992,5.3096,mm[run3],621,,"{""per_run_s"":60.0,""accs"":[6.4688,6.4437,6.7062,6.2,6.5312,6.5375,6.7687,7.0125],""used_s"":[5.3,5.2,4.1,4.3,5.2,3.9,3.8,3.6]}"
P16,160,0.05,913,10,race8-par,SUCCESS,1,5.6125,5.4375,12,898,60.0834,mm[3]@final4,621,,"{""final_survivor"":3,""elapsed_s"":60.083,""arms"":{""0"":[""template"",""floor"",8.3562],""1"":[""mm"",""dropped:r3"",5.9313],""2"":[""mm"",""dropped:r2"",6.3125],""3"":[""mm"",""final"",5.6125],""4"":[""mm"",""dropped:r1"",6.7],""5"":[""cuthill"",""dropped:r2"",6.1375],""6"":[""clmm"",""dropped:r1"",7.1875],""7"":[""clmm-core"",""dropped:r1"",7.275]}}"
P16,160,0.05,913,11,race8-seq,SUCCESS,1,5.6188,5.5125,13,899,60.0285,mm[2]@q3,621,,"{""final_survivor"":2,""elapsed_s"":60.028,""arms"":{""0"":[""template"",""floor"",8.3562],""1"":[""mm"",""dropped:r1"",6.8063],""2"":[""mm"",""final"",5.6188],""3"":[""mm"",""dropped:r3"",6.0938],""4"":[""mm"",""dropped:r1"",6.9062],""5"":[""cuthill"",""dropped:r2"",6.6125],""6"":[""clmm"",""dropped:r2"",6.775],""7"":[""clmm-core"",""dropped:r1"",6.825]}}"
P16,160,0.05,913,11,bestof8-seq,SUCCESS,1,6.0812,5.9437,14,973,45.3557,mm[run3],621,,"{""per_run_s"":7.5,""accs"":[6.0938,6.1188,6.1188,6.0812,7.125,6.2875,6.0875,7.375]}"
P16,160,0.05,913,11,bestof8-par,SUCCESS,1,5.9938,5.85,13,959,10.862,mm[run3],621,,"{""per_run_s"":60.0,""accs"":[6.0938,6.0563,6.1188,5.9938,7.125,6.2875,6.0875,7.375],""used_s"":[4.8,10.6,7.9,10.8,4.0,5.9,5.8,2.7]}"
P16,160,0.05,913,11,race8-par,SUCCESS,1,5.5438,5.425,11,887,60.1211,mm[2]@final7,621,,"{""final_survivor"":2,""elapsed_s"":60.121,""arms"":{""0"":[""template"",""floor"",8.3562],""1"":[""mm"",""dropped:r1"",6.8063],""2"":[""mm"",""final"",5.5438],""3"":[""mm"",""dropped:r3"",5.8688],""4"":[""mm"",""dropped:r1"",7.1875],""5"":[""cuthill"",""dropped:r2"",6.4437],""6"":[""clmm"",""dropped:r2"",6.775],""7"":[""clmm-core"",""dropped:r1"",6.825]}}"
P16,160,0.05,913,13,race8-seq,SUCCESS,1,5.7562,5.6125,13,921,60.0979,cuthill[5]@q3,621,,"{""final_survivor"":5,""elapsed_s"":60.098,""arms"":{""0"":[""template"",""floor"",8.3562],""1"":[""mm"",""dropped:r2"",6.0312],""2"":[""mm"",""dropped:r3"",5.9938],""3"":[""mm"",""dropped:r1"",6.45],""4"":[""mm"",""dropped:r2"",6.3812],""5"":[""cuthill"",""final"",5.7562],""6"":[""clmm"",""dropped:r1"",6.9875],""7"":[""clmm-core"",""dropped:r1"",7.075]}}"
P16,160,0.05,913,13,bestof8-seq,SUCCESS,1,6.025,5.85,13,964,41.5665,mm[run6],621,,"{""per_run_s"":7.5,""accs"":[6.85,6.2562,6.9375,6.2562,6.4437,6.2188,6.025,6.1688]}"
P16,160,0.05,913,13,bestof8-par,SUCCESS,1,6.025,5.85,13,964,7.1421,mm[run6],621,,"{""per_run_s"":60.0,""accs"":[6.85,6.2562,6.9375,6.2562,6.4437,6.2188,6.025,6.1688],""used_s"":[3.7,4.8,2.7,6.3,5.5,6.4,7.1,6.0]}"
P16,160,0.05,913,13,race8-par,SUCCESS,1,5.5563,5.4062,12,889,60.1022,cuthill[5]@final12,621,,"{""final_survivor"":5,""elapsed_s"":60.102,""arms"":{""0"":[""template"",""floor"",8.3562],""1"":[""mm"",""dropped:r1"",6.4875],""2"":[""mm"",""dropped:r2"",5.9938],""3"":[""mm"",""dropped:r3"",5.8875],""4"":[""mm"",""dropped:r2"",6.3812],""5"":[""cuthill"",""final"",5.5563],""6"":[""clmm"",""dropped:r1"",6.9875],""7"":[""clmm-core"",""dropped:r1"",7.075]}}"
P16,160,0.05,913,12,race8-seq,SUCCESS,1,5.9938,5.7875,14,959,60.034,mm[2]@q2,621,,"{""final_survivor"":2,""elapsed_s"":60.034,""arms"":{""0"":[""template"",""floor"",8.3562],""1"":[""mm"",""dropped:r1"",6.95],""2"":[""mm"",""final"",5.9938],""3"":[""mm"",""dropped:r2"",6.5875],""4"":[""mm"",""dropped:r3"",6.0125],""5"":[""cuthill"",""dropped:r2"",6.4437],""6"":[""clmm"",""dropped:r1"",7.2],""7"":[""clmm-core"",""dropped:r1"",6.725]}}"
P16,160,0.05,913,12,bestof8-seq,SUCCESS,1,6.0687,5.9313,14,971,51.0925,mm[run1],621,,"{""per_run_s"":7.5,""accs"":[6.625,6.0687,6.1437,6.1875,6.65,6.2875,6.2687,6.25]}"
P16,160,0.05,913,12,bestof8-par,SUCCESS,1,6.0687,5.9313,14,971,7.9751,mm[run1],621,,"{""per_run_s"":60.0,""accs"":[6.625,6.0687,6.1437,6.1875,6.65,6.2875,6.2687,6.25],""used_s"":[6.1,7.8,5.8,7.1,5.6,5.0,8.0,7.5]}"
P16,160,0.05,913,12,race8-par,SUCCESS,1,5.4375,5.2938,12,870,60.0682,mm[2]@final10,621,,"{""final_survivor"":2,""elapsed_s"":60.068,""arms"":{""0"":[""template"",""floor"",8.3562],""1"":[""mm"",""dropped:r1"",6.95],""2"":[""mm"",""final"",5.4375],""3"":[""mm"",""dropped:r2"",6.5875],""4"":[""mm"",""dropped:r3"",6.0125],""5"":[""cuthill"",""dropped:r2"",6.4437],""6"":[""clmm"",""dropped:r1"",7.2],""7"":[""clmm-core"",""dropped:r1"",6.725]}}"
P16,160,0.05,913,14,race8-seq,SUCCESS,1,5.6,5.5187,12,896,60.1292,mm[2]@q3,621,,"{""final_survivor"":2,""elapsed_s"":60.129,""arms"":{""0"":[""template"",""floor"",8.3562],""1"":[""mm"",""dropped:r2"",6.0187],""2"":[""mm"",""final"",5.6],""3"":[""mm"",""dropped:r2"",6.225],""4"":[""mm"",""dropped:r1"",7.2313],""5"":[""cuthill"",""dropped:r3"",5.8875],""6"":[""clmm"",""dropped:r1"",6.7375],""7"":[""clmm-core"",""dropped:r1"",7.65]}}"
P16,160,0.05,913,14,bestof8-seq,SUCCESS,1,5.8937,5.7812,13,943,42.2216,mm[run2],621,,"{""per_run_s"":7.5,""accs"":[6.7438,6.1875,5.8937,6.3,6.4188,6.1375,6.5375,6.6125]}"
P16,160,0.05,913,14,bestof8-par,SUCCESS,1,5.8937,5.7812,13,943,7.8064,mm[run2],621,,"{""per_run_s"":60.0,""accs"":[6.7438,6.1875,5.8937,6.3,6.4188,6.1375,6.5375,6.6125],""used_s"":[3.9,5.7,5.4,6.6,6.4,7.8,2.7,5.1]}"
P16,160,0.05,913,14,race8-par,SUCCESS,1,5.2875,5.1562,11,846,60.03,mm[2]@final8,621,,"{""final_survivor"":2,""elapsed_s"":60.029,""arms"":{""0"":[""template"",""floor"",8.3562],""1"":[""mm"",""dropped:r2"",6.0187],""2"":[""mm"",""final"",5.2875],""3"":[""mm"",""dropped:r2"",6.225],""4"":[""mm"",""dropped:r1"",7.2313],""5"":[""cuthill"",""dropped:r3"",5.8875],""6"":[""clmm"",""dropped:r1"",6.7375],""7"":[""clmm-core"",""dropped:r1"",7.65]}}"
P16,160,0.05,914,10,race8-seq,SUCCESS,1,6.425,6.2375,14,1028,60.0372,cuthill[5]@q3,657,,"{""final_survivor"":5,""elapsed_s"":60.037,""arms"":{""0"":[""template"",""floor"",8.7625],""1"":[""mm"",""dropped:r3"",6.5187],""2"":[""mm"",""dropped:r2"",6.7],""3"":[""mm"",""dropped:r1"",7.1688],""4"":[""mm"",""dropped:r2"",6.5375],""5"":[""cuthill"",""final"",6.425],""6"":[""clmm"",""dropped:r1"",7.5812],""7"":[""clmm-core"",""dropped:r1"",7.7188]}}"
P16,160,0.05,914,10,bestof8-seq,SUCCESS,1,6.5125,6.3438,14,1042,45.4382,mm[run1],657,,"{""per_run_s"":7.5,""accs"":[7.2438,6.5125,7.3312,6.8375,6.7062,8.0125,6.8125,6.6625]}"
P16,160,0.05,914,10,bestof8-par,SUCCESS,1,6.5125,6.3438,14,1042,8.5339,mm[run1],657,,"{""per_run_s"":60.0,""accs"":[7.2438,6.5125,7.3312,6.8375,6.7062,8.0125,6.8125,6.6625],""used_s"":[4.9,8.5,5.5,5.8,6.3,3.3,5.4,7.3]}"
P16,160,0.05,914,10,race8-par,SUCCESS,1,6.475,6.2313,15,1036,60.1016,cuthill[5]@q2,657,,"{""final_survivor"":5,""elapsed_s"":60.101,""arms"":{""0"":[""template"",""floor"",8.7625],""1"":[""mm"",""dropped:r3"",6.5187],""2"":[""mm"",""dropped:r2"",6.7],""3"":[""mm"",""dropped:r1"",7.1688],""4"":[""mm"",""dropped:r2"",6.5375],""5"":[""cuthill"",""final"",6.475],""6"":[""clmm"",""dropped:r1"",7.5812],""7"":[""clmm-core"",""dropped:r1"",7.7188]}}"
P16,160,0.05,914,11,race8-seq,SUCCESS,1,6.3438,6.1188,14,1015,60.0662,mm[1]@q3,657,,"{""final_survivor"":1,""elapsed_s"":60.066,""arms"":{""0"":[""template"",""floor"",8.7625],""1"":[""mm"",""final"",6.3438],""2"":[""mm"",""dropped:r1"",6.925],""3"":[""mm"",""dropped:r2"",6.775],""4"":[""mm"",""dropped:r3"",6.5625],""5"":[""cuthill"",""dropped:r2"",6.85],""6"":[""clmm"",""dropped:r1"",7.5563],""7"":[""clmm-core"",""dropped:r1"",8.2688]}}"
P16,160,0.05,914,11,bestof8-seq,SUCCESS,1,6.325,6.225,14,1012,49.8392,mm[run7],657,,"{""per_run_s"":7.5,""accs"":[6.6688,6.5312,6.3937,6.4688,6.5938,6.9125,6.4562,6.325]}"
P16,160,0.05,914,11,bestof8-par,SUCCESS,1,6.2938,6.1188,14,1007,8.9302,mm[run2],657,,"{""per_run_s"":60.0,""accs"":[6.6688,6.5312,6.2938,6.4688,6.5938,6.9125,6.4562,6.325],""used_s"":[6.5,5.4,8.9,8.9,5.8,4.9,6.6,6.2]}"
P16,160,0.05,914,11,race8-par,SUCCESS,1,6.125,6.0,13,980,60.0664,mm[1]@final4,657,,"{""final_survivor"":1,""elapsed_s"":60.066,""arms"":{""0"":[""template"",""floor"",8.7625],""1"":[""mm"",""final"",6.125],""2"":[""mm"",""dropped:r1"",6.925],""3"":[""mm"",""dropped:r2"",6.775],""4"":[""mm"",""dropped:r3"",6.3812],""5"":[""cuthill"",""dropped:r2"",6.85],""6"":[""clmm"",""dropped:r1"",7.5563],""7"":[""clmm-core"",""dropped:r1"",8.2688]}}"
P16,160,0.05,914,12,race8-seq,SUCCESS,1,6.0938,5.925,13,975,60.0005,mm[1]@q2,657,,"{""final_survivor"":1,""elapsed_s"":60.0,""arms"":{""0"":[""template"",""floor"",8.7625],""1"":[""mm"",""final"",6.0938],""2"":[""mm"",""dropped:r2"",6.5812],""3"":[""mm"",""dropped:r1"",7.3875],""4"":[""mm"",""dropped:r2"",6.4437],""5"":[""cuthill"",""dropped:r3"",6.3125],""6"":[""clmm"",""dropped:r1"",7.6625],""7"":[""clmm-core"",""dropped:r1"",7.4375]}}"
P16,160,0.05,914,12,bestof8-seq,SUCCESS,1,6.3625,6.175,14,1018,45.7972,mm[run7],657,,"{""per_run_s"":7.5,""accs"":[6.6063,6.6813,6.4437,6.9437,7.675,6.8,6.65,6.3625]}"
P16,160,0.05,914,12,bestof8-par,SUCCESS,1,6.3625,6.175,14,1018,8.4878,mm[run7],657,,"{""per_run_s"":60.0,""accs"":[6.6063,6.6813,6.4437,6.9437,7.675,6.8,6.65,6.3625],""used_s"":[8.5,6.7,5.7,5.8,3.3,5.7,5.3,7.0]}"
P16,160,0.05,914,12,race8-par,SUCCESS,1,5.9688,5.8,12,955,60.0366,mm[1]@final10,657,,"{""final_survivor"":1,""elapsed_s"":60.036,""arms"":{""0"":[""template"",""floor"",8.7625],""1"":[""mm"",""final"",5.9688],""2"":[""mm"",""dropped:r2"",6.5812],""3"":[""mm"",""dropped:r1"",7.3812],""4"":[""mm"",""dropped:r2"",6.4437],""5"":[""cuthill"",""dropped:r3"",6.1437],""6"":[""clmm"",""dropped:r1"",7.8375],""7"":[""clmm-core"",""dropped:r1"",7.4375]}}"
P16,160,0.05,914,13,race8-seq,SUCCESS,1,6.15,5.9437,13,984,60.0236,mm[3]@q2,657,,"{""final_survivor"":3,""elapsed_s"":60.023,""arms"":{""0"":[""template"",""floor"",8.7625],""1"":[""mm"",""dropped:r3"",6.1813],""2"":[""mm"",""dropped:r2"",6.7938],""3"":[""mm"",""final"",6.15],""4"":[""mm"",""dropped:r1"",7.3438],""5"":[""cuthill"",""dropped:r2"",6.2625],""6"":[""clmm"",""dropped:r1"",7.6688],""7"":[""clmm-core"",""dropped:r1"",7.4188]}}"
P16,160,0.05,914,13,bestof8-seq,SUCCESS,1,6.4375,6.275,13,1030,46.847,mm[run1],657,,"{""per_run_s"":7.5,""accs"":[6.5125,6.4375,6.8438,6.5625,6.875,6.7812,6.75,7.2]}"
P16,160,0.05,914,13,bestof8-par,SUCCESS,1,6.4375,6.275,13,1030,8.5826,mm[run1],657,,"{""per_run_s"":60.0,""accs"":[6.5125,6.4375,6.8438,6.5625,6.875,6.7812,6.75,7.2],""used_s"":[7.0,8.6,5.9,4.0,8.0,5.0,5.4,5.6]}"
P16,160,0.05,914,13,race8-par,SUCCESS,1,5.8063,5.675,11,929,60.117,mm[3]@final12,657,,"{""final_survivor"":3,""elapsed_s"":60.117,""arms"":{""0"":[""template"",""floor"",8.7625],""1"":[""mm"",""dropped:r2"",6.3],""2"":[""mm"",""dropped:r2"",6.875],""3"":[""mm"",""final"",5.8063],""4"":[""mm"",""dropped:r1"",7.4375],""5"":[""cuthill"",""dropped:r3"",6.2313],""6"":[""clmm"",""dropped:r1"",7.6688],""7"":[""clmm-core"",""dropped:r1"",7.4188]}}"
P16,160,0.05,914,14,race8-seq,SUCCESS,1,6.3,6.1562,13,1008,60.1023,mm[1]@q2,657,,"{""final_survivor"":1,""elapsed_s"":60.102,""arms"":{""0"":[""template"",""floor"",8.7625],""1"":[""mm"",""final"",6.3],""2"":[""mm"",""dropped:r3"",6.3688],""3"":[""mm"",""dropped:r1"",7.0187],""4"":[""mm"",""dropped:r2"",6.4875],""5"":[""cuthill"",""dropped:r2"",6.6437],""6"":[""clmm"",""dropped:r1"",7.5375],""7"":[""clmm-core"",""dropped:r1"",7.5812]}}"
P16,160,0.05,914,14,bestof8-seq,SUCCESS,1,6.45,6.225,14,1032,45.4389,mm[run1],657,,"{""per_run_s"":7.5,""accs"":[6.9125,6.45,6.9313,7.1813,6.5,6.5062,7.1625,7.6562]}"
P16,160,0.05,914,14,bestof8-par,SUCCESS,1,6.45,6.225,14,1032,7.8631,mm[run1],657,,"{""per_run_s"":60.0,""accs"":[6.9125,6.45,6.9313,7.1813,6.5,6.5062,7.1625,7.6562],""used_s"":[6.4,7.8,6.2,5.6,7.0,4.6,5.9,4.0]}"
P16,160,0.05,914,14,race8-par,SUCCESS,1,6.0438,5.9188,12,967,60.1238,mm[2]@final10,657,,"{""final_survivor"":2,""elapsed_s"":60.123,""arms"":{""0"":[""template"",""floor"",8.7625],""1"":[""mm"",""dropped:r3"",6.2438],""2"":[""mm"",""final"",6.0438],""3"":[""mm"",""dropped:r1"",7.0187],""4"":[""mm"",""dropped:r2"",6.4875],""5"":[""cuthill"",""dropped:r2"",6.6437],""6"":[""clmm"",""dropped:r1"",7.5375],""7"":[""clmm-core"",""dropped:r1"",7.5812]}}"
P16,160,0.05,915,10,race8-seq,SUCCESS,1,5.875,5.6875,13,940,60.0942,mm[1]@q3,626,,"{""final_survivor"":1,""elapsed_s"":60.094,""arms"":{""0"":[""template"",""floor"",8.5813],""1"":[""mm"",""final"",5.875],""2"":[""mm"",""dropped:r3"",6.2313],""3"":[""mm"",""dropped:r2"",6.2438],""4"":[""mm"",""dropped:r1"",6.675],""5"":[""cuthill"",""dropped:r2"",6.5687],""6"":[""clmm"",""dropped:r1"",7.5438],""7"":[""clmm-core"",""dropped:r1"",7.9625]}}"
P16,160,0.05,915,10,bestof8-seq,SUCCESS,1,6.0312,5.8875,13,965,43.8864,mm[run0],626,,"{""per_run_s"":7.5,""accs"":[6.0312,6.5938,7.3187,6.1562,6.275,6.5312,6.6,6.4188]}"
P16,160,0.05,915,10,bestof8-par,SUCCESS,1,6.0312,5.8875,13,965,7.9757,mm[run0],626,,"{""per_run_s"":60.0,""accs"":[6.0312,6.5938,7.3187,6.1562,6.275,6.5312,6.6,6.4188],""used_s"":[7.0,3.9,4.3,8.0,5.3,7.7,3.9,4.6]}"
P16,160,0.05,915,10,race8-par,SUCCESS,1,5.6625,5.5687,12,906,60.0671,mm[3]@final7,626,,"{""final_survivor"":3,""elapsed_s"":60.066,""arms"":{""0"":[""template"",""floor"",8.5813],""1"":[""mm"",""dropped:r3"",5.875],""2"":[""mm"",""dropped:r2"",6.2313],""3"":[""mm"",""final"",5.6625],""4"":[""mm"",""dropped:r1"",6.675],""5"":[""cuthill"",""dropped:r2"",6.5687],""6"":[""clmm"",""dropped:r1"",7.5438],""7"":[""clmm-core"",""dropped:r1"",7.9625]}}"
P16,160,0.05,915,11,race8-seq,SUCCESS,1,5.9,5.7562,13,944,60.0868,mm[2]@q3,626,,"{""final_survivor"":2,""elapsed_s"":60.087,""arms"":{""0"":[""template"",""floor"",8.5813],""1"":[""mm"",""dropped:r2"",6.1562],""2"":[""mm"",""final"",5.9],""3"":[""mm"",""dropped:r1"",6.7625],""4"":[""mm"",""dropped:r2"",6.25],""5"":[""cuthill"",""dropped:r3"",6.0312],""6"":[""clmm"",""dropped:r1"",6.9062],""7"":[""clmm-core"",""dropped:r1"",6.6937]}}"
P16,160,0.05,915,11,bestof8-seq,SUCCESS,1,6.2062,6.0438,13,993,46.7968,mm[run6],626,,"{""per_run_s"":7.5,""accs"":[6.3438,7.3,6.8063,6.6312,6.2438,7.15,6.2062,6.5187]}"
P16,160,0.05,915,11,bestof8-par,SUCCESS,1,6.2062,6.0438,13,993,7.7449,mm[run6],626,,"{""per_run_s"":60.0,""accs"":[6.3438,7.3,6.8063,6.6312,6.2438,7.15,6.2062,6.5187],""used_s"":[5.8,4.5,3.8,7.7,6.5,5.4,7.5,7.0]}"
P16,160,0.05,915,11,race8-par,SUCCESS,1,5.5125,5.4125,11,882,60.1027,cuthill[5]@final10,626,,"{""final_survivor"":5,""elapsed_s"":60.102,""arms"":{""0"":[""template"",""floor"",8.5813],""1"":[""mm"",""dropped:r2"",6.1562],""2"":[""mm"",""dropped:r3"",5.9],""3"":[""mm"",""dropped:r1"",6.8875],""4"":[""mm"",""dropped:r2"",6.25],""5"":[""cuthill"",""final"",5.5125],""6"":[""clmm"",""dropped:r1"",6.9062],""7"":[""clmm-core"",""dropped:r1"",6.6937]}}"
P16,160,0.05,915,12,race8-seq,SUCCESS,1,6.2125,6.0187,13,994,60.0585,mm[1]@q3,626,,"{""final_survivor"":1,""elapsed_s"":60.058,""arms"":{""0"":[""template"",""floor"",8.5813],""1"":[""mm"",""final"",6.2125],""2"":[""mm"",""dropped:r1"",7.1562],""3"":[""mm"",""dropped:r1"",6.8937],""4"":[""mm"",""dropped:r3"",6.3625],""5"":[""cuthill"",""dropped:r2"",6.625],""6"":[""clmm"",""dropped:r2"",6.3875],""7"":[""clmm-core"",""dropped:r1"",7.625]}}"
P16,160,0.05,915,12,bestof8-seq,SUCCESS,1,6.1188,5.975,13,979,45.2139,mm[run6],626,,"{""per_run_s"":7.5,""accs"":[6.7438,6.8563,6.5375,6.9313,6.5187,6.2562,6.1188,6.1188]}"
P16,160,0.05,915,12,bestof8-par,SUCCESS,1,6.1125,5.9375,13,978,9.7082,mm[run6],626,,"{""per_run_s"":60.0,""accs"":[6.7438,6.8563,6.5375,6.9313,6.5187,6.2562,6.1125,6.1188],""used_s"":[4.2,4.9,7.2,4.0,5.4,6.4,9.7,6.4]}"
P16,160,0.05,915,12,race8-par,SUCCESS,1,5.9313,5.7687,12,949,60.0786,mm[1]@final5,626,,"{""final_survivor"":1,""elapsed_s"":60.078,""arms"":{""0"":[""template"",""floor"",8.5813],""1"":[""mm"",""final"",5.9313],""2"":[""mm"",""dropped:r1"",7.1562],""3"":[""mm"",""dropped:r1"",6.8937],""4"":[""mm"",""dropped:r3"",6.3625],""5"":[""cuthill"",""dropped:r2"",6.625],""6"":[""clmm"",""dropped:r2"",6.65],""7"":[""clmm-core"",""dropped:r1"",7.625]}}"
P16,160,0.05,915,13,race8-seq,SUCCESS,1,5.8625,5.7,13,938,60.0995,mm[4]@q3,626,,"{""final_survivor"":4,""elapsed_s"":60.099,""arms"":{""0"":[""template"",""floor"",8.5813],""1"":[""mm"",""dropped:r3"",6.2875],""2"":[""mm"",""dropped:r2"",6.6813],""3"":[""mm"",""dropped:r2"",6.3312],""4"":[""mm"",""final"",5.8625],""5"":[""cuthill"",""dropped:r1"",6.9562],""6"":[""clmm"",""dropped:r1"",6.9625],""7"":[""clmm-core"",""dropped:r1"",7.2812]}}"
P16,160,0.05,915,13,bestof8-seq,SUCCESS,1,6.2375,5.9688,14,998,39.5902,mm[run4],626,,"{""per_run_s"":7.5,""accs"":[7.3875,6.2938,6.7375,6.75,6.2375,7.2438,6.3625,6.3875]}"
P16,160,0.05,915,13,bestof8-par,SUCCESS,1,6.1625,6.0062,13,986,12.0831,mm[run7],626,,"{""per_run_s"":60.0,""accs"":[7.3875,6.2938,6.7375,6.75,6.2375,7.2438,6.3625,6.1625],""used_s"":[3.5,4.7,3.5,4.8,6.5,3.5,6.6,12.1]}"
P16,160,0.05,915,13,race8-par,SUCCESS,1,5.5625,5.4188,12,890,60.1272,mm[4]@final7,626,,"{""final_survivor"":4,""elapsed_s"":60.127,""arms"":{""0"":[""template"",""floor"",8.5813],""1"":[""mm"",""dropped:r3"",6.225],""2"":[""mm"",""dropped:r2"",6.6813],""3"":[""mm"",""dropped:r1"",7.0687],""4"":[""mm"",""final"",5.5625],""5"":[""cuthill"",""dropped:r2"",6.45],""6"":[""clmm"",""dropped:r1"",6.9625],""7"":[""clmm-core"",""dropped:r1"",7.2812]}}"
P16,160,0.05,915,14,race8-seq,SUCCESS,1,6.2938,6.0938,13,1007,60.0232,mm[3]@q2,626,,"{""final_survivor"":3,""elapsed_s"":60.023,""arms"":{""0"":[""template"",""floor"",8.5813],""1"":[""mm"",""dropped:r2"",6.5187],""2"":[""mm"",""dropped:r1"",7.2],""3"":[""mm"",""final"",6.2938],""4"":[""mm"",""dropped:r3"",6.3937],""5"":[""cuthill"",""dropped:r2"",6.7438],""6"":[""clmm"",""dropped:r1"",7.5062],""7"":[""clmm-core"",""dropped:r1"",7.2875]}}"
P16,160,0.05,915,14,bestof8-seq,SUCCESS,1,5.8563,5.75,12,937,40.3755,mm[run3],626,,"{""per_run_s"":7.5,""accs"":[6.925,7.3,7.1562,5.8563,6.225,6.4562,6.8063,6.9813]}"
P16,160,0.05,915,14,bestof8-par,SUCCESS,1,5.8563,5.75,12,937,6.7611,mm[run3],626,,"{""per_run_s"":60.0,""accs"":[6.925,7.3,7.1562,5.8563,6.225,6.4562,6.8063,6.9813],""used_s"":[6.5,3.2,3.3,6.7,6.7,4.1,4.2,6.6]}"
P16,160,0.05,915,14,race8-par,SUCCESS,1,5.8625,5.7562,11,938,60.0397,mm[4]@final5,626,,"{""final_survivor"":4,""elapsed_s"":60.039,""arms"":{""0"":[""template"",""floor"",8.5813],""1"":[""mm"",""dropped:r2"",6.3438],""2"":[""mm"",""dropped:r1"",7.2],""3"":[""mm"",""dropped:r3"",6.2938],""4"":[""mm"",""final"",5.8625],""5"":[""cuthill"",""dropped:r2"",6.7438],""6"":[""clmm"",""dropped:r1"",7.5062],""7"":[""clmm-core"",""dropped:r1"",7.2875]}}"
P16,100,0.3,901,10,race8-seq,SUCCESS,1,9.1,9.1,10,910,60.2457,template[0]@template,1430,,"{""final_survivor"":7,""elapsed_s"":60.246,""arms"":{""0"":[""template"",""floor"",9.1],""1"":[""mm"",""dropped:r1"",13.65],""2"":[""mm"",""dropped:r2"",12.41],""3"":[""mm"",""dropped:r2"",12.5],""4"":[""mm"",""dropped:r1"",13.35],""5"":[""cuthill"",""dropped:r1"",13.45],""6"":[""clmm"",""survivor"",9.75],""7"":[""clmm-core"",""final"",9.48]}}"
P16,100,0.3,901,10,bestof8-seq,SUCCESS,1,11.96,11.3,19,1196,60.5385,mm[run3],1430,,"{""per_run_s"":7.5,""accs"":[12.8,13.02,12.29,11.96,12.28,12.89,12.7,12.41]}"
P16,100,0.3,901,10,bestof8-par,SUCCESS,1,10.89,10.26,16,1089,40.3738,mm[run6],1430,,"{""per_run_s"":60.0,""accs"":[12.06,11.14,11.52,11.38,11.77,11.54,10.89,11.76],""used_s"":[22.6,40.4,21.9,18.3,16.9,20.2,32.5,16.8]}"
P16,100,0.3,901,10,race8-par,SUCCESS,1,9.1,9.1,10,910,60.2211,template[0]@template,1430,,"{""final_survivor"":7,""elapsed_s"":60.221,""arms"":{""0"":[""template"",""floor"",9.1],""1"":[""mm"",""dropped:r1"",14.04],""2"":[""mm"",""dropped:r2"",12.41],""3"":[""mm"",""dropped:r2"",12.24],""4"":[""mm"",""dropped:r1"",13.35],""5"":[""cuthill"",""dropped:r1"",13.45],""6"":[""clmm"",""dropped:r3"",9.75],""7"":[""clmm-core"",""final"",9.34]}}"
P16,100,0.3,901,11,race8-seq,SUCCESS,1,9.1,9.1,10,910,60.3978,template[0]@template,1430,,"{""final_survivor"":7,""elapsed_s"":60.398,""arms"":{""0"":[""template"",""floor"",9.1],""1"":[""mm"",""dropped:r1"",13.42],""2"":[""mm"",""dropped:r1"",13.13],""3"":[""mm"",""dropped:r2"",12.81],""4"":[""mm"",""dropped:r1"",15.08],""5"":[""cuthill"",""dropped:r2"",12.32],""6"":[""clmm"",""survivor"",9.75],""7"":[""clmm-core"",""final"",9.46]}}"
P16,100,0.3,901,11,bestof8-seq,SUCCESS,1,11.76,11.21,19,1176,60.0432,mm[run5],1430,,"{""per_run_s"":7.5,""accs"":[11.88,12.08,11.84,12.04,12.9,11.76,12.13,12.61]}"
P16,100,0.3,901,11,bestof8-par,SUCCESS,1,10.64,10.1,16,1064,36.0109,mm[run6],1430,,"{""per_run_s"":60.0,""accs"":[11.19,11.19,11.18,12.04,11.91,10.97,10.64,11.87],""used_s"":[21.7,21.7,21.4,13.8,17.1,18.9,36.0,19.1]}"
P16,100,0.3,901,11,race8-par,SUCCESS,1,9.1,9.1,10,910,60.4481,template[0]@template,1430,,"{""final_survivor"":7,""elapsed_s"":60.448,""arms"":{""0"":[""template"",""floor"",9.1],""1"":[""mm"",""dropped:r1"",13.42],""2"":[""mm"",""dropped:r1"",13.13],""3"":[""mm"",""dropped:r2"",12.81],""4"":[""mm"",""dropped:r1"",16.09],""5"":[""cuthill"",""dropped:r2"",12.32],""6"":[""clmm"",""dropped:r3"",9.75],""7"":[""clmm-core"",""final"",9.45]}}"
P16,100,0.3,901,12,race8-seq,SUCCESS,1,9.1,9.1,10,910,60.3855,template[0]@template,1430,,"{""final_survivor"":7,""elapsed_s"":60.385,""arms"":{""0"":[""template"",""floor"",9.1],""1"":[""mm"",""dropped:r2"",12.49],""2"":[""mm"",""dropped:r1"",14.92],""3"":[""mm"",""dropped:r1"",14.29],""4"":[""mm"",""dropped:r1"",12.9],""5"":[""cuthill"",""dropped:r2"",11.09],""6"":[""clmm"",""survivor"",9.67],""7"":[""clmm-core"",""final"",9.44]}}"
P16,100,0.3,901,12,bestof8-seq,SUCCESS,1,11.91,11.12,21,1191,60.1504,mm[run5],1430,,"{""per_run_s"":7.5,""accs"":[12.66,12.01,12.2,13.06,12.09,11.91,12.49,12.28]}"
P16,100,0.3,901,12,bestof8-par,SUCCESS,1,10.8,10.24,16,1080,35.7799,mm[run5],1430,,"{""per_run_s"":60.0,""accs"":[12.66,11.31,11.19,10.81,10.86,10.8,11.29,11.27],""used_s"":[12.2,23.9,24.3,35.8,33.3,23.9,22.6,28.7]}"
P16,100,0.3,901,12,race8-par,SUCCESS,1,9.1,9.1,10,910,60.3438,template[0]@template,1430,,"{""final_survivor"":7,""elapsed_s"":60.343,""arms"":{""0"":[""template"",""floor"",9.1],""1"":[""mm"",""dropped:r2"",11.83],""2"":[""mm"",""dropped:r1"",14.92],""3"":[""mm"",""dropped:r1"",14.29],""4"":[""mm"",""dropped:r1"",12.9],""5"":[""cuthill"",""dropped:r2"",11.09],""6"":[""clmm"",""dropped:r3"",9.67],""7"":[""clmm-core"",""final"",9.26]}}"
P16,100,0.3,901,13,race8-seq,SUCCESS,1,9.1,9.1,10,910,60.0671,template[0]@template,1430,,"{""final_survivor"":7,""elapsed_s"":60.067,""arms"":{""0"":[""template"",""floor"",9.1],""1"":[""mm"",""dropped:r1"",12.98],""2"":[""mm"",""dropped:r1"",12.96],""3"":[""mm"",""dropped:r1"",13.02],""4"":[""mm"",""dropped:r2"",12.78],""5"":[""cuthill"",""dropped:r2"",11.8],""6"":[""clmm"",""survivor"",9.72],""7"":[""clmm-core"",""final"",9.32]}}"
P16,100,0.3,901,13,bestof8-seq,SUCCESS,1,11.87,11.06,19,1187,60.411,mm[run4],1430,,"{""per_run_s"":7.5,""accs"":[13.98,12.32,12.47,12.36,11.87,12.93,13.2,11.89]}"
P16,100,0.3,901,13,bestof8-par,SUCCESS,1,11.37,10.8,17,1137,35.8042,mm[run2],1430,,"{""per_run_s"":60.0,""accs"":[11.41,11.47,11.37,12.04,11.85,12.93,13.2,11.89],""used_s"":[35.8,20.4,25.4,14.9,15.0,11.4,8.3,8.3]}"
P16,100,0.3,901,13,race8-par,SUCCESS,1,9.1,9.1,10,910,60.0412,template[0]@template,1430,,"{""final_survivor"":7,""elapsed_s"":60.041,""arms"":{""0"":[""template"",""floor"",9.1],""1"":[""mm"",""dropped:r1"",12.98],""2"":[""mm"",""dropped:r1"",12.96],""3"":[""mm"",""dropped:r1"",13.02],""4"":[""mm"",""dropped:r2"",12.61],""5"":[""cuthill"",""dropped:r2"",11.8],""6"":[""clmm"",""dropped:r3"",9.71],""7"":[""clmm-core"",""final"",9.3]}}"
P16,100,0.3,901,14,race8-seq,SUCCESS,1,9.1,9.1,10,910,60.0498,template[0]@template,1430,,"{""final_survivor"":7,""elapsed_s"":60.05,""arms"":{""0"":[""template"",""floor"",9.1],""1"":[""mm"",""dropped:r1"",12.3],""2"":[""mm"",""dropped:r1"",13.39],""3"":[""mm"",""dropped:r2"",11.87],""4"":[""mm"",""dropped:r1"",14.89],""5"":[""cuthill"",""dropped:r2"",11.75],""6"":[""clmm"",""survivor"",9.66],""7"":[""clmm-core"",""final"",9.34]}}"
P16,100,0.3,901,14,bestof8-seq,SUCCESS,1,11.59,10.84,19,1159,60.3529,mm[run5],1430,,"{""per_run_s"":7.5,""accs"":[12.24,11.64,11.85,11.75,12.86,11.59,12.15,12.82]}"
P16,100,0.3,901,14,bestof8-par,SUCCESS,1,10.81,10.35,16,1081,40.9066,mm[run3],1430,,"{""per_run_s"":60.0,""accs"":[11.62,11.03,11.36,10.81,11.44,11.43,12.15,11.03],""used_s"":[18.1,27.3,25.7,32.3,40.9,18.4,11.5,26.0]}"
P16,100,0.3,901,14,race8-par,SUCCESS,1,9.1,9.1,10,910,60.1583,template[0]@template,1430,,"{""final_survivor"":7,""elapsed_s"":60.158,""arms"":{""0"":[""template"",""floor"",9.1],""1"":[""mm"",""dropped:r1"",12.3],""2"":[""mm"",""dropped:r1"",13.66],""3"":[""mm"",""dropped:r2"",11.87],""4"":[""mm"",""dropped:r1"",14.89],""5"":[""cuthill"",""dropped:r2"",11.75],""6"":[""clmm"",""dropped:r3"",9.65],""7"":[""clmm-core"",""final"",9.33]}}"
P16,100,0.3,902,10,race8-seq,SUCCESS,1,9.0,9.0,10,900,60.163,template[0]@template,1484,,"{""final_survivor"":7,""elapsed_s"":60.163,""arms"":{""0"":[""template"",""floor"",9.0],""1"":[""mm"",""dropped:r1"",18.98],""2"":[""mm"",""dropped:r2"",12.07],""3"":[""mm"",""dropped:r2"",12.95],""4"":[""mm"",""dropped:r1"",13.97],""5"":[""cuthill"",""dropped:r1"",12.98],""6"":[""clmm"",""survivor"",9.73],""7"":[""clmm-core"",""final"",9.41]}}"
P16,100,0.3,902,10,bestof8-seq,SUCCESS,1,11.76,11.17,20,1176,60.263,mm[run4],1484,,"{""per_run_s"":7.5,""accs"":[12.3,12.45,11.8,12.58,11.76,12.84,13.59,13.33]}"
P16,100,0.3,902,10,bestof8-par,SUCCESS,1,10.75,10.18,17,1075,32.5587,mm[run0],1484,,"{""per_run_s"":60.0,""accs"":[10.75,11.05,11.41,11.87,11.51,12.09,11.57,11.43],""used_s"":[32.5,27.0,18.6,24.1,18.7,25.4,25.3,21.1]}"
P16,100,0.3,902,10,race8-par,SUCCESS,1,9.0,9.0,10,900,60.1917,template[0]@template,1484,,"{""final_survivor"":7,""elapsed_s"":60.191,""arms"":{""0"":[""template"",""floor"",9.0],""1"":[""mm"",""dropped:r1"",18.98],""2"":[""mm"",""dropped:r2"",12.57],""3"":[""mm"",""dropped:r2"",12.98],""4"":[""mm"",""dropped:r1"",13.97],""5"":[""cuthill"",""dropped:r1"",12.98],""6"":[""clmm"",""dropped:r3"",9.71],""7"":[""clmm-core"",""final"",9.38]}}"
P16,100,0.3,902,11,race8-seq,SUCCESS,1,9.0,9.0,10,900,60.049,template[0]@template,1484,,"{""final_survivor"":7,""elapsed_s"":60.049,""arms"":{""0"":[""template"",""floor"",9.0],""1"":[""mm"",""dropped:r2"",12.79],""2"":[""mm"",""dropped:r1"",15.36],""3"":[""mm"",""dropped:r1"",13.39],""4"":[""mm"",""dropped:r1"",15.44],""5"":[""cuthill"",""dropped:r2"",11.69],""6"":[""clmm"",""survivor"",9.75],""7"":[""clmm-core"",""final"",9.33]}}"
P16,100,0.3,902,11,bestof8-seq,SUCCESS,1,11.96,11.15,18,1196,60.0239,mm[run1],1484,,"{""per_run_s"":7.5,""accs"":[12.08,11.96,12.65,12.69,12.71,11.96,12.46,12.06]}"
P16,100,0.3,902,11,bestof8-par,SUCCESS,1,10.96,10.44,16,1096,32.6426,mm[run2],1484,,"{""per_run_s"":60.0,""accs"":[11.37,11.57,10.96,12.45,11.33,11.0,11.71,11.5],""used_s"":[16.9,19.9,27.7,13.9,32.3,32.6,23.9,26.9]}"
P16,100,0.3,902,11,race8-par,SUCCESS,1,9.0,9.0,10,900,60.1227,template[0]@template,1484,,"{""final_survivor"":7,""elapsed_s"":60.122,""arms"":{""0"":[""template"",""floor"",9.0],""1"":[""mm"",""dropped:r2"",12.28],""2"":[""mm"",""dropped:r1"",15.36],""3"":[""mm"",""dropped:r1"",13.39],""4"":[""mm"",""dropped:r1"",16.34],""5"":[""cuthill"",""dropped:r2"",11.69],""6"":[""clmm"",""dropped:r3"",9.74],""7"":[""clmm-core"",""final"",9.32]}}"
P16,100,0.3,902,13,race8-seq,SUCCESS,1,9.0,9.0,10,900,60.3185,template[0]@template,1484,,"{""final_survivor"":7,""elapsed_s"":60.318,""arms"":{""0"":[""template"",""floor"",9.0],""1"":[""mm"",""dropped:r1"",18.17],""2"":[""mm"",""dropped:r1"",13.79],""3"":[""mm"",""dropped:r1"",12.27],""4"":[""mm"",""dropped:r2"",12.06],""5"":[""cuthill"",""dropped:r2"",11.3],""6"":[""clmm"",""survivor"",9.75],""7"":[""clmm-core"",""final"",9.44]}}"
P16,100,0.3,902,13,bestof8-seq,SUCCESS,1,11.93,11.14,19,1193,60.2008,mm[run3],1484,,"{""per_run_s"":7.5,""accs"":[14.25,13.62,12.32,11.93,12.11,12.86,12.0,13.78]}"
P16,100,0.3,902,13,bestof8-par,SUCCESS,1,10.98,10.25,17,1098,39.083,mm[run6],1484,,"{""per_run_s"":60.0,""accs"":[11.54,11.58,11.17,11.97,11.52,11.07,10.98,11.85],""used_s"":[28.5,39.1,27.9,22.9,16.9,29.5,26.9,22.6]}"
P16,100,0.3,902,13,race8-par,SUCCESS,1,9.0,9.0,10,900,60.4374,template[0]@template,1484,,"{""final_survivor"":7,""elapsed_s"":60.437,""arms"":{""0"":[""template"",""floor"",9.0],""1"":[""mm"",""dropped:r1"",18.17],""2"":[""mm"",""dropped:r1"",13.79],""3"":[""mm"",""dropped:r1"",12.21],""4"":[""mm"",""dropped:r2"",12.06],""5"":[""cuthill"",""dropped:r2"",11.3],""6"":[""clmm"",""dropped:r3"",9.75],""7"":[""clmm-core"",""final"",9.26]}}"
P16,100,0.3,902,12,race8-seq,SUCCESS,1,9.0,9.0,10,900,60.1253,template[0]@template,1484,,"{""final_survivor"":6,""elapsed_s"":60.125,""arms"":{""0"":[""template"",""floor"",9.0],""1"":[""mm"",""dropped:r2"",13.38],""2"":[""mm"",""dropped:r1"",17.67],""3"":[""mm"",""dropped:r1"",14.16],""4"":[""mm"",""dropped:r1"",13.96],""5"":[""cuthill"",""dropped:r2"",12.23],""6"":[""clmm"",""final"",9.37],""7"":[""clmm-core"",""survivor"",9.44]}}"
P16,100,0.3,902,12,bestof8-seq,SUCCESS,1,12.02,11.22,18,1202,60.415,mm[run1],1484,,"{""per_run_s"":7.5,""accs"":[12.6,12.02,12.92,12.63,12.19,12.13,13.92,12.43]}"
P16,100,0.3,902,12,bestof8-par,SUCCESS,1,11.22,10.66,16,1122,45.7826,mm[run0],1484,,"{""per_run_s"":60.0,""accs"":[11.22,11.35,11.9,11.87,11.55,11.46,11.35,11.29],""used_s"":[25.7,22.9,20.0,19.5,19.1,23.2,45.8,20.1]}"
P16,100,0.3,902,12,race8-par,SUCCESS,1,9.0,9.0,10,900,60.0848,template[0]@template,1484,,"{""final_survivor"":7,""elapsed_s"":60.084,""arms"":{""0"":[""template"",""floor"",9.0],""1"":[""mm"",""dropped:r2"",12.24],""2"":[""mm"",""dropped:r1"",17.67],""3"":[""mm"",""dropped:r1"",14.16],""4"":[""mm"",""dropped:r1"",13.96],""5"":[""cuthill"",""dropped:r2"",12.23],""6"":[""clmm"",""dropped:r3"",9.37],""7"":[""clmm-core"",""final"",9.22]}}"
P16,100,0.3,902,14,race8-seq,SUCCESS,1,9.0,9.0,10,900,60.141,template[0]@template,1484,,"{""final_survivor"":7,""elapsed_s"":60.141,""arms"":{""0"":[""template"",""floor"",9.0],""1"":[""mm"",""dropped:r1"",14.59],""2"":[""mm"",""dropped:r1"",12.93],""3"":[""mm"",""dropped:r2"",12.51],""4"":[""mm"",""dropped:r1"",13.91],""5"":[""cuthill"",""dropped:r2"",11.53],""6"":[""clmm"",""survivor"",9.71],""7"":[""clmm-core"",""final"",9.44]}}"
P16,100,0.3,902,14,bestof8-seq,SUCCESS,1,11.64,11.1,19,1164,60.2975,mm[run0],1484,,"{""per_run_s"":7.5,""accs"":[11.64,12.61,12.72,12.07,12.36,11.8,13.26,11.84]}"
P16,100,0.3,902,14,bestof8-par,SUCCESS,1,10.61,10.16,16,1061,43.9546,mm[run2],1484,,"{""per_run_s"":60.0,""accs"":[11.17,12.01,10.61,10.99,10.61,11.8,10.85,11.11],""used_s"":[27.0,20.3,43.9,21.1,37.9,10.9,31.0,30.8]}"
P16,100,0.3,902,14,race8-par,SUCCESS,1,9.0,9.0,10,900,60.0923,template[0]@template,1484,,"{""final_survivor"":7,""elapsed_s"":60.092,""arms"":{""0"":[""template"",""floor"",9.0],""1"":[""mm"",""dropped:r1"",14.59],""2"":[""mm"",""dropped:r1"",12.93],""3"":[""mm"",""dropped:r2"",12.51],""4"":[""mm"",""dropped:r1"",13.91],""5"":[""cuthill"",""dropped:r2"",11.53],""6"":[""clmm"",""dropped:r3"",9.71],""7"":[""clmm-core"",""final"",9.44]}}"
P16,100,0.3,903,10,race8-seq,SUCCESS,1,9.2,9.2,10,920,60.3336,template[0]@template,1543,,"{""final_survivor"":6,""elapsed_s"":60.333,""arms"":{""0"":[""template"",""floor"",9.2],""1"":[""mm"",""dropped:r1"",13.05],""2"":[""mm"",""dropped:r1"",14.1],""3"":[""mm"",""dropped:r1"",14.26],""4"":[""mm"",""dropped:r2"",12.87],""5"":[""cuthill"",""dropped:r2"",11.41],""6"":[""clmm"",""final"",9.37],""7"":[""clmm-core"",""survivor"",9.46]}}"
P16,100,0.3,903,10,bestof8-seq,SUCCESS,1,11.85,11.16,19,1185,60.1955,mm[run4],1543,,"{""per_run_s"":7.5,""accs"":[12.42,12.11,12.75,12.28,11.85,11.95,12.57,13.14]}"
P16,100,0.3,903,10,bestof8-par,SUCCESS,1,10.95,10.58,15,1095,27.5033,mm[run5],1543,,"{""per_run_s"":60.0,""accs"":[11.91,11.76,12.09,11.36,11.2,10.95,12.32,11.55],""used_s"":[15.9,19.5,23.6,27.5,17.8,21.5,19.0,18.1]}"
P16,100,0.3,903,10,race8-par,SUCCESS,1,9.2,9.2,10,920,60.4046,template[0]@template,1543,,"{""final_survivor"":6,""elapsed_s"":60.404,""arms"":{""0"":[""template"",""floor"",9.2],""1"":[""mm"",""dropped:r1"",13.05],""2"":[""mm"",""dropped:r1"",14.1],""3"":[""mm"",""dropped:r1"",14.26],""4"":[""mm"",""dropped:r2"",12.6],""5"":[""cuthill"",""dropped:r2"",11.41],""6"":[""clmm"",""final"",9.28],""7"":[""clmm-core"",""dropped:r3"",9.46]}}"
P16,100,0.3,903,11,race8-seq,SUCCESS,1,9.2,9.2,10,920,60.0776,template[0]@template,1543,,"{""final_survivor"":7,""elapsed_s"":60.077,""arms"":{""0"":[""template"",""floor"",9.2],""1"":[""mm"",""dropped:r2"",13.59],""2"":[""mm"",""dropped:r1"",15.04],""3"":[""mm"",""dropped:r1"",14.97],""4"":[""mm"",""dropped:r1"",14.22],""5"":[""cuthill"",""dropped:r2"",11.7],""6"":[""clmm"",""survivor"",9.76],""7"":[""clmm-core"",""final"",9.36]}}"
P16,100,0.3,903,11,bestof8-seq,SUCCESS,1,11.84,11.1,20,1184,60.1231,mm[run1],1543,,"{""per_run_s"":7.5,""accs"":[12.38,11.84,13.08,11.92,12.93,12.44,12.37,14.87]}"
P16,100,0.3,903,11,bestof8-par,SUCCESS,1,11.24,10.51,19,1124,33.6858,mm[run5],1543,,"{""per_run_s"":60.0,""accs"":[12.01,11.71,13.08,11.33,11.56,11.24,12.35,12.16],""used_s"":[18.0,24.9,11.8,23.2,20.1,33.7,13.5,18.0]}"
P16,100,0.3,903,11,race8-par,SUCCESS,1,9.2,9.2,10,920,60.3586,template[0]@template,1543,,"{""final_survivor"":7,""elapsed_s"":60.358,""arms"":{""0"":[""template"",""floor"",9.2],""1"":[""mm"",""dropped:r2"",12.62],""2"":[""mm"",""dropped:r1"",15.16],""3"":[""mm"",""dropped:r1"",14.97],""4"":[""mm"",""dropped:r1"",14.97],""5"":[""cuthill"",""dropped:r2"",11.7],""6"":[""clmm"",""dropped:r3"",9.75],""7"":[""clmm-core"",""final"",9.34]}}"
P16,100,0.3,903,12,race8-seq,SUCCESS,1,9.2,9.2,10,920,60.2376,template[0]@template,1543,,"{""final_survivor"":6,""elapsed_s"":60.237,""arms"":{""0"":[""template"",""floor"",9.2],""1"":[""mm"",""dropped:r1"",14.2],""2"":[""mm"",""dropped:r2"",13.19],""3"":[""mm"",""dropped:r1"",15.04],""4"":[""mm"",""dropped:r1"",13.58],""5"":[""cuthill"",""dropped:r2"",12.12],""6"":[""clmm"",""final"",9.32],""7"":[""clmm-core"",""survivor"",9.4]}}"
P16,100,0.3,903,12,bestof8-seq,SUCCESS,1,11.8,10.95,20,1180,60.3703,mm[run6],1543,,"{""per_run_s"":7.5,""accs"":[13.96,13.06,11.95,13.29,12.43,12.3,11.8,13.16]}"
P16,100,0.3,903,12,bestof8-par,SUCCESS,1,11.01,10.5,17,1101,37.5999,mm[run4],1543,,"{""per_run_s"":60.0,""accs"":[11.3,11.39,11.56,11.57,11.01,11.69,11.77,12.38],""used_s"":[37.6,32.3,19.9,25.4,21.1,24.8,15.7,23.7]}"
P16,100,0.3,903,12,race8-par,SUCCESS,1,9.2,9.2,10,920,60.0378,template[0]@template,1543,,"{""final_survivor"":6,""elapsed_s"":60.037,""arms"":{""0"":[""template"",""floor"",9.2],""1"":[""mm"",""dropped:r1"",14.2],""2"":[""mm"",""dropped:r2"",12.94],""3"":[""mm"",""dropped:r1"",15.04],""4"":[""mm"",""dropped:r1"",13.58],""5"":[""cuthill"",""dropped:r2"",12.12],""6"":[""clmm"",""final"",9.29],""7"":[""clmm-core"",""dropped:r3"",9.4]}}"
P16,100,0.3,903,13,race8-seq,SUCCESS,1,9.2,9.2,10,920,60.1105,template[0]@template,1543,,"{""final_survivor"":7,""elapsed_s"":60.11,""arms"":{""0"":[""template"",""floor"",9.2],""1"":[""mm"",""dropped:r2"",12.93],""2"":[""mm"",""dropped:r1"",13.85],""3"":[""mm"",""dropped:r1"",14.02],""4"":[""mm"",""dropped:r1"",14.84],""5"":[""cuthill"",""dropped:r2"",12.12],""6"":[""clmm"",""survivor"",9.75],""7"":[""clmm-core"",""final"",9.31]}}"
P16,100,0.3,903,13,bestof8-seq,SUCCESS,1,12.04,11.16,20,1204,60.227,mm[run5],1543,,"{""per_run_s"":7.5,""accs"":[12.19,12.25,12.18,12.38,12.44,12.04,12.44,12.22]}"
P16,100,0.3,903,13,bestof8-par,SUCCESS,1,11.13,10.58,17,1113,38.799,mm[run0],1543,,"{""per_run_s"":60.0,""accs"":[11.13,11.28,11.27,11.75,11.61,11.77,11.87,11.41],""used_s"":[28.0,21.8,35.4,23.3,38.8,16.2,21.9,29.3]}"
P16,100,0.3,903,13,race8-par,SUCCESS,1,9.2,9.2,10,920,60.5775,template[0]@template,1543,,"{""final_survivor"":7,""elapsed_s"":60.577,""arms"":{""0"":[""template"",""floor"",9.2],""1"":[""mm"",""dropped:r2"",12.93],""2"":[""mm"",""dropped:r1"",13.85],""3"":[""mm"",""dropped:r1"",14.02],""4"":[""mm"",""dropped:r1"",14.84],""5"":[""cuthill"",""dropped:r2"",12.12],""6"":[""clmm"",""dropped:r3"",9.75],""7"":[""clmm-core"",""final"",9.3]}}"
P16,100,0.3,903,14,race8-seq,SUCCESS,1,9.2,9.2,10,920,60.2296,template[0]@template,1543,,"{""final_survivor"":7,""elapsed_s"":60.229,""arms"":{""0"":[""template"",""floor"",9.2],""1"":[""mm"",""dropped:r2"",13.86],""2"":[""mm"",""dropped:r1"",14.97],""3"":[""mm"",""dropped:r1"",14.58],""4"":[""mm"",""dropped:r1"",14.25],""5"":[""cuthill"",""dropped:r2"",13.01],""6"":[""clmm"",""survivor"",9.73],""7"":[""clmm-core"",""final"",9.46]}}"
P16,100,0.3,903,14,bestof8-seq,SUCCESS,1,12.7,11.82,21,1270,60.4869,mm[run0],1543,,"{""per_run_s"":7.5,""accs"":[12.7,13.18,13.79,12.94,13.16,13.39,13.77,13.0]}"
P16,100,0.3,903,14,bestof8-par,SUCCESS,1,11.22,10.65,18,1122,37.1503,mm[run6],1543,,"{""per_run_s"":60.0,""accs"":[12.32,11.68,11.74,11.52,12.04,12.46,11.22,11.68],""used_s"":[18.2,21.0,22.6,30.2,20.6,16.7,31.3,37.1]}"
P16,100,0.3,903,14,race8-par,SUCCESS,1,9.2,9.2,10,920,60.2427,template[0]@template,1543,,"{""final_survivor"":7,""elapsed_s"":60.242,""arms"":{""0"":[""template"",""floor"",9.2],""1"":[""mm"",""dropped:r2"",12.99],""2"":[""mm"",""dropped:r1"",14.97],""3"":[""mm"",""dropped:r1"",14.58],""4"":[""mm"",""dropped:r1"",14.25],""5"":[""cuthill"",""dropped:r2"",12.57],""6"":[""clmm"",""dropped:r3"",9.72],""7"":[""clmm-core"",""final"",9.43]}}"
P16,100,0.3,904,10,race8-seq,SUCCESS,1,9.19,9.19,10,919,60.2384,template[0]@template,1460,,"{""final_survivor"":7,""elapsed_s"":60.238,""arms"":{""0"":[""template"",""floor"",9.19],""1"":[""mm"",""dropped:r1"",14.07],""2"":[""mm"",""dropped:r2"",12.47],""3"":[""mm"",""dropped:r1"",12.7],""4"":[""mm"",""dropped:r1"",14.24],""5"":[""cuthill"",""dropped:r2"",11.55],""6"":[""clmm"",""survivor"",9.72],""7"":[""clmm-core"",""final"",9.41]}}"
P16,100,0.3,904,10,bestof8-seq,SUCCESS,1,11.56,10.85,18,1156,60.3565,mm[run2],1460,,"{""per_run_s"":7.5,""accs"":[12.31,12.18,11.56,12.22,13.18,12.04,12.64,12.06]}"
P16,100,0.3,904,10,bestof8-par,SUCCESS,1,11.2,10.6,17,1120,29.9462,mm[run3],1460,,"{""per_run_s"":60.0,""accs"":[11.29,11.59,11.38,11.2,11.9,11.53,12.38,11.61],""used_s"":[24.6,15.7,18.7,29.9,18.9,12.9,14.4,18.8]}"
P16,100,0.3,904,10,race8-par,SUCCESS,1,9.19,9.19,10,919,60.0678,template[0]@template,1460,,"{""final_survivor"":7,""elapsed_s"":60.067,""arms"":{""0"":[""template"",""floor"",9.19],""1"":[""mm"",""dropped:r1"",14.07],""2"":[""mm"",""dropped:r2"",12.47],""3"":[""mm"",""dropped:r1"",12.7],""4"":[""mm"",""dropped:r1"",14.24],""5"":[""cuthill"",""dropped:r2"",11.55],""6"":[""clmm"",""dropped:r3"",9.72],""7"":[""clmm-core"",""final"",9.4]}}"
P16,100,0.3,904,11,race8-seq,SUCCESS,1,9.19,9.19,10,919,60.0747,template[0]@template,1460,,"{""final_survivor"":7,""elapsed_s"":60.074,""arms"":{""0"":[""template"",""floor"",9.19],""1"":[""mm"",""dropped:r1"",13.6],""2"":[""mm"",""dropped:r1"",13.79],""3"":[""mm"",""dropped:r2"",12.81],""4"":[""mm"",""dropped:r1"",13.56],""5"":[""cuthill"",""dropped:r2"",10.94],""6"":[""clmm"",""survivor"",9.71],""7"":[""clmm-core"",""final"",9.34]}}"
P16,100,0.3,904,11,bestof8-seq,SUCCESS,1,11.62,10.96,20,1162,60.0423,mm[run4],1460,,"{""per_run_s"":7.5,""accs"":[12.04,12.54,11.82,12.67,11.62,11.93,12.49,12.07]}"
P16,100,0.3,904,11,bestof8-par,SUCCESS,1,10.96,10.34,16,1096,47.8038,mm[run1],1460,,"{""per_run_s"":60.0,""accs"":[12.16,10.96,11.33,11.86,11.35,11.29,11.7,11.23],""used_s"":[14.3,47.8,43.4,16.9,16.7,26.1,31.4,20.8]}"
P16,100,0.3,904,11,race8-par,SUCCESS,1,9.19,9.19,10,919,60.472,template[0]@template,1460,,"{""final_survivor"":7,""elapsed_s"":60.472,""arms"":{""0"":[""template"",""floor"",9.19],""1"":[""mm"",""dropped:r1"",13.6],""2"":[""mm"",""dropped:r1"",14.38],""3"":[""mm"",""dropped:r2"",12.49],""4"":[""mm"",""dropped:r1"",13.56],""5"":[""cuthill"",""dropped:r2"",10.94],""6"":[""clmm"",""dropped:r3"",9.65],""7"":[""clmm-core"",""final"",9.33]}}"
P16,100,0.3,904,12,race8-seq,SUCCESS,1,9.19,9.19,10,919,60.1426,template[0]@template,1460,,"{""final_survivor"":7,""elapsed_s"":60.142,""arms"":{""0"":[""template"",""floor"",9.19],""1"":[""mm"",""dropped:r2"",12.5],""2"":[""mm"",""dropped:r2"",12.77],""3"":[""mm"",""dropped:r1"",14.77],""4"":[""mm"",""dropped:r1"",13.44],""5"":[""cuthill"",""dropped:r1"",13.14],""6"":[""clmm"",""survivor"",9.7],""7"":[""clmm-core"",""final"",9.42]}}"
P16,100,0.3,904,12,bestof8-seq,SUCCESS,1,11.99,11.24,19,1199,60.0994,mm[run1],1460,,"{""per_run_s"":7.5,""accs"":[12.64,11.99,12.23,12.95,12.13,12.3,12.27,13.68]}"
P16,100,0.3,904,12,bestof8-par,SUCCESS,1,11.02,10.49,17,1102,41.7661,mm[run2],1460,,"{""per_run_s"":60.0,""accs"":[11.97,11.96,11.02,11.19,11.16,12.3,11.59,11.42],""used_s"":[15.2,14.2,31.8,32.0,41.7,11.8,28.8,19.4]}"
P16,100,0.3,904,12,race8-par,SUCCESS,1,9.19,9.19,10,919,60.3291,template[0]@template,1460,,"{""final_survivor"":7,""elapsed_s"":60.329,""arms"":{""0"":[""template"",""floor"",9.19],""1"":[""mm"",""dropped:r2"",12.5],""2"":[""mm"",""dropped:r2"",12.31],""3"":[""mm"",""dropped:r1"",14.77],""4"":[""mm"",""dropped:r1"",13.44],""5"":[""cuthill"",""dropped:r1"",13.14],""6"":[""clmm"",""dropped:r3"",9.67],""7"":[""clmm-core"",""final"",9.42]}}"
P16,100,0.3,904,13,race8-seq,SUCCESS,1,9.19,9.19,10,919,60.3632,template[0]@template,1460,,"{""final_survivor"":7,""elapsed_s"":60.363,""arms"":{""0"":[""template"",""floor"",9.19],""1"":[""mm"",""dropped:r1"",13.48],""2"":[""mm"",""dropped:r1"",15.28],""3"":[""mm"",""dropped:r1"",13.01],""4"":[""mm"",""dropped:r2"",12.56],""5"":[""cuthill"",""dropped:r2"",11.64],""6"":[""clmm"",""survivor"",9.74],""7"":[""clmm-core"",""final"",9.46]}}"
P16,100,0.3,904,13,bestof8-seq,SUCCESS,1,11.66,10.82,19,1166,60.3811,mm[run3],1460,,"{""per_run_s"":7.5,""accs"":[13.13,12.92,12.88,11.66,12.34,12.71,11.91,12.58]}"
P16,100,0.3,904,13,bestof8-par,SUCCESS,1,10.56,10.03,15,1056,46.2463,mm[run6],1460,,"{""per_run_s"":60.0,""accs"":[11.14,11.45,11.02,11.66,11.89,11.79,10.56,11.48],""used_s"":[26.9,34.6,25.2,10.6,14.3,18.0,46.2,14.4]}"
P16,100,0.3,904,13,race8-par,SUCCESS,1,9.19,9.19,10,919,60.127,template[0]@template,1460,,"{""final_survivor"":7,""elapsed_s"":60.127,""arms"":{""0"":[""template"",""floor"",9.19],""1"":[""mm"",""dropped:r1"",13.48],""2"":[""mm"",""dropped:r1"",15.28],""3"":[""mm"",""dropped:r1"",13.01],""4"":[""mm"",""dropped:r2"",12.31],""5"":[""cuthill"",""dropped:r2"",11.64],""6"":[""clmm"",""dropped:r3"",9.74],""7"":[""clmm-core"",""final"",9.23]}}"
P16,100,0.3,904,14,race8-seq,SUCCESS,1,9.19,9.19,10,919,60.2697,template[0]@template,1460,,"{""final_survivor"":7,""elapsed_s"":60.269,""arms"":{""0"":[""template"",""floor"",9.19],""1"":[""mm"",""dropped:r2"",13.27],""2"":[""mm"",""dropped:r1"",14.08],""3"":[""mm"",""dropped:r1"",15.07],""4"":[""mm"",""dropped:r1"",13.48],""5"":[""cuthill"",""dropped:r2"",11.94],""6"":[""clmm"",""survivor"",9.68],""7"":[""clmm-core"",""final"",9.42]}}"
P16,100,0.3,904,14,bestof8-seq,SUCCESS,1,11.92,11.27,19,1192,60.4883,mm[run4],1460,,"{""per_run_s"":7.5,""accs"":[12.47,13.04,12.4,12.71,11.92,12.19,13.66,13.83]}"
P16,100,0.3,904,14,bestof8-par,SUCCESS,1,10.75,10.31,16,1075,43.591,mm[run6],1460,,"{""per_run_s"":60.0,""accs"":[11.55,11.63,11.39,11.19,11.92,11.68,10.75,11.87],""used_s"":[23.7,27.4,24.9,37.8,12.6,23.1,43.6,19.1]}"
P16,100,0.3,904,14,race8-par,SUCCESS,1,9.19,9.19,10,919,60.0433,template[0]@template,1460,,"{""final_survivor"":7,""elapsed_s"":60.043,""arms"":{""0"":[""template"",""floor"",9.19],""1"":[""mm"",""dropped:r2"",12.97],""2"":[""mm"",""dropped:r1"",14.08],""3"":[""mm"",""dropped:r1"",14.71],""4"":[""mm"",""dropped:r1"",13.48],""5"":[""cuthill"",""dropped:r2"",11.83],""6"":[""clmm"",""dropped:r3"",9.64],""7"":[""clmm-core"",""final"",9.38]}}"
P16,100,0.3,905,10,race8-seq,SUCCESS,1,9.1,9.1,10,910,60.19,template[0]@template,1489,,"{""final_survivor"":7,""elapsed_s"":60.19,""arms"":{""0"":[""template"",""floor"",9.1],""1"":[""mm"",""dropped:r1"",13.44],""2"":[""mm"",""dropped:r1"",13.63],""3"":[""mm"",""dropped:r1"",12.81],""4"":[""mm"",""legalize-failed"",null],""5"":[""cuthill"",""dropped:r2"",12.21],""6"":[""clmm"",""dropped:r3"",9.71],""7"":[""clmm-core"",""final"",9.49]}}"
P16,100,0.3,905,10,bestof8-seq,SUCCESS,1,12.05,11.31,19,1205,60.0908,mm[run4],1489,,"{""per_run_s"":7.5,""accs"":[12.39,12.54,12.48,12.33,12.05,12.59,12.28,12.93]}"
P16,100,0.3,905,10,bestof8-par,SUCCESS,1,10.87,10.46,16,1087,36.8781,mm[run1],1489,,"{""per_run_s"":60.0,""accs"":[11.34,10.87,11.37,11.75,11.65,11.78,11.32,12.53],""used_s"":[36.9,33.8,26.1,22.7,16.1,16.6,19.9,14.0]}"
P16,100,0.3,905,10,race8-par,SUCCESS,1,9.1,9.1,10,910,60.2676,template[0]@template,1489,,"{""final_survivor"":7,""elapsed_s"":60.267,""arms"":{""0"":[""template"",""floor"",9.1],""1"":[""mm"",""dropped:r1"",13.44],""2"":[""mm"",""dropped:r1"",13.63],""3"":[""mm"",""dropped:r1"",12.81],""4"":[""mm"",""legalize-failed"",null],""5"":[""cuthill"",""dropped:r2"",12.21],""6"":[""clmm"",""dropped:r3"",9.7],""7"":[""clmm-core"",""final"",9.33]}}"
P16,100,0.3,905,11,race8-seq,SUCCESS,1,9.1,9.1,10,910,60.4737,template[0]@template,1489,,"{""final_survivor"":7,""elapsed_s"":60.473,""arms"":{""0"":[""template"",""floor"",9.1],""1"":[""mm"",""dropped:r1"",15.67],""2"":[""mm"",""dropped:r2"",12.26],""3"":[""mm"",""dropped:r1"",12.69],""4"":[""mm"",""dropped:r1"",13.53],""5"":[""cuthill"",""dropped:r2"",10.64],""6"":[""clmm"",""survivor"",9.69],""7"":[""clmm-core"",""final"",9.46]}}"
P16,100,0.3,905,11,bestof8-seq,SUCCESS,1,11.81,11.23,19,1181,60.2402,mm[run3],1489,,"{""per_run_s"":7.5,""accs"":[12.44,13.0,12.0,11.81,12.15,12.39,12.02,14.2]}"
P16,100,0.3,905,11,bestof8-par,SUCCESS,1,11.03,10.43,17,1103,43.0888,mm[run2],1489,,"{""per_run_s"":60.0,""accs"":[11.73,12.22,11.03,11.81,12.15,11.86,11.22,11.21],""used_s"":[23.7,24.5,25.9,8.9,13.7,19.9,36.5,43.1]}"
P16,100,0.3,905,11,race8-par,SUCCESS,1,9.1,9.1,10,910,60.1107,template[0]@template,1489,,"{""final_survivor"":6,""elapsed_s"":60.11,""arms"":{""0"":[""template"",""floor"",9.1],""1"":[""mm"",""dropped:r1"",15.67],""2"":[""mm"",""dropped:r2"",12.26],""3"":[""mm"",""dropped:r1"",12.69],""4"":[""mm"",""dropped:r1"",13.53],""5"":[""cuthill"",""dropped:r2"",10.74],""6"":[""clmm"",""final"",9.19],""7"":[""clmm-core"",""dropped:r3"",9.46]}}"
P16,100,0.3,905,13,race8-seq,SUCCESS,1,9.1,9.1,10,910,60.0528,template[0]@template,1489,,"{""final_survivor"":7,""elapsed_s"":60.053,""arms"":{""0"":[""template"",""floor"",9.1],""1"":[""mm"",""dropped:r2"",12.68],""2"":[""mm"",""dropped:r1"",13.77],""3"":[""mm"",""dropped:r1"",12.8],""4"":[""mm"",""dropped:r1"",13.01],""5"":[""cuthill"",""dropped:r2"",12.18],""6"":[""clmm"",""survivor"",9.72],""7"":[""clmm-core"",""final"",9.44]}}"
P16,100,0.3,905,13,bestof8-seq,SUCCESS,1,11.75,10.94,17,1175,60.1064,mm[run1],1489,,"{""per_run_s"":7.5,""accs"":[14.47,11.75,12.75,11.95,12.0,11.96,12.46,12.35]}"
P16,100,0.3,905,13,bestof8-par,SUCCESS,1,11.13,10.54,17,1113,31.8159,mm[run7],1489,,"{""per_run_s"":60.0,""accs"":[12.02,11.38,12.75,11.67,11.39,11.96,11.38,11.13],""used_s"":[29.9,16.5,13.2,22.0,16.4,14.1,25.7,31.8]}"
P16,100,0.3,905,13,race8-par,SUCCESS,1,9.1,9.1,10,910,60.099,template[0]@template,1489,,"{""final_survivor"":7,""elapsed_s"":60.099,""arms"":{""0"":[""template"",""floor"",9.1],""1"":[""mm"",""dropped:r2"",12.31],""2"":[""mm"",""dropped:r1"",13.77],""3"":[""mm"",""dropped:r1"",12.8],""4"":[""mm"",""dropped:r1"",13.01],""5"":[""cuthill"",""dropped:r2"",12.18],""6"":[""clmm"",""dropped:r3"",9.7],""7"":[""clmm-core"",""final"",9.28]}}"
P16,100,0.3,905,14,race8-seq,SUCCESS,1,9.1,9.1,10,910,60.1567,template[0]@template,1489,,"{""final_survivor"":7,""elapsed_s"":60.156,""arms"":{""0"":[""template"",""floor"",9.1],""1"":[""mm"",""dropped:r1"",13.47],""2"":[""mm"",""dropped:r2"",12.74],""3"":[""mm"",""dropped:r1"",15.68],""4"":[""mm"",""dropped:r1"",13.35],""5"":[""cuthill"",""dropped:r2"",11.28],""6"":[""clmm"",""survivor"",9.71],""7"":[""clmm-core"",""final"",9.21]}}"
P16,100,0.3,905,14,bestof8-seq,SUCCESS,1,12.01,11.3,20,1201,60.4625,mm[run4],1489,,"{""per_run_s"":7.5,""accs"":[12.62,12.4,12.6,13.5,12.01,12.22,12.85,13.29]}"
P16,100,0.3,905,14,bestof8-par,SUCCESS,1,11.05,10.47,17,1105,43.7264,mm[run4],1489,,"{""per_run_s"":60.0,""accs"":[11.33,11.33,11.14,11.73,11.05,12.07,12.01,12.4],""used_s"":[43.7,36.4,28.8,23.3,27.8,14.4,22.7,15.5]}"
P16,100,0.3,905,14,race8-par,SUCCESS,1,9.1,9.1,10,910,60.4259,template[0]@template,1489,,"{""final_survivor"":7,""elapsed_s"":60.425,""arms"":{""0"":[""template"",""floor"",9.1],""1"":[""mm"",""dropped:r1"",13.47],""2"":[""mm"",""dropped:r2"",12.41],""3"":[""mm"",""dropped:r1"",16.06],""4"":[""mm"",""dropped:r1"",13.35],""5"":[""cuthill"",""dropped:r2"",11.28],""6"":[""clmm"",""dropped:r3"",9.41],""7"":[""clmm-core"",""final"",9.21]}}"
P16,100,0.3,905,12,race8-seq,SUCCESS,1,9.1,9.1,10,910,60.4665,template[0]@template,1489,,"{""final_survivor"":6,""elapsed_s"":60.466,""arms"":{""0"":[""template"",""floor"",9.1],""1"":[""mm"",""dropped:r1"",16.46],""2"":[""mm"",""dropped:r1"",16.77],""3"":[""mm"",""dropped:r1"",14.52],""4"":[""mm"",""dropped:r2"",13.2],""5"":[""cuthill"",""dropped:r2"",10.74],""6"":[""clmm"",""final"",9.38],""7"":[""clmm-core"",""survivor"",9.47]}}"
P16,100,0.3,905,12,bestof8-seq,SUCCESS,1,12.17,11.32,19,1217,60.2469,mm[run7],1489,,"{""per_run_s"":7.5,""accs"":[12.65,13.43,12.9,13.68,12.7,12.5,12.61,12.17]}"
P16,100,0.3,905,12,bestof8-par,SUCCESS,1,10.92,10.27,17,1092,57.8996,mm[run3],1489,,"{""per_run_s"":60.0,""accs"":[11.69,11.11,12.0,10.92,12.5,11.73,11.08,11.57],""used_s"":[22.2,34.7,26.6,57.9,13.5,22.8,30.9,16.3]}"
P16,100,0.3,905,12,race8-par,SUCCESS,1,9.1,9.1,10,910,60.3303,template[0]@template,1489,,"{""final_survivor"":6,""elapsed_s"":60.33,""arms"":{""0"":[""template"",""floor"",9.1],""1"":[""mm"",""dropped:r1"",16.46],""2"":[""mm"",""dropped:r1"",17.65],""3"":[""mm"",""dropped:r1"",14.52],""4"":[""mm"",""dropped:r2"",13.19],""5"":[""cuthill"",""dropped:r2"",10.74],""6"":[""clmm"",""final"",9.25],""7"":[""clmm-core"",""dropped:r3"",9.47]}}"
P16,100,0.3,906,10,race8-seq,SUCCESS,1,9.14,9.12,10,914,60.5359,template[0]@template,1494,,"{""final_survivor"":7,""elapsed_s"":60.536,""arms"":{""0"":[""template"",""floor"",9.14],""1"":[""mm"",""dropped:r1"",13.71],""2"":[""mm"",""dropped:r2"",12.81],""3"":[""mm"",""dropped:r1"",12.86],""4"":[""mm"",""dropped:r2"",12.85],""5"":[""cuthill"",""dropped:r1"",14.26],""6"":[""clmm"",""survivor"",9.76],""7"":[""clmm-core"",""final"",9.46]}}"
P16,100,0.3,906,10,bestof8-seq,SUCCESS,1,11.77,11.06,20,1177,60.0956,mm[run3],1494,,"{""per_run_s"":7.5,""accs"":[12.75,12.86,12.89,11.77,12.16,11.97,12.63,12.22]}"
P16,100,0.3,906,10,bestof8-par,SUCCESS,1,11.03,10.48,18,1103,34.9675,mm[run6],1494,,"{""per_run_s"":60.0,""accs"":[11.69,11.69,12.89,11.52,11.4,11.97,11.03,11.51],""used_s"":[22.9,22.6,9.7,18.2,21.1,10.6,34.9,19.5]}"
P16,100,0.3,906,10,race8-par,SUCCESS,1,9.14,9.12,10,914,60.4327,template[0]@template,1494,,"{""final_survivor"":7,""elapsed_s"":60.432,""arms"":{""0"":[""template"",""floor"",9.14],""1"":[""mm"",""dropped:r1"",14.07],""2"":[""mm"",""dropped:r2"",12.81],""3"":[""mm"",""dropped:r2"",12.57],""4"":[""mm"",""dropped:r1"",12.85],""5"":[""cuthill"",""dropped:r1"",14.26],""6"":[""clmm"",""dropped:r3"",9.76],""7"":[""clmm-core"",""final"",9.45]}}"
P16,100,0.3,906,11,race8-seq,SUCCESS,1,9.14,9.12,10,914,61.1082,template[0]@template,1494,,"{""final_survivor"":7,""elapsed_s"":61.108,""arms"":{""0"":[""template"",""floor"",9.14],""1"":[""mm"",""dropped:r2"",12.65],""2"":[""mm"",""dropped:r1"",14.89],""3"":[""mm"",""dropped:r1"",13.12],""4"":[""mm"",""dropped:r1"",13.76],""5"":[""cuthill"",""dropped:r2"",12.08],""6"":[""clmm"",""survivor"",9.7],""7"":[""clmm-core"",""final"",9.45]}}"
P16,100,0.3,906,11,bestof8-seq,SUCCESS,1,11.79,11.02,20,1179,60.1144,mm[run1],1494,,"{""per_run_s"":7.5,""accs"":[12.49,11.79,12.61,12.07,12.51,12.61,12.53,12.25]}"
P16,100,0.3,906,11,bestof8-par,SUCCESS,1,11.01,10.48,16,1101,36.3494,mm[run5],1494,,"{""per_run_s"":60.0,""accs"":[11.45,11.46,11.78,11.47,11.32,11.01,11.43,11.66],""used_s"":[36.3,25.1,27.1,20.6,34.2,35.2,26.4,17.8]}"
P16,100,0.3,906,11,race8-par,SUCCESS,1,9.14,9.12,10,914,60.2813,template[0]@template,1494,,"{""final_survivor"":7,""elapsed_s"":60.281,""arms"":{""0"":[""template"",""floor"",9.14],""1"":[""mm"",""dropped:r2"",12.67],""2"":[""mm"",""dropped:r1"",15.1],""3"":[""mm"",""dropped:r1"",13.12],""4"":[""mm"",""dropped:r1"",13.76],""5"":[""cuthill"",""dropped:r2"",12.11],""6"":[""clmm"",""dropped:r3"",9.68],""7"":[""clmm-core"",""final"",9.44]}}"
P16,100,0.3,906,12,race8-seq,SUCCESS,1,9.14,9.12,10,914,60.3344,template[0]@template,1494,,"{""final_survivor"":7,""elapsed_s"":60.334,""arms"":{""0"":[""template"",""floor"",9.14],""1"":[""mm"",""dropped:r1"",14.08],""2"":[""mm"",""dropped:r2"",13.68],""3"":[""mm"",""dropped:r1"",14.21],""4"":[""mm"",""dropped:r2"",12.31],""5"":[""cuthill"",""dropped:r1"",14.89],""6"":[""clmm"",""survivor"",9.68],""7"":[""clmm-core"",""final"",9.49]}}"
P16,100,0.3,906,12,bestof8-seq,SUCCESS,1,11.87,11.15,20,1187,60.0925,mm[run2],1494,,"{""per_run_s"":7.5,""accs"":[12.16,12.73,11.87,12.94,12.39,12.45,12.36,14.74]}"
P16,100,0.3,906,12,bestof8-par,SUCCESS,1,11.01,10.48,16,1101,41.1713,mm[run3],1494,,"{""per_run_s"":60.0,""accs"":[11.63,11.25,11.47,11.01,11.39,11.44,11.35,11.45],""used_s"":[19.4,34.5,18.8,41.1,33.2,28.1,26.2,22.0]}"
P16,100,0.3,906,12,race8-par,SUCCESS,1,9.14,9.12,10,914,60.0482,template[0]@template,1494,,"{""final_survivor"":7,""elapsed_s"":60.048,""arms"":{""0"":[""template"",""floor"",9.14],""1"":[""mm"",""dropped:r1"",14.03],""2"":[""mm"",""dropped:r2"",12.65],""3"":[""mm"",""dropped:r1"",14.21],""4"":[""mm"",""dropped:r2"",12.31],""5"":[""cuthill"",""dropped:r1"",14.89],""6"":[""clmm"",""dropped:r3"",9.67],""7"":[""clmm-core"",""final"",9.43]}}"
P16,100,0.3,906,13,race8-seq,SUCCESS,1,9.14,9.12,10,914,60.1419,template[0]@template,1494,,"{""final_survivor"":7,""elapsed_s"":60.142,""arms"":{""0"":[""template"",""floor"",9.14],""1"":[""mm"",""dropped:r2"",12.96],""2"":[""mm"",""dropped:r1"",15.9],""3"":[""mm"",""dropped:r2"",11.91],""4"":[""mm"",""dropped:r1"",13.51],""5"":[""cuthill"",""dropped:r1"",13.32],""6"":[""clmm"",""survivor"",9.74],""7"":[""clmm-core"",""final"",9.48]}}"
P16,100,0.3,906,13,bestof8-seq,SUCCESS,1,11.98,11.08,20,1198,60.4079,mm[run3],1494,,"{""per_run_s"":7.5,""accs"":[12.56,12.33,12.37,11.98,12.16,12.1,12.77,13.1]}"
P16,100,0.3,906,13,bestof8-par,SUCCESS,1,10.89,10.35,16,1089,30.345,mm[run2],1494,,"{""per_run_s"":60.0,""accs"":[11.75,11.19,10.89,11.38,11.27,11.13,12.02,11.85],""used_s"":[20.7,30.2,28.8,20.5,25.0,30.2,21.6,30.3]}"
P16,100,0.3,906,13,race8-par,SUCCESS,1,9.14,9.12,10,914,60.0712,template[0]@template,1494,,"{""final_survivor"":7,""elapsed_s"":60.071,""arms"":{""0"":[""template"",""floor"",9.14],""1"":[""mm"",""dropped:r2"",12.81],""2"":[""mm"",""dropped:r1"",15.9],""3"":[""mm"",""dropped:r2"",11.91],""4"":[""mm"",""dropped:r1"",13.51],""5"":[""cuthill"",""dropped:r1"",13.32],""6"":[""clmm"",""dropped:r3"",9.72],""7"":[""clmm-core"",""final"",9.44]}}"
P16,100,0.3,906,14,race8-seq,SUCCESS,1,9.14,9.12,10,914,60.1417,template[0]@template,1494,,"{""final_survivor"":7,""elapsed_s"":60.141,""arms"":{""0"":[""template"",""floor"",9.14],""1"":[""mm"",""dropped:r1"",13.62],""2"":[""mm"",""dropped:r2"",13.28],""3"":[""mm"",""dropped:r1"",13.34],""4"":[""mm"",""dropped:r1"",15.11],""5"":[""cuthill"",""dropped:r2"",11.51],""6"":[""clmm"",""survivor"",9.76],""7"":[""clmm-core"",""final"",9.49]}}"
P16,100,0.3,906,14,bestof8-seq,SUCCESS,1,11.49,10.82,19,1149,60.2033,mm[run6],1494,,"{""per_run_s"":7.5,""accs"":[11.73,12.24,11.69,12.32,12.76,12.57,11.49,13.37]}"
P16,100,0.3,906,14,bestof8-par,SUCCESS,1,11.05,10.57,16,1105,34.1054,mm[run2],1494,,"{""per_run_s"":60.0,""accs"":[11.73,11.91,11.05,11.47,11.59,11.32,11.42,11.13],""used_s"":[13.9,16.9,28.0,22.4,26.1,26.1,18.4,34.1]}"
P16,100,0.3,906,14,race8-par,SUCCESS,1,9.14,9.12,10,914,60.2706,template[0]@template,1494,,"{""final_survivor"":7,""elapsed_s"":60.27,""arms"":{""0"":[""template"",""floor"",9.14],""1"":[""mm"",""dropped:r1"",13.62],""2"":[""mm"",""dropped:r2"",12.77],""3"":[""mm"",""dropped:r1"",13.34],""4"":[""mm"",""dropped:r1"",15.11],""5"":[""cuthill"",""dropped:r2"",11.51],""6"":[""clmm"",""dropped:r3"",9.76],""7"":[""clmm-core"",""final"",9.48]}}"
P16,100,0.3,907,10,race8-seq,SUCCESS,1,9.06,9.06,10,906,60.1023,template[0]@template,1482,,"{""final_survivor"":7,""elapsed_s"":60.102,""arms"":{""0"":[""template"",""floor"",9.06],""1"":[""mm"",""dropped:r1"",12.85],""2"":[""mm"",""dropped:r1"",14.23],""3"":[""mm"",""dropped:r1"",13.45],""4"":[""mm"",""dropped:r2"",12.68],""5"":[""cuthill"",""dropped:r2"",11.56],""6"":[""clmm"",""survivor"",9.3],""7"":[""clmm-core"",""final"",9.22]}}"
P16,100,0.3,907,10,bestof8-seq,SUCCESS,1,11.64,11.1,18,1164,60.0397,mm[run4],1482,,"{""per_run_s"":7.5,""accs"":[13.44,11.74,12.74,11.86,11.64,11.82,12.43,12.86]}"
P16,100,0.3,907,10,bestof8-par,SUCCESS,1,10.93,10.32,16,1093,32.2891,mm[run6],1482,,"{""per_run_s"":60.0,""accs"":[12.06,11.45,11.43,11.21,11.64,12.05,10.93,11.35],""used_s"":[21.5,16.3,22.8,25.9,11.0,14.3,32.3,31.1]}"
P16,100,0.3,907,10,race8-par,SUCCESS,1,9.06,9.06,10,906,60.3653,template[0]@template,1482,,"{""final_survivor"":7,""elapsed_s"":60.365,""arms"":{""0"":[""template"",""floor"",9.06],""1"":[""mm"",""dropped:r1"",12.85],""2"":[""mm"",""dropped:r1"",14.23],""3"":[""mm"",""dropped:r1"",13.98],""4"":[""mm"",""dropped:r2"",12.44],""5"":[""cuthill"",""dropped:r2"",11.98],""6"":[""clmm"",""dropped:r3"",9.29],""7"":[""clmm-core"",""final"",9.2]}}"
P16,100,0.3,907,11,race8-seq,SUCCESS,1,9.06,9.06,10,906,60.3661,template[0]@template,1482,,"{""final_survivor"":7,""elapsed_s"":60.366,""arms"":{""0"":[""template"",""floor"",9.06],""1"":[""mm"",""dropped:r1"",15.88],""2"":[""mm"",""dropped:r1"",13.12],""3"":[""mm"",""dropped:r1"",13.63],""4"":[""mm"",""dropped:r2"",12.72],""5"":[""cuthill"",""dropped:r2"",11.76],""6"":[""clmm"",""survivor"",9.68],""7"":[""clmm-core"",""final"",9.45]}}"
P16,100,0.3,907,11,bestof8-seq,SUCCESS,1,12.01,11.19,20,1201,60.4151,mm[run2],1482,,"{""per_run_s"":7.5,""accs"":[12.8,12.91,12.01,12.69,12.12,12.17,13.79,12.62]}"
P16,100,0.3,907,11,bestof8-par,SUCCESS,1,11.09,10.49,17,1109,44.3386,mm[run4],1482,,"{""per_run_s"":60.0,""accs"":[11.82,11.24,11.14,11.25,11.09,11.26,12.39,11.83],""used_s"":[16.7,44.3,33.9,44.1,36.4,27.2,16.8,19.9]}"
P16,100,0.3,907,11,race8-par,SUCCESS,1,9.06,9.06,10,906,60.4784,template[0]@template,1482,,"{""final_survivor"":7,""elapsed_s"":60.478,""arms"":{""0"":[""template"",""floor"",9.06],""1"":[""mm"",""dropped:r1"",15.88],""2"":[""mm"",""dropped:r1"",13.12],""3"":[""mm"",""dropped:r1"",13.63],""4"":[""mm"",""dropped:r2"",12.72],""5"":[""cuthill"",""dropped:r2"",11.76],""6"":[""clmm"",""dropped:r3"",9.67],""7"":[""clmm-core"",""final"",9.34]}}"
P16,100,0.3,907,13,race8-seq,SUCCESS,1,9.06,9.06,10,906,60.0396,template[0]@template,1482,,"{""final_survivor"":6,""elapsed_s"":60.039,""arms"":{""0"":[""template"",""floor"",9.06],""1"":[""mm"",""dropped:r1"",13.85],""2"":[""mm"",""dropped:r1"",15.81],""3"":[""mm"",""dropped:r2"",13.31],""4"":[""mm"",""dropped:r1"",14.12],""5"":[""cuthill"",""dropped:r2"",11.72],""6"":[""clmm"",""final"",9.25],""7"":[""clmm-core"",""survivor"",9.42]}}"
P16,100,0.3,907,13,bestof8-seq,SUCCESS,1,11.59,11.13,19,1159,60.3119,mm[run7],1482,,"{""per_run_s"":7.5,""accs"":[11.86,11.67,13.4,12.55,13.04,12.26,11.97,11.59]}"
P16,100,0.3,907,13,bestof8-par,SUCCESS,1,11.34,10.75,17,1134,32.607,mm[run6],1482,,"{""per_run_s"":60.0,""accs"":[11.83,11.68,11.43,11.81,11.41,11.44,11.34,11.59],""used_s"":[14.0,13.3,32.6,27.0,28.0,26.4,28.0,9.9]}"
P16,100,0.3,907,13,race8-par,SUCCESS,1,9.06,9.06,10,906,60.0886,template[0]@template,1482,,"{""final_survivor"":6,""elapsed_s"":60.088,""arms"":{""0"":[""template"",""floor"",9.06],""1"":[""mm"",""dropped:r1"",14.03],""2"":[""mm"",""dropped:r1"",15.81],""3"":[""mm"",""dropped:r2"",12.87],""4"":[""mm"",""dropped:r1"",14.12],""5"":[""cuthill"",""dropped:r2"",11.72],""6"":[""clmm"",""final"",9.24],""7"":[""clmm-core"",""dropped:r3"",9.41]}}"
P16,100,0.3,907,12,race8-seq,SUCCESS,1,9.06,9.06,10,906,60.1272,template[0]@template,1482,,"{""final_survivor"":7,""elapsed_s"":60.127,""arms"":{""0"":[""template"",""floor"",9.06],""1"":[""mm"",""dropped:r1"",13.47],""2"":[""mm"",""dropped:r1"",12.96],""3"":[""mm"",""dropped:r1"",13.17],""4"":[""mm"",""dropped:r2"",12.85],""5"":[""cuthill"",""dropped:r2"",12.9],""6"":[""clmm"",""survivor"",9.71],""7"":[""clmm-core"",""final"",9.45]}}"
P16,100,0.3,907,12,bestof8-seq,SUCCESS,1,11.58,10.86,19,1158,60.3262,mm[run1],1482,,"{""per_run_s"":7.5,""accs"":[12.86,11.58,12.25,12.83,12.17,12.69,13.2,12.56]}"
P16,100,0.3,907,12,bestof8-par,SUCCESS,1,10.89,10.3,16,1089,47.1215,mm[run3],1482,,"{""per_run_s"":60.0,""accs"":[10.9,11.1,12.25,10.89,11.47,11.1,11.14,11.59],""used_s"":[43.9,21.5,10.4,47.1,24.0,32.9,32.5,17.2]}"
P16,100,0.3,907,12,race8-par,SUCCESS,1,9.06,9.06,10,906,60.219,template[0]@template,1482,,"{""final_survivor"":7,""elapsed_s"":60.218,""arms"":{""0"":[""template"",""floor"",9.06],""1"":[""mm"",""dropped:r1"",13.47],""2"":[""mm"",""dropped:r1"",12.96],""3"":[""mm"",""dropped:r1"",13.17],""4"":[""mm"",""dropped:r2"",12.85],""5"":[""cuthill"",""dropped:r2"",12.64],""6"":[""clmm"",""dropped:r3"",9.71],""7"":[""clmm-core"",""final"",9.28]}}"
P16,100,0.3,907,14,race8-seq,SUCCESS,1,9.06,9.06,10,906,60.1595,template[0]@template,1482,,"{""final_survivor"":7,""elapsed_s"":60.159,""arms"":{""0"":[""template"",""floor"",9.06],""1"":[""mm"",""dropped:r1"",13.68],""2"":[""mm"",""dropped:r1"",14.87],""3"":[""mm"",""dropped:r1"",14.85],""4"":[""mm"",""dropped:r2"",13.35],""5"":[""cuthill"",""dropped:r2"",11.7],""6"":[""clmm"",""survivor"",9.73],""7"":[""clmm-core"",""final"",9.49]}}"
P16,100,0.3,907,14,bestof8-seq,SUCCESS,1,11.88,11.16,19,1188,60.0728,mm[run5],1482,,"{""per_run_s"":7.5,""accs"":[12.18,12.04,13.45,12.93,12.59,11.88,13.1,12.91]}"
P16,100,0.3,907,14,bestof8-par,SUCCESS,1,11.06,10.47,16,1106,60.4629,mm[run4],1482,,"{""per_run_s"":60.0,""accs"":[11.13,11.46,12.21,12.06,11.06,11.5,11.15,11.51],""used_s"":[23.0,16.6,22.5,20.1,60.4,21.0,38.2,25.5]}"
P16,100,0.3,907,14,race8-par,SUCCESS,1,9.06,9.06,10,906,59.9919,template[0]@template,1482,,"{""final_survivor"":7,""elapsed_s"":59.991,""arms"":{""0"":[""template"",""floor"",9.06],""1"":[""mm"",""dropped:r1"",13.68],""2"":[""mm"",""dropped:r1"",14.87],""3"":[""mm"",""dropped:r1"",14.85],""4"":[""mm"",""dropped:r2"",12.21],""5"":[""cuthill"",""dropped:r2"",11.7],""6"":[""clmm"",""dropped:r3"",9.73],""7"":[""clmm-core"",""final"",9.35]}}"
P16,100,0.3,908,10,race8-seq,SUCCESS,1,9.13,9.13,10,913,60.0632,template[0]@template,1459,,"{""final_survivor"":7,""elapsed_s"":60.063,""arms"":{""0"":[""template"",""floor"",9.13],""1"":[""mm"",""dropped:r1"",15.06],""2"":[""mm"",""dropped:r1"",13.81],""3"":[""mm"",""dropped:r2"",12.91],""4"":[""mm"",""dropped:r1"",15.71],""5"":[""cuthill"",""dropped:r2"",11.6],""6"":[""clmm"",""survivor"",9.67],""7"":[""clmm-core"",""final"",9.37]}}"
P16,100,0.3,908,10,bestof8-seq,SUCCESS,1,11.46,10.78,19,1146,60.5674,mm[run5],1459,,"{""per_run_s"":7.5,""accs"":[12.99,13.1,12.26,11.65,13.61,11.46,12.03,13.36]}"
P16,100,0.3,908,10,bestof8-par,SUCCESS,1,11.24,10.64,17,1124,31.4229,mm[run6],1459,,"{""per_run_s"":60.0,""accs"":[11.76,11.63,11.29,11.42,12.14,11.46,11.24,11.6],""used_s"":[27.5,20.0,28.5,20.4,19.2,12.0,31.4,24.6]}"
P16,100,0.3,908,10,race8-par,SUCCESS,1,9.13,9.13,10,913,60.2853,template[0]@template,1459,,"{""final_survivor"":7,""elapsed_s"":60.285,""arms"":{""0"":[""template"",""floor"",9.13],""1"":[""mm"",""dropped:r1"",15.06],""2"":[""mm"",""dropped:r1"",13.81],""3"":[""mm"",""dropped:r2"",12.53],""4"":[""mm"",""dropped:r1"",15.71],""5"":[""cuthill"",""dropped:r2"",11.6],""6"":[""clmm"",""dropped:r3"",9.66],""7"":[""clmm-core"",""final"",9.25]}}"
P16,100,0.3,908,11,race8-seq,SUCCESS,1,9.13,9.13,10,913,60.0674,template[0]@template,1459,,"{""final_survivor"":7,""elapsed_s"":60.067,""arms"":{""0"":[""template"",""floor"",9.13],""1"":[""mm"",""dropped:r1"",13.87],""2"":[""mm"",""dropped:r1"",13.4],""3"":[""mm"",""dropped:r1"",14.2],""4"":[""mm"",""dropped:r2"",12.04],""5"":[""cuthill"",""dropped:r2"",11.99],""6"":[""clmm"",""survivor"",9.77],""7"":[""clmm-core"",""final"",9.45]}}"
P16,100,0.3,908,11,bestof8-seq,SUCCESS,1,11.96,11.17,19,1196,60.3407,mm[run6],1459,,"{""per_run_s"":7.5,""accs"":[12.07,12.33,12.2,12.48,12.56,12.52,11.96,15.19]}"
P16,100,0.3,908,11,bestof8-par,SUCCESS,1,11.06,10.32,17,1106,34.6308,mm[run2],1459,,"{""per_run_s"":60.0,""accs"":[11.86,11.83,11.06,11.63,11.62,11.28,11.32,11.81],""used_s"":[13.9,18.6,34.6,25.8,21.1,18.0,31.9,23.7]}"
P16,100,0.3,908,11,race8-par,SUCCESS,1,9.13,9.13,10,913,60.488,template[0]@template,1459,,"{""final_survivor"":7,""elapsed_s"":60.487,""arms"":{""0"":[""template"",""floor"",9.13],""1"":[""mm"",""dropped:r1"",13.87],""2"":[""mm"",""dropped:r1"",13.43],""3"":[""mm"",""dropped:r1"",14.2],""4"":[""mm"",""dropped:r2"",11.92],""5"":[""cuthill"",""dropped:r2"",11.99],""6"":[""clmm"",""dropped:r3"",9.72],""7"":[""clmm-core"",""final"",9.31]}}"
P16,100,0.3,908,12,race8-seq,SUCCESS,1,9.13,9.13,10,913,60.1503,template[0]@template,1459,,"{""final_survivor"":7,""elapsed_s"":60.15,""arms"":{""0"":[""template"",""floor"",9.13],""1"":[""mm"",""dropped:r1"",14.9],""2"":[""mm"",""dropped:r1"",13.97],""3"":[""mm"",""dropped:r2"",12.91],""4"":[""mm"",""dropped:r1"",13.8],""5"":[""cuthill"",""dropped:r2"",10.89],""6"":[""clmm"",""survivor"",9.75],""7"":[""clmm-core"",""final"",9.45]}}"
P16,100,0.3,908,12,bestof8-seq,SUCCESS,1,11.94,11.08,21,1194,60.2202,mm[run5],1459,,"{""per_run_s"":7.5,""accs"":[12.19,12.67,12.73,12.15,12.53,11.94,13.75,14.05]}"
P16,100,0.3,908,12,bestof8-par,SUCCESS,1,10.72,10.13,17,1072,36.67,mm[run5],1459,,"{""per_run_s"":60.0,""accs"":[11.34,11.97,11.69,11.24,10.81,10.72,12.83,10.9],""used_s"":[19.0,26.1,24.8,32.9,36.2,36.6,16.6,35.2]}"
P16,100,0.3,908,12,race8-par,SUCCESS,1,9.13,9.13,10,913,60.845,template[0]@template,1459,,"{""final_survivor"":7,""elapsed_s"":60.845,""arms"":{""0"":[""template"",""floor"",9.13],""1"":[""mm"",""dropped:r1"",14.9],""2"":[""mm"",""dropped:r1"",13.97],""3"":[""mm"",""dropped:r2"",12.56],""4"":[""mm"",""dropped:r1"",13.8],""5"":[""cuthill"",""dropped:r2"",10.89],""6"":[""clmm"",""dropped:r3"",9.75],""7"":[""clmm-core"",""final"",9.4]}}"
P16,100,0.3,908,13,race8-seq,SUCCESS,1,9.13,9.13,10,913,62.6475,template[0]@template,1459,,"{""final_survivor"":7,""elapsed_s"":62.647,""arms"":{""0"":[""template"",""floor"",9.13],""1"":[""mm"",""dropped:r2"",13.04],""2"":[""mm"",""dropped:r1"",13.32],""3"":[""mm"",""dropped:r1"",14.72],""4"":[""mm"",""dropped:r1"",13.95],""5"":[""cuthill"",""dropped:r2"",12.59],""6"":[""clmm"",""survivor"",9.69],""7"":[""clmm-core"",""final"",9.43]}}"
P16,100,0.3,908,13,bestof8-seq,SUCCESS,1,11.79,11.09,20,1179,60.2704,mm[run2],1459,,"{""per_run_s"":7.5,""accs"":[14.18,12.43,11.79,12.16,13.15,11.88,12.48,13.82]}"
P16,100,0.3,908,13,bestof8-par,SUCCESS,1,10.51,9.99,16,1051,35.9546,mm[run1],1459,,"{""per_run_s"":60.0,""accs"":[11.46,10.51,11.09,12.26,12.67,11.53,12.48,11.33],""used_s"":[27.3,35.9,22.9,13.1,13.1,19.7,13.1,25.1]}"
P16,100,0.3,908,13,race8-par,SUCCESS,1,9.13,9.13,10,913,60.1258,template[0]@template,1459,,"{""final_survivor"":7,""elapsed_s"":60.125,""arms"":{""0"":[""template"",""floor"",9.13],""1"":[""mm"",""dropped:r2"",13.04],""2"":[""mm"",""dropped:r1"",13.32],""3"":[""mm"",""dropped:r1"",14.72],""4"":[""mm"",""dropped:r1"",13.95],""5"":[""cuthill"",""dropped:r2"",12.59],""6"":[""clmm"",""dropped:r3"",9.69],""7"":[""clmm-core"",""final"",9.42]}}"
P16,100,0.3,908,14,race8-seq,SUCCESS,1,9.13,9.13,10,913,60.0844,template[0]@template,1459,,"{""final_survivor"":6,""elapsed_s"":60.084,""arms"":{""0"":[""template"",""floor"",9.13],""1"":[""mm"",""dropped:r1"",14.79],""2"":[""mm"",""dropped:r2"",12.89],""3"":[""mm"",""dropped:r1"",13.91],""4"":[""mm"",""dropped:r1"",13.21],""5"":[""cuthill"",""dropped:r2"",11.35],""6"":[""clmm"",""final"",9.33],""7"":[""clmm-core"",""survivor"",9.48]}}"
P16,100,0.3,908,14,bestof8-seq,SUCCESS,1,11.55,10.86,18,1155,60.4233,mm[run4],1459,,"{""per_run_s"":7.5,""accs"":[11.92,13.47,11.82,12.35,11.55,11.73,12.72,12.97]}"
P16,100,0.3,908,14,bestof8-par,SUCCESS,1,11.05,10.56,17,1105,22.7481,mm[run5],1459,,"{""per_run_s"":60.0,""accs"":[11.67,12.43,11.82,12.11,11.52,11.05,11.45,11.38],""used_s"":[18.2,17.2,11.5,15.2,19.7,20.0,20.5,22.7]}"
P16,100,0.3,908,14,race8-par,SUCCESS,1,9.13,9.13,10,913,60.0294,template[0]@template,1459,,"{""final_survivor"":6,""elapsed_s"":60.029,""arms"":{""0"":[""template"",""floor"",9.13],""1"":[""mm"",""dropped:r1"",14.79],""2"":[""mm"",""dropped:r2"",12.79],""3"":[""mm"",""dropped:r1"",13.91],""4"":[""mm"",""dropped:r1"",13.21],""5"":[""cuthill"",""dropped:r2"",11.35],""6"":[""clmm"",""final"",9.32],""7"":[""clmm-core"",""dropped:r3"",9.47]}}"
P16,100,0.3,909,10,race8-seq,SUCCESS,1,9.07,9.07,10,907,60.3457,template[0]@template,1474,,"{""final_survivor"":7,""elapsed_s"":60.345,""arms"":{""0"":[""template"",""floor"",9.07],""1"":[""mm"",""dropped:r1"",14.3],""2"":[""mm"",""dropped:r1"",18.21],""3"":[""mm"",""dropped:r2"",12.24],""4"":[""mm"",""dropped:r1"",13.0],""5"":[""cuthill"",""dropped:r2"",11.13],""6"":[""clmm"",""survivor"",9.73],""7"":[""clmm-core"",""final"",9.44]}}"
P16,100,0.3,909,10,bestof8-seq,SUCCESS,1,11.53,10.91,20,1153,60.2282,mm[run3],1474,,"{""per_run_s"":7.5,""accs"":[12.83,12.48,12.98,11.53,12.01,12.25,11.61,12.72]}"
P16,100,0.3,909,10,bestof8-par,SUCCESS,1,10.85,10.42,16,1085,31.4699,mm[run6],1474,,"{""per_run_s"":60.0,""accs"":[11.96,11.39,12.34,11.84,11.49,11.7,10.85,11.35],""used_s"":[20.5,22.4,18.3,15.8,14.6,19.0,31.4,17.1]}"
P16,100,0.3,909,10,race8-par,SUCCESS,1,9.07,9.07,10,907,60.7484,template[0]@template,1474,,"{""final_survivor"":6,""elapsed_s"":60.748,""arms"":{""0"":[""template"",""floor"",9.07],""1"":[""mm"",""dropped:r1"",14.3],""2"":[""mm"",""dropped:r1"",18.21],""3"":[""mm"",""dropped:r2"",12.24],""4"":[""mm"",""dropped:r1"",13.0],""5"":[""cuthill"",""dropped:r2"",11.13],""6"":[""clmm"",""final"",9.35],""7"":[""clmm-core"",""dropped:r3"",9.43]}}"
P16,100,0.3,909,11,race8-seq,SUCCESS,1,9.07,9.07,10,907,60.0388,template[0]@template,1474,,"{""final_survivor"":7,""elapsed_s"":60.039,""arms"":{""0"":[""template"",""floor"",9.07],""1"":[""mm"",""dropped:r1"",15.57],""2"":[""mm"",""dropped:r1"",15.97],""3"":[""mm"",""dropped:r2"",12.87],""4"":[""mm"",""dropped:r1"",13.53],""5"":[""cuthill"",""dropped:r2"",11.31],""6"":[""clmm"",""survivor"",9.74],""7"":[""clmm-core"",""final"",9.46]}}"
P16,100,0.3,909,11,bestof8-seq,SUCCESS,1,12.04,11.36,20,1204,60.0822,mm[run6],1474,,"{""per_run_s"":7.5,""accs"":[13.57,13.19,12.62,12.3,12.31,12.77,12.04,12.66]}"
P16,100,0.3,909,11,bestof8-par,SUCCESS,1,11.29,10.68,18,1129,36.7399,mm[run6],1474,,"{""per_run_s"":60.0,""accs"":[11.42,11.75,11.44,12.3,12.31,12.74,11.29,11.55],""used_s"":[36.7,22.7,26.2,10.6,13.4,14.7,27.9,27.8]}"
P16,100,0.3,909,11,race8-par,SUCCESS,1,9.07,9.07,10,907,60.2385,template[0]@template,1474,,"{""final_survivor"":7,""elapsed_s"":60.238,""arms"":{""0"":[""template"",""floor"",9.07],""1"":[""mm"",""dropped:r1"",15.57],""2"":[""mm"",""dropped:r1"",15.97],""3"":[""mm"",""dropped:r2"",11.95],""4"":[""mm"",""dropped:r1"",13.53],""5"":[""cuthill"",""dropped:r2"",11.31],""6"":[""clmm"",""dropped:r3"",9.73],""7"":[""clmm-core"",""final"",9.17]}}"
P16,100,0.3,909,12,race8-seq,SUCCESS,1,9.07,9.07,10,907,60.0607,template[0]@template,1474,,"{""final_survivor"":7,""elapsed_s"":60.06,""arms"":{""0"":[""template"",""floor"",9.07],""1"":[""mm"",""dropped:r1"",14.46],""2"":[""mm"",""dropped:r1"",19.99],""3"":[""mm"",""dropped:r2"",13.33],""4"":[""mm"",""dropped:r1"",13.82],""5"":[""cuthill"",""dropped:r2"",11.92],""6"":[""clmm"",""survivor"",9.73],""7"":[""clmm-core"",""final"",9.43]}}"
P16,100,0.3,909,12,bestof8-seq,SUCCESS,1,11.82,11.12,20,1182,60.1156,mm[run3],1474,,"{""per_run_s"":7.5,""accs"":[12.93,12.39,13.71,11.82,12.38,12.33,12.26,14.21]}"
P16,100,0.3,909,12,bestof8-par,SUCCESS,1,10.93,10.31,16,1093,42.0967,mm[run0],1474,,"{""per_run_s"":60.0,""accs"":[10.93,11.79,11.19,11.44,11.29,11.11,11.42,11.54],""used_s"":[32.0,23.8,42.1,20.2,35.4,23.9,20.0,28.7]}"
P16,100,0.3,909,12,race8-par,SUCCESS,1,9.07,9.07,10,907,60.4538,template[0]@template,1474,,"{""final_survivor"":7,""elapsed_s"":60.453,""arms"":{""0"":[""template"",""floor"",9.07],""1"":[""mm"",""dropped:r1"",15.14],""2"":[""mm"",""dropped:r1"",19.99],""3"":[""mm"",""dropped:r2"",13.32],""4"":[""mm"",""dropped:r1"",13.82],""5"":[""cuthill"",""dropped:r2"",11.92],""6"":[""clmm"",""dropped:r3"",9.73],""7"":[""clmm-core"",""final"",9.14]}}"
P16,100,0.3,909,14,race8-seq,SUCCESS,1,9.07,9.07,10,907,60.202,template[0]@template,1474,,"{""final_survivor"":7,""elapsed_s"":60.202,""arms"":{""0"":[""template"",""floor"",9.07],""1"":[""mm"",""dropped:r1"",15.22],""2"":[""mm"",""dropped:r1"",15.8],""3"":[""mm"",""dropped:r2"",14.65],""4"":[""mm"",""dropped:r2"",12.98],""5"":[""cuthill"",""dropped:r1"",16.19],""6"":[""clmm"",""survivor"",9.69],""7"":[""clmm-core"",""final"",9.41]}}"
P16,100,0.3,909,14,bestof8-seq,SUCCESS,1,11.84,11.26,19,1184,60.0532,mm[run0],1474,,"{""per_run_s"":7.5,""accs"":[11.84,12.37,13.39,12.12,12.39,12.31,12.87,12.44]}"
P16,100,0.3,909,14,bestof8-par,SUCCESS,1,11.11,10.66,17,1111,36.8144,mm[run2],1474,,"{""per_run_s"":60.0,""accs"":[11.15,11.17,11.11,11.19,11.78,11.34,12.38,11.81],""used_s"":[26.2,36.8,25.4,19.4,26.7,30.2,22.1,19.3]}"
P16,100,0.3,909,14,race8-par,SUCCESS,1,9.07,9.07,10,907,60.2157,template[0]@template,1474,,"{""final_survivor"":7,""elapsed_s"":60.215,""arms"":{""0"":[""template"",""floor"",9.07],""1"":[""mm"",""dropped:r1"",15.22],""2"":[""mm"",""dropped:r1"",15.8],""3"":[""mm"",""dropped:r2"",14.13],""4"":[""mm"",""dropped:r2"",12.98],""5"":[""cuthill"",""dropped:r1"",16.19],""6"":[""clmm"",""dropped:r3"",9.69],""7"":[""clmm-core"",""final"",9.23]}}"
P16,100,0.3,909,13,race8-seq,SUCCESS,1,9.07,9.07,10,907,60.2524,template[0]@template,1474,,"{""final_survivor"":7,""elapsed_s"":60.252,""arms"":{""0"":[""template"",""floor"",9.07],""1"":[""mm"",""dropped:r1"",13.63],""2"":[""mm"",""dropped:r1"",13.69],""3"":[""mm"",""dropped:r1"",16.74],""4"":[""mm"",""dropped:r2"",13.57],""5"":[""cuthill"",""dropped:r2"",13.39],""6"":[""clmm"",""survivor"",9.72],""7"":[""clmm-core"",""final"",9.47]}}"
P16,100,0.3,909,13,bestof8-seq,SUCCESS,1,12.08,11.24,21,1208,60.5651,mm[run5],1474,,"{""per_run_s"":7.5,""accs"":[12.63,12.53,12.62,13.18,12.46,12.08,12.59,12.32]}"
P16,100,0.3,909,13,bestof8-par,SUCCESS,1,10.72,10.24,16,1072,50.8434,mm[run0],1474,,"{""per_run_s"":60.0,""accs"":[10.72,11.24,11.66,12.07,11.48,11.52,11.68,11.75],""used_s"":[50.8,30.5,29.6,18.3,19.9,15.9,34.6,12.4]}"
P16,100,0.3,909,13,race8-par,SUCCESS,1,9.07,9.07,10,907,60.1273,template[0]@template,1474,,"{""final_survivor"":7,""elapsed_s"":60.127,""arms"":{""0"":[""template"",""floor"",9.07],""1"":[""mm"",""dropped:r1"",13.63],""2"":[""mm"",""dropped:r1"",13.69],""3"":[""mm"",""dropped:r1"",16.74],""4"":[""mm"",""dropped:r2"",13.57],""5"":[""cuthill"",""dropped:r2"",13.39],""6"":[""clmm"",""dropped:r3"",9.71],""7"":[""clmm-core"",""final"",9.4]}}"
P16,100,0.3,910,10,race8-seq,SUCCESS,1,9.16,9.16,10,916,60.7258,template[0]@template,1492,,"{""final_survivor"":7,""elapsed_s"":60.725,""arms"":{""0"":[""template"",""floor"",9.16],""1"":[""mm"",""dropped:r1"",14.05],""2"":[""mm"",""dropped:r2"",13.0],""3"":[""mm"",""dropped:r1"",13.18],""4"":[""mm"",""dropped:r1"",15.8],""5"":[""cuthill"",""dropped:r2"",11.44],""6"":[""clmm"",""dropped:r3"",9.64],""7"":[""clmm-core"",""final"",9.44]}}"
P16,100,0.3,910,10,bestof8-seq,SUCCESS,1,12.02,11.26,19,1202,60.1095,mm[run2],1492,,"{""per_run_s"":7.5,""accs"":[12.94,12.19,12.02,12.48,12.73,12.06,13.63,13.39]}"
P16,100,0.3,910,10,bestof8-par,SUCCESS,1,11.49,10.69,18,1149,32.1706,mm[run0],1492,,"{""per_run_s"":60.0,""accs"":[11.49,11.65,11.88,12.48,11.74,11.57,11.81,12.05],""used_s"":[26.6,15.6,17.1,11.3,24.0,18.7,32.1,23.2]}"
P16,100,0.3,910,10,race8-par,SUCCESS,1,9.16,9.16,10,916,60.3991,template[0]@template,1492,,"{""final_survivor"":7,""elapsed_s"":60.399,""arms"":{""0"":[""template"",""floor"",9.16],""1"":[""mm"",""dropped:r1"",14.05],""2"":[""mm"",""dropped:r2"",13.15],""3"":[""mm"",""dropped:r1"",13.3],""4"":[""mm"",""dropped:r1"",15.8],""5"":[""cuthill"",""dropped:r2"",11.39],""6"":[""clmm"",""dropped:r3"",9.64],""7"":[""clmm-core"",""final"",9.35]}}"
P16,100,0.3,910,11,race8-seq,SUCCESS,1,9.16,9.16,10,916,60.3863,template[0]@template,1492,,"{""final_survivor"":7,""elapsed_s"":60.386,""arms"":{""0"":[""template"",""floor"",9.16],""1"":[""mm"",""dropped:r1"",15.38],""2"":[""mm"",""dropped:r1"",16.4],""3"":[""mm"",""dropped:r1"",15.69],""4"":[""mm"",""dropped:r2"",12.62],""5"":[""cuthill"",""dropped:r2"",13.08],""6"":[""clmm"",""survivor"",9.76],""7"":[""clmm-core"",""final"",9.45]}}"
P16,100,0.3,910,11,bestof8-seq,SUCCESS,1,11.78,11.05,20,1178,60.3209,mm[run7],1492,,"{""per_run_s"":7.5,""accs"":[12.06,13.21,13.58,13.39,12.46,12.82,12.1,11.78]}"
P16,100,0.3,910,11,bestof8-par,SUCCESS,1,11.06,10.58,17,1106,35.6865,mm[run0],1492,,"{""per_run_s"":60.0,""accs"":[11.06,11.42,11.35,11.27,12.46,11.6,12.1,11.78],""used_s"":[32.7,26.1,35.7,30.8,11.6,27.8,11.6,7.5]}"
P16,100,0.3,910,11,race8-par,SUCCESS,1,9.16,9.16,10,916,60.4421,template[0]@template,1492,,"{""final_survivor"":7,""elapsed_s"":60.442,""arms"":{""0"":[""template"",""floor"",9.16],""1"":[""mm"",""dropped:r1"",15.38],""2"":[""mm"",""dropped:r1"",16.4],""3"":[""mm"",""dropped:r1"",16.23],""4"":[""mm"",""dropped:r2"",12.62],""5"":[""cuthill"",""dropped:r2"",12.29],""6"":[""clmm"",""dropped:r3"",9.74],""7"":[""clmm-core"",""final"",9.4]}}"
P16,100,0.3,910,12,race8-seq,SUCCESS,1,9.16,9.16,10,916,60.2691,template[0]@template,1492,,"{""final_survivor"":7,""elapsed_s"":60.269,""arms"":{""0"":[""template"",""floor"",9.16],""1"":[""mm"",""dropped:r1"",15.96],""2"":[""mm"",""dropped:r2"",12.86],""3"":[""mm"",""dropped:r1"",13.64],""4"":[""mm"",""dropped:r1"",13.04],""5"":[""cuthill"",""dropped:r2"",11.66],""6"":[""clmm"",""survivor"",9.74],""7"":[""clmm-core"",""final"",9.38]}}"
P16,100,0.3,910,12,bestof8-seq,SUCCESS,1,11.55,10.85,17,1155,60.5813,mm[run2],1492,,"{""per_run_s"":7.5,""accs"":[12.73,14.94,11.55,12.77,12.37,11.88,12.15,12.55]}"
P16,100,0.3,910,12,bestof8-par,SUCCESS,1,11.02,10.4,16,1102,37.4084,mm[run4],1492,,"{""per_run_s"":60.0,""accs"":[11.76,12.87,11.49,12.06,11.02,11.71,11.3,11.47],""used_s"":[19.6,16.6,16.7,19.3,36.7,20.7,37.4,25.6]}"
P16,100,0.3,910,12,race8-par,SUCCESS,1,9.16,9.16,10,916,60.143,template[0]@template,1492,,"{""final_survivor"":7,""elapsed_s"":60.143,""arms"":{""0"":[""template"",""floor"",9.16],""1"":[""mm"",""dropped:r1"",15.96],""2"":[""mm"",""dropped:r2"",12.68],""3"":[""mm"",""dropped:r1"",14.15],""4"":[""mm"",""dropped:r1"",13.04],""5"":[""cuthill"",""dropped:r2"",11.66],""6"":[""clmm"",""dropped:r3"",9.4],""7"":[""clmm-core"",""final"",9.29]}}"
P16,100,0.3,910,13,race8-seq,SUCCESS,1,9.16,9.16,10,916,60.0226,template[0]@template,1492,,"{""final_survivor"":6,""elapsed_s"":60.022,""arms"":{""0"":[""template"",""floor"",9.16],""1"":[""mm"",""dropped:r2"",13.06],""2"":[""mm"",""dropped:r1"",15.58],""3"":[""mm"",""dropped:r1"",14.06],""4"":[""mm"",""dropped:r2"",12.49],""5"":[""cuthill"",""dropped:r1"",13.85],""6"":[""clmm"",""final"",9.34],""7"":[""clmm-core"",""survivor"",9.42]}}"
P16,100,0.3,910,13,bestof8-seq,SUCCESS,1,11.49,10.82,19,1149,60.0638,mm[run3],1492,,"{""per_run_s"":7.5,""accs"":[12.14,12.27,12.61,11.49,11.6,12.46,13.58,12.86]}"
P16,100,0.3,910,13,bestof8-par,SUCCESS,1,11.08,10.56,17,1108,29.9165,mm[run7],1492,,"{""per_run_s"":60.0,""accs"":[11.8,11.92,12.21,11.17,11.85,11.43,11.64,11.08],""used_s"":[24.1,23.2,24.7,24.4,13.3,22.3,29.9,29.5]}"
P16,100,0.3,910,13,race8-par,SUCCESS,1,9.16,9.16,10,916,60.2842,template[0]@template,1492,,"{""final_survivor"":6,""elapsed_s"":60.284,""arms"":{""0"":[""template"",""floor"",9.16],""1"":[""mm"",""dropped:r2"",13.16],""2"":[""mm"",""dropped:r1"",15.58],""3"":[""mm"",""dropped:r1"",14.06],""4"":[""mm"",""dropped:r2"",11.76],""5"":[""cuthill"",""dropped:r1"",13.85],""6"":[""clmm"",""final"",9.34],""7"":[""clmm-core"",""dropped:r3"",9.42]}}"
P16,100,0.3,910,14,race8-seq,SUCCESS,1,9.16,9.16,10,916,60.4267,template[0]@template,1492,,"{""final_survivor"":7,""elapsed_s"":60.426,""arms"":{""0"":[""template"",""floor"",9.16],""1"":[""mm"",""dropped:r1"",15.5],""2"":[""mm"",""dropped:r2"",13.01],""3"":[""mm"",""dropped:r1"",14.92],""4"":[""mm"",""dropped:r1"",13.49],""5"":[""cuthill"",""dropped:r2"",11.2],""6"":[""clmm"",""survivor"",9.74],""7"":[""clmm-core"",""final"",9.46]}}"
P16,100,0.3,910,14,bestof8-seq,SUCCESS,1,11.93,11.32,21,1193,60.0723,mm[run2],1492,,"{""per_run_s"":7.5,""accs"":[12.22,13.77,11.93,12.51,12.31,11.95,12.7,13.0]}"
P16,100,0.3,910,14,bestof8-par,SUCCESS,1,10.91,10.36,17,1091,38.6987,mm[run2],1492,,"{""per_run_s"":60.0,""accs"":[11.33,10.92,10.91,11.0,12.06,11.51,11.57,11.35],""used_s"":[17.5,38.7,32.0,37.6,14.7,20.9,23.3,22.5]}"
P16,100,0.3,910,14,race8-par,SUCCESS,1,9.16,9.16,10,916,60.5891,template[0]@template,1492,,"{""final_survivor"":7,""elapsed_s"":60.589,""arms"":{""0"":[""template"",""floor"",9.16],""1"":[""mm"",""dropped:r1"",15.5],""2"":[""mm"",""dropped:r2"",12.94],""3"":[""mm"",""dropped:r1"",14.92],""4"":[""mm"",""dropped:r1"",13.49],""5"":[""cuthill"",""dropped:r2"",11.2],""6"":[""clmm"",""dropped:r3"",9.72],""7"":[""clmm-core"",""final"",9.45]}}"
P16,100,0.3,911,10,race8-seq,SUCCESS,1,9.16,9.16,10,916,60.4674,template[0]@template,1484,,"{""final_survivor"":6,""elapsed_s"":60.467,""arms"":{""0"":[""template"",""floor"",9.16],""1"":[""mm"",""dropped:r2"",13.37],""2"":[""mm"",""dropped:r1"",15.53],""3"":[""mm"",""dropped:r1"",13.88],""4"":[""mm"",""dropped:r1"",14.99],""5"":[""cuthill"",""dropped:r2"",11.25],""6"":[""clmm"",""final"",9.28],""7"":[""clmm-core"",""survivor"",9.44]}}"
P16,100,0.3,911,10,bestof8-seq,SUCCESS,1,11.7,10.92,19,1170,60.0938,mm[run6],1484,,"{""per_run_s"":7.5,""accs"":[13.49,11.83,14.08,12.32,12.4,13.5,11.7,12.78]}"
P16,100,0.3,911,10,bestof8-par,SUCCESS,1,11.0,10.46,16,1100,40.2005,mm[run5],1484,,"{""per_run_s"":60.0,""accs"":[11.18,11.32,12.03,11.39,11.49,11.0,11.7,11.97],""used_s"":[35.5,17.6,22.3,24.3,20.3,40.2,12.3,26.4]}"
P16,100,0.3,911,10,race8-par,SUCCESS,1,9.16,9.16,10,916,60.2803,template[0]@template,1484,,"{""final_survivor"":6,""elapsed_s"":60.28,""arms"":{""0"":[""template"",""floor"",9.16],""1"":[""mm"",""dropped:r2"",13.26],""2"":[""mm"",""dropped:r1"",15.53],""3"":[""mm"",""dropped:r1"",13.57],""4"":[""mm"",""dropped:r1"",14.99],""5"":[""cuthill"",""dropped:r2"",11.25],""6"":[""clmm"",""final"",9.27],""7"":[""clmm-core"",""dropped:r3"",9.44]}}"
P16,100,0.3,911,11,race8-seq,SUCCESS,1,9.16,9.16,10,916,60.8381,template[0]@template,1484,,"{""final_survivor"":7,""elapsed_s"":60.838,""arms"":{""0"":[""template"",""floor"",9.16],""1"":[""mm"",""dropped:r1"",13.07],""2"":[""mm"",""dropped:r1"",14.03],""3"":[""mm"",""dropped:r2"",12.91],""4"":[""mm"",""dropped:r1"",14.43],""5"":[""cuthill"",""dropped:r2"",11.78],""6"":[""clmm"",""survivor"",9.7],""7"":[""clmm-core"",""final"",9.41]}}"
P16,100,0.3,911,11,bestof8-seq,SUCCESS,1,12.03,11.26,19,1203,60.322,mm[run4],1484,,"{""per_run_s"":7.5,""accs"":[13.03,12.22,12.25,12.33,12.03,12.2,12.45,13.27]}"
P16,100,0.3,911,11,bestof8-par,SUCCESS,1,11.11,10.55,17,1111,34.8715,mm[run6],1484,,"{""per_run_s"":60.0,""accs"":[13.03,11.85,11.48,11.18,11.13,11.75,11.11,11.74],""used_s"":[11.6,22.1,19.8,26.8,34.8,30.0,26.7,33.1]}"
P16,100,0.3,911,11,race8-par,SUCCESS,1,9.16,9.16,10,916,60.1419,template[0]@template,1484,,"{""final_survivor"":7,""elapsed_s"":60.141,""arms"":{""0"":[""template"",""floor"",9.16],""1"":[""mm"",""dropped:r2"",12.64],""2"":[""mm"",""dropped:r1"",14.03],""3"":[""mm"",""dropped:r1"",13.15],""4"":[""mm"",""dropped:r1"",14.22],""5"":[""cuthill"",""dropped:r2"",11.78],""6"":[""clmm"",""dropped:r3"",9.69],""7"":[""clmm-core"",""final"",9.33]}}"
P16,100,0.3,911,12,race8-seq,SUCCESS,1,9.16,9.16,10,916,60.3314,template[0]@template,1484,,"{""final_survivor"":7,""elapsed_s"":60.331,""arms"":{""0"":[""template"",""floor"",9.16],""1"":[""mm"",""dropped:r2"",12.27],""2"":[""mm"",""dropped:r1"",14.97],""3"":[""mm"",""dropped:r1"",13.5],""4"":[""mm"",""dropped:r1"",13.39],""5"":[""cuthill"",""dropped:r2"",13.08],""6"":[""clmm"",""survivor"",9.71],""7"":[""clmm-core"",""final"",9.41]}}"
P16,100,0.3,911,12,bestof8-seq,SUCCESS,1,11.91,11.32,20,1191,60.1148,mm[run5],1484,,"{""per_run_s"":7.5,""accs"":[12.87,12.19,12.79,12.57,11.92,11.91,12.2,13.06]}"
P16,100,0.3,911,12,bestof8-par,SUCCESS,1,10.87,10.36,16,1087,36.2554,mm[run2],1484,,"{""per_run_s"":60.0,""accs"":[11.32,11.43,10.87,11.57,11.58,11.29,11.57,11.79],""used_s"":[29.6,21.7,34.4,26.1,19.5,36.2,27.9,17.7]}"
P16,100,0.3,911,12,race8-par,SUCCESS,1,9.16,9.16,10,916,60.459,template[0]@template,1484,,"{""final_survivor"":7,""elapsed_s"":60.459,""arms"":{""0"":[""template"",""floor"",9.16],""1"":[""mm"",""dropped:r2"",12.27],""2"":[""mm"",""dropped:r1"",14.97],""3"":[""mm"",""dropped:r1"",13.5],""4"":[""mm"",""dropped:r1"",13.39],""5"":[""cuthill"",""dropped:r2"",13.08],""6"":[""clmm"",""dropped:r3"",9.67],""7"":[""clmm-core"",""final"",9.3]}}"
P16,100,0.3,911,13,race8-seq,SUCCESS,1,9.16,9.16,10,916,60.2166,template[0]@template,1484,,"{""final_survivor"":7,""elapsed_s"":60.216,""arms"":{""0"":[""template"",""floor"",9.16],""1"":[""mm"",""dropped:r1"",12.71],""2"":[""mm"",""dropped:r1"",15.56],""3"":[""mm"",""dropped:r1"",12.77],""4"":[""mm"",""dropped:r2"",12.65],""5"":[""cuthill"",""dropped:r2"",11.19],""6"":[""clmm"",""survivor"",9.69],""7"":[""clmm-core"",""final"",9.28]}}"
P16,100,0.3,911,13,bestof8-seq,SUCCESS,1,12.02,11.27,20,1202,60.3629,mm[run1],1484,,"{""per_run_s"":7.5,""accs"":[12.23,12.02,13.02,12.16,12.15,12.78,13.02,12.72]}"
P16,100,0.3,911,13,bestof8-par,SUCCESS,1,11.15,10.55,17,1115,49.6572,mm[run2],1484,,"{""per_run_s"":60.0,""accs"":[12.23,12.02,11.15,11.72,12.15,11.96,11.36,11.24],""used_s"":[14.0,12.0,49.6,18.7,12.4,22.0,33.1,22.0]}"
P16,100,0.3,911,13,race8-par,SUCCESS,1,9.16,9.16,10,916,60.3129,template[0]@template,1484,,"{""final_survivor"":7,""elapsed_s"":60.312,""arms"":{""0"":[""template"",""floor"",9.16],""1"":[""mm"",""dropped:r1"",12.71],""2"":[""mm"",""dropped:r1"",15.56],""3"":[""mm"",""dropped:r1"",12.77],""4"":[""mm"",""dropped:r2"",12.42],""5"":[""cuthill"",""dropped:r2"",11.19],""6"":[""clmm"",""dropped:r3"",9.67],""7"":[""clmm-core"",""final"",9.25]}}"
P16,100,0.3,911,14,race8-seq,SUCCESS,1,9.16,9.16,10,916,60.1271,template[0]@template,1484,,"{""final_survivor"":7,""elapsed_s"":60.127,""arms"":{""0"":[""template"",""floor"",9.16],""1"":[""mm"",""dropped:r2"",13.06],""2"":[""mm"",""dropped:r1"",13.09],""3"":[""mm"",""dropped:r1"",15.19],""4"":[""mm"",""dropped:r1"",14.09],""5"":[""cuthill"",""dropped:r2"",11.2],""6"":[""clmm"",""survivor"",9.72],""7"":[""clmm-core"",""final"",9.43]}}"
P16,100,0.3,911,14,bestof8-seq,SUCCESS,1,11.81,10.95,19,1181,60.4592,mm[run1],1484,,"{""per_run_s"":7.5,""accs"":[12.07,11.81,11.88,12.64,12.41,12.69,11.89,12.7]}"
P16,100,0.3,911,14,bestof8-par,SUCCESS,1,11.02,10.49,16,1102,41.5724,mm[run2],1484,,"{""per_run_s"":60.0,""accs"":[11.39,11.49,11.02,11.61,11.5,12.19,11.89,11.88],""used_s"":[22.1,18.7,41.5,17.0,26.5,21.8,13.8,16.4]}"
P16,100,0.3,911,14,race8-par,SUCCESS,1,9.16,9.16,10,916,60.05,template[0]@template,1484,,"{""final_survivor"":6,""elapsed_s"":60.049,""arms"":{""0"":[""template"",""floor"",9.16],""1"":[""mm"",""dropped:r2"",12.96],""2"":[""mm"",""dropped:r1"",13.09],""3"":[""mm"",""dropped:r1"",15.19],""4"":[""mm"",""dropped:r1"",14.09],""5"":[""cuthill"",""dropped:r2"",11.2],""6"":[""clmm"",""final"",9.31],""7"":[""clmm-core"",""dropped:r3"",9.42]}}"
P16,100,0.3,912,10,race8-seq,SUCCESS,1,9.13,9.13,10,913,60.0255,template[0]@template,1503,,"{""final_survivor"":7,""elapsed_s"":60.025,""arms"":{""0"":[""template"",""floor"",9.13],""1"":[""mm"",""dropped:r1"",13.47],""2"":[""mm"",""dropped:r2"",13.21],""3"":[""mm"",""dropped:r1"",13.29],""4"":[""mm"",""dropped:r1"",14.7],""5"":[""cuthill"",""dropped:r2"",11.91],""6"":[""clmm"",""survivor"",9.73],""7"":[""clmm-core"",""final"",9.53]}}"
P16,100,0.3,912,10,bestof8-seq,SUCCESS,1,12.03,11.3,19,1203,60.4042,mm[run3],1503,,"{""per_run_s"":7.5,""accs"":[12.27,12.57,12.26,12.03,13.53,12.56,12.49,12.51]}"
P16,100,0.3,912,10,bestof8-par,SUCCESS,1,10.87,10.37,16,1087,31.752,mm[run7],1503,,"{""per_run_s"":60.0,""accs"":[11.13,11.61,11.05,11.46,12.62,12.56,11.22,10.87],""used_s"":[27.0,18.8,27.5,28.3,17.8,11.7,22.1,31.7]}"
P16,100,0.3,912,10,race8-par,SUCCESS,1,9.13,9.13,10,913,61.2049,template[0]@template,1503,,"{""final_survivor"":7,""elapsed_s"":61.204,""arms"":{""0"":[""template"",""floor"",9.13],""1"":[""mm"",""dropped:r1"",13.47],""2"":[""mm"",""dropped:r2"",13.2],""3"":[""mm"",""dropped:r1"",13.29],""4"":[""mm"",""dropped:r1"",14.26],""5"":[""cuthill"",""dropped:r2"",11.86],""6"":[""clmm"",""dropped:r3"",9.72],""7"":[""clmm-core"",""final"",9.53]}}"
P16,100,0.3,912,11,race8-seq,SUCCESS,1,9.13,9.13,10,913,60.1523,template[0]@template,1503,,"{""final_survivor"":7,""elapsed_s"":60.152,""arms"":{""0"":[""template"",""floor"",9.13],""1"":[""mm"",""dropped:r2"",12.68],""2"":[""mm"",""dropped:r1"",14.04],""3"":[""mm"",""dropped:r1"",14.59],""4"":[""mm"",""dropped:r1"",14.53],""5"":[""cuthill"",""dropped:r2"",12.0],""6"":[""clmm"",""survivor"",9.69],""7"":[""clmm-core"",""final"",9.52]}}"
P16,100,0.3,912,11,bestof8-seq,SUCCESS,1,11.94,11.25,19,1194,60.0286,mm[run1],1503,,"{""per_run_s"":7.5,""accs"":[12.33,11.94,12.38,12.39,13.64,11.98,12.31,12.02]}"
P16,100,0.3,912,11,bestof8-par,SUCCESS,1,10.96,10.41,16,1096,36.5784,mm[run5],1503,,"{""per_run_s"":60.0,""accs"":[11.63,11.2,11.2,11.17,11.61,10.96,11.4,11.22],""used_s"":[18.2,21.9,20.1,36.6,32.4,36.1,24.6,23.5]}"
P16,100,0.3,912,11,race8-par,SUCCESS,1,9.13,9.13,10,913,60.2941,template[0]@template,1503,,"{""final_survivor"":7,""elapsed_s"":60.294,""arms"":{""0"":[""template"",""floor"",9.13],""1"":[""mm"",""dropped:r2"",12.23],""2"":[""mm"",""dropped:r1"",14.04],""3"":[""mm"",""dropped:r1"",14.59],""4"":[""mm"",""dropped:r1"",14.53],""5"":[""cuthill"",""dropped:r2"",12.0],""6"":[""clmm"",""dropped:r3"",9.69],""7"":[""clmm-core"",""final"",9.33]}}"
P16,100,0.3,912,12,race8-seq,SUCCESS,1,9.13,9.13,10,913,61.917,template[0]@template,1503,,"{""final_survivor"":7,""elapsed_s"":61.917,""arms"":{""0"":[""template"",""floor"",9.13],""1"":[""mm"",""dropped:r1"",13.33],""2"":[""mm"",""dropped:r2"",12.83],""3"":[""mm"",""dropped:r1"",13.64],""4"":[""mm"",""dropped:r1"",13.99],""5"":[""cuthill"",""dropped:r2"",13.17],""6"":[""clmm"",""survivor"",9.78],""7"":[""clmm-core"",""final"",9.5]}}"
P16,100,0.3,912,12,bestof8-seq,SUCCESS,1,11.89,11.27,19,1189,60.2278,mm[run0],1503,,"{""per_run_s"":7.5,""accs"":[11.89,12.6,12.62,12.48,12.87,13.07,11.99,12.43]}"
P16,100,0.3,912,12,bestof8-par,SUCCESS,1,11.24,10.63,17,1124,38.1677,mm[run1],1503,,"{""per_run_s"":60.0,""accs"":[11.59,11.24,11.45,11.52,11.9,12.25,11.35,11.61],""used_s"":[30.3,38.1,31.5,30.0,25.4,17.8,27.5,19.2]}"
P16,100,0.3,912,12,race8-par,SUCCESS,1,9.13,9.13,10,913,60.0335,template[0]@template,1503,,"{""final_survivor"":7,""elapsed_s"":60.033,""arms"":{""0"":[""template"",""floor"",9.13],""1"":[""mm"",""dropped:r1"",13.33],""2"":[""mm"",""dropped:r2"",13.06],""3"":[""mm"",""dropped:r1"",13.64],""4"":[""mm"",""dropped:r1"",13.99],""5"":[""cuthill"",""dropped:r2"",13.17],""6"":[""clmm"",""dropped:r3"",9.78],""7"":[""clmm-core"",""final"",9.38]}}"
P16,100,0.3,912,14,race8-seq,SUCCESS,1,9.13,9.13,10,913,60.0181,template[0]@template,1503,,"{""final_survivor"":7,""elapsed_s"":60.018,""arms"":{""0"":[""template"",""floor"",9.13],""1"":[""mm"",""dropped:r1"",14.39],""2"":[""mm"",""dropped:r1"",13.68],""3"":[""mm"",""dropped:r1"",15.59],""4"":[""mm"",""dropped:r2"",13.43],""5"":[""cuthill"",""dropped:r2"",11.57],""6"":[""clmm"",""survivor"",9.78],""7"":[""clmm-core"",""final"",9.54]}}"
P16,100,0.3,912,14,bestof8-seq,SUCCESS,1,11.94,11.33,19,1194,60.4178,mm[run5],1503,,"{""per_run_s"":7.5,""accs"":[12.4,12.39,12.06,13.02,12.32,11.94,12.28,12.93]}"
P16,100,0.3,912,14,bestof8-par,SUCCESS,1,11.19,10.68,18,1119,32.2394,mm[run6],1503,,"{""per_run_s"":60.0,""accs"":[11.66,12.15,11.68,11.4,11.5,11.72,11.19,11.66],""used_s"":[22.6,15.3,30.2,25.9,22.8,24.5,32.2,29.9]}"
P16,100,0.3,912,14,race8-par,SUCCESS,1,9.13,9.13,10,913,60.3091,template[0]@template,1503,,"{""final_survivor"":7,""elapsed_s"":60.309,""arms"":{""0"":[""template"",""floor"",9.13],""1"":[""mm"",""dropped:r1"",14.39],""2"":[""mm"",""dropped:r2"",13.68],""3"":[""mm"",""dropped:r1"",15.59],""4"":[""mm"",""dropped:r1"",13.84],""5"":[""cuthill"",""dropped:r2"",11.57],""6"":[""clmm"",""dropped:r3"",9.78],""7"":[""clmm-core"",""final"",9.54]}}"
P16,100,0.3,912,13,race8-seq,SUCCESS,1,9.13,9.13,10,913,60.4359,template[0]@template,1503,,"{""final_survivor"":7,""elapsed_s"":60.436,""arms"":{""0"":[""template"",""floor"",9.13],""1"":[""mm"",""dropped:r2"",12.94],""2"":[""mm"",""dropped:r1"",15.56],""3"":[""mm"",""dropped:r1"",12.98],""4"":[""mm"",""dropped:r1"",13.92],""5"":[""cuthill"",""dropped:r2"",12.38],""6"":[""clmm"",""survivor"",9.77],""7"":[""clmm-core"",""final"",9.52]}}"
P16,100,0.3,912,13,bestof8-seq,SUCCESS,1,11.95,11.26,20,1195,60.3376,mm[run1],1503,,"{""per_run_s"":7.5,""accs"":[12.99,11.95,12.63,12.12,12.31,12.27,12.59,12.2]}"
P16,100,0.3,912,13,bestof8-par,SUCCESS,1,11.09,10.46,16,1109,43.6535,mm[run1],1503,,"{""per_run_s"":60.0,""accs"":[11.43,11.09,11.73,11.39,11.61,11.55,11.69,11.29],""used_s"":[25.9,43.6,20.1,24.8,30.6,27.6,28.8,36.3]}"
P16,100,0.3,912,13,race8-par,SUCCESS,1,9.13,9.13,10,913,60.551,template[0]@template,1503,,"{""final_survivor"":7,""elapsed_s"":60.55,""arms"":{""0"":[""template"",""floor"",9.13],""1"":[""mm"",""dropped:r2"",12.94],""2"":[""mm"",""dropped:r1"",15.56],""3"":[""mm"",""dropped:r1"",12.98],""4"":[""mm"",""dropped:r1"",13.92],""5"":[""cuthill"",""dropped:r2"",12.38],""6"":[""clmm"",""dropped:r3"",9.77],""7"":[""clmm-core"",""final"",9.52]}}"
P16,100,0.3,913,10,race8-seq,SUCCESS,1,9.16,9.16,10,916,60.4484,template[0]@template,1495,,"{""final_survivor"":7,""elapsed_s"":60.448,""arms"":{""0"":[""template"",""floor"",9.16],""1"":[""mm"",""dropped:r1"",13.63],""2"":[""mm"",""dropped:r1"",13.56],""3"":[""mm"",""dropped:r1"",13.91],""4"":[""mm"",""dropped:r2"",12.7],""5"":[""cuthill"",""dropped:r2"",11.51],""6"":[""clmm"",""survivor"",9.75],""7"":[""clmm-core"",""final"",9.45]}}"
P16,100,0.3,913,10,bestof8-seq,SUCCESS,1,11.83,11.06,18,1183,60.3364,mm[run5],1495,,"{""per_run_s"":7.5,""accs"":[12.89,12.0,12.74,12.34,11.89,11.83,12.85,12.03]}"
P16,100,0.3,913,10,bestof8-par,SUCCESS,1,11.54,10.99,19,1154,26.6255,mm[run1],1495,,"{""per_run_s"":60.0,""accs"":[12.67,11.54,11.93,11.59,11.89,11.83,11.63,11.69],""used_s"":[13.6,15.7,20.8,22.6,13.3,12.5,21.1,26.6]}"
P16,100,0.3,913,10,race8-par,SUCCESS,1,9.16,9.16,10,916,60.1769,template[0]@template,1495,,"{""final_survivor"":7,""elapsed_s"":60.176,""arms"":{""0"":[""template"",""floor"",9.16],""1"":[""mm"",""dropped:r1"",13.63],""2"":[""mm"",""dropped:r1"",13.56],""3"":[""mm"",""dropped:r1"",13.91],""4"":[""mm"",""dropped:r2"",12.7],""5"":[""cuthill"",""dropped:r2"",11.51],""6"":[""clmm"",""dropped:r3"",9.75],""7"":[""clmm-core"",""final"",9.44]}}"
P16,100,0.3,913,11,race8-seq,SUCCESS,1,9.16,9.16,10,916,60.8433,template[0]@template,1495,,"{""final_survivor"":7,""elapsed_s"":60.843,""arms"":{""0"":[""template"",""floor"",9.16],""1"":[""mm"",""dropped:r1"",13.73],""2"":[""mm"",""dropped:r1"",16.97],""3"":[""mm"",""dropped:r1"",14.57],""4"":[""mm"",""dropped:r2"",13.45],""5"":[""cuthill"",""dropped:r2"",11.47],""6"":[""clmm"",""survivor"",9.75],""7"":[""clmm-core"",""final"",9.44]}}"
P16,100,0.3,913,11,bestof8-seq,SUCCESS,1,11.82,11.26,18,1182,60.1002,mm[run0],1495,,"{""per_run_s"":7.5,""accs"":[11.82,12.06,14.37,12.76,12.1,13.36,12.1,13.87]}"
P16,100,0.3,913,11,bestof8-par,SUCCESS,1,11.11,10.57,17,1111,35.2432,mm[run6],1495,,"{""per_run_s"":60.0,""accs"":[11.39,11.69,11.49,11.48,12.1,11.67,11.11,11.51],""used_s"":[19.1,30.0,32.6,29.2,11.4,28.8,35.2,29.4]}"
P16,100,0.3,913,11,race8-par,SUCCESS,1,9.16,9.16,10,916,60.2685,template[0]@template,1495,,"{""final_survivor"":7,""elapsed_s"":60.268,""arms"":{""0"":[""template"",""floor"",9.16],""1"":[""mm"",""dropped:r1"",13.73],""2"":[""mm"",""dropped:r1"",16.97],""3"":[""mm"",""dropped:r1"",14.57],""4"":[""mm"",""dropped:r2"",13.21],""5"":[""cuthill"",""dropped:r2"",11.47],""6"":[""clmm"",""dropped:r3"",9.75],""7"":[""clmm-core"",""final"",9.44]}}"
P16,100,0.3,913,12,race8-seq,SUCCESS,1,9.16,9.16,10,916,60.1435,template[0]@template,1495,,"{""final_survivor"":7,""elapsed_s"":60.143,""arms"":{""0"":[""template"",""floor"",9.16],""1"":[""mm"",""dropped:r2"",12.31],""2"":[""mm"",""dropped:r1"",15.67],""3"":[""mm"",""dropped:r1"",13.67],""4"":[""mm"",""dropped:r1"",12.86],""5"":[""cuthill"",""dropped:r2"",12.01],""6"":[""clmm"",""survivor"",9.75],""7"":[""clmm-core"",""final"",9.45]}}"
P16,100,0.3,913,12,bestof8-seq,SUCCESS,1,11.42,10.77,18,1142,60.1037,mm[run3],1495,,"{""per_run_s"":7.5,""accs"":[12.5,12.06,14.16,11.42,12.88,13.15,12.02,11.97]}"
P16,100,0.3,913,12,bestof8-par,SUCCESS,1,10.95,10.36,17,1095,30.3885,mm[run4],1495,,"{""per_run_s"":60.0,""accs"":[12.12,12.06,11.78,11.42,10.95,11.36,11.65,11.46],""used_s"":[27.7,10.6,27.9,11.7,30.4,28.5,14.2,18.1]}"
P16,100,0.3,913,12,race8-par,SUCCESS,1,9.16,9.16,10,916,60.0326,template[0]@template,1495,,"{""final_survivor"":7,""elapsed_s"":60.032,""arms"":{""0"":[""template"",""floor"",9.16],""1"":[""mm"",""dropped:r2"",12.1],""2"":[""mm"",""dropped:r1"",16.61],""3"":[""mm"",""dropped:r1"",13.67],""4"":[""mm"",""dropped:r1"",12.86],""5"":[""cuthill"",""dropped:r2"",12.01],""6"":[""clmm"",""dropped:r3"",9.74],""7"":[""clmm-core"",""final"",9.43]}}"
P16,100,0.3,913,14,race8-seq,SUCCESS,1,9.16,9.16,10,916,60.1448,template[0]@template,1495,,"{""final_survivor"":7,""elapsed_s"":60.145,""arms"":{""0"":[""template"",""floor"",9.16],""1"":[""mm"",""dropped:r1"",13.93],""2"":[""mm"",""dropped:r1"",18.52],""3"":[""mm"",""dropped:r1"",14.14],""4"":[""mm"",""dropped:r2"",13.54],""5"":[""cuthill"",""dropped:r2"",11.47],""6"":[""clmm"",""survivor"",9.76],""7"":[""clmm-core"",""final"",9.45]}}"
P16,100,0.3,913,14,bestof8-seq,SUCCESS,1,11.99,11.26,20,1199,60.0725,mm[run6],1495,,"{""per_run_s"":7.5,""accs"":[12.37,13.31,13.57,13.3,12.7,13.22,11.99,12.44]}"
P16,100,0.3,913,14,bestof8-par,SUCCESS,1,11.08,10.52,17,1108,33.9822,mm[run4],1495,,"{""per_run_s"":60.0,""accs"":[11.63,11.57,12.19,11.66,11.08,11.28,11.99,12.19],""used_s"":[25.6,27.7,24.0,30.3,34.0,26.8,11.2,14.3]}"
P16,100,0.3,913,14,race8-par,SUCCESS,1,9.16,9.16,10,916,60.1811,template[0]@template,1495,,"{""final_survivor"":7,""elapsed_s"":60.181,""arms"":{""0"":[""template"",""floor"",9.16],""1"":[""mm"",""dropped:r1"",13.93],""2"":[""mm"",""dropped:r1"",18.52],""3"":[""mm"",""dropped:r1"",14.76],""4"":[""mm"",""dropped:r2"",12.73],""5"":[""cuthill"",""dropped:r2"",11.47],""6"":[""clmm"",""dropped:r3"",9.76],""7"":[""clmm-core"",""final"",9.33]}}"
P16,100,0.3,913,13,race8-seq,SUCCESS,1,9.16,9.16,10,916,60.3011,template[0]@template,1495,,"{""final_survivor"":7,""elapsed_s"":60.301,""arms"":{""0"":[""template"",""floor"",9.16],""1"":[""mm"",""dropped:r1"",16.56],""2"":[""mm"",""dropped:r1"",13.71],""3"":[""mm"",""dropped:r2"",13.38],""4"":[""mm"",""dropped:r1"",14.12],""5"":[""cuthill"",""dropped:r2"",12.94],""6"":[""clmm"",""survivor"",9.7],""7"":[""clmm-core"",""final"",9.45]}}"
P16,100,0.3,913,13,bestof8-seq,SUCCESS,1,12.35,11.51,20,1235,60.1711,mm[run3],1495,,"{""per_run_s"":7.5,""accs"":[14.18,13.96,12.38,12.35,13.07,12.36,12.58,12.49]}"
P16,100,0.3,913,13,bestof8-par,SUCCESS,1,11.2,10.7,18,1120,43.2322,mm[run7],1495,,"{""per_run_s"":60.0,""accs"":[11.62,11.53,11.58,12.21,11.45,11.87,11.79,11.2],""used_s"":[30.9,43.2,20.5,14.8,26.3,15.9,21.5,18.2]}"
P16,100,0.3,913,13,race8-par,SUCCESS,1,9.16,9.16,10,916,60.2614,template[0]@template,1495,,"{""final_survivor"":7,""elapsed_s"":60.261,""arms"":{""0"":[""template"",""floor"",9.16],""1"":[""mm"",""dropped:r1"",16.56],""2"":[""mm"",""dropped:r2"",13.43],""3"":[""mm"",""dropped:r2"",13.38],""4"":[""mm"",""dropped:r1"",14.12],""5"":[""cuthill"",""dropped:r1"",14.28],""6"":[""clmm"",""dropped:r3"",9.7],""7"":[""clmm-core"",""final"",9.31]}}"
P16,100,0.3,914,10,race8-seq,SUCCESS,1,9.08,9.08,10,908,60.4123,template[0]@template,1481,,"{""final_survivor"":7,""elapsed_s"":60.412,""arms"":{""0"":[""template"",""floor"",9.08],""1"":[""mm"",""dropped:r2"",12.86],""2"":[""mm"",""dropped:r1"",12.91],""3"":[""mm"",""dropped:r1"",13.38],""4"":[""mm"",""dropped:r1"",13.4],""5"":[""cuthill"",""dropped:r2"",11.66],""6"":[""clmm"",""survivor"",9.63],""7"":[""clmm-core"",""final"",9.22]}}"
P16,100,0.3,914,10,bestof8-seq,SUCCESS,1,11.93,11.22,20,1193,60.2072,mm[run2],1481,,"{""per_run_s"":7.5,""accs"":[12.56,12.28,11.93,12.35,12.42,13.76,12.34,13.0]}"
P16,100,0.3,914,10,bestof8-par,SUCCESS,1,10.78,10.25,16,1078,33.9223,mm[run0],1481,,"{""per_run_s"":60.0,""accs"":[10.78,11.69,11.2,11.28,11.63,11.7,11.02,11.48],""used_s"":[33.9,19.7,23.6,19.9,17.7,26.2,33.8,19.4]}"
P16,100,0.3,914,10,race8-par,SUCCESS,1,9.08,9.08,10,908,60.2317,template[0]@template,1481,,"{""final_survivor"":6,""elapsed_s"":60.231,""arms"":{""0"":[""template"",""floor"",9.08],""1"":[""mm"",""dropped:r2"",12.86],""2"":[""mm"",""dropped:r1"",12.91],""3"":[""mm"",""dropped:r1"",14.05],""4"":[""mm"",""dropped:r1"",13.4],""5"":[""cuthill"",""dropped:r2"",11.66],""6"":[""clmm"",""final"",9.18],""7"":[""clmm-core"",""dropped:r3"",9.22]}}"
P16,100,0.3,914,11,race8-seq,SUCCESS,1,9.08,9.08,10,908,60.5018,template[0]@template,1481,,"{""final_survivor"":7,""elapsed_s"":60.501,""arms"":{""0"":[""template"",""floor"",9.08],""1"":[""mm"",""dropped:r2"",12.39],""2"":[""mm"",""dropped:r1"",15.01],""3"":[""mm"",""dropped:r1"",14.31],""4"":[""mm"",""dropped:r2"",12.75],""5"":[""cuthill"",""dropped:r1"",13.31],""6"":[""clmm"",""survivor"",9.74],""7"":[""clmm-core"",""final"",9.32]}}"
P16,100,0.3,914,11,bestof8-seq,SUCCESS,1,11.84,11.22,18,1184,60.1706,mm[run1],1481,,"{""per_run_s"":7.5,""accs"":[12.58,11.84,13.37,12.51,11.91,12.76,12.15,14.57]}"
P16,100,0.3,914,11,bestof8-par,SUCCESS,1,10.87,10.19,17,1087,44.3443,mm[run3],1481,,"{""per_run_s"":60.0,""accs"":[10.88,11.63,12.31,10.87,11.53,11.29,12.15,11.72],""used_s"":[38.3,15.4,23.0,44.3,25.7,27.0,11.1,22.4]}"
P16,100,0.3,914,11,race8-par,SUCCESS,1,9.08,9.08,10,908,60.2778,template[0]@template,1481,,"{""final_survivor"":7,""elapsed_s"":60.277,""arms"":{""0"":[""template"",""floor"",9.08],""1"":[""mm"",""dropped:r2"",12.65],""2"":[""mm"",""dropped:r1"",15.38],""3"":[""mm"",""dropped:r1"",14.31],""4"":[""mm"",""dropped:r2"",12.75],""5"":[""cuthill"",""dropped:r1"",13.31],""6"":[""clmm"",""dropped:r3"",9.74],""7"":[""clmm-core"",""final"",9.32]}}"
P16,100,0.3,914,12,race8-seq,SUCCESS,1,9.08,9.08,10,908,60.1683,template[0]@template,1481,,"{""final_survivor"":6,""elapsed_s"":60.168,""arms"":{""0"":[""template"",""floor"",9.08],""1"":[""mm"",""dropped:r2"",13.04],""2"":[""mm"",""dropped:r1"",16.36],""3"":[""mm"",""dropped:r1"",13.51],""4"":[""mm"",""dropped:r1"",13.7],""5"":[""cuthill"",""dropped:r2"",11.87],""6"":[""clmm"",""final"",9.36],""7"":[""clmm-core"",""survivor"",9.39]}}"
P16,100,0.3,914,12,bestof8-seq,SUCCESS,1,12.13,11.37,19,1213,60.0743,mm[run7],1481,,"{""per_run_s"":7.5,""accs"":[12.15,12.26,13.44,12.44,13.05,12.34,12.18,12.13]}"
P16,100,0.3,914,12,bestof8-par,SUCCESS,1,10.79,10.23,16,1079,51.5202,mm[run0],1481,,"{""per_run_s"":60.0,""accs"":[10.79,11.49,10.97,12.31,11.77,11.1,11.61,11.93],""used_s"":[51.5,21.4,36.3,19.5,21.1,25.4,21.0,18.0]}"
P16,100,0.3,914,12,race8-par,SUCCESS,1,9.08,9.08,10,908,60.2183,template[0]@template,1481,,"{""final_survivor"":6,""elapsed_s"":60.218,""arms"":{""0"":[""template"",""floor"",9.08],""1"":[""mm"",""dropped:r2"",12.74],""2"":[""mm"",""dropped:r1"",16.36],""3"":[""mm"",""dropped:r1"",13.51],""4"":[""mm"",""dropped:r1"",13.7],""5"":[""cuthill"",""dropped:r2"",11.87],""6"":[""clmm"",""final"",9.35],""7"":[""clmm-core"",""dropped:r3"",9.38]}}"
P16,100,0.3,914,14,race8-seq,SUCCESS,1,9.08,9.08,10,908,60.1116,template[0]@template,1481,,"{""final_survivor"":6,""elapsed_s"":60.111,""arms"":{""0"":[""template"",""floor"",9.08],""1"":[""mm"",""dropped:r1"",16.07],""2"":[""mm"",""dropped:r2"",12.36],""3"":[""mm"",""dropped:r1"",12.68],""4"":[""mm"",""dropped:r1"",14.07],""5"":[""cuthill"",""dropped:r2"",11.5],""6"":[""clmm"",""final"",9.36],""7"":[""clmm-core"",""survivor"",9.37]}}"
P16,100,0.3,914,14,bestof8-seq,SUCCESS,1,11.41,10.83,19,1141,60.1096,mm[run2],1481,,"{""per_run_s"":7.5,""accs"":[12.44,13.19,11.41,12.11,12.43,11.93,12.5,13.18]}"
P16,100,0.3,914,14,bestof8-par,SUCCESS,1,10.72,10.21,15,1072,29.5164,mm[run2],1481,,"{""per_run_s"":60.0,""accs"":[11.61,11.85,10.72,11.53,11.11,11.93,11.85,11.32],""used_s"":[25.4,28.0,29.5,22.9,27.0,11.8,22.5,26.7]}"
P16,100,0.3,914,14,race8-par,SUCCESS,1,9.08,9.08,10,908,60.1802,template[0]@template,1481,,"{""final_survivor"":6,""elapsed_s"":60.18,""arms"":{""0"":[""template"",""floor"",9.08],""1"":[""mm"",""dropped:r1"",16.07],""2"":[""mm"",""dropped:r2"",12.36],""3"":[""mm"",""dropped:r1"",12.68],""4"":[""mm"",""dropped:r1"",14.07],""5"":[""cuthill"",""dropped:r2"",11.5],""6"":[""clmm"",""final"",9.28],""7"":[""clmm-core"",""dropped:r3"",9.36]}}"
P16,100,0.3,914,13,race8-seq,SUCCESS,1,9.08,9.08,10,908,60.4176,template[0]@template,1481,,"{""final_survivor"":6,""elapsed_s"":60.417,""arms"":{""0"":[""template"",""floor"",9.08],""1"":[""mm"",""dropped:r1"",14.81],""2"":[""mm"",""dropped:r1"",13.99],""3"":[""mm"",""dropped:r2"",13.12],""4"":[""mm"",""dropped:r1"",13.64],""5"":[""cuthill"",""dropped:r2"",11.75],""6"":[""clmm"",""final"",9.23],""7"":[""clmm-core"",""survivor"",9.41]}}"
P16,100,0.3,914,13,bestof8-seq,SUCCESS,1,12.0,11.27,20,1200,60.1173,mm[run3],1481,,"{""per_run_s"":7.5,""accs"":[12.25,12.66,12.37,12.0,12.03,12.01,12.71,12.37]}"
P16,100,0.3,914,13,bestof8-par,SUCCESS,1,10.73,10.17,16,1073,43.9548,mm[run7],1481,,"{""per_run_s"":60.0,""accs"":[11.87,12.22,10.99,11.7,11.39,11.23,11.22,10.73],""used_s"":[14.2,17.5,38.6,19.5,29.2,26.4,32.8,43.9]}"
P16,100,0.3,914,13,race8-par,SUCCESS,1,9.08,9.08,10,908,60.4455,template[0]@template,1481,,"{""final_survivor"":6,""elapsed_s"":60.445,""arms"":{""0"":[""template"",""floor"",9.08],""1"":[""mm"",""dropped:r1"",14.81],""2"":[""mm"",""dropped:r1"",13.99],""3"":[""mm"",""dropped:r2"",12.71],""4"":[""mm"",""dropped:r1"",13.64],""5"":[""cuthill"",""dropped:r2"",11.75],""6"":[""clmm"",""final"",9.16],""7"":[""clmm-core"",""dropped:r3"",9.4]}}"
P16,100,0.3,915,10,race8-seq,SUCCESS,1,9.06,9.06,10,906,60.4318,template[0]@template,1463,,"{""final_survivor"":7,""elapsed_s"":60.432,""arms"":{""0"":[""template"",""floor"",9.06],""1"":[""mm"",""dropped:r2"",13.18],""2"":[""mm"",""dropped:r1"",14.08],""3"":[""mm"",""dropped:r2"",11.75],""4"":[""mm"",""dropped:r1"",13.25],""5"":[""cuthill"",""dropped:r1"",13.44],""6"":[""clmm"",""survivor"",9.76],""7"":[""clmm-core"",""final"",9.46]}}"
P16,100,0.3,915,10,bestof8-seq,SUCCESS,1,11.58,10.88,18,1158,60.1231,mm[run5],1463,,"{""per_run_s"":7.5,""accs"":[12.85,11.91,12.47,12.0,12.28,11.58,12.62,12.37]}"
P16,100,0.3,915,10,bestof8-par,SUCCESS,1,10.89,10.36,16,1089,29.8601,mm[run1],1463,,"{""per_run_s"":60.0,""accs"":[11.71,10.89,11.75,11.74,11.15,11.2,11.57,11.85],""used_s"":[15.4,28.6,17.8,19.4,29.8,22.5,19.4,16.6]}"
P16,100,0.3,915,10,race8-par,SUCCESS,1,9.06,9.06,10,906,60.3186,template[0]@template,1463,,"{""final_survivor"":7,""elapsed_s"":60.318,""arms"":{""0"":[""template"",""floor"",9.06],""1"":[""mm"",""dropped:r2"",13.18],""2"":[""mm"",""dropped:r1"",14.08],""3"":[""mm"",""dropped:r2"",11.75],""4"":[""mm"",""dropped:r1"",13.25],""5"":[""cuthill"",""dropped:r1"",13.18],""6"":[""clmm"",""dropped:r3"",9.71],""7"":[""clmm-core"",""final"",9.29]}}"
P16,100,0.3,915,11,race8-seq,SUCCESS,1,9.06,9.06,10,906,60.3428,template[0]@template,1463,,"{""final_survivor"":7,""elapsed_s"":60.343,""arms"":{""0"":[""template"",""floor"",9.06],""1"":[""mm"",""dropped:r1"",15.46],""2"":[""mm"",""dropped:r1"",12.54],""3"":[""mm"",""dropped:r2"",11.79],""4"":[""mm"",""dropped:r1"",13.37],""5"":[""cuthill"",""dropped:r2"",12.13],""6"":[""clmm"",""survivor"",9.76],""7"":[""clmm-core"",""final"",9.46]}}"
P16,100,0.3,915,11,bestof8-seq,SUCCESS,1,11.94,11.2,20,1194,60.1519,mm[run5],1463,,"{""per_run_s"":7.5,""accs"":[12.56,13.23,12.36,11.95,12.37,11.94,12.33,13.16]}"
P16,100,0.3,915,11,bestof8-par,SUCCESS,1,11.11,10.45,17,1111,38.1068,mm[run0],1463,,"{""per_run_s"":60.0,""accs"":[11.11,12.13,12.03,11.11,11.45,11.93,11.32,12.24],""used_s"":[38.1,20.6,14.1,20.3,19.0,15.3,21.9,17.8]}"
P16,100,0.3,915,11,race8-par,SUCCESS,1,9.06,9.06,10,906,60.3346,template[0]@template,1463,,"{""final_survivor"":7,""elapsed_s"":60.334,""arms"":{""0"":[""template"",""floor"",9.06],""1"":[""mm"",""dropped:r1"",15.46],""2"":[""mm"",""dropped:r1"",12.93],""3"":[""mm"",""dropped:r2"",11.79],""4"":[""mm"",""dropped:r1"",13.37],""5"":[""cuthill"",""dropped:r2"",12.13],""6"":[""clmm"",""dropped:r3"",9.75],""7"":[""clmm-core"",""final"",9.26]}}"
P16,100,0.3,915,13,race8-seq,SUCCESS,1,9.06,9.06,10,906,60.1388,template[0]@template,1463,,"{""final_survivor"":7,""elapsed_s"":60.139,""arms"":{""0"":[""template"",""floor"",9.06],""1"":[""mm"",""dropped:r1"",13.33],""2"":[""mm"",""dropped:r1"",14.41],""3"":[""mm"",""dropped:r1"",14.3],""4"":[""mm"",""dropped:r2"",12.66],""5"":[""cuthill"",""dropped:r2"",11.29],""6"":[""clmm"",""survivor"",9.7],""7"":[""clmm-core"",""final"",9.45]}}"
P16,100,0.3,915,13,bestof8-seq,SUCCESS,1,12.01,11.19,21,1201,60.2196,mm[run5],1463,,"{""per_run_s"":7.5,""accs"":[12.23,12.54,12.44,12.74,12.12,12.01,12.25,12.05]}"
P16,100,0.3,915,13,bestof8-par,SUCCESS,1,10.88,10.37,17,1088,32.7933,mm[run6],1463,,"{""per_run_s"":60.0,""accs"":[11.79,11.05,11.46,12.07,12.12,10.93,10.88,11.25],""used_s"":[20.2,32.8,21.1,20.6,12.5,31.8,30.5,23.6]}"
P16,100,0.3,915,13,race8-par,SUCCESS,1,9.06,9.06,10,906,60.2474,template[0]@template,1463,,"{""final_survivor"":7,""elapsed_s"":60.247,""arms"":{""0"":[""template"",""floor"",9.06],""1"":[""mm"",""dropped:r1"",13.33],""2"":[""mm"",""dropped:r1"",14.41],""3"":[""mm"",""dropped:r1"",14.3],""4"":[""mm"",""dropped:r2"",12.66],""5"":[""cuthill"",""dropped:r2"",11.29],""6"":[""clmm"",""dropped:r3"",9.7],""7"":[""clmm-core"",""final"",9.3]}}"
P16,100,0.3,915,14,race8-seq,SUCCESS,1,9.06,9.06,10,906,60.3433,template[0]@template,1463,,"{""final_survivor"":7,""elapsed_s"":60.343,""arms"":{""0"":[""template"",""floor"",9.06],""1"":[""mm"",""dropped:r1"",12.78],""2"":[""mm"",""dropped:r2"",12.36],""3"":[""mm"",""dropped:r1"",12.64],""4"":[""mm"",""dropped:r1"",13.65],""5"":[""cuthill"",""dropped:r2"",12.05],""6"":[""clmm"",""survivor"",9.74],""7"":[""clmm-core"",""final"",9.47]}}"
P16,100,0.3,915,14,bestof8-seq,SUCCESS,1,11.6,11.02,18,1160,60.0621,mm[run5],1463,,"{""per_run_s"":7.5,""accs"":[12.37,11.68,11.73,11.79,12.6,11.6,11.98,12.33]}"
P16,100,0.3,915,14,bestof8-par,SUCCESS,1,11.1,10.5,18,1110,31.4178,mm[run1],1463,,"{""per_run_s"":60.0,""accs"":[11.54,11.1,11.21,11.3,11.55,11.24,11.56,11.32],""used_s"":[31.4,23.6,19.5,21.6,17.8,27.5,13.7,18.4]}"
P16,100,0.3,915,14,race8-par,SUCCESS,1,9.06,9.06,10,906,60.212,template[0]@template,1463,,"{""final_survivor"":7,""elapsed_s"":60.212,""arms"":{""0"":[""template"",""floor"",9.06],""1"":[""mm"",""dropped:r1"",12.78],""2"":[""mm"",""dropped:r2"",12.36],""3"":[""mm"",""dropped:r1"",12.64],""4"":[""mm"",""dropped:r1"",13.65],""5"":[""cuthill"",""dropped:r2"",12.05],""6"":[""clmm"",""dropped:r3"",9.72],""7"":[""clmm-core"",""final"",9.3]}}"
P16,100,0.3,915,12,race8-seq,SUCCESS,1,9.06,9.06,10,906,60.3051,template[0]@template,1463,,"{""final_survivor"":7,""elapsed_s"":60.305,""arms"":{""0"":[""template"",""floor"",9.06],""1"":[""mm"",""dropped:r1"",14.38],""2"":[""mm"",""dropped:r1"",15.27],""3"":[""mm"",""dropped:r2"",12.56],""4"":[""mm"",""dropped:r1"",15.11],""5"":[""cuthill"",""dropped:r2"",11.74],""6"":[""clmm"",""survivor"",9.7],""7"":[""clmm-core"",""final"",9.44]}}"
P16,100,0.3,915,12,bestof8-seq,SUCCESS,1,11.59,10.83,19,1159,60.4714,mm[run3],1463,,"{""per_run_s"":7.5,""accs"":[12.34,12.56,13.39,11.59,12.63,11.88,11.8,12.62]}"
P16,100,0.3,915,12,bestof8-par,SUCCESS,1,10.6,10.11,16,1060,51.7916,mm[run2],1463,,"{""per_run_s"":60.0,""accs"":[12.34,12.08,10.6,11.63,12.27,11.88,11.18,11.09],""used_s"":[12.3,14.1,51.8,16.8,15.3,12.8,22.1,30.1]}"
P16,100,0.3,915,12,race8-par,SUCCESS,1,9.06,9.06,10,906,60.2626,template[0]@template,1463,,"{""final_survivor"":6,""elapsed_s"":60.262,""arms"":{""0"":[""template"",""floor"",9.06],""1"":[""mm"",""dropped:r1"",14.38],""2"":[""mm"",""dropped:r1"",15.79],""3"":[""mm"",""dropped:r2"",11.96],""4"":[""mm"",""dropped:r1"",15.11],""5"":[""cuthill"",""dropped:r2"",11.74],""6"":[""clmm"",""final"",9.26],""7"":[""clmm-core"",""dropped:r3"",9.43]}}"
Z12,100,0.2,901,10,race8-seq,SUCCESS,1,6.85,6.85,8,685,60.2241,template[0]@template,941,,"{""final_survivor"":7,""elapsed_s"":60.224,""arms"":{""0"":[""template"",""floor"",6.85],""1"":[""mm"",""dropped:r2"",7.74],""2"":[""mm"",""dropped:r1"",8.29],""3"":[""mm"",""dropped:r1"",8.27],""4"":[""mm"",""dropped:r1"",8.74],""5"":[""cuthill"",""dropped:r3"",7.55],""6"":[""clmm"",""dropped:r2"",7.86],""7"":[""clmm-core"",""final"",7.37]}}"
Z12,100,0.2,901,10,bestof8-seq,SUCCESS,1,7.49,7.14,12,749,60.1017,mm[run0],941,,"{""per_run_s"":7.5,""accs"":[7.49,8.46,8.06,8.29,8.0,7.81,7.66,7.85]}"
Z12,100,0.2,901,10,bestof8-par,SUCCESS,1,6.94,6.68,12,694,18.8702,mm[run5],941,,"{""per_run_s"":60.0,""accs"":[7.32,8.46,7.56,7.75,7.31,6.94,7.41,7.34],""used_s"":[10.8,8.7,13.8,11.8,18.8,14.8,12.5,11.8]}"
Z12,100,0.2,901,10,race8-par,SUCCESS,1,6.8,6.7,8,680,60.1439,clmm-core[7]@final10,941,,"{""final_survivor"":7,""elapsed_s"":60.143,""arms"":{""0"":[""template"",""floor"",6.85],""1"":[""mm"",""dropped:r2"",7.74],""2"":[""mm"",""dropped:r1"",8.29],""3"":[""mm"",""dropped:r1"",8.27],""4"":[""mm"",""dropped:r1"",8.74],""5"":[""cuthill"",""dropped:r3"",7.54],""6"":[""clmm"",""dropped:r2"",7.86],""7"":[""clmm-core"",""final"",6.8]}}"
Z12,100,0.2,901,11,race8-seq,SUCCESS,1,6.85,6.85,8,685,60.087,template[0]@template,941,,"{""final_survivor"":5,""elapsed_s"":60.087,""arms"":{""0"":[""template"",""floor"",6.85],""1"":[""mm"",""dropped:r1"",8.55],""2"":[""mm"",""dropped:r2"",7.68],""3"":[""mm"",""dropped:r1"",9.07],""4"":[""mm"",""dropped:r1"",8.4],""5"":[""cuthill"",""final"",7.06],""6"":[""clmm"",""dropped:r2"",7.78],""7"":[""clmm-core"",""dropped:r3"",7.34]}}"
Z12,100,0.2,901,11,bestof8-seq,SUCCESS,1,7.25,6.96,12,725,57.4377,mm[run1],941,,"{""per_run_s"":7.5,""accs"":[7.68,7.25,7.63,8.08,7.95,7.93,7.9,8.14]}"
Z12,100,0.2,901,11,bestof8-par,SUCCESS,1,7.25,6.96,12,725,20.2012,mm[run1],941,,"{""per_run_s"":60.0,""accs"":[7.59,7.25,7.63,8.08,7.38,7.51,7.46,7.45],""used_s"":[12.8,8.1,5.6,6.5,20.2,12.5,15.4,15.2]}"
Z12,100,0.2,901,11,race8-par,SUCCESS,1,6.59,6.38,10,659,60.0688,cuthill[5]@final7,941,,"{""final_survivor"":5,""elapsed_s"":60.068,""arms"":{""0"":[""template"",""floor"",6.85],""1"":[""mm"",""dropped:r1"",8.55],""2"":[""mm"",""dropped:r2"",7.68],""3"":[""mm"",""dropped:r1"",9.07],""4"":[""mm"",""dropped:r1"",8.4],""5"":[""cuthill"",""final"",6.59],""6"":[""clmm"",""dropped:r2"",7.78],""7"":[""clmm-core"",""dropped:r3"",7.34]}}"
Z12,100,0.2,901,12,race8-seq,SUCCESS,1,6.85,6.85,8,685,60.0302,template[0]@template,941,,"{""final_survivor"":7,""elapsed_s"":60.03,""arms"":{""0"":[""template"",""floor"",6.85],""1"":[""mm"",""dropped:r1"",8.37],""2"":[""mm"",""dropped:r1"",8.3],""3"":[""mm"",""dropped:r2"",7.83],""4"":[""mm"",""dropped:r3"",7.44],""5"":[""cuthill"",""dropped:r1"",8.31],""6"":[""clmm"",""dropped:r2"",7.79],""7"":[""clmm-core"",""final"",7.09]}}"
Z12,100,0.2,901,12,bestof8-seq,SUCCESS,1,7.47,7.13,12,747,59.8886,mm[run3],941,,"{""per_run_s"":7.5,""accs"":[7.72,7.7,7.79,7.47,7.92,8.13,7.83,7.71]}"
Z12,100,0.2,901,12,bestof8-par,SUCCESS,1,7.24,6.92,12,724,13.9312,mm[run3],941,,"{""per_run_s"":60.0,""accs"":[7.78,7.43,7.79,7.24,7.77,7.29,7.5,7.84],""used_s"":[12.0,13.4,6.7,13.9,10.8,13.3,12.7,11.1]}"
Z12,100,0.2,901,12,race8-par,SUCCESS,1,6.85,6.85,8,685,60.1267,template[0]@template,941,,"{""final_survivor"":7,""elapsed_s"":60.126,""arms"":{""0"":[""template"",""floor"",6.85],""1"":[""mm"",""dropped:r1"",8.37],""2"":[""mm"",""dropped:r1"",8.3],""3"":[""mm"",""dropped:r2"",7.83],""4"":[""mm"",""dropped:r3"",7.33],""5"":[""cuthill"",""dropped:r1"",8.31],""6"":[""clmm"",""dropped:r2"",7.79],""7"":[""clmm-core"",""final"",7.03]}}"
Z12,100,0.2,901,14,race8-seq,SUCCESS,1,6.85,6.85,8,685,60.1293,template[0]@template,941,,"{""final_survivor"":7,""elapsed_s"":60.129,""arms"":{""0"":[""template"",""floor"",6.85],""1"":[""mm"",""dropped:r1"",8.4],""2"":[""mm"",""dropped:r2"",7.69],""3"":[""mm"",""dropped:r1"",8.38],""4"":[""mm"",""dropped:r1"",8.53],""5"":[""cuthill"",""dropped:r3"",7.65],""6"":[""clmm"",""dropped:r2"",7.9],""7"":[""clmm-core"",""final"",7.26]}}"
Z12,100,0.2,901,14,bestof8-seq,SUCCESS,1,7.46,7.11,12,746,60.1407,mm[run1],941,,"{""per_run_s"":7.5,""accs"":[8.24,7.46,8.17,7.97,7.76,7.49,7.96,8.09]}"
Z12,100,0.2,901,14,bestof8-par,SUCCESS,1,7.44,7.09,12,744,14.2904,mm[run5],941,,"{""per_run_s"":60.0,""accs"":[7.47,7.55,7.66,7.78,7.76,7.44,7.96,7.78],""used_s"":[14.3,12.1,11.9,11.4,9.7,11.1,11.4,12.5]}"
Z12,100,0.2,901,14,race8-par,SUCCESS,1,6.85,6.85,8,685,60.3239,template[0]@template,941,,"{""final_survivor"":7,""elapsed_s"":60.323,""arms"":{""0"":[""template"",""floor"",6.85],""1"":[""mm"",""dropped:r1"",8.4],""2"":[""mm"",""dropped:r2"",7.69],""3"":[""mm"",""dropped:r1"",8.38],""4"":[""mm"",""dropped:r1"",8.53],""5"":[""cuthill"",""dropped:r3"",7.27],""6"":[""clmm"",""dropped:r2"",7.9],""7"":[""clmm-core"",""final"",7.17]}}"
Z12,100,0.2,901,13,race8-seq,SUCCESS,1,6.85,6.85,8,685,60.1627,template[0]@template,941,,"{""final_survivor"":5,""elapsed_s"":60.162,""arms"":{""0"":[""template"",""floor"",6.85],""1"":[""mm"",""dropped:r1"",9.22],""2"":[""mm"",""dropped:r2"",7.9],""3"":[""mm"",""dropped:r1"",8.9],""4"":[""mm"",""dropped:r1"",8.48],""5"":[""cuthill"",""final"",7.34],""6"":[""clmm"",""dropped:r2"",7.81],""7"":[""clmm-core"",""dropped:r3"",7.38]}}"
Z12,100,0.2,901,13,bestof8-seq,SUCCESS,1,7.5,7.21,12,750,60.1316,mm[run3],941,,"{""per_run_s"":7.5,""accs"":[7.71,7.52,7.97,7.5,7.92,8.0,7.99,8.08]}"
Z12,100,0.2,901,13,bestof8-par,SUCCESS,1,7.0,6.73,12,700,18.2483,mm[run2],941,,"{""per_run_s"":60.0,""accs"":[7.71,7.6,7.0,7.5,7.73,7.87,7.63,7.7],""used_s"":[10.4,11.6,18.2,11.2,10.9,11.1,14.0,11.1]}"
Z12,100,0.2,901,13,race8-par,SUCCESS,1,6.85,6.85,8,685,60.073,template[0]@template,941,,"{""final_survivor"":5,""elapsed_s"":60.072,""arms"":{""0"":[""template"",""floor"",6.85],""1"":[""mm"",""dropped:r1"",9.22],""2"":[""mm"",""dropped:r2"",7.63],""3"":[""mm"",""dropped:r1"",8.9],""4"":[""mm"",""dropped:r1"",8.48],""5"":[""cuthill"",""final"",6.87],""6"":[""clmm"",""dropped:r2"",7.81],""7"":[""clmm-core"",""dropped:r3"",7.36]}}"
Z12,100,0.2,902,10,race8-seq,SUCCESS,1,6.99,6.99,8,699,61.4199,template[0]@template,1021,,"{""final_survivor"":7,""elapsed_s"":61.419,""arms"":{""0"":[""template"",""floor"",6.99],""1"":[""mm"",""dropped:r1"",9.43],""2"":[""mm"",""dropped:r2"",8.42],""3"":[""mm"",""dropped:r1"",9.57],""4"":[""mm"",""dropped:r1"",10.34],""5"":[""cuthill"",""dropped:r2"",8.33],""6"":[""clmm"",""dropped:r3"",7.9],""7"":[""clmm-core"",""final"",7.57]}}"
Z12,100,0.2,902,10,bestof8-seq,SUCCESS,1,7.93,7.57,12,793,60.167,mm[run3],1021,,"{""per_run_s"":7.5,""accs"":[8.36,8.62,8.64,7.93,8.05,8.11,8.35,8.29]}"
Z12,100,0.2,902,10,bestof8-par,SUCCESS,1,7.54,7.26,12,754,18.909,mm[run5],1021,,"{""per_run_s"":60.0,""accs"":[7.86,8.38,8.28,7.93,7.87,7.54,8.04,8.29],""used_s"":[12.3,16.2,12.1,10.1,12.2,18.9,12.2,8.3]}"
Z12,100,0.2,902,10,race8-par,SUCCESS,1,6.99,6.99,8,699,60.051,template[0]@template,1021,,"{""final_survivor"":7,""elapsed_s"":60.05,""arms"":{""0"":[""template"",""floor"",6.99],""1"":[""mm"",""dropped:r1"",9.43],""2"":[""mm"",""dropped:r2"",8.42],""3"":[""mm"",""dropped:r1"",9.57],""4"":[""mm"",""dropped:r1"",10.83],""5"":[""cuthill"",""dropped:r2"",8.33],""6"":[""clmm"",""dropped:r3"",7.85],""7"":[""clmm-core"",""final"",7.47]}}"
Z12,100,0.2,902,11,race8-seq,SUCCESS,1,6.99,6.99,8,699,60.2378,template[0]@template,1021,,"{""final_survivor"":7,""elapsed_s"":60.237,""arms"":{""0"":[""template"",""floor"",6.99],""1"":[""mm"",""dropped:r1"",8.92],""2"":[""mm"",""dropped:r1"",8.72],""3"":[""mm"",""dropped:r2"",7.95],""4"":[""mm"",""dropped:r1"",8.52],""5"":[""cuthill"",""dropped:r2"",8.49],""6"":[""clmm"",""dropped:r3"",7.92],""7"":[""clmm-core"",""final"",7.51]}}"
Z12,100,0.2,902,11,bestof8-seq,SUCCESS,1,7.89,7.47,14,789,60.0548,mm[run5],1021,,"{""per_run_s"":7.5,""accs"":[8.13,8.39,8.04,8.17,8.43,7.89,8.52,8.42]}"
Z12,100,0.2,902,11,bestof8-par,SUCCESS,1,7.56,7.11,12,756,17.7604,mm[run2],1021,,"{""per_run_s"":60.0,""accs"":[8.13,8.39,7.56,7.75,8.03,7.66,8.52,8.42],""used_s"":[9.8,7.5,12.1,11.9,17.7,17.6,7.7,7.9]}"
Z12,100,0.2,902,11,race8-par,SUCCESS,1,6.99,6.99,8,699,59.9796,template[0]@template,1021,,"{""final_survivor"":7,""elapsed_s"":59.979,""arms"":{""0"":[""template"",""floor"",6.99],""1"":[""mm"",""dropped:r1"",9.02],""2"":[""mm"",""dropped:r1"",8.72],""3"":[""mm"",""dropped:r1"",8.68],""4"":[""mm"",""dropped:r2"",8.21],""5"":[""cuthill"",""dropped:r2"",8.49],""6"":[""clmm"",""dropped:r3"",7.9],""7"":[""clmm-core"",""final"",7.42]}}"
Z12,100,0.2,902,12,race8-seq,SUCCESS,1,6.99,6.99,8,699,60.2714,template[0]@template,1021,,"{""final_survivor"":7,""elapsed_s"":60.271,""arms"":{""0"":[""template"",""floor"",6.99],""1"":[""mm"",""dropped:r1"",8.67],""2"":[""mm"",""dropped:r1"",8.71],""3"":[""mm"",""dropped:r1"",8.65],""4"":[""mm"",""dropped:r2"",8.25],""5"":[""cuthill"",""dropped:r2"",8.02],""6"":[""clmm"",""dropped:r3"",7.82],""7"":[""clmm-core"",""final"",7.55]}}"
Z12,100,0.2,902,12,bestof8-seq,SUCCESS,1,7.84,7.49,12,784,60.0911,mm[run2],1021,,"{""per_run_s"":7.5,""accs"":[8.75,8.1,7.84,7.97,8.44,7.94,7.95,8.2]}"
Z12,100,0.2,902,12,bestof8-par,SUCCESS,1,7.27,6.95,11,727,16.7539,mm[run2],1021,,"{""per_run_s"":60.0,""accs"":[8.75,8.1,7.27,7.54,8.44,7.94,7.95,7.85],""used_s"":[8.4,9.0,16.7,14.3,8.4,7.2,15.1,13.3]}"
Z12,100,0.2,902,12,race8-par,SUCCESS,1,6.99,6.99,8,699,60.3942,template[0]@template,1021,,"{""final_survivor"":7,""elapsed_s"":60.393,""arms"":{""0"":[""template"",""floor"",6.99],""1"":[""mm"",""dropped:r1"",8.67],""2"":[""mm"",""dropped:r1"",8.96],""3"":[""mm"",""dropped:r2"",8.21],""4"":[""mm"",""dropped:r1"",9.14],""5"":[""cuthill"",""dropped:r2"",8.08],""6"":[""clmm"",""dropped:r3"",7.82],""7"":[""clmm-core"",""final"",7.44]}}"
Z12,100,0.2,902,14,race8-seq,SUCCESS,1,6.99,6.99,8,699,60.2182,template[0]@template,1021,,"{""final_survivor"":7,""elapsed_s"":60.218,""arms"":{""0"":[""template"",""floor"",6.99],""1"":[""mm"",""dropped:r2"",7.96],""2"":[""mm"",""dropped:r1"",9.56],""3"":[""mm"",""dropped:r1"",10.3],""4"":[""mm"",""dropped:r1"",10.86],""5"":[""cuthill"",""dropped:r3"",7.8],""6"":[""clmm"",""dropped:r2"",7.91],""7"":[""clmm-core"",""final"",7.49]}}"
Z12,100,0.2,902,14,bestof8-seq,SUCCESS,1,7.9,7.66,13,790,60.2408,mm[run6],1021,,"{""per_run_s"":7.5,""accs"":[8.11,8.2,8.0,8.23,8.19,8.13,7.9,8.29]}"
Z12,100,0.2,902,14,bestof8-par,SUCCESS,1,7.55,7.25,13,755,16.2681,mm[run1],1021,,"{""per_run_s"":60.0,""accs"":[8.11,7.55,7.57,7.8,7.62,7.84,7.9,7.73],""used_s"":[10.3,16.2,11.9,14.7,14.9,10.7,9.8,15.7]}"
Z12,100,0.2,902,14,race8-par,SUCCESS,1,6.99,6.99,8,699,60.2238,template[0]@template,1021,,"{""final_survivor"":7,""elapsed_s"":60.223,""arms"":{""0"":[""template"",""floor"",6.99],""1"":[""mm"",""dropped:r2"",7.96],""2"":[""mm"",""dropped:r1"",9.56],""3"":[""mm"",""dropped:r1"",10.3],""4"":[""mm"",""dropped:r1"",10.86],""5"":[""cuthill"",""dropped:r2"",8.07],""6"":[""clmm"",""dropped:r3"",7.91],""7"":[""clmm-core"",""final"",7.38]}}"
Z12,100,0.2,902,13,race8-seq,SUCCESS,1,6.99,6.99,8,699,60.1767,template[0]@template,1021,,"{""final_survivor"":7,""elapsed_s"":60.176,""arms"":{""0"":[""template"",""floor"",6.99],""1"":[""mm"",""dropped:r1"",8.94],""2"":[""mm"",""dropped:r2"",8.13],""3"":[""mm"",""dropped:r1"",9.09],""4"":[""mm"",""dropped:r1"",11.14],""5"":[""cuthill"",""dropped:r2"",8.25],""6"":[""clmm"",""dropped:r3"",7.88],""7"":[""clmm-core"",""final"",7.55]}}"
Z12,100,0.2,902,13,bestof8-seq,SUCCESS,1,8.0,7.6,13,800,60.2421,mm[run2],1021,,"{""per_run_s"":7.5,""accs"":[8.02,8.05,8.0,8.04,8.38,8.39,8.38,8.51]}"
Z12,100,0.2,902,13,bestof8-par,SUCCESS,1,7.48,7.22,13,748,22.0334,mm[run4],1021,,"{""per_run_s"":60.0,""accs"":[8.02,7.6,8.0,8.11,7.48,8.0,7.63,7.48],""used_s"":[13.9,13.2,8.4,12.1,16.8,15.1,20.4,22.0]}"
Z12,100,0.2,902,13,race8-par,SUCCESS,1,6.99,6.99,8,699,60.1711,template[0]@template,1021,,"{""final_survivor"":7,""elapsed_s"":60.17,""arms"":{""0"":[""template"",""floor"",6.99],""1"":[""mm"",""dropped:r1"",8.94],""2"":[""mm"",""dropped:r2"",8.13],""3"":[""mm"",""dropped:r1"",9.09],""4"":[""mm"",""dropped:r1"",11.14],""5"":[""cuthill"",""dropped:r2"",8.25],""6"":[""clmm"",""dropped:r3"",7.88],""7"":[""clmm-core"",""final"",7.49]}}"
Z12,100,0.2,903,10,race8-seq,SUCCESS,1,7.04,7.04,8,704,60.0705,template[0]@template,1015,,"{""final_survivor"":7,""elapsed_s"":60.07,""arms"":{""0"":[""template"",""floor"",7.04],""1"":[""mm"",""dropped:r1"",9.53],""2"":[""mm"",""dropped:r1"",9.35],""3"":[""mm"",""dropped:r1"",8.49],""4"":[""mm"",""dropped:r2"",8.28],""5"":[""cuthill"",""dropped:r2"",8.02],""6"":[""clmm"",""dropped:r3"",7.8],""7"":[""clmm-core"",""final"",7.55]}}"
Z12,100,0.2,903,10,bestof8-seq,SUCCESS,1,7.57,7.28,12,757,60.2411,mm[run4],1015,,"{""per_run_s"":7.5,""accs"":[8.2,8.45,8.2,7.99,7.57,8.2,8.03,8.05]}"
Z12,100,0.2,903,10,bestof8-par,SUCCESS,1,7.39,7.15,12,739,20.7562,mm[run6],1015,,"{""per_run_s"":60.0,""accs"":[8.38,7.89,7.8,7.99,7.61,7.8,7.39,7.88],""used_s"":[11.4,10.7,13.3,9.8,11.9,14.0,20.7,10.9]}"
Z12,100,0.2,903,10,race8-par,SUCCESS,1,7.04,7.04,8,704,60.1629,template[0]@template,1015,,"{""final_survivor"":7,""elapsed_s"":60.162,""arms"":{""0"":[""template"",""floor"",7.04],""1"":[""mm"",""dropped:r1"",9.53],""2"":[""mm"",""dropped:r1"",9.35],""3"":[""mm"",""dropped:r1"",8.49],""4"":[""mm"",""dropped:r2"",8.28],""5"":[""cuthill"",""dropped:r2"",8.02],""6"":[""clmm"",""dropped:r3"",7.75],""7"":[""clmm-core"",""final"",7.21]}}"
Z12,100,0.2,903,11,race8-seq,SUCCESS,1,7.04,7.04,8,704,60.0422,template[0]@template,1015,,"{""final_survivor"":7,""elapsed_s"":60.042,""arms"":{""0"":[""template"",""floor"",7.04],""1"":[""mm"",""dropped:r2"",8.24],""2"":[""mm"",""dropped:r1"",8.99],""3"":[""mm"",""dropped:r1"",8.85],""4"":[""mm"",""dropped:r1"",8.69],""5"":[""cuthill"",""dropped:r3"",7.79],""6"":[""clmm"",""dropped:r2"",7.82],""7"":[""clmm-core"",""final"",7.48]}}"
Z12,100,0.2,903,11,bestof8-seq,SUCCESS,1,7.86,7.44,13,786,60.2055,mm[run6],1015,,"{""per_run_s"":7.5,""accs"":[8.04,8.5,7.93,8.74,8.78,8.15,7.86,8.61]}"
Z12,100,0.2,903,11,bestof8-par,SUCCESS,1,7.38,7.02,12,738,14.4779,mm[run6],1015,,"{""per_run_s"":60.0,""accs"":[7.73,8.5,8.04,8.74,8.78,8.15,7.38,7.78],""used_s"":[13.1,7.5,11.7,7.5,7.4,7.4,12.0,14.5]}"
Z12,100,0.2,903,11,race8-par,SUCCESS,1,7.04,7.04,8,704,60.1913,template[0]@template,1015,,"{""final_survivor"":7,""elapsed_s"":60.191,""arms"":{""0"":[""template"",""floor"",7.04],""1"":[""mm"",""dropped:r2"",8.22],""2"":[""mm"",""dropped:r1"",8.99],""3"":[""mm"",""dropped:r1"",8.85],""4"":[""mm"",""dropped:r1"",8.69],""5"":[""cuthill"",""dropped:r3"",7.72],""6"":[""clmm"",""dropped:r2"",7.82],""7"":[""clmm-core"",""final"",7.09]}}"
Z12,100,0.2,903,12,race8-seq,SUCCESS,1,7.04,7.04,8,704,60.1977,template[0]@template,1015,,"{""final_survivor"":7,""elapsed_s"":60.197,""arms"":{""0"":[""template"",""floor"",7.04],""1"":[""mm"",""dropped:r1"",9.06],""2"":[""mm"",""dropped:r2"",8.2],""3"":[""mm"",""dropped:r1"",8.85],""4"":[""mm"",""dropped:r1"",8.63],""5"":[""cuthill"",""dropped:r3"",7.71],""6"":[""clmm"",""dropped:r2"",7.84],""7"":[""clmm-core"",""final"",7.53]}}"
Z12,100,0.2,903,12,bestof8-seq,SUCCESS,1,7.73,7.31,13,773,60.2623,mm[run1],1015,,"{""per_run_s"":7.5,""accs"":[8.38,7.73,8.05,8.37,8.29,8.24,7.9,8.34]}"
Z12,100,0.2,903,12,bestof8-par,SUCCESS,1,7.18,6.93,11,718,18.4794,mm[run1],1015,,"{""per_run_s"":60.0,""accs"":[8.38,7.18,7.57,8.37,7.77,7.69,7.9,7.93],""used_s"":[6.8,15.1,17.5,8.4,18.5,14.6,10.5,13.4]}"
Z12,100,0.2,903,12,race8-par,SUCCESS,1,7.04,7.04,8,704,60.0366,template[0]@template,1015,,"{""final_survivor"":7,""elapsed_s"":60.036,""arms"":{""0"":[""template"",""floor"",7.04],""1"":[""mm"",""dropped:r1"",9.06],""2"":[""mm"",""dropped:r1"",8.54],""3"":[""mm"",""dropped:r1"",8.85],""4"":[""mm"",""dropped:r2"",8.26],""5"":[""cuthill"",""dropped:r2"",8.04],""6"":[""clmm"",""dropped:r3"",7.81],""7"":[""clmm-core"",""final"",7.19]}}"
Z12,100,0.2,903,14,race8-seq,SUCCESS,1,7.04,7.04,8,704,60.2391,template[0]@template,1015,,"{""final_survivor"":7,""elapsed_s"":60.239,""arms"":{""0"":[""template"",""floor"",7.04],""1"":[""mm"",""dropped:r2"",8.24],""2"":[""mm"",""dropped:r1"",8.61],""3"":[""mm"",""dropped:r1"",9.72],""4"":[""mm"",""dropped:r1"",9.49],""5"":[""cuthill"",""dropped:r3"",7.8],""6"":[""clmm"",""dropped:r2"",7.89],""7"":[""clmm-core"",""final"",7.51]}}"
Z12,100,0.2,903,14,bestof8-seq,SUCCESS,1,7.8,7.42,13,780,60.2655,mm[run2],1015,,"{""per_run_s"":7.5,""accs"":[8.24,8.43,7.8,8.44,8.27,8.09,8.48,8.69]}"
Z12,100,0.2,903,14,bestof8-par,SUCCESS,1,7.41,7.15,12,741,19.9467,mm[run7],1015,,"{""per_run_s"":60.0,""accs"":[7.94,8.33,7.52,8.37,7.75,7.67,8.48,7.41],""used_s"":[13.6,12.1,11.2,11.5,14.5,12.0,10.8,19.9]}"
Z12,100,0.2,903,14,race8-par,SUCCESS,1,7.04,7.04,8,704,60.2014,template[0]@template,1015,,"{""final_survivor"":5,""elapsed_s"":60.201,""arms"":{""0"":[""template"",""floor"",7.04],""1"":[""mm"",""dropped:r2"",8.24],""2"":[""mm"",""dropped:r1"",8.61],""3"":[""mm"",""dropped:r1"",9.72],""4"":[""mm"",""dropped:r1"",9.49],""5"":[""cuthill"",""final"",7.16],""6"":[""clmm"",""dropped:r2"",7.89],""7"":[""clmm-core"",""dropped:r3"",7.51]}}"
Z12,100,0.2,903,13,race8-seq,SUCCESS,1,7.04,7.04,8,704,60.0334,template[0]@template,1015,,"{""final_survivor"":6,""elapsed_s"":60.033,""arms"":{""0"":[""template"",""floor"",7.04],""1"":[""mm"",""dropped:r2"",8.35],""2"":[""mm"",""dropped:r1"",9.18],""3"":[""mm"",""dropped:r1"",9.38],""4"":[""mm"",""dropped:r1"",9.5],""5"":[""cuthill"",""dropped:r2"",7.88],""6"":[""clmm"",""final"",7.24],""7"":[""clmm-core"",""dropped:r3"",7.58]}}"
Z12,100,0.2,903,13,bestof8-seq,SUCCESS,1,7.74,7.39,13,774,60.1704,mm[run1],1015,,"{""per_run_s"":7.5,""accs"":[8.84,7.74,7.79,8.8,8.49,8.43,8.4,8.41]}"
Z12,100,0.2,903,13,bestof8-par,SUCCESS,1,7.14,6.92,11,714,26.4774,mm[run2],1015,,"{""per_run_s"":60.0,""accs"":[7.99,7.67,7.14,7.37,8.17,8.0,8.21,7.62],""used_s"":[11.8,14.1,20.2,26.5,13.7,14.7,11.4,14.5]}"
Z12,100,0.2,903,13,race8-par,SUCCESS,1,7.04,7.04,8,704,60.0467,template[0]@template,1015,,"{""final_survivor"":6,""elapsed_s"":60.046,""arms"":{""0"":[""template"",""floor"",7.04],""1"":[""mm"",""dropped:r2"",8.35],""2"":[""mm"",""dropped:r1"",9.18],""3"":[""mm"",""dropped:r1"",9.38],""4"":[""mm"",""dropped:r1"",9.58],""5"":[""cuthill"",""dropped:r2"",7.88],""6"":[""clmm"",""final"",7.21],""7"":[""clmm-core"",""dropped:r3"",7.57]}}"
Z12,100,0.2,904,10,race8-seq,SUCCESS,1,6.91,6.85,8,691,60.2332,clmm[6]@q1,948,,"{""final_survivor"":6,""elapsed_s"":60.233,""arms"":{""0"":[""template"",""floor"",6.93],""1"":[""mm"",""dropped:r1"",8.3],""2"":[""mm"",""dropped:r1"",8.69],""3"":[""mm"",""dropped:r1"",8.42],""4"":[""mm"",""dropped:r2"",8.23],""5"":[""cuthill"",""dropped:r2"",7.66],""6"":[""clmm"",""final"",6.91],""7"":[""clmm-core"",""dropped:r3"",7.12]}}"
Z12,100,0.2,904,10,bestof8-seq,SUCCESS,1,7.46,7.06,13,746,60.1775,mm[run1],948,,"{""per_run_s"":7.5,""accs"":[7.71,7.46,7.6,7.8,8.35,7.84,8.15,8.17]}"
Z12,100,0.2,904,10,bestof8-par,SUCCESS,1,7.43,7.04,11,743,16.6825,mm[run2],948,,"{""per_run_s"":60.0,""accs"":[7.71,7.46,7.43,7.45,8.35,7.59,7.59,7.84],""used_s"":[7.9,8.5,12.1,14.2,6.4,16.7,12.8,10.1]}"
Z12,100,0.2,904,10,race8-par,SUCCESS,1,6.91,6.85,8,691,60.2899,clmm[6]@q1,948,,"{""final_survivor"":6,""elapsed_s"":60.289,""arms"":{""0"":[""template"",""floor"",6.93],""1"":[""mm"",""dropped:r1"",8.3],""2"":[""mm"",""dropped:r1"",8.69],""3"":[""mm"",""dropped:r1"",8.42],""4"":[""mm"",""dropped:r2"",8.23],""5"":[""cuthill"",""dropped:r2"",7.66],""6"":[""clmm"",""final"",6.91],""7"":[""clmm-core"",""dropped:r3"",7.1]}}"
Z12,100,0.2,904,11,race8-seq,SUCCESS,1,6.93,6.93,8,693,60.1184,template[0]@template,948,,"{""final_survivor"":6,""elapsed_s"":60.118,""arms"":{""0"":[""template"",""floor"",6.93],""1"":[""mm"",""dropped:r1"",8.45],""2"":[""mm"",""dropped:r2"",7.79],""3"":[""mm"",""dropped:r1"",8.28],""4"":[""mm"",""dropped:r1"",8.32],""5"":[""cuthill"",""dropped:r2"",7.51],""6"":[""clmm"",""final"",7.09],""7"":[""clmm-core"",""dropped:r3"",7.4]}}"
Z12,100,0.2,904,11,bestof8-seq,SUCCESS,1,7.48,7.12,12,748,60.0445,mm[run2],948,,"{""per_run_s"":7.5,""accs"":[8.21,7.81,7.48,7.53,7.6,7.74,7.82,8.29]}"
Z12,100,0.2,904,11,bestof8-par,SUCCESS,1,7.11,6.85,11,711,17.7888,mm[run1],948,,"{""per_run_s"":60.0,""accs"":[8.21,7.11,7.17,7.35,7.6,7.38,7.64,7.72],""used_s"":[7.7,17.8,10.1,11.6,7.5,11.9,10.5,10.7]}"
Z12,100,0.2,904,11,race8-par,SUCCESS,1,6.93,6.93,8,693,60.1808,template[0]@template,948,,"{""final_survivor"":6,""elapsed_s"":60.18,""arms"":{""0"":[""template"",""floor"",6.93],""1"":[""mm"",""dropped:r1"",8.45],""2"":[""mm"",""dropped:r2"",7.82],""3"":[""mm"",""dropped:r1"",8.28],""4"":[""mm"",""dropped:r1"",8.32],""5"":[""cuthill"",""dropped:r2"",7.51],""6"":[""clmm"",""final"",7.09],""7"":[""clmm-core"",""dropped:r3"",7.4]}}"
Z12,100,0.2,904,12,race8-seq,SUCCESS,1,6.93,6.93,8,693,60.2701,template[0]@template,948,,"{""final_survivor"":7,""elapsed_s"":60.27,""arms"":{""0"":[""template"",""floor"",6.93],""1"":[""mm"",""dropped:r1"",8.25],""2"":[""mm"",""dropped:r1"",8.14],""3"":[""mm"",""dropped:r2"",7.86],""4"":[""mm"",""dropped:r1"",8.23],""5"":[""cuthill"",""dropped:r3"",7.57],""6"":[""clmm"",""dropped:r2"",7.78],""7"":[""clmm-core"",""final"",7.3]}}"
Z12,100,0.2,904,12,bestof8-seq,SUCCESS,1,7.6,7.35,12,760,58.4237,mm[run6],948,,"{""per_run_s"":7.5,""accs"":[8.45,7.98,7.71,7.84,7.86,7.78,7.6,8.08]}"
Z12,100,0.2,904,12,bestof8-par,SUCCESS,1,7.46,7.02,11,746,16.8441,mm[run3],948,,"{""per_run_s"":60.0,""accs"":[8.45,7.98,7.71,7.46,7.46,7.78,7.57,8.08],""used_s"":[6.7,9.3,9.7,15.2,16.8,6.0,11.2,9.9]}"
Z12,100,0.2,904,12,race8-par,SUCCESS,1,6.93,6.93,8,693,60.1292,template[0]@template,948,,"{""final_survivor"":7,""elapsed_s"":60.129,""arms"":{""0"":[""template"",""floor"",6.93],""1"":[""mm"",""dropped:r1"",8.25],""2"":[""mm"",""dropped:r1"",8.14],""3"":[""mm"",""dropped:r2"",7.86],""4"":[""mm"",""dropped:r1"",8.23],""5"":[""cuthill"",""dropped:r3"",7.55],""6"":[""clmm"",""dropped:r2"",7.78],""7"":[""clmm-core"",""final"",6.97]}}"
Z12,100,0.2,904,13,race8-seq,SUCCESS,1,6.93,6.93,8,693,60.1884,template[0]@template,948,,"{""final_survivor"":7,""elapsed_s"":60.188,""arms"":{""0"":[""template"",""floor"",6.93],""1"":[""mm"",""dropped:r2"",8.05],""2"":[""mm"",""dropped:r1"",8.77],""3"":[""mm"",""dropped:r1"",8.31],""4"":[""mm"",""dropped:r1"",8.88],""5"":[""cuthill"",""dropped:r2"",7.9],""6"":[""clmm"",""dropped:r3"",7.72],""7"":[""clmm-core"",""final"",7.05]}}"
Z12,100,0.2,904,13,bestof8-seq,SUCCESS,1,7.39,7.09,12,739,60.1409,mm[run2],948,,"{""per_run_s"":7.5,""accs"":[8.12,7.64,7.39,8.61,7.98,8.3,7.76,7.78]}"
Z12,100,0.2,904,13,bestof8-par,SUCCESS,1,7.28,7.02,12,728,13.8558,mm[run7],948,,"{""per_run_s"":60.0,""accs"":[7.59,7.64,7.39,7.99,7.98,8.3,7.63,7.28],""used_s"":[13.8,9.3,8.4,12.3,7.4,7.3,11.4,10.9]}"
Z12,100,0.2,904,13,race8-par,SUCCESS,1,6.93,6.93,8,693,60.1994,template[0]@template,948,,"{""final_survivor"":7,""elapsed_s"":60.199,""arms"":{""0"":[""template"",""floor"",6.93],""1"":[""mm"",""dropped:r2"",8.05],""2"":[""mm"",""dropped:r1"",8.77],""3"":[""mm"",""dropped:r1"",8.39],""4"":[""mm"",""dropped:r1"",8.88],""5"":[""cuthill"",""dropped:r2"",7.9],""6"":[""clmm"",""dropped:r3"",7.72],""7"":[""clmm-core"",""final"",7.05]}}"
Z12,100,0.2,904,14,race8-seq,SUCCESS,1,6.93,6.93,8,693,60.1931,template[0]@template,948,,"{""final_survivor"":7,""elapsed_s"":60.193,""arms"":{""0"":[""template"",""floor"",6.93],""1"":[""mm"",""dropped:r1"",8.82],""2"":[""mm"",""dropped:r1"",9.11],""3"":[""mm"",""dropped:r1"",8.45],""4"":[""mm"",""dropped:r2"",7.91],""5"":[""cuthill"",""dropped:r3"",7.73],""6"":[""clmm"",""dropped:r2"",7.76],""7"":[""clmm-core"",""final"",7.24]}}"
Z12,100,0.2,904,14,bestof8-seq,SUCCESS,1,7.57,7.21,13,757,57.4427,mm[run0],948,,"{""per_run_s"":7.5,""accs"":[7.57,7.92,8.29,7.91,7.95,7.92,7.96,8.16]}"
Z12,100,0.2,904,14,bestof8-par,SUCCESS,1,7.21,6.92,11,721,21.065,mm[run1],948,,"{""per_run_s"":60.0,""accs"":[7.58,7.21,8.29,7.44,7.67,7.77,7.83,8.16],""used_s"":[10.9,21.0,5.5,14.2,10.7,11.3,11.4,6.2]}"
Z12,100,0.2,904,14,race8-par,SUCCESS,1,6.93,6.93,8,693,60.2694,template[0]@template,948,,"{""final_survivor"":7,""elapsed_s"":60.269,""arms"":{""0"":[""template"",""floor"",6.93],""1"":[""mm"",""dropped:r1"",8.82],""2"":[""mm"",""dropped:r1"",9.11],""3"":[""mm"",""dropped:r1"",8.62],""4"":[""mm"",""dropped:r2"",7.91],""5"":[""cuthill"",""dropped:r3"",7.44],""6"":[""clmm"",""dropped:r2"",7.76],""7"":[""clmm-core"",""final"",7.17]}}"
Z12,100,0.2,905,10,race8-seq,SUCCESS,1,7.03,7.03,8,703,60.0638,template[0]@template,1004,,"{""final_survivor"":7,""elapsed_s"":60.063,""arms"":{""0"":[""template"",""floor"",7.03],""1"":[""mm"",""dropped:r2"",8.21],""2"":[""mm"",""dropped:r1"",8.72],""3"":[""mm"",""dropped:r1"",8.75],""4"":[""mm"",""dropped:r3"",7.87],""5"":[""cuthill"",""dropped:r1"",8.66],""6"":[""clmm"",""dropped:r2"",7.94],""7"":[""clmm-core"",""final"",7.39]}}"
Z12,100,0.2,905,10,bestof8-seq,SUCCESS,1,7.72,7.42,13,772,60.2686,mm[run0],1004,,"{""per_run_s"":7.5,""accs"":[7.72,8.15,7.8,7.85,8.55,7.85,7.9,8.09]}"
Z12,100,0.2,905,10,bestof8-par,SUCCESS,1,7.41,7.1,12,741,20.4424,mm[run3],1004,,"{""per_run_s"":60.0,""accs"":[7.59,7.95,7.8,7.41,8.22,7.85,7.72,7.81],""used_s"":[13.5,12.8,9.5,20.4,10.3,9.6,11.7,13.2]}"
Z12,100,0.2,905,10,race8-par,SUCCESS,1,7.03,7.03,8,703,60.3406,template[0]@template,1004,,"{""final_survivor"":7,""elapsed_s"":60.34,""arms"":{""0"":[""template"",""floor"",7.03],""1"":[""mm"",""dropped:r2"",8.21],""2"":[""mm"",""dropped:r1"",8.72],""3"":[""mm"",""dropped:r1"",8.75],""4"":[""mm"",""dropped:r3"",7.49],""5"":[""cuthill"",""dropped:r1"",8.66],""6"":[""clmm"",""dropped:r2"",7.94],""7"":[""clmm-core"",""final"",7.3]}}"
Z12,100,0.2,905,11,race8-seq,SUCCESS,1,7.03,7.03,8,703,60.179,template[0]@template,1004,,"{""final_survivor"":7,""elapsed_s"":60.179,""arms"":{""0"":[""template"",""floor"",7.03],""1"":[""mm"",""dropped:r2"",7.81],""2"":[""mm"",""dropped:r1"",8.72],""3"":[""mm"",""dropped:r1"",8.63],""4"":[""mm"",""dropped:r1"",9.1],""5"":[""cuthill"",""dropped:r3"",7.7],""6"":[""clmm"",""dropped:r2"",7.93],""7"":[""clmm-core"",""final"",7.35]}}"
Z12,100,0.2,905,11,bestof8-seq,SUCCESS,1,7.73,7.39,12,773,60.1993,mm[run2],1004,,"{""per_run_s"":7.5,""accs"":[7.94,7.82,7.73,8.05,8.63,8.06,8.69,8.58]}"
Z12,100,0.2,905,11,bestof8-par,SUCCESS,1,7.5,7.22,12,750,18.7721,mm[run1],1004,,"{""per_run_s"":60.0,""accs"":[7.57,7.5,7.79,7.71,8.63,7.62,8.69,8.35],""used_s"":[17.3,15.5,11.8,18.7,7.9,11.0,8.6,10.2]}"
Z12,100,0.2,905,11,race8-par,SUCCESS,1,7.03,7.03,8,703,60.055,template[0]@template,1004,,"{""final_survivor"":7,""elapsed_s"":60.054,""arms"":{""0"":[""template"",""floor"",7.03],""1"":[""mm"",""dropped:r2"",7.81],""2"":[""mm"",""dropped:r1"",8.72],""3"":[""mm"",""dropped:r1"",8.6],""4"":[""mm"",""dropped:r1"",9.1],""5"":[""cuthill"",""dropped:r3"",7.69],""6"":[""clmm"",""dropped:r2"",7.93],""7"":[""clmm-core"",""final"",7.11]}}"
Z12,100,0.2,905,12,race8-seq,SUCCESS,1,7.03,7.03,8,703,60.0477,template[0]@template,1004,,"{""final_survivor"":7,""elapsed_s"":60.047,""arms"":{""0"":[""template"",""floor"",7.03],""1"":[""mm"",""dropped:r1"",9.14],""2"":[""mm"",""dropped:r2"",8.48],""3"":[""mm"",""dropped:r1"",9.3],""4"":[""mm"",""dropped:r1"",9.11],""5"":[""cuthill"",""dropped:r2"",7.89],""6"":[""clmm"",""dropped:r3"",7.88],""7"":[""clmm-core"",""final"",7.35]}}"
Z12,100,0.2,905,12,bestof8-seq,SUCCESS,1,8.06,7.57,14,806,59.7218,mm[run3],1004,,"{""per_run_s"":7.5,""accs"":[8.1,8.1,8.36,8.06,8.23,8.13,8.55,8.4]}"
Z12,100,0.2,905,12,bestof8-par,SUCCESS,1,7.29,6.97,12,729,23.6701,mm[run3],1004,,"{""per_run_s"":60.0,""accs"":[7.72,7.52,8.36,7.29,7.58,7.72,8.1,8.4],""used_s"":[13.5,12.6,7.8,23.6,15.9,14.1,15.1,6.2]}"
Z12,100,0.2,905,12,race8-par,SUCCESS,1,7.03,7.03,8,703,60.151,template[0]@template,1004,,"{""final_survivor"":7,""elapsed_s"":60.15,""arms"":{""0"":[""template"",""floor"",7.03],""1"":[""mm"",""dropped:r1"",9.14],""2"":[""mm"",""dropped:r2"",8.48],""3"":[""mm"",""dropped:r1"",9.3],""4"":[""mm"",""dropped:r1"",9.11],""5"":[""cuthill"",""dropped:r2"",7.94],""6"":[""clmm"",""dropped:r3"",7.87],""7"":[""clmm-core"",""final"",7.29]}}"
Z12,100,0.2,905,13,race8-seq,SUCCESS,1,7.03,7.03,8,703,60.0492,template[0]@template,1004,,"{""final_survivor"":7,""elapsed_s"":60.049,""arms"":{""0"":[""template"",""floor"",7.03],""1"":[""mm"",""dropped:r2"",8.21],""2"":[""mm"",""dropped:r3"",7.82],""3"":[""mm"",""dropped:r1"",9.03],""4"":[""mm"",""dropped:r1"",8.73],""5"":[""cuthill"",""dropped:r1"",8.74],""6"":[""clmm"",""dropped:r2"",7.83],""7"":[""clmm-core"",""final"",7.38]}}"
Z12,100,0.2,905,13,bestof8-seq,SUCCESS,1,7.69,7.43,13,769,59.9774,mm[run2],1004,,"{""per_run_s"":7.5,""accs"":[7.76,8.02,7.69,7.78,8.76,8.51,8.08,8.2]}"
Z12,100,0.2,905,13,bestof8-par,SUCCESS,1,7.38,7.16,12,738,21.2069,mm[run1],1004,,"{""per_run_s"":60.0,""accs"":[7.76,7.38,7.69,7.83,8.76,7.66,7.73,7.94],""used_s"":[9.2,17.7,6.7,17.6,7.4,21.2,10.6,12.7]}"
Z12,100,0.2,905,13,race8-par,SUCCESS,1,7.03,7.03,8,703,60.2159,template[0]@template,1004,,"{""final_survivor"":7,""elapsed_s"":60.215,""arms"":{""0"":[""template"",""floor"",7.03],""1"":[""mm"",""dropped:r2"",8.21],""2"":[""mm"",""dropped:r3"",7.69],""3"":[""mm"",""dropped:r1"",9.03],""4"":[""mm"",""dropped:r1"",9.0],""5"":[""cuthill"",""dropped:r1"",8.74],""6"":[""clmm"",""dropped:r2"",7.83],""7"":[""clmm-core"",""final"",7.29]}}"
Z12,100,0.2,905,14,race8-seq,SUCCESS,1,7.03,7.03,8,703,60.0327,template[0]@template,1004,,"{""final_survivor"":7,""elapsed_s"":60.032,""arms"":{""0"":[""template"",""floor"",7.03],""1"":[""mm"",""dropped:r1"",9.71],""2"":[""mm"",""dropped:r1"",9.23],""3"":[""mm"",""dropped:r1"",8.86],""4"":[""mm"",""dropped:r2"",8.58],""5"":[""cuthill"",""dropped:r2"",7.98],""6"":[""clmm"",""dropped:r3"",7.88],""7"":[""clmm-core"",""final"",7.39]}}"
Z12,100,0.2,905,14,bestof8-seq,SUCCESS,1,7.6,7.29,12,760,58.4585,mm[run7],1004,,"{""per_run_s"":7.5,""accs"":[8.26,8.62,8.12,9.31,8.26,7.9,8.1,7.6]}"
Z12,100,0.2,905,14,bestof8-par,SUCCESS,1,7.4,7.1,12,740,26.804,mm[run7],1004,,"{""per_run_s"":60.0,""accs"":[7.89,7.66,7.9,9.31,7.6,7.6,7.92,7.4],""used_s"":[13.8,26.8,11.1,5.1,20.9,14.4,14.1,10.7]}"
Z12,100,0.2,905,14,race8-par,SUCCESS,1,7.03,7.03,8,703,60.194,template[0]@template,1004,,"{""final_survivor"":7,""elapsed_s"":60.193,""arms"":{""0"":[""template"",""floor"",7.03],""1"":[""mm"",""dropped:r1"",9.71],""2"":[""mm"",""dropped:r1"",9.23],""3"":[""mm"",""dropped:r1"",8.95],""4"":[""mm"",""dropped:r2"",8.32],""5"":[""cuthill"",""dropped:r2"",7.98],""6"":[""clmm"",""dropped:r3"",7.88],""7"":[""clmm-core"",""final"",7.13]}}"
Z12,100,0.2,906,10,race8-seq,SUCCESS,1,7.06,7.06,8,706,60.0599,template[0]@template,1028,,"{""final_survivor"":7,""elapsed_s"":60.059,""arms"":{""0"":[""template"",""floor"",7.06],""1"":[""mm"",""dropped:r2"",8.16],""2"":[""mm"",""dropped:r1"",11.26],""3"":[""mm"",""dropped:r1"",9.11],""4"":[""mm"",""dropped:r1"",8.78],""5"":[""cuthill"",""dropped:r2"",8.07],""6"":[""clmm"",""dropped:r3"",7.91],""7"":[""clmm-core"",""final"",7.47]}}"
Z12,100,0.2,906,10,bestof8-seq,SUCCESS,1,8.1,7.74,12,810,60.1174,mm[run0],1028,,"{""per_run_s"":7.5,""accs"":[8.1,8.39,8.17,8.22,8.48,8.85,8.42,8.2]}"
Z12,100,0.2,906,10,bestof8-par,SUCCESS,1,7.42,7.17,12,742,23.6334,mm[run4],1028,,"{""per_run_s"":60.0,""accs"":[7.7,7.76,8.17,7.73,7.42,7.74,7.49,7.64],""used_s"":[11.9,13.4,10.4,17.9,23.6,18.7,13.2,15.3]}"
Z12,100,0.2,906,10,race8-par,SUCCESS,1,7.06,7.06,8,706,60.277,template[0]@template,1028,,"{""final_survivor"":7,""elapsed_s"":60.276,""arms"":{""0"":[""template"",""floor"",7.06],""1"":[""mm"",""dropped:r2"",8.16],""2"":[""mm"",""dropped:r1"",11.26],""3"":[""mm"",""dropped:r1"",9.11],""4"":[""mm"",""dropped:r1"",8.78],""5"":[""cuthill"",""dropped:r2"",8.07],""6"":[""clmm"",""dropped:r3"",7.88],""7"":[""clmm-core"",""final"",7.4]}}"
Z12,100,0.2,906,11,race8-seq,SUCCESS,1,7.06,7.06,8,706,60.1248,template[0]@template,1028,,"{""final_survivor"":7,""elapsed_s"":60.124,""arms"":{""0"":[""template"",""floor"",7.06],""1"":[""mm"",""dropped:r1"",9.54],""2"":[""mm"",""dropped:r1"",9.79],""3"":[""mm"",""dropped:r1"",9.11],""4"":[""mm"",""dropped:r2"",8.23],""5"":[""cuthill"",""dropped:r2"",8.28],""6"":[""clmm"",""dropped:r3"",7.89],""7"":[""clmm-core"",""final"",7.48]}}"
Z12,100,0.2,906,11,bestof8-seq,SUCCESS,1,7.85,7.41,14,785,60.1107,mm[run5],1028,,"{""per_run_s"":7.5,""accs"":[8.56,8.11,8.34,7.94,8.23,7.85,8.13,8.3]}"
Z12,100,0.2,906,11,bestof8-par,SUCCESS,1,7.08,6.8,11,708,23.6576,mm[run7],1028,,"{""per_run_s"":60.0,""accs"":[8.56,7.47,8.34,7.83,7.69,7.55,7.8,7.08],""used_s"":[7.6,19.5,10.6,11.5,14.2,13.2,12.7,23.6]}"
Z12,100,0.2,906,11,race8-par,SUCCESS,1,7.06,7.06,8,706,60.2182,template[0]@template,1028,,"{""final_survivor"":7,""elapsed_s"":60.218,""arms"":{""0"":[""template"",""floor"",7.06],""1"":[""mm"",""dropped:r1"",9.54],""2"":[""mm"",""dropped:r1"",9.79],""3"":[""mm"",""dropped:r1"",9.11],""4"":[""mm"",""dropped:r2"",8.23],""5"":[""cuthill"",""dropped:r2"",8.12],""6"":[""clmm"",""dropped:r3"",7.83],""7"":[""clmm-core"",""final"",7.42]}}"
Z12,100,0.2,906,12,race8-seq,SUCCESS,1,7.06,7.06,8,706,60.0949,template[0]@template,1028,,"{""final_survivor"":7,""elapsed_s"":60.095,""arms"":{""0"":[""template"",""floor"",7.06],""1"":[""mm"",""dropped:r1"",8.95],""2"":[""mm"",""dropped:r1"",8.84],""3"":[""mm"",""dropped:r2"",8.54],""4"":[""mm"",""dropped:r1"",9.06],""5"":[""cuthill"",""dropped:r2"",8.21],""6"":[""clmm"",""dropped:r3"",7.86],""7"":[""clmm-core"",""final"",7.52]}}"
Z12,100,0.2,906,12,bestof8-seq,SUCCESS,1,7.87,7.51,13,787,60.0636,mm[run5],1028,,"{""per_run_s"":7.5,""accs"":[8.01,8.08,8.3,7.95,8.48,7.87,7.91,8.56]}"
Z12,100,0.2,906,12,bestof8-par,SUCCESS,1,7.5,7.14,12,750,23.1095,mm[run7],1028,,"{""per_run_s"":60.0,""accs"":[7.8,7.6,7.57,7.86,7.91,7.66,7.91,7.5],""used_s"":[11.4,19.0,17.0,10.3,14.1,15.4,10.1,23.1]}"
Z12,100,0.2,906,12,race8-par,SUCCESS,1,7.06,7.06,8,706,60.1461,template[0]@template,1028,,"{""final_survivor"":7,""elapsed_s"":60.145,""arms"":{""0"":[""template"",""floor"",7.06],""1"":[""mm"",""dropped:r1"",8.95],""2"":[""mm"",""dropped:r1"",8.84],""3"":[""mm"",""dropped:r2"",8.54],""4"":[""mm"",""dropped:r1"",9.06],""5"":[""cuthill"",""dropped:r2"",8.21],""6"":[""clmm"",""dropped:r3"",7.82],""7"":[""clmm-core"",""final"",7.36]}}"
Z12,100,0.2,906,13,race8-seq,SUCCESS,1,7.06,7.06,8,706,60.3022,template[0]@template,1028,,"{""final_survivor"":7,""elapsed_s"":60.302,""arms"":{""0"":[""template"",""floor"",7.06],""1"":[""mm"",""dropped:r1"",10.11],""2"":[""mm"",""dropped:r1"",9.71],""3"":[""mm"",""dropped:r2"",8.38],""4"":[""mm"",""dropped:r1"",10.61],""5"":[""cuthill"",""dropped:r2"",8.03],""6"":[""clmm"",""dropped:r3"",7.91],""7"":[""clmm-core"",""final"",7.55]}}"
Z12,100,0.2,906,13,bestof8-seq,SUCCESS,1,8.08,7.73,14,808,60.0295,mm[run0],1028,,"{""per_run_s"":7.5,""accs"":[8.08,8.17,8.49,8.56,8.09,8.42,8.09,8.4]}"
Z12,100,0.2,906,13,bestof8-par,SUCCESS,1,7.49,7.24,12,749,20.6742,mm[run5],1028,,"{""per_run_s"":60.0,""accs"":[8.08,7.78,7.71,8.41,7.74,7.49,7.97,7.72],""used_s"":[8.4,13.8,13.7,11.8,14.7,20.6,10.4,13.9]}"
Z12,100,0.2,906,13,race8-par,SUCCESS,1,7.06,7.06,8,706,60.1478,template[0]@template,1028,,"{""final_survivor"":7,""elapsed_s"":60.147,""arms"":{""0"":[""template"",""floor"",7.06],""1"":[""mm"",""dropped:r1"",10.11],""2"":[""mm"",""dropped:r1"",9.71],""3"":[""mm"",""dropped:r2"",8.38],""4"":[""mm"",""dropped:r1"",10.61],""5"":[""cuthill"",""dropped:r2"",8.03],""6"":[""clmm"",""dropped:r3"",7.9],""7"":[""clmm-core"",""final"",7.49]}}"
Z12,100,0.2,906,14,race8-seq,SUCCESS,1,7.06,7.06,8,706,60.4322,template[0]@template,1028,,"{""final_survivor"":7,""elapsed_s"":60.432,""arms"":{""0"":[""template"",""floor"",7.06],""1"":[""mm"",""dropped:r1"",8.87],""2"":[""mm"",""dropped:r1"",8.88],""3"":[""mm"",""dropped:r1"",9.25],""4"":[""mm"",""dropped:r2"",7.97],""5"":[""cuthill"",""dropped:r2"",7.97],""6"":[""clmm"",""dropped:r3"",7.91],""7"":[""clmm-core"",""final"",7.52]}}"
Z12,100,0.2,906,14,bestof8-seq,SUCCESS,1,7.94,7.53,13,794,60.263,mm[run6],1028,,"{""per_run_s"":7.5,""accs"":[8.34,8.1,8.71,8.47,8.02,8.08,7.94,8.18]}"
Z12,100,0.2,906,14,bestof8-par,SUCCESS,1,7.49,7.13,12,749,20.962,mm[run4],1028,,"{""per_run_s"":60.0,""accs"":[8.02,8.05,8.19,7.73,7.49,7.69,7.87,7.51],""used_s"":[12.0,11.0,11.3,19.0,15.5,15.8,16.4,20.9]}"
Z12,100,0.2,906,14,race8-par,SUCCESS,1,7.06,7.06,8,706,60.2056,template[0]@template,1028,,"{""final_survivor"":7,""elapsed_s"":60.205,""arms"":{""0"":[""template"",""floor"",7.06],""1"":[""mm"",""dropped:r1"",8.87],""2"":[""mm"",""dropped:r1"",8.88],""3"":[""mm"",""dropped:r1"",9.25],""4"":[""mm"",""dropped:r2"",7.97],""5"":[""cuthill"",""dropped:r2"",7.97],""6"":[""clmm"",""dropped:r3"",7.9],""7"":[""clmm-core"",""final"",7.39]}}"
Z12,100,0.2,907,10,race8-seq,SUCCESS,1,6.89,6.89,8,689,60.1728,template[0]@template,986,,"{""final_survivor"":7,""elapsed_s"":60.172,""arms"":{""0"":[""template"",""floor"",6.89],""1"":[""mm"",""dropped:r1"",8.88],""2"":[""mm"",""dropped:r1"",8.57],""3"":[""mm"",""dropped:r2"",8.17],""4"":[""mm"",""dropped:r1"",8.89],""5"":[""cuthill"",""dropped:r2"",7.55],""6"":[""clmm"",""dropped:r3"",7.21],""7"":[""clmm-core"",""final"",6.92]}}"
Z12,100,0.2,907,10,bestof8-seq,SUCCESS,1,7.66,7.25,13,766,59.6435,mm[run1],986,,"{""per_run_s"":7.5,""accs"":[8.13,7.66,8.17,8.87,7.99,7.83,7.95,7.67]}"
Z12,100,0.2,907,10,bestof8-par,SUCCESS,1,7.53,7.24,12,753,16.0065,mm[run0],986,,"{""per_run_s"":60.0,""accs"":[7.53,7.66,7.64,8.87,7.79,7.61,7.54,7.67],""used_s"":[11.3,8.5,12.4,6.3,10.2,11.2,16.0,9.2]}"
Z12,100,0.2,907,10,race8-par,SUCCESS,1,6.89,6.89,8,689,60.1241,template[0]@template,986,,"{""final_survivor"":7,""elapsed_s"":60.123,""arms"":{""0"":[""template"",""floor"",6.89],""1"":[""mm"",""dropped:r1"",8.88],""2"":[""mm"",""dropped:r1"",8.57],""3"":[""mm"",""dropped:r2"",8.17],""4"":[""mm"",""dropped:r1"",8.89],""5"":[""cuthill"",""dropped:r2"",7.82],""6"":[""clmm"",""dropped:r3"",7.21],""7"":[""clmm-core"",""final"",6.89]}}"
Z12,100,0.2,907,11,race8-seq,SUCCESS,1,6.89,6.89,8,689,60.1931,template[0]@template,986,,"{""final_survivor"":7,""elapsed_s"":60.193,""arms"":{""0"":[""template"",""floor"",6.89],""1"":[""mm"",""dropped:r2"",8.05],""2"":[""mm"",""dropped:r1"",9.63],""3"":[""mm"",""dropped:r1"",8.71],""4"":[""mm"",""dropped:r1"",9.01],""5"":[""cuthill"",""dropped:r3"",7.78],""6"":[""clmm"",""dropped:r2"",7.91],""7"":[""clmm-core"",""final"",7.41]}}"
Z12,100,0.2,907,11,bestof8-seq,SUCCESS,1,7.6,7.17,12,760,60.1656,mm[run1],986,,"{""per_run_s"":7.5,""accs"":[8.34,7.6,7.76,7.61,8.02,7.68,8.1,7.96]}"
Z12,100,0.2,907,11,bestof8-par,SUCCESS,1,6.9,6.64,11,690,16.071,mm[run3],986,,"{""per_run_s"":60.0,""accs"":[8.11,7.6,7.7,6.9,8.02,7.5,8.1,7.15],""used_s"":[10.5,8.1,9.9,16.0,8.8,12.1,8.5,13.6]}"
Z12,100,0.2,907,11,race8-par,SUCCESS,1,6.72,6.54,11,672,60.0565,cuthill[5]@final11,986,,"{""final_survivor"":5,""elapsed_s"":60.056,""arms"":{""0"":[""template"",""floor"",6.89],""1"":[""mm"",""dropped:r2"",8.05],""2"":[""mm"",""dropped:r1"",9.63],""3"":[""mm"",""dropped:r1"",8.71],""4"":[""mm"",""dropped:r1"",9.01],""5"":[""cuthill"",""final"",6.72],""6"":[""clmm"",""dropped:r2"",7.91],""7"":[""clmm-core"",""dropped:r3"",7.41]}}"
Z12,100,0.2,907,12,race8-seq,SUCCESS,1,6.89,6.89,8,689,60.2276,template[0]@template,986,,"{""final_survivor"":7,""elapsed_s"":60.227,""arms"":{""0"":[""template"",""floor"",6.89],""1"":[""mm"",""dropped:r1"",8.82],""2"":[""mm"",""dropped:r1"",9.09],""3"":[""mm"",""dropped:r1"",9.41],""4"":[""mm"",""dropped:r2"",7.96],""5"":[""cuthill"",""dropped:r3"",7.62],""6"":[""clmm"",""dropped:r2"",7.85],""7"":[""clmm-core"",""final"",7.17]}}"
Z12,100,0.2,907,12,bestof8-seq,SUCCESS,1,7.9,7.6,13,790,60.2523,mm[run5],986,,"{""per_run_s"":7.5,""accs"":[7.97,8.27,7.92,8.09,8.4,7.9,7.95,8.4]}"
Z12,100,0.2,907,12,bestof8-par,SUCCESS,1,7.3,6.94,11,730,16.4385,mm[run3],986,,"{""per_run_s"":60.0,""accs"":[7.97,7.99,7.77,7.3,8.4,7.71,7.87,8.4],""used_s"":[7.7,15.2,10.8,16.4,7.6,13.1,12.4,8.8]}"
Z12,100,0.2,907,12,race8-par,SUCCESS,1,6.89,6.89,8,689,60.2684,template[0]@template,986,,"{""final_survivor"":7,""elapsed_s"":60.268,""arms"":{""0"":[""template"",""floor"",6.89],""1"":[""mm"",""dropped:r1"",8.82],""2"":[""mm"",""dropped:r1"",9.09],""3"":[""mm"",""dropped:r1"",9.41],""4"":[""mm"",""dropped:r2"",7.96],""5"":[""cuthill"",""dropped:r3"",7.62],""6"":[""clmm"",""dropped:r2"",7.85],""7"":[""clmm-core"",""final"",6.96]}}"
Z12,100,0.2,907,13,race8-seq,SUCCESS,1,6.89,6.89,8,689,60.1831,template[0]@template,986,,"{""final_survivor"":7,""elapsed_s"":60.183,""arms"":{""0"":[""template"",""floor"",6.89],""1"":[""mm"",""dropped:r1"",8.55],""2"":[""mm"",""dropped:r1"",8.93],""3"":[""mm"",""dropped:r3"",7.41],""4"":[""mm"",""dropped:r1"",8.95],""5"":[""cuthill"",""dropped:r2"",7.76],""6"":[""clmm"",""dropped:r2"",7.84],""7"":[""clmm-core"",""final"",6.97]}}"
Z12,100,0.2,907,13,bestof8-seq,SUCCESS,1,7.31,7.07,12,731,60.1314,mm[run6],986,,"{""per_run_s"":7.5,""accs"":[8.22,7.77,8.04,8.55,8.19,8.03,7.31,7.96]}"
Z12,100,0.2,907,13,bestof8-par,SUCCESS,1,6.99,6.7,10,699,21.3413,mm[run6],986,,"{""per_run_s"":60.0,""accs"":[7.53,7.77,7.51,7.22,7.81,8.03,6.99,7.96],""used_s"":[17.8,7.2,14.3,20.5,12.6,8.7,21.3,8.0]}"
Z12,100,0.2,907,13,race8-par,SUCCESS,1,6.87,6.8,8,687,60.1235,clmm-core[7]@final11,986,,"{""final_survivor"":7,""elapsed_s"":60.123,""arms"":{""0"":[""template"",""floor"",6.89],""1"":[""mm"",""dropped:r1"",8.55],""2"":[""mm"",""dropped:r1"",8.93],""3"":[""mm"",""dropped:r3"",7.28],""4"":[""mm"",""dropped:r1"",8.95],""5"":[""cuthill"",""dropped:r2"",7.76],""6"":[""clmm"",""dropped:r2"",7.84],""7"":[""clmm-core"",""final"",6.87]}}"
Z12,100,0.2,907,14,race8-seq,SUCCESS,1,6.89,6.89,8,689,60.0199,template[0]@template,986,,"{""final_survivor"":7,""elapsed_s"":60.019,""arms"":{""0"":[""template"",""floor"",6.89],""1"":[""mm"",""dropped:r2"",7.87],""2"":[""mm"",""dropped:r1"",9.14],""3"":[""mm"",""dropped:r1"",8.92],""4"":[""mm"",""dropped:r1"",8.65],""5"":[""cuthill"",""dropped:r2"",7.9],""6"":[""clmm"",""dropped:r3"",7.75],""7"":[""clmm-core"",""final"",7.02]}}"
Z12,100,0.2,907,14,bestof8-seq,SUCCESS,1,7.67,7.3,13,767,60.1212,mm[run6],986,,"{""per_run_s"":7.5,""accs"":[7.89,8.28,7.89,8.44,7.91,8.15,7.67,8.09]}"
Z12,100,0.2,907,14,bestof8-par,SUCCESS,1,7.33,7.04,12,733,13.5897,mm[run7],986,,"{""per_run_s"":60.0,""accs"":[7.89,7.89,7.56,8.44,7.91,8.15,7.67,7.33],""used_s"":[7.6,10.4,12.7,7.5,9.5,10.0,8.6,13.6]}"
Z12,100,0.2,907,14,race8-par,SUCCESS,1,6.89,6.89,8,689,60.2216,template[0]@template,986,,"{""final_survivor"":7,""elapsed_s"":60.221,""arms"":{""0"":[""template"",""floor"",6.89],""1"":[""mm"",""dropped:r2"",7.87],""2"":[""mm"",""dropped:r1"",9.14],""3"":[""mm"",""dropped:r1"",8.92],""4"":[""mm"",""dropped:r1"",8.65],""5"":[""cuthill"",""dropped:r2"",7.9],""6"":[""clmm"",""dropped:r3"",7.74],""7"":[""clmm-core"",""final"",6.97]}}"
Z12,100,0.2,908,10,race8-seq,SUCCESS,1,6.9,6.9,8,690,60.0779,template[0]@template,938,,"{""final_survivor"":7,""elapsed_s"":60.077,""arms"":{""0"":[""template"",""floor"",6.9],""1"":[""mm"",""dropped:r2"",7.86],""2"":[""mm"",""dropped:r1"",8.52],""3"":[""mm"",""dropped:r1"",8.29],""4"":[""mm"",""dropped:r1"",8.55],""5"":[""cuthill"",""dropped:r2"",7.95],""6"":[""clmm"",""dropped:r3"",7.84],""7"":[""clmm-core"",""final"",7.44]}}"
Z12,100,0.2,908,10,bestof8-seq,SUCCESS,1,7.45,7.11,12,745,60.1661,mm[run5],938,,"{""per_run_s"":7.5,""accs"":[7.97,7.49,7.88,7.62,7.85,7.45,7.64,8.06]}"
Z12,100,0.2,908,10,bestof8-par,SUCCESS,1,7.38,7.12,11,738,13.6894,mm[run1],938,,"{""per_run_s"":60.0,""accs"":[7.97,7.38,7.66,7.46,7.85,7.45,7.64,7.6],""used_s"":[7.0,11.9,11.0,12.5,9.5,8.8,9.2,13.7]}"
Z12,100,0.2,908,10,race8-par,SUCCESS,1,6.9,6.9,8,690,60.0959,template[0]@template,938,,"{""final_survivor"":7,""elapsed_s"":60.095,""arms"":{""0"":[""template"",""floor"",6.9],""1"":[""mm"",""dropped:r2"",7.86],""2"":[""mm"",""dropped:r1"",8.52],""3"":[""mm"",""dropped:r1"",8.29],""4"":[""mm"",""dropped:r1"",8.55],""5"":[""cuthill"",""dropped:r2"",7.95],""6"":[""clmm"",""dropped:r3"",7.79],""7"":[""clmm-core"",""final"",7.02]}}"
Z12,100,0.2,908,11,race8-seq,SUCCESS,1,6.9,6.9,8,690,60.1383,template[0]@template,938,,"{""final_survivor"":5,""elapsed_s"":60.138,""arms"":{""0"":[""template"",""floor"",6.9],""1"":[""mm"",""dropped:r2"",7.72],""2"":[""mm"",""dropped:r1"",8.59],""3"":[""mm"",""dropped:r1"",8.94],""4"":[""mm"",""dropped:r1"",8.45],""5"":[""cuthill"",""final"",7.29],""6"":[""clmm"",""dropped:r2"",7.73],""7"":[""clmm-core"",""dropped:r3"",7.46]}}"
Z12,100,0.2,908,11,bestof8-seq,SUCCESS,1,7.46,7.13,12,746,57.3898,mm[run7],938,,"{""per_run_s"":7.5,""accs"":[7.76,8.04,8.23,7.68,7.89,8.21,8.38,7.46]}"
Z12,100,0.2,908,11,bestof8-par,SUCCESS,1,7.13,6.85,12,713,19.6977,mm[run1],938,,"{""per_run_s"":60.0,""accs"":[7.76,7.13,8.23,7.31,7.69,7.79,8.38,7.59],""used_s"":[8.6,19.7,6.3,16.6,10.3,12.1,5.5,10.3]}"
Z12,100,0.2,908,11,race8-par,SUCCESS,1,6.9,6.9,8,690,60.1872,template[0]@template,938,,"{""final_survivor"":5,""elapsed_s"":60.187,""arms"":{""0"":[""template"",""floor"",6.9],""1"":[""mm"",""dropped:r2"",7.72],""2"":[""mm"",""dropped:r1"",8.59],""3"":[""mm"",""dropped:r1"",8.94],""4"":[""mm"",""dropped:r1"",8.45],""5"":[""cuthill"",""final"",7.15],""6"":[""clmm"",""dropped:r2"",7.73],""7"":[""clmm-core"",""dropped:r3"",7.46]}}"
Z12,100,0.2,908,12,race8-seq,SUCCESS,1,6.9,6.9,8,690,60.1728,template[0]@template,938,,"{""final_survivor"":5,""elapsed_s"":60.172,""arms"":{""0"":[""template"",""floor"",6.9],""1"":[""mm"",""dropped:r1"",8.46],""2"":[""mm"",""dropped:r1"",13.76],""3"":[""mm"",""dropped:r2"",8.2],""4"":[""mm"",""dropped:r1"",8.54],""5"":[""cuthill"",""final"",7.43],""6"":[""clmm"",""dropped:r2"",7.8],""7"":[""clmm-core"",""dropped:r3"",7.44]}}"
Z12,100,0.2,908,12,bestof8-seq,SUCCESS,1,7.31,6.9,11,731,60.2426,mm[run0],938,,"{""per_run_s"":7.5,""accs"":[7.31,8.14,7.76,7.45,7.67,7.93,7.68,7.99]}"
Z12,100,0.2,908,12,bestof8-par,SUCCESS,1,6.96,6.8,11,696,15.3835,mm[run0],938,,"{""per_run_s"":60.0,""accs"":[6.96,8.14,7.76,7.47,7.04,7.95,7.68,7.99],""used_s"":[12.2,7.5,7.8,10.9,15.4,10.5,10.3,7.3]}"
Z12,100,0.2,908,12,race8-par,SUCCESS,1,6.9,6.9,8,690,60.0385,template[0]@template,938,,"{""final_survivor"":5,""elapsed_s"":60.038,""arms"":{""0"":[""template"",""floor"",6.9],""1"":[""mm"",""dropped:r1"",8.46],""2"":[""mm"",""dropped:r1"",13.76],""3"":[""mm"",""dropped:r2"",8.2],""4"":[""mm"",""dropped:r1"",8.54],""5"":[""cuthill"",""final"",6.96],""6"":[""clmm"",""dropped:r2"",7.8],""7"":[""clmm-core"",""dropped:r3"",7.44]}}"
Z12,100,0.2,908,14,race8-seq,SUCCESS,1,6.9,6.9,8,690,60.3018,template[0]@template,938,,"{""final_survivor"":7,""elapsed_s"":60.301,""arms"":{""0"":[""template"",""floor"",6.9],""1"":[""mm"",""dropped:r1"",8.37],""2"":[""mm"",""dropped:r1"",7.97],""3"":[""mm"",""dropped:r2"",7.86],""4"":[""mm"",""dropped:r1"",9.29],""5"":[""cuthill"",""dropped:r3"",7.8],""6"":[""clmm"",""dropped:r2"",7.93],""7"":[""clmm-core"",""final"",7.38]}}"
Z12,100,0.2,908,14,bestof8-seq,SUCCESS,1,7.36,7.1,12,736,60.0368,mm[run3],938,,"{""per_run_s"":7.5,""accs"":[7.99,7.71,7.95,7.36,7.65,8.12,7.65,7.84]}"
Z12,100,0.2,908,14,bestof8-par,SUCCESS,1,7.36,7.1,12,736,12.4816,mm[run3],938,,"{""per_run_s"":60.0,""accs"":[7.99,7.38,7.95,7.36,7.65,8.03,7.65,7.66],""used_s"":[8.3,10.8,7.1,9.5,10.2,11.2,8.0,12.5]}"
Z12,100,0.2,908,14,race8-par,SUCCESS,1,6.9,6.9,8,690,60.6456,template[0]@template,938,,"{""final_survivor"":7,""elapsed_s"":60.645,""arms"":{""0"":[""template"",""floor"",6.9],""1"":[""mm"",""dropped:r1"",8.37],""2"":[""mm"",""dropped:r1"",7.97],""3"":[""mm"",""dropped:r2"",7.86],""4"":[""mm"",""dropped:r1"",9.75],""5"":[""cuthill"",""dropped:r3"",7.73],""6"":[""clmm"",""dropped:r2"",7.93],""7"":[""clmm-core"",""final"",7.29]}}"
Z12,100,0.2,908,13,race8-seq,SUCCESS,1,6.9,6.9,8,690,60.0425,template[0]@template,938,,"{""final_survivor"":7,""elapsed_s"":60.042,""arms"":{""0"":[""template"",""floor"",6.9],""1"":[""mm"",""dropped:r1"",8.51],""2"":[""mm"",""dropped:r2"",7.84],""3"":[""mm"",""dropped:r3"",7.62],""4"":[""mm"",""dropped:r1"",8.57],""5"":[""cuthill"",""dropped:r1"",8.66],""6"":[""clmm"",""dropped:r2"",7.79],""7"":[""clmm-core"",""final"",7.37]}}"
Z12,100,0.2,908,13,bestof8-seq,SUCCESS,1,7.54,7.26,12,754,60.0775,mm[run3],938,,"{""per_run_s"":7.5,""accs"":[8.26,7.85,8.09,7.54,7.64,7.82,7.56,7.75]}"
Z12,100,0.2,908,13,bestof8-par,SUCCESS,1,7.11,6.87,12,711,17.1109,mm[run3],938,,"{""per_run_s"":60.0,""accs"":[7.53,7.77,8.09,7.11,7.64,7.6,7.56,7.23],""used_s"":[17.1,12.5,6.8,13.3,8.5,11.4,9.7,16.9]}"
Z12,100,0.2,908,13,race8-par,SUCCESS,1,6.9,6.9,8,690,60.28,template[0]@template,938,,"{""final_survivor"":3,""elapsed_s"":60.279,""arms"":{""0"":[""template"",""floor"",6.9],""1"":[""mm"",""dropped:r1"",8.51],""2"":[""mm"",""dropped:r2"",7.84],""3"":[""mm"",""final"",6.96],""4"":[""mm"",""dropped:r1"",8.57],""5"":[""cuthill"",""dropped:r1"",8.66],""6"":[""clmm"",""dropped:r2"",7.79],""7"":[""clmm-core"",""dropped:r3"",7.37]}}"
Z12,100,0.2,909,10,race8-seq,SUCCESS,1,6.97,6.97,8,697,60.0129,template[0]@template,1004,,"{""final_survivor"":7,""elapsed_s"":60.012,""arms"":{""0"":[""template"",""floor"",6.97],""1"":[""mm"",""dropped:r1"",9.68],""2"":[""mm"",""dropped:r1"",9.03],""3"":[""mm"",""dropped:r2"",8.21],""4"":[""mm"",""dropped:r1"",9.9],""5"":[""cuthill"",""dropped:r2"",8.06],""6"":[""clmm"",""dropped:r3"",7.79],""7"":[""clmm-core"",""final"",7.39]}}"
Z12,100,0.2,909,10,bestof8-seq,SUCCESS,1,7.7,7.34,12,770,60.1182,mm[run5],1004,,"{""per_run_s"":7.5,""accs"":[8.32,8.27,7.97,7.97,8.61,7.7,7.82,8.24]}"
Z12,100,0.2,909,10,bestof8-par,SUCCESS,1,7.41,7.08,12,741,21.5144,mm[run3],1004,,"{""per_run_s"":60.0,""accs"":[7.88,7.76,7.54,7.41,7.42,7.63,7.74,8.06],""used_s"":[21.5,17.7,16.6,20.0,17.2,11.7,11.8,10.6]}"
Z12,100,0.2,909,10,race8-par,SUCCESS,1,6.97,6.97,8,697,60.0636,template[0]@template,1004,,"{""final_survivor"":7,""elapsed_s"":60.063,""arms"":{""0"":[""template"",""floor"",6.97],""1"":[""mm"",""dropped:r1"",9.68],""2"":[""mm"",""dropped:r1"",9.03],""3"":[""mm"",""dropped:r2"",8.21],""4"":[""mm"",""dropped:r1"",9.9],""5"":[""cuthill"",""dropped:r2"",8.06],""6"":[""clmm"",""dropped:r3"",7.73],""7"":[""clmm-core"",""final"",7.3]}}"
Z12,100,0.2,909,11,race8-seq,SUCCESS,1,6.97,6.97,8,697,60.1012,template[0]@template,1004,,"{""final_survivor"":7,""elapsed_s"":60.101,""arms"":{""0"":[""template"",""floor"",6.97],""1"":[""mm"",""dropped:r3"",7.81],""2"":[""mm"",""dropped:r1"",9.4],""3"":[""mm"",""dropped:r2"",7.88],""4"":[""mm"",""dropped:r1"",8.49],""5"":[""cuthill"",""dropped:r1"",8.57],""6"":[""clmm"",""dropped:r2"",7.88],""7"":[""clmm-core"",""final"",7.39]}}"
Z12,100,0.2,909,11,bestof8-seq,SUCCESS,1,7.91,7.6,14,791,59.7846,mm[run5],1004,,"{""per_run_s"":7.5,""accs"":[7.98,8.56,7.95,8.02,8.27,7.91,8.06,8.22]}"
Z12,100,0.2,909,11,bestof8-par,SUCCESS,1,7.01,6.77,11,701,22.8599,mm[run0],1004,,"{""per_run_s"":60.0,""accs"":[7.01,8.56,7.92,8.02,7.8,7.4,7.55,8.22],""used_s"":[22.8,6.1,14.1,7.7,13.3,15.1,16.1,8.1]}"
Z12,100,0.2,909,11,race8-par,SUCCESS,1,6.97,6.97,8,697,60.2603,template[0]@template,1004,,"{""final_survivor"":7,""elapsed_s"":60.26,""arms"":{""0"":[""template"",""floor"",6.97],""1"":[""mm"",""dropped:r3"",7.7],""2"":[""mm"",""dropped:r1"",9.4],""3"":[""mm"",""dropped:r2"",7.88],""4"":[""mm"",""dropped:r1"",8.49],""5"":[""cuthill"",""dropped:r1"",8.57],""6"":[""clmm"",""dropped:r2"",7.88],""7"":[""clmm-core"",""final"",7.28]}}"
Z12,100,0.2,909,12,race8-seq,SUCCESS,1,6.97,6.97,8,697,60.3564,template[0]@template,1004,,"{""final_survivor"":7,""elapsed_s"":60.356,""arms"":{""0"":[""template"",""floor"",6.97],""1"":[""mm"",""dropped:r1"",8.73],""2"":[""mm"",""dropped:r1"",9.47],""3"":[""mm"",""dropped:r1"",8.52],""4"":[""mm"",""dropped:r3"",7.74],""5"":[""cuthill"",""dropped:r2"",7.93],""6"":[""clmm"",""dropped:r2"",7.89],""7"":[""clmm-core"",""final"",7.4]}}"
Z12,100,0.2,909,12,bestof8-seq,SUCCESS,1,7.83,7.42,13,783,59.812,mm[run7],1004,,"{""per_run_s"":7.5,""accs"":[8.54,8.08,8.73,8.05,8.47,8.0,8.15,7.83]}"
Z12,100,0.2,909,12,bestof8-par,SUCCESS,1,7.58,7.28,12,758,13.5671,mm[run5],1004,,"{""per_run_s"":60.0,""accs"":[8.54,8.02,8.73,7.86,8.15,7.58,8.15,7.67],""used_s"":[7.5,12.9,7.4,11.8,11.2,13.5,6.9,11.1]}"
Z12,100,0.2,909,12,race8-par,SUCCESS,1,6.97,6.97,8,697,60.0992,template[0]@template,1004,,"{""final_survivor"":7,""elapsed_s"":60.098,""arms"":{""0"":[""template"",""floor"",6.97],""1"":[""mm"",""dropped:r1"",8.73],""2"":[""mm"",""dropped:r1"",9.47],""3"":[""mm"",""dropped:r1"",8.64],""4"":[""mm"",""dropped:r2"",7.91],""5"":[""cuthill"",""dropped:r2"",7.95],""6"":[""clmm"",""dropped:r3"",7.89],""7"":[""clmm-core"",""final"",7.3]}}"
Z12,100,0.2,909,14,race8-seq,SUCCESS,1,6.97,6.97,8,697,60.2496,template[0]@template,1004,,"{""final_survivor"":7,""elapsed_s"":60.249,""arms"":{""0"":[""template"",""floor"",6.97],""1"":[""mm"",""dropped:r1"",9.26],""2"":[""mm"",""dropped:r1"",9.34],""3"":[""mm"",""dropped:r2"",7.81],""4"":[""mm"",""dropped:r1"",9.62],""5"":[""cuthill"",""dropped:r3"",7.65],""6"":[""clmm"",""dropped:r2"",7.86],""7"":[""clmm-core"",""final"",7.42]}}"
Z12,100,0.2,909,14,bestof8-seq,SUCCESS,1,7.83,7.41,13,783,60.0276,mm[run2],1004,,"{""per_run_s"":7.5,""accs"":[8.39,8.06,7.83,7.94,8.12,8.11,8.49,8.32]}"
Z12,100,0.2,909,14,bestof8-par,SUCCESS,1,7.47,7.21,12,747,18.475,mm[run7],1004,,"{""per_run_s"":60.0,""accs"":[7.62,7.68,7.83,7.54,7.99,8.05,7.89,7.47],""used_s"":[15.6,12.1,10.9,11.6,12.1,11.1,18.4,16.5]}"
Z12,100,0.2,909,14,race8-par,SUCCESS,1,6.97,6.97,8,697,60.3161,template[0]@template,1004,,"{""final_survivor"":7,""elapsed_s"":60.315,""arms"":{""0"":[""template"",""floor"",6.97],""1"":[""mm"",""dropped:r1"",9.26],""2"":[""mm"",""dropped:r1"",9.34],""3"":[""mm"",""dropped:r2"",7.81],""4"":[""mm"",""dropped:r1"",9.62],""5"":[""cuthill"",""dropped:r3"",7.44],""6"":[""clmm"",""dropped:r2"",7.86],""7"":[""clmm-core"",""final"",7.14]}}"
Z12,100,0.2,909,13,race8-seq,SUCCESS,1,6.97,6.97,8,697,60.3709,template[0]@template,1004,,"{""final_survivor"":7,""elapsed_s"":60.37,""arms"":{""0"":[""template"",""floor"",6.97],""1"":[""mm"",""dropped:r1"",8.91],""2"":[""mm"",""dropped:r2"",8.52],""3"":[""mm"",""dropped:r1"",9.92],""4"":[""mm"",""dropped:r1"",9.3],""5"":[""cuthill"",""dropped:r3"",7.73],""6"":[""clmm"",""dropped:r2"",7.77],""7"":[""clmm-core"",""final"",7.27]}}"
Z12,100,0.2,909,13,bestof8-seq,SUCCESS,1,7.71,7.36,13,771,60.0522,mm[run2],1004,,"{""per_run_s"":7.5,""accs"":[8.79,7.96,7.71,8.04,8.49,7.87,8.25,8.33]}"
Z12,100,0.2,909,13,bestof8-par,SUCCESS,1,7.35,7.0,11,735,26.6362,mm[run0],1004,,"{""per_run_s"":60.0,""accs"":[7.35,7.51,7.71,8.04,7.52,7.72,8.09,8.33],""used_s"":[26.6,15.3,9.0,9.2,22.8,11.8,10.4,8.1]}"
Z12,100,0.2,909,13,race8-par,SUCCESS,1,6.97,6.97,8,697,60.876,template[0]@template,1004,,"{""final_survivor"":7,""elapsed_s"":60.875,""arms"":{""0"":[""template"",""floor"",6.97],""1"":[""mm"",""dropped:r1"",8.91],""2"":[""mm"",""dropped:r2"",8.27],""3"":[""mm"",""dropped:r1"",9.92],""4"":[""mm"",""dropped:r1"",9.3],""5"":[""cuthill"",""dropped:r3"",7.73],""6"":[""clmm"",""dropped:r2"",7.77],""7"":[""clmm-core"",""final"",7.25]}}"
Z12,100,0.2,910,10,race8-seq,SUCCESS,1,7.0,7.0,8,700,60.2127,template[0]@template,1001,,"{""final_survivor"":7,""elapsed_s"":60.212,""arms"":{""0"":[""template"",""floor"",7.0],""1"":[""mm"",""dropped:r1"",8.53],""2"":[""mm"",""dropped:r1"",9.05],""3"":[""mm"",""dropped:r1"",8.84],""4"":[""mm"",""dropped:r2"",7.85],""5"":[""cuthill"",""dropped:r3"",7.64],""6"":[""clmm"",""dropped:r2"",7.87],""7"":[""clmm-core"",""final"",7.46]}}"
Z12,100,0.2,910,10,bestof8-seq,SUCCESS,1,7.9,7.49,14,790,60.1723,mm[run1],1001,,"{""per_run_s"":7.5,""accs"":[8.33,7.9,8.22,8.48,8.3,8.34,8.28,9.09]}"
Z12,100,0.2,910,10,bestof8-par,SUCCESS,1,7.37,7.17,12,737,18.381,mm[run1],1001,,"{""per_run_s"":60.0,""accs"":[8.33,7.37,7.61,8.48,8.3,8.08,8.04,7.85],""used_s"":[8.9,16.6,18.3,8.7,7.2,11.3,10.9,18.4]}"
Z12,100,0.2,910,10,race8-par,SUCCESS,1,7.0,7.0,8,700,60.0481,template[0]@template,1001,,"{""final_survivor"":5,""elapsed_s"":60.047,""arms"":{""0"":[""template"",""floor"",7.0],""1"":[""mm"",""dropped:r1"",8.53],""2"":[""mm"",""dropped:r1"",9.05],""3"":[""mm"",""dropped:r1"",8.84],""4"":[""mm"",""dropped:r2"",7.85],""5"":[""cuthill"",""final"",7.03],""6"":[""clmm"",""dropped:r2"",7.87],""7"":[""clmm-core"",""dropped:r3"",7.46]}}"
Z12,100,0.2,910,11,race8-seq,SUCCESS,1,7.0,7.0,8,700,60.0969,template[0]@template,1001,,"{""final_survivor"":7,""elapsed_s"":60.097,""arms"":{""0"":[""template"",""floor"",7.0],""1"":[""mm"",""dropped:r1"",8.91],""2"":[""mm"",""dropped:r1"",9.18],""3"":[""mm"",""dropped:r1"",8.72],""4"":[""mm"",""dropped:r2"",7.98],""5"":[""cuthill"",""dropped:r3"",7.43],""6"":[""clmm"",""dropped:r2"",7.73],""7"":[""clmm-core"",""final"",7.39]}}"
Z12,100,0.2,910,11,bestof8-seq,SUCCESS,1,7.65,7.34,13,765,60.2175,mm[run5],1001,,"{""per_run_s"":7.5,""accs"":[8.12,7.96,8.36,8.07,8.15,7.65,8.4,8.35]}"
Z12,100,0.2,910,11,bestof8-par,SUCCESS,1,7.24,6.95,11,724,20.0325,mm[run1],1001,,"{""per_run_s"":60.0,""accs"":[7.43,7.24,8.36,8.07,8.15,7.69,7.82,7.54],""used_s"":[16.8,20.0,7.6,8.4,10.0,12.4,13.1,18.2]}"
Z12,100,0.2,910,11,race8-par,SUCCESS,1,7.0,7.0,8,700,60.202,template[0]@template,1001,,"{""final_survivor"":7,""elapsed_s"":60.201,""arms"":{""0"":[""template"",""floor"",7.0],""1"":[""mm"",""dropped:r1"",8.91],""2"":[""mm"",""dropped:r1"",9.18],""3"":[""mm"",""dropped:r1"",8.72],""4"":[""mm"",""dropped:r2"",7.98],""5"":[""cuthill"",""dropped:r3"",7.43],""6"":[""clmm"",""dropped:r2"",7.73],""7"":[""clmm-core"",""final"",7.3]}}"
Z12,100,0.2,910,12,race8-seq,SUCCESS,1,7.0,7.0,8,700,60.2782,template[0]@template,1001,,"{""final_survivor"":7,""elapsed_s"":60.278,""arms"":{""0"":[""template"",""floor"",7.0],""1"":[""mm"",""dropped:r1"",9.22],""2"":[""mm"",""dropped:r3"",7.65],""3"":[""mm"",""dropped:r1"",9.69],""4"":[""mm"",""dropped:r1"",8.8],""5"":[""cuthill"",""dropped:r2"",7.97],""6"":[""clmm"",""dropped:r2"",7.87],""7"":[""clmm-core"",""final"",7.45]}}"
Z12,100,0.2,910,12,bestof8-seq,SUCCESS,1,7.57,7.25,12,757,60.0253,mm[run5],1001,,"{""per_run_s"":7.5,""accs"":[8.02,7.96,7.62,7.81,8.34,7.57,8.43,8.12]}"
Z12,100,0.2,910,12,bestof8-par,SUCCESS,1,7.47,7.18,12,747,14.9941,mm[run5],1001,,"{""per_run_s"":60.0,""accs"":[7.78,7.96,7.62,7.75,8.12,7.47,8.43,7.55],""used_s"":[11.7,9.0,10.2,11.0,10.8,10.5,8.4,15.0]}"
Z12,100,0.2,910,12,race8-par,SUCCESS,1,7.0,7.0,8,700,60.3386,template[0]@template,1001,,"{""final_survivor"":7,""elapsed_s"":60.338,""arms"":{""0"":[""template"",""floor"",7.0],""1"":[""mm"",""dropped:r1"",9.22],""2"":[""mm"",""dropped:r3"",7.79],""3"":[""mm"",""dropped:r1"",9.69],""4"":[""mm"",""dropped:r1"",8.8],""5"":[""cuthill"",""dropped:r2"",7.95],""6"":[""clmm"",""dropped:r2"",7.87],""7"":[""clmm-core"",""final"",7.36]}}"
Z12,100,0.2,910,13,race8-seq,SUCCESS,1,7.0,7.0,8,700,60.166,template[0]@template,1001,,"{""final_survivor"":7,""elapsed_s"":60.166,""arms"":{""0"":[""template"",""floor"",7.0],""1"":[""mm"",""dropped:r1"",8.75],""2"":[""mm"",""dropped:r2"",8.49],""3"":[""mm"",""dropped:r3"",7.77],""4"":[""mm"",""dropped:r1"",9.01],""5"":[""cuthill"",""dropped:r1"",8.66],""6"":[""clmm"",""dropped:r2"",7.89],""7"":[""clmm-core"",""final"",7.4]}}"
Z12,100,0.2,910,13,bestof8-seq,SUCCESS,1,7.86,7.37,13,786,60.213,mm[run1],1001,,"{""per_run_s"":7.5,""accs"":[8.39,7.86,8.18,7.88,8.57,8.43,8.59,8.31]}"
Z12,100,0.2,910,13,bestof8-par,SUCCESS,1,7.59,7.24,12,759,17.4272,mm[run1],1001,,"{""per_run_s"":60.0,""accs"":[8.39,7.59,8.19,7.82,7.92,8.24,8.59,7.8],""used_s"":[7.8,17.4,11.2,11.4,17.1,13.7,7.1,13.6]}"
Z12,100,0.2,910,13,race8-par,SUCCESS,1,7.0,7.0,8,700,60.3475,template[0]@template,1001,,"{""final_survivor"":7,""elapsed_s"":60.347,""arms"":{""0"":[""template"",""floor"",7.0],""1"":[""mm"",""dropped:r1"",8.75],""2"":[""mm"",""dropped:r2"",8.49],""3"":[""mm"",""dropped:r3"",7.77],""4"":[""mm"",""dropped:r1"",9.01],""5"":[""cuthill"",""dropped:r1"",8.66],""6"":[""clmm"",""dropped:r2"",7.89],""7"":[""clmm-core"",""final"",7.25]}}"
Z12,100,0.2,910,14,race8-seq,SUCCESS,1,7.0,7.0,8,700,60.1541,template[0]@template,1001,,"{""final_survivor"":7,""elapsed_s"":60.154,""arms"":{""0"":[""template"",""floor"",7.0],""1"":[""mm"",""dropped:r1"",8.46],""2"":[""mm"",""dropped:r1"",8.45],""3"":[""mm"",""dropped:r2"",8.13],""4"":[""mm"",""dropped:r1"",9.0],""5"":[""cuthill"",""dropped:r2"",8.02],""6"":[""clmm"",""dropped:r3"",7.89],""7"":[""clmm-core"",""final"",7.42]}}"
Z12,100,0.2,910,14,bestof8-seq,SUCCESS,1,7.65,7.27,12,765,60.1272,mm[run2],1001,,"{""per_run_s"":7.5,""accs"":[8.08,8.22,7.65,7.68,8.03,8.45,7.81,8.36]}"
Z12,100,0.2,910,14,bestof8-par,SUCCESS,1,7.5,7.11,12,750,20.4286,mm[run4],1001,,"{""per_run_s"":60.0,""accs"":[7.83,8.06,7.54,7.56,7.5,7.72,7.81,8.36],""used_s"":[18.0,10.4,10.6,11.8,13.7,20.4,9.6,7.5]}"
Z12,100,0.2,910,14,race8-par,SUCCESS,1,7.0,7.0,8,700,60.2034,template[0]@template,1001,,"{""final_survivor"":7,""elapsed_s"":60.203,""arms"":{""0"":[""template"",""floor"",7.0],""1"":[""mm"",""dropped:r1"",8.46],""2"":[""mm"",""dropped:r1"",8.45],""3"":[""mm"",""dropped:r2"",8.13],""4"":[""mm"",""dropped:r1"",9.0],""5"":[""cuthill"",""dropped:r2"",8.02],""6"":[""clmm"",""dropped:r3"",7.81],""7"":[""clmm-core"",""final"",7.24]}}"
Z12,100,0.2,911,10,race8-seq,SUCCESS,1,6.92,6.92,8,692,60.0284,template[0]@template,1001,,"{""final_survivor"":7,""elapsed_s"":60.028,""arms"":{""0"":[""template"",""floor"",6.92],""1"":[""mm"",""dropped:r1"",9.12],""2"":[""mm"",""dropped:r2"",8.43],""3"":[""mm"",""dropped:r1"",9.09],""4"":[""mm"",""dropped:r1"",9.32],""5"":[""cuthill"",""dropped:r2"",8.09],""6"":[""clmm"",""dropped:r3"",7.79],""7"":[""clmm-core"",""final"",7.43]}}"
Z12,100,0.2,911,10,bestof8-seq,SUCCESS,1,7.61,7.28,12,761,60.0456,mm[run4],1001,,"{""per_run_s"":7.5,""accs"":[8.05,8.48,8.35,8.23,7.61,8.17,8.26,8.64]}"
Z12,100,0.2,911,10,bestof8-par,SUCCESS,1,7.44,7.02,11,744,21.3558,mm[run3],1001,,"{""per_run_s"":60.0,""accs"":[7.73,8.28,7.96,7.44,7.64,7.94,8.13,7.57],""used_s"":[11.1,9.8,12.8,21.3,9.7,10.3,12.0,19.5]}"
Z12,100,0.2,911,10,race8-par,SUCCESS,1,6.92,6.92,8,692,59.9713,template[0]@template,1001,,"{""final_survivor"":7,""elapsed_s"":59.971,""arms"":{""0"":[""template"",""floor"",6.92],""1"":[""mm"",""dropped:r1"",9.12],""2"":[""mm"",""dropped:r2"",8.43],""3"":[""mm"",""dropped:r1"",9.09],""4"":[""mm"",""dropped:r1"",9.32],""5"":[""cuthill"",""dropped:r2"",8.09],""6"":[""clmm"",""dropped:r3"",7.77],""7"":[""clmm-core"",""final"",7.12]}}"
Z12,100,0.2,911,11,race8-seq,SUCCESS,1,6.92,6.92,8,692,60.1953,template[0]@template,1001,,"{""final_survivor"":7,""elapsed_s"":60.195,""arms"":{""0"":[""template"",""floor"",6.92],""1"":[""mm"",""dropped:r1"",9.05],""2"":[""mm"",""dropped:r1"",8.77],""3"":[""mm"",""dropped:r2"",8.03],""4"":[""mm"",""dropped:r1"",8.68],""5"":[""cuthill"",""dropped:r3"",7.8],""6"":[""clmm"",""dropped:r2"",7.85],""7"":[""clmm-core"",""final"",7.42]}}"
Z12,100,0.2,911,11,bestof8-seq,SUCCESS,1,7.73,7.44,12,773,60.1918,mm[run3],1001,,"{""per_run_s"":7.5,""accs"":[8.55,8.14,7.87,7.73,8.52,8.69,7.96,8.2]}"
Z12,100,0.2,911,11,bestof8-par,SUCCESS,1,7.73,7.35,12,773,13.3812,mm[run2],1001,,"{""per_run_s"":60.0,""accs"":[8.1,7.89,7.73,7.81,8.21,8.32,7.96,8.04],""used_s"":[12.7,11.0,11.6,13.4,10.7,11.3,8.8,10.1]}"
Z12,100,0.2,911,11,race8-par,SUCCESS,1,6.92,6.92,8,692,60.0143,template[0]@template,1001,,"{""final_survivor"":7,""elapsed_s"":60.014,""arms"":{""0"":[""template"",""floor"",6.92],""1"":[""mm"",""dropped:r1"",9.33],""2"":[""mm"",""dropped:r1"",8.87],""3"":[""mm"",""dropped:r2"",8.03],""4"":[""mm"",""dropped:r1"",8.68],""5"":[""cuthill"",""dropped:r3"",7.8],""6"":[""clmm"",""dropped:r2"",7.85],""7"":[""clmm-core"",""final"",7.29]}}"
Z12,100,0.2,911,12,race8-seq,SUCCESS,1,6.92,6.92,8,692,60.0945,template[0]@template,1001,,"{""final_survivor"":7,""elapsed_s"":60.094,""arms"":{""0"":[""template"",""floor"",6.92],""1"":[""mm"",""dropped:r2"",7.83],""2"":[""mm"",""dropped:r1"",8.78],""3"":[""mm"",""dropped:r1"",9.19],""4"":[""mm"",""dropped:r1"",8.82],""5"":[""cuthill"",""dropped:r3"",7.5],""6"":[""clmm"",""dropped:r2"",7.85],""7"":[""clmm-core"",""final"",7.41]}}"
Z12,100,0.2,911,12,bestof8-seq,SUCCESS,1,8.06,7.69,14,806,60.0411,mm[run4],1001,,"{""per_run_s"":7.5,""accs"":[8.14,8.11,8.66,8.32,8.06,8.1,8.15,8.56]}"
Z12,100,0.2,911,12,bestof8-par,SUCCESS,1,7.38,7.02,11,738,15.2826,mm[run1],1001,,"{""per_run_s"":60.0,""accs"":[8.14,7.38,8.66,7.46,8.06,8.1,7.96,8.0],""used_s"":[9.4,15.0,8.3,15.3,9.8,9.6,13.7,12.7]}"
Z12,100,0.2,911,12,race8-par,SUCCESS,1,6.92,6.92,8,692,60.2875,template[0]@template,1001,,"{""final_survivor"":7,""elapsed_s"":60.287,""arms"":{""0"":[""template"",""floor"",6.92],""1"":[""mm"",""dropped:r2"",7.88],""2"":[""mm"",""dropped:r1"",8.78],""3"":[""mm"",""dropped:r1"",9.19],""4"":[""mm"",""dropped:r1"",8.82],""5"":[""cuthill"",""dropped:r3"",7.5],""6"":[""clmm"",""dropped:r2"",7.85],""7"":[""clmm-core"",""final"",7.38]}}"
Z12,100,0.2,911,13,race8-seq,SUCCESS,1,6.92,6.92,8,692,60.2265,template[0]@template,1001,,"{""final_survivor"":7,""elapsed_s"":60.226,""arms"":{""0"":[""template"",""floor"",6.92],""1"":[""mm"",""dropped:r2"",8.39],""2"":[""mm"",""dropped:r1"",9.53],""3"":[""mm"",""dropped:r1"",9.35],""4"":[""mm"",""dropped:r1"",9.04],""5"":[""cuthill"",""dropped:r2"",8.1],""6"":[""clmm"",""dropped:r3"",7.82],""7"":[""clmm-core"",""final"",7.34]}}"
Z12,100,0.2,911,13,bestof8-seq,SUCCESS,1,7.88,7.47,14,788,58.8765,mm[run5],1001,,"{""per_run_s"":7.5,""accs"":[8.33,8.1,8.8,8.33,8.32,7.88,8.37,8.01]}"
Z12,100,0.2,911,13,bestof8-par,SUCCESS,1,7.58,7.26,13,758,14.158,mm[run3],1001,,"{""per_run_s"":60.0,""accs"":[8.33,7.7,8.8,7.58,8.32,7.96,8.37,8.18],""used_s"":[6.5,13.7,6.2,14.1,11.4,13.6,8.1,11.4]}"
Z12,100,0.2,911,13,race8-par,SUCCESS,1,6.92,6.92,8,692,60.039,template[0]@template,1001,,"{""final_survivor"":7,""elapsed_s"":60.038,""arms"":{""0"":[""template"",""floor"",6.92],""1"":[""mm"",""dropped:r2"",8.39],""2"":[""mm"",""dropped:r1"",9.53],""3"":[""mm"",""dropped:r1"",9.41],""4"":[""mm"",""dropped:r1"",9.04],""5"":[""cuthill"",""dropped:r2"",8.1],""6"":[""clmm"",""dropped:r3"",7.77],""7"":[""clmm-core"",""final"",7.3]}}"
Z12,100,0.2,911,14,race8-seq,SUCCESS,1,6.92,6.92,8,692,60.3053,template[0]@template,1001,,"{""final_survivor"":7,""elapsed_s"":60.305,""arms"":{""0"":[""template"",""floor"",6.92],""1"":[""mm"",""dropped:r1"",8.77],""2"":[""mm"",""dropped:r1"",8.69],""3"":[""mm"",""dropped:r1"",8.68],""4"":[""mm"",""dropped:r3"",7.57],""5"":[""cuthill"",""dropped:r2"",7.72],""6"":[""clmm"",""dropped:r2"",7.87],""7"":[""clmm-core"",""final"",7.41]}}"
Z12,100,0.2,911,14,bestof8-seq,SUCCESS,1,7.94,7.5,13,794,60.201,mm[run7],1001,,"{""per_run_s"":7.5,""accs"":[8.5,8.15,8.2,8.27,8.09,8.2,8.25,7.94]}"
Z12,100,0.2,911,14,bestof8-par,SUCCESS,1,7.58,7.2,12,758,17.7013,mm[run0],1001,,"{""per_run_s"":60.0,""accs"":[7.58,7.7,8.2,8.0,7.62,7.86,8.25,7.94],""used_s"":[17.7,15.5,9.9,11.6,14.5,14.0,9.6,9.5]}"
Z12,100,0.2,911,14,race8-par,SUCCESS,1,6.92,6.92,8,692,60.4701,template[0]@template,1001,,"{""final_survivor"":7,""elapsed_s"":60.469,""arms"":{""0"":[""template"",""floor"",6.92],""1"":[""mm"",""dropped:r1"",8.77],""2"":[""mm"",""dropped:r1"",8.69],""3"":[""mm"",""dropped:r1"",8.68],""4"":[""mm"",""dropped:r3"",7.49],""5"":[""cuthill"",""dropped:r2"",7.72],""6"":[""clmm"",""dropped:r2"",7.87],""7"":[""clmm-core"",""final"",7.33]}}"
Z12,100,0.2,912,10,race8-seq,SUCCESS,1,6.87,6.87,8,687,60.2396,template[0]@template,986,,"{""final_survivor"":7,""elapsed_s"":60.239,""arms"":{""0"":[""template"",""floor"",6.87],""1"":[""mm"",""dropped:r2"",8.21],""2"":[""mm"",""dropped:r1"",9.91],""3"":[""mm"",""dropped:r1"",9.99],""4"":[""mm"",""dropped:r1"",8.78],""5"":[""cuthill"",""dropped:r3"",7.64],""6"":[""clmm"",""dropped:r2"",7.88],""7"":[""clmm-core"",""final"",7.28]}}"
Z12,100,0.2,912,10,bestof8-seq,SUCCESS,1,7.4,7.14,12,740,60.0228,mm[run0],986,,"{""per_run_s"":7.5,""accs"":[7.4,7.85,8.08,8.15,8.28,8.01,7.91,8.85]}"
Z12,100,0.2,912,10,bestof8-par,SUCCESS,1,7.39,7.01,12,739,15.9845,mm[run5],986,,"{""per_run_s"":60.0,""accs"":[7.4,7.68,8.08,7.75,7.71,7.39,7.65,8.18],""used_s"":[9.1,12.5,8.0,14.6,12.2,16.0,13.2,9.3]}"
Z12,100,0.2,912,10,race8-par,SUCCESS,1,6.87,6.87,8,687,60.0562,template[0]@template,986,,"{""final_survivor"":7,""elapsed_s"":60.056,""arms"":{""0"":[""template"",""floor"",6.87],""1"":[""mm"",""dropped:r2"",8.21],""2"":[""mm"",""dropped:r1"",9.5],""3"":[""mm"",""dropped:r1"",9.99],""4"":[""mm"",""dropped:r1"",8.78],""5"":[""cuthill"",""dropped:r3"",7.64],""6"":[""clmm"",""dropped:r2"",7.88],""7"":[""clmm-core"",""final"",7.22]}}"
Z12,100,0.2,912,11,race8-seq,SUCCESS,1,6.87,6.87,8,687,60.2313,template[0]@template,986,,"{""final_survivor"":7,""elapsed_s"":60.231,""arms"":{""0"":[""template"",""floor"",6.87],""1"":[""mm"",""dropped:r1"",8.77],""2"":[""mm"",""dropped:r1"",8.87],""3"":[""mm"",""dropped:r1"",8.93],""4"":[""mm"",""dropped:r2"",7.73],""5"":[""cuthill"",""dropped:r3"",7.58],""6"":[""clmm"",""dropped:r2"",7.89],""7"":[""clmm-core"",""final"",7.38]}}"
Z12,100,0.2,912,11,bestof8-seq,SUCCESS,1,7.45,7.13,12,745,60.1955,mm[run5],986,,"{""per_run_s"":7.5,""accs"":[7.77,7.81,8.16,7.79,8.18,7.45,7.89,8.41]}"
Z12,100,0.2,912,11,bestof8-par,SUCCESS,1,7.42,7.09,12,742,15.189,mm[run6],986,,"{""per_run_s"":60.0,""accs"":[7.61,7.81,8.16,7.62,7.89,7.54,7.42,7.76],""used_s"":[10.3,8.8,8.7,10.7,12.8,10.5,15.2,12.4]}"
Z12,100,0.2,912,11,race8-par,SUCCESS,1,6.87,6.87,8,687,60.6768,template[0]@template,986,,"{""final_survivor"":7,""elapsed_s"":60.676,""arms"":{""0"":[""template"",""floor"",6.87],""1"":[""mm"",""dropped:r1"",8.77],""2"":[""mm"",""dropped:r1"",8.87],""3"":[""mm"",""dropped:r1"",8.93],""4"":[""mm"",""dropped:r2"",7.73],""5"":[""cuthill"",""dropped:r3"",7.56],""6"":[""clmm"",""dropped:r2"",7.89],""7"":[""clmm-core"",""final"",7.12]}}"
Z12,100,0.2,912,12,race8-seq,SUCCESS,1,6.87,6.87,8,687,60.0435,template[0]@template,986,,"{""final_survivor"":7,""elapsed_s"":60.043,""arms"":{""0"":[""template"",""floor"",6.87],""1"":[""mm"",""dropped:r1"",8.75],""2"":[""mm"",""dropped:r1"",8.54],""3"":[""mm"",""dropped:r2"",8.21],""4"":[""mm"",""dropped:r1"",8.75],""5"":[""cuthill"",""dropped:r3"",7.54],""6"":[""clmm"",""dropped:r2"",7.82],""7"":[""clmm-core"",""final"",7.36]}}"
Z12,100,0.2,912,12,bestof8-seq,SUCCESS,1,7.47,7.18,13,747,59.5075,mm[run7],986,,"{""per_run_s"":7.5,""accs"":[7.68,8.3,8.51,8.05,8.38,7.92,7.91,7.47]}"
Z12,100,0.2,912,12,bestof8-par,SUCCESS,1,7.24,6.92,11,724,18.2171,mm[run0],986,,"{""per_run_s"":60.0,""accs"":[7.24,8.3,7.64,8.05,8.38,7.6,7.44,7.61],""used_s"":[10.6,6.6,14.9,8.3,7.4,15.4,18.2,10.6]}"
Z12,100,0.2,912,12,race8-par,SUCCESS,1,6.87,6.87,8,687,60.2143,template[0]@template,986,,"{""final_survivor"":7,""elapsed_s"":60.214,""arms"":{""0"":[""template"",""floor"",6.87],""1"":[""mm"",""dropped:r1"",8.75],""2"":[""mm"",""dropped:r2"",8.02],""3"":[""mm"",""dropped:r1"",8.91],""4"":[""mm"",""dropped:r1"",8.75],""5"":[""cuthill"",""dropped:r3"",7.53],""6"":[""clmm"",""dropped:r2"",7.82],""7"":[""clmm-core"",""final"",6.99]}}"
Z12,100,0.2,912,13,race8-seq,SUCCESS,1,6.87,6.87,8,687,60.1787,template[0]@template,986,,"{""final_survivor"":7,""elapsed_s"":60.178,""arms"":{""0"":[""template"",""floor"",6.87],""1"":[""mm"",""dropped:r1"",8.94],""2"":[""mm"",""dropped:r1"",8.69],""3"":[""mm"",""dropped:r1"",8.88],""4"":[""mm"",""dropped:r3"",7.75],""5"":[""cuthill"",""dropped:r2"",8.07],""6"":[""clmm"",""dropped:r2"",7.85],""7"":[""clmm-core"",""final"",7.33]}}"
Z12,100,0.2,912,13,bestof8-seq,SUCCESS,1,7.65,7.26,13,765,60.1203,mm[run1],986,,"{""per_run_s"":7.5,""accs"":[7.72,7.65,7.85,8.16,7.81,7.76,8.23,7.68]}"
Z12,100,0.2,912,13,bestof8-par,SUCCESS,1,7.28,6.98,11,728,16.9736,mm[run4],986,,"{""per_run_s"":60.0,""accs"":[7.72,7.39,7.85,8.16,7.28,7.6,7.48,7.61],""used_s"":[11.4,12.6,8.4,9.0,16.0,10.9,16.9,12.5]}"
Z12,100,0.2,912,13,race8-par,SUCCESS,1,6.87,6.87,8,687,60.0363,template[0]@template,986,,"{""final_survivor"":7,""elapsed_s"":60.036,""arms"":{""0"":[""template"",""floor"",6.87],""1"":[""mm"",""dropped:r1"",8.94],""2"":[""mm"",""dropped:r1"",8.69],""3"":[""mm"",""dropped:r1"",8.88],""4"":[""mm"",""dropped:r3"",7.62],""5"":[""cuthill"",""dropped:r2"",8.07],""6"":[""clmm"",""dropped:r2"",7.85],""7"":[""clmm-core"",""final"",6.89]}}"
Z12,100,0.2,912,14,race8-seq,SUCCESS,1,6.87,6.87,8,687,60.0701,template[0]@template,986,,"{""final_survivor"":7,""elapsed_s"":60.07,""arms"":{""0"":[""template"",""floor"",6.87],""1"":[""mm"",""dropped:r1"",8.3],""2"":[""mm"",""dropped:r1"",8.45],""3"":[""mm"",""dropped:r2"",7.82],""4"":[""mm"",""dropped:r1"",8.42],""5"":[""cuthill"",""dropped:r3"",7.63],""6"":[""clmm"",""dropped:r2"",7.75],""7"":[""clmm-core"",""final"",7.38]}}"
Z12,100,0.2,912,14,bestof8-seq,SUCCESS,1,7.71,7.24,13,771,59.9851,mm[run5],986,,"{""per_run_s"":7.5,""accs"":[8.42,8.37,7.95,7.95,8.31,7.71,7.96,8.52]}"
Z12,100,0.2,912,14,bestof8-par,SUCCESS,1,7.49,7.11,12,749,13.7484,mm[run5],986,,"{""per_run_s"":60.0,""accs"":[8.42,8.37,7.96,7.81,7.88,7.49,7.96,8.52],""used_s"":[8.6,10.1,10.3,13.7,11.1,12.3,10.1,6.6]}"
Z12,100,0.2,912,14,race8-par,SUCCESS,1,6.74,6.67,8,674,60.0352,clmm-core[7]@final11,986,,"{""final_survivor"":7,""elapsed_s"":60.035,""arms"":{""0"":[""template"",""floor"",6.87],""1"":[""mm"",""dropped:r1"",8.3],""2"":[""mm"",""dropped:r1"",8.45],""3"":[""mm"",""dropped:r2"",7.82],""4"":[""mm"",""dropped:r1"",8.42],""5"":[""cuthill"",""dropped:r3"",7.63],""6"":[""clmm"",""dropped:r2"",7.75],""7"":[""clmm-core"",""final"",6.74]}}"
Z12,100,0.2,913,10,race8-seq,SUCCESS,1,6.88,6.88,8,688,60.0882,template[0]@template,997,,"{""final_survivor"":7,""elapsed_s"":60.088,""arms"":{""0"":[""template"",""floor"",6.88],""1"":[""mm"",""dropped:r2"",8.01],""2"":[""mm"",""dropped:r1"",9.14],""3"":[""mm"",""dropped:r1"",8.94],""4"":[""mm"",""dropped:r1"",9.26],""5"":[""cuthill"",""dropped:r3"",7.63],""6"":[""clmm"",""dropped:r2"",7.9],""7"":[""clmm-core"",""final"",7.48]}}"
Z12,100,0.2,913,10,bestof8-seq,SUCCESS,1,7.83,7.38,12,783,59.1981,mm[run6],997,,"{""per_run_s"":7.5,""accs"":[8.15,8.39,8.11,9.05,8.53,8.15,7.83,8.16]}"
Z12,100,0.2,913,10,bestof8-par,SUCCESS,1,7.5,7.11,12,750,17.3953,mm[run6],997,,"{""per_run_s"":60.0,""accs"":[7.92,8.39,8.11,9.05,8.53,7.69,7.5,8.16],""used_s"":[17.4,8.1,10.1,6.3,7.2,13.9,12.0,6.8]}"
Z12,100,0.2,913,10,race8-par,SUCCESS,1,6.88,6.88,8,688,60.3192,template[0]@template,997,,"{""final_survivor"":7,""elapsed_s"":60.319,""arms"":{""0"":[""template"",""floor"",6.88],""1"":[""mm"",""dropped:r2"",8.01],""2"":[""mm"",""dropped:r1"",9.14],""3"":[""mm"",""dropped:r1"",8.94],""4"":[""mm"",""dropped:r1"",9.26],""5"":[""cuthill"",""dropped:r3"",7.58],""6"":[""clmm"",""dropped:r2"",7.9],""7"":[""clmm-core"",""final"",7.39]}}"
Z12,100,0.2,913,11,race8-seq,SUCCESS,1,6.88,6.88,8,688,60.3288,template[0]@template,997,,"{""final_survivor"":7,""elapsed_s"":60.328,""arms"":{""0"":[""template"",""floor"",6.88],""1"":[""mm"",""dropped:r2"",7.9],""2"":[""mm"",""dropped:r1"",9.0],""3"":[""mm"",""dropped:r1"",8.57],""4"":[""mm"",""dropped:r1"",8.55],""5"":[""cuthill"",""dropped:r2"",7.98],""6"":[""clmm"",""dropped:r3"",7.87],""7"":[""clmm-core"",""final"",7.49]}}"
Z12,100,0.2,913,11,bestof8-seq,SUCCESS,1,7.57,7.16,12,757,57.1805,mm[run5],997,,"{""per_run_s"":7.5,""accs"":[7.81,7.96,7.74,8.01,8.67,7.57,7.93,8.04]}"
Z12,100,0.2,913,11,bestof8-par,SUCCESS,1,7.47,7.11,12,747,16.6048,mm[run2],997,,"{""per_run_s"":60.0,""accs"":[7.81,7.96,7.47,8.01,8.67,7.56,7.93,8.04],""used_s"":[8.9,9.3,16.6,5.1,6.2,10.0,8.3,8.9]}"
Z12,100,0.2,913,11,race8-par,SUCCESS,1,6.88,6.88,8,688,60.2245,template[0]@template,997,,"{""final_survivor"":7,""elapsed_s"":60.224,""arms"":{""0"":[""template"",""floor"",6.88],""1"":[""mm"",""dropped:r2"",7.9],""2"":[""mm"",""dropped:r1"",9.0],""3"":[""mm"",""dropped:r1"",8.68],""4"":[""mm"",""dropped:r1"",8.55],""5"":[""cuthill"",""dropped:r2"",8.05],""6"":[""clmm"",""dropped:r3"",7.84],""7"":[""clmm-core"",""final"",7.27]}}"
Z12,100,0.2,913,12,race8-seq,SUCCESS,1,6.88,6.88,8,688,60.2341,template[0]@template,997,,"{""final_survivor"":7,""elapsed_s"":60.234,""arms"":{""0"":[""template"",""floor"",6.88],""1"":[""mm"",""dropped:r1"",9.52],""2"":[""mm"",""dropped:r1"",8.84],""3"":[""mm"",""dropped:r2"",8.03],""4"":[""mm"",""dropped:r1"",11.15],""5"":[""cuthill"",""dropped:r2"",8.23],""6"":[""clmm"",""dropped:r3"",7.86],""7"":[""clmm-core"",""final"",7.56]}}"
Z12,100,0.2,913,12,bestof8-seq,SUCCESS,1,7.71,7.33,12,771,59.1881,mm[run7],997,,"{""per_run_s"":7.5,""accs"":[8.17,8.21,8.63,8.07,8.3,8.45,8.39,7.71]}"
Z12,100,0.2,913,12,bestof8-par,SUCCESS,1,7.44,7.13,12,744,20.9319,mm[run3],997,,"{""per_run_s"":60.0,""accs"":[8.17,8.21,8.63,7.44,8.3,8.45,7.45,7.71],""used_s"":[7.5,8.6,5.9,16.8,9.6,8.3,20.9,7.7]}"
Z12,100,0.2,913,12,race8-par,SUCCESS,1,6.88,6.88,8,688,60.2663,template[0]@template,997,,"{""final_survivor"":7,""elapsed_s"":60.266,""arms"":{""0"":[""template"",""floor"",6.88],""1"":[""mm"",""dropped:r1"",9.52],""2"":[""mm"",""dropped:r1"",8.84],""3"":[""mm"",""dropped:r2"",8.13],""4"":[""mm"",""dropped:r1"",11.15],""5"":[""cuthill"",""dropped:r3"",7.65],""6"":[""clmm"",""dropped:r2"",7.86],""7"":[""clmm-core"",""final"",7.47]}}"
Z12,100,0.2,913,13,race8-seq,SUCCESS,1,6.88,6.88,8,688,60.0429,template[0]@template,997,,"{""final_survivor"":7,""elapsed_s"":60.043,""arms"":{""0"":[""template"",""floor"",6.88],""1"":[""mm"",""dropped:r1"",9.3],""2"":[""mm"",""dropped:r3"",7.84],""3"":[""mm"",""dropped:r1"",8.49],""4"":[""mm"",""dropped:r1"",9.02],""5"":[""cuthill"",""dropped:r2"",8.02],""6"":[""clmm"",""dropped:r2"",7.88],""7"":[""clmm-core"",""final"",7.4]}}"
Z12,100,0.2,913,13,bestof8-seq,SUCCESS,1,7.83,7.48,13,783,60.1933,mm[run5],997,,"{""per_run_s"":7.5,""accs"":[8.05,7.85,8.19,8.41,7.91,7.83,8.26,8.37]}"
Z12,100,0.2,913,13,bestof8-par,SUCCESS,1,7.36,7.0,12,736,20.0296,mm[run7],997,,"{""per_run_s"":60.0,""accs"":[7.79,7.52,7.48,8.41,7.7,7.98,7.63,7.36],""used_s"":[10.5,12.1,12.8,9.3,12.5,10.7,16.3,20.0]}"
Z12,100,0.2,913,13,race8-par,SUCCESS,1,6.88,6.88,8,688,60.0094,template[0]@template,997,,"{""final_survivor"":7,""elapsed_s"":60.008,""arms"":{""0"":[""template"",""floor"",6.88],""1"":[""mm"",""dropped:r1"",9.3],""2"":[""mm"",""dropped:r3"",7.67],""3"":[""mm"",""dropped:r1"",8.49],""4"":[""mm"",""dropped:r1"",9.02],""5"":[""cuthill"",""dropped:r2"",8.02],""6"":[""clmm"",""dropped:r2"",7.88],""7"":[""clmm-core"",""final"",7.38]}}"
Z12,100,0.2,913,14,race8-seq,SUCCESS,1,6.88,6.88,8,688,60.2243,template[0]@template,997,,"{""final_survivor"":7,""elapsed_s"":60.224,""arms"":{""0"":[""template"",""floor"",6.88],""1"":[""mm"",""dropped:r1"",8.9],""2"":[""mm"",""dropped:r1"",8.85],""3"":[""mm"",""dropped:r3"",7.84],""4"":[""mm"",""dropped:r1"",9.08],""5"":[""cuthill"",""dropped:r2"",7.85],""6"":[""clmm"",""dropped:r2"",7.89],""7"":[""clmm-core"",""final"",7.48]}}"
Z12,100,0.2,913,14,bestof8-seq,SUCCESS,1,7.97,7.55,13,797,59.7991,mm[run4],997,,"{""per_run_s"":7.5,""accs"":[8.28,8.16,8.16,8.94,7.97,8.36,8.13,8.49]}"
Z12,100,0.2,913,14,bestof8-par,SUCCESS,1,7.4,7.01,11,740,25.858,mm[run4],997,,"{""per_run_s"":60.0,""accs"":[7.81,8.01,8.16,8.94,7.4,7.95,8.13,7.5],""used_s"":[12.9,12.2,9.1,5.8,23.2,17.7,8.5,25.8]}"
Z12,100,0.2,913,14,race8-par,SUCCESS,1,6.88,6.88,8,688,60.0981,template[0]@template,997,,"{""final_survivor"":7,""elapsed_s"":60.097,""arms"":{""0"":[""template"",""floor"",6.88],""1"":[""mm"",""dropped:r1"",8.9],""2"":[""mm"",""dropped:r1"",8.85],""3"":[""mm"",""dropped:r3"",7.84],""4"":[""mm"",""dropped:r1"",9.08],""5"":[""cuthill"",""dropped:r2"",7.85],""6"":[""clmm"",""dropped:r2"",7.89],""7"":[""clmm-core"",""final"",7.47]}}"
Z12,100,0.2,914,10,race8-seq,SUCCESS,1,6.95,6.95,8,695,60.0391,template[0]@template,990,,"{""final_survivor"":7,""elapsed_s"":60.039,""arms"":{""0"":[""template"",""floor"",6.95],""1"":[""mm"",""dropped:r1"",8.36],""2"":[""mm"",""dropped:r2"",8.17],""3"":[""mm"",""dropped:r1"",8.65],""4"":[""mm"",""dropped:r1"",8.64],""5"":[""cuthill"",""dropped:r3"",7.65],""6"":[""clmm"",""dropped:r2"",7.85],""7"":[""clmm-core"",""final"",7.04]}}"
Z12,100,0.2,914,10,bestof8-seq,SUCCESS,1,7.69,7.2,13,769,60.0897,mm[run0],990,,"{""per_run_s"":7.5,""accs"":[7.69,8.18,7.99,8.02,8.18,8.2,8.0,7.73]}"
Z12,100,0.2,914,10,bestof8-par,SUCCESS,1,7.34,7.09,12,734,19.6834,mm[run6],990,,"{""per_run_s"":60.0,""accs"":[7.69,7.63,7.78,8.02,8.01,8.2,7.34,7.75],""used_s"":[8.4,13.8,16.6,7.2,10.5,10.2,19.7,9.2]}"
Z12,100,0.2,914,10,race8-par,SUCCESS,1,6.95,6.95,8,695,60.3066,template[0]@template,990,,"{""final_survivor"":7,""elapsed_s"":60.306,""arms"":{""0"":[""template"",""floor"",6.95],""1"":[""mm"",""dropped:r2"",7.94],""2"":[""mm"",""dropped:r1"",8.32],""3"":[""mm"",""dropped:r1"",8.65],""4"":[""mm"",""dropped:r1"",8.64],""5"":[""cuthill"",""dropped:r3"",7.44],""6"":[""clmm"",""dropped:r2"",7.85],""7"":[""clmm-core"",""final"",7.04]}}"
Z12,100,0.2,914,11,race8-seq,SUCCESS,1,6.95,6.95,8,695,60.3216,template[0]@template,990,,"{""final_survivor"":7,""elapsed_s"":60.321,""arms"":{""0"":[""template"",""floor"",6.95],""1"":[""mm"",""dropped:r1"",8.65],""2"":[""mm"",""dropped:r1"",9.03],""3"":[""mm"",""dropped:r1"",9.24],""4"":[""mm"",""dropped:r2"",7.87],""5"":[""cuthill"",""dropped:r3"",7.69],""6"":[""clmm"",""dropped:r2"",7.86],""7"":[""clmm-core"",""final"",7.48]}}"
Z12,100,0.2,914,11,bestof8-seq,SUCCESS,1,7.79,7.3,13,779,57.2196,mm[run4],990,,"{""per_run_s"":7.5,""accs"":[8.09,8.42,8.84,8.63,7.79,8.09,8.07,7.9]}"
Z12,100,0.2,914,11,bestof8-par,SUCCESS,1,7.53,7.16,11,753,19.8478,mm[run0],990,,"{""per_run_s"":60.0,""accs"":[7.53,8.42,8.84,8.16,7.79,7.62,7.6,7.65],""used_s"":[19.8,6.7,4.2,12.7,10.4,14.0,15.4,11.7]}"
Z12,100,0.2,914,11,race8-par,SUCCESS,1,6.95,6.95,8,695,60.3572,template[0]@template,990,,"{""final_survivor"":7,""elapsed_s"":60.356,""arms"":{""0"":[""template"",""floor"",6.95],""1"":[""mm"",""dropped:r2"",8.44],""2"":[""mm"",""dropped:r1"",9.03],""3"":[""mm"",""dropped:r1"",9.24],""4"":[""mm"",""dropped:r1"",8.87],""5"":[""cuthill"",""dropped:r3"",7.69],""6"":[""clmm"",""dropped:r2"",7.86],""7"":[""clmm-core"",""final"",7.36]}}"
Z12,100,0.2,914,12,race8-seq,SUCCESS,1,6.95,6.95,8,695,60.2877,template[0]@template,990,,"{""final_survivor"":7,""elapsed_s"":60.287,""arms"":{""0"":[""template"",""floor"",6.95],""1"":[""mm"",""dropped:r1"",8.8],""2"":[""mm"",""dropped:r1"",8.78],""3"":[""mm"",""dropped:r1"",8.6],""4"":[""mm"",""dropped:r2"",7.9],""5"":[""cuthill"",""dropped:r3"",7.78],""6"":[""clmm"",""dropped:r2"",7.9],""7"":[""clmm-core"",""final"",7.45]}}"
Z12,100,0.2,914,12,bestof8-seq,SUCCESS,1,7.89,7.48,13,789,60.1729,mm[run4],990,,"{""per_run_s"":7.5,""accs"":[8.2,8.54,7.94,7.98,7.89,8.02,8.39,8.0]}"
Z12,100,0.2,914,12,bestof8-par,SUCCESS,1,7.39,7.06,12,739,15.0433,mm[run2],990,,"{""per_run_s"":60.0,""accs"":[7.86,8.54,7.39,7.7,7.89,7.72,7.74,7.87],""used_s"":[11.9,7.7,15.0,12.8,8.4,12.0,13.7,12.0]}"
Z12,100,0.2,914,12,race8-par,SUCCESS,1,6.95,6.95,8,695,60.2177,template[0]@template,990,,"{""final_survivor"":7,""elapsed_s"":60.217,""arms"":{""0"":[""template"",""floor"",6.95],""1"":[""mm"",""dropped:r1"",8.8],""2"":[""mm"",""dropped:r1"",8.78],""3"":[""mm"",""dropped:r1"",8.6],""4"":[""mm"",""dropped:r2"",7.9],""5"":[""cuthill"",""dropped:r3"",7.73],""6"":[""clmm"",""dropped:r2"",7.9],""7"":[""clmm-core"",""final"",7.37]}}"
Z12,100,0.2,914,13,race8-seq,SUCCESS,1,6.95,6.95,8,695,60.0124,template[0]@template,990,,"{""final_survivor"":7,""elapsed_s"":60.012,""arms"":{""0"":[""template"",""floor"",6.95],""1"":[""mm"",""dropped:r1"",8.74],""2"":[""mm"",""dropped:r1"",9.08],""3"":[""mm"",""dropped:r2"",8.46],""4"":[""mm"",""dropped:r1"",8.81],""5"":[""cuthill"",""dropped:r3"",7.69],""6"":[""clmm"",""dropped:r2"",7.89],""7"":[""clmm-core"",""final"",7.43]}}"
Z12,100,0.2,914,13,bestof8-seq,SUCCESS,1,7.9,7.54,13,790,60.2062,mm[run6],990,,"{""per_run_s"":7.5,""accs"":[8.63,8.09,8.02,7.99,8.12,8.05,7.9,8.25]}"
Z12,100,0.2,914,13,bestof8-par,SUCCESS,1,7.63,7.23,12,763,14.1943,mm[run6],990,,"{""per_run_s"":60.0,""accs"":[8.63,7.87,8.02,7.99,7.74,7.71,7.63,7.89],""used_s"":[6.4,14.2,10.8,8.3,13.0,14.0,13.4,13.8]}"
Z12,100,0.2,914,13,race8-par,SUCCESS,1,6.95,6.95,8,695,60.0416,template[0]@template,990,,"{""final_survivor"":7,""elapsed_s"":60.041,""arms"":{""0"":[""template"",""floor"",6.95],""1"":[""mm"",""dropped:r1"",8.74],""2"":[""mm"",""dropped:r1"",9.08],""3"":[""mm"",""dropped:r2"",8.46],""4"":[""mm"",""dropped:r1"",8.81],""5"":[""cuthill"",""dropped:r3"",7.69],""6"":[""clmm"",""dropped:r2"",7.89],""7"":[""clmm-core"",""final"",7.01]}}"
Z12,100,0.2,914,14,race8-seq,SUCCESS,1,6.95,6.95,8,695,60.1505,template[0]@template,990,,"{""final_survivor"":7,""elapsed_s"":60.15,""arms"":{""0"":[""template"",""floor"",6.95],""1"":[""mm"",""dropped:r1"",9.37],""2"":[""mm"",""dropped:r1"",9.07],""3"":[""mm"",""dropped:r1"",9.34],""4"":[""mm"",""dropped:r3"",7.81],""5"":[""cuthill"",""dropped:r2"",7.83],""6"":[""clmm"",""dropped:r2"",7.86],""7"":[""clmm-core"",""final"",7.13]}}"
Z12,100,0.2,914,14,bestof8-seq,SUCCESS,1,7.72,7.41,12,772,58.2866,mm[run0],990,,"{""per_run_s"":7.5,""accs"":[7.72,8.09,7.94,7.94,8.13,8.32,8.15,8.68]}"
Z12,100,0.2,914,14,bestof8-par,SUCCESS,1,7.53,7.26,12,753,16.0655,mm[run5],990,,"{""per_run_s"":60.0,""accs"":[7.65,7.84,7.79,7.87,7.76,7.53,8.15,8.68],""used_s"":[11.6,16.0,12.4,11.7,12.7,15.6,6.1,6.5]}"
Z12,100,0.2,914,14,race8-par,SUCCESS,1,6.89,6.88,8,689,60.1472,clmm-core[7]@final5,990,,"{""final_survivor"":7,""elapsed_s"":60.147,""arms"":{""0"":[""template"",""floor"",6.95],""1"":[""mm"",""dropped:r1"",9.37],""2"":[""mm"",""dropped:r1"",9.07],""3"":[""mm"",""dropped:r1"",9.34],""4"":[""mm"",""dropped:r3"",7.71],""5"":[""cuthill"",""dropped:r2"",7.83],""6"":[""clmm"",""dropped:r2"",7.86],""7"":[""clmm-core"",""final"",6.89]}}"
Z12,100,0.2,915,10,race8-seq,SUCCESS,1,6.95,6.95,8,695,60.2685,template[0]@template,966,,"{""final_survivor"":7,""elapsed_s"":60.268,""arms"":{""0"":[""template"",""floor"",6.95],""1"":[""mm"",""dropped:r1"",9.26],""2"":[""mm"",""dropped:r3"",7.51],""3"":[""mm"",""dropped:r1"",9.5],""4"":[""mm"",""dropped:r1"",9.04],""5"":[""cuthill"",""dropped:r2"",7.86],""6"":[""clmm"",""dropped:r2"",7.85],""7"":[""clmm-core"",""final"",7.37]}}"
Z12,100,0.2,915,10,bestof8-seq,SUCCESS,1,7.62,7.26,13,762,58.9728,mm[run2],966,,"{""per_run_s"":7.5,""accs"":[7.63,7.9,7.62,7.68,8.01,8.13,8.31,8.18]}"
Z12,100,0.2,915,10,bestof8-par,SUCCESS,1,7.06,6.77,12,706,21.1719,mm[run7],966,,"{""per_run_s"":60.0,""accs"":[7.63,7.67,7.27,7.68,8.01,7.61,8.31,7.06],""used_s"":[7.3,12.0,12.4,8.1,7.4,16.3,6.3,21.1]}"
Z12,100,0.2,915,10,race8-par,SUCCESS,1,6.95,6.95,8,695,60.0949,template[0]@template,966,,"{""final_survivor"":2,""elapsed_s"":60.094,""arms"":{""0"":[""template"",""floor"",6.95],""1"":[""mm"",""dropped:r1"",9.26],""2"":[""mm"",""final"",7.15],""3"":[""mm"",""dropped:r1"",9.5],""4"":[""mm"",""dropped:r1"",9.04],""5"":[""cuthill"",""dropped:r2"",7.86],""6"":[""clmm"",""dropped:r2"",7.85],""7"":[""clmm-core"",""dropped:r3"",7.37]}}"
Z12,100,0.2,915,11,race8-seq,SUCCESS,1,6.95,6.95,8,695,60.1229,template[0]@template,966,,"{""final_survivor"":7,""elapsed_s"":60.122,""arms"":{""0"":[""template"",""floor"",6.95],""1"":[""mm"",""dropped:r1"",8.34],""2"":[""mm"",""dropped:r1"",9.21],""3"":[""mm"",""dropped:r2"",7.69],""4"":[""mm"",""dropped:r1"",8.75],""5"":[""cuthill"",""dropped:r3"",7.42],""6"":[""clmm"",""dropped:r2"",7.84],""7"":[""clmm-core"",""final"",7.38]}}"
Z12,100,0.2,915,11,bestof8-seq,SUCCESS,1,7.56,7.14,12,756,57.6397,mm[run7],966,,"{""per_run_s"":7.5,""accs"":[7.96,8.11,7.77,8.23,7.63,8.41,8.18,7.56]}"
Z12,100,0.2,915,11,bestof8-par,SUCCESS,1,7.02,6.79,12,702,20.1845,mm[run1],966,,"{""per_run_s"":60.0,""accs"":[7.76,7.02,7.77,8.23,7.62,8.41,7.56,7.57],""used_s"":[11.1,20.2,6.5,8.2,10.9,5.6,11.6,11.6]}"
Z12,100,0.2,915,11,race8-par,SUCCESS,1,6.95,6.95,8,695,60.1515,template[0]@template,966,,"{""final_survivor"":7,""elapsed_s"":60.151,""arms"":{""0"":[""template"",""floor"",6.95],""1"":[""mm"",""dropped:r1"",8.34],""2"":[""mm"",""dropped:r1"",9.21],""3"":[""mm"",""dropped:r2"",7.69],""4"":[""mm"",""dropped:r1"",8.75],""5"":[""cuthill"",""dropped:r3"",7.42],""6"":[""clmm"",""dropped:r2"",7.84],""7"":[""clmm-core"",""final"",7.13]}}"
Z12,100,0.2,915,12,race8-seq,SUCCESS,1,6.68,6.5,11,668,60.1389,cuthill[5]@q3,966,,"{""final_survivor"":5,""elapsed_s"":60.138,""arms"":{""0"":[""template"",""floor"",6.95],""1"":[""mm"",""dropped:r1"",8.52],""2"":[""mm"",""dropped:r1"",8.97],""3"":[""mm"",""dropped:r1"",8.48],""4"":[""mm"",""dropped:r2"",7.54],""5"":[""cuthill"",""final"",6.68],""6"":[""clmm"",""dropped:r2"",7.89],""7"":[""clmm-core"",""dropped:r3"",7.39]}}"
Z12,100,0.2,915,12,bestof8-seq,SUCCESS,1,7.58,7.16,13,758,60.2407,mm[run0],966,,"{""per_run_s"":7.5,""accs"":[7.58,7.88,7.88,7.89,8.16,7.9,8.23,7.95]}"
Z12,100,0.2,915,12,bestof8-par,SUCCESS,1,7.28,6.94,11,728,17.442,mm[run0],966,,"{""per_run_s"":60.0,""accs"":[7.28,7.88,7.35,7.56,8.16,7.79,8.08,7.3],""used_s"":[13.8,7.3,13.5,12.0,8.0,9.7,11.1,17.4]}"
Z12,100,0.2,915,12,race8-par,SUCCESS,1,6.61,6.43,10,661,60.074,cuthill[5]@final9,966,,"{""final_survivor"":5,""elapsed_s"":60.073,""arms"":{""0"":[""template"",""floor"",6.95],""1"":[""mm"",""dropped:r1"",8.52],""2"":[""mm"",""dropped:r1"",8.97],""3"":[""mm"",""dropped:r1"",8.48],""4"":[""mm"",""dropped:r2"",7.54],""5"":[""cuthill"",""final"",6.61],""6"":[""clmm"",""dropped:r2"",7.89],""7"":[""clmm-core"",""dropped:r3"",7.37]}}"
Z12,100,0.2,915,13,race8-seq,SUCCESS,1,6.93,6.81,8,693,60.1657,clmm-core[7]@q3,966,,"{""final_survivor"":7,""elapsed_s"":60.165,""arms"":{""0"":[""template"",""floor"",6.95],""1"":[""mm"",""dropped:r1"",8.35],""2"":[""mm"",""dropped:r1"",8.41],""3"":[""mm"",""dropped:r1"",8.68],""4"":[""mm"",""dropped:r2"",7.75],""5"":[""cuthill"",""dropped:r3"",7.51],""6"":[""clmm"",""dropped:r2"",7.84],""7"":[""clmm-core"",""final"",6.93]}}"
Z12,100,0.2,915,13,bestof8-seq,SUCCESS,1,7.4,7.08,12,740,59.8462,mm[run4],966,,"{""per_run_s"":7.5,""accs"":[8.15,7.72,7.71,7.68,7.4,7.91,7.7,8.03]}"
Z12,100,0.2,915,13,bestof8-par,SUCCESS,1,7.29,6.96,12,729,20.1387,mm[run4],966,,"{""per_run_s"":60.0,""accs"":[7.51,7.72,7.4,7.52,7.29,7.61,7.49,8.03],""used_s"":[13.5,6.3,20.1,11.4,11.0,12.7,13.2,9.1]}"
Z12,100,0.2,915,13,race8-par,SUCCESS,1,6.85,6.78,8,685,60.0338,clmm-core[7]@final2,966,,"{""final_survivor"":7,""elapsed_s"":60.033,""arms"":{""0"":[""template"",""floor"",6.95],""1"":[""mm"",""dropped:r1"",8.54],""2"":[""mm"",""dropped:r1"",8.41],""3"":[""mm"",""dropped:r1"",8.68],""4"":[""mm"",""dropped:r2"",7.75],""5"":[""cuthill"",""dropped:r3"",7.25],""6"":[""clmm"",""dropped:r2"",7.84],""7"":[""clmm-core"",""final"",6.85]}}"
Z12,160,0.05,901,10,race8-seq,SUCCESS,1,4.6688,4.5687,9,747,60.0819,mm[2]@q2,607,,"{""final_survivor"":2,""elapsed_s"":60.081,""arms"":{""0"":[""template"",""floor"",6.95],""1"":[""mm"",""dropped:r2"",5.2875],""2"":[""mm"",""final"",4.6688],""3"":[""mm"",""dropped:r1"",5.4813],""4"":[""mm"",""dropped:r1"",5.3063],""5"":[""cuthill"",""dropped:r3"",4.7375],""6"":[""clmm"",""dropped:r1"",5.325],""7"":[""clmm-core"",""dropped:r2"",5.0687]}}"
Z12,160,0.05,901,10,bestof8-seq,SUCCESS,1,4.5563,4.45,10,729,34.5938,mm[run2],607,,"{""per_run_s"":7.5,""accs"":[4.7687,5.4688,4.5563,5.175,5.2375,5.4375,5.1,4.5563]}"
Z12,160,0.05,901,10,bestof8-par,SUCCESS,1,4.5563,4.45,10,729,5.7008,mm[run2],607,,"{""per_run_s"":60.0,""accs"":[4.7687,5.4688,4.5563,5.175,5.2375,5.4375,5.1,4.5563],""used_s"":[5.7,3.0,5.0,4.5,3.8,3.3,5.1,5.3]}"
Z12,160,0.05,901,10,race8-par,SUCCESS,1,4.6125,4.525,9,738,60.0382,mm[2]@final7,607,,"{""final_survivor"":2,""elapsed_s"":60.037,""arms"":{""0"":[""template"",""floor"",6.95],""1"":[""mm"",""dropped:r2"",5.2875],""2"":[""mm"",""final"",4.6125],""3"":[""mm"",""dropped:r1"",5.4813],""4"":[""mm"",""dropped:r1"",5.3063],""5"":[""cuthill"",""dropped:r3"",4.7375],""6"":[""clmm"",""dropped:r1"",5.325],""7"":[""clmm-core"",""dropped:r2"",5.0687]}}"
Z12,100,0.2,915,14,race8-seq,SUCCESS,1,6.95,6.95,8,695,60.1734,template[0]@template,966,,"{""final_survivor"":5,""elapsed_s"":60.173,""arms"":{""0"":[""template"",""floor"",6.95],""1"":[""mm"",""dropped:r1"",8.41],""2"":[""mm"",""dropped:r1"",8.48],""3"":[""mm"",""dropped:r2"",7.82],""4"":[""mm"",""dropped:r1"",9.14],""5"":[""cuthill"",""final"",7.13],""6"":[""clmm"",""dropped:r2"",7.85],""7"":[""clmm-core"",""dropped:r3"",7.36]}}"
Z12,100,0.2,915,14,bestof8-seq,SUCCESS,1,7.59,7.27,13,759,58.4011,mm[run7],966,,"{""per_run_s"":7.5,""accs"":[8.15,8.6,7.98,7.75,7.6,8.33,7.7,7.59]}"
Z12,100,0.2,915,14,bestof8-par,SUCCESS,1,7.41,7.02,12,741,14.705,mm[run7],966,,"{""per_run_s"":60.0,""accs"":[8.01,7.78,7.63,7.75,7.6,8.33,7.63,7.41],""used_s"":[11.2,11.2,14.7,6.9,10.1,5.9,10.8,13.5]}"
Z12,100,0.2,915,14,race8-par,SUCCESS,1,6.95,6.95,8,695,60.0453,template[0]@template,966,,"{""final_survivor"":5,""elapsed_s"":60.045,""arms"":{""0"":[""template"",""floor"",6.95],""1"":[""mm"",""dropped:r1"",8.41],""2"":[""mm"",""dropped:r1"",8.46],""3"":[""mm"",""dropped:r2"",7.82],""4"":[""mm"",""dropped:r1"",9.14],""5"":[""cuthill"",""final"",7.1],""6"":[""clmm"",""dropped:r2"",7.85],""7"":[""clmm-core"",""dropped:r3"",7.36]}}"
Z12,160,0.05,901,11,race8-seq,SUCCESS,1,4.25,4.1437,9,680,60.0262,cuthill[5]@q2,607,,"{""final_survivor"":5,""elapsed_s"":60.026,""arms"":{""0"":[""template"",""floor"",6.95],""1"":[""mm"",""dropped:r2"",4.7062],""2"":[""mm"",""dropped:r2"",4.6312],""3"":[""mm"",""dropped:r3"",4.4188],""4"":[""mm"",""dropped:r1"",4.9688],""5"":[""cuthill"",""final"",4.25],""6"":[""clmm"",""dropped:r1"",5.3812],""7"":[""clmm-core"",""dropped:r1"",5.4062]}}"
Z12,160,0.05,901,11,bestof8-seq,SUCCESS,1,4.7375,4.5687,10,758,33.8513,mm[run2],607,,"{""per_run_s"":7.5,""accs"":[4.875,4.9562,4.7375,5.0938,5.0125,5.2,4.975,5.2812]}"
Z12,160,0.05,901,11,bestof8-par,SUCCESS,1,4.7375,4.5687,10,758,5.5976,mm[run2],607,,"{""per_run_s"":60.0,""accs"":[4.875,4.9562,4.7375,5.0938,5.0125,5.2,4.975,5.2812],""used_s"":[3.7,5.6,5.3,3.3,4.6,3.6,4.8,3.2]}"
Z12,160,0.05,901,11,race8-par,SUCCESS,1,4.2062,4.1063,8,673,60.0515,cuthill[5]@final7,607,,"{""final_survivor"":5,""elapsed_s"":60.051,""arms"":{""0"":[""template"",""floor"",6.95],""1"":[""mm"",""dropped:r2"",4.7062],""2"":[""mm"",""dropped:r2"",4.6312],""3"":[""mm"",""dropped:r3"",4.3125],""4"":[""mm"",""dropped:r1"",4.9688],""5"":[""cuthill"",""final"",4.2062],""6"":[""clmm"",""dropped:r1"",5.3812],""7"":[""clmm-core"",""dropped:r1"",5.4062]}}"
Z12,160,0.05,901,12,race8-seq,SUCCESS,1,4.4125,4.3125,9,706,59.9992,mm[2]@q3,607,,"{""final_survivor"":2,""elapsed_s"":59.999,""arms"":{""0"":[""template"",""floor"",6.95],""1"":[""mm"",""dropped:r2"",4.6875],""2"":[""mm"",""final"",4.4125],""3"":[""mm"",""dropped:r2"",4.7062],""4"":[""mm"",""dropped:r1"",5.0375],""5"":[""cuthill"",""dropped:r3"",4.6562],""6"":[""clmm"",""dropped:r1"",5.5563],""7"":[""clmm-core"",""dropped:r1"",5.475]}}"
Z12,160,0.05,901,12,bestof8-seq,SUCCESS,1,4.775,4.5875,10,764,32.6311,mm[run6],607,,"{""per_run_s"":7.5,""accs"":[5.0187,5.0438,4.8625,4.8625,4.875,5.0625,4.775,5.175]}"
Z12,160,0.05,901,12,bestof8-par,SUCCESS,1,4.775,4.5875,10,764,5.6228,mm[run6],607,,"{""per_run_s"":60.0,""accs"":[5.0187,5.0438,4.8625,4.8625,4.875,5.0625,4.775,5.175],""used_s"":[3.0,3.8,5.6,4.7,4.4,4.6,3.6,3.6]}"
Z12,160,0.05,901,12,race8-par,SUCCESS,1,4.1688,4.0687,9,667,60.0756,mm[2]@final6,607,,"{""final_survivor"":2,""elapsed_s"":60.075,""arms"":{""0"":[""template"",""floor"",6.95],""1"":[""mm"",""dropped:r2"",4.6875],""2"":[""mm"",""final"",4.1688],""3"":[""mm"",""dropped:r2"",4.7062],""4"":[""mm"",""dropped:r1"",5.0375],""5"":[""cuthill"",""dropped:r3"",4.6562],""6"":[""clmm"",""dropped:r1"",5.5563],""7"":[""clmm-core"",""dropped:r1"",5.475]}}"
Z12,160,0.05,901,13,race8-seq,SUCCESS,1,4.4,4.275,9,704,60.0763,mm[2]@q3,607,,"{""final_survivor"":2,""elapsed_s"":60.076,""arms"":{""0"":[""template"",""floor"",6.95],""1"":[""mm"",""dropped:r1"",5.2625],""2"":[""mm"",""final"",4.4],""3"":[""mm"",""dropped:r2"",4.7938],""4"":[""mm"",""dropped:r3"",4.75],""5"":[""cuthill"",""dropped:r2"",5.1188],""6"":[""clmm"",""dropped:r1"",5.6937],""7"":[""clmm-core"",""dropped:r1"",6.025]}}"
Z12,160,0.05,901,13,bestof8-seq,SUCCESS,1,4.85,4.7125,11,776,29.7431,mm[run3],607,,"{""per_run_s"":7.5,""accs"":[5.025,5.3625,5.5938,4.85,4.8875,5.15,5.2625,5.4062]}"
Z12,160,0.05,901,13,bestof8-par,SUCCESS,1,4.85,4.7125,11,776,5.4199,mm[run3],607,,"{""per_run_s"":60.0,""accs"":[5.025,5.3625,5.5938,4.85,4.8875,5.15,5.2625,5.4062],""used_s"":[4.5,3.1,2.4,4.1,5.0,5.4,2.9,2.5]}"
Z12,160,0.05,901,13,race8-par,SUCCESS,1,4.175,4.0875,8,668,60.0558,mm[2]@final4,607,,"{""final_survivor"":2,""elapsed_s"":60.055,""arms"":{""0"":[""template"",""floor"",6.95],""1"":[""mm"",""dropped:r2"",5.2625],""2"":[""mm"",""final"",4.175],""3"":[""mm"",""dropped:r3"",4.525],""4"":[""mm"",""dropped:r1"",5.3187],""5"":[""cuthill"",""dropped:r2"",5.1188],""6"":[""clmm"",""dropped:r1"",5.6937],""7"":[""clmm-core"",""dropped:r1"",6.025]}}"
Z12,160,0.05,901,14,race8-seq,SUCCESS,1,4.4,4.3063,9,704,60.0828,mm[3]@q3,607,,"{""final_survivor"":3,""elapsed_s"":60.082,""arms"":{""0"":[""template"",""floor"",6.95],""1"":[""mm"",""dropped:r3"",4.425],""2"":[""mm"",""dropped:r1"",5.0875],""3"":[""mm"",""final"",4.4],""4"":[""mm"",""dropped:r2"",4.875],""5"":[""cuthill"",""dropped:r2"",4.5875],""6"":[""clmm"",""dropped:r1"",5.5187],""7"":[""clmm-core"",""dropped:r1"",5.6437]}}"
Z12,160,0.05,901,14,bestof8-seq,SUCCESS,1,4.625,4.5125,10,740,34.5593,mm[run4],607,,"{""per_run_s"":7.5,""accs"":[4.6625,4.975,5.4875,4.875,4.625,4.8875,5.0375,4.8875]}"
Z12,160,0.05,901,14,bestof8-par,SUCCESS,1,4.625,4.5125,10,740,7.0035,mm[run4],607,,"{""per_run_s"":60.0,""accs"":[4.6625,4.975,5.4875,4.875,4.625,4.8875,5.0375,4.8875],""used_s"":[3.8,3.5,3.0,3.4,7.0,5.8,4.3,4.5]}"
Z12,160,0.05,901,14,race8-par,SUCCESS,1,4.175,4.0875,9,668,60.0603,mm[3]@final9,607,,"{""final_survivor"":3,""elapsed_s"":60.06,""arms"":{""0"":[""template"",""floor"",6.95],""1"":[""mm"",""dropped:r3"",4.425],""2"":[""mm"",""dropped:r1"",5.0875],""3"":[""mm"",""final"",4.175],""4"":[""mm"",""dropped:r2"",4.8125],""5"":[""cuthill"",""dropped:r2"",4.5875],""6"":[""clmm"",""dropped:r1"",5.5187],""7"":[""clmm-core"",""dropped:r1"",5.6437]}}"
Z12,160,0.05,902,10,race8-seq,SUCCESS,1,5.3187,5.1375,11,851,60.0451,mm[1]@q3,680,,"{""final_survivor"":1,""elapsed_s"":60.044,""arms"":{""0"":[""template"",""floor"",7.3563],""1"":[""mm"",""final"",5.3187],""2"":[""mm"",""dropped:r1"",5.9875],""3"":[""mm"",""dropped:r2"",5.7938],""4"":[""mm"",""dropped:r3"",5.3688],""5"":[""cuthill"",""dropped:r2"",5.4813],""6"":[""clmm"",""dropped:r1"",6.3375],""7"":[""clmm-core"",""dropped:r1"",9.3125]}}"
Z12,160,0.05,902,10,bestof8-seq,SUCCESS,1,5.35,5.1063,11,856,44.4693,mm[run3],680,,"{""per_run_s"":7.5,""accs"":[6.1688,5.375,5.5375,5.35,5.9813,5.7625,5.3688,5.9437]}"
Z12,160,0.05,902,10,bestof8-par,SUCCESS,1,5.35,5.1063,11,856,8.5866,mm[run3],680,,"{""per_run_s"":60.0,""accs"":[6.1688,5.375,5.5375,5.35,5.9813,5.7625,5.3688,5.9437],""used_s"":[4.4,6.4,5.9,8.6,3.4,5.6,7.1,4.2]}"
Z12,160,0.05,902,10,race8-par,SUCCESS,1,4.85,4.7438,9,776,60.0633,mm[1]@final6,680,,"{""final_survivor"":1,""elapsed_s"":60.063,""arms"":{""0"":[""template"",""floor"",7.3563],""1"":[""mm"",""final"",4.85],""2"":[""mm"",""dropped:r1"",5.9875],""3"":[""mm"",""dropped:r2"",5.7938],""4"":[""mm"",""dropped:r3"",5.3688],""5"":[""cuthill"",""dropped:r2"",5.4813],""6"":[""clmm"",""dropped:r1"",6.3375],""7"":[""clmm-core"",""dropped:r1"",9.3125]}}"
Z12,160,0.05,902,11,race8-seq,SUCCESS,1,5.2812,5.0812,11,845,60.0913,mm[4]@q2,680,,"{""final_survivor"":4,""elapsed_s"":60.091,""arms"":{""0"":[""template"",""floor"",7.3563],""1"":[""mm"",""dropped:r1"",6.3125],""2"":[""mm"",""dropped:r2"",5.975],""3"":[""mm"",""dropped:r3"",5.575],""4"":[""mm"",""final"",5.2812],""5"":[""cuthill"",""dropped:r2"",6.05],""6"":[""clmm"",""dropped:r1"",6.4188],""7"":[""clmm-core"",""dropped:r1"",6.7125]}}"
Z12,160,0.05,902,11,bestof8-seq,SUCCESS,1,5.3625,5.1625,11,858,41.3482,mm[run4],680,,"{""per_run_s"":7.5,""accs"":[5.675,5.7062,5.7687,5.8,5.3625,5.4938,5.55,5.65]}"
Z12,160,0.05,902,11,bestof8-par,SUCCESS,1,5.3625,5.1625,11,858,7.2707,mm[run4],680,,"{""per_run_s"":60.0,""accs"":[5.675,5.7062,5.7687,5.8,5.3625,5.4938,5.55,5.65],""used_s"":[4.6,4.3,5.9,7.2,4.3,5.9,4.1,5.4]}"
Z12,160,0.05,902,11,race8-par,SUCCESS,1,5.125,4.9938,11,820,60.1247,mm[4]@final5,680,,"{""final_survivor"":4,""elapsed_s"":60.124,""arms"":{""0"":[""template"",""floor"",7.3563],""1"":[""mm"",""dropped:r1"",6.2687],""2"":[""mm"",""dropped:r2"",5.975],""3"":[""mm"",""dropped:r3"",5.575],""4"":[""mm"",""final"",5.125],""5"":[""cuthill"",""dropped:r2"",6.05],""6"":[""clmm"",""dropped:r1"",6.4188],""7"":[""clmm-core"",""dropped:r1"",6.7125]}}"
Z12,160,0.05,902,12,race8-seq,SUCCESS,1,5.525,5.275,11,884,60.6834,mm[4]@q2,680,,"{""final_survivor"":4,""elapsed_s"":60.683,""arms"":{""0"":[""template"",""floor"",7.3563],""1"":[""mm"",""dropped:r2"",5.7938],""2"":[""mm"",""dropped:r1"",6.4437],""3"":[""mm"",""dropped:r2"",5.85],""4"":[""mm"",""final"",5.525],""5"":[""cuthill"",""dropped:r3"",5.5563],""6"":[""clmm"",""dropped:r1"",6.1375],""7"":[""clmm-core"",""dropped:r1"",9.3125]}}"
Z12,160,0.05,902,12,bestof8-seq,SUCCESS,1,5.4125,5.2313,11,866,38.9433,mm[run3],680,,"{""per_run_s"":7.5,""accs"":[5.8187,5.7812,5.8125,5.4125,5.85,5.6688,6.3563,6.1625]}"
Z12,160,0.05,902,12,bestof8-par,SUCCESS,1,5.4125,5.2313,11,866,8.5072,mm[run3],680,,"{""per_run_s"":60.0,""accs"":[5.8187,5.7812,5.8125,5.4125,5.85,5.6688,6.3563,6.1625],""used_s"":[5.1,4.6,3.9,8.5,4.4,6.2,4.9,2.7]}"
Z12,160,0.05,902,12,race8-par,SUCCESS,1,5.3375,5.1937,11,854,60.1242,mm[4]@final11,680,,"{""final_survivor"":4,""elapsed_s"":60.123,""arms"":{""0"":[""template"",""floor"",7.3563],""1"":[""mm"",""dropped:r1"",6.0875],""2"":[""mm"",""dropped:r1"",6.4437],""3"":[""mm"",""dropped:r2"",5.85],""4"":[""mm"",""final"",5.3375],""5"":[""cuthill"",""dropped:r3"",5.5687],""6"":[""clmm"",""dropped:r2"",5.7438],""7"":[""clmm-core"",""dropped:r1"",9.3125]}}"
Z12,160,0.05,902,13,race8-seq,SUCCESS,1,5.475,5.3688,11,876,60.0435,mm[1]@q2,680,,"{""final_survivor"":1,""elapsed_s"":60.043,""arms"":{""0"":[""template"",""floor"",7.3563],""1"":[""mm"",""final"",5.475],""2"":[""mm"",""dropped:r2"",5.7687],""3"":[""mm"",""dropped:r3"",5.675],""4"":[""mm"",""dropped:r1"",6.2938],""5"":[""cuthill"",""dropped:r2"",5.7625],""6"":[""clmm"",""dropped:r1"",6.2875],""7"":[""clmm-core"",""dropped:r1"",6.2188]}}"
Z12,160,0.05,902,13,bestof8-seq,SUCCESS,1,5.4313,5.2562,10,869,42.0245,mm[run0],680,,"{""per_run_s"":7.5,""accs"":[5.4313,5.5312,5.9062,6.0687,5.9,5.5875,7.1688,5.5938]}"
Z12,160,0.05,902,13,bestof8-par,SUCCESS,1,5.4313,5.2562,10,869,7.6324,mm[run0],680,,"{""per_run_s"":60.0,""accs"":[5.4313,5.5312,5.9062,6.0687,5.9,5.5875,7.1688,5.5938],""used_s"":[7.1,7.6,5.6,4.2,4.6,5.9,2.3,4.9]}"
Z12,160,0.05,902,13,race8-par,SUCCESS,1,5.0,4.8688,10,800,60.0796,mm[3]@final3,680,,"{""final_survivor"":3,""elapsed_s"":60.079,""arms"":{""0"":[""template"",""floor"",7.3563],""1"":[""mm"",""dropped:r3"",5.475],""2"":[""mm"",""dropped:r2"",5.7687],""3"":[""mm"",""final"",5.0],""4"":[""mm"",""dropped:r1"",6.2938],""5"":[""cuthill"",""dropped:r2"",5.7625],""6"":[""clmm"",""dropped:r1"",6.2875],""7"":[""clmm-core"",""dropped:r1"",6.2188]}}"
Z12,160,0.05,902,14,race8-seq,SUCCESS,1,5.3375,5.1688,11,854,60.076,mm[4]@q2,680,,"{""final_survivor"":4,""elapsed_s"":60.075,""arms"":{""0"":[""template"",""floor"",7.3563],""1"":[""mm"",""dropped:r1"",5.7313],""2"":[""mm"",""dropped:r3"",5.55],""3"":[""mm"",""dropped:r2"",5.6188],""4"":[""mm"",""final"",5.3375],""5"":[""cuthill"",""dropped:r2"",5.6188],""6"":[""clmm"",""dropped:r1"",6.175],""7"":[""clmm-core"",""dropped:r1"",6.75]}}"
Z12,160,0.05,902,14,bestof8-seq,SUCCESS,1,5.2313,5.0312,11,837,43.2415,mm[run1],680,,"{""per_run_s"":7.5,""accs"":[5.4562,5.2313,5.5312,5.7438,5.8438,5.7438,5.5563,6.125]}"
Z12,160,0.05,902,14,bestof8-par,SUCCESS,1,5.2313,5.0312,11,837,8.0398,mm[run1],680,,"{""per_run_s"":60.0,""accs"":[5.4562,5.2313,5.5312,5.7438,5.8438,5.7438,5.5563,6.125],""used_s"":[6.4,8.0,4.3,4.0,5.2,6.2,6.3,3.5]}"
Z12,160,0.05,902,14,race8-par,SUCCESS,1,5.2938,5.1562,10,847,60.0704,mm[4]@final3,680,,"{""final_survivor"":4,""elapsed_s"":60.07,""arms"":{""0"":[""template"",""floor"",7.3563],""1"":[""mm"",""dropped:r1"",5.7313],""2"":[""mm"",""dropped:r3"",5.55],""3"":[""mm"",""dropped:r2"",5.6188],""4"":[""mm"",""final"",5.2938],""5"":[""cuthill"",""dropped:r2"",5.6188],""6"":[""clmm"",""dropped:r1"",6.175],""7"":[""clmm-core"",""dropped:r1"",6.75]}}"
Z12,160,0.05,903,10,race8-seq,SUCCESS,1,4.625,4.5062,10,740,60.0817,cuthill[5]@q3,643,,"{""final_survivor"":5,""elapsed_s"":60.081,""arms"":{""0"":[""template"",""floor"",7.0125],""1"":[""mm"",""dropped:r2"",5.3187],""2"":[""mm"",""dropped:r1"",6.0875],""3"":[""mm"",""dropped:r3"",5.1813],""4"":[""mm"",""dropped:r1"",5.4625],""5"":[""cuthill"",""final"",4.625],""6"":[""clmm"",""dropped:r1"",5.6188],""7"":[""clmm-core"",""dropped:r2"",5.2438]}}"
Z12,160,0.05,903,10,bestof8-seq,SUCCESS,1,5.0563,4.9562,11,809,38.0538,mm[run5],643,,"{""per_run_s"":7.5,""accs"":[5.7,5.2188,5.3937,5.2313,5.6437,5.0563,5.4188,5.7]}"
Z12,160,0.05,903,10,bestof8-par,SUCCESS,1,5.0563,4.9562,11,809,6.9001,mm[run5],643,,"{""per_run_s"":60.0,""accs"":[5.7,5.2188,5.3937,5.2313,5.6437,5.0563,5.4188,5.7],""used_s"":[4.5,6.9,3.5,4.9,4.6,5.1,5.8,3.4]}"
Z12,160,0.05,903,10,race8-par,SUCCESS,1,4.525,4.4,9,724,60.09,cuthill[5]@final9,643,,"{""final_survivor"":5,""elapsed_s"":60.089,""arms"":{""0"":[""template"",""floor"",7.0125],""1"":[""mm"",""dropped:r2"",5.3187],""2"":[""mm"",""dropped:r1"",6.0875],""3"":[""mm"",""dropped:r3"",4.9938],""4"":[""mm"",""dropped:r1"",5.4625],""5"":[""cuthill"",""final"",4.525],""6"":[""clmm"",""dropped:r1"",5.6188],""7"":[""clmm-core"",""dropped:r2"",5.2438]}}"
Z12,160,0.05,903,11,race8-seq,SUCCESS,1,4.9562,4.825,11,793,60.0013,mm[3]@q3,643,,"{""final_survivor"":3,""elapsed_s"":60.001,""arms"":{""0"":[""template"",""floor"",7.0125],""1"":[""mm"",""dropped:r1"",5.45],""2"":[""mm"",""dropped:r2"",5.225],""3"":[""mm"",""final"",4.9562],""4"":[""mm"",""dropped:r3"",5.125],""5"":[""cuthill"",""dropped:r1"",5.7],""6"":[""clmm"",""dropped:r1"",6.25],""7"":[""clmm-core"",""dropped:r2"",5.2188]}}"
Z12,160,0.05,903,11,bestof8-seq,SUCCESS,1,4.9625,4.8375,11,794,33.4135,mm[run3],643,,"{""per_run_s"":7.5,""accs"":[5.6,5.1375,5.775,4.9625,5.1875,5.3875,5.1125,5.3937]}"
Z12,160,0.05,903,11,bestof8-par,SUCCESS,1,4.9625,4.8375,11,794,6.3061,mm[run3],643,,"{""per_run_s"":60.0,""accs"":[5.6,5.1375,5.775,4.9625,5.1875,5.3875,5.1125,5.3937],""used_s"":[2.9,6.3,3.2,4.5,5.2,3.5,3.6,4.4]}"
Z12,160,0.05,903,11,race8-par,SUCCESS,1,4.8375,4.6875,10,774,60.0681,mm[4]@final3,643,,"{""final_survivor"":4,""elapsed_s"":60.067,""arms"":{""0"":[""template"",""floor"",7.0125],""1"":[""mm"",""dropped:r1"",5.45],""2"":[""mm"",""dropped:r2"",5.225],""3"":[""mm"",""dropped:r3"",4.9562],""4"":[""mm"",""final"",4.8375],""5"":[""cuthill"",""dropped:r1"",5.7],""6"":[""clmm"",""dropped:r1"",6.25],""7"":[""clmm-core"",""dropped:r2"",5.2188]}}"
Z12,160,0.05,903,12,race8-seq,SUCCESS,1,4.6813,4.5812,10,749,60.062,mm[1]@q3,643,,"{""final_survivor"":1,""elapsed_s"":60.062,""arms"":{""0"":[""template"",""floor"",7.0125],""1"":[""mm"",""final"",4.6813],""2"":[""mm"",""dropped:r1"",5.575],""3"":[""mm"",""dropped:r2"",5.0687],""4"":[""mm"",""dropped:r3"",5.0062],""5"":[""cuthill"",""dropped:r2"",5.2],""6"":[""clmm"",""dropped:r1"",5.8438],""7"":[""clmm-core"",""dropped:r1"",6.0625]}}"
Z12,160,0.05,903,12,bestof8-seq,SUCCESS,1,4.9625,4.8125,11,794,37.3501,mm[run1],643,,"{""per_run_s"":7.5,""accs"":[5.1312,4.9625,5.6437,5.4062,5.4938,5.65,5.2375,5.2687]}"
Z12,160,0.05,903,12,bestof8-par,SUCCESS,1,4.9625,4.8125,11,794,5.9216,mm[run1],643,,"{""per_run_s"":60.0,""accs"":[5.1312,4.9625,5.6437,5.4062,5.4938,5.65,5.2375,5.2687],""used_s"":[5.9,5.6,3.9,5.1,3.7,3.8,5.3,4.2]}"
Z12,160,0.05,903,12,race8-par,SUCCESS,1,4.4375,4.3438,9,710,60.0773,mm[1]@final9,643,,"{""final_survivor"":1,""elapsed_s"":60.077,""arms"":{""0"":[""template"",""floor"",7.0125],""1"":[""mm"",""final"",4.4375],""2"":[""mm"",""dropped:r1"",5.575],""3"":[""mm"",""dropped:r2"",5.0687],""4"":[""mm"",""dropped:r3"",4.9313],""5"":[""cuthill"",""dropped:r2"",5.2],""6"":[""clmm"",""dropped:r1"",5.8438],""7"":[""clmm-core"",""dropped:r1"",6.0625]}}"
Z12,160,0.05,903,13,race8-seq,SUCCESS,1,4.7562,4.6312,11,761,60.0405,mm[1]@q3,643,,"{""final_survivor"":1,""elapsed_s"":60.04,""arms"":{""0"":[""template"",""floor"",7.0125],""1"":[""mm"",""final"",4.7562],""2"":[""mm"",""dropped:r2"",5.0],""3"":[""mm"",""dropped:r3"",4.8688],""4"":[""mm"",""dropped:r1"",5.5312],""5"":[""cuthill"",""dropped:r2"",5.25],""6"":[""clmm"",""dropped:r1"",5.7875],""7"":[""clmm-core"",""dropped:r1"",6.625]}}"
Z12,160,0.05,903,13,bestof8-seq,SUCCESS,1,5.0875,4.95,11,814,34.5643,mm[run7],643,,"{""per_run_s"":7.5,""accs"":[5.3187,5.5125,5.35,5.225,5.5563,6.025,5.1125,5.0875]}"
Z12,160,0.05,903,13,bestof8-par,SUCCESS,1,5.0875,4.95,11,814,6.8185,mm[run7],643,,"{""per_run_s"":60.0,""accs"":[5.3187,5.5125,5.35,5.225,5.5563,6.025,5.1125,5.0875],""used_s"":[4.0,3.5,3.5,4.5,4.6,2.5,5.2,6.8]}"
Z12,160,0.05,903,13,race8-par,SUCCESS,1,4.6375,4.5563,9,742,60.1217,mm[1]@final8,643,,"{""final_survivor"":1,""elapsed_s"":60.121,""arms"":{""0"":[""template"",""floor"",7.0125],""1"":[""mm"",""final"",4.6375],""2"":[""mm"",""dropped:r2"",5.0],""3"":[""mm"",""dropped:r3"",4.8688],""4"":[""mm"",""dropped:r1"",5.5312],""5"":[""cuthill"",""dropped:r2"",5.25],""6"":[""clmm"",""dropped:r1"",5.7875],""7"":[""clmm-core"",""dropped:r1"",6.625]}}"
Z12,160,0.05,903,14,race8-seq,SUCCESS,1,4.95,4.8625,10,792,60.0212,cuthill[5]@q3,643,,"{""final_survivor"":5,""elapsed_s"":60.021,""arms"":{""0"":[""template"",""floor"",7.0125],""1"":[""mm"",""dropped:r1"",5.4688],""2"":[""mm"",""dropped:r1"",5.6125],""3"":[""mm"",""dropped:r2"",5.1937],""4"":[""mm"",""dropped:r3"",5.0438],""5"":[""cuthill"",""final"",4.95],""6"":[""clmm"",""dropped:r2"",5.1125],""7"":[""clmm-core"",""dropped:r1"",5.5812]}}"
Z12,160,0.05,903,14,bestof8-seq,SUCCESS,1,5.0062,4.8375,11,801,35.1321,mm[run0],643,,"{""per_run_s"":7.5,""accs"":[5.0062,5.2687,5.8937,5.1125,5.0312,5.7313,5.7375,5.075]}"
Z12,160,0.05,903,14,bestof8-par,SUCCESS,1,5.0062,4.8375,11,801,6.2625,mm[run0],643,,"{""per_run_s"":60.0,""accs"":[5.0062,5.2687,5.8937,5.1125,5.0312,5.7313,5.7375,5.075],""used_s"":[5.8,5.4,3.2,3.4,6.2,3.0,2.8,5.5]}"
Z12,160,0.05,903,14,race8-par,SUCCESS,1,4.7687,4.6625,10,763,60.0557,mm[1]@final12,643,,"{""final_survivor"":1,""elapsed_s"":60.055,""arms"":{""0"":[""template"",""floor"",7.0125],""1"":[""mm"",""final"",4.7687],""2"":[""mm"",""dropped:r1"",5.6125],""3"":[""mm"",""dropped:r2"",5.1937],""4"":[""mm"",""dropped:r2"",5.0438],""5"":[""cuthill"",""dropped:r3"",4.95],""6"":[""clmm"",""dropped:r1"",5.6625],""7"":[""clmm-core"",""dropped:r1"",5.5812]}}"
Z12,160,0.05,904,10,race8-seq,SUCCESS,1,4.6562,4.5375,10,745,60.0533,cuthill[5]@q3,639,,"{""final_survivor"":5,""elapsed_s"":60.053,""arms"":{""0"":[""template"",""floor"",6.85],""1"":[""mm"",""dropped:r3"",4.7938],""2"":[""mm"",""dropped:r2"",5.2438],""3"":[""mm"",""dropped:r1"",5.3563],""4"":[""mm"",""dropped:r2"",4.9688],""5"":[""cuthill"",""final"",4.6562],""6"":[""clmm"",""dropped:r1"",5.4],""7"":[""clmm-core"",""dropped:r1"",6.1562]}}"
Z12,160,0.05,904,10,bestof8-seq,SUCCESS,1,4.6375,4.5,11,742,37.2874,mm[run5],639,,"{""per_run_s"":7.5,""accs"":[4.975,5.7125,5.1875,5.2125,5.3937,4.6375,5.6125,4.825]}"
Z12,160,0.05,904,10,bestof8-par,SUCCESS,1,4.6375,4.5,11,742,6.7484,mm[run5],639,,"{""per_run_s"":60.0,""accs"":[4.975,5.7125,5.1875,5.2125,5.3937,4.6375,5.6125,4.825],""used_s"":[4.7,2.7,5.5,4.7,5.4,4.9,2.9,6.7]}"
Z12,160,0.05,904,10,race8-par,SUCCESS,1,4.3875,4.3125,9,702,60.0625,cuthill[5]@final11,639,,"{""final_survivor"":5,""elapsed_s"":60.062,""arms"":{""0"":[""template"",""floor"",6.85],""1"":[""mm"",""dropped:r3"",4.7812],""2"":[""mm"",""dropped:r2"",5.2438],""3"":[""mm"",""dropped:r1"",5.3563],""4"":[""mm"",""dropped:r2"",4.9688],""5"":[""cuthill"",""final"",4.3875],""6"":[""clmm"",""dropped:r1"",5.4],""7"":[""clmm-core"",""dropped:r1"",6.1562]}}"
Z12,160,0.05,904,11,race8-seq,SUCCESS,1,4.5312,4.3812,9,725,60.0456,cuthill[5]@q3,639,,"{""final_survivor"":5,""elapsed_s"":60.045,""arms"":{""0"":[""template"",""floor"",6.85],""1"":[""mm"",""dropped:r2"",5.0563],""2"":[""mm"",""dropped:r3"",4.7562],""3"":[""mm"",""dropped:r1"",5.5312],""4"":[""mm"",""dropped:r2"",5.1875],""5"":[""cuthill"",""final"",4.5312],""6"":[""clmm"",""dropped:r1"",5.4625],""7"":[""clmm-core"",""dropped:r1"",5.7625]}}"
Z12,160,0.05,904,11,bestof8-seq,SUCCESS,1,4.875,4.7188,11,780,38.8147,mm[run1],639,,"{""per_run_s"":7.5,""accs"":[5.6813,4.875,5.0,5.45,5.2062,5.1813,5.15,5.2313]}"
Z12,160,0.05,904,11,bestof8-par,SUCCESS,1,4.875,4.7188,11,780,7.3547,mm[run1],639,,"{""per_run_s"":60.0,""accs"":[5.6813,4.875,5.0,5.45,5.2062,5.1813,5.15,5.2313],""used_s"":[2.5,7.3,6.0,4.2,4.6,3.8,5.6,5.1]}"
Z12,160,0.05,904,11,race8-par,SUCCESS,1,4.5312,4.3812,9,725,60.0879,cuthill[5]@q3,639,,"{""final_survivor"":5,""elapsed_s"":60.087,""arms"":{""0"":[""template"",""floor"",6.85],""1"":[""mm"",""dropped:r2"",5.0563],""2"":[""mm"",""dropped:r3"",4.7562],""3"":[""mm"",""dropped:r1"",5.5312],""4"":[""mm"",""dropped:r2"",5.1875],""5"":[""cuthill"",""final"",4.5312],""6"":[""clmm"",""dropped:r1"",5.4625],""7"":[""clmm-core"",""dropped:r1"",5.7625]}}"
Z12,160,0.05,904,12,race8-seq,SUCCESS,1,4.7062,4.5875,10,753,60.0983,mm[2]@q3,639,,"{""final_survivor"":2,""elapsed_s"":60.098,""arms"":{""0"":[""template"",""floor"",6.85],""1"":[""mm"",""dropped:r2"",4.9062],""2"":[""mm"",""final"",4.7062],""3"":[""mm"",""dropped:r2"",4.925],""4"":[""mm"",""dropped:r1"",5.4625],""5"":[""cuthill"",""dropped:r3"",4.7812],""6"":[""clmm"",""dropped:r1"",5.875],""7"":[""clmm-core"",""dropped:r1"",5.7188]}}"
Z12,160,0.05,904,12,bestof8-seq,SUCCESS,1,4.8375,4.6813,11,774,42.7123,mm[run6],639,,"{""per_run_s"":7.5,""accs"":[5.0938,4.9313,5.0938,5.0125,5.3312,5.2125,4.8375,5.2062]}"
Z12,160,0.05,904,12,bestof8-par,SUCCESS,1,4.8375,4.6813,11,774,6.7563,mm[run6],639,,"{""per_run_s"":60.0,""accs"":[5.0938,4.9313,5.0938,5.0125,5.3312,5.2125,4.8375,5.2062],""used_s"":[6.7,4.6,6.4,6.3,5.0,5.3,4.9,3.9]}"
Z12,160,0.05,904,12,race8-par,SUCCESS,1,4.3937,4.3125,9,703,60.0266,mm[2]@final10,639,,"{""final_survivor"":2,""elapsed_s"":60.026,""arms"":{""0"":[""template"",""floor"",6.85],""1"":[""mm"",""dropped:r2"",4.9062],""2"":[""mm"",""final"",4.3937],""3"":[""mm"",""dropped:r2"",4.925],""4"":[""mm"",""dropped:r1"",5.4625],""5"":[""cuthill"",""dropped:r3"",4.7812],""6"":[""clmm"",""dropped:r1"",5.875],""7"":[""clmm-core"",""dropped:r1"",5.7188]}}"
Z12,160,0.05,904,13,race8-seq,SUCCESS,1,4.6188,4.4938,10,739,60.0218,mm[2]@q3,639,,"{""final_survivor"":2,""elapsed_s"":60.021,""arms"":{""0"":[""template"",""floor"",6.85],""1"":[""mm"",""dropped:r1"",5.2188],""2"":[""mm"",""final"",4.6188],""3"":[""mm"",""dropped:r3"",4.775],""4"":[""mm"",""dropped:r2"",4.8937],""5"":[""cuthill"",""dropped:r1"",5.3125],""6"":[""clmm"",""dropped:r2"",5.1937],""7"":[""clmm-core"",""dropped:r1"",5.55]}}"
Z12,160,0.05,904,13,bestof8-seq,SUCCESS,1,4.7125,4.5375,10,754,41.8916,mm[run2],639,,"{""per_run_s"":7.5,""accs"":[5.1125,5.2062,4.7125,5.2812,5.1188,5.1937,5.05,5.3312]}"
Z12,160,0.05,904,13,bestof8-par,SUCCESS,1,4.7125,4.5375,10,754,7.3531,mm[run2],639,,"{""per_run_s"":60.0,""accs"":[5.1125,5.2062,4.7125,5.2812,5.1188,5.1937,5.05,5.3312],""used_s"":[6.5,5.5,7.3,3.9,6.0,5.0,4.0,4.1]}"
Z12,160,0.05,904,13,race8-par,SUCCESS,1,4.3125,4.2375,8,690,60.0917,mm[2]@final11,639,,"{""final_survivor"":2,""elapsed_s"":60.091,""arms"":{""0"":[""template"",""floor"",6.85],""1"":[""mm"",""dropped:r1"",5.2188],""2"":[""mm"",""final"",4.3125],""3"":[""mm"",""dropped:r3"",4.725],""4"":[""mm"",""dropped:r2"",4.8937],""5"":[""cuthill"",""dropped:r1"",5.3125],""6"":[""clmm"",""dropped:r2"",5.1937],""7"":[""clmm-core"",""dropped:r1"",5.55]}}"
Z12,160,0.05,904,14,race8-seq,SUCCESS,1,4.3563,4.2875,9,697,60.0325,mm[1]@q3,639,,"{""final_survivor"":1,""elapsed_s"":60.032,""arms"":{""0"":[""template"",""floor"",6.85],""1"":[""mm"",""final"",4.3563],""2"":[""mm"",""dropped:r3"",4.7],""3"":[""mm"",""dropped:r2"",4.8625],""4"":[""mm"",""dropped:r2"",4.875],""5"":[""cuthill"",""dropped:r1"",5.3688],""6"":[""clmm"",""dropped:r1"",5.775],""7"":[""clmm-core"",""dropped:r1"",6.0438]}}"
Z12,160,0.05,904,14,bestof8-seq,SUCCESS,1,4.6375,4.5312,10,742,35.5894,mm[run3],639,,"{""per_run_s"":7.5,""accs"":[4.9188,5.075,5.5062,4.6375,5.35,5.5563,5.2125,5.0938]}"
Z12,160,0.05,904,14,bestof8-par,SUCCESS,1,4.65,4.5187,10,744,8.5397,mm[run3],639,,"{""per_run_s"":60.0,""accs"":[4.9188,5.075,5.5062,4.65,5.35,5.5563,5.2125,5.0938],""used_s"":[6.0,4.3,2.9,8.5,3.4,5.1,4.1,2.9]}"
Z12,160,0.05,904,14,race8-par,SUCCESS,1,4.15,4.05,8,664,60.0282,mm[1]@final7,639,,"{""final_survivor"":1,""elapsed_s"":60.027,""arms"":{""0"":[""template"",""floor"",6.85],""1"":[""mm"",""final"",4.15],""2"":[""mm"",""dropped:r2"",4.8875],""3"":[""mm"",""dropped:r3"",4.7188],""4"":[""mm"",""dropped:r2"",4.875],""5"":[""cuthill"",""dropped:r1"",5.3688],""6"":[""clmm"",""dropped:r1"",5.775],""7"":[""clmm-core"",""dropped:r1"",6.0438]}}"
Z12,160,0.05,905,10,race8-seq,SUCCESS,1,4.5125,4.3688,10,722,60.067,mm[2]@q3,624,,"{""final_survivor"":2,""elapsed_s"":60.067,""arms"":{""0"":[""template"",""floor"",6.9375],""1"":[""mm"",""dropped:r1"",5.1125],""2"":[""mm"",""final"",4.5125],""3"":[""mm"",""dropped:r3"",4.5125],""4"":[""mm"",""dropped:r2"",4.9375],""5"":[""cuthill"",""dropped:r2"",4.8438],""6"":[""clmm"",""dropped:r1"",5.3375],""7"":[""clmm-core"",""dropped:r1"",5.7438]}}"
Z12,160,0.05,905,10,bestof8-seq,SUCCESS,1,4.725,4.5625,11,756,41.9547,mm[run2],624,,"{""per_run_s"":7.5,""accs"":[4.8563,5.65,4.725,5.0875,4.975,4.8063,5.05,4.85]}"
Z12,160,0.05,905,10,bestof8-par,SUCCESS,1,4.725,4.5625,11,756,6.8943,mm[run2],624,,"{""per_run_s"":60.0,""accs"":[4.8563,5.65,4.725,5.0875,4.975,4.8063,5.05,4.85],""used_s"":[6.0,2.5,6.9,4.3,5.3,5.8,4.7,6.6]}"
Z12,160,0.05,905,10,race8-par,SUCCESS,1,4.05,3.9688,8,648,60.0681,mm[3]@final7,624,,"{""final_survivor"":3,""elapsed_s"":60.067,""arms"":{""0"":[""template"",""floor"",6.9375],""1"":[""mm"",""dropped:r1"",5.1125],""2"":[""mm"",""dropped:r3"",4.7313],""3"":[""mm"",""final"",4.05],""4"":[""mm"",""dropped:r2"",4.9375],""5"":[""cuthill"",""dropped:r2"",4.8438],""6"":[""clmm"",""dropped:r1"",5.3688],""7"":[""clmm-core"",""dropped:r1"",5.7438]}}"
Z12,160,0.05,905,11,race8-seq,SUCCESS,1,4.325,4.2,9,692,60.0492,mm[4]@q3,624,,"{""final_survivor"":4,""elapsed_s"":60.049,""arms"":{""0"":[""template"",""floor"",6.9375],""1"":[""mm"",""dropped:r1"",5.0563],""2"":[""mm"",""dropped:r2"",4.95],""3"":[""mm"",""dropped:r3"",4.475],""4"":[""mm"",""final"",4.325],""5"":[""cuthill"",""dropped:r2"",4.725],""6"":[""clmm"",""dropped:r1"",5.6],""7"":[""clmm-core"",""dropped:r1"",5.3875]}}"
Z12,160,0.05,905,11,bestof8-seq,SUCCESS,1,4.6375,4.475,10,742,35.2802,mm[run3],624,,"{""per_run_s"":7.5,""accs"":[4.9375,4.8563,4.9813,4.6375,4.7562,5.1188,5.4,4.8063]}"
Z12,160,0.05,905,11,bestof8-par,SUCCESS,1,4.6375,4.475,10,742,5.957,mm[run3],624,,"{""per_run_s"":60.0,""accs"":[4.9375,4.8563,4.9813,4.6375,4.7562,5.1188,5.4,4.8063],""used_s"":[5.9,4.4,3.7,3.3,5.1,5.1,3.6,4.5]}"
Z12,160,0.05,905,11,race8-par,SUCCESS,1,4.3,4.225,9,688,60.1065,mm[4]@final3,624,,"{""final_survivor"":4,""elapsed_s"":60.106,""arms"":{""0"":[""template"",""floor"",6.9375],""1"":[""mm"",""dropped:r1"",5.0563],""2"":[""mm"",""dropped:r2"",4.95],""3"":[""mm"",""dropped:r3"",4.475],""4"":[""mm"",""final"",4.3],""5"":[""cuthill"",""dropped:r2"",4.725],""6"":[""clmm"",""dropped:r1"",5.6],""7"":[""clmm-core"",""dropped:r1"",5.3875]}}"
Z12,160,0.05,905,12,race8-seq,SUCCESS,1,4.45,4.3187,9,712,60.0248,mm[1]@q3,624,,"{""final_survivor"":1,""elapsed_s"":60.024,""arms"":{""0"":[""template"",""floor"",6.9375],""1"":[""mm"",""final"",4.45],""2"":[""mm"",""dropped:r1"",5.5187],""3"":[""mm"",""dropped:r2"",4.85],""4"":[""mm"",""dropped:r1"",5.275],""5"":[""cuthill"",""dropped:r2"",4.8625],""6"":[""clmm"",""dropped:r3"",4.6625],""7"":[""clmm-core"",""dropped:r1"",5.6437]}}"
Z12,160,0.05,905,12,bestof8-seq,SUCCESS,1,4.8563,4.6625,11,777,27.7785,mm[run4],624,,"{""per_run_s"":7.5,""accs"":[5.0062,4.875,5.0812,5.775,4.8563,5.2938,4.9625,5.2938]}"
Z12,160,0.05,905,12,bestof8-par,SUCCESS,1,4.8563,4.6625,11,777,4.5588,mm[run4],624,,"{""per_run_s"":60.0,""accs"":[5.0062,4.875,5.0812,5.775,4.8563,5.2938,4.9625,5.2938],""used_s"":[3.9,3.8,4.3,2.3,3.8,2.5,4.5,3.2]}"
Z12,160,0.05,905,12,race8-par,SUCCESS,1,4.2188,4.1375,8,675,60.032,mm[1]@final12,624,,"{""final_survivor"":1,""elapsed_s"":60.031,""arms"":{""0"":[""template"",""floor"",6.9375],""1"":[""mm"",""final"",4.2188],""2"":[""mm"",""dropped:r1"",5.5187],""3"":[""mm"",""dropped:r2"",4.85],""4"":[""mm"",""dropped:r1"",5.275],""5"":[""cuthill"",""dropped:r2"",4.8625],""6"":[""clmm"",""dropped:r3"",4.6188],""7"":[""clmm-core"",""dropped:r1"",5.6437]}}"
Z12,160,0.05,905,13,race8-seq,SUCCESS,1,4.625,4.4562,10,740,60.0511,cuthill[5]@q3,624,,"{""final_survivor"":5,""elapsed_s"":60.051,""arms"":{""0"":[""template"",""floor"",6.9375],""1"":[""mm"",""dropped:r1"",5.2],""2"":[""mm"",""dropped:r2"",4.7938],""3"":[""mm"",""dropped:r2"",4.7625],""4"":[""mm"",""dropped:r3"",4.725],""5"":[""cuthill"",""final"",4.625],""6"":[""clmm"",""dropped:r1"",5.1937],""7"":[""clmm-core"",""dropped:r1"",5.7375]}}"
Z12,160,0.05,905,13,bestof8-seq,SUCCESS,1,4.5563,4.4562,10,729,31.357,mm[run4],624,,"{""per_run_s"":7.5,""accs"":[4.9125,5.2,5.475,4.725,4.5563,5.2,5.1437,4.825]}"
Z12,160,0.05,905,13,bestof8-par,SUCCESS,1,4.5563,4.4562,10,729,5.445,mm[run4],624,,"{""per_run_s"":60.0,""accs"":[4.9125,5.2,5.475,4.725,4.5563,5.2,5.1437,4.825],""used_s"":[4.9,2.7,3.7,3.9,5.4,2.6,4.0,4.6]}"
Z12,160,0.05,905,13,race8-par,SUCCESS,1,4.4875,4.3688,9,718,60.0317,cuthill[5]@final8,624,,"{""final_survivor"":5,""elapsed_s"":60.031,""arms"":{""0"":[""template"",""floor"",6.9375],""1"":[""mm"",""dropped:r1"",5.2],""2"":[""mm"",""dropped:r2"",4.7938],""3"":[""mm"",""dropped:r2"",4.7625],""4"":[""mm"",""dropped:r3"",4.725],""5"":[""cuthill"",""final"",4.4875],""6"":[""clmm"",""dropped:r1"",5.1937],""7"":[""clmm-core"",""dropped:r1"",5.7375]}}"
Z12,160,0.05,905,14,race8-seq,SUCCESS,1,4.4,4.3063,9,704,60.024,mm[2]@q3,624,,"{""final_survivor"":2,""elapsed_s"":60.024,""arms"":{""0"":[""template"",""floor"",6.9375],""1"":[""mm"",""dropped:r3"",4.5438],""2"":[""mm"",""final"",4.4],""3"":[""mm"",""dropped:r2"",4.8563],""4"":[""mm"",""dropped:r2"",4.8688],""5"":[""cuthill"",""dropped:r1"",5.65],""6"":[""clmm"",""dropped:r1"",5.2188],""7"":[""clmm-core"",""dropped:r1"",5.5312]}}"
Z12,160,0.05,905,14,bestof8-seq,SUCCESS,1,4.5687,4.4562,10,731,39.7519,mm[run3],624,,"{""per_run_s"":7.5,""accs"":[5.3625,4.6312,4.675,4.5687,4.8937,5.0125,5.3375,5.225]}"
Z12,160,0.05,905,14,bestof8-par,SUCCESS,1,4.5687,4.4562,10,731,7.35,mm[run3],624,,"{""per_run_s"":60.0,""accs"":[5.3625,4.6312,4.675,4.5687,4.8937,5.0125,5.3375,5.225],""used_s"":[2.9,5.5,6.1,7.3,5.7,4.0,4.7,3.9]}"
Z12,160,0.05,905,14,race8-par,SUCCESS,1,4.2062,4.125,9,673,60.0777,mm[2]@final2,624,,"{""final_survivor"":2,""elapsed_s"":60.077,""arms"":{""0"":[""template"",""floor"",6.9375],""1"":[""mm"",""dropped:r3"",4.5438],""2"":[""mm"",""final"",4.2062],""3"":[""mm"",""dropped:r2"",4.8563],""4"":[""mm"",""dropped:r2"",4.8688],""5"":[""cuthill"",""dropped:r1"",5.65],""6"":[""clmm"",""dropped:r1"",5.2562],""7"":[""clmm-core"",""dropped:r1"",5.5312]}}"
Z12,160,0.05,906,10,race8-seq,SUCCESS,1,4.2438,4.1562,8,679,60.0163,cuthill[5]@q2,590,,"{""final_survivor"":5,""elapsed_s"":60.016,""arms"":{""0"":[""template"",""floor"",6.6688],""1"":[""mm"",""dropped:r2"",4.5125],""2"":[""mm"",""dropped:r2"",4.5563],""3"":[""mm"",""dropped:r1"",4.675],""4"":[""mm"",""dropped:r3"",4.375],""5"":[""cuthill"",""final"",4.2438],""6"":[""clmm"",""dropped:r1"",4.9437],""7"":[""clmm-core"",""dropped:r1"",5.1562]}}"
Z12,160,0.05,906,10,bestof8-seq,SUCCESS,1,4.5125,4.3875,10,722,29.1272,mm[run7],590,,"{""per_run_s"":7.5,""accs"":[4.9188,4.8625,4.525,4.6562,4.7938,4.85,4.5563,4.5125]}"
Z12,160,0.05,906,10,bestof8-par,SUCCESS,1,4.5125,4.3875,10,722,4.7655,mm[run7],590,,"{""per_run_s"":60.0,""accs"":[4.9188,4.8625,4.525,4.6562,4.7938,4.85,4.5563,4.5125],""used_s"":[3.7,2.4,4.3,4.7,4.3,2.8,3.7,3.8]}"
Z12,160,0.05,906,10,race8-par,SUCCESS,1,4.2438,4.2188,8,679,60.0857,mm[1]@final5,590,,"{""final_survivor"":1,""elapsed_s"":60.085,""arms"":{""0"":[""template"",""floor"",6.6688],""1"":[""mm"",""final"",4.2438],""2"":[""mm"",""dropped:r2"",4.5563],""3"":[""mm"",""dropped:r1"",4.675],""4"":[""mm"",""dropped:r2"",4.3875],""5"":[""cuthill"",""dropped:r3"",4.325],""6"":[""clmm"",""dropped:r1"",4.9437],""7"":[""clmm-core"",""dropped:r1"",5.15]}}"
Z12,160,0.05,906,11,race8-seq,SUCCESS,1,4.1125,4.0312,9,658,59.9925,cuthill[5]@q3,590,,"{""final_survivor"":5,""elapsed_s"":59.992,""arms"":{""0"":[""template"",""floor"",6.6688],""1"":[""mm"",""dropped:r3"",4.1813],""2"":[""mm"",""dropped:r2"",4.3438],""3"":[""mm"",""dropped:r1"",4.5625],""4"":[""mm"",""dropped:r2"",4.4062],""5"":[""cuthill"",""final"",4.1125],""6"":[""clmm"",""dropped:r1"",5.225],""7"":[""clmm-core"",""dropped:r1"",5.0563]}}"
Z12,160,0.05,906,11,bestof8-seq,SUCCESS,1,4.6937,4.5438,11,751,23.072,mm[run3],590,,"{""per_run_s"":7.5,""accs"":[4.8063,4.8125,5.3937,4.6937,4.9062,4.875,5.2062,5.225]}"
Z12,160,0.05,906,11,bestof8-par,SUCCESS,1,4.6937,4.5438,11,751,4.2884,mm[run3],590,,"{""per_run_s"":60.0,""accs"":[4.8063,4.8125,5.3937,4.6937,4.9062,4.875,5.2062,5.225],""used_s"":[3.4,2.1,2.9,3.0,2.3,4.3,2.3,2.8]}"
Z12,160,0.05,906,11,race8-par,SUCCESS,1,4.025,3.9438,9,644,60.0533,cuthill[5]@final6,590,,"{""final_survivor"":5,""elapsed_s"":60.053,""arms"":{""0"":[""template"",""floor"",6.6688],""1"":[""mm"",""dropped:r3"",4.1813],""2"":[""mm"",""dropped:r2"",4.4375],""3"":[""mm"",""dropped:r1"",4.5625],""4"":[""mm"",""dropped:r2"",4.4062],""5"":[""cuthill"",""final"",4.025],""6"":[""clmm"",""dropped:r1"",5.225],""7"":[""clmm-core"",""dropped:r1"",5.0563]}}"
Z12,160,0.05,906,12,race8-seq,SUCCESS,1,4.2625,4.1625,9,682,60.0203,cuthill[5]@q3,590,,"{""final_survivor"":5,""elapsed_s"":60.02,""arms"":{""0"":[""template"",""floor"",6.6688],""1"":[""mm"",""dropped:r2"",4.5312],""2"":[""mm"",""dropped:r3"",4.3063],""3"":[""mm"",""dropped:r1"",4.8187],""4"":[""mm"",""dropped:r2"",4.4938],""5"":[""cuthill"",""final"",4.2625],""6"":[""clmm"",""dropped:r1"",5.325],""7"":[""clmm-core"",""dropped:r1"",5.7438]}}"
Z12,160,0.05,906,12,bestof8-seq,SUCCESS,1,4.3,4.1688,9,688,27.5846,mm[run6],590,,"{""per_run_s"":7.5,""accs"":[4.9375,4.6063,5.0563,5.2938,5.3187,4.55,4.3,5.1312]}"
Z12,160,0.05,906,12,bestof8-par,SUCCESS,1,4.3,4.1688,9,688,6.1508,mm[run6],590,,"{""per_run_s"":60.0,""accs"":[4.9375,4.6063,5.0563,5.2938,5.3187,4.55,4.3,5.1312],""used_s"":[2.4,6.1,2.9,2.3,1.8,3.9,5.4,3.0]}"
Z12,160,0.05,906,12,race8-par,SUCCESS,1,4.1937,4.075,9,671,60.0305,cuthill[5]@q3,590,,"{""final_survivor"":5,""elapsed_s"":60.03,""arms"":{""0"":[""template"",""floor"",6.6688],""1"":[""mm"",""dropped:r2"",4.5312],""2"":[""mm"",""dropped:r3"",4.3063],""3"":[""mm"",""dropped:r1"",4.8187],""4"":[""mm"",""dropped:r2"",4.5625],""5"":[""cuthill"",""final"",4.1937],""6"":[""clmm"",""dropped:r1"",5.325],""7"":[""clmm-core"",""dropped:r1"",5.7438]}}"
Z12,160,0.05,906,13,race8-seq,SUCCESS,1,4.1125,4.0375,8,658,60.0396,mm[1]@q3,590,,"{""final_survivor"":1,""elapsed_s"":60.039,""arms"":{""0"":[""template"",""floor"",6.6688],""1"":[""mm"",""final"",4.1125],""2"":[""mm"",""dropped:r2"",4.2625],""3"":[""mm"",""dropped:r1"",5.0812],""4"":[""mm"",""dropped:r2"",4.4188],""5"":[""cuthill"",""dropped:r3"",4.2375],""6"":[""clmm"",""dropped:r1"",4.8187],""7"":[""clmm-core"",""dropped:r1"",5.1562]}}"
Z12,160,0.05,906,13,bestof8-seq,SUCCESS,1,4.4188,4.3187,10,707,28.569,mm[run2],590,,"{""per_run_s"":7.5,""accs"":[4.8125,4.95,4.4188,4.6625,4.9375,4.8563,5.0938,4.7875]}"
Z12,160,0.05,906,13,bestof8-par,SUCCESS,1,4.4188,4.3187,10,707,5.5703,mm[run2],590,,"{""per_run_s"":60.0,""accs"":[4.8125,4.95,4.4188,4.6625,4.9375,4.8563,5.0938,4.7875],""used_s"":[4.5,2.5,4.2,5.5,3.1,3.1,2.7,3.2]}"
Z12,160,0.05,906,13,race8-par,SUCCESS,1,4.1063,4.0375,8,657,60.0622,mm[1]@final3,590,,"{""final_survivor"":1,""elapsed_s"":60.062,""arms"":{""0"":[""template"",""floor"",6.6688],""1"":[""mm"",""final"",4.1063],""2"":[""mm"",""dropped:r3"",4.2687],""3"":[""mm"",""dropped:r1"",5.0812],""4"":[""mm"",""dropped:r2"",4.4188],""5"":[""cuthill"",""dropped:r2"",4.3312],""6"":[""clmm"",""dropped:r1"",4.8187],""7"":[""clmm-core"",""dropped:r1"",5.1562]}}"
Z12,160,0.05,906,14,race8-seq,SUCCESS,1,4.1375,4.0625,9,662,60.0644,mm[2]@q2,590,,"{""final_survivor"":2,""elapsed_s"":60.064,""arms"":{""0"":[""template"",""floor"",6.6688],""1"":[""mm"",""dropped:r2"",4.6],""2"":[""mm"",""final"",4.1375],""3"":[""mm"",""dropped:r2"",4.4],""4"":[""mm"",""dropped:r1"",4.7313],""5"":[""cuthill"",""dropped:r3"",4.275],""6"":[""clmm"",""dropped:r1"",5.0062],""7"":[""clmm-core"",""dropped:r1"",5.0062]}}"
Z12,160,0.05,906,14,bestof8-seq,SUCCESS,1,4.5438,4.4313,10,727,27.7617,mm[run3],590,,"{""per_run_s"":7.5,""accs"":[5.1063,4.65,4.7812,4.5438,5.3875,4.6188,4.8625,5.3375]}"
Z12,160,0.05,906,14,bestof8-par,SUCCESS,1,4.5438,4.4313,10,727,5.4823,mm[run3],590,,"{""per_run_s"":60.0,""accs"":[5.1063,4.65,4.7812,4.5438,5.3875,4.6188,4.8625,5.3375],""used_s"":[3.6,2.9,3.0,4.2,2.4,5.5,3.8,2.9]}"
Z12,160,0.05,906,14,race8-par,SUCCESS,1,3.85,3.7563,8,616,60.0637,mm[2]@final5,590,,"{""final_survivor"":2,""elapsed_s"":60.063,""arms"":{""0"":[""template"",""floor"",6.6688],""1"":[""mm"",""dropped:r2"",4.6],""2"":[""mm"",""final"",3.85],""3"":[""mm"",""dropped:r2"",4.4],""4"":[""mm"",""dropped:r1"",4.7313],""5"":[""cuthill"",""dropped:r3"",4.275],""6"":[""clmm"",""dropped:r1"",5.0062],""7"":[""clmm-core"",""dropped:r1"",5.0062]}}"
Z12,160,0.05,907,10,race8-seq,SUCCESS,1,4.6188,4.5,9,739,60.0547,mm[4]@q3,621,,"{""final_survivor"":4,""elapsed_s"":60.054,""arms"":{""0"":[""template"",""floor"",7.0375],""1"":[""mm"",""dropped:r1"",5.2938],""2"":[""mm"",""dropped:r2"",4.8187],""3"":[""mm"",""dropped:r2"",4.7938],""4"":[""mm"",""final"",4.6188],""5"":[""cuthill"",""dropped:r3"",4.7562],""6"":[""clmm"",""dropped:r1"",5.4188],""7"":[""clmm-core"",""dropped:r1"",5.6125]}}"
Z12,160,0.05,907,10,bestof8-seq,SUCCESS,1,4.7875,4.6688,10,766,33.1017,mm[run2],621,,"{""per_run_s"":7.5,""accs"":[5.1437,5.1688,4.7875,5.1813,5.3812,5.4625,5.55,5.7]}"
Z12,160,0.05,907,10,bestof8-par,SUCCESS,1,4.7875,4.6688,10,766,6.3464,mm[run2],621,,"{""per_run_s"":60.0,""accs"":[5.1437,5.1688,4.7875,5.1813,5.3812,5.4625,5.55,5.7],""used_s"":[5.5,6.1,6.3,2.9,2.8,3.3,3.8,3.1]}"
Z12,160,0.05,907,10,race8-par,SUCCESS,1,4.3187,4.2313,8,691,60.0464,mm[4]@final6,621,,"{""final_survivor"":4,""elapsed_s"":60.046,""arms"":{""0"":[""template"",""floor"",7.0375],""1"":[""mm"",""dropped:r1"",5.2938],""2"":[""mm"",""dropped:r2"",4.8187],""3"":[""mm"",""dropped:r2"",4.7938],""4"":[""mm"",""final"",4.3187],""5"":[""cuthill"",""dropped:r3"",4.7562],""6"":[""clmm"",""dropped:r1"",5.4188],""7"":[""clmm-core"",""dropped:r1"",5.6125]}}"
Z12,160,0.05,907,11,race8-seq,SUCCESS,1,4.8312,4.6375,11,773,60.0758,mm[4]@q3,621,,"{""final_survivor"":4,""elapsed_s"":60.075,""arms"":{""0"":[""template"",""floor"",7.0375],""1"":[""mm"",""dropped:r2"",5.0687],""2"":[""mm"",""dropped:r2"",4.9375],""3"":[""mm"",""dropped:r1"",5.175],""4"":[""mm"",""final"",4.8312],""5"":[""cuthill"",""dropped:r3"",4.9313],""6"":[""clmm"",""dropped:r1"",5.3688],""7"":[""clmm-core"",""dropped:r1"",5.625]}}"
Z12,160,0.05,907,11,bestof8-seq,SUCCESS,1,4.6688,4.575,10,747,38.1497,mm[run6],621,,"{""per_run_s"":7.5,""accs"":[5.2125,4.9,4.9688,4.95,5.45,5.15,4.6688,5.2625]}"
Z12,160,0.05,907,11,bestof8-par,SUCCESS,1,4.6688,4.575,10,747,6.7278,mm[run6],621,,"{""per_run_s"":60.0,""accs"":[5.2125,4.9,4.9688,4.95,5.45,5.15,4.6688,5.2625],""used_s"":[4.6,6.7,6.7,4.3,3.4,3.9,5.8,3.2]}"
Z12,160,0.05,907,11,race8-par,SUCCESS,1,4.4437,4.3688,9,711,60.0723,mm[4]@final10,621,,"{""final_survivor"":4,""elapsed_s"":60.072,""arms"":{""0"":[""template"",""floor"",7.0375],""1"":[""mm"",""dropped:r2"",5.0687],""2"":[""mm"",""dropped:r2"",4.9375],""3"":[""mm"",""dropped:r1"",5.175],""4"":[""mm"",""final"",4.4437],""5"":[""cuthill"",""dropped:r3"",4.9313],""6"":[""clmm"",""dropped:r1"",5.3688],""7"":[""clmm-core"",""dropped:r1"",5.625]}}"
Z12,160,0.05,907,12,race8-seq,SUCCESS,1,4.6312,4.4875,10,741,60.0295,mm[1]@q2,621,,"{""final_survivor"":1,""elapsed_s"":60.029,""arms"":{""0"":[""template"",""floor"",7.0375],""1"":[""mm"",""final"",4.6312],""2"":[""mm"",""dropped:r2"",5.1188],""3"":[""mm"",""dropped:r3"",4.8688],""4"":[""mm"",""dropped:r2"",5.0],""5"":[""cuthill"",""dropped:r1"",5.2313],""6"":[""clmm"",""dropped:r1"",5.4688],""7"":[""clmm-core"",""dropped:r1"",5.9313]}}"
Z12,160,0.05,907,12,bestof8-seq,SUCCESS,1,4.6312,4.525,10,741,40.0604,mm[run1],621,,"{""per_run_s"":7.5,""accs"":[5.1437,4.6312,5.4125,4.7062,5.6063,5.1125,4.8125,5.7625]}"
Z12,160,0.05,907,12,bestof8-par,SUCCESS,1,4.6312,4.525,10,741,6.8089,mm[run1],621,,"{""per_run_s"":60.0,""accs"":[5.1437,4.6312,5.4125,4.7062,5.6063,5.1125,4.8125,5.7625],""used_s"":[5.2,6.1,4.5,6.0,2.6,6.8,6.5,2.6]}"
Z12,160,0.05,907,12,race8-par,SUCCESS,1,4.3375,4.2562,9,694,60.0954,mm[1]@final9,621,,"{""final_survivor"":1,""elapsed_s"":60.095,""arms"":{""0"":[""template"",""floor"",7.0375],""1"":[""mm"",""final"",4.3375],""2"":[""mm"",""dropped:r3"",4.6937],""3"":[""mm"",""dropped:r2"",4.9437],""4"":[""mm"",""dropped:r2"",5.0],""5"":[""cuthill"",""dropped:r1"",5.2313],""6"":[""clmm"",""dropped:r1"",5.4688],""7"":[""clmm-core"",""dropped:r1"",5.9313]}}"
Z12,160,0.05,907,13,race8-seq,SUCCESS,1,4.4125,4.3,9,706,60.0603,cuthill[5]@q3,621,,"{""final_survivor"":5,""elapsed_s"":60.06,""arms"":{""0"":[""template"",""floor"",7.0375],""1"":[""mm"",""dropped:r1"",5.3187],""2"":[""mm"",""dropped:r2"",5.025],""3"":[""mm"",""dropped:r2"",5.0938],""4"":[""mm"",""dropped:r3"",4.7188],""5"":[""cuthill"",""final"",4.4125],""6"":[""clmm"",""dropped:r1"",5.3375],""7"":[""clmm-core"",""dropped:r1"",5.5187]}}"
Z12,160,0.05,907,13,bestof8-seq,SUCCESS,1,4.6,4.425,10,736,40.5558,mm[run6],621,,"{""per_run_s"":7.5,""accs"":[5.0312,5.1688,5.3125,4.8812,5.3125,5.1,4.6,5.05]}"
Z12,160,0.05,907,13,bestof8-par,SUCCESS,1,4.6,4.425,10,736,7.9611,mm[run6],621,,"{""per_run_s"":60.0,""accs"":[5.0312,5.1688,5.3125,4.8812,5.3125,5.1,4.6,5.05],""used_s"":[5.1,5.3,3.7,7.9,4.5,4.7,6.3,3.8]}"
Z12,160,0.05,907,13,race8-par,SUCCESS,1,4.3625,4.2812,8,698,60.0513,cuthill[5]@final11,621,,"{""final_survivor"":5,""elapsed_s"":60.051,""arms"":{""0"":[""template"",""floor"",7.0375],""1"":[""mm"",""dropped:r1"",5.3187],""2"":[""mm"",""dropped:r2"",5.025],""3"":[""mm"",""dropped:r2"",5.0938],""4"":[""mm"",""dropped:r3"",4.7188],""5"":[""cuthill"",""final"",4.3625],""6"":[""clmm"",""dropped:r1"",5.3375],""7"":[""clmm-core"",""dropped:r1"",5.5187]}}"
Z12,160,0.05,907,14,race8-seq,SUCCESS,1,4.6875,4.5312,9,750,60.016,mm[4]@q3,621,,"{""final_survivor"":4,""elapsed_s"":60.015,""arms"":{""0"":[""template"",""floor"",7.0375],""1"":[""mm"",""dropped:r1"",5.3563],""2"":[""mm"",""dropped:r1"",5.2125],""3"":[""mm"",""dropped:r3"",4.8438],""4"":[""mm"",""final"",4.6875],""5"":[""cuthill"",""dropped:r2"",5.0125],""6"":[""clmm"",""dropped:r2"",5.0875],""7"":[""clmm-core"",""dropped:r1"",5.4313]}}"
Z12,160,0.05,907,14,bestof8-seq,SUCCESS,1,4.6562,4.5438,9,745,32.1385,mm[run6],621,,"{""per_run_s"":7.5,""accs"":[5.0,5.4375,5.3312,4.95,5.6813,5.1375,4.6562,5.6875]}"
Z12,160,0.05,907,14,bestof8-par,SUCCESS,1,4.6562,4.5438,9,745,5.9225,mm[run6],621,,"{""per_run_s"":60.0,""accs"":[5.0,5.4375,5.3312,4.95,5.6813,5.1375,4.6562,5.6875],""used_s"":[5.9,3.4,3.6,3.3,2.3,5.7,5.4,3.4]}"
Z12,160,0.05,907,14,race8-par,SUCCESS,1,4.525,4.45,8,724,60.0386,mm[3]@final9,621,,"{""final_survivor"":3,""elapsed_s"":60.038,""arms"":{""0"":[""template"",""floor"",7.0375],""1"":[""mm"",""dropped:r1"",5.3563],""2"":[""mm"",""dropped:r1"",5.2125],""3"":[""mm"",""final"",4.525],""4"":[""mm"",""dropped:r3"",4.6875],""5"":[""cuthill"",""dropped:r2"",5.0125],""6"":[""clmm"",""dropped:r2"",5.0875],""7"":[""clmm-core"",""dropped:r1"",5.4313]}}"
Z12,160,0.05,908,10,race8-seq,SUCCESS,1,4.6375,4.5438,10,742,60.0592,mm[1]@q3,614,,"{""final_survivor"":1,""elapsed_s"":60.059,""arms"":{""0"":[""template"",""floor"",6.9062],""1"":[""mm"",""final"",4.6375],""2"":[""mm"",""dropped:r2"",4.85],""3"":[""mm"",""dropped:r2"",4.8438],""4"":[""mm"",""dropped:r1"",5.1125],""5"":[""cuthill"",""dropped:r1"",5.15],""6"":[""clmm"",""dropped:r3"",4.825],""7"":[""clmm-core"",""dropped:r1"",5.7938]}}"
Z12,160,0.05,908,10,bestof8-seq,SUCCESS,1,4.65,4.5312,10,744,41.1354,mm[run6],614,,"{""per_run_s"":7.5,""accs"":[4.9437,4.8,5.0312,4.8937,5.1813,5.0375,4.65,5.05]}"
Z12,160,0.05,908,10,bestof8-par,SUCCESS,1,4.65,4.5312,10,744,7.1339,mm[run6],614,,"{""per_run_s"":60.0,""accs"":[4.9437,4.8,5.0312,4.8937,5.1813,5.0375,4.65,5.05],""used_s"":[4.9,6.8,3.8,7.0,3.6,3.4,7.1,5.1]}"
Z12,160,0.05,908,10,race8-par,SUCCESS,1,4.2938,4.2313,8,687,60.0796,mm[1]@final3,614,,"{""final_survivor"":1,""elapsed_s"":60.079,""arms"":{""0"":[""template"",""floor"",6.9062],""1"":[""mm"",""final"",4.2938],""2"":[""mm"",""dropped:r2"",4.85],""3"":[""mm"",""dropped:r2"",4.8438],""4"":[""mm"",""dropped:r1"",5.1125],""5"":[""cuthill"",""dropped:r1"",5.15],""6"":[""clmm"",""dropped:r3"",4.825],""7"":[""clmm-core"",""dropped:r1"",5.8875]}}"
Z12,160,0.05,908,11,race8-seq,SUCCESS,1,4.425,4.2625,10,708,60.0299,cuthill[5]@q3,614,,"{""final_survivor"":5,""elapsed_s"":60.029,""arms"":{""0"":[""template"",""floor"",6.9062],""1"":[""mm"",""dropped:r1"",5.0375],""2"":[""mm"",""dropped:r3"",4.5563],""3"":[""mm"",""dropped:r2"",4.8063],""4"":[""mm"",""dropped:r2"",4.6],""5"":[""cuthill"",""final"",4.425],""6"":[""clmm"",""dropped:r1"",5.4562],""7"":[""clmm-core"",""dropped:r1"",5.1937]}}"
Z12,160,0.05,908,11,bestof8-seq,SUCCESS,1,4.7812,4.6562,10,765,28.1499,mm[run3],614,,"{""per_run_s"":7.5,""accs"":[5.7188,5.125,4.9562,4.7812,5.0,5.0187,5.1625,5.3]}"
Z12,160,0.05,908,11,bestof8-par,SUCCESS,1,4.7812,4.6562,10,765,4.5222,mm[run3],614,,"{""per_run_s"":60.0,""accs"":[5.7188,5.125,4.9562,4.7812,5.0,5.0187,5.1625,5.3],""used_s"":[2.8,4.5,4.4,3.6,3.5,3.7,3.6,2.8]}"
Z12,160,0.05,908,11,race8-par,SUCCESS,1,4.3937,4.2875,9,703,60.0376,mm[2]@q3,614,,"{""final_survivor"":2,""elapsed_s"":60.037,""arms"":{""0"":[""template"",""floor"",6.9062],""1"":[""mm"",""dropped:r1"",5.0375],""2"":[""mm"",""final"",4.3937],""3"":[""mm"",""dropped:r2"",4.8063],""4"":[""mm"",""dropped:r2"",4.6],""5"":[""cuthill"",""dropped:r3"",4.425],""6"":[""clmm"",""dropped:r1"",5.4562],""7"":[""clmm-core"",""dropped:r1"",5.1937]}}"
Z12,160,0.05,908,12,race8-seq,SUCCESS,1,4.55,4.4625,9,728,60.0707,mm[4]@q3,614,,"{""final_survivor"":4,""elapsed_s"":60.07,""arms"":{""0"":[""template"",""floor"",6.9062],""1"":[""mm"",""dropped:r3"",4.6063],""2"":[""mm"",""dropped:r2"",4.65],""3"":[""mm"",""dropped:r1"",5.4562],""4"":[""mm"",""final"",4.55],""5"":[""cuthill"",""dropped:r2"",4.725],""6"":[""clmm"",""dropped:r1"",5.575],""7"":[""clmm-core"",""dropped:r1"",5.3563]}}"
Z12,160,0.05,908,12,bestof8-seq,SUCCESS,1,4.6312,4.4938,11,741,31.0116,mm[run0],614,,"{""per_run_s"":7.5,""accs"":[4.6312,4.8563,5.275,5.1375,5.3063,5.1125,5.1688,5.1625]}"
Z12,160,0.05,908,12,bestof8-par,SUCCESS,1,4.6312,4.4938,11,741,5.809,mm[run0],614,,"{""per_run_s"":60.0,""accs"":[4.6312,4.8563,5.275,5.1375,5.3063,5.1125,5.1688,5.1625],""used_s"":[4.7,5.8,3.4,4.0,2.7,3.2,3.4,4.2]}"
Z12,160,0.05,908,12,race8-par,SUCCESS,1,4.3312,4.2438,8,693,60.0496,mm[4]@final6,614,,"{""final_survivor"":4,""elapsed_s"":60.049,""arms"":{""0"":[""template"",""floor"",6.9062],""1"":[""mm"",""dropped:r3"",4.6063],""2"":[""mm"",""dropped:r2"",4.65],""3"":[""mm"",""dropped:r1"",5.4562],""4"":[""mm"",""final"",4.3312],""5"":[""cuthill"",""dropped:r2"",4.725],""6"":[""clmm"",""dropped:r1"",5.575],""7"":[""clmm-core"",""dropped:r1"",5.3563]}}"
Z12,160,0.05,908,13,race8-seq,SUCCESS,1,4.5687,4.4437,10,731,60.0208,mm[1]@q3,614,,"{""final_survivor"":1,""elapsed_s"":60.02,""arms"":{""0"":[""template"",""floor"",6.9062],""1"":[""mm"",""final"",4.5687],""2"":[""mm"",""dropped:r1"",5.2],""3"":[""mm"",""dropped:r1"",5.0563],""4"":[""mm"",""dropped:r3"",4.7062],""5"":[""cuthill"",""dropped:r2"",4.7938],""6"":[""clmm"",""dropped:r2"",4.8],""7"":[""clmm-core"",""dropped:r1"",5.0938]}}"
Z12,160,0.05,908,13,bestof8-seq,SUCCESS,1,4.925,4.75,11,788,34.1342,mm[run5],614,,"{""per_run_s"":7.5,""accs"":[5.3625,5.3875,5.6688,5.0812,4.9813,4.925,5.0875,4.9562]}"
Z12,160,0.05,908,13,bestof8-par,SUCCESS,1,4.925,4.75,11,788,6.3162,mm[run5],614,,"{""per_run_s"":60.0,""accs"":[5.3625,5.3875,5.6688,5.0812,4.9813,4.925,5.0875,4.9562],""used_s"":[3.3,3.4,3.0,4.5,6.3,4.8,5.7,3.3]}"
Z12,160,0.05,908,13,race8-par,SUCCESS,1,4.2,4.1312,8,672,60.0804,mm[1]@final11,614,,"{""final_survivor"":1,""elapsed_s"":60.08,""arms"":{""0"":[""template"",""floor"",6.9062],""1"":[""mm"",""final"",4.2],""2"":[""mm"",""dropped:r1"",5.2],""3"":[""mm"",""dropped:r1"",5.0563],""4"":[""mm"",""dropped:r3"",4.5812],""5"":[""cuthill"",""dropped:r2"",4.7938],""6"":[""clmm"",""dropped:r2"",4.8],""7"":[""clmm-core"",""dropped:r1"",5.0938]}}"
Z12,160,0.05,908,14,race8-seq,SUCCESS,1,4.7562,4.5687,11,761,60.024,mm[1]@q2,614,,"{""final_survivor"":1,""elapsed_s"":60.024,""arms"":{""0"":[""template"",""floor"",6.9062],""1"":[""mm"",""final"",4.7562],""2"":[""mm"",""dropped:r2"",4.8375],""3"":[""mm"",""dropped:r3"",4.7812],""4"":[""mm"",""dropped:r2"",4.9688],""5"":[""cuthill"",""dropped:r1"",5.3187],""6"":[""clmm"",""dropped:r1"",5.4562],""7"":[""clmm-core"",""dropped:r1"",5.5625]}}"
Z12,160,0.05,908,14,bestof8-seq,SUCCESS,1,4.8125,4.675,10,770,33.7578,mm[run5],614,,"{""per_run_s"":7.5,""accs"":[5.1375,4.8375,4.9938,5.3,5.3937,4.8125,5.3063,5.0563]}"
Z12,160,0.05,908,14,bestof8-par,SUCCESS,1,4.8125,4.675,10,770,5.5331,mm[run5],614,,"{""per_run_s"":60.0,""accs"":[5.1375,4.8375,4.9938,5.3,5.3937,4.8125,5.3063,5.0563],""used_s"":[3.4,5.0,5.5,3.1,4.4,5.2,2.9,4.8]}"
Z12,160,0.05,908,14,race8-par,SUCCESS,1,4.2625,4.1688,9,682,60.0551,mm[1]@final8,614,,"{""final_survivor"":1,""elapsed_s"":60.054,""arms"":{""0"":[""template"",""floor"",6.9062],""1"":[""mm"",""final"",4.2625],""2"":[""mm"",""dropped:r2"",4.8375],""3"":[""mm"",""dropped:r3"",4.7812],""4"":[""mm"",""dropped:r2"",5.0062],""5"":[""cuthill"",""dropped:r1"",5.3187],""6"":[""clmm"",""dropped:r1"",5.4562],""7"":[""clmm-core"",""dropped:r1"",5.5625]}}"
Z12,160,0.05,909,10,race8-seq,SUCCESS,1,4.8688,4.6813,10,779,60.0257,mm[2]@q3,663,,"{""final_survivor"":2,""elapsed_s"":60.025,""arms"":{""0"":[""template"",""floor"",6.85],""1"":[""mm"",""dropped:r2"",5.4938],""2"":[""mm"",""final"",4.8688],""3"":[""mm"",""dropped:r1"",5.6],""4"":[""mm"",""dropped:r1"",5.525],""5"":[""cuthill"",""dropped:r3"",5.1937],""6"":[""clmm"",""dropped:r2"",5.4313],""7"":[""clmm-core"",""dropped:r1"",6.1125]}}"
Z12,160,0.05,909,10,bestof8-seq,SUCCESS,1,5.375,5.2062,12,860,38.2434,mm[run5],663,,"{""per_run_s"":7.5,""accs"":[5.3937,5.5563,5.5687,5.4375,5.4062,5.375,5.8812,5.5438]}"
Z12,160,0.05,909,10,bestof8-par,SUCCESS,1,5.375,5.2062,12,860,6.8467,mm[run5],663,,"{""per_run_s"":60.0,""accs"":[5.3937,5.5563,5.5687,5.4375,5.4062,5.375,5.8812,5.5438],""used_s"":[6.8,5.8,4.6,5.1,5.5,4.4,3.0,3.2]}"
Z12,160,0.05,909,10,race8-par,SUCCESS,1,4.5,4.3438,10,720,60.0532,mm[2]@final10,663,,"{""final_survivor"":2,""elapsed_s"":60.052,""arms"":{""0"":[""template"",""floor"",6.85],""1"":[""mm"",""dropped:r2"",5.4938],""2"":[""mm"",""final"",4.5],""3"":[""mm"",""dropped:r1"",5.6],""4"":[""mm"",""dropped:r1"",5.7062],""5"":[""cuthill"",""dropped:r3"",5.1937],""6"":[""clmm"",""dropped:r2"",5.4313],""7"":[""clmm-core"",""dropped:r1"",6.1125]}}"
Z12,160,0.05,909,11,race8-seq,SUCCESS,1,4.7562,4.6063,10,761,60.0498,mm[3]@q3,663,,"{""final_survivor"":3,""elapsed_s"":60.049,""arms"":{""0"":[""template"",""floor"",6.85],""1"":[""mm"",""dropped:r2"",5.1],""2"":[""mm"",""dropped:r1"",5.6813],""3"":[""mm"",""final"",4.7562],""4"":[""mm"",""dropped:r3"",5.0687],""5"":[""cuthill"",""dropped:r2"",5.2375],""6"":[""clmm"",""dropped:r1"",6.3937],""7"":[""clmm-core"",""dropped:r1"",6.0]}}"
Z12,160,0.05,909,11,bestof8-seq,SUCCESS,1,4.8812,4.7562,10,781,44.0067,mm[run1],663,,"{""per_run_s"":7.5,""accs"":[5.45,4.8812,5.7438,5.1312,5.4313,5.35,5.3625,5.3312]}"
Z12,160,0.05,909,11,bestof8-par,SUCCESS,1,4.8,4.6937,10,768,9.4355,mm[run1],663,,"{""per_run_s"":60.0,""accs"":[5.45,4.8,5.7438,5.1312,5.4313,5.35,5.3625,5.3312],""used_s"":[4.5,9.4,5.0,5.3,4.9,4.6,6.9,5.8]}"
Z12,160,0.05,909,11,race8-par,SUCCESS,1,4.5312,4.45,9,725,60.0638,mm[3]@final3,663,,"{""final_survivor"":3,""elapsed_s"":60.063,""arms"":{""0"":[""template"",""floor"",6.85],""1"":[""mm"",""dropped:r2"",5.1],""2"":[""mm"",""dropped:r1"",5.6813],""3"":[""mm"",""final"",4.5312],""4"":[""mm"",""dropped:r3"",4.9313],""5"":[""cuthill"",""dropped:r2"",5.2375],""6"":[""clmm"",""dropped:r1"",6.3937],""7"":[""clmm-core"",""dropped:r1"",6.0]}}"
Z12,160,0.05,909,12,race8-seq,SUCCESS,1,5.0312,4.9062,10,805,60.0403,mm[4]@q3,663,,"{""final_survivor"":4,""elapsed_s"":60.04,""arms"":{""0"":[""template"",""floor"",6.85],""1"":[""mm"",""dropped:r2"",5.4188],""2"":[""mm"",""dropped:r1"",5.7812],""3"":[""mm"",""dropped:r3"",5.25],""4"":[""mm"",""final"",5.0312],""5"":[""cuthill"",""dropped:r2"",5.2687],""6"":[""clmm"",""dropped:r1"",5.8625],""7"":[""clmm-core"",""dropped:r1"",6.2]}}"
Z12,160,0.05,909,12,bestof8-seq,SUCCESS,1,5.4313,5.2125,11,869,37.7318,mm[run6],663,,"{""per_run_s"":7.5,""accs"":[5.5875,6.1437,5.6,5.6562,5.5438,5.4625,5.4313,5.625]}"
Z12,160,0.05,909,12,bestof8-par,SUCCESS,1,5.4313,5.2125,11,869,7.1702,mm[run6],663,,"{""per_run_s"":60.0,""accs"":[5.5875,6.1437,5.6,5.6562,5.5438,5.4625,5.4313,5.625],""used_s"":[3.9,3.0,5.9,3.3,7.1,4.1,5.3,5.0]}"
Z12,160,0.05,909,12,race8-par,SUCCESS,1,4.8625,4.725,9,778,60.0926,mm[4]@final6,663,,"{""final_survivor"":4,""elapsed_s"":60.092,""arms"":{""0"":[""template"",""floor"",6.85],""1"":[""mm"",""dropped:r2"",5.4188],""2"":[""mm"",""dropped:r1"",5.7812],""3"":[""mm"",""dropped:r3"",5.1875],""4"":[""mm"",""final"",4.8625],""5"":[""cuthill"",""dropped:r2"",5.2687],""6"":[""clmm"",""dropped:r1"",5.8625],""7"":[""clmm-core"",""dropped:r1"",6.2]}}"
Z12,160,0.05,909,13,race8-seq,SUCCESS,1,4.9625,4.8125,11,794,60.074,mm[2]@q3,663,,"{""final_survivor"":2,""elapsed_s"":60.073,""arms"":{""0"":[""template"",""floor"",6.85],""1"":[""mm"",""dropped:r2"",5.4188],""2"":[""mm"",""final"",4.9625],""3"":[""mm"",""dropped:r1"",5.5563],""4"":[""mm"",""dropped:r3"",5.1312],""5"":[""cuthill"",""dropped:r2"",5.2188],""6"":[""clmm"",""dropped:r1"",5.6875],""7"":[""clmm-core"",""dropped:r1"",5.6]}}"
Z12,160,0.05,909,13,bestof8-seq,SUCCESS,1,5.2687,5.1063,12,843,38.1107,mm[run7],663,,"{""per_run_s"":7.5,""accs"":[6.15,5.5312,6.2938,5.2812,5.6937,5.6625,5.5,5.2687]}"
Z12,160,0.05,909,13,bestof8-par,SUCCESS,1,5.2687,5.1063,12,843,8.7198,mm[run7],663,,"{""per_run_s"":60.0,""accs"":[6.15,5.5312,6.2938,5.2812,5.6937,5.6625,5.5,5.2687],""used_s"":[2.7,4.9,2.9,5.5,4.9,4.3,5.7,8.7]}"
Z12,160,0.05,909,13,race8-par,SUCCESS,1,4.7812,4.6437,9,765,60.1031,mm[4]@final4,663,,"{""final_survivor"":4,""elapsed_s"":60.102,""arms"":{""0"":[""template"",""floor"",6.85],""1"":[""mm"",""dropped:r1"",5.5812],""2"":[""mm"",""dropped:r3"",4.9625],""3"":[""mm"",""dropped:r2"",5.4062],""4"":[""mm"",""final"",4.7812],""5"":[""cuthill"",""dropped:r2"",5.2188],""6"":[""clmm"",""dropped:r1"",5.6875],""7"":[""clmm-core"",""dropped:r1"",5.6]}}"
Z12,160,0.05,909,14,race8-seq,SUCCESS,1,4.7875,4.7062,10,766,60.047,mm[3]@q2,663,,"{""final_survivor"":3,""elapsed_s"":60.047,""arms"":{""0"":[""template"",""floor"",6.85],""1"":[""mm"",""dropped:r1"",5.5375],""2"":[""mm"",""dropped:r2"",5.3625],""3"":[""mm"",""final"",4.7875],""4"":[""mm"",""dropped:r1"",5.825],""5"":[""cuthill"",""dropped:r2"",5.3375],""6"":[""clmm"",""dropped:r3"",5.325],""7"":[""clmm-core"",""dropped:r1"",6.0]}}"
Z12,160,0.05,909,14,bestof8-seq,SUCCESS,1,5.1813,5.0062,11,829,39.9945,mm[run5],663,,"{""per_run_s"":7.5,""accs"":[5.275,5.9062,5.4188,5.45,5.925,5.1813,5.55,5.45]}"
Z12,160,0.05,909,14,bestof8-par,SUCCESS,1,5.1813,5.0062,11,829,6.3833,mm[run5],663,,"{""per_run_s"":60.0,""accs"":[5.275,5.9062,5.4188,5.45,5.925,5.1813,5.55,5.45],""used_s"":[6.4,4.8,5.2,3.9,3.8,5.5,6.2,4.9]}"
Z12,160,0.05,909,14,race8-par,SUCCESS,1,4.6875,4.5812,9,750,60.0469,mm[3]@final5,663,,"{""final_survivor"":3,""elapsed_s"":60.046,""arms"":{""0"":[""template"",""floor"",6.85],""1"":[""mm"",""dropped:r1"",5.5938],""2"":[""mm"",""dropped:r2"",5.3625],""3"":[""mm"",""final"",4.6875],""4"":[""mm"",""dropped:r1"",5.825],""5"":[""cuthill"",""dropped:r2"",5.3375],""6"":[""clmm"",""dropped:r3"",5.325],""7"":[""clmm-core"",""dropped:r1"",6.0]}}"
Z12,160,0.05,910,10,race8-seq,SUCCESS,1,4.5812,4.5312,9,733,60.0876,mm[1]@q3,632,,"{""final_survivor"":1,""elapsed_s"":60.087,""arms"":{""0"":[""template"",""floor"",7.1],""1"":[""mm"",""final"",4.5812],""2"":[""mm"",""dropped:r2"",5.0375],""3"":[""mm"",""dropped:r2"",5.1437],""4"":[""mm"",""dropped:r3"",4.9375],""5"":[""cuthill"",""dropped:r1"",5.3187],""6"":[""clmm"",""dropped:r1"",5.625],""7"":[""clmm-core"",""dropped:r1"",5.525]}}"
Z12,160,0.05,910,10,bestof8-seq,SUCCESS,1,4.8063,4.6688,10,769,37.2898,mm[run1],632,,"{""per_run_s"":7.5,""accs"":[4.95,4.8063,5.25,5.0438,5.5187,5.3125,4.8688,5.4688]}"
Z12,160,0.05,910,10,bestof8-par,SUCCESS,1,4.8063,4.6688,10,769,7.1168,mm[run1],632,,"{""per_run_s"":60.0,""accs"":[4.95,4.8063,5.25,5.0438,5.5187,5.3125,4.8688,5.4688],""used_s"":[6.6,7.1,3.8,5.1,2.9,3.4,5.2,3.2]}"
Z12,160,0.05,910,10,race8-par,SUCCESS,1,4.5812,4.5312,9,733,60.0437,mm[1]@q3,632,,"{""final_survivor"":1,""elapsed_s"":60.043,""arms"":{""0"":[""template"",""floor"",7.1],""1"":[""mm"",""final"",4.5812],""2"":[""mm"",""dropped:r2"",5.0375],""3"":[""mm"",""dropped:r2"",5.0812],""4"":[""mm"",""dropped:r3"",4.7938],""5"":[""cuthill"",""dropped:r1"",5.3187],""6"":[""clmm"",""dropped:r1"",5.625],""7"":[""clmm-core"",""dropped:r1"",5.525]}}"
Z12,160,0.05,910,11,race8-seq,SUCCESS,1,4.7188,4.5875,10,755,60.0295,mm[1]@q3,632,,"{""final_survivor"":1,""elapsed_s"":60.029,""arms"":{""0"":[""template"",""floor"",7.1],""1"":[""mm"",""final"",4.7188],""2"":[""mm"",""dropped:r3"",4.7875],""3"":[""mm"",""dropped:r2"",5.0187],""4"":[""mm"",""dropped:r2"",4.825],""5"":[""cuthill"",""dropped:r1"",5.1937],""6"":[""clmm"",""dropped:r1"",5.1875],""7"":[""clmm-core"",""dropped:r1"",5.4062]}}"
Z12,160,0.05,910,11,bestof8-seq,SUCCESS,1,4.7438,4.625,10,759,39.9301,mm[run5],632,,"{""per_run_s"":7.5,""accs"":[5.0438,5.35,4.9313,5.3937,4.975,4.7438,5.0625,4.9562]}"
Z12,160,0.05,910,11,bestof8-par,SUCCESS,1,4.7438,4.625,10,759,7.4681,mm[run5],632,,"{""per_run_s"":60.0,""accs"":[5.0438,5.35,4.9313,5.3937,4.975,4.7438,5.0625,4.9562],""used_s"":[4.7,4.7,4.6,3.3,5.0,7.4,4.1,6.4]}"
Z12,160,0.05,910,11,race8-par,SUCCESS,1,4.575,4.4562,9,732,60.097,mm[2]@final3,632,,"{""final_survivor"":2,""elapsed_s"":60.096,""arms"":{""0"":[""template"",""floor"",7.1],""1"":[""mm"",""dropped:r3"",4.7188],""2"":[""mm"",""final"",4.575],""3"":[""mm"",""dropped:r2"",5.0187],""4"":[""mm"",""dropped:r2"",4.7875],""5"":[""cuthill"",""dropped:r1"",5.1937],""6"":[""clmm"",""dropped:r1"",5.1875],""7"":[""clmm-core"",""dropped:r1"",5.4062]}}"
Z12,160,0.05,910,12,race8-seq,SUCCESS,1,4.625,4.5375,10,740,60.0146,mm[2]@q2,632,,"{""final_survivor"":2,""elapsed_s"":60.014,""arms"":{""0"":[""template"",""floor"",7.1],""1"":[""mm"",""dropped:r3"",4.8875],""2"":[""mm"",""final"",4.625],""3"":[""mm"",""dropped:r1"",5.1875],""4"":[""mm"",""dropped:r1"",5.5438],""5"":[""cuthill"",""dropped:r2"",5.1625],""6"":[""clmm"",""dropped:r2"",5.1],""7"":[""clmm-core"",""dropped:r1"",5.3312]}}"
Z12,160,0.05,910,12,bestof8-seq,SUCCESS,1,4.7875,4.6188,10,766,35.5697,mm[run7],632,,"{""per_run_s"":7.5,""accs"":[5.4813,5.3,5.3187,5.4813,5.1688,5.5187,5.2625,4.7875]}"
Z12,160,0.05,910,12,bestof8-par,SUCCESS,1,4.7875,4.6188,10,766,6.9654,mm[run7],632,,"{""per_run_s"":60.0,""accs"":[5.4813,5.3,5.3187,5.4813,5.1688,5.5187,5.2625,4.7875],""used_s"":[3.6,4.6,2.8,3.9,5.1,4.7,4.9,6.9]}"
Z12,160,0.05,910,12,race8-par,SUCCESS,1,4.5062,4.4,9,721,60.0535,mm[2]@final8,632,,"{""final_survivor"":2,""elapsed_s"":60.053,""arms"":{""0"":[""template"",""floor"",7.1],""1"":[""mm"",""dropped:r3"",4.8875],""2"":[""mm"",""final"",4.5062],""3"":[""mm"",""dropped:r2"",4.9875],""4"":[""mm"",""dropped:r1"",5.5438],""5"":[""cuthill"",""dropped:r2"",5.1625],""6"":[""clmm"",""dropped:r1"",5.375],""7"":[""clmm-core"",""dropped:r1"",5.3312]}}"
Z12,160,0.05,910,13,race8-seq,SUCCESS,1,4.5812,4.4625,10,733,60.0531,mm[1]@q3,632,,"{""final_survivor"":1,""elapsed_s"":60.053,""arms"":{""0"":[""template"",""floor"",7.1],""1"":[""mm"",""final"",4.5812],""2"":[""mm"",""dropped:r2"",4.9938],""3"":[""mm"",""dropped:r1"",5.225],""4"":[""mm"",""dropped:r3"",4.75],""5"":[""cuthill"",""dropped:r2"",4.8812],""6"":[""clmm"",""dropped:r1"",5.475],""7"":[""clmm-core"",""dropped:r1"",5.4625]}}"
Z12,160,0.05,910,13,bestof8-seq,SUCCESS,1,4.975,4.8187,11,796,34.3441,mm[run2],632,,"{""per_run_s"":7.5,""accs"":[5.3063,5.8375,4.975,5.1562,5.25,5.1063,5.35,5.0187]}"
Z12,160,0.05,910,13,bestof8-par,SUCCESS,1,4.975,4.8187,11,796,5.7235,mm[run2],632,,"{""per_run_s"":60.0,""accs"":[5.3063,5.8375,4.975,5.1562,5.25,5.1063,5.35,5.0187],""used_s"":[4.8,3.5,5.7,4.5,4.6,3.9,3.2,4.5]}"
Z12,160,0.05,910,13,race8-par,SUCCESS,1,4.475,4.375,9,716,60.0347,mm[1]@q3,632,,"{""final_survivor"":1,""elapsed_s"":60.034,""arms"":{""0"":[""template"",""floor"",7.1],""1"":[""mm"",""final"",4.475],""2"":[""mm"",""dropped:r2"",4.9938],""3"":[""mm"",""dropped:r1"",5.225],""4"":[""mm"",""dropped:r3"",4.8438],""5"":[""cuthill"",""dropped:r2"",4.8812],""6"":[""clmm"",""dropped:r1"",5.475],""7"":[""clmm-core"",""dropped:r1"",5.4625]}}"
Z12,160,0.05,910,14,race8-seq,SUCCESS,1,4.8125,4.7062,9,770,60.0368,mm[2]@q3,632,,"{""final_survivor"":2,""elapsed_s"":60.036,""arms"":{""0"":[""template"",""floor"",7.1],""1"":[""mm"",""dropped:r2"",4.9375],""2"":[""mm"",""final"",4.8125],""3"":[""mm"",""dropped:r1"",5.2625],""4"":[""mm"",""dropped:r3"",4.825],""5"":[""cuthill"",""dropped:r2"",4.9938],""6"":[""clmm"",""dropped:r1"",5.425],""7"":[""clmm-core"",""dropped:r1"",5.7125]}}"
Z12,160,0.05,910,14,bestof8-seq,SUCCESS,1,5.1437,4.925,11,823,28.681,mm[run6],632,,"{""per_run_s"":7.5,""accs"":[5.3937,5.6875,5.3688,5.225,5.5,5.4188,5.1437,5.725]}"
Z12,160,0.05,910,14,bestof8-par,SUCCESS,1,5.1437,4.925,11,823,5.4401,mm[run6],632,,"{""per_run_s"":60.0,""accs"":[5.3937,5.6875,5.3688,5.225,5.5,5.4188,5.1437,5.725],""used_s"":[3.9,3.0,2.8,5.4,3.0,3.1,4.0,4.2]}"
Z12,160,0.05,910,14,race8-par,SUCCESS,1,4.7,4.6188,9,752,60.029,mm[2]@final1,632,,"{""final_survivor"":2,""elapsed_s"":60.028,""arms"":{""0"":[""template"",""floor"",7.1],""1"":[""mm"",""dropped:r3"",4.9375],""2"":[""mm"",""final"",4.7],""3"":[""mm"",""dropped:r2"",5.0312],""4"":[""mm"",""dropped:r1"",5.2562],""5"":[""cuthill"",""dropped:r2"",4.9938],""6"":[""clmm"",""dropped:r1"",5.5],""7"":[""clmm-core"",""dropped:r1"",5.7125]}}"
Z12,160,0.05,911,10,race8-seq,SUCCESS,1,4.3688,4.2687,9,699,60.0162,mm[3]@q3,601,,"{""final_survivor"":3,""elapsed_s"":60.016,""arms"":{""0"":[""template"",""floor"",6.8875],""1"":[""mm"",""dropped:r1"",5.0563],""2"":[""mm"",""dropped:r3"",4.4437],""3"":[""mm"",""final"",4.3688],""4"":[""mm"",""dropped:r2"",4.7],""5"":[""cuthill"",""dropped:r2"",4.7625],""6"":[""clmm"",""dropped:r1"",5.1],""7"":[""clmm-core"",""dropped:r1"",5.6625]}}"
Z12,160,0.05,911,10,bestof8-seq,SUCCESS,1,4.8438,4.6875,11,775,28.7172,mm[run7],601,,"{""per_run_s"":7.5,""accs"":[5.025,5.1125,5.6312,5.275,5.1688,5.0812,5.0687,4.8438]}"
Z12,160,0.05,911,10,bestof8-par,SUCCESS,1,4.8438,4.6875,11,775,5.2246,mm[run7],601,,"{""per_run_s"":60.0,""accs"":[5.025,5.1125,5.6312,5.275,5.1688,5.0812,5.0687,4.8438],""used_s"":[4.1,2.9,2.1,2.3,3.4,5.2,4.5,4.7]}"
Z12,160,0.05,911,10,race8-par,SUCCESS,1,4.1437,4.0563,8,663,60.0271,mm[2]@final11,601,,"{""final_survivor"":2,""elapsed_s"":60.026,""arms"":{""0"":[""template"",""floor"",6.8875],""1"":[""mm"",""dropped:r1"",5.0563],""2"":[""mm"",""final"",4.1437],""3"":[""mm"",""dropped:r3"",4.4625],""4"":[""mm"",""dropped:r2"",4.7],""5"":[""cuthill"",""dropped:r2"",4.7625],""6"":[""clmm"",""dropped:r1"",5.1],""7"":[""clmm-core"",""dropped:r1"",5.6625]}}"
Z12,160,0.05,911,11,race8-seq,SUCCESS,1,4.3063,4.1688,9,689,60.0345,mm[1]@q3,601,,"{""final_survivor"":1,""elapsed_s"":60.034,""arms"":{""0"":[""template"",""floor"",6.8875],""1"":[""mm"",""final"",4.3063],""2"":[""mm"",""dropped:r3"",4.5375],""3"":[""mm"",""dropped:r2"",4.675],""4"":[""mm"",""dropped:r1"",4.9062],""5"":[""cuthill"",""dropped:r2"",4.6437],""6"":[""clmm"",""dropped:r1"",5.5062],""7"":[""clmm-core"",""dropped:r1"",5.5875]}}"
Z12,160,0.05,911,11,bestof8-seq,SUCCESS,1,4.8063,4.65,10,769,37.2713,mm[run4],601,,"{""per_run_s"":7.5,""accs"":[5.1312,4.85,4.8187,4.9562,4.8063,5.0062,4.95,5.1375]}"
Z12,160,0.05,911,11,bestof8-par,SUCCESS,1,4.8063,4.65,10,769,5.9487,mm[run4],601,,"{""per_run_s"":60.0,""accs"":[5.1312,4.85,4.8187,4.9562,4.8063,5.0062,4.95,5.1375],""used_s"":[5.9,4.4,4.4,4.2,4.7,4.5,4.7,4.7]}"
Z12,160,0.05,911,11,race8-par,SUCCESS,1,4.2938,4.1813,9,687,60.0589,mm[1]@final2,601,,"{""final_survivor"":1,""elapsed_s"":60.058,""arms"":{""0"":[""template"",""floor"",6.8875],""1"":[""mm"",""final"",4.2938],""2"":[""mm"",""dropped:r3"",4.5312],""3"":[""mm"",""dropped:r2"",4.675],""4"":[""mm"",""dropped:r2"",4.6562],""5"":[""cuthill"",""dropped:r1"",4.975],""6"":[""clmm"",""dropped:r1"",5.5062],""7"":[""clmm-core"",""dropped:r1"",5.5875]}}"
Z12,160,0.05,911,12,race8-seq,SUCCESS,1,4.4125,4.3625,10,706,60.0628,mm[4]@q3,601,,"{""final_survivor"":4,""elapsed_s"":60.062,""arms"":{""0"":[""template"",""floor"",6.8875],""1"":[""mm"",""dropped:r3"",4.5312],""2"":[""mm"",""dropped:r2"",4.9938],""3"":[""mm"",""dropped:r1"",5.0875],""4"":[""mm"",""final"",4.4125],""5"":[""cuthill"",""dropped:r2"",4.725],""6"":[""clmm"",""dropped:r1"",5.125],""7"":[""clmm-core"",""dropped:r1"",5.2875]}}"
Z12,160,0.05,911,12,bestof8-seq,SUCCESS,1,4.5875,4.4813,11,734,30.5612,mm[run6],601,,"{""per_run_s"":7.5,""accs"":[5.2062,5.3187,4.8375,4.925,4.9688,4.8312,4.5875,5.4625]}"
Z12,160,0.05,911,12,bestof8-par,SUCCESS,1,4.5875,4.4813,11,734,6.1195,mm[run6],601,,"{""per_run_s"":60.0,""accs"":[5.2062,5.3187,4.8375,4.925,4.9688,4.8312,4.5875,5.4625],""used_s"":[2.5,3.0,3.8,4.9,6.1,4.3,4.0,2.7]}"
Z12,160,0.05,911,12,race8-par,SUCCESS,1,4.4188,4.3312,9,707,60.0563,mm[1]@final4,601,,"{""final_survivor"":1,""elapsed_s"":60.056,""arms"":{""0"":[""template"",""floor"",6.8875],""1"":[""mm"",""final"",4.4188],""2"":[""mm"",""dropped:r2"",4.775],""3"":[""mm"",""dropped:r1"",5.0875],""4"":[""mm"",""dropped:r2"",4.7438],""5"":[""cuthill"",""dropped:r3"",4.725],""6"":[""clmm"",""dropped:r1"",5.275],""7"":[""clmm-core"",""dropped:r1"",5.2875]}}"
Z12,160,0.05,911,14,race8-seq,SUCCESS,1,4.375,4.225,9,700,60.0346,cuthill[5]@q3,601,,"{""final_survivor"":5,""elapsed_s"":60.034,""arms"":{""0"":[""template"",""floor"",6.8875],""1"":[""mm"",""dropped:r2"",4.7875],""2"":[""mm"",""dropped:r1"",5.1875],""3"":[""mm"",""dropped:r2"",4.775],""4"":[""mm"",""dropped:r3"",4.5312],""5"":[""cuthill"",""final"",4.375],""6"":[""clmm"",""dropped:r1"",5.4813],""7"":[""clmm-core"",""dropped:r1"",5.7062]}}"
Z12,160,0.05,911,14,bestof8-seq,SUCCESS,1,4.5875,4.475,10,734,30.7432,mm[run3],601,,"{""per_run_s"":7.5,""accs"":[5.1437,4.95,5.0187,4.5875,4.925,5.0062,4.7938,5.3937]}"
Z12,160,0.05,911,14,bestof8-par,SUCCESS,1,4.5875,4.475,10,734,6.3502,mm[run3],601,,"{""per_run_s"":60.0,""accs"":[5.1437,4.95,5.0187,4.5875,4.925,5.0062,4.7938,5.3937],""used_s"":[3.0,3.2,4.2,6.3,2.7,3.3,4.2,4.0]}"
Z12,160,0.05,911,14,race8-par,SUCCESS,1,4.1562,4.0938,8,665,60.0407,cuthill[5]@final4,601,,"{""final_survivor"":5,""elapsed_s"":60.04,""arms"":{""0"":[""template"",""floor"",6.8875],""1"":[""mm"",""dropped:r2"",4.7875],""2"":[""mm"",""dropped:r1"",5.1875],""3"":[""mm"",""dropped:r2"",4.775],""4"":[""mm"",""dropped:r3"",4.5875],""5"":[""cuthill"",""final"",4.1562],""6"":[""clmm"",""dropped:r1"",5.4813],""7"":[""clmm-core"",""dropped:r1"",5.7062]}}"
Z12,160,0.05,911,13,race8-seq,SUCCESS,1,4.6312,4.4875,11,741,60.0918,cuthill[5]@q1,601,,"{""final_survivor"":2,""elapsed_s"":60.091,""arms"":{""0"":[""template"",""floor"",6.8875],""1"":[""mm"",""dropped:r1"",5.0625],""2"":[""mm"",""final"",4.6312],""3"":[""mm"",""dropped:r2"",4.825],""4"":[""mm"",""dropped:r2"",4.7938],""5"":[""cuthill"",""dropped:r3"",4.6312],""6"":[""clmm"",""dropped:r1"",5.0812],""7"":[""clmm-core"",""dropped:r1"",5.5312]}}"
Z12,160,0.05,911,13,bestof8-seq,SUCCESS,1,4.7562,4.625,10,761,33.7907,mm[run5],601,,"{""per_run_s"":7.5,""accs"":[5.1188,5.3187,5.0438,5.25,5.15,4.7562,4.775,5.2062]}"
Z12,160,0.05,911,13,bestof8-par,SUCCESS,1,4.7562,4.625,10,761,5.786,mm[run5],601,,"{""per_run_s"":60.0,""accs"":[5.1188,5.3187,5.0438,5.25,5.15,4.7562,4.775,5.2062],""used_s"":[4.2,3.7,4.0,3.1,4.9,5.1,3.4,5.8]}"
Z12,160,0.05,911,13,race8-par,SUCCESS,1,4.2,4.1063,9,672,60.0631,cuthill[5]@final11,601,,"{""final_survivor"":5,""elapsed_s"":60.062,""arms"":{""0"":[""template"",""floor"",6.8875],""1"":[""mm"",""dropped:r1"",5.0625],""2"":[""mm"",""dropped:r3"",4.6312],""3"":[""mm"",""dropped:r2"",4.825],""4"":[""mm"",""dropped:r2"",4.7938],""5"":[""cuthill"",""final"",4.2],""6"":[""clmm"",""dropped:r1"",5.0812],""7"":[""clmm-core"",""dropped:r1"",5.5312]}}"
Z12,160,0.05,912,10,race8-seq,SUCCESS,1,5.1562,5.0062,10,825,60.0963,cuthill[5]@q3,669,,"{""final_survivor"":5,""elapsed_s"":60.096,""arms"":{""0"":[""template"",""floor"",7.275],""1"":[""mm"",""dropped:r2"",5.6875],""2"":[""mm"",""dropped:r2"",5.8375],""3"":[""mm"",""dropped:r1"",5.9938],""4"":[""mm"",""dropped:r1"",6.3187],""5"":[""cuthill"",""final"",5.1562],""6"":[""clmm"",""dropped:r3"",5.6125],""7"":[""clmm-core"",""dropped:r1"",9.5813]}}"
Z12,160,0.05,912,10,bestof8-seq,SUCCESS,1,5.2375,5.0875,10,838,41.2197,mm[run6],669,,"{""per_run_s"":7.5,""accs"":[6.375,6.0563,6.0375,5.5812,5.5438,5.7313,5.2375,5.7188]}"
Z12,160,0.05,912,10,bestof8-par,SUCCESS,1,5.2375,5.0875,10,838,8.0248,mm[run6],669,,"{""per_run_s"":60.0,""accs"":[6.375,6.0563,6.0375,5.5812,5.5438,5.7313,5.2375,5.7188],""used_s"":[2.4,3.2,4.5,8.0,6.0,6.7,6.5,4.4]}"
Z12,160,0.05,912,10,race8-par,SUCCESS,1,5.1813,5.0375,10,829,60.1051,cuthill[5]@final2,669,,"{""final_survivor"":5,""elapsed_s"":60.104,""arms"":{""0"":[""template"",""floor"",7.275],""1"":[""mm"",""dropped:r2"",5.7625],""2"":[""mm"",""dropped:r2"",5.8375],""3"":[""mm"",""dropped:r1"",5.9938],""4"":[""mm"",""dropped:r1"",6.3187],""5"":[""cuthill"",""final"",5.1813],""6"":[""clmm"",""dropped:r3"",5.5438],""7"":[""clmm-core"",""dropped:r1"",9.5813]}}"
Z12,160,0.05,912,11,race8-seq,SUCCESS,1,5.0375,4.9,11,806,60.0921,cuthill[5]@q3,669,,"{""final_survivor"":5,""elapsed_s"":60.092,""arms"":{""0"":[""template"",""floor"",7.275],""1"":[""mm"",""dropped:r2"",5.7687],""2"":[""mm"",""dropped:r2"",5.5312],""3"":[""mm"",""dropped:r1"",6.1],""4"":[""mm"",""dropped:r3"",5.3625],""5"":[""cuthill"",""final"",5.0375],""6"":[""clmm"",""dropped:r1"",6.6688],""7"":[""clmm-core"",""dropped:r1"",9.5813]}}"
Z12,160,0.05,912,11,bestof8-seq,SUCCESS,1,5.625,5.3812,13,900,33.0014,mm[run6],669,,"{""per_run_s"":7.5,""accs"":[6.0563,6.2375,5.7625,5.8312,6.2687,6.5375,5.625,5.8187]}"
Z12,160,0.05,912,11,bestof8-par,SUCCESS,1,5.625,5.3812,13,900,6.2669,mm[run6],669,,"{""per_run_s"":60.0,""accs"":[6.0563,6.2375,5.7625,5.8312,6.2687,6.5375,5.625,5.8187],""used_s"":[4.7,3.2,6.2,4.8,4.0,2.8,3.1,4.5]}"
Z12,160,0.05,912,11,race8-par,SUCCESS,1,4.8688,4.7375,10,779,60.0559,cuthill[5]@final12,669,,"{""final_survivor"":5,""elapsed_s"":60.055,""arms"":{""0"":[""template"",""floor"",7.275],""1"":[""mm"",""dropped:r2"",5.8563],""2"":[""mm"",""dropped:r2"",5.5312],""3"":[""mm"",""dropped:r1"",6.1],""4"":[""mm"",""dropped:r3"",5.3625],""5"":[""cuthill"",""final"",4.8688],""6"":[""clmm"",""dropped:r1"",6.6688],""7"":[""clmm-core"",""dropped:r1"",9.5813]}}"
Z12,160,0.05,912,12,race8-seq,SUCCESS,1,5.3438,5.1437,11,855,60.0611,mm[1]@q2,669,,"{""final_survivor"":1,""elapsed_s"":60.061,""arms"":{""0"":[""template"",""floor"",7.275],""1"":[""mm"",""final"",5.3438],""2"":[""mm"",""dropped:r3"",5.4375],""3"":[""mm"",""dropped:r2"",5.5375],""4"":[""mm"",""dropped:r1"",5.95],""5"":[""cuthill"",""dropped:r2"",5.6125],""6"":[""clmm"",""dropped:r1"",6.1063],""7"":[""clmm-core"",""dropped:r1"",9.5875]}}"
Z12,160,0.05,912,12,bestof8-seq,SUCCESS,1,5.3625,5.2125,11,858,44.9097,mm[run3],669,,"{""per_run_s"":7.5,""accs"":[5.6437,5.925,5.5563,5.3625,5.6813,6.0062,5.4813,5.3812]}"
Z12,160,0.05,912,12,bestof8-par,SUCCESS,1,5.3625,5.2125,11,858,8.3436,mm[run3],669,,"{""per_run_s"":60.0,""accs"":[5.6437,5.925,5.5563,5.3625,5.6813,6.0062,5.4813,5.3812],""used_s"":[6.0,4.4,6.5,8.3,4.3,4.1,6.3,6.3]}"
Z12,160,0.05,912,12,race8-par,SUCCESS,1,4.9437,4.825,9,791,60.0499,mm[1]@final10,669,,"{""final_survivor"":1,""elapsed_s"":60.049,""arms"":{""0"":[""template"",""floor"",7.275],""1"":[""mm"",""final"",4.9437],""2"":[""mm"",""dropped:r3"",5.4375],""3"":[""mm"",""dropped:r2"",5.5375],""4"":[""mm"",""dropped:r1"",5.95],""5"":[""cuthill"",""dropped:r2"",5.6125],""6"":[""clmm"",""dropped:r1"",6.1063],""7"":[""clmm-core"",""dropped:r1"",9.5875]}}"
Z12,160,0.05,912,13,race8-seq,SUCCESS,1,4.9938,4.8688,10,799,60.021,mm[1]@q3,669,,"{""final_survivor"":1,""elapsed_s"":60.021,""arms"":{""0"":[""template"",""floor"",7.275],""1"":[""mm"",""final"",4.9938],""2"":[""mm"",""dropped:r2"",5.325],""3"":[""mm"",""dropped:r2"",5.4],""4"":[""mm"",""dropped:r1"",5.9875],""5"":[""cuthill"",""dropped:r3"",5.3063],""6"":[""clmm"",""dropped:r1"",6.0],""7"":[""clmm-core"",""dropped:r1"",9.5625]}}"
Z12,160,0.05,912,13,bestof8-seq,SUCCESS,1,5.4375,5.2875,11,870,39.5918,mm[run1],669,,"{""per_run_s"":7.5,""accs"":[5.7875,5.4375,5.5312,5.55,5.7938,5.575,5.5062,5.6625]}"
Z12,160,0.05,912,13,bestof8-par,SUCCESS,1,5.4375,5.2875,11,870,6.196,mm[run1],669,,"{""per_run_s"":60.0,""accs"":[5.7875,5.4375,5.5312,5.55,5.7938,5.575,5.5062,5.6625],""used_s"":[4.8,3.9,5.5,3.6,6.2,5.7,4.7,5.4]}"
Z12,160,0.05,912,13,race8-par,SUCCESS,1,4.9688,4.8438,10,795,60.102,mm[1]@final3,669,,"{""final_survivor"":1,""elapsed_s"":60.101,""arms"":{""0"":[""template"",""floor"",7.275],""1"":[""mm"",""final"",4.9688],""2"":[""mm"",""dropped:r2"",5.325],""3"":[""mm"",""dropped:r2"",5.4],""4"":[""mm"",""dropped:r1"",5.9813],""5"":[""cuthill"",""dropped:r3"",5.2562],""6"":[""clmm"",""dropped:r1"",6.2687],""7"":[""clmm-core"",""dropped:r1"",9.5625]}}"
Z12,160,0.05,912,14,race8-seq,SUCCESS,1,5.1063,4.8875,11,817,60.0627,mm[2]@q3,669,,"{""final_survivor"":2,""elapsed_s"":60.062,""arms"":{""0"":[""template"",""floor"",7.275],""1"":[""mm"",""dropped:r3"",5.2188],""2"":[""mm"",""final"",5.1063],""3"":[""mm"",""dropped:r2"",5.3688],""4"":[""mm"",""dropped:r1"",6.0625],""5"":[""cuthill"",""dropped:r2"",5.5625],""6"":[""clmm"",""dropped:r1"",6.525],""7"":[""clmm-core"",""dropped:r1"",9.5813]}}"
Z12,160,0.05,912,14,bestof8-seq,SUCCESS,1,5.425,5.2313,11,868,41.0531,mm[run2],669,,"{""per_run_s"":7.5,""accs"":[5.525,5.95,5.425,6.0438,5.6188,5.4813,5.6625,5.7313]}"
Z12,160,0.05,912,14,bestof8-par,SUCCESS,1,5.425,5.2313,11,868,6.1928,mm[run2],669,,"{""per_run_s"":60.0,""accs"":[5.525,5.95,5.425,6.0438,5.6188,5.4813,5.6625,5.7313],""used_s"":[5.4,4.5,6.2,3.6,5.7,5.5,4.8,5.7]}"
Z12,160,0.05,912,14,race8-par,SUCCESS,1,4.7438,4.6375,10,759,60.0506,mm[2]@final12,669,,"{""final_survivor"":2,""elapsed_s"":60.05,""arms"":{""0"":[""template"",""floor"",7.275],""1"":[""mm"",""dropped:r3"",5.2188],""2"":[""mm"",""final"",4.7438],""3"":[""mm"",""dropped:r2"",5.3688],""4"":[""mm"",""dropped:r1"",6.0625],""5"":[""cuthill"",""dropped:r2"",5.5625],""6"":[""clmm"",""dropped:r1"",6.525],""7"":[""clmm-core"",""dropped:r1"",9.5813]}}"
Z12,160,0.05,913,10,race8-seq,SUCCESS,1,4.7,4.5938,10,752,60.0414,mm[3]@q2,621,,"{""final_survivor"":3,""elapsed_s"":60.041,""arms"":{""0"":[""template"",""floor"",6.8812],""1"":[""mm"",""dropped:r2"",4.8875],""2"":[""mm"",""dropped:r2"",4.875],""3"":[""mm"",""final"",4.7],""4"":[""mm"",""dropped:r3"",4.7188],""5"":[""cuthill"",""dropped:r1"",5.225],""6"":[""clmm"",""dropped:r1"",6.0938],""7"":[""clmm-core"",""dropped:r1"",5.35]}}"
Z12,160,0.05,913,10,bestof8-seq,SUCCESS,1,4.7438,4.6125,10,759,36.3777,mm[run0],621,,"{""per_run_s"":7.5,""accs"":[4.7438,5.0,4.9875,5.2687,4.9188,5.1625,5.3563,5.2625]}"
Z12,160,0.05,913,10,bestof8-par,SUCCESS,1,4.7438,4.6125,10,759,6.721,mm[run0],621,,"{""per_run_s"":60.0,""accs"":[4.7438,5.0,4.9875,5.2687,4.9188,5.1625,5.3563,5.2625],""used_s"":[6.7,4.2,3.6,3.1,6.5,4.2,4.7,3.9]}"
Z12,160,0.05,913,10,race8-par,SUCCESS,1,4.4688,4.3438,9,715,60.0306,mm[4]@final5,621,,"{""final_survivor"":4,""elapsed_s"":60.03,""arms"":{""0"":[""template"",""floor"",6.8812],""1"":[""mm"",""dropped:r2"",4.9875],""2"":[""mm"",""dropped:r2"",4.875],""3"":[""mm"",""dropped:r3"",4.7],""4"":[""mm"",""final"",4.4688],""5"":[""cuthill"",""dropped:r1"",5.225],""6"":[""clmm"",""dropped:r1"",6.0938],""7"":[""clmm-core"",""dropped:r1"",5.35]}}"
Z12,160,0.05,913,11,race8-seq,SUCCESS,1,4.75,4.6562,10,760,60.0394,mm[1]@q2,621,,"{""final_survivor"":1,""elapsed_s"":60.039,""arms"":{""0"":[""template"",""floor"",6.8812],""1"":[""mm"",""final"",4.75],""2"":[""mm"",""dropped:r1"",5.3812],""3"":[""mm"",""dropped:r1"",5.1813],""4"":[""mm"",""dropped:r2"",4.7875],""5"":[""cuthill"",""dropped:r3"",4.775],""6"":[""clmm"",""dropped:r2"",5.1125],""7"":[""clmm-core"",""dropped:r1"",5.2375]}}"
Z12,160,0.05,913,11,bestof8-seq,SUCCESS,1,4.9125,4.8187,11,786,32.9525,mm[run4],621,,"{""per_run_s"":7.5,""accs"":[5.15,5.2062,5.1,5.1312,4.9125,5.6125,5.0812,4.9625]}"
Z12,160,0.05,913,11,bestof8-par,SUCCESS,1,4.9125,4.8187,11,786,5.4405,mm[run4],621,,"{""per_run_s"":60.0,""accs"":[5.15,5.2062,5.1,5.1312,4.9125,5.6125,5.0812,4.9625],""used_s"":[5.4,3.9,3.6,4.9,4.7,2.5,3.4,5.1]}"
Z12,160,0.05,913,11,race8-par,SUCCESS,1,4.4875,4.45,9,718,60.0868,cuthill[5]@final5,621,,"{""final_survivor"":5,""elapsed_s"":60.086,""arms"":{""0"":[""template"",""floor"",6.8812],""1"":[""mm"",""dropped:r3"",4.75],""2"":[""mm"",""dropped:r1"",5.3438],""3"":[""mm"",""dropped:r1"",5.1813],""4"":[""mm"",""dropped:r2"",4.7875],""5"":[""cuthill"",""final"",4.4875],""6"":[""clmm"",""dropped:r2"",5.1125],""7"":[""clmm-core"",""dropped:r1"",5.2375]}}"
Z12,160,0.05,913,12,race8-seq,SUCCESS,1,4.5375,4.4125,10,726,60.032,mm[3]@q3,621,,"{""final_survivor"":3,""elapsed_s"":60.032,""arms"":{""0"":[""template"",""floor"",6.8812],""1"":[""mm"",""dropped:r2"",4.7625],""2"":[""mm"",""dropped:r2"",4.825],""3"":[""mm"",""final"",4.5375],""4"":[""mm"",""dropped:r3"",4.6937],""5"":[""cuthill"",""dropped:r1"",5.2812],""6"":[""clmm"",""dropped:r1"",5.575],""7"":[""clmm-core"",""dropped:r1"",5.6688]}}"
Z12,160,0.05,913,12,bestof8-seq,SUCCESS,1,4.95,4.8063,11,792,32.8762,mm[run7],621,,"{""per_run_s"":7.5,""accs"":[5.1937,5.1437,5.7375,5.2625,5.025,5.1562,5.0625,4.95]}"
Z12,160,0.05,913,12,bestof8-par,SUCCESS,1,4.95,4.8063,11,792,6.8611,mm[run7],621,,"{""per_run_s"":60.0,""accs"":[5.1937,5.1437,5.7375,5.2625,5.025,5.1562,5.0625,4.95],""used_s"":[3.7,4.2,2.3,4.1,4.4,3.6,4.1,6.8]}"
Z12,160,0.05,913,12,race8-par,SUCCESS,1,4.4,4.2875,9,704,60.0749,mm[3]@final5,621,,"{""final_survivor"":3,""elapsed_s"":60.074,""arms"":{""0"":[""template"",""floor"",6.8812],""1"":[""mm"",""dropped:r2"",4.7625],""2"":[""mm"",""dropped:r2"",4.825],""3"":[""mm"",""final"",4.4],""4"":[""mm"",""dropped:r3"",4.6937],""5"":[""cuthill"",""dropped:r1"",5.2812],""6"":[""clmm"",""dropped:r1"",5.575],""7"":[""clmm-core"",""dropped:r1"",5.6688]}}"
Z12,160,0.05,913,14,race8-seq,SUCCESS,1,4.7375,4.6125,11,758,60.0264,mm[4]@q3,621,,"{""final_survivor"":4,""elapsed_s"":60.026,""arms"":{""0"":[""template"",""floor"",6.8812],""1"":[""mm"",""dropped:r1"",5.3],""2"":[""mm"",""dropped:r2"",4.8563],""3"":[""mm"",""dropped:r3"",4.8375],""4"":[""mm"",""final"",4.7375],""5"":[""cuthill"",""dropped:r1"",5.4125],""6"":[""clmm"",""dropped:r2"",5.2438],""7"":[""clmm-core"",""dropped:r1"",5.4313]}}"
Z12,160,0.05,913,14,bestof8-seq,SUCCESS,1,4.775,4.6562,11,764,27.9244,mm[run0],621,,"{""per_run_s"":7.5,""accs"":[4.775,4.9437,5.15,5.4813,5.6,5.8688,5.3312,4.925]}"
Z12,160,0.05,913,14,bestof8-par,SUCCESS,1,4.775,4.6562,11,764,5.8613,mm[run0],621,,"{""per_run_s"":60.0,""accs"":[4.775,4.9437,5.15,5.4813,5.6,5.8688,5.3312,4.925],""used_s"":[5.1,5.8,3.7,2.3,3.2,2.2,2.8,3.4]}"
Z12,160,0.05,913,14,race8-par,SUCCESS,1,4.5375,4.4562,9,726,60.0579,mm[4]@final8,621,,"{""final_survivor"":4,""elapsed_s"":60.057,""arms"":{""0"":[""template"",""floor"",6.8812],""1"":[""mm"",""dropped:r1"",5.3],""2"":[""mm"",""dropped:r2"",4.8563],""3"":[""mm"",""dropped:r3"",4.8375],""4"":[""mm"",""final"",4.5375],""5"":[""cuthill"",""dropped:r1"",5.4125],""6"":[""clmm"",""dropped:r2"",5.2438],""7"":[""clmm-core"",""dropped:r1"",5.4313]}}"
Z12,160,0.05,913,13,race8-seq,SUCCESS,1,4.5,4.325,10,720,60.0731,mm[1]@q2,621,,"{""final_survivor"":1,""elapsed_s"":60.073,""arms"":{""0"":[""template"",""floor"",6.8812],""1"":[""mm"",""final"",4.5],""2"":[""mm"",""dropped:r3"",4.9188],""3"":[""mm"",""dropped:r1"",5.1937],""4"":[""mm"",""dropped:r2"",4.9813],""5"":[""cuthill"",""dropped:r2"",5.0062],""6"":[""clmm"",""dropped:r1"",5.7125],""7"":[""clmm-core"",""dropped:r1"",5.2375]}}"
Z12,160,0.05,913,13,bestof8-seq,SUCCESS,1,4.6875,4.4875,11,750,44.0103,mm[run1],621,,"{""per_run_s"":7.5,""accs"":[5.0438,4.6875,5.5938,4.9062,5.0125,4.9875,4.725,4.85]}"
Z12,160,0.05,913,13,bestof8-par,SUCCESS,1,4.6875,4.4875,11,750,10.0003,mm[run1],621,,"{""per_run_s"":60.0,""accs"":[4.7875,4.6875,5.5938,4.9062,5.0125,4.9875,4.725,4.85],""used_s"":[10.0,6.6,2.3,4.1,4.1,8.0,7.5,4.6]}"
Z12,160,0.05,913,13,race8-par,SUCCESS,1,4.3125,4.2125,9,690,60.0784,mm[1]@final3,621,,"{""final_survivor"":1,""elapsed_s"":60.078,""arms"":{""0"":[""template"",""floor"",6.8812],""1"":[""mm"",""final"",4.3125],""2"":[""mm"",""dropped:r2"",4.9625],""3"":[""mm"",""dropped:r3"",4.7938],""4"":[""mm"",""dropped:r1"",5.1937],""5"":[""cuthill"",""dropped:r2"",5.0062],""6"":[""clmm"",""dropped:r1"",5.7125],""7"":[""clmm-core"",""dropped:r1"",5.2375]}}"
Z12,160,0.05,914,10,race8-seq,SUCCESS,1,4.8125,4.6375,10,770,60.0172,cuthill[5]@q3,657,,"{""final_survivor"":5,""elapsed_s"":60.017,""arms"":{""0"":[""template"",""floor"",7.0938],""1"":[""mm"",""dropped:r1"",5.6875],""2"":[""mm"",""dropped:r2"",5.1125],""3"":[""mm"",""dropped:r3"",4.9313],""4"":[""mm"",""dropped:r2"",4.9813],""5"":[""cuthill"",""final"",4.8125],""6"":[""clmm"",""dropped:r1"",5.8375],""7"":[""clmm-core"",""dropped:r1"",6.3063]}}"
Z12,160,0.05,914,10,bestof8-seq,SUCCESS,1,5.0125,4.8812,10,802,30.6956,mm[run3],657,,"{""per_run_s"":7.5,""accs"":[6.0,5.3625,5.525,5.0125,5.4125,5.8375,5.2812,5.575]}"
Z12,160,0.05,914,10,bestof8-par,SUCCESS,1,5.0125,4.8812,10,802,4.815,mm[run3],657,,"{""per_run_s"":60.0,""accs"":[6.0,5.3625,5.525,5.0125,5.4125,5.8375,5.2812,5.575],""used_s"":[3.2,3.9,3.2,4.7,4.8,3.1,3.7,4.5]}"
Z12,160,0.05,914,10,race8-par,SUCCESS,1,4.7188,4.5812,9,755,60.0872,cuthill[5]@final7,657,,"{""final_survivor"":5,""elapsed_s"":60.086,""arms"":{""0"":[""template"",""floor"",7.0938],""1"":[""mm"",""dropped:r1"",5.6875],""2"":[""mm"",""dropped:r2"",5.1125],""3"":[""mm"",""dropped:r3"",4.9313],""4"":[""mm"",""dropped:r2"",4.9813],""5"":[""cuthill"",""final"",4.7188],""6"":[""clmm"",""dropped:r1"",5.8375],""7"":[""clmm-core"",""dropped:r1"",6.3063]}}"
Z12,160,0.05,914,11,race8-seq,SUCCESS,1,4.8563,4.7188,9,777,60.0527,mm[3]@q3,657,,"{""final_survivor"":3,""elapsed_s"":60.052,""arms"":{""0"":[""template"",""floor"",7.0938],""1"":[""mm"",""dropped:r3"",5.1],""2"":[""mm"",""dropped:r1"",5.8063],""3"":[""mm"",""final"",4.8563],""4"":[""mm"",""dropped:r2"",5.2562],""5"":[""cuthill"",""dropped:r2"",5.2562],""6"":[""clmm"",""dropped:r1"",6.2812],""7"":[""clmm-core"",""dropped:r1"",6.075]}}"
Z12,160,0.05,914,11,bestof8-seq,SUCCESS,1,4.9813,4.8625,10,797,41.2481,mm[run3],657,,"{""per_run_s"":7.5,""accs"":[5.3438,5.2375,6.0125,4.9813,5.4625,5.3375,5.2562,5.5938]}"
Z12,160,0.05,914,11,bestof8-par,SUCCESS,1,4.9313,4.7812,10,789,8.3921,mm[run3],657,,"{""per_run_s"":60.0,""accs"":[5.3438,5.2375,6.0125,4.9313,5.4625,5.3375,5.2562,5.5938],""used_s"":[4.8,4.9,2.8,8.4,5.1,5.9,4.7,5.6]}"
Z12,160,0.05,914,11,race8-par,SUCCESS,1,4.6125,4.525,9,738,60.1315,mm[3]@final5,657,,"{""final_survivor"":3,""elapsed_s"":60.131,""arms"":{""0"":[""template"",""floor"",7.0938],""1"":[""mm"",""dropped:r3"",5.0687],""2"":[""mm"",""dropped:r1"",5.8063],""3"":[""mm"",""final"",4.6125],""4"":[""mm"",""dropped:r2"",5.2562],""5"":[""cuthill"",""dropped:r2"",5.2562],""6"":[""clmm"",""dropped:r1"",6.2812],""7"":[""clmm-core"",""dropped:r1"",6.075]}}"
Z12,160,0.05,914,12,race8-seq,SUCCESS,1,4.6063,4.55,10,737,60.0361,mm[2]@q3,657,,"{""final_survivor"":2,""elapsed_s"":60.036,""arms"":{""0"":[""template"",""floor"",7.0938],""1"":[""mm"",""dropped:r3"",5.1937],""2"":[""mm"",""final"",4.6063],""3"":[""mm"",""dropped:r1"",5.4688],""4"":[""mm"",""dropped:r2"",5.2875],""5"":[""cuthill"",""dropped:r2"",5.2812],""6"":[""clmm"",""dropped:r1"",5.5062],""7"":[""clmm-core"",""dropped:r1"",6.325]}}"
Z12,160,0.05,914,12,bestof8-seq,SUCCESS,1,5.125,5.025,11,820,37.9031,mm[run2],657,,"{""per_run_s"":7.5,""accs"":[5.3625,5.7875,5.125,5.3875,5.625,5.275,5.5187,5.2188]}"
Z12,160,0.05,914,12,bestof8-par,SUCCESS,1,5.125,5.025,11,820,7.1097,mm[run2],657,,"{""per_run_s"":60.0,""accs"":[5.3625,5.7875,5.125,5.3875,5.625,5.275,5.5187,5.2188],""used_s"":[3.6,3.8,5.4,5.3,4.5,5.5,3.2,7.1]}"
Z12,160,0.05,914,12,race8-par,SUCCESS,1,4.5938,4.5187,10,735,60.0843,mm[2]@final5,657,,"{""final_survivor"":2,""elapsed_s"":60.083,""arms"":{""0"":[""template"",""floor"",7.0938],""1"":[""mm"",""dropped:r3"",5.0375],""2"":[""mm"",""final"",4.5938],""3"":[""mm"",""dropped:r1"",5.4688],""4"":[""mm"",""dropped:r2"",5.2875],""5"":[""cuthill"",""dropped:r2"",5.2812],""6"":[""clmm"",""dropped:r1"",5.5062],""7"":[""clmm-core"",""dropped:r1"",6.325]}}"
Z12,160,0.05,914,13,race8-seq,SUCCESS,1,4.8312,4.6562,10,773,60.0262,mm[4]@q3,657,,"{""final_survivor"":4,""elapsed_s"":60.026,""arms"":{""0"":[""template"",""floor"",7.0938],""1"":[""mm"",""dropped:r3"",5.225],""2"":[""mm"",""dropped:r2"",5.3937],""3"":[""mm"",""dropped:r1"",5.5187],""4"":[""mm"",""final"",4.8312],""5"":[""cuthill"",""dropped:r2"",5.4813],""6"":[""clmm"",""dropped:r1"",5.5687],""7"":[""clmm-core"",""dropped:r1"",5.8688]}}"
Z12,160,0.05,914,13,bestof8-seq,SUCCESS,1,5.225,5.0125,12,836,30.161,mm[run4],657,,"{""per_run_s"":7.5,""accs"":[5.5125,6.2687,5.6125,5.6937,5.225,5.4875,5.475,5.5187]}"
Z12,160,0.05,914,13,bestof8-par,SUCCESS,1,5.225,5.0125,12,836,5.2601,mm[run4],657,,"{""per_run_s"":60.0,""accs"":[5.5125,6.2687,5.6125,5.6937,5.225,5.4875,5.475,5.5187],""used_s"":[3.5,2.8,3.2,3.3,4.8,5.2,3.9,3.8]}"
Z12,160,0.05,914,13,race8-par,SUCCESS,1,4.5875,4.5312,8,734,60.0878,mm[4]@final9,657,,"{""final_survivor"":4,""elapsed_s"":60.087,""arms"":{""0"":[""template"",""floor"",7.0938],""1"":[""mm"",""dropped:r3"",5.1375],""2"":[""mm"",""dropped:r2"",5.3937],""3"":[""mm"",""dropped:r1"",5.5187],""4"":[""mm"",""final"",4.5875],""5"":[""cuthill"",""dropped:r2"",5.4813],""6"":[""clmm"",""dropped:r1"",5.5687],""7"":[""clmm-core"",""dropped:r1"",5.8688]}}"
Z12,160,0.05,914,14,race8-seq,SUCCESS,1,4.9125,4.7188,11,786,60.0204,mm[3]@q2,657,,"{""final_survivor"":3,""elapsed_s"":60.02,""arms"":{""0"":[""template"",""floor"",7.0938],""1"":[""mm"",""dropped:r2"",5.125],""2"":[""mm"",""dropped:r1"",5.4375],""3"":[""mm"",""final"",4.9125],""4"":[""mm"",""dropped:r3"",5.0125],""5"":[""cuthill"",""dropped:r2"",5.2562],""6"":[""clmm"",""dropped:r1"",5.7812],""7"":[""clmm-core"",""dropped:r1"",6.3187]}}"
Z12,160,0.05,914,14,bestof8-seq,SUCCESS,1,5.1188,4.95,11,819,35.5882,mm[run2],657,,"{""per_run_s"":7.5,""accs"":[5.5187,5.3937,5.1188,5.3,5.8125,6.125,5.6562,5.4125]}"
Z12,160,0.05,914,14,bestof8-par,SUCCESS,1,5.1188,4.95,11,819,6.6907,mm[run2],657,,"{""per_run_s"":60.0,""accs"":[5.5187,5.3937,5.1188,5.3,5.8125,6.125,5.6562,5.4125],""used_s"":[3.4,5.3,5.5,6.7,3.5,3.1,3.6,4.9]}"
Z12,160,0.05,914,14,race8-par,SUCCESS,1,4.7,4.575,9,752,60.0652,mm[4]@final3,657,,"{""final_survivor"":4,""elapsed_s"":60.064,""arms"":{""0"":[""template"",""floor"",7.0938],""1"":[""mm"",""dropped:r2"",5.125],""2"":[""mm"",""dropped:r1"",5.4375],""3"":[""mm"",""dropped:r3"",4.9125],""4"":[""mm"",""final"",4.7],""5"":[""cuthill"",""dropped:r2"",5.2562],""6"":[""clmm"",""dropped:r1"",5.7812],""7"":[""clmm-core"",""dropped:r1"",6.3187]}}"
Z12,160,0.05,915,10,race8-seq,SUCCESS,1,4.6688,4.5375,10,747,60.0406,cuthill[5]@q1,626,,"{""final_survivor"":5,""elapsed_s"":60.04,""arms"":{""0"":[""template"",""floor"",7.0062],""1"":[""mm"",""dropped:r1"",5.5875],""2"":[""mm"",""dropped:r3"",4.675],""3"":[""mm"",""dropped:r2"",5.1625],""4"":[""mm"",""dropped:r2"",4.8187],""5"":[""cuthill"",""final"",4.6688],""6"":[""clmm"",""dropped:r1"",5.7438],""7"":[""clmm-core"",""dropped:r1"",6.2125]}}"
Z12,160,0.05,915,10,bestof8-seq,SUCCESS,1,4.9188,4.7562,11,787,33.0221,mm[run4],626,,"{""per_run_s"":7.5,""accs"":[5.1813,5.1375,5.0625,5.2188,4.9188,5.45,5.4875,5.2375]}"
Z12,160,0.05,915,10,bestof8-par,SUCCESS,1,4.9188,4.7562,11,787,5.5434,mm[run4],626,,"{""per_run_s"":60.0,""accs"":[5.1813,5.1375,5.0625,5.2188,4.9188,5.45,5.4875,5.2375],""used_s"":[4.6,4.1,4.5,4.6,5.5,3.8,3.0,3.7]}"
Z12,160,0.05,915,10,race8-par,SUCCESS,1,4.3,4.2188,9,688,60.0697,cuthill[5]@final6,626,,"{""final_survivor"":5,""elapsed_s"":60.069,""arms"":{""0"":[""template"",""floor"",7.0062],""1"":[""mm"",""dropped:r1"",5.5875],""2"":[""mm"",""dropped:r3"",4.675],""3"":[""mm"",""dropped:r2"",5.1625],""4"":[""mm"",""dropped:r2"",4.8187],""5"":[""cuthill"",""final"",4.3],""6"":[""clmm"",""dropped:r1"",5.7438],""7"":[""clmm-core"",""dropped:r1"",6.2125]}}"
Z12,160,0.05,915,11,race8-seq,SUCCESS,1,4.6813,4.5312,9,749,59.9674,mm[3]@q3,626,,"{""final_survivor"":3,""elapsed_s"":59.967,""arms"":{""0"":[""template"",""floor"",7.0062],""1"":[""mm"",""dropped:r1"",5.2875],""2"":[""mm"",""dropped:r1"",5.55],""3"":[""mm"",""final"",4.6813],""4"":[""mm"",""dropped:r3"",4.7875],""5"":[""cuthill"",""dropped:r2"",4.8937],""6"":[""clmm"",""dropped:r2"",4.825],""7"":[""clmm-core"",""dropped:r1"",5.6437]}}"
Z12,160,0.05,915,11,bestof8-seq,SUCCESS,1,4.9813,4.7812,11,797,37.2671,mm[run6],626,,"{""per_run_s"":7.5,""accs"":[5.4875,5.2625,5.1125,5.1875,5.0312,5.2625,4.9813,5.4938]}"
Z12,160,0.05,915,11,bestof8-par,SUCCESS,1,4.9813,4.7812,11,797,7.8529,mm[run6],626,,"{""per_run_s"":60.0,""accs"":[5.4875,5.2625,5.1125,5.1875,5.0312,5.2625,4.9813,5.4938],""used_s"":[4.9,3.3,7.8,5.4,4.4,3.9,4.1,4.0]}"
Z12,160,0.05,915,11,race8-par,SUCCESS,1,4.475,4.4,9,716,60.0646,mm[4]@final5,626,,"{""final_survivor"":4,""elapsed_s"":60.064,""arms"":{""0"":[""template"",""floor"",7.0062],""1"":[""mm"",""dropped:r1"",5.2875],""2"":[""mm"",""dropped:r1"",5.5625],""3"":[""mm"",""dropped:r3"",4.6813],""4"":[""mm"",""final"",4.475],""5"":[""cuthill"",""dropped:r2"",4.8937],""6"":[""clmm"",""dropped:r2"",5.0125],""7"":[""clmm-core"",""dropped:r1"",5.6437]}}"
Z12,160,0.05,915,12,race8-seq,SUCCESS,1,4.7625,4.6063,10,762,59.9738,mm[4]@q3,626,,"{""final_survivor"":4,""elapsed_s"":59.973,""arms"":{""0"":[""template"",""floor"",7.0062],""1"":[""mm"",""dropped:r1"",5.6125],""2"":[""mm"",""dropped:r1"",5.6063],""3"":[""mm"",""dropped:r3"",5.0062],""4"":[""mm"",""final"",4.7625],""5"":[""cuthill"",""dropped:r2"",5.0062],""6"":[""clmm"",""dropped:r1"",5.5062],""7"":[""clmm-core"",""dropped:r2"",5.1625]}}"
Z12,160,0.05,915,12,bestof8-seq,SUCCESS,1,4.8625,4.7375,10,778,34.3249,mm[run7],626,,"{""per_run_s"":7.5,""accs"":[4.9125,5.6875,5.5812,5.1375,5.2875,5.475,4.95,4.8625]}"
Z12,160,0.05,915,12,bestof8-par,SUCCESS,1,4.8625,4.7375,10,778,5.6271,mm[run7],626,,"{""per_run_s"":60.0,""accs"":[4.9125,5.6875,5.5812,5.1375,5.2875,5.475,4.95,4.8625],""used_s"":[4.8,4.3,5.6,4.3,3.8,3.0,4.2,4.9]}"
Z12,160,0.05,915,12,race8-par,SUCCESS,1,4.5312,4.4688,9,725,60.0409,mm[4]@final9,626,,"{""final_survivor"":4,""elapsed_s"":60.04,""arms"":{""0"":[""template"",""floor"",7.0062],""1"":[""mm"",""dropped:r1"",5.6125],""2"":[""mm"",""dropped:r1"",5.6063],""3"":[""mm"",""dropped:r1"",5.3625],""4"":[""mm"",""final"",4.5312],""5"":[""cuthill"",""dropped:r3"",5.0062],""6"":[""clmm"",""dropped:r2"",5.075],""7"":[""clmm-core"",""dropped:r2"",5.1625]}}"
Z12,160,0.05,915,13,race8-seq,SUCCESS,1,4.4938,4.4,9,719,60.0234,mm[2]@q2,626,,"{""final_survivor"":2,""elapsed_s"":60.023,""arms"":{""0"":[""template"",""floor"",7.0062],""1"":[""mm"",""dropped:r2"",5.0],""2"":[""mm"",""final"",4.4938],""3"":[""mm"",""dropped:r1"",5.4313],""4"":[""mm"",""dropped:r3"",4.7438],""5"":[""cuthill"",""dropped:r2"",4.9188],""6"":[""clmm"",""dropped:r1"",5.45],""7"":[""clmm-core"",""dropped:r1"",5.7812]}}"
Z12,160,0.05,915,13,bestof8-seq,SUCCESS,1,4.9437,4.7812,10,791,38.3242,mm[run4],626,,"{""per_run_s"":7.5,""accs"":[5.45,5.275,5.2375,5.0,4.9437,4.9813,5.025,4.9437]}"
Z12,160,0.05,915,13,bestof8-par,SUCCESS,1,4.9437,4.7812,10,791,8.7749,mm[run4],626,,"{""per_run_s"":60.0,""accs"":[5.45,5.275,5.2375,5.0,4.9437,4.975,5.025,4.9437],""used_s"":[4.0,4.7,4.3,5.4,4.6,8.7,3.8,4.6]}"
Z12,160,0.05,915,13,race8-par,SUCCESS,1,4.4938,4.4,9,719,60.0882,mm[2]@q2,626,,"{""final_survivor"":2,""elapsed_s"":60.088,""arms"":{""0"":[""template"",""floor"",7.0062],""1"":[""mm"",""dropped:r2"",5.0],""2"":[""mm"",""final"",4.4938],""3"":[""mm"",""dropped:r1"",5.4313],""4"":[""mm"",""dropped:r3"",4.7438],""5"":[""cuthill"",""dropped:r2"",4.9188],""6"":[""clmm"",""dropped:r1"",5.4375],""7"":[""clmm-core"",""dropped:r1"",5.7812]}}"
Z12,160,0.05,915,14,race8-seq,SUCCESS,1,4.6437,4.5312,9,743,60.0669,mm[1]@q3,626,,"{""final_survivor"":1,""elapsed_s"":60.066,""arms"":{""0"":[""template"",""floor"",7.0062],""1"":[""mm"",""final"",4.6437],""2"":[""mm"",""dropped:r3"",4.8625],""3"":[""mm"",""dropped:r1"",5.4875],""4"":[""mm"",""dropped:r2"",4.9562],""5"":[""cuthill"",""dropped:r2"",4.925],""6"":[""clmm"",""dropped:r1"",5.7313],""7"":[""clmm-core"",""dropped:r1"",6.3875]}}"
Z12,160,0.05,915,14,bestof8-seq,SUCCESS,1,4.8812,4.7313,9,781,37.6803,mm[run6],626,,"{""per_run_s"":7.5,""accs"":[5.3187,5.3375,5.0187,5.1437,5.0563,5.1,4.8812,5.5312]}"
Z12,160,0.05,915,14,bestof8-par,SUCCESS,1,4.8812,4.7313,9,781,7.2755,mm[run6],626,,"{""per_run_s"":60.0,""accs"":[5.3187,5.3375,5.0187,5.1437,5.0563,5.1,4.8812,5.5312],""used_s"":[4.2,3.2,4.4,7.3,3.2,6.6,5.2,4.0]}"
Z12,160,0.05,915,14,race8-par,SUCCESS,1,4.5062,4.375,9,721,60.0585,mm[1]@final2,626,,"{""final_survivor"":1,""elapsed_s"":60.058,""arms"":{""0"":[""template"",""floor"",7.0062],""1"":[""mm"",""final"",4.5062],""2"":[""mm"",""dropped:r3"",4.6875],""3"":[""mm"",""dropped:r1"",5.4875],""4"":[""mm"",""dropped:r2"",4.9562],""5"":[""cuthill"",""dropped:r2"",4.925],""6"":[""clmm"",""dropped:r1"",5.7313],""7"":[""clmm-core"",""dropped:r1"",6.3875]}}"
Z12,100,0.3,901,10,race8-seq,SUCCESS,1,7.44,7.44,8,744,60.1203,template[0]@template,1430,,"{""final_survivor"":7,""elapsed_s"":60.12,""arms"":{""0"":[""template"",""floor"",7.44],""1"":[""mm"",""dropped:r1"",11.04],""2"":[""mm"",""dropped:r1"",11.09],""3"":[""mm"",""dropped:r2"",9.81],""4"":[""mm"",""dropped:r1"",11.85],""5"":[""cuthill"",""dropped:r2"",9.89],""6"":[""clmm"",""survivor"",7.86],""7"":[""clmm-core"",""final"",7.74]}}"
Z12,100,0.3,901,10,bestof8-seq,SUCCESS,1,9.49,8.9,16,949,60.328,mm[run3],1430,,"{""per_run_s"":7.5,""accs"":[9.83,9.86,10.19,9.49,9.83,9.86,9.75,9.81]}"
Z12,100,0.3,901,10,bestof8-par,SUCCESS,1,8.87,8.4,15,887,26.1361,mm[run7],1430,,"{""per_run_s"":60.0,""accs"":[9.02,9.08,9.39,8.98,8.94,9.06,9.23,8.87],""used_s"":[17.0,23.1,16.7,17.6,26.1,21.1,14.5,16.1]}"
Z12,100,0.3,901,10,race8-par,SUCCESS,1,7.44,7.44,8,744,60.582,template[0]@template,1430,,"{""final_survivor"":7,""elapsed_s"":60.581,""arms"":{""0"":[""template"",""floor"",7.44],""1"":[""mm"",""dropped:r1"",11.04],""2"":[""mm"",""dropped:r1"",11.09],""3"":[""mm"",""dropped:r2"",9.58],""4"":[""mm"",""dropped:r1"",11.85],""5"":[""cuthill"",""dropped:r2"",9.89],""6"":[""clmm"",""dropped:r3"",7.86],""7"":[""clmm-core"",""final"",7.66]}}"
Z12,100,0.3,901,11,race8-seq,SUCCESS,1,7.44,7.44,8,744,60.1246,template[0]@template,1430,,"{""final_survivor"":7,""elapsed_s"":60.124,""arms"":{""0"":[""template"",""floor"",7.44],""1"":[""mm"",""dropped:r2"",9.76],""2"":[""mm"",""dropped:r1"",11.38],""3"":[""mm"",""dropped:r1"",11.67],""4"":[""mm"",""dropped:r1"",11.37],""5"":[""cuthill"",""dropped:r2"",9.37],""6"":[""clmm"",""survivor"",7.87],""7"":[""clmm-core"",""final"",7.69]}}"
Z12,100,0.3,901,11,bestof8-seq,SUCCESS,1,9.66,9.03,16,966,60.06,mm[run5],1430,,"{""per_run_s"":7.5,""accs"":[10.23,9.81,10.15,10.62,10.07,9.66,9.93,10.1]}"
Z12,100,0.3,901,11,bestof8-par,SUCCESS,1,8.64,8.06,13,864,32.9621,mm[run4],1430,,"{""per_run_s"":60.0,""accs"":[8.9,9.77,9.83,10.62,8.64,8.81,8.73,10.1],""used_s"":[32.0,11.2,14.4,11.3,24.9,29.6,32.9,8.1]}"
Z12,100,0.3,901,11,race8-par,SUCCESS,1,7.44,7.44,8,744,60.6348,template[0]@template,1430,,"{""final_survivor"":7,""elapsed_s"":60.634,""arms"":{""0"":[""template"",""floor"",7.44],""1"":[""mm"",""dropped:r2"",9.76],""2"":[""mm"",""dropped:r1"",11.53],""3"":[""mm"",""dropped:r1"",11.67],""4"":[""mm"",""dropped:r1"",11.86],""5"":[""cuthill"",""dropped:r2"",9.37],""6"":[""clmm"",""dropped:r3"",7.86],""7"":[""clmm-core"",""final"",7.68]}}"
Z12,100,0.3,901,12,race8-seq,SUCCESS,1,7.44,7.44,8,744,60.3409,template[0]@template,1430,,"{""final_survivor"":7,""elapsed_s"":60.34,""arms"":{""0"":[""template"",""floor"",7.44],""1"":[""mm"",""dropped:r1"",11.37],""2"":[""mm"",""dropped:r1"",11.19],""3"":[""mm"",""dropped:r1"",10.8],""4"":[""mm"",""dropped:r2"",10.16],""5"":[""cuthill"",""dropped:r2"",9.52],""6"":[""clmm"",""survivor"",7.91],""7"":[""clmm-core"",""final"",7.68]}}"
Z12,100,0.3,901,12,bestof8-seq,SUCCESS,1,9.72,8.99,16,972,60.2176,mm[run1],1430,,"{""per_run_s"":7.5,""accs"":[9.77,9.72,10.27,9.98,9.99,10.38,10.0,10.32]}"
Z12,100,0.3,901,12,bestof8-par,SUCCESS,1,8.67,8.18,13,867,25.3793,mm[run4],1430,,"{""per_run_s"":60.0,""accs"":[8.95,9.16,9.22,8.71,8.67,9.07,9.37,9.18],""used_s"":[20.8,14.5,16.4,19.3,25.4,24.4,15.6,17.0]}"
Z12,100,0.3,901,12,race8-par,SUCCESS,1,7.44,7.44,8,744,60.5308,template[0]@template,1430,,"{""final_survivor"":7,""elapsed_s"":60.53,""arms"":{""0"":[""template"",""floor"",7.44],""1"":[""mm"",""dropped:r1"",11.37],""2"":[""mm"",""dropped:r1"",11.07],""3"":[""mm"",""dropped:r1"",10.8],""4"":[""mm"",""dropped:r2"",10.16],""5"":[""cuthill"",""dropped:r2"",10.16],""6"":[""clmm"",""dropped:r3"",7.91],""7"":[""clmm-core"",""final"",7.66]}}"
Z12,100,0.3,901,13,race8-seq,SUCCESS,1,7.44,7.44,8,744,60.7385,template[0]@template,1430,,"{""final_survivor"":7,""elapsed_s"":60.738,""arms"":{""0"":[""template"",""floor"",7.44],""1"":[""mm"",""dropped:r1"",11.74],""2"":[""mm"",""dropped:r2"",10.21],""3"":[""mm"",""dropped:r1"",12.44],""4"":[""mm"",""dropped:r1"",11.17],""5"":[""cuthill"",""dropped:r2"",10.12],""6"":[""clmm"",""dropped:r3"",7.92],""7"":[""clmm-core"",""final"",7.68]}}"
Z12,100,0.3,901,13,bestof8-seq,SUCCESS,1,9.21,8.68,15,921,60.0555,mm[run0],1430,,"{""per_run_s"":7.5,""accs"":[9.21,11.54,9.75,9.79,10.57,9.9,9.74,10.67]}"
Z12,100,0.3,901,13,bestof8-par,SUCCESS,1,8.43,7.97,13,843,31.4205,mm[run0],1430,,"{""per_run_s"":60.0,""accs"":[8.43,8.78,8.77,9.03,9.46,8.83,9.46,9.19],""used_s"":[20.0,31.4,21.2,23.4,21.0,23.3,13.6,18.5]}"
Z12,100,0.3,901,13,race8-par,SUCCESS,1,7.44,7.44,8,744,60.3987,template[0]@template,1430,,"{""final_survivor"":7,""elapsed_s"":60.398,""arms"":{""0"":[""template"",""floor"",7.44],""1"":[""mm"",""dropped:r1"",11.74],""2"":[""mm"",""dropped:r2"",10.21],""3"":[""mm"",""dropped:r1"",12.44],""4"":[""mm"",""dropped:r1"",11.17],""5"":[""cuthill"",""dropped:r2"",10.12],""6"":[""clmm"",""dropped:r3"",7.92],""7"":[""clmm-core"",""final"",7.67]}}"
Z12,100,0.3,901,14,race8-seq,SUCCESS,1,7.44,7.44,8,744,60.1285,template[0]@template,1430,,"{""final_survivor"":7,""elapsed_s"":60.128,""arms"":{""0"":[""template"",""floor"",7.44],""1"":[""mm"",""dropped:r1"",10.91],""2"":[""mm"",""dropped:r2"",9.54],""3"":[""mm"",""dropped:r1"",11.85],""4"":[""mm"",""dropped:r1"",11.48],""5"":[""cuthill"",""dropped:r2"",9.25],""6"":[""clmm"",""survivor"",7.85],""7"":[""clmm-core"",""final"",7.73]}}"
Z12,100,0.3,901,14,bestof8-seq,SUCCESS,1,9.73,9.05,16,973,60.305,mm[run2],1430,,"{""per_run_s"":7.5,""accs"":[10.25,9.75,9.73,9.91,10.06,9.97,10.2,10.13]}"
Z12,100,0.3,901,14,bestof8-par,SUCCESS,1,8.66,8.16,13,866,27.2981,mm[run4],1430,,"{""per_run_s"":60.0,""accs"":[9.61,9.75,8.67,9.06,8.66,9.08,10.2,9.13],""used_s"":[18.7,10.3,27.3,19.8,24.9,15.6,9.8,23.1]}"
Z12,100,0.3,901,14,race8-par,SUCCESS,1,7.44,7.44,8,744,60.0606,template[0]@template,1430,,"{""final_survivor"":7,""elapsed_s"":60.06,""arms"":{""0"":[""template"",""floor"",7.44],""1"":[""mm"",""dropped:r1"",10.91],""2"":[""mm"",""dropped:r2"",9.2],""3"":[""mm"",""dropped:r1"",11.85],""4"":[""mm"",""dropped:r1"",11.48],""5"":[""cuthill"",""dropped:r2"",9.25],""6"":[""clmm"",""dropped:r3"",7.82],""7"":[""clmm-core"",""final"",7.68]}}"
Z12,100,0.3,902,10,race8-seq,SUCCESS,1,7.28,7.28,8,728,60.138,template[0]@template,1484,,"{""final_survivor"":7,""elapsed_s"":60.138,""arms"":{""0"":[""template"",""floor"",7.28],""1"":[""mm"",""dropped:r1"",11.75],""2"":[""mm"",""dropped:r1"",12.51],""3"":[""mm"",""dropped:r2"",11.07],""4"":[""mm"",""dropped:r1"",12.28],""5"":[""cuthill"",""dropped:r2"",10.64],""6"":[""clmm"",""survivor"",7.93],""7"":[""clmm-core"",""final"",7.73]}}"
Z12,100,0.3,902,10,bestof8-seq,SUCCESS,1,9.55,8.95,16,955,60.3634,mm[run1],1484,,"{""per_run_s"":7.5,""accs"":[10.29,9.55,10.06,10.14,10.37,10.5,10.58,10.36]}"
Z12,100,0.3,902,10,bestof8-par,SUCCESS,1,8.69,8.22,13,869,32.0121,mm[run7],1484,,"{""per_run_s"":60.0,""accs"":[9.51,9.16,9.25,9.41,9.02,9.1,9.59,8.69],""used_s"":[19.4,15.1,16.6,16.5,28.8,31.5,13.9,32.0]}"
Z12,100,0.3,902,10,race8-par,SUCCESS,1,7.28,7.28,8,728,59.9643,template[0]@template,1484,,"{""final_survivor"":7,""elapsed_s"":59.964,""arms"":{""0"":[""template"",""floor"",7.28],""1"":[""mm"",""dropped:r1"",11.75],""2"":[""mm"",""dropped:r1"",12.51],""3"":[""mm"",""dropped:r2"",10.18],""4"":[""mm"",""dropped:r1"",12.28],""5"":[""cuthill"",""dropped:r2"",10.64],""6"":[""clmm"",""dropped:r3"",7.93],""7"":[""clmm-core"",""final"",7.7]}}"
Z12,100,0.3,902,11,race8-seq,SUCCESS,1,7.28,7.28,8,728,60.3174,template[0]@template,1484,,"{""final_survivor"":7,""elapsed_s"":60.317,""arms"":{""0"":[""template"",""floor"",7.28],""1"":[""mm"",""dropped:r1"",18.31],""2"":[""mm"",""dropped:r1"",15.5],""3"":[""mm"",""dropped:r2"",11.66],""4"":[""mm"",""dropped:r1"",12.27],""5"":[""cuthill"",""dropped:r2"",9.77],""6"":[""clmm"",""survivor"",7.88],""7"":[""clmm-core"",""final"",7.71]}}"
Z12,100,0.3,902,11,bestof8-seq,SUCCESS,1,9.74,9.12,17,974,60.1131,mm[run0],1484,,"{""per_run_s"":7.5,""accs"":[9.74,10.17,10.55,9.93,10.87,10.27,9.77,9.79]}"
Z12,100,0.3,902,11,bestof8-par,SUCCESS,1,8.44,7.98,13,844,32.1041,mm[run5],1484,,"{""per_run_s"":60.0,""accs"":[8.84,9.04,9.19,8.86,9.9,8.44,9.21,8.8],""used_s"":[19.2,19.3,20.1,28.7,15.4,32.1,16.7,25.8]}"
Z12,100,0.3,902,11,race8-par,SUCCESS,1,7.28,7.28,8,728,60.0457,template[0]@template,1484,,"{""final_survivor"":7,""elapsed_s"":60.045,""arms"":{""0"":[""template"",""floor"",7.28],""1"":[""mm"",""dropped:r1"",18.31],""2"":[""mm"",""dropped:r1"",15.5],""3"":[""mm"",""dropped:r2"",10.98],""4"":[""mm"",""dropped:r1"",12.96],""5"":[""cuthill"",""dropped:r2"",10.49],""6"":[""clmm"",""dropped:r3"",7.88],""7"":[""clmm-core"",""final"",7.65]}}"
Z12,100,0.3,902,12,race8-seq,SUCCESS,1,7.28,7.28,8,728,60.2241,template[0]@template,1484,,"{""final_survivor"":7,""elapsed_s"":60.224,""arms"":{""0"":[""template"",""floor"",7.28],""1"":[""mm"",""dropped:r2"",10.59],""2"":[""mm"",""dropped:r1"",11.87],""3"":[""mm"",""dropped:r1"",11.29],""4"":[""mm"",""dropped:r1"",11.49],""5"":[""cuthill"",""dropped:r2"",9.33],""6"":[""clmm"",""survivor"",7.91],""7"":[""clmm-core"",""final"",7.72]}}"
Z12,100,0.3,902,12,bestof8-seq,SUCCESS,1,9.44,8.75,16,944,60.4207,mm[run3],1484,,"{""per_run_s"":7.5,""accs"":[10.56,10.61,9.61,9.44,10.05,9.78,9.79,10.74]}"
Z12,100,0.3,902,12,bestof8-par,SUCCESS,1,8.86,8.34,14,886,32.0459,mm[run4],1484,,"{""per_run_s"":60.0,""accs"":[8.91,9.42,8.95,8.98,8.86,9.06,9.55,9.54],""used_s"":[26.0,19.4,32.0,19.4,18.4,26.5,20.8,27.2]}"
Z12,100,0.3,902,12,race8-par,SUCCESS,1,7.28,7.28,8,728,60.613,template[0]@template,1484,,"{""final_survivor"":7,""elapsed_s"":60.612,""arms"":{""0"":[""template"",""floor"",7.28],""1"":[""mm"",""dropped:r2"",10.59],""2"":[""mm"",""dropped:r1"",11.87],""3"":[""mm"",""dropped:r1"",11.29],""4"":[""mm"",""dropped:r1"",11.49],""5"":[""cuthill"",""dropped:r2"",9.33],""6"":[""clmm"",""dropped:r3"",7.9],""7"":[""clmm-core"",""final"",7.66]}}"
Z12,100,0.3,902,13,race8-seq,SUCCESS,1,7.28,7.28,8,728,60.2135,template[0]@template,1484,,"{""final_survivor"":7,""elapsed_s"":60.213,""arms"":{""0"":[""template"",""floor"",7.28],""1"":[""mm"",""dropped:r2"",9.6],""2"":[""mm"",""dropped:r1"",11.57],""3"":[""mm"",""dropped:r1"",12.09],""4"":[""mm"",""dropped:r1"",11.72],""5"":[""cuthill"",""dropped:r2"",9.64],""6"":[""clmm"",""survivor"",7.94],""7"":[""clmm-core"",""final"",7.7]}}"
Z12,100,0.3,902,13,bestof8-seq,SUCCESS,1,9.67,9.09,17,967,60.5042,mm[run2],1484,,"{""per_run_s"":7.5,""accs"":[10.07,9.89,9.67,10.27,10.34,10.29,10.45,10.08]}"
Z12,100,0.3,902,13,bestof8-par,SUCCESS,1,8.72,8.21,13,872,33.4828,mm[run7],1484,,"{""per_run_s"":60.0,""accs"":[9.51,9.36,9.01,8.97,9.17,9.91,8.86,8.72],""used_s"":[16.6,16.0,24.7,33.5,14.7,11.7,25.4,28.4]}"
Z12,100,0.3,902,13,race8-par,SUCCESS,1,7.28,7.28,8,728,60.3304,template[0]@template,1484,,"{""final_survivor"":7,""elapsed_s"":60.33,""arms"":{""0"":[""template"",""floor"",7.28],""1"":[""mm"",""dropped:r2"",9.6],""2"":[""mm"",""dropped:r1"",11.57],""3"":[""mm"",""dropped:r1"",12.09],""4"":[""mm"",""dropped:r1"",11.72],""5"":[""cuthill"",""dropped:r2"",9.64],""6"":[""clmm"",""dropped:r3"",7.94],""7"":[""clmm-core"",""final"",7.67]}}"
Z12,100,0.3,902,14,race8-seq,SUCCESS,1,7.28,7.28,8,728,60.2784,template[0]@template,1484,,"{""final_survivor"":7,""elapsed_s"":60.278,""arms"":{""0"":[""template"",""floor"",7.28],""1"":[""mm"",""dropped:r2"",11.22],""2"":[""mm"",""dropped:r1"",15.8],""3"":[""mm"",""dropped:r1"",13.22],""4"":[""mm"",""dropped:r1"",11.64],""5"":[""cuthill"",""dropped:r2"",10.18],""6"":[""clmm"",""survivor"",7.91],""7"":[""clmm-core"",""final"",7.73]}}"
Z12,100,0.3,902,14,bestof8-seq,SUCCESS,1,9.95,9.11,17,995,60.3763,mm[run4],1484,,"{""per_run_s"":7.5,""accs"":[10.36,10.21,10.14,10.39,9.95,10.26,10.19,10.31]}"
Z12,100,0.3,902,14,bestof8-par,SUCCESS,1,8.52,7.97,13,852,37.4382,mm[run1],1484,,"{""per_run_s"":60.0,""accs"":[10.13,8.52,9.17,9.04,8.77,8.96,9.68,8.53],""used_s"":[13.0,28.4,19.6,25.9,24.6,37.4,14.3,31.2]}"
Z12,100,0.3,902,14,race8-par,SUCCESS,1,7.28,7.28,8,728,61.3746,template[0]@template,1484,,"{""final_survivor"":7,""elapsed_s"":61.374,""arms"":{""0"":[""template"",""floor"",7.28],""1"":[""mm"",""dropped:r2"",10.59],""2"":[""mm"",""dropped:r1"",15.8],""3"":[""mm"",""dropped:r1"",13.22],""4"":[""mm"",""dropped:r1"",11.64],""5"":[""cuthill"",""dropped:r2"",10.18],""6"":[""clmm"",""dropped:r3"",7.9],""7"":[""clmm-core"",""final"",7.63]}}"
Z12,100,0.3,903,10,race8-seq,SUCCESS,1,7.46,7.46,8,746,60.252,template[0]@template,1543,,"{""final_survivor"":7,""elapsed_s"":60.252,""arms"":{""0"":[""template"",""floor"",7.46],""1"":[""mm"",""dropped:r1"",11.93],""2"":[""mm"",""dropped:r1"",13.02],""3"":[""mm"",""dropped:r2"",10.57],""4"":[""mm"",""dropped:r1"",11.71],""5"":[""cuthill"",""dropped:r2"",10.59],""6"":[""clmm"",""survivor"",7.91],""7"":[""clmm-core"",""final"",7.77]}}"
Z12,100,0.3,903,10,bestof8-seq,SUCCESS,1,9.44,8.9,15,944,60.3658,mm[run0],1543,,"{""per_run_s"":7.5,""accs"":[9.44,10.18,10.54,10.63,10.08,10.28,10.39,10.43]}"
Z12,100,0.3,903,10,bestof8-par,SUCCESS,1,8.97,8.45,14,897,29.6032,mm[run2],1543,,"{""per_run_s"":60.0,""accs"":[9.32,10.18,8.97,9.22,9.32,9.55,9.55,9.47],""used_s"":[14.1,11.5,20.1,29.6,19.8,19.5,15.0,23.4]}"
Z12,100,0.3,903,10,race8-par,SUCCESS,1,7.46,7.46,8,746,60.3828,template[0]@template,1543,,"{""final_survivor"":7,""elapsed_s"":60.382,""arms"":{""0"":[""template"",""floor"",7.46],""1"":[""mm"",""dropped:r1"",11.93],""2"":[""mm"",""dropped:r1"",13.02],""3"":[""mm"",""dropped:r2"",10.57],""4"":[""mm"",""dropped:r1"",11.71],""5"":[""cuthill"",""dropped:r2"",10.59],""6"":[""clmm"",""dropped:r3"",7.91],""7"":[""clmm-core"",""final"",7.7]}}"
Z12,100,0.3,903,11,race8-seq,SUCCESS,1,7.46,7.46,8,746,60.2359,template[0]@template,1543,,"{""final_survivor"":7,""elapsed_s"":60.236,""arms"":{""0"":[""template"",""floor"",7.46],""1"":[""mm"",""dropped:r1"",11.26],""2"":[""mm"",""dropped:r1"",11.33],""3"":[""mm"",""dropped:r1"",12.95],""4"":[""mm"",""dropped:r2"",10.71],""5"":[""cuthill"",""dropped:r2"",9.45],""6"":[""clmm"",""survivor"",7.89],""7"":[""clmm-core"",""final"",7.76]}}"
Z12,100,0.3,903,11,bestof8-seq,SUCCESS,1,10.02,9.27,16,1002,60.4233,mm[run1],1543,,"{""per_run_s"":7.5,""accs"":[10.83,10.02,10.16,10.69,10.34,10.12,10.23,10.71]}"
Z12,100,0.3,903,11,bestof8-par,SUCCESS,1,9.09,8.62,14,909,32.8441,mm[run5],1543,,"{""per_run_s"":60.0,""accs"":[9.5,9.33,9.57,9.53,9.35,9.09,10.0,10.2],""used_s"":[25.0,18.6,14.6,22.4,18.4,32.8,15.9,13.2]}"
Z12,100,0.3,903,11,race8-par,SUCCESS,1,7.46,7.46,8,746,60.292,template[0]@template,1543,,"{""final_survivor"":7,""elapsed_s"":60.291,""arms"":{""0"":[""template"",""floor"",7.46],""1"":[""mm"",""dropped:r1"",11.62],""2"":[""mm"",""dropped:r1"",11.33],""3"":[""mm"",""dropped:r1"",12.95],""4"":[""mm"",""dropped:r2"",11.1],""5"":[""cuthill"",""dropped:r2"",9.48],""6"":[""clmm"",""dropped:r3"",7.89],""7"":[""clmm-core"",""final"",7.71]}}"
Z12,100,0.3,903,12,race8-seq,SUCCESS,1,7.46,7.46,8,746,60.0712,template[0]@template,1543,,"{""final_survivor"":7,""elapsed_s"":60.071,""arms"":{""0"":[""template"",""floor"",7.46],""1"":[""mm"",""dropped:r1"",11.53],""2"":[""mm"",""dropped:r2"",9.97],""3"":[""mm"",""dropped:r1"",11.43],""4"":[""mm"",""dropped:r1"",11.58],""5"":[""cuthill"",""dropped:r2"",9.23],""6"":[""clmm"",""survivor"",7.87],""7"":[""clmm-core"",""final"",7.78]}}"
Z12,100,0.3,903,12,bestof8-seq,SUCCESS,1,9.62,9.01,15,962,60.2735,mm[run2],1543,,"{""per_run_s"":7.5,""accs"":[10.5,10.33,9.62,10.48,10.87,9.78,9.95,10.65]}"
Z12,100,0.3,903,12,bestof8-par,SUCCESS,1,8.81,8.31,14,881,30.6353,mm[run6],1543,,"{""per_run_s"":60.0,""accs"":[9.14,9.13,9.62,9.24,9.34,9.56,8.81,10.05],""used_s"":[22.7,30.6,12.2,30.0,27.6,16.6,27.8,12.3]}"
Z12,100,0.3,903,12,race8-par,SUCCESS,1,7.46,7.46,8,746,60.0553,template[0]@template,1543,,"{""final_survivor"":7,""elapsed_s"":60.055,""arms"":{""0"":[""template"",""floor"",7.46],""1"":[""mm"",""dropped:r1"",11.53],""2"":[""mm"",""dropped:r2"",10.89],""3"":[""mm"",""dropped:r1"",11.62],""4"":[""mm"",""dropped:r1"",11.58],""5"":[""cuthill"",""dropped:r2"",10.03],""6"":[""clmm"",""dropped:r3"",7.87],""7"":[""clmm-core"",""final"",7.72]}}"
Z12,100,0.3,903,13,race8-seq,SUCCESS,1,7.46,7.46,8,746,60.1575,template[0]@template,1543,,"{""final_survivor"":7,""elapsed_s"":60.157,""arms"":{""0"":[""template"",""floor"",7.46],""1"":[""mm"",""dropped:r2"",11.53],""2"":[""mm"",""dropped:r1"",14.51],""3"":[""mm"",""dropped:r1"",12.76],""4"":[""mm"",""dropped:r1"",12.16],""5"":[""cuthill"",""dropped:r2"",10.31],""6"":[""clmm"",""survivor"",7.93],""7"":[""clmm-core"",""final"",7.8]}}"
Z12,100,0.3,903,13,bestof8-seq,SUCCESS,1,9.97,9.22,16,997,60.2401,mm[run2],1543,,"{""per_run_s"":7.5,""accs"":[10.21,10.25,9.97,9.99,10.11,10.18,10.19,10.96]}"
Z12,100,0.3,903,13,bestof8-par,SUCCESS,1,8.84,8.37,13,884,30.393,mm[run3],1543,,"{""per_run_s"":60.0,""accs"":[9.02,9.0,9.97,8.84,9.27,9.27,9.1,9.65],""used_s"":[28.1,19.5,11.4,26.6,18.0,15.9,30.4,21.8]}"
Z12,100,0.3,903,13,race8-par,SUCCESS,1,7.46,7.46,8,746,60.3338,template[0]@template,1543,,"{""final_survivor"":7,""elapsed_s"":60.333,""arms"":{""0"":[""template"",""floor"",7.46],""1"":[""mm"",""dropped:r1"",12.97],""2"":[""mm"",""dropped:r1"",14.51],""3"":[""mm"",""dropped:r1"",13.5],""4"":[""mm"",""dropped:r2"",10.9],""5"":[""cuthill"",""dropped:r2"",10.15],""6"":[""clmm"",""dropped:r3"",7.92],""7"":[""clmm-core"",""final"",7.72]}}"
Z12,100,0.3,903,14,race8-seq,SUCCESS,1,7.46,7.46,8,746,60.21,template[0]@template,1543,,"{""final_survivor"":7,""elapsed_s"":60.21,""arms"":{""0"":[""template"",""floor"",7.46],""1"":[""mm"",""dropped:r1"",11.71],""2"":[""mm"",""dropped:r2"",11.17],""3"":[""mm"",""dropped:r1"",13.34],""4"":[""mm"",""dropped:r1"",13.95],""5"":[""cuthill"",""dropped:r2"",9.99],""6"":[""clmm"",""survivor"",7.91],""7"":[""clmm-core"",""final"",7.81]}}"
Z12,100,0.3,903,14,bestof8-seq,SUCCESS,1,9.8,9.04,16,980,60.3221,mm[run1],1543,,"{""per_run_s"":7.5,""accs"":[10.61,9.8,10.09,10.8,10.42,10.91,10.01,11.0]}"
Z12,100,0.3,903,14,bestof8-par,SUCCESS,1,8.63,8.22,14,863,34.5055,mm[run6],1543,,"{""per_run_s"":60.0,""accs"":[9.25,9.31,8.74,9.76,9.42,9.15,8.63,9.38],""used_s"":[32.6,15.9,34.5,19.6,18.3,30.4,28.1,26.3]}"
Z12,100,0.3,903,14,race8-par,SUCCESS,1,7.46,7.46,8,746,60.0868,template[0]@template,1543,,"{""final_survivor"":7,""elapsed_s"":60.086,""arms"":{""0"":[""template"",""floor"",7.46],""1"":[""mm"",""dropped:r1"",11.71],""2"":[""mm"",""dropped:r2"",10.73],""3"":[""mm"",""dropped:r1"",13.55],""4"":[""mm"",""dropped:r1"",13.95],""5"":[""cuthill"",""dropped:r2"",9.61],""6"":[""clmm"",""dropped:r3"",7.85],""7"":[""clmm-core"",""final"",7.79]}}"
Z12,100,0.3,904,10,race8-seq,SUCCESS,1,7.49,7.49,8,749,60.2902,template[0]@template,1460,,"{""final_survivor"":7,""elapsed_s"":60.29,""arms"":{""0"":[""template"",""floor"",7.49],""1"":[""mm"",""dropped:r1"",11.92],""2"":[""mm"",""dropped:r1"",13.54],""3"":[""mm"",""dropped:r2"",10.15],""4"":[""mm"",""dropped:r1"",11.38],""5"":[""cuthill"",""dropped:r2"",9.35],""6"":[""clmm"",""dropped:r3"",7.93],""7"":[""clmm-core"",""final"",7.65]}}"
Z12,100,0.3,904,10,bestof8-seq,SUCCESS,1,9.62,9.02,15,962,60.1639,mm[run1],1460,,"{""per_run_s"":7.5,""accs"":[10.7,9.62,10.33,10.9,10.52,9.8,10.11,10.24]}"
Z12,100,0.3,904,10,bestof8-par,SUCCESS,1,8.72,8.2,13,872,27.6967,mm[run4],1460,,"{""per_run_s"":60.0,""accs"":[9.54,9.33,8.92,9.59,8.72,9.43,9.05,8.81],""used_s"":[19.6,14.3,26.6,17.0,27.7,17.1,18.9,20.7]}"
Z12,100,0.3,904,10,race8-par,SUCCESS,1,7.49,7.49,8,749,60.3415,template[0]@template,1460,,"{""final_survivor"":7,""elapsed_s"":60.341,""arms"":{""0"":[""template"",""floor"",7.49],""1"":[""mm"",""dropped:r1"",11.2],""2"":[""mm"",""dropped:r1"",13.54],""3"":[""mm"",""dropped:r2"",10.15],""4"":[""mm"",""dropped:r1"",11.38],""5"":[""cuthill"",""dropped:r2"",9.35],""6"":[""clmm"",""dropped:r3"",7.92],""7"":[""clmm-core"",""final"",7.63]}}"
Z12,100,0.3,904,11,race8-seq,SUCCESS,1,7.49,7.49,8,749,60.6389,template[0]@template,1460,,"{""final_survivor"":7,""elapsed_s"":60.638,""arms"":{""0"":[""template"",""floor"",7.49],""1"":[""mm"",""dropped:r1"",11.61],""2"":[""mm"",""dropped:r1"",11.93],""3"":[""mm"",""dropped:r2"",10.26],""4"":[""mm"",""dropped:r1"",11.42],""5"":[""cuthill"",""dropped:r2"",9.38],""6"":[""clmm"",""dropped:r3"",7.9],""7"":[""clmm-core"",""final"",7.68]}}"
Z12,100,0.3,904,11,bestof8-seq,SUCCESS,1,9.73,9.08,16,973,60.0894,mm[run2],1460,,"{""per_run_s"":7.5,""accs"":[9.96,10.31,9.73,9.89,10.09,9.86,9.85,10.99]}"
Z12,100,0.3,904,11,bestof8-par,SUCCESS,1,8.5,8.06,13,850,27.6563,mm[run6],1460,,"{""per_run_s"":60.0,""accs"":[8.56,9.65,9.15,9.89,9.23,9.33,8.5,9.06],""used_s"":[27.6,16.6,20.0,10.8,21.5,17.6,23.4,22.1]}"
Z12,100,0.3,904,11,race8-par,SUCCESS,1,7.49,7.49,8,749,60.4019,template[0]@template,1460,,"{""final_survivor"":7,""elapsed_s"":60.401,""arms"":{""0"":[""template"",""floor"",7.49],""1"":[""mm"",""dropped:r1"",11.61],""2"":[""mm"",""dropped:r1"",11.93],""3"":[""mm"",""dropped:r2"",10.26],""4"":[""mm"",""dropped:r1"",11.42],""5"":[""cuthill"",""dropped:r2"",9.38],""6"":[""clmm"",""dropped:r3"",7.9],""7"":[""clmm-core"",""final"",7.58]}}"
Z12,100,0.3,904,12,race8-seq,SUCCESS,1,7.49,7.49,8,749,60.2918,template[0]@template,1460,,"{""final_survivor"":7,""elapsed_s"":60.291,""arms"":{""0"":[""template"",""floor"",7.49],""1"":[""mm"",""dropped:r1"",11.43],""2"":[""mm"",""dropped:r2"",10.4],""3"":[""mm"",""dropped:r1"",11.88],""4"":[""mm"",""dropped:r1"",11.46],""5"":[""cuthill"",""dropped:r2"",9.55],""6"":[""clmm"",""survivor"",7.93],""7"":[""clmm-core"",""final"",7.6]}}"
Z12,100,0.3,904,12,bestof8-seq,SUCCESS,1,9.73,8.99,15,973,60.2334,mm[run3],1460,,"{""per_run_s"":7.5,""accs"":[10.13,10.43,11.22,9.73,10.33,10.09,10.91,10.57]}"
Z12,100,0.3,904,12,bestof8-par,SUCCESS,1,8.81,8.27,13,881,34.5024,mm[run3],1460,,"{""per_run_s"":60.0,""accs"":[10.13,9.47,9.82,8.81,8.91,8.94,9.07,9.6],""used_s"":[10.0,16.7,17.5,34.5,24.2,28.8,24.3,14.9]}"
Z12,100,0.3,904,12,race8-par,SUCCESS,1,7.49,7.49,8,749,60.2403,template[0]@template,1460,,"{""final_survivor"":7,""elapsed_s"":60.24,""arms"":{""0"":[""template"",""floor"",7.49],""1"":[""mm"",""dropped:r1"",11.43],""2"":[""mm"",""dropped:r2"",10.28],""3"":[""mm"",""dropped:r1"",11.88],""4"":[""mm"",""dropped:r1"",11.49],""5"":[""cuthill"",""dropped:r2"",9.55],""6"":[""clmm"",""dropped:r3"",7.91],""7"":[""clmm-core"",""final"",7.54]}}"
Z12,100,0.3,904,13,race8-seq,SUCCESS,1,7.49,7.49,8,749,60.1592,template[0]@template,1460,,"{""final_survivor"":7,""elapsed_s"":60.159,""arms"":{""0"":[""template"",""floor"",7.49],""1"":[""mm"",""dropped:r2"",10.01],""2"":[""mm"",""dropped:r1"",12.53],""3"":[""mm"",""dropped:r1"",12.26],""4"":[""mm"",""dropped:r1"",11.67],""5"":[""cuthill"",""dropped:r2"",10.63],""6"":[""clmm"",""survivor"",7.9],""7"":[""clmm-core"",""final"",7.69]}}"
Z12,100,0.3,904,13,bestof8-seq,SUCCESS,1,9.48,8.74,17,948,60.0824,mm[run5],1460,,"{""per_run_s"":7.5,""accs"":[10.24,9.69,10.66,10.21,10.09,9.48,10.32,10.76]}"
Z12,100,0.3,904,13,bestof8-par,SUCCESS,1,8.49,8.1,13,849,31.7025,mm[run5],1460,,"{""per_run_s"":60.0,""accs"":[8.55,9.69,8.81,8.74,9.05,8.49,8.82,9.25],""used_s"":[31.7,10.0,25.8,21.3,19.8,17.4,30.7,25.6]}"
Z12,100,0.3,904,13,race8-par,SUCCESS,1,7.49,7.49,8,749,59.9968,template[0]@template,1460,,"{""final_survivor"":7,""elapsed_s"":59.996,""arms"":{""0"":[""template"",""floor"",7.49],""1"":[""mm"",""dropped:r2"",10.01],""2"":[""mm"",""dropped:r1"",12.53],""3"":[""mm"",""dropped:r1"",12.26],""4"":[""mm"",""dropped:r1"",11.67],""5"":[""cuthill"",""dropped:r2"",9.6],""6"":[""clmm"",""dropped:r3"",7.88],""7"":[""clmm-core"",""final"",7.65]}}"
Z12,100,0.3,904,14,race8-seq,SUCCESS,1,7.49,7.49,8,749,60.3502,template[0]@template,1460,,"{""final_survivor"":7,""elapsed_s"":60.35,""arms"":{""0"":[""template"",""floor"",7.49],""1"":[""mm"",""dropped:r1"",11.45],""2"":[""mm"",""dropped:r1"",12.15],""3"":[""mm"",""dropped:r1"",10.98],""4"":[""mm"",""dropped:r2"",9.3],""5"":[""cuthill"",""dropped:r2"",9.66],""6"":[""clmm"",""dropped:r3"",7.89],""7"":[""clmm-core"",""final"",7.69]}}"
Z12,100,0.3,904,14,bestof8-seq,SUCCESS,1,9.57,8.81,17,957,60.2071,mm[run4],1460,,"{""per_run_s"":7.5,""accs"":[9.88,9.81,9.82,9.85,9.57,10.21,10.72,9.61]}"
Z12,100,0.3,904,14,bestof8-par,SUCCESS,1,8.65,8.21,14,865,27.4707,mm[run2],1460,,"{""per_run_s"":60.0,""accs"":[8.81,9.58,8.65,9.47,8.95,9.14,10.04,9.01],""used_s"":[27.4,12.8,18.8,17.2,19.2,22.3,17.3,19.3]}"
Z12,100,0.3,904,14,race8-par,SUCCESS,1,7.49,7.49,8,749,60.0367,template[0]@template,1460,,"{""final_survivor"":7,""elapsed_s"":60.036,""arms"":{""0"":[""template"",""floor"",7.49],""1"":[""mm"",""dropped:r1"",11.45],""2"":[""mm"",""dropped:r1"",13.43],""3"":[""mm"",""dropped:r1"",10.96],""4"":[""mm"",""dropped:r2"",9.3],""5"":[""cuthill"",""dropped:r2"",9.66],""6"":[""clmm"",""dropped:r3"",7.87],""7"":[""clmm-core"",""final"",7.64]}}"
Z12,100,0.3,905,10,race8-seq,SUCCESS,1,7.36,7.36,8,736,60.3714,template[0]@template,1489,,"{""final_survivor"":7,""elapsed_s"":60.371,""arms"":{""0"":[""template"",""floor"",7.36],""1"":[""mm"",""dropped:r1"",11.63],""2"":[""mm"",""dropped:r1"",11.53],""3"":[""mm"",""dropped:r2"",9.8],""4"":[""mm"",""dropped:r1"",12.16],""5"":[""cuthill"",""dropped:r2"",10.49],""6"":[""clmm"",""dropped:r3"",7.85],""7"":[""clmm-core"",""final"",7.73]}}"
Z12,100,0.3,905,10,bestof8-seq,SUCCESS,1,9.47,8.86,16,947,60.3581,mm[run1],1489,,"{""per_run_s"":7.5,""accs"":[9.87,9.47,9.84,10.01,10.81,10.17,10.06,10.76]}"
Z12,100,0.3,905,10,bestof8-par,SUCCESS,1,8.5,8.09,12,850,28.5431,mm[run0],1489,,"{""per_run_s"":60.0,""accs"":[8.5,9.42,9.45,9.11,9.52,9.33,9.31,10.06],""used_s"":[28.5,13.3,19.0,18.3,16.9,23.4,14.4,13.2]}"
Z12,100,0.3,905,10,race8-par,SUCCESS,1,7.36,7.36,8,736,60.31,template[0]@template,1489,,"{""final_survivor"":7,""elapsed_s"":60.309,""arms"":{""0"":[""template"",""floor"",7.36],""1"":[""mm"",""dropped:r1"",11.63],""2"":[""mm"",""dropped:r1"",11.53],""3"":[""mm"",""dropped:r2"",9.8],""4"":[""mm"",""dropped:r1"",12.16],""5"":[""cuthill"",""dropped:r2"",10.49],""6"":[""clmm"",""dropped:r3"",7.85],""7"":[""clmm-core"",""final"",7.69]}}"
Z12,100,0.3,905,11,race8-seq,SUCCESS,1,7.36,7.36,8,736,60.51,template[0]@template,1489,,"{""final_survivor"":7,""elapsed_s"":60.51,""arms"":{""0"":[""template"",""floor"",7.36],""1"":[""mm"",""dropped:r2"",9.88],""2"":[""mm"",""dropped:r1"",10.97],""3"":[""mm"",""dropped:r1"",11.11],""4"":[""mm"",""dropped:r1"",11.63],""5"":[""cuthill"",""dropped:r2"",10.16],""6"":[""clmm"",""survivor"",7.87],""7"":[""clmm-core"",""final"",7.72]}}"
Z12,100,0.3,905,11,bestof8-seq,SUCCESS,1,9.74,9.01,16,974,60.0417,mm[run1],1489,,"{""per_run_s"":7.5,""accs"":[11.05,9.74,9.95,10.11,10.02,10.36,10.5,11.07]}"
Z12,100,0.3,905,11,bestof8-par,SUCCESS,1,8.82,8.37,13,882,30.7036,mm[run5],1489,,"{""per_run_s"":60.0,""accs"":[9.02,9.05,9.04,9.69,8.87,8.82,9.22,10.0],""used_s"":[26.8,20.1,22.0,17.1,29.7,30.7,19.2,14.5]}"
Z12,100,0.3,905,11,race8-par,SUCCESS,1,7.36,7.36,8,736,60.1704,template[0]@template,1489,,"{""final_survivor"":7,""elapsed_s"":60.17,""arms"":{""0"":[""template"",""floor"",7.36],""1"":[""mm"",""dropped:r2"",9.88],""2"":[""mm"",""dropped:r1"",10.97],""3"":[""mm"",""dropped:r1"",11.11],""4"":[""mm"",""dropped:r1"",11.63],""5"":[""cuthill"",""dropped:r2"",9.75],""6"":[""clmm"",""dropped:r3"",7.82],""7"":[""clmm-core"",""final"",7.72]}}"
Z12,100,0.3,905,12,race8-seq,SUCCESS,1,7.36,7.36,8,736,60.6779,template[0]@template,1489,,"{""final_survivor"":7,""elapsed_s"":60.677,""arms"":{""0"":[""template"",""floor"",7.36],""1"":[""mm"",""dropped:r2"",10.64],""2"":[""mm"",""dropped:r1"",11.72],""3"":[""mm"",""dropped:r1"",12.64],""4"":[""mm"",""dropped:r1"",11.02],""5"":[""cuthill"",""dropped:r2"",10.36],""6"":[""clmm"",""survivor"",7.88],""7"":[""clmm-core"",""final"",7.68]}}"
Z12,100,0.3,905,12,bestof8-seq,SUCCESS,1,10.0,9.26,16,1000,60.0591,mm[run0],1489,,"{""per_run_s"":7.5,""accs"":[10.0,10.21,10.09,10.22,11.57,10.46,10.04,10.62]}"
Z12,100,0.3,905,12,bestof8-par,SUCCESS,1,8.77,8.45,13,877,27.7369,mm[run0],1489,,"{""per_run_s"":60.0,""accs"":[8.77,9.24,10.09,9.08,9.78,9.97,9.26,9.7],""used_s"":[27.4,16.8,11.3,27.7,18.0,14.6,17.8,14.1]}"
Z12,100,0.3,905,12,race8-par,SUCCESS,1,7.36,7.36,8,736,60.2331,template[0]@template,1489,,"{""final_survivor"":7,""elapsed_s"":60.232,""arms"":{""0"":[""template"",""floor"",7.36],""1"":[""mm"",""dropped:r2"",10.64],""2"":[""mm"",""dropped:r1"",11.72],""3"":[""mm"",""dropped:r1"",12.64],""4"":[""mm"",""dropped:r1"",11.02],""5"":[""cuthill"",""dropped:r2"",10.36],""6"":[""clmm"",""dropped:r3"",7.87],""7"":[""clmm-core"",""final"",7.63]}}"
Z12,100,0.3,905,13,race8-seq,SUCCESS,1,7.36,7.36,8,736,60.3229,template[0]@template,1489,,"{""final_survivor"":7,""elapsed_s"":60.323,""arms"":{""0"":[""template"",""floor"",7.36],""1"":[""mm"",""dropped:r1"",11.74],""2"":[""mm"",""dropped:r1"",11.8],""3"":[""mm"",""dropped:r1"",11.21],""4"":[""mm"",""dropped:r2"",10.67],""5"":[""cuthill"",""dropped:r2"",9.78],""6"":[""clmm"",""survivor"",7.94],""7"":[""clmm-core"",""final"",7.71]}}"
Z12,100,0.3,905,13,bestof8-seq,SUCCESS,1,9.57,9.0,15,957,60.1207,mm[run2],1489,,"{""per_run_s"":7.5,""accs"":[10.19,10.72,9.57,9.92,9.82,10.5,9.96,10.72]}"
Z12,100,0.3,905,13,bestof8-par,SUCCESS,1,8.87,8.35,14,887,27.035,mm[run4],1489,,"{""per_run_s"":60.0,""accs"":[10.19,9.35,9.29,9.27,8.87,10.5,9.29,9.42],""used_s"":[11.0,27.0,22.2,19.6,22.1,11.0,16.1,23.6]}"
Z12,100,0.3,905,13,race8-par,SUCCESS,1,7.36,7.36,8,736,60.6297,template[0]@template,1489,,"{""final_survivor"":7,""elapsed_s"":60.629,""arms"":{""0"":[""template"",""floor"",7.36],""1"":[""mm"",""dropped:r1"",11.74],""2"":[""mm"",""dropped:r1"",11.8],""3"":[""mm"",""dropped:r1"",11.21],""4"":[""mm"",""dropped:r2"",10.32],""5"":[""cuthill"",""dropped:r2"",9.73],""6"":[""clmm"",""dropped:r3"",7.94],""7"":[""clmm-core"",""final"",7.67]}}"
Z12,100,0.3,905,14,race8-seq,SUCCESS,1,7.36,7.36,8,736,60.2775,template[0]@template,1489,,"{""final_survivor"":7,""elapsed_s"":60.277,""arms"":{""0"":[""template"",""floor"",7.36],""1"":[""mm"",""dropped:r2"",10.65],""2"":[""mm"",""dropped:r1"",11.41],""3"":[""mm"",""dropped:r1"",12.65],""4"":[""mm"",""dropped:r1"",12.43],""5"":[""cuthill"",""dropped:r2"",9.36],""6"":[""clmm"",""survivor"",7.85],""7"":[""clmm-core"",""final"",7.68]}}"
Z12,100,0.3,905,14,bestof8-seq,SUCCESS,1,9.17,8.6,15,917,60.4931,mm[run0],1489,,"{""per_run_s"":7.5,""accs"":[9.17,10.41,9.74,10.23,9.89,10.12,10.01,10.9]}"
Z12,100,0.3,905,14,bestof8-par,SUCCESS,1,8.69,8.28,13,869,26.878,mm[run4],1489,,"{""per_run_s"":60.0,""accs"":[8.83,9.17,9.76,9.99,8.69,8.9,9.23,8.95],""used_s"":[21.8,18.1,12.2,13.3,26.6,26.9,21.9,25.1]}"
Z12,100,0.3,905,14,race8-par,SUCCESS,1,7.36,7.36,8,736,60.2839,template[0]@template,1489,,"{""final_survivor"":7,""elapsed_s"":60.283,""arms"":{""0"":[""template"",""floor"",7.36],""1"":[""mm"",""dropped:r2"",10.65],""2"":[""mm"",""dropped:r1"",11.41],""3"":[""mm"",""dropped:r1"",12.65],""4"":[""mm"",""dropped:r1"",12.43],""5"":[""cuthill"",""dropped:r2"",9.79],""6"":[""clmm"",""dropped:r3"",7.83],""7"":[""clmm-core"",""final"",7.64]}}"
Z12,100,0.3,906,10,race8-seq,SUCCESS,1,7.47,7.47,8,747,60.2996,template[0]@template,1494,,"{""final_survivor"":7,""elapsed_s"":60.299,""arms"":{""0"":[""template"",""floor"",7.47],""1"":[""mm"",""dropped:r2"",10.68],""2"":[""mm"",""dropped:r1"",12.95],""3"":[""mm"",""dropped:r1"",11.85],""4"":[""mm"",""dropped:r1"",12.65],""5"":[""cuthill"",""dropped:r2"",10.6],""6"":[""clmm"",""survivor"",7.87],""7"":[""clmm-core"",""final"",7.7]}}"
Z12,100,0.3,906,10,bestof8-seq,SUCCESS,1,9.6,8.94,15,960,60.2614,mm[run0],1494,,"{""per_run_s"":7.5,""accs"":[9.6,10.73,9.63,10.07,9.97,9.99,10.57,10.73]}"
Z12,100,0.3,906,10,bestof8-par,SUCCESS,1,8.54,8.12,14,854,31.5404,mm[run7],1494,,"{""per_run_s"":60.0,""accs"":[9.03,9.03,9.02,8.76,8.96,9.14,9.15,8.54],""used_s"":[13.4,18.0,16.4,31.5,23.7,24.7,23.8,24.6]}"
Z12,100,0.3,906,10,race8-par,SUCCESS,1,7.47,7.47,8,747,60.0421,template[0]@template,1494,,"{""final_survivor"":7,""elapsed_s"":60.041,""arms"":{""0"":[""template"",""floor"",7.47],""1"":[""mm"",""dropped:r2"",10.68],""2"":[""mm"",""dropped:r1"",12.95],""3"":[""mm"",""dropped:r1"",11.85],""4"":[""mm"",""dropped:r1"",12.65],""5"":[""cuthill"",""dropped:r2"",10.6],""6"":[""clmm"",""dropped:r3"",7.86],""7"":[""clmm-core"",""final"",7.65]}}"
Z12,100,0.3,906,12,race8-seq,SUCCESS,1,7.47,7.47,8,747,60.1976,template[0]@template,1494,,"{""final_survivor"":7,""elapsed_s"":60.197,""arms"":{""0"":[""template"",""floor"",7.47],""1"":[""mm"",""dropped:r2"",10.7],""2"":[""mm"",""dropped:r1"",11.73],""3"":[""mm"",""dropped:r1"",11.95],""4"":[""mm"",""dropped:r1"",13.07],""5"":[""cuthill"",""dropped:r2"",9.91],""6"":[""clmm"",""survivor"",7.86],""7"":[""clmm-core"",""final"",7.7]}}"
Z12,100,0.3,906,12,bestof8-seq,SUCCESS,1,9.05,8.44,14,905,60.3259,mm[run0],1494,,"{""per_run_s"":7.5,""accs"":[9.05,10.63,10.02,10.13,9.88,10.43,10.44,10.36]}"
Z12,100,0.3,906,12,bestof8-par,SUCCESS,1,8.75,8.3,13,875,20.5742,mm[run0],1494,,"{""per_run_s"":60.0,""accs"":[8.75,9.35,9.16,8.8,9.37,9.17,10.44,10.06],""used_s"":[15.4,14.9,18.3,19.4,17.3,20.5,9.4,11.6]}"
Z12,100,0.3,906,12,race8-par,SUCCESS,1,7.47,7.47,8,747,60.4691,template[0]@template,1494,,"{""final_survivor"":7,""elapsed_s"":60.468,""arms"":{""0"":[""template"",""floor"",7.47],""1"":[""mm"",""dropped:r2"",10.14],""2"":[""mm"",""dropped:r1"",11.73],""3"":[""mm"",""dropped:r1"",11.95],""4"":[""mm"",""dropped:r1"",13.07],""5"":[""cuthill"",""dropped:r2"",9.91],""6"":[""clmm"",""dropped:r3"",7.84],""7"":[""clmm-core"",""final"",7.69]}}"
Z12,100,0.3,906,11,race8-seq,SUCCESS,1,7.47,7.47,8,747,60.3012,template[0]@template,1494,,"{""final_survivor"":7,""elapsed_s"":60.301,""arms"":{""0"":[""template"",""floor"",7.47],""1"":[""mm"",""dropped:r1"",13.55],""2"":[""mm"",""dropped:r1"",16.66],""3"":[""mm"",""dropped:r1"",12.19],""4"":[""mm"",""dropped:r2"",11.51],""5"":[""cuthill"",""dropped:r2"",9.78],""6"":[""clmm"",""survivor"",7.88],""7"":[""clmm-core"",""final"",7.71]}}"
Z12,100,0.3,906,11,bestof8-seq,SUCCESS,1,9.82,9.12,18,982,60.2666,mm[run3],1494,,"{""per_run_s"":7.5,""accs"":[10.22,10.29,10.23,9.82,10.51,9.89,10.25,10.04]}"
Z12,100,0.3,906,11,bestof8-par,SUCCESS,1,8.9,8.28,13,890,40.1963,mm[run6],1494,,"{""per_run_s"":60.0,""accs"":[9.13,9.67,8.99,9.17,9.48,9.34,8.9,9.35],""used_s"":[24.1,17.6,21.3,23.1,20.2,17.6,40.2,17.8]}"
Z12,100,0.3,906,11,race8-par,SUCCESS,1,7.47,7.47,8,747,60.4886,template[0]@template,1494,,"{""final_survivor"":7,""elapsed_s"":60.488,""arms"":{""0"":[""template"",""floor"",7.47],""1"":[""mm"",""dropped:r1"",13.55],""2"":[""mm"",""dropped:r1"",16.66],""3"":[""mm"",""dropped:r1"",12.19],""4"":[""mm"",""dropped:r2"",10.77],""5"":[""cuthill"",""dropped:r2"",9.78],""6"":[""clmm"",""dropped:r3"",7.87],""7"":[""clmm-core"",""final"",7.64]}}"
Z12,100,0.3,906,13,race8-seq,SUCCESS,1,7.47,7.47,8,747,60.0395,template[0]@template,1494,,"{""final_survivor"":7,""elapsed_s"":60.039,""arms"":{""0"":[""template"",""floor"",7.47],""1"":[""mm"",""dropped:r1"",12.11],""2"":[""mm"",""dropped:r1"",11.82],""3"":[""mm"",""dropped:r1"",11.63],""4"":[""mm"",""dropped:r2"",10.93],""5"":[""cuthill"",""dropped:r2"",10.56],""6"":[""clmm"",""survivor"",7.87],""7"":[""clmm-core"",""final"",7.71]}}"
Z12,100,0.3,906,13,bestof8-seq,SUCCESS,1,9.92,9.16,17,992,60.0482,mm[run1],1494,,"{""per_run_s"":7.5,""accs"":[10.43,9.92,11.06,10.73,10.38,9.98,10.43,10.71]}"
Z12,100,0.3,906,13,bestof8-par,SUCCESS,1,8.98,8.45,14,898,37.6877,mm[run6],1494,,"{""per_run_s"":60.0,""accs"":[9.34,9.12,9.35,9.39,10.38,9.02,8.98,9.1],""used_s"":[18.5,29.0,22.1,31.6,11.6,28.3,37.7,21.6]}"
Z12,100,0.3,906,13,race8-par,SUCCESS,1,7.47,7.47,8,747,60.5159,template[0]@template,1494,,"{""final_survivor"":7,""elapsed_s"":60.515,""arms"":{""0"":[""template"",""floor"",7.47],""1"":[""mm"",""dropped:r1"",12.11],""2"":[""mm"",""dropped:r1"",11.82],""3"":[""mm"",""dropped:r1"",11.63],""4"":[""mm"",""dropped:r2"",10.61],""5"":[""cuthill"",""dropped:r2"",10.56],""6"":[""clmm"",""dropped:r3"",7.84],""7"":[""clmm-core"",""final"",7.6]}}"
Z12,100,0.3,906,14,race8-seq,SUCCESS,1,7.47,7.47,8,747,60.1926,template[0]@template,1494,,"{""final_survivor"":7,""elapsed_s"":60.192,""arms"":{""0"":[""template"",""floor"",7.47],""1"":[""mm"",""dropped:r1"",12.26],""2"":[""mm"",""dropped:r1"",11.96],""3"":[""mm"",""dropped:r2"",10.89],""4"":[""mm"",""dropped:r1"",11.46],""5"":[""cuthill"",""dropped:r2"",9.76],""6"":[""clmm"",""survivor"",7.89],""7"":[""clmm-core"",""final"",7.69]}}"
Z12,100,0.3,906,14,bestof8-seq,SUCCESS,1,9.55,8.88,17,955,60.0556,mm[run3],1494,,"{""per_run_s"":7.5,""accs"":[9.78,9.97,10.3,9.55,10.07,10.5,10.41,11.27]}"
Z12,100,0.3,906,14,bestof8-par,SUCCESS,1,8.55,8.19,13,855,27.4908,mm[run3],1494,,"{""per_run_s"":60.0,""accs"":[8.99,8.76,9.12,8.55,9.6,10.5,9.01,9.09],""used_s"":[20.7,24.0,23.3,24.3,18.4,12.8,27.5,23.6]}"
Z12,100,0.3,906,14,race8-par,SUCCESS,1,7.47,7.47,8,747,60.5135,template[0]@template,1494,,"{""final_survivor"":7,""elapsed_s"":60.513,""arms"":{""0"":[""template"",""floor"",7.47],""1"":[""mm"",""dropped:r1"",12.26],""2"":[""mm"",""dropped:r1"",11.96],""3"":[""mm"",""dropped:r2"",10.89],""4"":[""mm"",""dropped:r1"",11.46],""5"":[""cuthill"",""dropped:r2"",9.76],""6"":[""clmm"",""dropped:r3"",7.86],""7"":[""clmm-core"",""final"",7.67]}}"
Z12,100,0.3,907,10,race8-seq,SUCCESS,1,7.44,7.44,8,744,60.1816,template[0]@template,1482,,"{""final_survivor"":7,""elapsed_s"":60.181,""arms"":{""0"":[""template"",""floor"",7.44],""1"":[""mm"",""dropped:r1"",11.94],""2"":[""mm"",""dropped:r2"",10.4],""3"":[""mm"",""dropped:r1"",12.21],""4"":[""mm"",""dropped:r1"",13.14],""5"":[""cuthill"",""dropped:r2"",9.78],""6"":[""clmm"",""survivor"",7.89],""7"":[""clmm-core"",""final"",7.67]}}"
Z12,100,0.3,907,10,bestof8-seq,SUCCESS,1,9.43,8.93,16,943,60.2422,mm[run2],1482,,"{""per_run_s"":7.5,""accs"":[9.59,10.03,9.43,10.04,10.31,10.51,10.03,10.31]}"
Z12,100,0.3,907,10,bestof8-par,SUCCESS,1,8.69,8.34,13,869,27.0203,mm[run7],1482,,"{""per_run_s"":60.0,""accs"":[9.27,9.34,9.43,9.02,9.15,9.84,9.35,8.69],""used_s"":[13.2,17.2,10.5,21.3,17.1,16.2,21.2,27.0]}"
Z12,100,0.3,907,10,race8-par,SUCCESS,1,7.44,7.44,8,744,60.631,template[0]@template,1482,,"{""final_survivor"":7,""elapsed_s"":60.63,""arms"":{""0"":[""template"",""floor"",7.44],""1"":[""mm"",""dropped:r1"",11.94],""2"":[""mm"",""dropped:r2"",10.35],""3"":[""mm"",""dropped:r1"",11.16],""4"":[""mm"",""dropped:r1"",13.14],""5"":[""cuthill"",""dropped:r2"",9.78],""6"":[""clmm"",""dropped:r3"",7.89],""7"":[""clmm-core"",""final"",7.65]}}"
Z12,100,0.3,907,11,race8-seq,SUCCESS,1,7.44,7.44,8,744,59.9882,template[0]@template,1482,,"{""final_survivor"":7,""elapsed_s"":59.988,""arms"":{""0"":[""template"",""floor"",7.44],""1"":[""mm"",""dropped:r1"",12.56],""2"":[""mm"",""dropped:r2"",10.09],""3"":[""mm"",""dropped:r1"",12.89],""4"":[""mm"",""dropped:r1"",12.09],""5"":[""cuthill"",""dropped:r2"",9.97],""6"":[""clmm"",""survivor"",7.88],""7"":[""clmm-core"",""final"",7.68]}}"
Z12,100,0.3,907,11,bestof8-seq,SUCCESS,1,9.52,8.96,15,952,60.1546,mm[run3],1482,,"{""per_run_s"":7.5,""accs"":[9.81,10.27,9.67,9.52,9.88,10.58,9.74,10.61]}"
Z12,100,0.3,907,11,bestof8-par,SUCCESS,1,8.55,8.14,13,855,38.2862,mm[run6],1482,,"{""per_run_s"":60.0,""accs"":[8.88,10.16,9.7,9.18,8.87,9.15,8.55,9.21],""used_s"":[26.6,13.1,13.1,16.6,18.5,20.3,38.3,23.4]}"
Z12,100,0.3,907,11,race8-par,SUCCESS,1,7.44,7.44,8,744,60.5006,template[0]@template,1482,,"{""final_survivor"":7,""elapsed_s"":60.5,""arms"":{""0"":[""template"",""floor"",7.44],""1"":[""mm"",""dropped:r1"",12.56],""2"":[""mm"",""dropped:r2"",10.09],""3"":[""mm"",""dropped:r1"",12.89],""4"":[""mm"",""dropped:r1"",12.09],""5"":[""cuthill"",""dropped:r2"",9.97],""6"":[""clmm"",""dropped:r3"",7.86],""7"":[""clmm-core"",""final"",7.67]}}"
Z12,100,0.3,907,12,race8-seq,SUCCESS,1,7.44,7.44,8,744,60.3194,template[0]@template,1482,,"{""final_survivor"":7,""elapsed_s"":60.319,""arms"":{""0"":[""template"",""floor"",7.44],""1"":[""mm"",""dropped:r1"",11.71],""2"":[""mm"",""dropped:r1"",11.07],""3"":[""mm"",""dropped:r2"",9.65],""4"":[""mm"",""dropped:r1"",16.29],""5"":[""cuthill"",""dropped:r2"",9.5],""6"":[""clmm"",""survivor"",7.95],""7"":[""clmm-core"",""final"",7.68]}}"
Z12,100,0.3,907,12,bestof8-seq,SUCCESS,1,9.41,8.91,14,941,60.5277,mm[run2],1482,,"{""per_run_s"":7.5,""accs"":[10.09,10.03,9.41,9.51,10.02,10.21,10.27,11.14]}"
Z12,100,0.3,907,12,bestof8-par,SUCCESS,1,8.78,8.21,13,878,34.0263,mm[run2],1482,,"{""per_run_s"":60.0,""accs"":[10.09,8.86,8.78,9.51,9.23,9.94,8.96,9.8],""used_s"":[11.6,24.1,34.0,9.7,20.8,13.9,32.7,15.4]}"
Z12,100,0.3,907,12,race8-par,SUCCESS,1,7.44,7.44,8,744,60.2855,template[0]@template,1482,,"{""final_survivor"":7,""elapsed_s"":60.285,""arms"":{""0"":[""template"",""floor"",7.44],""1"":[""mm"",""dropped:r1"",11.71],""2"":[""mm"",""dropped:r1"",11.07],""3"":[""mm"",""dropped:r2"",9.65],""4"":[""mm"",""dropped:r1"",16.29],""5"":[""cuthill"",""dropped:r2"",9.5],""6"":[""clmm"",""dropped:r3"",7.94],""7"":[""clmm-core"",""final"",7.67]}}"
Z12,100,0.3,907,13,race8-seq,SUCCESS,1,7.44,7.44,8,744,60.144,template[0]@template,1482,,"{""final_survivor"":7,""elapsed_s"":60.144,""arms"":{""0"":[""template"",""floor"",7.44],""1"":[""mm"",""dropped:r1"",15.1],""2"":[""mm"",""dropped:r1"",11.78],""3"":[""mm"",""dropped:r1"",12.24],""4"":[""mm"",""dropped:r2"",11.32],""5"":[""cuthill"",""dropped:r2"",9.92],""6"":[""clmm"",""survivor"",7.9],""7"":[""clmm-core"",""final"",7.68]}}"
Z12,100,0.3,907,13,bestof8-seq,SUCCESS,1,9.82,9.17,15,982,60.2232,mm[run6],1482,,"{""per_run_s"":7.5,""accs"":[10.5,10.16,10.31,10.26,10.22,10.69,9.82,10.99]}"
Z12,100,0.3,907,13,bestof8-par,SUCCESS,1,8.73,8.24,13,873,32.8566,mm[run1],1482,,"{""per_run_s"":60.0,""accs"":[8.86,8.73,8.9,9.38,9.97,9.24,8.94,9.47],""used_s"":[32.8,18.8,19.8,22.3,13.6,26.3,18.6,16.7]}"
Z12,100,0.3,907,13,race8-par,SUCCESS,1,7.44,7.44,8,744,60.5933,template[0]@template,1482,,"{""final_survivor"":7,""elapsed_s"":60.593,""arms"":{""0"":[""template"",""floor"",7.44],""1"":[""mm"",""dropped:r1"",15.1],""2"":[""mm"",""dropped:r1"",11.78],""3"":[""mm"",""dropped:r1"",12.24],""4"":[""mm"",""dropped:r2"",10.64],""5"":[""cuthill"",""dropped:r2"",9.92],""6"":[""clmm"",""dropped:r3"",7.89],""7"":[""clmm-core"",""final"",7.63]}}"
Z12,100,0.3,907,14,race8-seq,SUCCESS,1,7.44,7.44,8,744,60.1496,template[0]@template,1482,,"{""final_survivor"":7,""elapsed_s"":60.149,""arms"":{""0"":[""template"",""floor"",7.44],""1"":[""mm"",""dropped:r1"",11.45],""2"":[""mm"",""dropped:r1"",11.02],""3"":[""mm"",""dropped:r1"",12.43],""4"":[""mm"",""dropped:r2"",10.33],""5"":[""cuthill"",""dropped:r2"",9.4],""6"":[""clmm"",""survivor"",7.86],""7"":[""clmm-core"",""final"",7.66]}}"
Z12,100,0.3,907,14,bestof8-seq,SUCCESS,1,9.7,8.99,15,970,60.1001,mm[run4],1482,,"{""per_run_s"":7.5,""accs"":[10.1,10.29,10.06,10.2,9.7,10.36,9.86,9.71]}"
Z12,100,0.3,907,14,bestof8-par,SUCCESS,1,8.6,8.2,14,860,28.1932,mm[run6],1482,,"{""per_run_s"":60.0,""accs"":[9.11,9.02,10.06,9.14,9.25,9.49,8.6,9.37],""used_s"":[24.3,24.5,12.2,23.2,12.3,25.3,28.2,15.5]}"
Z12,100,0.3,907,14,race8-par,SUCCESS,1,7.44,7.44,8,744,60.4766,template[0]@template,1482,,"{""final_survivor"":7,""elapsed_s"":60.476,""arms"":{""0"":[""template"",""floor"",7.44],""1"":[""mm"",""dropped:r1"",11.45],""2"":[""mm"",""dropped:r1"",11.02],""3"":[""mm"",""dropped:r1"",12.43],""4"":[""mm"",""dropped:r2"",10.13],""5"":[""cuthill"",""dropped:r2"",9.4],""6"":[""clmm"",""dropped:r3"",7.86],""7"":[""clmm-core"",""final"",7.63]}}"
Z12,100,0.3,908,10,race8-seq,SUCCESS,1,7.49,7.49,8,749,60.5229,template[0]@template,1459,,"{""final_survivor"":7,""elapsed_s"":60.523,""arms"":{""0"":[""template"",""floor"",7.49],""1"":[""mm"",""dropped:r2"",10.01],""2"":[""mm"",""dropped:r1"",11.57],""3"":[""mm"",""dropped:r1"",11.58],""4"":[""mm"",""dropped:r1"",11.03],""5"":[""cuthill"",""dropped:r2"",9.93],""6"":[""clmm"",""dropped:r3"",7.86],""7"":[""clmm-core"",""final"",7.67]}}"
Z12,100,0.3,908,10,bestof8-seq,SUCCESS,1,9.54,8.87,15,954,60.1413,mm[run0],1459,,"{""per_run_s"":7.5,""accs"":[9.54,9.7,10.45,9.81,9.87,10.0,9.99,10.67]}"
Z12,100,0.3,908,10,bestof8-par,SUCCESS,1,8.22,7.79,13,822,46.9873,mm[run2],1459,,"{""per_run_s"":60.0,""accs"":[9.57,9.02,8.22,9.33,8.76,8.72,8.98,9.56],""used_s"":[11.9,19.2,47.0,19.4,27.7,18.7,24.0,11.9]}"
Z12,100,0.3,908,10,race8-par,SUCCESS,1,7.49,7.49,8,749,60.5749,template[0]@template,1459,,"{""final_survivor"":7,""elapsed_s"":60.574,""arms"":{""0"":[""template"",""floor"",7.49],""1"":[""mm"",""dropped:r2"",10.01],""2"":[""mm"",""dropped:r1"",11.57],""3"":[""mm"",""dropped:r1"",11.58],""4"":[""mm"",""dropped:r1"",11.03],""5"":[""cuthill"",""dropped:r2"",10.2],""6"":[""clmm"",""dropped:r3"",7.83],""7"":[""clmm-core"",""final"",7.61]}}"
Z12,100,0.3,908,11,race8-seq,SUCCESS,1,7.49,7.49,8,749,60.3934,template[0]@template,1459,,"{""final_survivor"":7,""elapsed_s"":60.393,""arms"":{""0"":[""template"",""floor"",7.49],""1"":[""mm"",""dropped:r1"",11.22],""2"":[""mm"",""dropped:r1"",11.75],""3"":[""mm"",""dropped:r1"",11.63],""4"":[""mm"",""dropped:r2"",10.72],""5"":[""cuthill"",""dropped:r2"",9.36],""6"":[""clmm"",""survivor"",7.88],""7"":[""clmm-core"",""final"",7.67]}}"
Z12,100,0.3,908,11,bestof8-seq,SUCCESS,1,9.15,8.62,15,915,60.2463,mm[run2],1459,,"{""per_run_s"":7.5,""accs"":[10.35,9.44,9.15,9.57,9.67,10.06,10.19,10.19]}"
Z12,100,0.3,908,11,bestof8-par,SUCCESS,1,8.48,8.08,14,848,25.1019,mm[run2],1459,,"{""per_run_s"":60.0,""accs"":[9.52,8.78,8.48,8.61,8.77,9.21,9.15,8.53],""used_s"":[19.7,24.1,16.0,25.1,16.3,19.1,17.9,19.9]}"
Z12,100,0.3,908,11,race8-par,SUCCESS,1,7.49,7.49,8,749,60.488,template[0]@template,1459,,"{""final_survivor"":7,""elapsed_s"":60.487,""arms"":{""0"":[""template"",""floor"",7.49],""1"":[""mm"",""dropped:r1"",11.6],""2"":[""mm"",""dropped:r1"",11.75],""3"":[""mm"",""dropped:r1"",11.63],""4"":[""mm"",""dropped:r2"",10.1],""5"":[""cuthill"",""dropped:r2"",9.36],""6"":[""clmm"",""dropped:r3"",7.88],""7"":[""clmm-core"",""final"",7.61]}}"
Z12,100,0.3,908,12,race8-seq,SUCCESS,1,7.49,7.49,8,749,60.2737,template[0]@template,1459,,"{""final_survivor"":7,""elapsed_s"":60.273,""arms"":{""0"":[""template"",""floor"",7.49],""1"":[""mm"",""dropped:r2"",10.65],""2"":[""mm"",""dropped:r1"",11.41],""3"":[""mm"",""dropped:r1"",11.7],""4"":[""mm"",""dropped:r1"",11.72],""5"":[""cuthill"",""dropped:r2"",10.07],""6"":[""clmm"",""dropped:r3"",7.93],""7"":[""clmm-core"",""final"",7.65]}}"
Z12,100,0.3,908,12,bestof8-seq,SUCCESS,1,9.53,8.85,15,953,60.2463,mm[run1],1459,,"{""per_run_s"":7.5,""accs"":[9.59,9.53,10.72,10.28,10.21,9.91,10.01,10.67]}"
Z12,100,0.3,908,12,bestof8-par,SUCCESS,1,8.67,8.25,13,867,40.7682,mm[run3],1459,,"{""per_run_s"":60.0,""accs"":[8.84,9.26,9.64,8.67,8.92,9.43,9.27,10.67],""used_s"":[20.1,14.2,15.8,40.7,30.0,14.6,21.4,9.9]}"
Z12,100,0.3,908,12,race8-par,SUCCESS,1,7.49,7.49,8,749,60.2419,template[0]@template,1459,,"{""final_survivor"":7,""elapsed_s"":60.241,""arms"":{""0"":[""template"",""floor"",7.49],""1"":[""mm"",""dropped:r2"",10.65],""2"":[""mm"",""dropped:r1"",11.41],""3"":[""mm"",""dropped:r1"",11.7],""4"":[""mm"",""dropped:r1"",11.72],""5"":[""cuthill"",""dropped:r2"",10.07],""6"":[""clmm"",""dropped:r3"",7.93],""7"":[""clmm-core"",""final"",7.57]}}"
Z12,100,0.3,908,14,race8-seq,SUCCESS,1,7.49,7.49,8,749,60.4825,template[0]@template,1459,,"{""final_survivor"":7,""elapsed_s"":60.482,""arms"":{""0"":[""template"",""floor"",7.49],""1"":[""mm"",""dropped:r1"",11.3],""2"":[""mm"",""dropped:r1"",13.67],""3"":[""mm"",""dropped:r1"",13.46],""4"":[""mm"",""dropped:r2"",10.44],""5"":[""cuthill"",""dropped:r2"",10.03],""6"":[""clmm"",""dropped:r3"",7.89],""7"":[""clmm-core"",""final"",7.61]}}"
Z12,100,0.3,908,14,bestof8-seq,SUCCESS,1,9.9,9.14,17,990,60.062,mm[run2],1459,,"{""per_run_s"":7.5,""accs"":[10.36,9.95,9.9,9.93,10.0,10.8,10.23,10.5]}"
Z12,100,0.3,908,14,bestof8-par,SUCCESS,1,8.53,8.08,14,853,20.8443,mm[run7],1459,,"{""per_run_s"":60.0,""accs"":[9.08,9.38,9.6,9.2,9.76,9.15,9.62,8.53],""used_s"":[17.8,16.8,14.1,16.7,17.8,20.8,16.8,17.2]}"
Z12,100,0.3,908,14,race8-par,SUCCESS,1,7.49,7.49,8,749,60.2408,template[0]@template,1459,,"{""final_survivor"":7,""elapsed_s"":60.24,""arms"":{""0"":[""template"",""floor"",7.49],""1"":[""mm"",""dropped:r1"",11.3],""2"":[""mm"",""dropped:r1"",13.67],""3"":[""mm"",""dropped:r1"",13.46],""4"":[""mm"",""dropped:r2"",10.44],""5"":[""cuthill"",""dropped:r2"",10.08],""6"":[""clmm"",""dropped:r3"",7.87],""7"":[""clmm-core"",""final"",7.59]}}"
Z12,100,0.3,908,13,race8-seq,SUCCESS,1,7.49,7.49,8,749,60.0969,template[0]@template,1459,,"{""final_survivor"":7,""elapsed_s"":60.096,""arms"":{""0"":[""template"",""floor"",7.49],""1"":[""mm"",""dropped:r1"",11.6],""2"":[""mm"",""dropped:r1"",11.49],""3"":[""mm"",""dropped:r2"",10.86],""4"":[""mm"",""dropped:r1"",11.24],""5"":[""cuthill"",""dropped:r2"",10.49],""6"":[""clmm"",""survivor"",7.91],""7"":[""clmm-core"",""final"",7.67]}}"
Z12,100,0.3,908,13,bestof8-seq,SUCCESS,1,9.68,8.85,15,968,60.217,mm[run3],1459,,"{""per_run_s"":7.5,""accs"":[10.12,9.74,10.21,9.68,9.84,10.83,9.72,10.7]}"
Z12,100,0.3,908,13,bestof8-par,SUCCESS,1,8.49,8.11,13,849,35.1528,mm[run5],1459,,"{""per_run_s"":60.0,""accs"":[8.58,9.16,9.35,8.7,9.06,8.49,9.19,9.96],""used_s"":[35.1,16.4,18.0,26.0,21.5,24.4,24.3,12.9]}"
Z12,100,0.3,908,13,race8-par,SUCCESS,1,7.49,7.49,8,749,60.3664,template[0]@template,1459,,"{""final_survivor"":7,""elapsed_s"":60.366,""arms"":{""0"":[""template"",""floor"",7.49],""1"":[""mm"",""dropped:r1"",11.6],""2"":[""mm"",""dropped:r1"",11.49],""3"":[""mm"",""dropped:r2"",10.38],""4"":[""mm"",""dropped:r1"",11.33],""5"":[""cuthill"",""dropped:r2"",10.49],""6"":[""clmm"",""dropped:r3"",7.89],""7"":[""clmm-core"",""final"",7.6]}}"
Z12,100,0.3,909,10,race8-seq,SUCCESS,1,7.38,7.38,8,738,60.1173,template[0]@template,1474,,"{""final_survivor"":7,""elapsed_s"":60.117,""arms"":{""0"":[""template"",""floor"",7.38],""1"":[""mm"",""dropped:r1"",13.24],""2"":[""mm"",""dropped:r2"",12.3],""3"":[""mm"",""dropped:r1"",16.21],""4"":[""mm"",""dropped:r1"",13.57],""5"":[""cuthill"",""dropped:r2"",9.19],""6"":[""clmm"",""survivor"",7.77],""7"":[""clmm-core"",""final"",7.63]}}"
Z12,100,0.3,909,10,bestof8-seq,SUCCESS,1,9.58,8.86,16,958,60.4798,mm[run6],1474,,"{""per_run_s"":7.5,""accs"":[10.98,9.98,9.89,9.91,10.59,10.36,9.58,10.8]}"
Z12,100,0.3,909,10,bestof8-par,SUCCESS,1,8.74,8.25,14,874,39.0411,mm[run5],1474,,"{""per_run_s"":60.0,""accs"":[9.22,9.24,9.6,9.2,9.38,8.74,9.22,8.98],""used_s"":[17.8,24.5,15.3,15.9,21.8,23.0,13.3,39.0]}"
Z12,100,0.3,909,10,race8-par,SUCCESS,1,7.38,7.38,8,738,60.3307,template[0]@template,1474,,"{""final_survivor"":7,""elapsed_s"":60.33,""arms"":{""0"":[""template"",""floor"",7.38],""1"":[""mm"",""dropped:r1"",13.24],""2"":[""mm"",""dropped:r2"",10.84],""3"":[""mm"",""dropped:r1"",16.21],""4"":[""mm"",""dropped:r1"",13.57],""5"":[""cuthill"",""dropped:r2"",9.64],""6"":[""clmm"",""dropped:r3"",7.77],""7"":[""clmm-core"",""final"",7.59]}}"
Z12,100,0.3,909,11,race8-seq,SUCCESS,1,7.38,7.38,8,738,60.15,template[0]@template,1474,,"{""final_survivor"":7,""elapsed_s"":60.15,""arms"":{""0"":[""template"",""floor"",7.38],""1"":[""mm"",""dropped:r2"",11.29],""2"":[""mm"",""dropped:r1"",11.88],""3"":[""mm"",""dropped:r1"",11.76],""4"":[""mm"",""dropped:r1"",15.35],""5"":[""cuthill"",""dropped:r2"",9.52],""6"":[""clmm"",""survivor"",7.89],""7"":[""clmm-core"",""final"",7.68]}}"
Z12,100,0.3,909,11,bestof8-seq,SUCCESS,1,9.57,8.92,16,957,60.2443,mm[run2],1474,,"{""per_run_s"":7.5,""accs"":[11.04,10.16,9.57,10.68,10.56,10.05,10.33,10.71]}"
Z12,100,0.3,909,11,bestof8-par,SUCCESS,1,8.26,7.9,13,826,28.1983,mm[run5],1474,,"{""per_run_s"":60.0,""accs"":[9.16,9.92,8.57,9.18,9.37,8.26,9.73,9.57],""used_s"":[16.6,11.5,24.3,25.1,17.1,28.2,19.1,13.3]}"
Z12,100,0.3,909,11,race8-par,SUCCESS,1,7.38,7.38,8,738,60.1178,template[0]@template,1474,,"{""final_survivor"":7,""elapsed_s"":60.117,""arms"":{""0"":[""template"",""floor"",7.38],""1"":[""mm"",""dropped:r2"",10.41],""2"":[""mm"",""dropped:r1"",11.88],""3"":[""mm"",""dropped:r1"",11.76],""4"":[""mm"",""dropped:r1"",15.35],""5"":[""cuthill"",""dropped:r2"",9.52],""6"":[""clmm"",""dropped:r3"",7.92],""7"":[""clmm-core"",""final"",7.59]}}"
Z12,100,0.3,909,12,race8-seq,SUCCESS,1,7.38,7.38,8,738,60.0178,template[0]@template,1474,,"{""final_survivor"":7,""elapsed_s"":60.017,""arms"":{""0"":[""template"",""floor"",7.38],""1"":[""mm"",""dropped:r1"",11.16],""2"":[""mm"",""dropped:r2"",10.03],""3"":[""mm"",""dropped:r1"",10.65],""4"":[""mm"",""dropped:r1"",11.89],""5"":[""cuthill"",""dropped:r2"",10.54],""6"":[""clmm"",""survivor"",7.85],""7"":[""clmm-core"",""final"",7.68]}}"
Z12,100,0.3,909,12,bestof8-seq,SUCCESS,1,9.39,8.76,15,939,60.4148,mm[run7],1474,,"{""per_run_s"":7.5,""accs"":[9.91,10.04,9.72,10.25,9.6,10.36,9.97,9.39]}"
Z12,100,0.3,909,12,bestof8-par,SUCCESS,1,8.64,8.16,13,864,35.39,mm[run6],1474,,"{""per_run_s"":60.0,""accs"":[9.07,9.37,9.21,8.79,8.94,9.4,8.64,9.57],""used_s"":[17.0,20.8,15.7,35.4,18.8,17.6,34.1,17.5]}"
Z12,100,0.3,909,12,race8-par,SUCCESS,1,7.38,7.38,8,738,60.5511,template[0]@template,1474,,"{""final_survivor"":7,""elapsed_s"":60.55,""arms"":{""0"":[""template"",""floor"",7.38],""1"":[""mm"",""dropped:r1"",11.16],""2"":[""mm"",""dropped:r2"",10.12],""3"":[""mm"",""dropped:r1"",10.72],""4"":[""mm"",""dropped:r1"",11.89],""5"":[""cuthill"",""dropped:r2"",9.45],""6"":[""clmm"",""dropped:r3"",7.85],""7"":[""clmm-core"",""final"",7.6]}}"
Z12,100,0.3,909,13,race8-seq,SUCCESS,1,7.38,7.38,8,738,60.1583,template[0]@template,1474,,"{""final_survivor"":7,""elapsed_s"":60.158,""arms"":{""0"":[""template"",""floor"",7.38],""1"":[""mm"",""dropped:r2"",10.13],""2"":[""mm"",""dropped:r1"",11.65],""3"":[""mm"",""dropped:r1"",10.96],""4"":[""mm"",""dropped:r1"",12.46],""5"":[""cuthill"",""dropped:r2"",9.9],""6"":[""clmm"",""survivor"",7.84],""7"":[""clmm-core"",""final"",7.66]}}"
Z12,100,0.3,909,13,bestof8-seq,SUCCESS,1,9.67,8.95,15,967,60.2445,mm[run2],1474,,"{""per_run_s"":7.5,""accs"":[10.03,9.85,9.67,9.69,10.89,10.33,9.78,10.69]}"
Z12,100,0.3,909,13,bestof8-par,SUCCESS,1,8.4,7.97,13,840,35.814,mm[run1],1474,,"{""per_run_s"":60.0,""accs"":[9.32,8.4,8.82,8.88,9.22,9.07,9.08,8.98],""used_s"":[15.6,32.3,26.6,19.2,28.0,35.8,21.1,23.4]}"
Z12,100,0.3,909,13,race8-par,SUCCESS,1,7.38,7.38,8,738,60.213,template[0]@template,1474,,"{""final_survivor"":7,""elapsed_s"":60.212,""arms"":{""0"":[""template"",""floor"",7.38],""1"":[""mm"",""dropped:r2"",10.13],""2"":[""mm"",""dropped:r1"",11.65],""3"":[""mm"",""dropped:r1"",10.96],""4"":[""mm"",""dropped:r1"",12.46],""5"":[""cuthill"",""dropped:r2"",9.9],""6"":[""clmm"",""dropped:r3"",7.83],""7"":[""clmm-core"",""final"",7.65]}}"
Z12,100,0.3,909,14,race8-seq,SUCCESS,1,7.38,7.38,8,738,60.0395,template[0]@template,1474,,"{""final_survivor"":7,""elapsed_s"":60.039,""arms"":{""0"":[""template"",""floor"",7.38],""1"":[""mm"",""dropped:r1"",14.91],""2"":[""mm"",""dropped:r1"",11.53],""3"":[""mm"",""dropped:r1"",15.21],""4"":[""mm"",""dropped:r2"",11.04],""5"":[""cuthill"",""dropped:r2"",9.47],""6"":[""clmm"",""survivor"",7.86],""7"":[""clmm-core"",""final"",7.66]}}"
Z12,100,0.3,909,14,bestof8-seq,SUCCESS,1,9.75,9.09,15,975,60.2018,mm[run2],1474,,"{""per_run_s"":7.5,""accs"":[10.31,10.5,9.75,10.08,9.77,9.91,9.92,10.66]}"
Z12,100,0.3,909,14,bestof8-par,SUCCESS,1,8.82,8.36,13,882,29.555,mm[run0],1474,,"{""per_run_s"":60.0,""accs"":[8.82,9.61,8.93,8.82,9.22,8.89,9.29,9.2],""used_s"":[29.5,16.3,18.1,26.0,13.9,26.7,22.2,26.6]}"
Z12,100,0.3,909,14,race8-par,SUCCESS,1,7.38,7.38,8,738,60.472,template[0]@template,1474,,"{""final_survivor"":7,""elapsed_s"":60.471,""arms"":{""0"":[""template"",""floor"",7.38],""1"":[""mm"",""dropped:r1"",14.91],""2"":[""mm"",""dropped:r1"",11.53],""3"":[""mm"",""dropped:r1"",15.02],""4"":[""mm"",""dropped:r2"",10.7],""5"":[""cuthill"",""dropped:r2"",9.47],""6"":[""clmm"",""dropped:r3"",7.85],""7"":[""clmm-core"",""final"",7.63]}}"
Z12,100,0.3,910,10,race8-seq,SUCCESS,1,7.44,7.44,8,744,60.0283,template[0]@template,1492,,"{""final_survivor"":7,""elapsed_s"":60.028,""arms"":{""0"":[""template"",""floor"",7.44],""1"":[""mm"",""dropped:r2"",11.26],""2"":[""mm"",""dropped:r1"",12.46],""3"":[""mm"",""dropped:r1"",12.45],""4"":[""mm"",""dropped:r1"",12.61],""5"":[""cuthill"",""dropped:r2"",9.52],""6"":[""clmm"",""survivor"",7.81],""7"":[""clmm-core"",""final"",7.65]}}"
Z12,100,0.3,910,10,bestof8-seq,SUCCESS,1,9.91,9.3,15,991,60.1239,mm[run6],1492,,"{""per_run_s"":7.5,""accs"":[10.1,10.08,10.17,10.37,10.76,10.15,9.91,10.43]}"
Z12,100,0.3,910,10,bestof8-par,SUCCESS,1,8.47,8.08,13,847,37.8347,mm[run0],1492,,"{""per_run_s"":60.0,""accs"":[8.47,9.11,9.79,9.17,9.37,10.07,9.49,8.83],""used_s"":[37.7,23.5,15.4,28.0,23.4,15.0,13.5,37.8]}"
Z12,100,0.3,910,10,race8-par,SUCCESS,1,7.44,7.44,8,744,60.6499,template[0]@template,1492,,"{""final_survivor"":7,""elapsed_s"":60.649,""arms"":{""0"":[""template"",""floor"",7.44],""1"":[""mm"",""dropped:r2"",9.78],""2"":[""mm"",""dropped:r1"",12.46],""3"":[""mm"",""dropped:r1"",12.45],""4"":[""mm"",""dropped:r1"",12.61],""5"":[""cuthill"",""dropped:r2"",9.52],""6"":[""clmm"",""dropped:r3"",7.81],""7"":[""clmm-core"",""final"",7.62]}}"
Z12,100,0.3,910,11,race8-seq,SUCCESS,1,7.44,7.44,8,744,60.0934,template[0]@template,1492,,"{""final_survivor"":7,""elapsed_s"":60.093,""arms"":{""0"":[""template"",""floor"",7.44],""1"":[""mm"",""dropped:r1"",11.82],""2"":[""mm"",""dropped:r1"",12.21],""3"":[""mm"",""dropped:r2"",10.65],""4"":[""mm"",""dropped:r1"",11.54],""5"":[""cuthill"",""dropped:r2"",9.9],""6"":[""clmm"",""survivor"",7.84],""7"":[""clmm-core"",""final"",7.68]}}"
Z12,100,0.3,910,11,bestof8-seq,SUCCESS,1,9.89,9.0,15,989,60.1974,mm[run0],1492,,"{""per_run_s"":7.5,""accs"":[9.89,10.56,9.94,10.29,10.46,10.18,10.44,10.65]}"
Z12,100,0.3,910,11,bestof8-par,SUCCESS,1,9.01,8.71,14,901,20.102,mm[run4],1492,,"{""per_run_s"":60.0,""accs"":[9.54,9.78,9.73,9.48,9.01,9.24,9.25,9.63],""used_s"":[14.2,14.6,13.6,17.7,20.1,18.6,19.0,13.8]}"
Z12,100,0.3,910,11,race8-par,SUCCESS,1,7.44,7.44,8,744,60.7328,template[0]@template,1492,,"{""final_survivor"":7,""elapsed_s"":60.732,""arms"":{""0"":[""template"",""floor"",7.44],""1"":[""mm"",""dropped:r1"",11.82],""2"":[""mm"",""dropped:r1"",12.21],""3"":[""mm"",""dropped:r2"",10.85],""4"":[""mm"",""dropped:r1"",11.54],""5"":[""cuthill"",""dropped:r2"",9.9],""6"":[""clmm"",""dropped:r3"",7.84],""7"":[""clmm-core"",""final"",7.66]}}"
Z12,100,0.3,910,13,race8-seq,SUCCESS,1,7.44,7.44,8,744,60.0673,template[0]@template,1492,,"{""final_survivor"":7,""elapsed_s"":60.067,""arms"":{""0"":[""template"",""floor"",7.44],""1"":[""mm"",""dropped:r1"",12.01],""2"":[""mm"",""dropped:r1"",11.52],""3"":[""mm"",""dropped:r2"",11.32],""4"":[""mm"",""dropped:r1"",11.38],""5"":[""cuthill"",""dropped:r2"",10.4],""6"":[""clmm"",""survivor"",7.87],""7"":[""clmm-core"",""final"",7.69]}}"
Z12,100,0.3,910,13,bestof8-seq,SUCCESS,1,9.92,9.18,18,992,60.3222,mm[run6],1492,,"{""per_run_s"":7.5,""accs"":[9.94,10.33,10.5,10.05,10.82,10.52,9.92,10.5]}"
Z12,100,0.3,910,13,bestof8-par,SUCCESS,1,8.87,8.42,13,887,25.4531,mm[run6],1492,,"{""per_run_s"":60.0,""accs"":[8.97,9.72,9.34,9.34,9.66,9.68,8.87,9.64],""used_s"":[18.3,20.0,15.9,15.3,22.1,21.7,25.4,13.4]}"
Z12,100,0.3,910,13,race8-par,SUCCESS,1,7.44,7.44,8,744,60.6335,template[0]@template,1492,,"{""final_survivor"":7,""elapsed_s"":60.633,""arms"":{""0"":[""template"",""floor"",7.44],""1"":[""mm"",""dropped:r1"",12.28],""2"":[""mm"",""dropped:r1"",11.52],""3"":[""mm"",""dropped:r2"",10.83],""4"":[""mm"",""dropped:r1"",11.38],""5"":[""cuthill"",""dropped:r2"",10.4],""6"":[""clmm"",""dropped:r3"",7.87],""7"":[""clmm-core"",""final"",7.63]}}"
Z12,100,0.3,910,14,race8-seq,SUCCESS,1,7.44,7.44,8,744,60.193,template[0]@template,1492,,"{""final_survivor"":7,""elapsed_s"":60.192,""arms"":{""0"":[""template"",""floor"",7.44],""1"":[""mm"",""dropped:r2"",10.47],""2"":[""mm"",""dropped:r1"",12.53],""3"":[""mm"",""dropped:r1"",12.33],""4"":[""mm"",""dropped:r1"",12.33],""5"":[""cuthill"",""dropped:r2"",8.88],""6"":[""clmm"",""survivor"",7.89],""7"":[""clmm-core"",""final"",7.71]}}"
Z12,100,0.3,910,14,bestof8-seq,SUCCESS,1,9.61,9.08,16,961,60.2559,mm[run0],1492,,"{""per_run_s"":7.5,""accs"":[9.61,9.95,9.95,10.78,10.33,10.54,10.4,10.62]}"
Z12,100,0.3,910,14,bestof8-par,SUCCESS,1,8.93,8.43,14,893,25.2586,mm[run2],1492,,"{""per_run_s"":60.0,""accs"":[9.57,9.4,8.93,9.11,9.21,9.11,9.15,9.67],""used_s"":[21.0,13.2,24.9,25.2,22.6,22.0,21.5,16.8]}"
Z12,100,0.3,910,14,race8-par,SUCCESS,1,7.44,7.44,8,744,60.2551,template[0]@template,1492,,"{""final_survivor"":7,""elapsed_s"":60.254,""arms"":{""0"":[""template"",""floor"",7.44],""1"":[""mm"",""dropped:r2"",10.79],""2"":[""mm"",""dropped:r1"",12.53],""3"":[""mm"",""dropped:r1"",12.33],""4"":[""mm"",""dropped:r1"",12.33],""5"":[""cuthill"",""dropped:r2"",8.88],""6"":[""clmm"",""dropped:r3"",7.83],""7"":[""clmm-core"",""final"",7.62]}}"
Z12,100,0.3,910,12,race8-seq,SUCCESS,1,7.44,7.44,8,744,60.0719,template[0]@template,1492,,"{""final_survivor"":7,""elapsed_s"":60.071,""arms"":{""0"":[""template"",""floor"",7.44],""1"":[""mm"",""dropped:r1"",13.4],""2"":[""mm"",""dropped:r2"",10.59],""3"":[""mm"",""dropped:r1"",11.61],""4"":[""mm"",""dropped:r1"",15.04],""5"":[""cuthill"",""dropped:r2"",10.08],""6"":[""clmm"",""survivor"",7.85],""7"":[""clmm-core"",""final"",7.65]}}"
Z12,100,0.3,910,12,bestof8-seq,SUCCESS,1,9.38,8.8,15,938,60.1398,mm[run3],1492,,"{""per_run_s"":7.5,""accs"":[10.21,10.4,9.95,9.38,10.11,10.04,11.46,10.17]}"
Z12,100,0.3,910,12,bestof8-par,SUCCESS,1,8.6,8.06,13,860,35.2129,mm[run1],1492,,"{""per_run_s"":60.0,""accs"":[8.68,8.6,9.95,8.85,9.07,9.16,8.68,9.26],""used_s"":[28.4,35.2,9.5,16.5,22.4,26.1,35.0,19.3]}"
Z12,100,0.3,910,12,race8-par,SUCCESS,1,7.44,7.44,8,744,60.1709,template[0]@template,1492,,"{""final_survivor"":7,""elapsed_s"":60.17,""arms"":{""0"":[""template"",""floor"",7.44],""1"":[""mm"",""dropped:r1"",13.45],""2"":[""mm"",""dropped:r2"",10.32],""3"":[""mm"",""dropped:r1"",11.61],""4"":[""mm"",""dropped:r1"",15.04],""5"":[""cuthill"",""dropped:r2"",10.08],""6"":[""clmm"",""dropped:r3"",7.78],""7"":[""clmm-core"",""final"",7.65]}}"
Z12,100,0.3,911,10,race8-seq,SUCCESS,1,7.5,7.5,8,750,60.0177,template[0]@template,1484,,"{""final_survivor"":7,""elapsed_s"":60.017,""arms"":{""0"":[""template"",""floor"",7.5],""1"":[""mm"",""dropped:r1"",13.36],""2"":[""mm"",""dropped:r1"",11.31],""3"":[""mm"",""dropped:r2"",10.62],""4"":[""mm"",""dropped:r1"",10.77],""5"":[""cuthill"",""dropped:r2"",9.78],""6"":[""clmm"",""survivor"",7.92],""7"":[""clmm-core"",""final"",7.67]}}"
Z12,100,0.3,911,10,bestof8-seq,SUCCESS,1,9.34,8.6,15,934,60.2718,mm[run4],1484,,"{""per_run_s"":7.5,""accs"":[10.31,9.61,10.35,10.3,9.34,10.25,10.43,10.4]}"
Z12,100,0.3,911,10,bestof8-par,SUCCESS,1,8.82,8.46,13,882,26.1219,mm[run4],1484,,"{""per_run_s"":60.0,""accs"":[9.09,8.87,9.47,9.25,8.82,8.94,8.96,9.55],""used_s"":[17.6,22.0,15.8,19.8,18.1,26.1,25.3,18.3]}"
Z12,100,0.3,911,10,race8-par,SUCCESS,1,7.5,7.5,8,750,60.4674,template[0]@template,1484,,"{""final_survivor"":7,""elapsed_s"":60.467,""arms"":{""0"":[""template"",""floor"",7.5],""1"":[""mm"",""dropped:r1"",12.64],""2"":[""mm"",""dropped:r1"",11.08],""3"":[""mm"",""dropped:r2"",10.23],""4"":[""mm"",""dropped:r1"",10.77],""5"":[""cuthill"",""dropped:r2"",10.1],""6"":[""clmm"",""dropped:r3"",7.92],""7"":[""clmm-core"",""final"",7.63]}}"
Z12,100,0.3,911,11,race8-seq,SUCCESS,1,7.5,7.5,8,750,60.4411,template[0]@template,1484,,"{""final_survivor"":7,""elapsed_s"":60.441,""arms"":{""0"":[""template"",""floor"",7.5],""1"":[""mm"",""dropped:r1"",12.41],""2"":[""mm"",""dropped:r1"",11.53],""3"":[""mm"",""dropped:r2"",10.25],""4"":[""mm"",""dropped:r1"",10.9],""5"":[""cuthill"",""dropped:r2"",10.2],""6"":[""clmm"",""dropped:r3"",7.88],""7"":[""clmm-core"",""final"",7.72]}}"
Z12,100,0.3,911,11,bestof8-seq,SUCCESS,1,9.76,9.01,15,976,60.0503,mm[run2],1484,,"{""per_run_s"":7.5,""accs"":[10.21,10.04,9.76,9.78,10.01,11.09,10.55,10.35]}"
Z12,100,0.3,911,11,bestof8-par,SUCCESS,1,8.88,8.38,14,888,38.9825,mm[run4],1484,,"{""per_run_s"":60.0,""accs"":[9.17,9.17,9.47,9.5,8.88,8.88,9.12,8.88],""used_s"":[16.6,13.9,11.8,18.1,23.2,39.0,20.8,29.7]}"
Z12,100,0.3,911,11,race8-par,SUCCESS,1,7.5,7.5,8,750,60.0353,template[0]@template,1484,,"{""final_survivor"":7,""elapsed_s"":60.035,""arms"":{""0"":[""template"",""floor"",7.5],""1"":[""mm"",""dropped:r1"",12.37],""2"":[""mm"",""dropped:r1"",11.53],""3"":[""mm"",""dropped:r2"",10.25],""4"":[""mm"",""dropped:r1"",10.9],""5"":[""cuthill"",""dropped:r2"",10.2],""6"":[""clmm"",""dropped:r3"",7.88],""7"":[""clmm-core"",""final"",7.66]}}"
Z12,100,0.3,911,12,race8-seq,SUCCESS,1,7.5,7.5,8,750,60.8137,template[0]@template,1484,,"{""final_survivor"":7,""elapsed_s"":60.813,""arms"":{""0"":[""template"",""floor"",7.5],""1"":[""mm"",""dropped:r1"",10.99],""2"":[""mm"",""dropped:r1"",13.33],""3"":[""mm"",""dropped:r1"",15.01],""4"":[""mm"",""dropped:r2"",9.38],""5"":[""cuthill"",""dropped:r2"",10.48],""6"":[""clmm"",""dropped:r3"",7.88],""7"":[""clmm-core"",""final"",7.72]}}"
Z12,100,0.3,911,12,bestof8-seq,SUCCESS,1,9.52,8.9,16,952,60.2322,mm[run4],1484,,"{""per_run_s"":7.5,""accs"":[10.19,10.1,10.3,11.59,9.52,10.26,9.57,9.91]}"
Z12,100,0.3,911,12,bestof8-par,SUCCESS,1,8.74,8.32,13,874,29.6708,mm[run4],1484,,"{""per_run_s"":60.0,""accs"":[9.63,9.15,8.9,9.53,8.74,8.8,8.81,8.85],""used_s"":[17.9,29.6,22.7,21.3,17.3,21.9,21.6,20.1]}"
Z12,100,0.3,911,12,race8-par,SUCCESS,1,7.5,7.5,8,750,60.3735,template[0]@template,1484,,"{""final_survivor"":7,""elapsed_s"":60.373,""arms"":{""0"":[""template"",""floor"",7.5],""1"":[""mm"",""dropped:r1"",10.99],""2"":[""mm"",""dropped:r1"",13.33],""3"":[""mm"",""dropped:r1"",15.01],""4"":[""mm"",""dropped:r2"",9.74],""5"":[""cuthill"",""dropped:r2"",10.48],""6"":[""clmm"",""dropped:r3"",7.86],""7"":[""clmm-core"",""final"",7.64]}}"
Z12,100,0.3,911,13,race8-seq,SUCCESS,1,7.5,7.5,8,750,60.2354,template[0]@template,1484,,"{""final_survivor"":7,""elapsed_s"":60.235,""arms"":{""0"":[""template"",""floor"",7.5],""1"":[""mm"",""dropped:r1"",11.45],""2"":[""mm"",""dropped:r2"",10.15],""3"":[""mm"",""dropped:r1"",11.71],""4"":[""mm"",""dropped:r1"",12.13],""5"":[""cuthill"",""dropped:r2"",10.66],""6"":[""clmm"",""survivor"",7.89],""7"":[""clmm-core"",""final"",7.73]}}"
Z12,100,0.3,911,13,bestof8-seq,SUCCESS,1,9.87,9.14,17,987,60.0973,mm[run1],1484,,"{""per_run_s"":7.5,""accs"":[9.95,9.87,10.14,10.1,10.42,10.48,10.22,10.17]}"
Z12,100,0.3,911,13,bestof8-par,SUCCESS,1,8.92,8.45,13,892,37.5368,mm[run1],1484,,"{""per_run_s"":60.0,""accs"":[9.23,8.92,9.78,9.14,9.16,9.12,9.12,9.45],""used_s"":[17.2,22.9,16.8,22.0,20.7,37.5,22.4,17.1]}"
Z12,100,0.3,911,13,race8-par,SUCCESS,1,7.5,7.5,8,750,60.4372,template[0]@template,1484,,"{""final_survivor"":7,""elapsed_s"":60.436,""arms"":{""0"":[""template"",""floor"",7.5],""1"":[""mm"",""dropped:r1"",11.45],""2"":[""mm"",""dropped:r2"",10.15],""3"":[""mm"",""dropped:r1"",11.71],""4"":[""mm"",""dropped:r1"",12.13],""5"":[""cuthill"",""dropped:r2"",10.66],""6"":[""clmm"",""dropped:r3"",7.87],""7"":[""clmm-core"",""final"",7.6]}}"
Z12,100,0.3,911,14,race8-seq,SUCCESS,1,7.5,7.5,8,750,60.1797,template[0]@template,1484,,"{""final_survivor"":7,""elapsed_s"":60.179,""arms"":{""0"":[""template"",""floor"",7.5],""1"":[""mm"",""dropped:r1"",12.97],""2"":[""mm"",""dropped:r1"",12.62],""3"":[""mm"",""dropped:r2"",10.5],""4"":[""mm"",""dropped:r1"",12.89],""5"":[""cuthill"",""dropped:r2"",9.23],""6"":[""clmm"",""survivor"",7.92],""7"":[""clmm-core"",""final"",7.72]}}"
Z12,100,0.3,911,14,bestof8-seq,SUCCESS,1,9.71,9.15,16,971,60.17,mm[run0],1484,,"{""per_run_s"":7.5,""accs"":[9.71,9.84,10.37,10.72,10.49,10.15,10.45,9.85]}"
Z12,100,0.3,911,14,bestof8-par,SUCCESS,1,8.44,8.08,13,844,42.9786,mm[run2],1484,,"{""per_run_s"":60.0,""accs"":[9.82,9.42,8.44,9.22,9.05,9.15,9.3,9.85],""used_s"":[12.9,22.8,43.0,26.2,21.9,17.1,26.5,10.5]}"
Z12,100,0.3,911,14,race8-par,SUCCESS,1,7.5,7.5,8,750,60.1574,template[0]@template,1484,,"{""final_survivor"":7,""elapsed_s"":60.157,""arms"":{""0"":[""template"",""floor"",7.5],""1"":[""mm"",""dropped:r1"",12.97],""2"":[""mm"",""dropped:r1"",12.62],""3"":[""mm"",""dropped:r2"",10.62],""4"":[""mm"",""dropped:r1"",12.89],""5"":[""cuthill"",""dropped:r2"",9.23],""6"":[""clmm"",""dropped:r3"",7.92],""7"":[""clmm-core"",""final"",7.59]}}"
Z12,100,0.3,912,10,race8-seq,SUCCESS,1,7.51,7.51,8,751,60.2207,template[0]@template,1503,,"{""final_survivor"":7,""elapsed_s"":60.22,""arms"":{""0"":[""template"",""floor"",7.51],""1"":[""mm"",""dropped:r1"",11.11],""2"":[""mm"",""dropped:r2"",10.31],""3"":[""mm"",""dropped:r1"",12.21],""4"":[""mm"",""dropped:r1"",11.62],""5"":[""cuthill"",""dropped:r2"",10.58],""6"":[""clmm"",""survivor"",7.92],""7"":[""clmm-core"",""final"",7.71]}}"
Z12,100,0.3,912,10,bestof8-seq,SUCCESS,1,9.75,9.11,16,975,60.418,mm[run2],1503,,"{""per_run_s"":7.5,""accs"":[10.41,10.75,9.75,10.09,10.44,10.07,9.87,9.94]}"
Z12,100,0.3,912,10,bestof8-par,SUCCESS,1,9.04,8.52,15,904,26.1409,mm[run1],1503,,"{""per_run_s"":60.0,""accs"":[9.41,9.04,9.23,9.17,9.45,10.07,9.08,9.06],""used_s"":[17.5,20.2,23.2,25.4,22.0,12.4,25.1,26.1]}"
Z12,100,0.3,912,10,race8-par,SUCCESS,1,7.51,7.51,8,751,60.6584,template[0]@template,1503,,"{""final_survivor"":7,""elapsed_s"":60.658,""arms"":{""0"":[""template"",""floor"",7.51],""1"":[""mm"",""dropped:r2"",9.79],""2"":[""mm"",""dropped:r2"",10.31],""3"":[""mm"",""dropped:r1"",12.21],""4"":[""mm"",""dropped:r1"",11.42],""5"":[""cuthill"",""dropped:r1"",10.85],""6"":[""clmm"",""dropped:r3"",7.92],""7"":[""clmm-core"",""final"",7.63]}}"
Z12,100,0.3,912,11,race8-seq,SUCCESS,1,7.51,7.51,8,751,60.3069,template[0]@template,1503,,"{""final_survivor"":7,""elapsed_s"":60.306,""arms"":{""0"":[""template"",""floor"",7.51],""1"":[""mm"",""dropped:r1"",14.54],""2"":[""mm"",""dropped:r1"",12.49],""3"":[""mm"",""dropped:r2"",10.85],""4"":[""mm"",""dropped:r1"",11.76],""5"":[""cuthill"",""dropped:r2"",9.77],""6"":[""clmm"",""survivor"",7.9],""7"":[""clmm-core"",""final"",7.69]}}"
Z12,100,0.3,912,11,bestof8-seq,SUCCESS,1,9.98,9.28,16,998,60.5513,mm[run4],1503,,"{""per_run_s"":7.5,""accs"":[10.01,11.15,10.06,10.1,9.98,11.27,10.4,11.15]}"
Z12,100,0.3,912,11,bestof8-par,SUCCESS,1,8.5,8.02,12,850,41.5359,mm[run6],1503,,"{""per_run_s"":60.0,""accs"":[9.6,9.37,9.23,9.6,9.98,8.88,8.5,9.94],""used_s"":[14.8,22.1,19.7,17.5,12.3,25.3,41.5,16.2]}"
Z12,100,0.3,912,11,race8-par,SUCCESS,1,7.51,7.51,8,751,60.6225,template[0]@template,1503,,"{""final_survivor"":7,""elapsed_s"":60.622,""arms"":{""0"":[""template"",""floor"",7.51],""1"":[""mm"",""dropped:r1"",14.54],""2"":[""mm"",""dropped:r1"",13.15],""3"":[""mm"",""dropped:r2"",10.85],""4"":[""mm"",""dropped:r1"",11.76],""5"":[""cuthill"",""dropped:r2"",9.78],""6"":[""clmm"",""dropped:r3"",7.9],""7"":[""clmm-core"",""final"",7.6]}}"
Z12,100,0.3,912,12,race8-seq,SUCCESS,1,7.51,7.51,8,751,60.2735,template[0]@template,1503,,"{""final_survivor"":7,""elapsed_s"":60.273,""arms"":{""0"":[""template"",""floor"",7.51],""1"":[""mm"",""dropped:r1"",12.49],""2"":[""mm"",""dropped:r1"",12.04],""3"":[""mm"",""dropped:r2"",10.67],""4"":[""mm"",""dropped:r1"",11.9],""5"":[""cuthill"",""dropped:r2"",9.42],""6"":[""clmm"",""survivor"",7.86],""7"":[""clmm-core"",""final"",7.72]}}"
Z12,100,0.3,912,12,bestof8-seq,SUCCESS,1,9.89,9.17,17,989,60.2633,mm[run3],1503,,"{""per_run_s"":7.5,""accs"":[10.1,10.51,10.32,9.89,10.36,10.31,10.54,10.26]}"
Z12,100,0.3,912,12,bestof8-par,SUCCESS,1,8.34,7.91,13,834,34.4172,mm[run2],1503,,"{""per_run_s"":60.0,""accs"":[9.24,9.54,8.34,8.86,8.81,9.18,8.98,9.34],""used_s"":[16.9,23.0,34.4,33.2,28.9,24.6,26.6,15.9]}"
Z12,100,0.3,912,12,race8-par,SUCCESS,1,7.51,7.51,8,751,60.4544,template[0]@template,1503,,"{""final_survivor"":7,""elapsed_s"":60.454,""arms"":{""0"":[""template"",""floor"",7.51],""1"":[""mm"",""dropped:r1"",12.94],""2"":[""mm"",""dropped:r1"",12.04],""3"":[""mm"",""dropped:r2"",10.67],""4"":[""mm"",""dropped:r1"",11.9],""5"":[""cuthill"",""dropped:r2"",9.42],""6"":[""clmm"",""dropped:r3"",7.85],""7"":[""clmm-core"",""final"",7.64]}}"
Z12,100,0.3,912,14,race8-seq,SUCCESS,1,7.51,7.51,8,751,60.0205,template[0]@template,1503,,"{""final_survivor"":7,""elapsed_s"":60.02,""arms"":{""0"":[""template"",""floor"",7.51],""1"":[""mm"",""dropped:r1"",12.32],""2"":[""mm"",""dropped:r1"",11.94],""3"":[""mm"",""dropped:r1"",13.17],""4"":[""mm"",""dropped:r2"",10.24],""5"":[""cuthill"",""dropped:r2"",9.3],""6"":[""clmm"",""survivor"",7.94],""7"":[""clmm-core"",""final"",7.64]}}"
Z12,100,0.3,912,14,bestof8-seq,SUCCESS,1,9.41,8.83,14,941,60.3401,mm[run0],1503,,"{""per_run_s"":7.5,""accs"":[9.41,10.85,10.69,10.79,9.74,9.97,10.63,10.33]}"
Z12,100,0.3,912,14,bestof8-par,SUCCESS,1,8.54,8.09,13,854,28.932,mm[run2],1503,,"{""per_run_s"":60.0,""accs"":[8.93,9.03,8.54,9.03,9.74,9.02,9.33,9.34],""used_s"":[15.8,21.2,24.8,28.9,11.5,22.5,21.8,14.3]}"
Z12,100,0.3,912,14,race8-par,SUCCESS,1,7.51,7.51,8,751,60.3785,template[0]@template,1503,,"{""final_survivor"":7,""elapsed_s"":60.378,""arms"":{""0"":[""template"",""floor"",7.51],""1"":[""mm"",""dropped:r1"",12.32],""2"":[""mm"",""dropped:r1"",11.94],""3"":[""mm"",""dropped:r1"",13.17],""4"":[""mm"",""dropped:r2"",10.24],""5"":[""cuthill"",""dropped:r2"",9.58],""6"":[""clmm"",""dropped:r3"",7.94],""7"":[""clmm-core"",""final"",7.6]}}"
Z12,100,0.3,912,13,race8-seq,SUCCESS,1,7.51,7.51,8,751,60.0259,template[0]@template,1503,,"{""final_survivor"":7,""elapsed_s"":60.026,""arms"":{""0"":[""template"",""floor"",7.51],""1"":[""mm"",""dropped:r1"",11.69],""2"":[""mm"",""dropped:r1"",11.96],""3"":[""mm"",""dropped:r2"",9.92],""4"":[""mm"",""dropped:r1"",12.27],""5"":[""cuthill"",""dropped:r2"",11.29],""6"":[""clmm"",""survivor"",7.93],""7"":[""clmm-core"",""final"",7.7]}}"
Z12,100,0.3,912,13,bestof8-seq,SUCCESS,1,9.56,8.98,15,956,60.3342,mm[run3],1503,,"{""per_run_s"":7.5,""accs"":[9.95,10.15,10.62,9.56,10.58,10.48,10.57,10.13]}"
Z12,100,0.3,912,13,bestof8-par,SUCCESS,1,8.74,8.24,13,874,45.8074,mm[run5],1503,,"{""per_run_s"":60.0,""accs"":[9.41,9.18,9.87,9.11,9.47,8.74,9.32,9.37],""used_s"":[15.6,21.6,18.4,22.7,21.3,45.8,19.1,18.3]}"
Z12,100,0.3,912,13,race8-par,SUCCESS,1,7.51,7.51,8,751,60.1533,template[0]@template,1503,,"{""final_survivor"":7,""elapsed_s"":60.153,""arms"":{""0"":[""template"",""floor"",7.51],""1"":[""mm"",""dropped:r1"",11.69],""2"":[""mm"",""dropped:r1"",11.96],""3"":[""mm"",""dropped:r2"",9.92],""4"":[""mm"",""dropped:r1"",12.27],""5"":[""cuthill"",""dropped:r2"",11.29],""6"":[""clmm"",""dropped:r3"",7.93],""7"":[""clmm-core"",""final"",7.63]}}"
Z12,100,0.3,913,10,race8-seq,SUCCESS,1,7.41,7.41,8,741,60.0451,template[0]@template,1495,,"{""final_survivor"":7,""elapsed_s"":60.045,""arms"":{""0"":[""template"",""floor"",7.41],""1"":[""mm"",""dropped:r1"",11.47],""2"":[""mm"",""dropped:r1"",11.54],""3"":[""mm"",""dropped:r1"",13.91],""4"":[""mm"",""dropped:r2"",10.54],""5"":[""cuthill"",""dropped:r2"",10.6],""6"":[""clmm"",""dropped:r3"",7.91],""7"":[""clmm-core"",""final"",7.74]}}"
Z12,100,0.3,913,10,bestof8-seq,SUCCESS,1,9.82,9.17,16,982,60.2107,mm[run6],1495,,"{""per_run_s"":7.5,""accs"":[10.16,10.16,10.18,10.52,9.87,10.16,9.82,10.99]}"
Z12,100,0.3,913,10,bestof8-par,SUCCESS,1,8.79,8.28,13,879,43.8826,mm[run5],1495,,"{""per_run_s"":60.0,""accs"":[9.83,9.42,8.97,9.02,8.88,8.79,9.18,8.89],""used_s"":[14.6,23.8,18.1,36.9,23.9,43.9,18.8,23.7]}"
Z12,100,0.3,913,10,race8-par,SUCCESS,1,7.41,7.41,8,741,60.0607,template[0]@template,1495,,"{""final_survivor"":7,""elapsed_s"":60.06,""arms"":{""0"":[""template"",""floor"",7.41],""1"":[""mm"",""dropped:r1"",11.47],""2"":[""mm"",""dropped:r1"",11.54],""3"":[""mm"",""dropped:r1"",13.91],""4"":[""mm"",""dropped:r2"",10.54],""5"":[""cuthill"",""dropped:r2"",10.6],""6"":[""clmm"",""dropped:r3"",7.9],""7"":[""clmm-core"",""final"",7.7]}}"
Z12,100,0.3,913,11,race8-seq,SUCCESS,1,7.41,7.41,8,741,60.1592,template[0]@template,1495,,"{""final_survivor"":7,""elapsed_s"":60.159,""arms"":{""0"":[""template"",""floor"",7.41],""1"":[""mm"",""dropped:r1"",14.1],""2"":[""mm"",""dropped:r1"",11.8],""3"":[""mm"",""dropped:r2"",10.69],""4"":[""mm"",""dropped:r1"",12.04],""5"":[""cuthill"",""dropped:r2"",11.33],""6"":[""clmm"",""survivor"",7.88],""7"":[""clmm-core"",""final"",7.75]}}"
Z12,100,0.3,913,11,bestof8-seq,SUCCESS,1,9.89,8.99,16,989,60.2716,mm[run3],1495,,"{""per_run_s"":7.5,""accs"":[10.13,10.69,10.76,9.89,10.28,9.91,10.43,10.43]}"
Z12,100,0.3,913,11,bestof8-par,SUCCESS,1,8.72,8.32,13,872,36.7322,mm[run0],1495,,"{""per_run_s"":60.0,""accs"":[8.72,8.87,9.21,9.03,9.25,8.73,9.35,9.29],""used_s"":[21.9,36.7,24.9,16.0,22.3,21.9,21.3,16.7]}"
Z12,100,0.3,913,11,race8-par,SUCCESS,1,7.41,7.41,8,741,60.2258,template[0]@template,1495,,"{""final_survivor"":7,""elapsed_s"":60.225,""arms"":{""0"":[""template"",""floor"",7.41],""1"":[""mm"",""dropped:r1"",14.1],""2"":[""mm"",""dropped:r1"",11.8],""3"":[""mm"",""dropped:r2"",10.69],""4"":[""mm"",""dropped:r1"",12.04],""5"":[""cuthill"",""dropped:r2"",11.11],""6"":[""clmm"",""dropped:r3"",7.87],""7"":[""clmm-core"",""final"",7.67]}}"
Z12,100,0.3,913,12,race8-seq,SUCCESS,1,7.41,7.41,8,741,60.2866,template[0]@template,1495,,"{""final_survivor"":7,""elapsed_s"":60.286,""arms"":{""0"":[""template"",""floor"",7.41],""1"":[""mm"",""dropped:r1"",12.4],""2"":[""mm"",""dropped:r1"",16.97],""3"":[""mm"",""dropped:r1"",14.79],""4"":[""mm"",""dropped:r2"",10.68],""5"":[""cuthill"",""dropped:r2"",10.3],""6"":[""clmm"",""survivor"",7.93],""7"":[""clmm-core"",""final"",7.71]}}"
Z12,100,0.3,913,12,bestof8-seq,SUCCESS,1,9.6,9.07,15,960,60.2729,mm[run4],1495,,"{""per_run_s"":7.5,""accs"":[10.29,10.27,10.18,10.67,9.6,10.7,10.48,10.17]}"
Z12,100,0.3,913,12,bestof8-par,SUCCESS,1,8.79,8.29,15,879,34.8917,mm[run6],1495,,"{""per_run_s"":60.0,""accs"":[8.81,9.04,9.54,10.04,9.6,9.37,8.79,9.18],""used_s"":[32.2,34.9,19.6,17.5,11.8,21.5,26.9,22.6]}"
Z12,100,0.3,913,12,race8-par,SUCCESS,1,7.41,7.41,8,741,60.5008,template[0]@template,1495,,"{""final_survivor"":7,""elapsed_s"":60.5,""arms"":{""0"":[""template"",""floor"",7.41],""1"":[""mm"",""dropped:r1"",12.4],""2"":[""mm"",""dropped:r1"",16.97],""3"":[""mm"",""dropped:r1"",14.79],""4"":[""mm"",""dropped:r2"",10.51],""5"":[""cuthill"",""dropped:r2"",10.3],""6"":[""clmm"",""dropped:r3"",7.93],""7"":[""clmm-core"",""final"",7.66]}}"
Z12,100,0.3,913,13,race8-seq,SUCCESS,1,7.41,7.41,8,741,60.3621,template[0]@template,1495,,"{""final_survivor"":7,""elapsed_s"":60.362,""arms"":{""0"":[""template"",""floor"",7.41],""1"":[""mm"",""dropped:r1"",11.88],""2"":[""mm"",""dropped:r1"",11.83],""3"":[""mm"",""dropped:r2"",10.46],""4"":[""mm"",""dropped:r1"",12.33],""5"":[""cuthill"",""dropped:r2"",10.49],""6"":[""clmm"",""survivor"",7.93],""7"":[""clmm-core"",""final"",7.73]}}"
Z12,100,0.3,913,13,bestof8-seq,SUCCESS,1,9.58,8.88,16,958,60.3612,mm[run0],1495,,"{""per_run_s"":7.5,""accs"":[9.58,9.93,10.18,9.97,11.04,10.37,10.04,10.12]}"
Z12,100,0.3,913,13,bestof8-par,SUCCESS,1,8.47,8.11,12,847,39.4898,mm[run1],1495,,"{""per_run_s"":60.0,""accs"":[9.2,8.47,9.4,9.58,8.9,9.16,10.04,9.23],""used_s"":[16.7,39.5,26.3,14.6,32.1,18.3,8.9,16.7]}"
Z12,100,0.3,913,13,race8-par,SUCCESS,1,7.41,7.41,8,741,60.0714,template[0]@template,1495,,"{""final_survivor"":7,""elapsed_s"":60.071,""arms"":{""0"":[""template"",""floor"",7.41],""1"":[""mm"",""dropped:r1"",11.88],""2"":[""mm"",""dropped:r1"",11.83],""3"":[""mm"",""dropped:r2"",10.46],""4"":[""mm"",""dropped:r1"",12.33],""5"":[""cuthill"",""dropped:r2"",10.49],""6"":[""clmm"",""dropped:r3"",7.93],""7"":[""clmm-core"",""final"",7.72]}}"
Z12,100,0.3,913,14,race8-seq,SUCCESS,1,7.41,7.41,8,741,60.1227,template[0]@template,1495,,"{""final_survivor"":7,""elapsed_s"":60.122,""arms"":{""0"":[""template"",""floor"",7.41],""1"":[""mm"",""dropped:r2"",9.76],""2"":[""mm"",""dropped:r1"",12.71],""3"":[""mm"",""dropped:r1"",14.5],""4"":[""mm"",""dropped:r1"",13.18],""5"":[""cuthill"",""dropped:r2"",10.17],""6"":[""clmm"",""survivor"",7.92],""7"":[""clmm-core"",""final"",7.72]}}"
Z12,100,0.3,913,14,bestof8-seq,SUCCESS,1,9.7,9.11,16,970,60.2771,mm[run1],1495,,"{""per_run_s"":7.5,""accs"":[9.95,9.7,10.53,10.72,10.29,10.29,10.03,10.81]}"
Z12,100,0.3,913,14,bestof8-par,SUCCESS,1,8.4,8.08,12,840,38.0927,mm[run1],1495,,"{""per_run_s"":60.0,""accs"":[8.75,8.4,9.07,9.74,10.08,9.01,9.13,8.89],""used_s"":[17.9,30.5,17.4,18.0,15.0,24.6,24.6,38.1]}"
Z12,100,0.3,913,14,race8-par,SUCCESS,1,7.41,7.41,8,741,60.5951,template[0]@template,1495,,"{""final_survivor"":7,""elapsed_s"":60.594,""arms"":{""0"":[""template"",""floor"",7.41],""1"":[""mm"",""dropped:r2"",9.76],""2"":[""mm"",""dropped:r1"",12.71],""3"":[""mm"",""dropped:r1"",14.5],""4"":[""mm"",""dropped:r1"",13.18],""5"":[""cuthill"",""dropped:r2"",9.87],""6"":[""clmm"",""dropped:r3"",7.92],""7"":[""clmm-core"",""final"",7.67]}}"
Z12,100,0.3,914,10,race8-seq,SUCCESS,1,7.47,7.47,8,747,60.3169,template[0]@template,1481,,"{""final_survivor"":7,""elapsed_s"":60.316,""arms"":{""0"":[""template"",""floor"",7.47],""1"":[""mm"",""dropped:r1"",11.66],""2"":[""mm"",""dropped:r2"",10.63],""3"":[""mm"",""dropped:r1"",10.88],""4"":[""mm"",""dropped:r1"",11.76],""5"":[""cuthill"",""dropped:r2"",10.23],""6"":[""clmm"",""survivor"",7.92],""7"":[""clmm-core"",""final"",7.71]}}"
Z12,100,0.3,914,10,bestof8-seq,SUCCESS,1,9.55,8.88,15,955,60.282,mm[run7],1481,,"{""per_run_s"":7.5,""accs"":[10.26,10.29,10.61,10.35,10.48,9.99,9.79,9.55]}"
Z12,100,0.3,914,10,bestof8-par,SUCCESS,1,8.83,8.35,13,883,27.5192,mm[run6],1481,,"{""per_run_s"":60.0,""accs"":[8.98,9.1,9.87,10.35,9.98,9.37,8.83,9.19],""used_s"":[27.5,19.9,18.2,8.2,14.3,19.0,19.7,13.1]}"
Z12,100,0.3,914,10,race8-par,SUCCESS,1,7.47,7.47,8,747,60.5604,template[0]@template,1481,,"{""final_survivor"":7,""elapsed_s"":60.56,""arms"":{""0"":[""template"",""floor"",7.47],""1"":[""mm"",""dropped:r1"",11.66],""2"":[""mm"",""dropped:r2"",10.43],""3"":[""mm"",""dropped:r1"",10.88],""4"":[""mm"",""dropped:r1"",11.76],""5"":[""cuthill"",""dropped:r2"",10.23],""6"":[""clmm"",""dropped:r3"",7.91],""7"":[""clmm-core"",""final"",7.66]}}"
Z12,100,0.3,914,11,race8-seq,SUCCESS,1,7.47,7.47,8,747,60.1653,template[0]@template,1481,,"{""final_survivor"":7,""elapsed_s"":60.165,""arms"":{""0"":[""template"",""floor"",7.47],""1"":[""mm"",""dropped:r1"",14.35],""2"":[""mm"",""dropped:r1"",10.97],""3"":[""mm"",""dropped:r1"",10.32],""4"":[""mm"",""dropped:r2"",10.17],""5"":[""cuthill"",""dropped:r2"",9.86],""6"":[""clmm"",""survivor"",7.91],""7"":[""clmm-core"",""final"",7.76]}}"
Z12,100,0.3,914,11,bestof8-seq,SUCCESS,1,9.73,9.02,16,973,60.0502,mm[run1],1481,,"{""per_run_s"":7.5,""accs"":[10.25,9.73,10.36,9.87,9.75,10.4,10.01,10.53]}"
Z12,100,0.3,914,11,bestof8-par,SUCCESS,1,8.72,8.32,13,872,30.1334,mm[run1],1481,,"{""per_run_s"":60.0,""accs"":[9.72,8.72,9.03,9.46,9.29,8.9,9.28,9.32],""used_s"":[12.4,17.3,21.7,16.3,16.6,30.1,23.0,20.4]}"
Z12,100,0.3,914,11,race8-par,SUCCESS,1,7.47,7.47,8,747,60.4598,template[0]@template,1481,,"{""final_survivor"":7,""elapsed_s"":60.459,""arms"":{""0"":[""template"",""floor"",7.47],""1"":[""mm"",""dropped:r1"",14.35],""2"":[""mm"",""dropped:r1"",10.97],""3"":[""mm"",""dropped:r1"",10.44],""4"":[""mm"",""dropped:r2"",10.17],""5"":[""cuthill"",""dropped:r2"",9.86],""6"":[""clmm"",""dropped:r3"",7.89],""7"":[""clmm-core"",""final"",7.67]}}"
Z12,100,0.3,914,12,race8-seq,SUCCESS,1,7.47,7.47,8,747,60.2007,template[0]@template,1481,,"{""final_survivor"":7,""elapsed_s"":60.2,""arms"":{""0"":[""template"",""floor"",7.47],""1"":[""mm"",""dropped:r1"",10.76],""2"":[""mm"",""dropped:r1"",11.46],""3"":[""mm"",""dropped:r1"",10.82],""4"":[""mm"",""dropped:r2"",9.91],""5"":[""cuthill"",""dropped:r2"",9.56],""6"":[""clmm"",""survivor"",7.89],""7"":[""clmm-core"",""final"",7.74]}}"
Z12,100,0.3,914,12,bestof8-seq,SUCCESS,1,9.75,9.06,16,975,60.333,mm[run1],1481,,"{""per_run_s"":7.5,""accs"":[9.93,9.75,10.19,9.84,10.1,10.3,10.04,10.31]}"
Z12,100,0.3,914,12,bestof8-par,SUCCESS,1,8.62,8.23,13,862,31.1834,mm[run7],1481,,"{""per_run_s"":60.0,""accs"":[9.68,9.17,10.19,9.35,9.45,9.35,9.04,8.62],""used_s"":[17.0,18.2,12.1,14.1,16.7,21.5,22.4,31.2]}"
Z12,100,0.3,914,12,race8-par,SUCCESS,1,7.47,7.47,8,747,60.1623,template[0]@template,1481,,"{""final_survivor"":7,""elapsed_s"":60.162,""arms"":{""0"":[""template"",""floor"",7.47],""1"":[""mm"",""dropped:r1"",11.1],""2"":[""mm"",""dropped:r1"",11.46],""3"":[""mm"",""dropped:r1"",10.82],""4"":[""mm"",""dropped:r2"",9.91],""5"":[""cuthill"",""dropped:r2"",9.56],""6"":[""clmm"",""dropped:r3"",7.89],""7"":[""clmm-core"",""final"",7.62]}}"
Z12,100,0.3,914,13,race8-seq,SUCCESS,1,7.47,7.47,8,747,60.1723,template[0]@template,1481,,"{""final_survivor"":7,""elapsed_s"":60.172,""arms"":{""0"":[""template"",""floor"",7.47],""1"":[""mm"",""dropped:r2"",10.68],""2"":[""mm"",""dropped:r1"",11.5],""3"":[""mm"",""dropped:r1"",11.79],""4"":[""mm"",""dropped:r1"",12.02],""5"":[""cuthill"",""dropped:r2"",9.32],""6"":[""clmm"",""survivor"",7.9],""7"":[""clmm-core"",""final"",7.74]}}"
Z12,100,0.3,914,13,bestof8-seq,SUCCESS,1,9.84,9.12,16,984,60.3991,mm[run6],1481,,"{""per_run_s"":7.5,""accs"":[10.53,10.15,10.13,10.64,10.24,10.29,9.84,10.63]}"
Z12,100,0.3,914,13,bestof8-par,SUCCESS,1,8.92,8.29,13,892,33.614,mm[run0],1481,,"{""per_run_s"":60.0,""accs"":[8.92,9.03,8.93,9.38,9.35,9.21,9.84,9.36],""used_s"":[33.6,23.6,25.2,23.6,21.7,19.9,12.0,21.3]}"
Z12,100,0.3,914,13,race8-par,SUCCESS,1,7.47,7.47,8,747,60.5068,template[0]@template,1481,,"{""final_survivor"":7,""elapsed_s"":60.506,""arms"":{""0"":[""template"",""floor"",7.47],""1"":[""mm"",""dropped:r2"",10.5],""2"":[""mm"",""dropped:r1"",11.5],""3"":[""mm"",""dropped:r1"",11.79],""4"":[""mm"",""dropped:r1"",12.02],""5"":[""cuthill"",""dropped:r2"",9.32],""6"":[""clmm"",""dropped:r3"",7.88],""7"":[""clmm-core"",""final"",7.58]}}"
Z12,100,0.3,914,14,race8-seq,SUCCESS,1,7.47,7.47,8,747,60.0244,template[0]@template,1481,,"{""final_survivor"":7,""elapsed_s"":60.024,""arms"":{""0"":[""template"",""floor"",7.47],""1"":[""mm"",""dropped:r2"",11.04],""2"":[""mm"",""dropped:r1"",11.42],""3"":[""mm"",""dropped:r1"",11.75],""4"":[""mm"",""dropped:r1"",12.27],""5"":[""cuthill"",""dropped:r2"",10.46],""6"":[""clmm"",""survivor"",7.95],""7"":[""clmm-core"",""final"",7.75]}}"
Z12,100,0.3,914,14,bestof8-seq,SUCCESS,1,9.57,8.94,18,957,60.2501,mm[run1],1481,,"{""per_run_s"":7.5,""accs"":[10.04,9.57,9.94,10.24,9.8,10.7,10.61,10.34]}"
Z12,100,0.3,914,14,bestof8-par,SUCCESS,1,8.65,8.05,13,865,34.0194,mm[run0],1481,,"{""per_run_s"":60.0,""accs"":[8.65,9.08,8.82,9.24,9.21,9.37,9.34,9.22],""used_s"":[34.0,20.2,22.2,20.5,15.3,19.3,19.6,14.0]}"
Z12,100,0.3,914,14,race8-par,SUCCESS,1,7.47,7.47,8,747,60.4072,template[0]@template,1481,,"{""final_survivor"":7,""elapsed_s"":60.407,""arms"":{""0"":[""template"",""floor"",7.47],""1"":[""mm"",""dropped:r2"",11.04],""2"":[""mm"",""dropped:r1"",11.42],""3"":[""mm"",""dropped:r1"",11.75],""4"":[""mm"",""dropped:r1"",12.27],""5"":[""cuthill"",""dropped:r2"",10.46],""6"":[""clmm"",""dropped:r3"",7.95],""7"":[""clmm-core"",""final"",7.67]}}"
Z12,100,0.3,915,10,race8-seq,SUCCESS,1,7.39,7.39,8,739,59.9954,template[0]@template,1463,,"{""final_survivor"":7,""elapsed_s"":59.995,""arms"":{""0"":[""template"",""floor"",7.39],""1"":[""mm"",""dropped:r2"",10.0],""2"":[""mm"",""dropped:r1"",11.32],""3"":[""mm"",""dropped:r1"",11.16],""4"":[""mm"",""dropped:r1"",11.99],""5"":[""cuthill"",""dropped:r2"",9.68],""6"":[""clmm"",""survivor"",7.95],""7"":[""clmm-core"",""final"",7.71]}}"
Z12,100,0.3,915,10,bestof8-seq,SUCCESS,1,9.61,8.76,16,961,60.1154,mm[run3],1463,,"{""per_run_s"":7.5,""accs"":[9.94,10.08,10.13,9.61,10.03,10.23,9.69,10.1]}"
Z12,100,0.3,915,10,bestof8-par,SUCCESS,1,8.7,8.27,14,870,29.8951,mm[run0],1463,,"{""per_run_s"":60.0,""accs"":[8.7,10.08,8.87,8.96,9.74,9.2,8.84,8.72],""used_s"":[29.0,11.3,29.9,17.8,15.6,18.6,25.2,20.0]}"
Z12,100,0.3,915,10,race8-par,SUCCESS,1,7.39,7.39,8,739,60.2412,template[0]@template,1463,,"{""final_survivor"":7,""elapsed_s"":60.24,""arms"":{""0"":[""template"",""floor"",7.39],""1"":[""mm"",""dropped:r2"",10.0],""2"":[""mm"",""dropped:r1"",11.32],""3"":[""mm"",""dropped:r1"",11.16],""4"":[""mm"",""dropped:r1"",11.99],""5"":[""cuthill"",""dropped:r2"",9.68],""6"":[""clmm"",""dropped:r3"",7.95],""7"":[""clmm-core"",""final"",7.71]}}"
Z12,100,0.3,915,11,race8-seq,SUCCESS,1,7.39,7.39,8,739,61.134,template[0]@template,1463,,"{""final_survivor"":7,""elapsed_s"":61.134,""arms"":{""0"":[""template"",""floor"",7.39],""1"":[""mm"",""dropped:r1"",11.32],""2"":[""mm"",""dropped:r2"",10.36],""3"":[""mm"",""dropped:r1"",11.22],""4"":[""mm"",""dropped:r1"",10.91],""5"":[""cuthill"",""dropped:r2"",9.31],""6"":[""clmm"",""dropped:r3"",7.91],""7"":[""clmm-core"",""final"",7.73]}}"
Z12,100,0.3,915,11,bestof8-seq,SUCCESS,1,9.49,8.89,15,949,60.1554,mm[run2],1463,,"{""per_run_s"":7.5,""accs"":[10.39,10.0,9.49,10.18,9.49,9.59,9.67,9.84]}"
Z12,100,0.3,915,11,bestof8-par,SUCCESS,1,8.89,8.39,13,889,23.033,mm[run4],1463,,"{""per_run_s"":60.0,""accs"":[9.2,9.37,9.49,9.86,8.89,9.55,9.2,8.93],""used_s"":[23.0,16.0,9.7,15.9,18.8,15.5,20.3,17.5]}"
Z12,100,0.3,915,11,race8-par,SUCCESS,1,7.39,7.39,8,739,60.0824,template[0]@template,1463,,"{""final_survivor"":7,""elapsed_s"":60.082,""arms"":{""0"":[""template"",""floor"",7.39],""1"":[""mm"",""dropped:r1"",11.32],""2"":[""mm"",""dropped:r2"",10.36],""3"":[""mm"",""dropped:r1"",11.22],""4"":[""mm"",""dropped:r1"",10.91],""5"":[""cuthill"",""dropped:r2"",9.31],""6"":[""clmm"",""dropped:r3"",7.88],""7"":[""clmm-core"",""final"",7.64]}}"
Z12,100,0.3,915,12,race8-seq,SUCCESS,1,7.39,7.39,8,739,60.0647,template[0]@template,1463,,"{""final_survivor"":7,""elapsed_s"":60.064,""arms"":{""0"":[""template"",""floor"",7.39],""1"":[""mm"",""dropped:r2"",10.28],""2"":[""mm"",""dropped:r1"",11.31],""3"":[""mm"",""dropped:r1"",11.07],""4"":[""mm"",""dropped:r1"",11.3],""5"":[""cuthill"",""dropped:r2"",9.33],""6"":[""clmm"",""survivor"",7.95],""7"":[""clmm-core"",""final"",7.75]}}"
Z12,100,0.3,915,12,bestof8-seq,SUCCESS,1,9.49,8.8,16,949,60.1658,mm[run2],1463,,"{""per_run_s"":7.5,""accs"":[9.95,10.47,9.49,9.82,9.95,9.93,10.81,11.0]}"
Z12,100,0.3,915,12,bestof8-par,SUCCESS,1,8.63,8.15,13,863,34.5663,mm[run0],1463,,"{""per_run_s"":60.0,""accs"":[8.63,8.74,9.16,8.89,8.79,9.14,9.41,8.8],""used_s"":[22.3,34.5,16.0,25.4,29.6,17.4,17.6,22.5]}"
Z12,100,0.3,915,12,race8-par,SUCCESS,1,7.39,7.39,8,739,60.7225,template[0]@template,1463,,"{""final_survivor"":7,""elapsed_s"":60.722,""arms"":{""0"":[""template"",""floor"",7.39],""1"":[""mm"",""dropped:r2"",10.25],""2"":[""mm"",""dropped:r1"",11.76],""3"":[""mm"",""dropped:r1"",11.07],""4"":[""mm"",""dropped:r1"",11.3],""5"":[""cuthill"",""dropped:r2"",9.33],""6"":[""clmm"",""dropped:r3"",7.94],""7"":[""clmm-core"",""final"",7.66]}}"
Z12,100,0.3,915,13,race8-seq,SUCCESS,1,7.39,7.39,8,739,60.1423,template[0]@template,1463,,"{""final_survivor"":7,""elapsed_s"":60.142,""arms"":{""0"":[""template"",""floor"",7.39],""1"":[""mm"",""dropped:r2"",10.06],""2"":[""mm"",""dropped:r1"",11.24],""3"":[""mm"",""dropped:r1"",10.77],""4"":[""mm"",""dropped:r1"",11.37],""5"":[""cuthill"",""dropped:r2"",9.68],""6"":[""clmm"",""survivor"",7.93],""7"":[""clmm-core"",""final"",7.78]}}"
Z12,100,0.3,915,13,bestof8-seq,SUCCESS,1,9.54,8.8,16,954,60.2912,mm[run0],1463,,"{""per_run_s"":7.5,""accs"":[9.54,9.87,10.02,10.05,9.81,10.66,9.61,10.26]}"
Z12,100,0.3,915,13,bestof8-par,SUCCESS,1,8.43,8.16,13,843,28.5837,mm[run2],1463,,"{""per_run_s"":60.0,""accs"":[9.6,8.67,8.43,9.25,8.8,9.5,9.05,8.78],""used_s"":[12.7,25.1,28.6,21.1,26.6,22.5,17.9,28.1]}"
Z12,100,0.3,915,13,race8-par,SUCCESS,1,7.39,7.39,8,739,60.1471,template[0]@template,1463,,"{""final_survivor"":7,""elapsed_s"":60.146,""arms"":{""0"":[""template"",""floor"",7.39],""1"":[""mm"",""dropped:r2"",9.82],""2"":[""mm"",""dropped:r1"",11.24],""3"":[""mm"",""dropped:r1"",10.77],""4"":[""mm"",""dropped:r1"",11.37],""5"":[""cuthill"",""dropped:r2"",9.68],""6"":[""clmm"",""dropped:r3"",7.89],""7"":[""clmm-core"",""final"",7.71]}}"
Z12,100,0.3,915,14,race8-seq,SUCCESS,1,7.39,7.39,8,739,60.3882,template[0]@template,1463,,"{""final_survivor"":7,""elapsed_s"":60.388,""arms"":{""0"":[""template"",""floor"",7.39],""1"":[""mm"",""dropped:r2"",9.56],""2"":[""mm"",""dropped:r1"",11.89],""3"":[""mm"",""dropped:r1"",11.83],""4"":[""mm"",""dropped:r1"",11.48],""5"":[""cuthill"",""dropped:r2"",9.54],""6"":[""clmm"",""survivor"",7.89],""7"":[""clmm-core"",""final"",7.78]}}"
Z12,100,0.3,915,14,bestof8-seq,SUCCESS,1,9.67,8.9,15,967,60.0725,mm[run6],1463,,"{""per_run_s"":7.5,""accs"":[9.83,10.16,9.84,10.81,9.68,10.17,9.67,10.93]}"
Z12,100,0.3,915,14,bestof8-par,SUCCESS,1,8.75,8.26,13,875,29.7922,mm[run4],1463,,"{""per_run_s"":60.0,""accs"":[9.4,8.84,9.9,9.0,8.75,8.91,9.6,9.71],""used_s"":[20.0,29.8,15.2,25.9,21.4,28.8,17.7,13.6]}"
Z12,100,0.3,915,14,race8-par,SUCCESS,1,7.39,7.39,8,739,60.1887,template[0]@template,1463,,"{""final_survivor"":7,""elapsed_s"":60.188,""arms"":{""0"":[""template"",""floor"",7.39],""1"":[""mm"",""dropped:r2"",9.56],""2"":[""mm"",""dropped:r1"",11.89],""3"":[""mm"",""dropped:r1"",11.83],""4"":[""mm"",""dropped:r1"",11.48],""5"":[""cuthill"",""dropped:r2"",9.54],""6"":[""clmm"",""dropped:r3"",7.88],""7"":[""clmm-core"",""final"",7.61]}}"
