topo,n,p,inst_seed,arm,family,algo_seed,switch_val,status,success,acl,acl_spur,max_chain,qubits,wall,n_edges,err
P16,100,0.10101010101010101,101,tree-sph,tree,5,2,SUCCESS,1,5.92,5.86,12,592,2.0409,498,
P16,100,0.10101010101010101,101,boltz-8.0,root,2,8.0,SUCCESS,1,6.43,6.12,12,643,2.3028,498,
P16,100,0.10101010101010101,101,tree-sph,tree,6,2,SUCCESS,1,5.43,5.36,11,543,2.7148,498,
P16,100,0.10101010101010101,101,tree-sph,tree,1,2,SUCCESS,1,5.47,5.35,11,547,2.7883,498,
P16,100,0.10101010101010101,101,tree-sph,tree,0,2,SUCCESS,1,5.59,5.49,11,559,2.9088,498,
P16,100,0.10101010101010101,101,stock,stock,2,,SUCCESS,1,6.09,5.83,11,609,2.974,498,
P16,100,0.10101010101010101,101,beta-16.0,beta,2,16.0,SUCCESS,1,6.09,5.83,11,609,2.9954,498,
P16,100,0.10101010101010101,101,tree-sph,tree,7,2,SUCCESS,1,5.55,5.43,11,555,3.0208,498,
P16,100,0.10101010101010101,101,beta-dhat,beta,7,5.0,SUCCESS,1,5.88,5.74,11,588,3.035,498,
P16,100,0.10101010101010101,101,beta-16.0,beta,7,16.0,SUCCESS,1,5.74,5.56,11,574,3.2445,498,
P16,100,0.10101010101010101,101,stock,stock,7,,SUCCESS,1,5.74,5.56,11,574,3.2971,498,
P16,100,0.10101010101010101,101,tree-sph,tree,4,2,SUCCESS,1,5.7,5.59,11,570,3.4261,498,
P16,100,0.10101010101010101,101,tree-sph,tree,2,2,SUCCESS,1,5.58,5.47,11,558,3.4445,498,
P16,100,0.10101010101010101,101,tree-sph,tree,3,2,SUCCESS,1,5.66,5.56,11,566,3.5078,498,
P16,100,0.10101010101010101,101,beta-dhat,beta,5,5.0,SUCCESS,1,5.85,5.7,11,585,3.5092,498,
P16,100,0.10101010101010101,101,boltz-2.0,root,0,2.0,SUCCESS,1,6.12,5.83,12,612,3.7033,498,
P16,100,0.10101010101010101,101,boltz-8.0,root,6,8.0,SUCCESS,1,6.18,6.01,12,618,3.6915,498,
P16,100,0.10101010101010101,101,boltz-2.0,root,4,2.0,SUCCESS,1,5.98,5.87,11,598,3.7868,498,
P16,100,0.10101010101010101,101,beta-dhat,beta,1,5.0,SUCCESS,1,5.98,5.81,11,598,3.7881,498,
P16,100,0.10101010101010101,101,stock,stock,1,,SUCCESS,1,5.77,5.53,11,577,3.8678,498,
P16,100,0.10101010101010101,101,beta-16.0,beta,1,16.0,SUCCESS,1,5.77,5.53,11,577,3.8813,498,
P16,100,0.10101010101010101,101,stock,stock,6,,SUCCESS,1,5.9,5.68,11,590,3.9241,498,
P16,100,0.10101010101010101,101,beta-16.0,beta,6,16.0,SUCCESS,1,5.9,5.68,11,590,3.9539,498,
P16,100,0.10101010101010101,101,boltz-2.0,root,3,2.0,SUCCESS,1,5.51,5.33,11,551,4.0258,498,
P16,100,0.10101010101010101,101,beta-dhat,beta,3,5.0,SUCCESS,1,6.06,5.92,11,606,4.0705,498,
P16,100,0.10101010101010101,101,boltz-8.0,root,4,8.0,SUCCESS,1,5.59,5.41,11,559,4.1703,498,
P16,100,0.10101010101010101,101,boltz-8.0,root,3,8.0,SUCCESS,1,5.86,5.65,11,586,4.2957,498,
P16,100,0.10101010101010101,101,boltz-2.0,root,7,2.0,SUCCESS,1,5.76,5.6,11,576,4.5619,498,
P16,100,0.10101010101010101,101,beta-dhat,beta,6,5.0,SUCCESS,1,5.73,5.53,10,573,4.7081,498,
P16,100,0.10101010101010101,101,beta-16.0,beta,3,16.0,SUCCESS,1,5.65,5.5,10,565,4.8693,498,
P16,100,0.10101010101010101,101,stock,stock,3,,SUCCESS,1,5.65,5.5,10,565,4.8849,498,
P16,100,0.10101010101010101,101,boltz-8.0,root,7,8.0,SUCCESS,1,5.41,5.32,10,541,4.8748,498,
P16,100,0.10101010101010101,101,boltz-2.0,root,6,2.0,SUCCESS,1,5.46,5.36,10,546,5.0939,498,
P16,100,0.10101010101010101,101,boltz-8.0,root,5,8.0,SUCCESS,1,5.53,5.47,10,553,5.1373,498,
P16,100,0.10101010101010101,101,tree-sph,tree,8,2,SUCCESS,1,6.12,6.05,10,612,2.8527,498,
P16,100,0.10101010101010101,101,tree-sph,tree,9,2,SUCCESS,1,5.69,5.58,11,569,2.2333,498,
P16,100,0.10101010101010101,101,beta-dhat,beta,0,5.0,SUCCESS,1,5.75,5.66,10,575,5.3289,498,
P16,100,0.10101010101010101,101,boltz-2.0,root,2,2.0,SUCCESS,1,5.49,5.35,10,549,5.4896,498,
P16,100,0.10101010101010101,101,stock,stock,4,,SUCCESS,1,5.95,5.73,11,595,5.5838,498,
P16,100,0.10101010101010101,101,beta-16.0,beta,4,16.0,SUCCESS,1,5.95,5.73,11,595,5.5853,498,
P16,100,0.10101010101010101,101,boltz-2.0,root,5,2.0,SUCCESS,1,5.64,5.43,11,564,5.7829,498,
P16,100,0.10101010101010101,101,stock,stock,8,,SUCCESS,1,5.78,5.58,12,578,3.8787,498,
P16,100,0.10101010101010101,101,boltz-8.0,root,8,8.0,SUCCESS,1,6.26,6.02,11,626,3.2205,498,
P16,100,0.10101010101010101,101,stock,stock,9,,SUCCESS,1,6.01,5.74,11,601,3.0124,498,
P16,100,0.10101010101010101,101,beta-dhat,beta,4,5.0,SUCCESS,1,5.37,5.24,10,537,6.0264,498,
P16,100,0.10101010101010101,101,stock,stock,10,,SUCCESS,1,6.0,5.81,12,600,2.6219,498,
P16,100,0.10101010101010101,101,beta-16.0,beta,10,16.0,SUCCESS,1,5.81,5.65,11,581,2.4132,498,
P16,100,0.10101010101010101,101,beta-dhat,beta,2,5.0,SUCCESS,1,5.58,5.38,10,558,6.1871,498,
P16,100,0.10101010101010101,101,stock,stock,11,,SUCCESS,1,6.61,6.13,14,661,2.49,498,
P16,100,0.10101010101010101,101,beta-16.0,beta,9,16.0,SUCCESS,1,6.01,5.74,11,601,3.0116,498,
P16,100,0.10101010101010101,101,boltz-2.0,root,1,2.0,SUCCESS,1,5.85,5.69,11,585,6.4113,498,
P16,100,0.10101010101010101,101,beta-16.0,beta,11,16.0,SUCCESS,1,6.61,6.13,14,661,2.4876,498,
P16,100,0.10101010101010101,101,boltz-8.0,root,0,8.0,SUCCESS,1,5.62,5.47,11,562,6.6826,498,
P16,100,0.10101010101010101,101,boltz-8.0,root,10,8.0,SUCCESS,1,5.78,5.57,11,578,3.3786,498,
P16,100,0.10101010101010101,101,tree-sph,tree,11,2,SUCCESS,1,5.11,5.04,11,511,3.3447,498,
P16,100,0.10101010101010101,101,tree-sph,tree,10,2,SUCCESS,1,5.5,5.36,11,550,3.7144,498,
P16,100,0.10101010101010101,101,boltz-8.0,root,1,8.0,SUCCESS,1,5.76,5.61,11,576,7.3691,498,
P16,100,0.10101010101010101,101,beta-16.0,beta,8,16.0,SUCCESS,1,5.52,5.36,10,552,4.4713,498,
P16,100,0.10101010101010101,101,boltz-8.0,root,9,8.0,SUCCESS,1,5.63,5.48,10,563,4.2209,498,
P16,100,0.10101010101010101,101,stock,stock,12,,SUCCESS,1,5.61,5.47,11,561,3.4657,498,
P16,100,0.10101010101010101,101,beta-16.0,beta,14,16.0,SUCCESS,1,6.44,6.25,13,644,1.7872,498,
P16,100,0.10101010101010101,101,boltz-2.0,root,11,2.0,SUCCESS,1,6.0,5.88,12,600,3.8291,498,
P16,100,0.10101010101010101,101,tree-sph,tree,12,2,SUCCESS,1,5.95,5.86,12,595,3.5412,498,
P16,100,0.10101010101010101,101,boltz-8.0,root,12,8.0,SUCCESS,1,6.21,6.01,12,621,3.191,498,
P16,100,0.10101010101010101,101,beta-16.0,beta,5,16.0,SUCCESS,1,5.56,5.39,10,556,7.8584,498,
P16,100,0.10101010101010101,101,stock,stock,5,,SUCCESS,1,5.56,5.39,10,556,7.8714,498,
P16,100,0.10101010101010101,101,stock,stock,13,,SUCCESS,1,6.14,5.87,11,614,2.9934,498,
P16,100,0.10101010101010101,101,tree-sph,tree,13,2,SUCCESS,1,5.43,5.33,10,543,3.0169,498,
P16,100,0.10101010101010101,101,beta-dhat,beta,8,5.0,SUCCESS,1,6.0,5.76,12,600,5.254,498,
P16,100,0.10101010101010101,101,beta-16.0,beta,12,16.0,SUCCESS,1,5.61,5.47,11,561,3.5066,498,
P16,100,0.10101010101010101,101,beta-dhat,beta,9,5.0,SUCCESS,1,5.64,5.38,11,564,4.8586,498,
P16,100,0.10101010101010101,102,tree-sph,tree,0,2,SUCCESS,1,6.11,5.98,14,611,2.4833,508,
P16,100,0.10101010101010101,101,boltz-2.0,root,10,2.0,SUCCESS,1,5.78,5.65,11,578,5.0187,498,
P16,100,0.10101010101010101,101,boltz-2.0,root,9,2.0,SUCCESS,1,5.47,5.29,10,547,5.6765,498,
P16,100,0.10101010101010101,101,boltz-2.0,root,13,2.0,SUCCESS,1,5.8,5.7,11,580,3.6464,498,
P16,100,0.10101010101010101,102,tree-sph,tree,1,2,SUCCESS,1,5.8,5.69,11,580,2.5459,508,
P16,100,0.10101010101010101,101,beta-16.0,beta,0,16.0,SUCCESS,1,5.19,5.08,10,519,9.0294,498,
P16,100,0.10101010101010101,101,boltz-8.0,root,13,8.0,SUCCESS,1,5.67,5.48,10,567,3.919,498,
P16,100,0.10101010101010101,101,beta-dhat,beta,13,5.0,SUCCESS,1,6.0,5.75,12,600,3.7681,498,
P16,100,0.10101010101010101,101,stock,stock,0,,SUCCESS,1,5.19,5.08,10,519,9.1276,498,
P16,100,0.10101010101010101,101,boltz-2.0,root,8,2.0,SUCCESS,1,5.75,5.58,10,575,6.5407,498,
P16,100,0.10101010101010101,101,beta-dhat,beta,14,5.0,SUCCESS,1,5.99,5.76,11,599,3.4888,498,
P16,100,0.10101010101010101,102,beta-16.0,beta,1,16.0,SUCCESS,1,5.77,5.68,11,577,2.7815,508,
P16,100,0.10101010101010101,101,beta-dhat,beta,12,5.0,SUCCESS,1,5.69,5.55,11,569,4.9327,498,
P16,100,0.10101010101010101,101,tree-sph,tree,14,2,SUCCESS,1,5.51,5.42,11,551,4.3681,498,
P16,100,0.10101010101010101,102,stock,stock,1,,SUCCESS,1,5.9,5.78,11,590,3.6901,508,
P16,100,0.10101010101010101,101,beta-dhat,beta,11,5.0,SUCCESS,1,5.59,5.38,11,559,5.9818,498,
P16,100,0.10101010101010101,101,boltz-2.0,root,12,2.0,SUCCESS,1,5.67,5.56,11,567,5.7913,498,
P16,100,0.10101010101010101,102,tree-sph,tree,2,2,SUCCESS,1,5.62,5.5,10,562,3.0074,508,
P16,100,0.10101010101010101,102,boltz-2.0,root,2,2.0,SUCCESS,1,6.06,5.82,12,606,3.0782,508,
P16,100,0.10101010101010101,101,boltz-8.0,root,14,8.0,SUCCESS,1,5.68,5.52,11,568,5.2141,498,
P16,100,0.10101010101010101,102,boltz-8.0,root,0,8.0,SUCCESS,1,5.89,5.7,11,589,4.7553,508,
P16,100,0.10101010101010101,102,boltz-8.0,root,1,8.0,SUCCESS,1,5.63,5.44,11,563,4.4051,508,
P16,100,0.10101010101010101,102,tree-sph,tree,4,2,SUCCESS,1,5.62,5.46,12,562,3.0464,508,
P16,100,0.10101010101010101,102,tree-sph,tree,3,2,SUCCESS,1,5.65,5.52,11,565,3.3646,508,
P16,100,0.10101010101010101,101,beta-16.0,beta,13,16.0,SUCCESS,1,5.62,5.47,10,562,5.957,498,
P16,100,0.10101010101010101,101,boltz-2.0,root,14,2.0,SUCCESS,1,5.8,5.64,11,580,5.6336,498,
P16,100,0.10101010101010101,102,tree-sph,tree,6,2,SUCCESS,1,6.39,6.26,13,639,2.1742,508,
P16,100,0.10101010101010101,102,beta-dhat,beta,0,4.0,SUCCESS,1,6.14,5.85,12,614,5.2123,508,
P16,100,0.10101010101010101,102,stock,stock,4,,SUCCESS,1,6.16,6.02,11,616,3.5773,508,
P16,100,0.10101010101010101,102,stock,stock,5,,SUCCESS,1,6.03,5.79,12,603,2.9441,508,
P16,100,0.10101010101010101,102,boltz-2.0,root,6,2.0,SUCCESS,1,6.37,6.07,13,637,2.2629,508,
P16,100,0.10101010101010101,102,boltz-8.0,root,2,8.0,SUCCESS,1,6.24,5.99,12,624,4.313,508,
P16,100,0.10101010101010101,102,beta-16.0,beta,4,16.0,SUCCESS,1,6.16,6.02,11,616,3.5565,508,
P16,100,0.10101010101010101,101,beta-dhat,beta,10,5.0,SUCCESS,1,5.18,5.05,9,518,8.0712,498,
P16,100,0.10101010101010101,102,stock,stock,0,,SUCCESS,1,5.99,5.77,11,599,5.8914,508,
P16,100,0.10101010101010101,102,beta-16.0,beta,5,16.0,SUCCESS,1,6.03,5.79,12,603,2.935,508,
P16,100,0.10101010101010101,102,beta-16.0,beta,0,16.0,SUCCESS,1,5.99,5.77,11,599,5.8835,508,
P16,100,0.10101010101010101,101,boltz-8.0,root,11,8.0,SUCCESS,1,5.6,5.51,10,560,8.1107,498,
P16,100,0.10101010101010101,102,boltz-8.0,root,3,8.0,SUCCESS,1,6.07,5.86,12,607,4.4172,508,
P16,100,0.10101010101010101,102,boltz-2.0,root,4,2.0,SUCCESS,1,5.87,5.7,11,587,3.9914,508,
P16,100,0.10101010101010101,101,stock,stock,14,,SUCCESS,1,5.53,5.39,11,553,7.1447,498,
P16,100,0.10101010101010101,102,boltz-2.0,root,0,2.0,SUCCESS,1,5.42,5.29,10,542,6.4821,508,
P16,100,0.10101010101010101,102,boltz-2.0,root,5,2.0,SUCCESS,1,5.86,5.7,12,586,4.1073,508,
P16,100,0.10101010101010101,102,boltz-2.0,root,3,2.0,SUCCESS,1,5.49,5.31,10,549,5.163,508,
P16,100,0.10101010101010101,102,boltz-2.0,root,1,2.0,SUCCESS,1,5.4,5.28,10,540,6.5516,508,
P16,100,0.10101010101010101,102,tree-sph,tree,5,2,SUCCESS,1,5.64,5.6,10,564,4.2147,508,
P16,100,0.10101010101010101,102,stock,stock,3,,SUCCESS,1,5.59,5.42,10,559,5.4067,508,
P16,100,0.10101010101010101,102,stock,stock,7,,SUCCESS,1,6.2,6.02,11,620,3.1415,508,
P16,100,0.10101010101010101,102,beta-16.0,beta,3,16.0,SUCCESS,1,5.59,5.42,10,559,5.3866,508,
P16,100,0.10101010101010101,102,beta-16.0,beta,7,16.0,SUCCESS,1,6.2,6.02,11,620,3.1562,508,
P16,100,0.10101010101010101,102,tree-sph,tree,8,2,SUCCESS,1,5.26,5.19,10,526,2.6011,508,
P16,100,0.10101010101010101,102,beta-dhat,beta,4,4.0,SUCCESS,1,5.95,5.75,12,595,4.9029,508,
P16,100,0.10101010101010101,102,tree-sph,tree,7,2,SUCCESS,1,5.85,5.75,11,585,3.8588,508,
P16,100,0.10101010101010101,102,boltz-8.0,root,8,8.0,SUCCESS,1,6.51,6.17,13,651,2.9554,508,
P16,100,0.10101010101010101,102,stock,stock,6,,SUCCESS,1,5.64,5.41,11,564,4.8611,508,
P16,100,0.10101010101010101,102,stock,stock,2,,SUCCESS,1,5.48,5.34,10,548,6.8903,508,
P16,100,0.10101010101010101,102,boltz-2.0,root,7,2.0,SUCCESS,1,6.04,5.85,11,604,4.0729,508,
P16,100,0.10101010101010101,102,beta-16.0,beta,2,16.0,SUCCESS,1,5.48,5.34,10,548,7.0082,508,
P16,100,0.10101010101010101,102,boltz-8.0,root,6,8.0,SUCCESS,1,5.57,5.44,10,557,5.0815,508,
P16,100,0.10101010101010101,102,boltz-8.0,root,5,8.0,SUCCESS,1,5.97,5.76,11,597,5.8312,508,
P16,100,0.10101010101010101,102,beta-dhat,beta,1,4.0,SUCCESS,1,5.65,5.51,11,565,7.7417,508,
P16,100,0.10101010101010101,102,tree-sph,tree,9,2,SUCCESS,1,5.52,5.39,11,552,3.7826,508,
P16,100,0.10101010101010101,102,boltz-8.0,root,9,8.0,SUCCESS,1,6.16,5.97,11,616,3.6061,508,
P16,100,0.10101010101010101,102,stock,stock,11,,SUCCESS,1,6.23,5.94,12,623,3.0541,508,
P16,100,0.10101010101010101,102,boltz-8.0,root,4,8.0,SUCCESS,1,5.92,5.75,11,592,6.9771,508,
P16,100,0.10101010101010101,102,tree-sph,tree,13,2,SUCCESS,1,6.73,6.47,15,673,1.7912,508,
P16,100,0.10101010101010101,102,beta-16.0,beta,6,16.0,SUCCESS,1,5.54,5.37,11,554,5.8605,508,
P16,100,0.10101010101010101,102,tree-sph,tree,10,2,SUCCESS,1,5.56,5.47,12,556,3.5486,508,
P16,100,0.10101010101010101,102,boltz-2.0,root,11,2.0,SUCCESS,1,5.97,5.73,11,597,3.2172,508,
P16,100,0.10101010101010101,102,beta-16.0,beta,11,16.0,SUCCESS,1,6.23,5.94,12,623,3.0452,508,
P16,100,0.10101010101010101,102,stock,stock,8,,SUCCESS,1,5.74,5.55,11,574,4.8504,508,
P16,100,0.10101010101010101,102,beta-16.0,beta,12,16.0,SUCCESS,1,6.07,5.9,10,607,2.6892,508,
P16,100,0.10101010101010101,102,stock,stock,9,,SUCCESS,1,5.6,5.43,10,560,4.5826,508,
P16,100,0.10101010101010101,102,tree-sph,tree,11,2,SUCCESS,1,5.53,5.46,10,553,3.6811,508,
P16,100,0.10101010101010101,102,beta-dhat,beta,7,4.0,SUCCESS,1,5.66,5.43,10,566,5.4237,508,
P16,100,0.10101010101010101,102,boltz-8.0,root,7,8.0,SUCCESS,1,5.92,5.74,11,592,5.8081,508,
P16,100,0.10101010101010101,102,beta-16.0,beta,8,16.0,SUCCESS,1,5.74,5.55,11,574,4.8679,508,
P16,100,0.10101010101010101,102,boltz-2.0,root,10,2.0,SUCCESS,1,6.12,5.93,11,612,4.1063,508,
P16,100,0.10101010101010101,102,beta-16.0,beta,9,16.0,SUCCESS,1,5.6,5.43,10,560,4.4876,508,
P16,100,0.10101010101010101,102,beta-dhat,beta,6,4.0,SUCCESS,1,5.96,5.78,11,596,6.1918,508,
P16,100,0.10101010101010101,102,boltz-8.0,root,11,8.0,SUCCESS,1,6.04,5.83,11,604,3.7724,508,
P16,100,0.10101010101010101,102,stock,stock,10,,SUCCESS,1,5.92,5.68,11,592,4.6904,508,
P16,100,0.10101010101010101,102,tree-sph,tree,14,2,SUCCESS,1,5.78,5.66,11,578,2.39,508,
P16,100,0.10101010101010101,102,beta-16.0,beta,10,16.0,SUCCESS,1,5.92,5.68,11,592,4.6509,508,
P16,100,0.10101010101010101,102,tree-sph,tree,12,2,SUCCESS,1,5.65,5.57,11,565,3.7593,508,
P16,100,0.10101010101010101,102,beta-dhat,beta,5,4.0,SUCCESS,1,5.61,5.39,10,561,7.7476,508,
P16,100,0.10101010101010101,102,beta-dhat,beta,3,4.0,SUCCESS,1,5.53,5.41,10,553,9.0588,508,
P16,100,0.10101010101010101,102,boltz-2.0,root,9,2.0,SUCCESS,1,5.73,5.59,11,573,5.6612,508,
P16,100,0.10101010101010101,103,tree-sph,tree,0,2,SUCCESS,1,5.86,5.75,12,586,2.1047,500,
P16,100,0.10101010101010101,102,boltz-2.0,root,12,2.0,SUCCESS,1,5.47,5.31,10,547,4.2394,508,
P16,100,0.10101010101010101,102,boltz-2.0,root,8,2.0,SUCCESS,1,5.5,5.4,10,550,6.4747,508,
P16,100,0.10101010101010101,102,boltz-2.0,root,13,2.0,SUCCESS,1,5.59,5.47,9,559,4.1486,508,
P16,100,0.10101010101010101,102,stock,stock,12,,SUCCESS,1,5.75,5.57,12,575,4.8426,508,
P16,100,0.10101010101010101,102,beta-dhat,beta,2,4.0,SUCCESS,1,5.28,5.17,9,528,10.1921,508,
P16,100,0.10101010101010101,102,stock,stock,14,,SUCCESS,1,5.53,5.38,11,553,3.7261,508,
P16,100,0.10101010101010101,102,boltz-2.0,root,14,2.0,SUCCESS,1,6.03,5.88,11,603,3.5334,508,
P16,100,0.10101010101010101,102,boltz-8.0,root,12,8.0,SUCCESS,1,5.64,5.47,10,564,5.1609,508,
P16,100,0.10101010101010101,103,boltz-8.0,root,2,8.0,SUCCESS,1,7.38,7.0,15,738,2.3169,500,
P16,100,0.10101010101010101,102,beta-16.0,beta,14,16.0,SUCCESS,1,5.66,5.47,11,566,3.5886,508,
P16,100,0.10101010101010101,103,tree-sph,tree,2,2,SUCCESS,1,5.61,5.52,11,561,2.442,500,
P16,100,0.10101010101010101,102,beta-dhat,beta,12,4.0,SUCCESS,1,5.99,5.7,12,599,5.0876,508,
P16,100,0.10101010101010101,102,boltz-8.0,root,14,8.0,SUCCESS,1,5.98,5.79,10,598,3.8232,508,
P16,100,0.10101010101010101,103,tree-sph,tree,1,2,SUCCESS,1,5.71,5.59,11,571,2.9574,500,
P16,100,0.10101010101010101,102,stock,stock,13,,SUCCESS,1,5.71,5.54,10,571,5.2175,508,
P16,100,0.10101010101010101,103,boltz-2.0,root,0,2.0,SUCCESS,1,6.12,5.93,11,612,3.6368,500,
P16,100,0.10101010101010101,103,stock,stock,0,,SUCCESS,1,6.1,5.95,12,610,3.7747,500,
P16,100,0.10101010101010101,102,boltz-8.0,root,10,8.0,SUCCESS,1,5.59,5.47,10,559,6.9514,508,
P16,100,0.10101010101010101,103,tree-sph,tree,4,2,SUCCESS,1,5.84,5.77,11,584,1.9882,500,
P16,100,0.10101010101010101,102,beta-16.0,beta,13,16.0,SUCCESS,1,5.71,5.54,10,571,5.0313,508,
P16,100,0.10101010101010101,103,beta-16.0,beta,0,16.0,SUCCESS,1,6.1,5.95,12,610,3.7355,500,
P16,100,0.10101010101010101,102,beta-dhat,beta,9,4.0,SUCCESS,1,5.64,5.38,10,564,7.4608,508,
P16,100,0.10101010101010101,103,boltz-2.0,root,2,2.0,SUCCESS,1,5.6,5.48,11,560,3.3501,500,
P16,100,0.10101010101010101,103,stock,stock,4,,SUCCESS,1,6.27,6.11,11,627,2.4689,500,
P16,100,0.10101010101010101,103,tree-sph,tree,3,2,SUCCESS,1,5.86,5.71,11,586,3.1072,500,
P16,100,0.10101010101010101,103,stock,stock,1,,SUCCESS,1,5.6,5.38,11,560,4.1466,500,
P16,100,0.10101010101010101,103,beta-16.0,beta,4,16.0,SUCCESS,1,6.27,6.11,11,627,2.4642,500,
P16,100,0.10101010101010101,103,beta-dhat,beta,2,4.0,SUCCESS,1,5.96,5.72,11,596,3.6644,500,
P16,100,0.10101010101010101,103,beta-16.0,beta,1,16.0,SUCCESS,1,5.94,5.71,10,594,4.1214,500,
P16,100,0.10101010101010101,103,boltz-2.0,root,3,2.0,SUCCESS,1,5.76,5.63,10,576,3.5082,500,
P16,100,0.10101010101010101,103,stock,stock,3,,SUCCESS,1,5.86,5.6,11,586,3.8973,500,
P16,100,0.10101010101010101,103,tree-sph,tree,5,2,SUCCESS,1,6.03,5.89,12,603,2.3965,500,
P16,100,0.10101010101010101,102,boltz-8.0,root,13,8.0,SUCCESS,1,5.64,5.44,11,564,6.3377,508,
P16,100,0.10101010101010101,102,beta-dhat,beta,11,4.0,SUCCESS,1,5.61,5.5,10,561,7.3659,508,
P16,100,0.10101010101010101,103,beta-dhat,beta,1,4.0,SUCCESS,1,5.51,5.37,11,551,4.5978,500,
P16,100,0.10101010101010101,103,boltz-2.0,root,4,2.0,SUCCESS,1,5.93,5.74,11,593,3.3262,500,
P16,100,0.10101010101010101,102,beta-dhat,beta,10,4.0,SUCCESS,1,5.57,5.43,10,557,8.4662,508,
P16,100,0.10101010101010101,103,beta-16.0,beta,3,16.0,SUCCESS,1,5.86,5.6,11,586,3.8847,500,
P16,100,0.10101010101010101,103,stock,stock,5,,SUCCESS,1,6.32,6.1,12,632,3.0293,500,
P16,100,0.10101010101010101,103,beta-dhat,beta,3,4.0,SUCCESS,1,5.88,5.69,11,588,4.0353,500,
P16,100,0.10101010101010101,103,boltz-8.0,root,0,8.0,SUCCESS,1,5.82,5.72,11,582,5.6497,500,
P16,100,0.10101010101010101,102,beta-dhat,beta,13,4.0,SUCCESS,1,5.45,5.26,10,545,7.0329,508,
P16,100,0.10101010101010101,103,tree-sph,tree,7,2,SUCCESS,1,5.86,5.74,11,586,2.2479,500,
P16,100,0.10101010101010101,103,stock,stock,2,,SUCCESS,1,5.55,5.37,10,555,5.1331,500,
P16,100,0.10101010101010101,103,beta-16.0,beta,2,16.0,SUCCESS,1,5.55,5.37,10,555,5.0611,500,
P16,100,0.10101010101010101,103,tree-sph,tree,8,2,SUCCESS,1,5.82,5.6,12,582,2.0289,500,
P16,100,0.10101010101010101,103,stock,stock,6,,SUCCESS,1,5.92,5.7,12,592,3.0307,500,
P16,100,0.10101010101010101,103,beta-16.0,beta,6,16.0,SUCCESS,1,5.92,5.7,12,592,3.0038,500,
P16,100,0.10101010101010101,103,boltz-2.0,root,1,2.0,SUCCESS,1,5.54,5.34,10,554,6.085,500,
P16,100,0.10101010101010101,103,boltz-8.0,root,1,8.0,SUCCESS,1,5.82,5.71,10,582,6.1172,500,
P16,100,0.10101010101010101,103,tree-sph,tree,9,2,SUCCESS,1,6.06,5.98,11,606,2.171,500,
P16,100,0.10101010101010101,103,beta-16.0,beta,5,16.0,SUCCESS,1,6.35,6.08,13,635,3.8294,500,
P16,100,0.10101010101010101,103,beta-dhat,beta,5,4.0,SUCCESS,1,6.06,5.86,13,606,3.7576,500,
P16,100,0.10101010101010101,103,boltz-2.0,root,7,2.0,SUCCESS,1,6.3,6.13,11,630,3.1593,500,
P16,100,0.10101010101010101,103,tree-sph,tree,6,2,SUCCESS,1,5.68,5.53,11,568,3.7488,500,
P16,100,0.10101010101010101,103,beta-16.0,beta,8,16.0,SUCCESS,1,6.15,5.89,12,615,2.7019,500,
P16,100,0.10101010101010101,103,boltz-2.0,root,8,2.0,SUCCESS,1,5.75,5.56,11,575,2.9644,500,
P16,100,0.10101010101010101,103,boltz-8.0,root,8,8.0,SUCCESS,1,5.82,5.66,11,582,2.9893,500,
P16,100,0.10101010101010101,103,beta-dhat,beta,0,4.0,SUCCESS,1,5.84,5.62,11,584,6.985,500,
P16,100,0.10101010101010101,103,tree-sph,tree,10,2,SUCCESS,1,5.51,5.4,11,551,2.2816,500,
P16,100,0.10101010101010101,103,beta-dhat,beta,4,4.0,SUCCESS,1,5.66,5.5,11,566,5.254,500,
P16,100,0.10101010101010101,102,beta-dhat,beta,14,4.0,SUCCESS,1,5.87,5.64,11,587,7.8137,508,
P16,100,0.10101010101010101,103,stock,stock,8,,SUCCESS,1,5.58,5.45,10,558,3.8194,500,
P16,100,0.10101010101010101,103,beta-dhat,beta,6,4.0,SUCCESS,1,5.74,5.57,11,574,4.4848,500,
P16,100,0.10101010101010101,103,boltz-8.0,root,4,8.0,SUCCESS,1,5.96,5.79,11,596,5.7634,500,
P16,100,0.10101010101010101,103,tree-sph,tree,11,2,SUCCESS,1,5.85,5.74,12,585,2.2921,500,
P16,100,0.10101010101010101,103,boltz-8.0,root,7,8.0,SUCCESS,1,5.79,5.65,11,579,4.2244,500,
P16,100,0.10101010101010101,103,boltz-8.0,root,10,8.0,SUCCESS,1,6.51,6.28,13,651,2.6869,500,
P16,100,0.10101010101010101,103,boltz-8.0,root,5,8.0,SUCCESS,1,5.47,5.38,10,547,5.4903,500,
P16,100,0.10101010101010101,103,stock,stock,10,,SUCCESS,1,5.67,5.49,11,567,3.1444,500,
P16,100,0.10101010101010101,103,tree-sph,tree,12,2,SUCCESS,1,6.0,5.91,13,600,2.3359,500,
P16,100,0.10101010101010101,103,boltz-8.0,root,3,8.0,SUCCESS,1,5.71,5.52,10,571,7.0221,500,
P16,100,0.10101010101010101,103,boltz-8.0,root,6,8.0,SUCCESS,1,6.03,5.81,11,603,5.2335,500,
P16,100,0.10101010101010101,103,beta-16.0,beta,10,16.0,SUCCESS,1,5.67,5.49,11,567,3.1496,500,
P16,100,0.10101010101010101,103,boltz-2.0,root,10,2.0,SUCCESS,1,6.31,5.98,12,631,3.4291,500,
P16,100,0.10101010101010101,103,stock,stock,7,,SUCCESS,1,5.58,5.44,10,558,5.3305,500,
P16,100,0.10101010101010101,103,stock,stock,12,,SUCCESS,1,6.27,6.07,11,627,2.9922,500,
P16,100,0.10101010101010101,103,beta-dhat,beta,7,4.0,SUCCESS,1,5.84,5.67,11,584,5.0734,500,
P16,100,0.10101010101010101,103,beta-16.0,beta,11,16.0,SUCCESS,1,6.32,6.1,12,632,3.1874,500,
P16,100,0.10101010101010101,103,beta-16.0,beta,7,16.0,SUCCESS,1,5.58,5.44,10,558,5.274,500,
P16,100,0.10101010101010101,103,stock,stock,9,,SUCCESS,1,5.57,5.42,10,557,4.549,500,
P16,100,0.10101010101010101,103,boltz-8.0,root,9,8.0,SUCCESS,1,6.22,5.93,12,622,4.3588,500,
P16,100,0.10101010101010101,103,boltz-2.0,root,6,2.0,SUCCESS,1,5.61,5.49,10,561,5.9553,500,
P16,100,0.10101010101010101,103,boltz-2.0,root,5,2.0,SUCCESS,1,5.54,5.38,10,554,6.6357,500,
P16,100,0.10101010101010101,103,beta-16.0,beta,9,16.0,SUCCESS,1,5.57,5.42,10,557,4.6062,500,
P16,100,0.10101010101010101,103,beta-dhat,beta,10,4.0,SUCCESS,1,5.88,5.71,11,588,4.1835,500,
P16,100,0.10101010101010101,103,stock,stock,11,,SUCCESS,1,6.04,5.86,11,604,4.0855,500,
P16,100,0.10101010101010101,103,boltz-8.0,root,11,8.0,SUCCESS,1,5.67,5.6,11,567,3.7988,500,
P16,100,0.10101010101010101,103,beta-dhat,beta,8,4.0,SUCCESS,1,5.44,5.34,10,544,5.2052,500,
P16,100,0.10101010101010101,103,tree-sph,tree,14,2,SUCCESS,1,5.8,5.64,11,580,2.514,500,
P16,100,0.10101010101010101,103,tree-sph,tree,13,2,SUCCESS,1,5.77,5.72,11,577,3.165,500,
P16,100,0.10101010101010101,102,beta-dhat,beta,8,4.0,SUCCESS,1,6.15,5.9,12,615,13.9559,508,
P16,100,0.10101010101010101,103,stock,stock,13,,SUCCESS,1,5.82,5.65,11,582,3.2212,500,
P16,100,0.10101010101010101,103,boltz-2.0,root,14,2.0,SUCCESS,1,5.6,5.49,11,560,3.0921,500,
P16,100,0.10101010101010101,103,beta-16.0,beta,12,16.0,SUCCESS,1,5.86,5.75,11,586,3.7753,500,
P16,100,0.10101010101010101,103,beta-16.0,beta,13,16.0,SUCCESS,1,5.64,5.49,10,564,3.5864,500,
P16,100,0.10101010101010101,103,boltz-2.0,root,9,2.0,SUCCESS,1,5.72,5.56,10,572,5.8466,500,
P16,100,0.10101010101010101,103,boltz-2.0,root,13,2.0,SUCCESS,1,5.78,5.64,11,578,3.7943,500,
P16,100,0.10101010101010101,103,beta-dhat,beta,9,4.0,SUCCESS,1,6.03,5.85,12,603,5.6881,500,
P16,100,0.10101010101010101,104,tree-sph,tree,0,2,SUCCESS,1,5.51,5.4,10,551,2.9755,495,
P16,100,0.10101010101010101,103,boltz-8.0,root,13,8.0,SUCCESS,1,5.81,5.69,11,581,3.9812,500,
P16,100,0.10101010101010101,104,tree-sph,tree,1,2,SUCCESS,1,5.93,5.9,11,593,2.6788,495,
P16,100,0.10101010101010101,103,beta-dhat,beta,13,4.0,SUCCESS,1,5.89,5.72,12,589,4.0657,500,
P16,100,0.10101010101010101,103,stock,stock,14,,SUCCESS,1,5.51,5.42,9,551,4.0695,500,
P16,100,0.10101010101010101,104,stock,stock,1,,SUCCESS,1,5.92,5.7,10,592,3.0268,495,
P16,100,0.10101010101010101,103,boltz-2.0,root,11,2.0,SUCCESS,1,5.61,5.41,10,561,5.4603,500,
P16,100,0.10101010101010101,103,boltz-8.0,root,12,8.0,SUCCESS,1,5.99,5.86,11,599,5.0306,500,
P16,100,0.10101010101010101,104,boltz-8.0,root,0,8.0,SUCCESS,1,6.32,6.12,12,632,3.4387,495,
P16,100,0.10101010101010101,103,beta-16.0,beta,14,16.0,SUCCESS,1,5.51,5.42,9,551,4.0233,500,
P16,100,0.10101010101010101,104,stock,stock,3,,SUCCESS,1,6.39,6.21,12,639,2.6153,495,
P16,100,0.10101010101010101,104,boltz-2.0,root,1,2.0,SUCCESS,1,5.7,5.48,11,570,3.5625,495,
P16,100,0.10101010101010101,104,boltz-2.0,root,2,2.0,SUCCESS,1,5.92,5.72,12,592,2.9863,495,
P16,100,0.10101010101010101,104,beta-16.0,beta,3,16.0,SUCCESS,1,6.39,6.21,12,639,2.6374,495,
P16,100,0.10101010101010101,104,tree-sph,tree,2,2,SUCCESS,1,5.56,5.5,11,556,3.2781,495,
P16,100,0.10101010101010101,103,boltz-2.0,root,12,2.0,SUCCESS,1,5.93,5.71,11,593,6.0206,500,
P16,100,0.10101010101010101,103,boltz-8.0,root,14,8.0,SUCCESS,1,5.58,5.43,10,558,4.9544,500,
P16,100,0.10101010101010101,104,stock,stock,0,,SUCCESS,1,5.65,5.46,10,565,4.7577,495,
P16,100,0.10101010101010101,104,boltz-2.0,root,0,2.0,SUCCESS,1,5.61,5.52,10,561,4.7805,495,
P16,100,0.10101010101010101,104,beta-16.0,beta,0,16.0,SUCCESS,1,5.59,5.38,10,559,4.7227,495,
P16,100,0.10101010101010101,104,stock,stock,4,,SUCCESS,1,5.67,5.45,10,567,3.1019,495,
P16,100,0.10101010101010101,104,boltz-8.0,root,2,8.0,SUCCESS,1,5.79,5.53,11,579,3.902,495,
P16,100,0.10101010101010101,104,boltz-2.0,root,4,2.0,SUCCESS,1,6.1,5.84,11,610,3.1943,495,
P16,100,0.10101010101010101,104,beta-16.0,beta,1,16.0,SUCCESS,1,5.67,5.54,10,567,4.5181,495,
P16,100,0.10101010101010101,104,tree-sph,tree,5,2,SUCCESS,1,5.76,5.66,11,576,2.8402,495,
P16,100,0.10101010101010101,104,tree-sph,tree,3,2,SUCCESS,1,5.65,5.54,11,565,4.0393,495,
P16,100,0.10101010101010101,104,tree-sph,tree,6,2,SUCCESS,1,6.07,5.93,13,607,2.4525,495,
P16,100,0.10101010101010101,104,tree-sph,tree,7,2,SUCCESS,1,6.27,6.16,12,627,2.0713,495,
P16,100,0.10101010101010101,104,boltz-8.0,root,1,8.0,SUCCESS,1,5.81,5.62,11,581,4.9138,495,
P16,100,0.10101010101010101,104,beta-dhat,beta,0,4.0,SUCCESS,1,5.74,5.6,11,574,5.3377,495,
P16,100,0.10101010101010101,104,tree-sph,tree,4,2,SUCCESS,1,5.86,5.73,11,586,3.7035,495,
P16,100,0.10101010101010101,104,boltz-2.0,root,3,2.0,SUCCESS,1,5.45,5.36,10,545,4.4032,495,
P16,100,0.10101010101010101,104,boltz-8.0,root,5,8.0,SUCCESS,1,6.29,5.99,13,629,3.0317,495,
P16,100,0.10101010101010101,104,stock,stock,5,,SUCCESS,1,5.88,5.74,12,588,3.6309,495,
P16,100,0.10101010101010101,104,beta-dhat,beta,3,4.0,SUCCESS,1,6.2,5.84,13,620,4.0211,495,
P16,100,0.10101010101010101,104,stock,stock,7,,SUCCESS,1,6.34,6.09,12,634,2.4249,495,
P16,100,0.10101010101010101,104,stock,stock,2,,SUCCESS,1,6.22,6.05,11,622,4.9568,495,
P16,100,0.10101010101010101,104,boltz-2.0,root,5,2.0,SUCCESS,1,5.7,5.53,11,570,3.3863,495,
P16,100,0.10101010101010101,104,beta-16.0,beta,2,16.0,SUCCESS,1,6.22,6.05,11,622,4.8987,495,
P16,100,0.10101010101010101,104,boltz-8.0,root,3,8.0,SUCCESS,1,5.72,5.63,11,572,5.0398,495,
P16,100,0.10101010101010101,104,beta-16.0,beta,5,16.0,SUCCESS,1,5.93,5.78,11,593,4.0284,495,
P16,100,0.10101010101010101,103,beta-dhat,beta,12,4.0,SUCCESS,1,5.55,5.43,11,555,8.1698,500,
P16,100,0.10101010101010101,104,beta-dhat,beta,2,4.0,SUCCESS,1,5.82,5.66,11,582,5.8069,495,
P16,100,0.10101010101010101,104,stock,stock,6,,SUCCESS,1,5.72,5.54,11,572,4.3555,495,
P16,100,0.10101010101010101,104,tree-sph,tree,8,2,SUCCESS,1,5.66,5.54,12,566,3.2313,495,
P16,100,0.10101010101010101,104,boltz-2.0,root,8,2.0,SUCCESS,1,5.59,5.46,10,559,3.1717,495,
P16,100,0.10101010101010101,104,tree-sph,tree,9,2,SUCCESS,1,5.75,5.65,11,575,2.6816,495,
P16,100,0.10101010101010101,104,beta-dhat,beta,1,4.0,SUCCESS,1,5.48,5.32,9,548,6.7835,495,
P16,100,0.10101010101010101,104,beta-dhat,beta,4,4.0,SUCCESS,1,5.6,5.48,10,560,5.432,495,
P16,100,0.10101010101010101,104,beta-16.0,beta,7,16.0,SUCCESS,1,6.12,5.88,11,612,3.9477,495,
P16,100,0.10101010101010101,103,beta-dhat,beta,11,4.0,SUCCESS,1,5.34,5.18,10,534,9.6443,500,
P16,100,0.10101010101010101,104,beta-16.0,beta,6,16.0,SUCCESS,1,5.83,5.74,10,583,4.6075,495,
P16,100,0.10101010101010101,104,boltz-8.0,root,9,8.0,SUCCESS,1,6.04,5.8,12,604,3.0393,495,
P16,100,0.10101010101010101,104,stock,stock,10,,SUCCESS,1,6.02,5.83,11,602,2.7883,495,
P16,100,0.10101010101010101,104,beta-16.0,beta,4,16.0,SUCCESS,1,5.53,5.4,11,553,5.8922,495,
P16,100,0.10101010101010101,103,beta-dhat,beta,14,4.0,SUCCESS,1,5.55,5.4,10,555,8.3173,500,
P16,100,0.10101010101010101,104,beta-16.0,beta,10,16.0,SUCCESS,1,6.02,5.83,11,602,2.8102,495,
P16,100,0.10101010101010101,104,boltz-8.0,root,4,8.0,SUCCESS,1,5.39,5.29,9,539,6.4706,495,
P16,100,0.10101010101010101,104,tree-sph,tree,10,2,SUCCESS,1,5.79,5.68,10,579,3.0514,495,
P16,100,0.10101010101010101,104,boltz-8.0,root,8,8.0,SUCCESS,1,5.74,5.54,11,574,4.1673,495,
P16,100,0.10101010101010101,104,stock,stock,11,,SUCCESS,1,6.24,5.93,12,624,2.9666,495,
P16,100,0.10101010101010101,104,boltz-2.0,root,10,2.0,SUCCESS,1,5.8,5.64,10,580,3.1537,495,
P16,100,0.10101010101010101,104,stock,stock,12,,SUCCESS,1,5.89,5.75,11,589,2.6942,495,
P16,100,0.10101010101010101,104,boltz-2.0,root,9,2.0,SUCCESS,1,5.69,5.55,10,569,3.8725,495,
P16,100,0.10101010101010101,104,beta-16.0,beta,8,16.0,SUCCESS,1,5.85,5.66,12,585,4.3626,495,
P16,100,0.10101010101010101,104,beta-16.0,beta,11,16.0,SUCCESS,1,6.24,5.93,12,624,2.9951,495,
P16,100,0.10101010101010101,104,tree-sph,tree,13,2,SUCCESS,1,5.96,5.81,12,596,1.9366,495,
P16,100,0.10101010101010101,104,beta-dhat,beta,9,4.0,SUCCESS,1,5.96,5.68,11,596,4.1353,495,
P16,100,0.10101010101010101,104,beta-16.0,beta,12,16.0,SUCCESS,1,5.89,5.75,11,589,2.7113,495,
P16,100,0.10101010101010101,104,beta-dhat,beta,8,4.0,SUCCESS,1,5.68,5.53,10,568,4.7343,495,
P16,100,0.10101010101010101,104,boltz-2.0,root,6,2.0,SUCCESS,1,5.52,5.38,10,552,6.3731,495,
P16,100,0.10101010101010101,104,stock,stock,13,,SUCCESS,1,6.15,5.96,12,615,2.6454,495,
P16,100,0.10101010101010101,104,tree-sph,tree,11,2,SUCCESS,1,5.42,5.29,11,542,4.1661,495,
P16,100,0.10101010101010101,104,stock,stock,9,,SUCCESS,1,5.69,5.52,10,569,5.1122,495,
P16,100,0.10101010101010101,104,boltz-2.0,root,12,2.0,SUCCESS,1,5.92,5.76,12,592,4.0127,495,
P16,100,0.10101010101010101,104,beta-dhat,beta,10,4.0,SUCCESS,1,5.61,5.42,10,561,4.3996,495,
P16,100,0.10101010101010101,104,stock,stock,8,,SUCCESS,1,5.57,5.42,10,557,5.9653,495,
P16,100,0.10101010101010101,104,beta-dhat,beta,5,4.0,SUCCESS,1,5.8,5.63,12,580,7.1871,495,
P16,100,0.10101010101010101,104,boltz-8.0,root,10,8.0,SUCCESS,1,5.81,5.59,10,581,4.5721,495,
P16,100,0.10101010101010101,104,beta-dhat,beta,7,4.0,SUCCESS,1,5.27,5.16,9,527,6.1216,495,
P16,100,0.10101010101010101,104,beta-16.0,beta,9,16.0,SUCCESS,1,5.69,5.52,10,569,5.0909,495,
P16,100,0.10101010101010101,104,boltz-8.0,root,6,8.0,SUCCESS,1,5.69,5.56,10,569,7.1091,495,
P16,100,0.10101010101010101,104,beta-dhat,beta,6,4.0,SUCCESS,1,6.02,5.9,10,602,6.9308,495,
P16,100,0.10101010101010101,104,beta-16.0,beta,13,16.0,SUCCESS,1,5.95,5.72,12,595,2.8742,495,
P16,100,0.10101010101010101,104,stock,stock,14,,SUCCESS,1,6.06,5.91,11,606,2.8852,495,
P16,100,0.10101010101010101,104,boltz-2.0,root,13,2.0,SUCCESS,1,5.86,5.7,12,586,3.1656,495,
P16,100,0.10101010101010101,104,beta-dhat,beta,12,4.0,SUCCESS,1,5.66,5.52,11,566,3.8423,495,
P16,100,0.10101010101010101,104,tree-sph,tree,14,2,SUCCESS,1,5.83,5.73,12,583,3.2004,495,
P16,100,0.10101010101010101,104,boltz-8.0,root,13,8.0,SUCCESS,1,6.15,5.94,11,615,3.5068,495,
P16,100,0.10101010101010101,104,boltz-2.0,root,11,2.0,SUCCESS,1,6.07,5.92,11,607,5.1351,495,
P16,100,0.10101010101010101,105,tree-sph,tree,0,2,SUCCESS,1,5.69,5.56,11,569,3.2431,522,
P16,100,0.10101010101010101,104,tree-sph,tree,12,2,SUCCESS,1,5.45,5.38,10,545,5.39,495,
P16,100,0.10101010101010101,104,boltz-2.0,root,7,2.0,SUCCESS,1,5.35,5.26,9,535,7.811,495,
P16,100,0.10101010101010101,104,boltz-2.0,root,14,2.0,SUCCESS,1,5.65,5.47,11,565,3.6799,495,
P16,100,0.10101010101010101,105,boltz-2.0,root,1,2.0,SUCCESS,1,6.63,6.37,13,663,3.0078,522,
P16,100,0.10101010101010101,105,stock,stock,2,,SUCCESS,1,6.83,6.49,13,683,2.984,522,
P16,100,0.10101010101010101,104,boltz-8.0,root,7,8.0,SUCCESS,1,5.46,5.36,10,546,8.2381,495,
P16,100,0.10101010101010101,105,stock,stock,0,,SUCCESS,1,6.13,5.89,12,613,3.991,522,
P16,100,0.10101010101010101,105,boltz-2.0,root,0,2.0,SUCCESS,1,5.84,5.59,11,584,3.9339,522,
P16,100,0.10101010101010101,105,beta-16.0,beta,0,16.0,SUCCESS,1,6.13,5.89,12,613,3.8863,522,
P16,100,0.10101010101010101,105,tree-sph,tree,1,2,SUCCESS,1,6.16,6.04,12,616,3.7362,522,
P16,100,0.10101010101010101,104,boltz-8.0,root,12,8.0,SUCCESS,1,5.7,5.58,11,570,6.1498,495,
P16,100,0.10101010101010101,105,tree-sph,tree,2,2,SUCCESS,1,5.95,5.83,11,595,3.357,522,
P16,100,0.10101010101010101,104,beta-dhat,beta,11,4.0,SUCCESS,1,5.7,5.59,10,570,6.8159,495,
P16,100,0.10101010101010101,105,tree-sph,tree,4,2,SUCCESS,1,5.81,5.67,11,581,2.6089,522,
P16,100,0.10101010101010101,105,beta-16.0,beta,1,16.0,SUCCESS,1,6.04,5.86,12,604,3.9631,522,
P16,100,0.10101010101010101,104,beta-16.0,beta,14,16.0,SUCCESS,1,5.6,5.42,11,560,5.0658,495,
P16,100,0.10101010101010101,104,boltz-8.0,root,14,8.0,SUCCESS,1,6.02,5.85,11,602,5.2382,495,
P16,100,0.10101010101010101,105,stock,stock,1,,SUCCESS,1,6.07,5.9,11,607,4.649,522,
P16,100,0.10101010101010101,104,beta-dhat,beta,14,4.0,SUCCESS,1,5.77,5.61,12,577,5.2119,495,
P16,100,0.10101010101010101,105,stock,stock,4,,SUCCESS,1,6.18,5.95,11,618,3.6184,522,
P16,100,0.10101010101010101,105,boltz-2.0,root,4,2.0,SUCCESS,1,6.02,5.77,11,602,3.5849,522,
P16,100,0.10101010101010101,105,tree-sph,tree,5,2,SUCCESS,1,5.75,5.63,11,575,3.2909,522,
P16,100,0.10101010101010101,105,beta-16.0,beta,2,16.0,SUCCESS,1,6.13,5.85,12,613,4.4701,522,
P16,100,0.10101010101010101,105,beta-16.0,beta,4,16.0,SUCCESS,1,6.18,5.95,11,618,3.6559,522,
P16,100,0.10101010101010101,105,boltz-8.0,root,1,8.0,SUCCESS,1,6.25,5.99,12,625,5.4377,522,
P16,100,0.10101010101010101,105,tree-sph,tree,6,2,SUCCESS,1,6.23,6.15,12,623,2.935,522,
P16,100,0.10101010101010101,105,tree-sph,tree,3,2,SUCCESS,1,5.39,5.28,10,539,4.5632,522,
P16,100,0.10101010101010101,104,beta-dhat,beta,13,4.0,SUCCESS,1,5.84,5.65,12,584,7.0786,495,
P16,100,0.10101010101010101,105,boltz-2.0,root,6,2.0,SUCCESS,1,6.01,5.79,11,601,3.3569,522,
P16,100,0.10101010101010101,105,beta-dhat,beta,1,4.0,SUCCESS,1,6.0,5.68,11,600,6.0035,522,
P16,100,0.10101010101010101,105,stock,stock,6,,SUCCESS,1,6.35,6.13,12,635,3.9086,522,
P16,100,0.10101010101010101,105,beta-16.0,beta,5,16.0,SUCCESS,1,5.95,5.74,12,595,4.1658,522,
P16,100,0.10101010101010101,105,boltz-8.0,root,0,8.0,SUCCESS,1,5.66,5.54,10,566,6.6644,522,
P16,100,0.10101010101010101,105,boltz-2.0,root,2,2.0,SUCCESS,1,5.79,5.63,10,579,5.8551,522,
P16,100,0.10101010101010101,105,tree-sph,tree,8,2,SUCCESS,1,6.07,5.98,11,607,2.7293,522,
P16,100,0.10101010101010101,105,boltz-2.0,root,5,2.0,SUCCESS,1,6.02,5.88,11,602,4.7226,522,
P16,100,0.10101010101010101,105,stock,stock,3,,SUCCESS,1,5.68,5.55,11,568,5.5419,522,
P16,100,0.10101010101010101,104,boltz-8.0,root,11,8.0,SUCCESS,1,5.48,5.4,9,548,9.5114,495,
P16,100,0.10101010101010101,105,beta-16.0,beta,3,16.0,SUCCESS,1,5.68,5.55,11,568,5.5256,522,
P16,100,0.10101010101010101,105,beta-dhat,beta,0,4.0,SUCCESS,1,6.04,5.85,11,604,7.14,522,
P16,100,0.10101010101010101,105,beta-16.0,beta,6,16.0,SUCCESS,1,6.19,5.99,11,619,4.2332,522,
P16,100,0.10101010101010101,105,boltz-8.0,root,4,8.0,SUCCESS,1,5.98,5.84,10,598,5.5213,522,
P16,100,0.10101010101010101,105,boltz-8.0,root,6,8.0,SUCCESS,1,5.93,5.73,11,593,4.4631,522,
P16,100,0.10101010101010101,105,stock,stock,5,,SUCCESS,1,5.61,5.48,11,561,5.4779,522,
P16,100,0.10101010101010101,105,tree-sph,tree,7,2,SUCCESS,1,5.82,5.72,12,582,3.9746,522,
P16,100,0.10101010101010101,105,stock,stock,8,,SUCCESS,1,6.56,6.27,12,656,3.4978,522,
P16,100,0.10101010101010101,105,boltz-2.0,root,7,2.0,SUCCESS,1,5.93,5.65,11,593,3.8975,522,
P16,100,0.10101010101010101,105,stock,stock,7,,SUCCESS,1,6.16,5.97,12,616,4.1335,522,
P16,100,0.10101010101010101,105,tree-sph,tree,9,2,SUCCESS,1,5.95,5.82,11,595,2.9955,522,
P16,100,0.10101010101010101,105,stock,stock,9,,SUCCESS,1,6.01,5.85,11,601,3.242,522,
P16,100,0.10101010101010101,105,tree-sph,tree,10,2,SUCCESS,1,5.98,5.84,13,598,2.3783,522,
P16,100,0.10101010101010101,105,beta-dhat,beta,3,4.0,SUCCESS,1,6.64,6.35,14,664,6.2783,522,
P16,100,0.10101010101010101,105,boltz-2.0,root,9,2.0,SUCCESS,1,6.15,5.88,12,615,3.1459,522,
P16,100,0.10101010101010101,105,boltz-8.0,root,3,8.0,SUCCESS,1,5.86,5.68,10,586,6.5727,522,
P16,100,0.10101010101010101,105,boltz-8.0,root,5,8.0,SUCCESS,1,5.76,5.58,10,576,5.9571,522,
P16,100,0.10101010101010101,105,beta-dhat,beta,5,4.0,SUCCESS,1,6.03,5.87,12,603,5.7912,522,
P16,100,0.10101010101010101,105,stock,stock,10,,SUCCESS,1,6.09,5.92,11,609,3.376,522,
P16,100,0.10101010101010101,105,beta-16.0,beta,8,16.0,SUCCESS,1,6.05,5.87,12,605,4.5207,522,
P16,100,0.10101010101010101,105,tree-sph,tree,12,2,SUCCESS,1,6.16,6.0,13,616,2.3417,522,
P16,100,0.10101010101010101,105,boltz-2.0,root,8,2.0,SUCCESS,1,6.04,5.85,11,604,4.9446,522,
P16,100,0.10101010101010101,105,boltz-2.0,root,3,2.0,SUCCESS,1,6.1,5.86,11,610,7.8519,522,
P16,100,0.10101010101010101,105,beta-dhat,beta,2,4.0,SUCCESS,1,5.68,5.44,11,568,8.148,522,
P16,100,0.10101010101010101,105,tree-sph,tree,14,2,SUCCESS,1,6.97,6.72,16,697,1.6948,522,
P16,100,0.10101010101010101,105,boltz-2.0,root,11,2.0,SUCCESS,1,6.21,5.94,13,621,2.969,522,
P16,100,0.10101010101010101,105,tree-sph,tree,13,2,SUCCESS,1,5.88,5.81,12,588,2.1406,522,
P16,100,0.10101010101010101,105,tree-sph,tree,11,2,SUCCESS,1,6.01,5.78,12,601,3.0181,522,
P16,100,0.10101010101010101,105,boltz-8.0,root,7,8.0,SUCCESS,1,6.04,5.8,12,604,5.9084,522,
P16,100,0.10101010101010101,105,stock,stock,11,,SUCCESS,1,6.27,6.07,11,627,3.2991,522,
P16,100,0.10101010101010101,105,stock,stock,12,,SUCCESS,1,6.55,6.28,13,655,2.9779,522,
P16,100,0.10101010101010101,105,beta-16.0,beta,7,16.0,SUCCESS,1,6.16,6.0,11,616,5.9352,522,
P16,100,0.10101010101010101,105,beta-16.0,beta,11,16.0,SUCCESS,1,6.27,6.07,11,627,3.2576,522,
P16,100,0.10101010101010101,105,beta-16.0,beta,9,16.0,SUCCESS,1,6.16,6.0,11,616,4.6266,522,
P16,100,0.10101010101010101,105,boltz-2.0,root,13,2.0,SUCCESS,1,6.5,6.21,12,650,2.813,522,
P16,100,0.10101010101010101,105,boltz-8.0,root,2,8.0,SUCCESS,1,5.99,5.8,11,599,9.3895,522,
P16,100,0.10101010101010101,105,boltz-8.0,root,8,8.0,SUCCESS,1,6.0,5.91,10,600,6.2453,522,
P16,100,0.10101010101010101,105,beta-dhat,beta,4,4.0,SUCCESS,1,5.65,5.46,11,565,8.696,522,
P16,100,0.10101010101010101,105,beta-dhat,beta,10,4.0,SUCCESS,1,5.8,5.61,11,580,4.6551,522,
P16,100,0.10101010101010101,105,boltz-2.0,root,12,2.0,SUCCESS,1,6.39,6.15,12,639,4.19,522,
P16,100,0.10101010101010101,105,boltz-2.0,root,10,2.0,SUCCESS,1,5.81,5.66,10,581,5.5099,522,
P16,100,0.10101010101010101,105,beta-dhat,beta,6,4.0,SUCCESS,1,5.73,5.61,11,573,8.1672,522,
P16,100,0.10101010101010101,105,beta-16.0,beta,13,16.0,SUCCESS,1,6.18,6.0,11,618,3.9567,522,
P16,100,0.10101010101010101,105,boltz-8.0,root,11,8.0,SUCCESS,1,6.06,5.88,12,606,4.8877,522,
P16,100,0.10101010101010101,105,beta-dhat,beta,7,4.0,SUCCESS,1,5.63,5.49,11,563,7.7101,522,
P16,100,0.10101010101010101,105,boltz-8.0,root,10,8.0,SUCCESS,1,6.04,5.85,11,604,5.878,522,
P16,100,0.10101010101010101,105,beta-dhat,beta,9,4.0,SUCCESS,1,6.12,5.9,12,612,6.4325,522,
P16,100,0.10101010101010101,105,boltz-8.0,root,14,8.0,SUCCESS,1,6.36,6.01,13,636,4.2353,522,
P16,100,0.10101010101010101,105,beta-16.0,beta,10,16.0,SUCCESS,1,6.04,5.86,12,604,6.2661,522,
P16,100,0.10101010101010101,105,boltz-8.0,root,9,8.0,SUCCESS,1,6.02,5.78,10,602,6.9385,522,
P16,100,0.10101010101010101,105,beta-dhat,beta,8,4.0,SUCCESS,1,6.17,5.93,12,617,7.8077,522,
P16,100,0.10101010101010101,105,stock,stock,14,,SUCCESS,1,6.33,6.03,12,633,4.9464,522,
P16,140,0.07194244604316546,101,tree-sph,tree,0,2,SUCCESS,1,7.8214,7.6429,16,1095,4.3308,691,
P16,100,0.10101010101010101,105,beta-16.0,beta,14,16.0,SUCCESS,1,6.33,6.03,12,633,4.8852,522,
P16,100,0.10101010101010101,105,beta-dhat,beta,11,4.0,SUCCESS,1,5.89,5.75,11,589,6.2232,522,
P16,100,0.10101010101010101,105,beta-16.0,beta,12,16.0,SUCCESS,1,5.63,5.51,10,563,5.9832,522,
P16,100,0.10101010101010101,105,boltz-2.0,root,14,2.0,SUCCESS,1,5.76,5.56,10,576,5.4291,522,
P16,100,0.10101010101010101,105,boltz-8.0,root,13,8.0,SUCCESS,1,5.99,5.86,11,599,5.799,522,
P16,100,0.10101010101010101,105,beta-dhat,beta,14,4.0,SUCCESS,1,5.92,5.8,11,592,5.7612,522,
P16,140,0.07194244604316546,101,boltz-8.0,root,1,8.0,SUCCESS,1,8.0143,7.6643,18,1122,4.6354,691,
P16,100,0.10101010101010101,105,stock,stock,13,,SUCCESS,1,5.47,5.31,10,547,6.6757,522,
P16,140,0.07194244604316546,101,boltz-8.0,root,0,8.0,SUCCESS,1,7.9214,7.5929,16,1109,5.7993,691,
P16,140,0.07194244604316546,101,stock,stock,1,,SUCCESS,1,7.8357,7.5214,17,1097,5.4872,691,
P16,100,0.10101010101010101,105,beta-dhat,beta,12,4.0,SUCCESS,1,5.99,5.82,12,599,7.8676,522,
P16,140,0.07194244604316546,101,boltz-2.0,root,2,2.0,SUCCESS,1,8.0429,7.7643,16,1126,5.6303,691,
P16,140,0.07194244604316546,101,boltz-2.0,root,0,2.0,SUCCESS,1,7.5214,7.2571,14,1053,7.1623,691,
P16,140,0.07194244604316546,101,tree-sph,tree,2,2,SUCCESS,1,7.6143,7.4929,15,1066,5.9402,691,
P16,140,0.07194244604316546,101,beta-16.0,beta,1,16.0,SUCCESS,1,8.1286,7.75,17,1138,6.1923,691,
P16,100,0.10101010101010101,105,boltz-8.0,root,12,8.0,SUCCESS,1,5.77,5.63,11,577,8.7751,522,
P16,140,0.07194244604316546,101,boltz-2.0,root,1,2.0,SUCCESS,1,8.0143,7.6857,16,1122,6.4414,691,
P16,140,0.07194244604316546,101,boltz-8.0,root,4,8.0,SUCCESS,1,8.6143,8.2357,18,1206,4.4123,691,
P16,140,0.07194244604316546,101,tree-sph,tree,4,2,SUCCESS,1,7.35,7.1929,17,1029,4.828,691,
P16,140,0.07194244604316546,101,stock,stock,2,,SUCCESS,1,7.8429,7.5071,16,1098,6.6048,691,
P16,140,0.07194244604316546,101,tree-sph,tree,3,2,SUCCESS,1,7.1429,7.0,16,1000,6.1454,691,
P16,140,0.07194244604316546,101,boltz-8.0,root,2,8.0,SUCCESS,1,8.3071,8.0429,16,1163,6.5854,691,
P16,140,0.07194244604316546,101,tree-sph,tree,1,2,SUCCESS,1,7.0143,6.8357,15,982,7.253,691,
P16,140,0.07194244604316546,101,beta-16.0,beta,3,16.0,SUCCESS,1,7.2071,6.9,14,1009,6.29,691,
P16,140,0.07194244604316546,101,boltz-2.0,root,3,2.0,SUCCESS,1,7.8714,7.6357,15,1102,6.8862,691,
P16,140,0.07194244604316546,101,tree-sph,tree,5,2,SUCCESS,1,7.8071,7.6071,17,1093,5.4652,691,
P16,140,0.07194244604316546,101,tree-sph,tree,6,2,SUCCESS,1,7.6357,7.5,18,1069,5.03,691,
P16,140,0.07194244604316546,101,boltz-2.0,root,4,2.0,SUCCESS,1,7.5857,7.3929,14,1062,6.4816,691,
P16,140,0.07194244604316546,101,beta-16.0,beta,6,16.0,SUCCESS,1,8.5286,8.1,17,1194,4.7427,691,
P16,140,0.07194244604316546,101,beta-16.0,beta,0,16.0,SUCCESS,1,7.8143,7.5286,16,1094,9.2854,691,
P16,140,0.07194244604316546,101,beta-16.0,beta,4,16.0,SUCCESS,1,7.2571,7.0357,16,1016,7.1154,691,
P16,140,0.07194244604316546,101,boltz-2.0,root,5,2.0,SUCCESS,1,6.9786,6.7786,14,977,7.0668,691,
P16,140,0.07194244604316546,101,boltz-8.0,root,3,8.0,SUCCESS,1,7.7857,7.4429,16,1090,8.9811,691,
P16,140,0.07194244604316546,101,boltz-2.0,root,7,2.0,SUCCESS,1,7.9,7.6143,17,1106,5.5812,691,
P16,140,0.07194244604316546,101,tree-sph,tree,7,2,SUCCESS,1,7.2857,7.0429,16,1020,6.1018,691,
P16,140,0.07194244604316546,101,beta-16.0,beta,2,16.0,SUCCESS,1,7.25,7.1,14,1015,9.8013,691,
P16,140,0.07194244604316546,101,stock,stock,5,,SUCCESS,1,7.8,7.4929,17,1092,7.9532,691,
P16,140,0.07194244604316546,101,stock,stock,0,,SUCCESS,1,7.4,7.1286,15,1036,12.2665,691,
P16,140,0.07194244604316546,101,beta-dhat,beta,3,4.0,SUCCESS,1,7.0786,6.8143,14,991,9.6543,691,
P16,140,0.07194244604316546,101,beta-16.0,beta,5,16.0,SUCCESS,1,7.5071,7.1929,15,1051,8.2382,691,
P16,140,0.07194244604316546,101,stock,stock,3,,SUCCESS,1,7.2429,6.9786,15,1014,10.6878,691,
P16,140,0.07194244604316546,101,beta-dhat,beta,4,4.0,SUCCESS,1,7.1786,6.9214,15,1005,9.1679,691,
P16,140,0.07194244604316546,101,tree-sph,tree,10,2,SUCCESS,1,7.6429,7.45,15,1070,4.2533,691,
P16,140,0.07194244604316546,101,boltz-8.0,root,5,8.0,SUCCESS,1,7.8071,7.5286,16,1093,8.6239,691,
P16,140,0.07194244604316546,101,tree-sph,tree,8,2,SUCCESS,1,7.8643,7.6143,16,1101,5.7722,691,
P16,140,0.07194244604316546,101,stock,stock,9,,SUCCESS,1,7.5429,7.2357,17,1056,5.4687,691,
P16,140,0.07194244604316546,101,boltz-8.0,root,7,8.0,SUCCESS,1,7.8714,7.55,16,1102,7.4409,691,
P16,140,0.07194244604316546,101,tree-sph,tree,9,2,SUCCESS,1,7.5571,7.3714,15,1058,5.9941,691,
P16,140,0.07194244604316546,101,beta-dhat,beta,5,4.0,SUCCESS,1,7.4,6.9929,16,1036,9.599,691,
P16,140,0.07194244604316546,101,stock,stock,4,,SUCCESS,1,7.1929,6.9643,15,1007,11.1134,691,
P16,140,0.07194244604316546,101,stock,stock,8,,SUCCESS,1,7.7571,7.4786,17,1086,7.6785,691,
P16,140,0.07194244604316546,101,boltz-2.0,root,6,2.0,SUCCESS,1,7.2214,6.9,14,1011,9.8992,691,
P16,140,0.07194244604316546,101,boltz-2.0,root,10,2.0,SUCCESS,1,7.9357,7.6286,15,1111,5.707,691,
P16,140,0.07194244604316546,101,tree-sph,tree,11,2,SUCCESS,1,7.9571,7.7571,17,1114,5.0137,691,
P16,140,0.07194244604316546,101,beta-16.0,beta,10,16.0,SUCCESS,1,8.1786,7.8786,18,1145,5.8952,691,
P16,140,0.07194244604316546,101,beta-16.0,beta,7,16.0,SUCCESS,1,7.1643,6.9071,15,1003,9.313,691,
P16,140,0.07194244604316546,101,beta-dhat,beta,1,4.0,SUCCESS,1,7.5214,7.2714,15,1053,13.9278,691,
P16,140,0.07194244604316546,101,boltz-2.0,root,8,2.0,SUCCESS,1,7.8786,7.6071,16,1103,8.2587,691,
P16,140,0.07194244604316546,101,beta-dhat,beta,0,4.0,SUCCESS,1,7.3286,7.0071,15,1026,14.634,691,
P16,140,0.07194244604316546,101,boltz-8.0,root,10,8.0,SUCCESS,1,7.4929,7.3143,15,1049,6.753,691,
P16,140,0.07194244604316546,101,boltz-8.0,root,9,8.0,SUCCESS,1,7.3214,7.1071,14,1025,8.1141,691,
P16,140,0.07194244604316546,101,boltz-8.0,root,6,8.0,SUCCESS,1,7.4786,7.2071,15,1047,11.333,691,
P16,140,0.07194244604316546,101,stock,stock,7,,SUCCESS,1,7.2,7.0643,14,1008,10.9362,691,
P16,140,0.07194244604316546,101,stock,stock,11,,SUCCESS,1,8.2,7.8357,17,1148,6.6438,691,
P16,100,0.10101010101010101,105,beta-dhat,beta,13,4.0,SUCCESS,1,5.75,5.57,11,575,17.1223,522,
P16,140,0.07194244604316546,101,boltz-8.0,root,11,8.0,SUCCESS,1,8.0643,7.7643,17,1129,6.0576,691,
P16,140,0.07194244604316546,101,beta-16.0,beta,9,16.0,SUCCESS,1,7.2571,7.0286,15,1016,8.6793,691,
P16,140,0.07194244604316546,101,boltz-8.0,root,12,8.0,SUCCESS,1,8.25,7.9143,17,1155,5.1633,691,
P16,140,0.07194244604316546,101,stock,stock,13,,SUCCESS,1,7.8071,7.3143,17,1093,4.3767,691,
P16,140,0.07194244604316546,101,tree-sph,tree,13,2,SUCCESS,1,7.6429,7.4786,15,1070,4.2995,691,
P16,140,0.07194244604316546,101,beta-dhat,beta,6,4.0,SUCCESS,1,7.0143,6.7929,15,982,12.1005,691,
P16,140,0.07194244604316546,101,tree-sph,tree,12,2,SUCCESS,1,7.6286,7.4071,15,1068,5.8891,691,
P16,140,0.07194244604316546,101,beta-16.0,beta,8,16.0,SUCCESS,1,7.4286,7.1714,15,1040,9.8758,691,
P16,140,0.07194244604316546,101,boltz-2.0,root,12,2.0,SUCCESS,1,7.9786,7.7143,16,1117,6.0427,691,
P16,140,0.07194244604316546,101,boltz-2.0,root,11,2.0,SUCCESS,1,8.1071,7.6786,16,1135,7.6071,691,
P16,140,0.07194244604316546,101,boltz-8.0,root,8,8.0,SUCCESS,1,7.3929,7.1571,15,1035,10.4047,691,
P16,140,0.07194244604316546,101,stock,stock,6,,SUCCESS,1,7.1571,6.9571,14,1002,13.5358,691,
P16,140,0.07194244604316546,101,boltz-8.0,root,13,8.0,SUCCESS,1,8.9214,8.5071,18,1249,5.1521,691,
P16,140,0.07194244604316546,101,boltz-2.0,root,9,2.0,SUCCESS,1,7.6786,7.3571,15,1075,10.1217,691,
P16,140,0.07194244604316546,101,stock,stock,14,,SUCCESS,1,7.9357,7.6143,16,1111,5.0502,691,
P16,140,0.07194244604316546,102,tree-sph,tree,1,2,SUCCESS,1,7.9857,7.7643,17,1118,3.2281,693,
P16,140,0.07194244604316546,101,stock,stock,10,,SUCCESS,1,7.4929,7.1929,16,1049,10.6518,691,
P16,140,0.07194244604316546,101,stock,stock,12,,SUCCESS,1,7.6571,7.3571,15,1072,7.6439,691,
P16,140,0.07194244604316546,101,beta-16.0,beta,13,16.0,SUCCESS,1,7.4143,7.0571,15,1038,6.311,691,
P16,140,0.07194244604316546,101,beta-dhat,beta,9,4.0,SUCCESS,1,7.4571,7.2071,16,1044,12.0684,691,
P16,140,0.07194244604316546,102,tree-sph,tree,0,2,SUCCESS,1,7.2857,7.1286,16,1020,5.6597,693,
P16,140,0.07194244604316546,101,beta-16.0,beta,12,16.0,SUCCESS,1,7.5071,7.0857,17,1051,8.1262,691,
P16,140,0.07194244604316546,101,tree-sph,tree,14,2,SUCCESS,1,7.1929,7.0571,16,1007,7.1907,691,
P16,140,0.07194244604316546,101,beta-16.0,beta,11,16.0,SUCCESS,1,7.2643,7.0429,14,1017,10.1341,691,
P16,140,0.07194244604316546,101,beta-dhat,beta,2,4.0,SUCCESS,1,7.4929,7.2143,17,1049,19.6107,691,
P16,140,0.07194244604316546,101,boltz-8.0,root,14,8.0,SUCCESS,1,7.7571,7.4786,16,1086,7.8811,691,
P16,140,0.07194244604316546,102,stock,stock,1,,SUCCESS,1,7.3786,7.1643,16,1033,6.4055,693,
P16,140,0.07194244604316546,102,boltz-2.0,root,2,2.0,SUCCESS,1,8.3929,8.0643,16,1175,5.3532,693,
P16,140,0.07194244604316546,102,beta-16.0,beta,0,16.0,SUCCESS,1,7.5714,7.3143,15,1060,6.8697,693,
P16,140,0.07194244604316546,101,beta-dhat,beta,12,4.0,SUCCESS,1,7.4214,7.1,17,1039,10.0898,691,
P16,140,0.07194244604316546,102,stock,stock,2,,SUCCESS,1,7.9214,7.6214,16,1109,6.1415,693,
P16,140,0.07194244604316546,101,boltz-2.0,root,14,2.0,SUCCESS,1,7.5643,7.2786,14,1059,8.8322,691,
P16,140,0.07194244604316546,102,beta-16.0,beta,1,16.0,SUCCESS,1,7.3786,7.1643,16,1033,6.4268,693,
P16,140,0.07194244604316546,101,beta-16.0,beta,14,16.0,SUCCESS,1,7.2929,7.0571,15,1021,8.5831,691,
P16,140,0.07194244604316546,102,tree-sph,tree,4,2,SUCCESS,1,7.3286,7.2143,16,1026,4.9422,693,
P16,140,0.07194244604316546,102,beta-16.0,beta,2,16.0,SUCCESS,1,7.9214,7.6214,16,1109,6.0891,693,
P16,140,0.07194244604316546,102,tree-sph,tree,2,2,SUCCESS,1,7.5786,7.4429,15,1061,6.6643,693,
P16,140,0.07194244604316546,102,tree-sph,tree,3,2,SUCCESS,1,7.5214,7.3286,16,1053,6.2911,693,
P16,140,0.07194244604316546,102,beta-16.0,beta,4,16.0,SUCCESS,1,8.4214,8.0,17,1179,5.2718,693,
P16,140,0.07194244604316546,102,boltz-2.0,root,0,2.0,SUCCESS,1,7.6357,7.4357,15,1069,8.8212,693,
P16,140,0.07194244604316546,102,tree-sph,tree,5,2,SUCCESS,1,7.4071,7.2929,14,1037,5.3324,693,
P16,140,0.07194244604316546,102,boltz-2.0,root,3,2.0,SUCCESS,1,7.4143,7.15,15,1038,7.0898,693,
P16,140,0.07194244604316546,102,stock,stock,5,,SUCCESS,1,7.8357,7.4714,16,1097,5.6311,693,
P16,140,0.07194244604316546,101,beta-dhat,beta,14,4.0,SUCCESS,1,7.1929,6.95,14,1007,10.3759,691,
P16,140,0.07194244604316546,102,stock,stock,0,,SUCCESS,1,7.5571,7.3214,15,1058,10.7075,693,
P16,140,0.07194244604316546,102,boltz-8.0,root,4,8.0,SUCCESS,1,7.95,7.6286,16,1113,7.399,693,
P16,140,0.07194244604316546,102,boltz-2.0,root,4,2.0,SUCCESS,1,7.7071,7.3929,15,1079,7.59,693,
P16,140,0.07194244604316546,101,beta-dhat,beta,7,4.0,SUCCESS,1,7.0071,6.7786,14,981,19.4016,691,
P16,140,0.07194244604316546,102,boltz-2.0,root,1,2.0,SUCCESS,1,7.45,7.2571,14,1043,9.6953,693,
P16,140,0.07194244604316546,102,stock,stock,3,,SUCCESS,1,7.3286,7.0286,14,1026,8.851,693,
P16,140,0.07194244604316546,101,boltz-2.0,root,13,2.0,SUCCESS,1,7.2357,6.9929,14,1013,13.1497,691,
P16,140,0.07194244604316546,102,boltz-8.0,root,3,8.0,SUCCESS,1,7.8571,7.5357,15,1100,8.5973,693,
P16,140,0.07194244604316546,102,beta-dhat,beta,1,4.0,SUCCESS,1,7.3286,7.0357,15,1026,10.1208,693,
P16,140,0.07194244604316546,102,beta-16.0,beta,5,16.0,SUCCESS,1,7.7214,7.4143,16,1081,6.1438,693,
P16,140,0.07194244604316546,102,beta-16.0,beta,3,16.0,SUCCESS,1,7.2714,7.0286,13,1018,8.9967,693,
P16,140,0.07194244604316546,102,tree-sph,tree,6,2,SUCCESS,1,7.25,7.05,15,1015,5.6491,693,
P16,140,0.07194244604316546,101,beta-dhat,beta,13,4.0,SUCCESS,1,7.3357,7.0571,16,1027,13.8901,691,
P16,140,0.07194244604316546,102,stock,stock,6,,SUCCESS,1,8.2429,7.8643,16,1154,6.2471,693,
P16,140,0.07194244604316546,102,boltz-8.0,root,1,8.0,SUCCESS,1,7.5,7.15,15,1050,11.1551,693,
P16,140,0.07194244604316546,102,stock,stock,4,,SUCCESS,1,7.2429,7.0071,15,1014,9.477,693,
P16,140,0.07194244604316546,102,boltz-2.0,root,8,2.0,SUCCESS,1,8.5143,8.0786,17,1192,5.1013,693,
P16,140,0.07194244604316546,102,beta-dhat,beta,4,4.0,SUCCESS,1,7.7,7.4357,15,1078,9.7159,693,
P16,140,0.07194244604316546,102,tree-sph,tree,8,2,SUCCESS,1,7.8857,7.7286,17,1104,5.9084,693,
P16,140,0.07194244604316546,102,stock,stock,8,,SUCCESS,1,7.9071,7.6143,16,1107,5.9959,693,
P16,140,0.07194244604316546,102,boltz-2.0,root,7,2.0,SUCCESS,1,7.9357,7.5286,16,1111,6.4749,693,
P16,140,0.07194244604316546,102,stock,stock,7,,SUCCESS,1,7.9071,7.5357,16,1107,6.9918,693,
P16,140,0.07194244604316546,102,boltz-8.0,root,6,8.0,SUCCESS,1,7.7786,7.4929,15,1089,7.5316,693,
P16,140,0.07194244604316546,102,boltz-8.0,root,0,8.0,SUCCESS,1,7.3643,7.1143,14,1031,14.5624,693,
P16,140,0.07194244604316546,102,boltz-2.0,root,9,2.0,SUCCESS,1,8.0643,7.7643,17,1129,5.2306,693,
P16,140,0.07194244604316546,102,boltz-8.0,root,8,8.0,SUCCESS,1,7.7571,7.4643,15,1086,6.2809,693,
P16,140,0.07194244604316546,102,tree-sph,tree,7,2,SUCCESS,1,7.1786,7.0714,14,1005,7.4759,693,
P16,140,0.07194244604316546,102,beta-16.0,beta,7,16.0,SUCCESS,1,7.3643,7.1071,14,1031,7.7066,693,
P16,140,0.07194244604316546,102,tree-sph,tree,10,2,SUCCESS,1,7.3643,7.2,15,1031,4.8339,693,
P16,140,0.07194244604316546,102,boltz-8.0,root,2,8.0,SUCCESS,1,7.4429,7.1786,15,1042,14.0967,693,
P16,140,0.07194244604316546,102,boltz-2.0,root,6,2.0,SUCCESS,1,7.2857,6.9786,14,1020,9.7636,693,
P16,140,0.07194244604316546,102,tree-sph,tree,9,2,SUCCESS,1,7.6143,7.4857,15,1066,7.1049,693,
P16,140,0.07194244604316546,102,boltz-2.0,root,11,2.0,SUCCESS,1,8.1,7.85,16,1134,5.3814,693,
P16,140,0.07194244604316546,102,stock,stock,11,,SUCCESS,1,7.5357,7.1357,17,1055,5.7958,693,
P16,140,0.07194244604316546,102,tree-sph,tree,13,2,SUCCESS,1,8.3286,8.1429,19,1166,3.1134,693,
P16,140,0.07194244604316546,102,boltz-8.0,root,7,8.0,SUCCESS,1,7.5714,7.2714,17,1060,9.929,693,
P16,140,0.07194244604316546,102,beta-16.0,beta,8,16.0,SUCCESS,1,7.2714,7.0571,15,1018,9.0577,693,
P16,140,0.07194244604316546,102,beta-16.0,beta,10,16.0,SUCCESS,1,7.8143,7.5143,16,1094,6.9868,693,
P16,140,0.07194244604316546,102,boltz-2.0,root,5,2.0,SUCCESS,1,7.35,7.1214,15,1029,13.9214,693,
P16,140,0.07194244604316546,102,beta-dhat,beta,7,4.0,SUCCESS,1,8.0857,7.7929,15,1132,10.9119,693,
P16,140,0.07194244604316546,102,boltz-8.0,root,10,8.0,SUCCESS,1,7.5429,7.2071,14,1056,8.2662,693,
P16,140,0.07194244604316546,102,stock,stock,12,,SUCCESS,1,8.25,7.9,16,1155,6.9088,693,
P16,140,0.07194244604316546,102,tree-sph,tree,14,2,SUCCESS,1,8.2857,8.1,16,1160,3.8207,693,
P16,140,0.07194244604316546,102,beta-dhat,beta,0,4.0,SUCCESS,1,7.0143,6.8714,14,982,19.0363,693,
P16,140,0.07194244604316546,102,beta-dhat,beta,3,4.0,SUCCESS,1,7.3643,7.0071,15,1031,16.7131,693,
P16,140,0.07194244604316546,102,tree-sph,tree,12,2,SUCCESS,1,7.8071,7.6286,17,1093,7.3341,693,
P16,140,0.07194244604316546,102,beta-16.0,beta,6,16.0,SUCCESS,1,7.3,7.0357,14,1022,12.8178,693,
P16,140,0.07194244604316546,102,stock,stock,13,,SUCCESS,1,7.9786,7.65,16,1117,5.7632,693,
P16,140,0.07194244604316546,102,stock,stock,14,,SUCCESS,1,8.5929,8.2429,17,1203,4.7946,693,
P16,140,0.07194244604316546,102,tree-sph,tree,11,2,SUCCESS,1,7.05,6.9643,14,987,8.412,693,
P16,140,0.07194244604316546,102,boltz-8.0,root,12,8.0,SUCCESS,1,8.0786,7.7286,18,1131,6.3724,693,
P16,140,0.07194244604316546,102,boltz-2.0,root,10,2.0,SUCCESS,1,7.4286,7.2143,15,1040,9.4929,693,
P16,140,0.07194244604316546,102,beta-16.0,beta,11,16.0,SUCCESS,1,7.4429,7.1714,15,1042,8.3931,693,
P16,140,0.07194244604316546,102,boltz-2.0,root,13,2.0,SUCCESS,1,7.7929,7.4714,16,1091,6.0024,693,
P16,140,0.07194244604316546,102,boltz-2.0,root,12,2.0,SUCCESS,1,7.95,7.65,16,1113,7.2336,693,
P16,140,0.07194244604316546,102,boltz-8.0,root,9,8.0,SUCCESS,1,6.9929,6.8286,14,979,10.8723,693,
P16,140,0.07194244604316546,102,beta-16.0,beta,14,16.0,SUCCESS,1,8.1429,7.7929,17,1140,4.5376,693,
P16,140,0.07194244604316546,102,beta-dhat,beta,8,4.0,SUCCESS,1,7.6429,7.4,16,1070,12.5517,693,
P16,140,0.07194244604316546,102,stock,stock,10,,SUCCESS,1,7.6,7.35,15,1064,10.7368,693,
P16,140,0.07194244604316546,102,boltz-8.0,root,5,8.0,SUCCESS,1,7.1214,6.8857,14,997,16.1226,693,
P16,140,0.07194244604316546,102,beta-dhat,beta,11,4.0,SUCCESS,1,7.4286,7.25,16,1040,9.7347,693,
P16,140,0.07194244604316546,102,stock,stock,9,,SUCCESS,1,7.6,7.3429,15,1064,12.4072,693,
P16,140,0.07194244604316546,103,tree-sph,tree,0,2,SUCCESS,1,7.8714,7.6643,16,1102,5.0761,689,
P16,140,0.07194244604316546,102,beta-dhat,beta,10,4.0,SUCCESS,1,7.2857,7.05,15,1020,11.9171,693,
P16,140,0.07194244604316546,101,beta-dhat,beta,11,4.0,SUCCESS,1,7.2214,6.9929,15,1011,26.7451,691,
P16,140,0.07194244604316546,102,beta-dhat,beta,2,4.0,SUCCESS,1,7.5286,7.1214,16,1054,21.3743,693,
P16,140,0.07194244604316546,103,boltz-8.0,root,0,8.0,SUCCESS,1,8.0857,7.6429,18,1132,6.0546,689,
P16,140,0.07194244604316546,102,boltz-2.0,root,14,2.0,SUCCESS,1,7.3857,7.0286,14,1034,8.1596,693,
P16,140,0.07194244604316546,102,beta-16.0,beta,13,16.0,SUCCESS,1,7.1143,6.9286,14,996,8.9506,693,
P16,140,0.07194244604316546,103,stock,stock,3,,SUCCESS,1,8.0929,7.8143,15,1133,3.8336,689,
P16,140,0.07194244604316546,102,boltz-8.0,root,14,8.0,SUCCESS,1,7.5071,7.2929,14,1051,8.005,693,
P16,140,0.07194244604316546,103,tree-sph,tree,1,2,SUCCESS,1,7.6643,7.4929,15,1073,5.3304,689,
P16,140,0.07194244604316546,101,beta-dhat,beta,8,4.0,SUCCESS,1,6.8,6.6071,13,952,31.5231,691,
P16,140,0.07194244604316546,102,boltz-8.0,root,11,8.0,SUCCESS,1,7.1286,6.9143,15,998,12.7231,693,
P16,140,0.07194244604316546,102,beta-dhat,beta,6,4.0,SUCCESS,1,7.3071,7.0143,15,1023,17.4619,693,
P16,140,0.07194244604316546,102,beta-dhat,beta,13,4.0,SUCCESS,1,7.5143,7.2714,15,1052,10.3965,693,
P16,140,0.07194244604316546,103,stock,stock,0,,SUCCESS,1,7.5643,7.3429,15,1059,8.2229,689,
P16,140,0.07194244604316546,102,beta-16.0,beta,9,16.0,SUCCESS,1,7.6429,7.3357,15,1070,15.2453,693,
P16,140,0.07194244604316546,103,tree-sph,tree,4,2,SUCCESS,1,7.3643,7.2286,16,1031,4.2008,689,
P16,140,0.07194244604316546,103,beta-16.0,beta,0,16.0,SUCCESS,1,7.4,7.1286,15,1036,7.845,689,
P16,140,0.07194244604316546,103,stock,stock,2,,SUCCESS,1,7.5571,7.2929,16,1058,6.0074,689,
P16,140,0.07194244604316546,103,boltz-8.0,root,1,8.0,SUCCESS,1,8.0286,7.6714,15,1124,6.3962,689,
P16,140,0.07194244604316546,103,boltz-2.0,root,4,2.0,SUCCESS,1,8.0214,7.6929,16,1123,4.3884,689,
P16,140,0.07194244604316546,103,tree-sph,tree,3,2,SUCCESS,1,7.5429,7.3786,16,1056,5.7169,689,
P16,140,0.07194244604316546,102,beta-dhat,beta,12,4.0,SUCCESS,1,7.4071,7.15,15,1037,11.9561,693,
P16,140,0.07194244604316546,103,boltz-2.0,root,0,2.0,SUCCESS,1,7.5071,7.2214,15,1051,8.9702,689,
P16,140,0.07194244604316546,103,beta-16.0,beta,1,16.0,SUCCESS,1,7.8929,7.4357,16,1105,7.7507,689,
P16,140,0.07194244604316546,103,tree-sph,tree,2,2,SUCCESS,1,7.1571,6.9786,14,1002,7.3623,689,
P16,140,0.07194244604316546,103,beta-16.0,beta,3,16.0,SUCCESS,1,7.3929,7.1143,15,1035,6.5903,689,
P16,140,0.07194244604316546,103,boltz-8.0,root,3,8.0,SUCCESS,1,7.6857,7.4286,15,1076,7.0149,689,
P16,140,0.07194244604316546,103,stock,stock,1,,SUCCESS,1,7.4929,7.2357,14,1049,9.3924,689,
P16,140,0.07194244604316546,102,boltz-8.0,root,13,8.0,SUCCESS,1,7.2786,7.0,15,1019,12.7428,693,
P16,140,0.07194244604316546,102,beta-16.0,beta,12,16.0,SUCCESS,1,7.2857,6.9857,15,1020,13.642,693,
P16,140,0.07194244604316546,103,boltz-2.0,root,2,2.0,SUCCESS,1,7.8357,7.5,15,1097,7.7778,689,
P16,140,0.07194244604316546,103,boltz-2.0,root,5,2.0,SUCCESS,1,8.0786,7.8071,16,1131,4.5317,689,
P16,140,0.07194244604316546,103,beta-dhat,beta,0,4.0,SUCCESS,1,7.1786,6.9429,14,1005,10.1165,689,
P16,140,0.07194244604316546,103,tree-sph,tree,5,2,SUCCESS,1,7.1214,7.0143,14,997,5.452,689,
P16,140,0.07194244604316546,103,boltz-8.0,root,5,8.0,SUCCESS,1,7.9857,7.6857,15,1118,5.504,689,
P16,140,0.07194244604316546,103,stock,stock,7,,SUCCESS,1,8.6214,8.2429,18,1207,4.4177,689,
P16,140,0.07194244604316546,103,tree-sph,tree,8,2,SUCCESS,1,8.4,8.1357,17,1176,3.5239,689,
P16,140,0.07194244604316546,103,beta-dhat,beta,1,4.0,SUCCESS,1,7.5857,7.3,17,1062,9.6329,689,
P16,140,0.07194244604316546,103,boltz-2.0,root,3,2.0,SUCCESS,1,7.3714,7.0929,15,1032,9.0141,689,
P16,140,0.07194244604316546,103,stock,stock,5,,SUCCESS,1,7.9714,7.6143,17,1116,7.0053,689,
P16,140,0.07194244604316546,103,beta-16.0,beta,4,16.0,SUCCESS,1,7.9786,7.5643,18,1117,7.7244,689,
P16,140,0.07194244604316546,103,stock,stock,6,,SUCCESS,1,8.2214,7.8786,17,1151,5.5976,689,
P16,140,0.07194244604316546,103,boltz-2.0,root,1,2.0,SUCCESS,1,7.1357,6.8857,14,999,10.3946,689,
P16,140,0.07194244604316546,103,beta-16.0,beta,2,16.0,SUCCESS,1,7.2214,7.0357,15,1011,9.9547,689,
P16,140,0.07194244604316546,103,tree-sph,tree,6,2,SUCCESS,1,7.05,6.9,14,987,5.9975,689,
P16,140,0.07194244604316546,103,beta-16.0,beta,6,16.0,SUCCESS,1,8.4,8.0357,17,1176,5.9132,689,
P16,140,0.07194244604316546,103,stock,stock,8,,SUCCESS,1,9.1143,8.5571,19,1276,4.4904,689,
P16,140,0.07194244604316546,103,boltz-8.0,root,2,8.0,SUCCESS,1,7.8143,7.4786,16,1094,11.2133,689,
P16,140,0.07194244604316546,103,boltz-8.0,root,6,8.0,SUCCESS,1,7.9071,7.5786,16,1107,7.0536,689,
P16,140,0.07194244604316546,103,boltz-2.0,root,6,2.0,SUCCESS,1,7.9857,7.7429,16,1118,7.945,689,
P16,140,0.07194244604316546,103,tree-sph,tree,7,2,SUCCESS,1,7.5286,7.3643,15,1054,6.7373,689,
P16,140,0.07194244604316546,103,tree-sph,tree,9,2,SUCCESS,1,7.5357,7.3643,14,1055,4.9927,689,
P16,140,0.07194244604316546,103,boltz-8.0,root,4,8.0,SUCCESS,1,7.1143,6.9571,14,996,10.7673,689,
P16,140,0.07194244604316546,103,stock,stock,4,,SUCCESS,1,7.1714,6.9071,15,1004,11.4953,689,
P16,140,0.07194244604316546,103,boltz-8.0,root,10,8.0,SUCCESS,1,8.5,8.0429,19,1190,4.6639,689,
P16,140,0.07194244604316546,103,stock,stock,10,,SUCCESS,1,7.8857,7.5929,16,1104,5.6639,689,
P16,140,0.07194244604316546,102,beta-dhat,beta,5,4.0,SUCCESS,1,7.5429,7.2143,15,1056,27.885,693,
P16,140,0.07194244604316546,103,beta-dhat,beta,3,4.0,SUCCESS,1,7.4786,7.1714,16,1047,12.6147,689,
P16,140,0.07194244604316546,103,beta-dhat,beta,6,4.0,SUCCESS,1,7.4929,7.2714,15,1049,8.9138,689,
P16,140,0.07194244604316546,103,beta-16.0,beta,7,16.0,SUCCESS,1,7.3,7.1071,16,1022,8.1262,689,
P16,140,0.07194244604316546,103,tree-sph,tree,11,2,SUCCESS,1,8.0071,7.8143,18,1121,4.4918,689,
P16,140,0.07194244604316546,103,beta-16.0,beta,8,16.0,SUCCESS,1,7.9714,7.6786,16,1116,7.7353,689,
P16,140,0.07194244604316546,102,beta-dhat,beta,14,4.0,SUCCESS,1,7.0929,6.7857,14,993,17.2756,693,
P16,140,0.07194244604316546,103,boltz-2.0,root,10,2.0,SUCCESS,1,8.0643,7.7357,16,1129,6.2691,689,
P16,140,0.07194244604316546,103,boltz-8.0,root,8,8.0,SUCCESS,1,7.85,7.5286,15,1099,8.2279,689,
P16,140,0.07194244604316546,103,boltz-2.0,root,8,2.0,SUCCESS,1,8.1929,7.8714,16,1147,8.3645,689,
P16,140,0.07194244604316546,103,stock,stock,9,,SUCCESS,1,7.7929,7.45,17,1091,7.2267,689,
P16,140,0.07194244604316546,103,tree-sph,tree,12,2,SUCCESS,1,7.4357,7.2786,15,1041,4.8232,689,
P16,140,0.07194244604316546,103,boltz-8.0,root,7,8.0,SUCCESS,1,7.6714,7.3643,15,1074,9.0727,689,
P16,140,0.07194244604316546,103,tree-sph,tree,10,2,SUCCESS,1,7.0571,6.9286,15,988,7.572,689,
P16,140,0.07194244604316546,101,beta-dhat,beta,10,4.0,SUCCESS,1,7.2929,7.0571,15,1021,40.6622,691,
P16,140,0.07194244604316546,103,tree-sph,tree,13,2,SUCCESS,1,7.7857,7.5857,16,1090,4.1967,689,
P16,140,0.07194244604316546,103,beta-16.0,beta,5,16.0,SUCCESS,1,7.2786,7.0643,14,1019,11.9493,689,
P16,140,0.07194244604316546,103,stock,stock,11,,SUCCESS,1,7.5571,7.3357,15,1058,6.8148,689,
P16,140,0.07194244604316546,103,beta-dhat,beta,7,4.0,SUCCESS,1,7.2786,7.0,14,1019,10.3276,689,
P16,140,0.07194244604316546,103,boltz-2.0,root,11,2.0,SUCCESS,1,7.6429,7.3214,16,1070,6.7079,689,
P16,140,0.07194244604316546,103,boltz-2.0,root,9,2.0,SUCCESS,1,7.2643,7.0571,15,1017,8.6679,689,
P16,140,0.07194244604316546,103,stock,stock,12,,SUCCESS,1,7.3071,7.05,14,1023,6.8738,689,
P16,140,0.07194244604316546,103,boltz-8.0,root,9,8.0,SUCCESS,1,7.3071,7.1,15,1023,8.9807,689,
P16,140,0.07194244604316546,103,beta-16.0,beta,11,16.0,SUCCESS,1,7.6786,7.3286,15,1075,7.2783,689,
P16,140,0.07194244604316546,103,boltz-8.0,root,12,8.0,SUCCESS,1,7.3214,7.0357,16,1025,6.89,689,
P16,140,0.07194244604316546,103,beta-16.0,beta,12,16.0,SUCCESS,1,7.7071,7.3714,17,1079,7.2246,689,
P16,140,0.07194244604316546,103,stock,stock,13,,SUCCESS,1,8.3929,8.0214,17,1175,6.5187,689,
P16,140,0.07194244604316546,103,tree-sph,tree,14,2,SUCCESS,1,7.7286,7.5786,15,1082,4.7871,689,
P16,140,0.07194244604316546,103,beta-dhat,beta,4,4.0,SUCCESS,1,7.4929,7.2214,15,1049,15.838,689,
P16,140,0.07194244604316546,103,boltz-8.0,root,14,8.0,SUCCESS,1,8.05,7.75,16,1127,4.7254,689,
P16,140,0.07194244604316546,103,beta-dhat,beta,9,4.0,SUCCESS,1,7.6214,7.3571,15,1067,11.0832,689,
P16,140,0.07194244604316546,104,tree-sph,tree,0,2,SUCCESS,1,8.3786,8.1929,16,1173,4.9799,718,
P16,140,0.07194244604316546,103,boltz-8.0,root,11,8.0,SUCCESS,1,7.5,7.3429,15,1050,9.428,689,
P16,140,0.07194244604316546,103,beta-dhat,beta,2,4.0,SUCCESS,1,7.4143,7.1,14,1038,19.2137,689,
P16,140,0.07194244604316546,103,beta-dhat,beta,13,4.0,SUCCESS,1,7.5857,7.2857,14,1062,7.1856,689,
P16,140,0.07194244604316546,103,boltz-2.0,root,7,2.0,SUCCESS,1,7.1857,7.0357,14,1006,14.0539,689,
P16,140,0.07194244604316546,102,beta-dhat,beta,9,4.0,SUCCESS,1,7.3357,7.1,15,1027,29.2435,693,
P16,140,0.07194244604316546,103,beta-16.0,beta,13,16.0,SUCCESS,1,7.2714,7.0286,15,1018,7.8952,689,
P16,140,0.07194244604316546,104,tree-sph,tree,2,2,SUCCESS,1,8.0,7.8357,15,1120,4.5242,718,
P16,140,0.07194244604316546,103,boltz-2.0,root,13,2.0,SUCCESS,1,8.1786,7.7929,18,1145,8.4025,689,
P16,140,0.07194244604316546,103,boltz-2.0,root,12,2.0,SUCCESS,1,6.9714,6.7214,14,976,10.7381,689,
P16,140,0.07194244604316546,104,boltz-8.0,root,1,8.0,SUCCESS,1,7.9643,7.7,16,1115,6.0194,718,
P16,140,0.07194244604316546,104,boltz-2.0,root,1,2.0,SUCCESS,1,8.1286,7.7,16,1138,6.8852,718,
P16,140,0.07194244604316546,103,beta-dhat,beta,12,4.0,SUCCESS,1,7.5357,7.3214,15,1055,11.7132,689,
P16,140,0.07194244604316546,103,beta-16.0,beta,10,16.0,SUCCESS,1,7.5857,7.3786,15,1062,13.7658,689,
P16,140,0.07194244604316546,104,boltz-2.0,root,3,2.0,SUCCESS,1,8.1571,7.9071,16,1142,5.7272,718,
P16,140,0.07194244604316546,103,beta-16.0,beta,9,16.0,SUCCESS,1,7.5214,7.2643,14,1053,14.9604,689,
P16,140,0.07194244604316546,104,boltz-8.0,root,3,8.0,SUCCESS,1,8.6714,8.3643,17,1214,6.0357,718,
P16,140,0.07194244604316546,104,tree-sph,tree,3,2,SUCCESS,1,8.1071,7.9786,17,1135,6.5506,718,
P16,140,0.07194244604316546,104,boltz-2.0,root,0,2.0,SUCCESS,1,7.8357,7.5214,15,1097,9.34,718,
P16,140,0.07194244604316546,104,tree-sph,tree,1,2,SUCCESS,1,7.3214,7.1929,14,1025,8.9854,718,
P16,140,0.07194244604316546,104,stock,stock,2,,SUCCESS,1,8.1571,7.8714,16,1142,8.308,718,
P16,140,0.07194244604316546,103,beta-dhat,beta,8,4.0,SUCCESS,1,7.5643,7.2857,15,1059,17.2634,689,
P16,140,0.07194244604316546,104,boltz-2.0,root,2,2.0,SUCCESS,1,7.9643,7.7143,16,1115,7.9409,718,
P16,140,0.07194244604316546,104,stock,stock,0,,SUCCESS,1,7.5357,7.2214,15,1055,10.169,718,
P16,140,0.07194244604316546,103,stock,stock,14,,SUCCESS,1,7.15,6.9643,14,1001,11.6866,689,
P16,140,0.07194244604316546,104,boltz-8.0,root,4,8.0,SUCCESS,1,8.2,7.9071,15,1148,5.4967,718,
P16,140,0.07194244604316546,104,tree-sph,tree,4,2,SUCCESS,1,8.0357,7.85,17,1125,6.5093,718,
P16,140,0.07194244604316546,103,beta-16.0,beta,14,16.0,SUCCESS,1,7.2429,7.0214,15,1014,10.8615,689,
P16,140,0.07194244604316546,104,beta-16.0,beta,2,16.0,SUCCESS,1,8.1571,7.8714,16,1142,8.3824,718,
P16,140,0.07194244604316546,104,boltz-8.0,root,5,8.0,SUCCESS,1,8.8714,8.5357,17,1242,4.8424,718,
P16,140,0.07194244604316546,104,tree-sph,tree,5,2,SUCCESS,1,8.3643,8.1286,18,1171,5.2266,718,
P16,140,0.07194244604316546,104,boltz-8.0,root,2,8.0,SUCCESS,1,7.6786,7.4357,16,1075,8.8341,718,
P16,140,0.07194244604316546,103,beta-dhat,beta,10,4.0,SUCCESS,1,6.8214,6.6571,14,955,16.0859,689,
P16,140,0.07194244604316546,104,stock,stock,3,,SUCCESS,1,7.7857,7.45,15,1090,8.7353,718,
P16,140,0.07194244604316546,104,beta-16.0,beta,3,16.0,SUCCESS,1,7.7429,7.4857,16,1084,7.9861,718,
P16,140,0.07194244604316546,104,beta-dhat,beta,1,4.0,SUCCESS,1,8.0929,7.8,17,1133,10.3348,718,
P16,140,0.07194244604316546,103,boltz-2.0,root,14,2.0,SUCCESS,1,6.9429,6.8143,13,972,12.7372,689,
P16,140,0.07194244604316546,104,boltz-8.0,root,0,8.0,SUCCESS,1,7.6429,7.3929,14,1070,12.4298,718,
P16,140,0.07194244604316546,104,beta-16.0,beta,0,16.0,SUCCESS,1,7.8429,7.5214,15,1098,12.4196,718,
P16,140,0.07194244604316546,104,boltz-2.0,root,6,2.0,SUCCESS,1,8.3143,7.9714,16,1164,5.9912,718,
P16,140,0.07194244604316546,104,boltz-2.0,root,4,2.0,SUCCESS,1,7.6786,7.4214,15,1075,8.5733,718,
P16,140,0.07194244604316546,104,stock,stock,4,,SUCCESS,1,8.0286,7.65,17,1124,9.3477,718,
P16,140,0.07194244604316546,103,boltz-8.0,root,13,8.0,SUCCESS,1,7.2786,7.0214,15,1019,14.9042,689,
P16,140,0.07194244604316546,104,stock,stock,5,,SUCCESS,1,7.95,7.7571,15,1113,8.4797,718,
P16,140,0.07194244604316546,104,tree-sph,tree,6,2,SUCCESS,1,8.0071,7.7857,17,1121,7.0641,718,
P16,140,0.07194244604316546,104,beta-dhat,beta,3,4.0,SUCCESS,1,8.1714,7.8429,16,1144,10.1578,718,
P16,140,0.07194244604316546,104,tree-sph,tree,7,2,SUCCESS,1,8.0571,7.8857,18,1128,5.3635,718,
P16,140,0.07194244604316546,104,beta-dhat,beta,4,4.0,SUCCESS,1,7.5857,7.3429,16,1062,9.1553,718,
P16,140,0.07194244604316546,104,stock,stock,1,,SUCCESS,1,7.9071,7.6143,16,1107,13.9244,718,
P16,140,0.07194244604316546,104,beta-16.0,beta,5,16.0,SUCCESS,1,7.95,7.7571,15,1113,8.4919,718,
P16,140,0.07194244604316546,104,boltz-2.0,root,5,2.0,SUCCESS,1,8.0643,7.7857,16,1129,9.2602,718,
P16,140,0.07194244604316546,104,beta-16.0,beta,1,16.0,SUCCESS,1,7.9071,7.6143,16,1107,13.6711,718,
P16,140,0.07194244604316546,104,beta-16.0,beta,4,16.0,SUCCESS,1,7.9143,7.6214,16,1108,10.1702,718,
P16,140,0.07194244604316546,103,beta-dhat,beta,14,4.0,SUCCESS,1,7.0071,6.7929,13,981,15.7258,689,
P16,140,0.07194244604316546,103,beta-dhat,beta,5,4.0,SUCCESS,1,7.7929,7.4786,16,1091,25.8014,689,
P16,140,0.07194244604316546,104,tree-sph,tree,10,2,SUCCESS,1,8.55,8.3143,18,1197,5.0681,718,
P16,140,0.07194244604316546,104,boltz-2.0,root,7,2.0,SUCCESS,1,8.3214,7.9929,17,1165,7.2735,718,
P16,140,0.07194244604316546,104,stock,stock,6,,SUCCESS,1,7.4286,7.2143,15,1040,9.8846,718,
P16,140,0.07194244604316546,104,tree-sph,tree,9,2,SUCCESS,1,8.0143,7.8286,16,1122,6.0207,718,
P16,140,0.07194244604316546,104,tree-sph,tree,8,2,SUCCESS,1,7.5143,7.2429,15,1052,6.7577,718,
P16,140,0.07194244604316546,104,stock,stock,10,,SUCCESS,1,9.0929,8.7857,17,1273,5.8145,718,
P16,140,0.07194244604316546,104,boltz-8.0,root,6,8.0,SUCCESS,1,8.0643,7.6857,17,1129,9.5566,718,
P16,140,0.07194244604316546,104,stock,stock,7,,SUCCESS,1,7.9786,7.7643,17,1117,8.9938,718,
P16,140,0.07194244604316546,104,boltz-2.0,root,10,2.0,SUCCESS,1,8.2429,7.9357,16,1154,6.5891,718,
P16,140,0.07194244604316546,104,tree-sph,tree,11,2,SUCCESS,1,8.3929,8.2643,17,1175,5.3582,718,
P16,140,0.07194244604316546,104,tree-sph,tree,12,2,SUCCESS,1,8.0643,7.8357,18,1129,4.7434,718,
P16,140,0.07194244604316546,104,boltz-8.0,root,8,8.0,SUCCESS,1,7.2214,7.0286,14,1011,8.8952,718,
P16,140,0.07194244604316546,104,beta-16.0,beta,7,16.0,SUCCESS,1,8.0857,7.7786,16,1132,9.6968,718,
P16,140,0.07194244604316546,104,beta-16.0,beta,6,16.0,SUCCESS,1,7.8714,7.5071,14,1102,11.3644,718,
P16,140,0.07194244604316546,104,tree-sph,tree,13,2,SUCCESS,1,8.1571,8.0143,17,1142,4.5727,718,
P16,140,0.07194244604316546,104,stock,stock,9,,SUCCESS,1,7.9571,7.6357,16,1114,9.7507,718,
P16,140,0.07194244604316546,104,stock,stock,13,,SUCCESS,1,8.6714,8.2714,17,1214,5.2833,718,
P16,140,0.07194244604316546,104,boltz-8.0,root,11,8.0,SUCCESS,1,8.1286,7.8857,16,1138,7.1898,718,
P16,140,0.07194244604316546,104,boltz-2.0,root,11,2.0,SUCCESS,1,8.4786,8.15,16,1187,7.7746,718,
P16,140,0.07194244604316546,104,beta-dhat,beta,7,4.0,SUCCESS,1,7.9786,7.7143,16,1117,11.2048,718,
P16,140,0.07194244604316546,104,boltz-2.0,root,13,2.0,SUCCESS,1,7.7786,7.5143,15,1089,5.8237,718,
P16,140,0.07194244604316546,104,boltz-2.0,root,8,2.0,SUCCESS,1,7.7286,7.4286,15,1082,10.9398,718,
P16,140,0.07194244604316546,104,boltz-8.0,root,7,8.0,SUCCESS,1,7.6643,7.45,15,1073,11.8749,718,
P16,140,0.07194244604316546,104,beta-16.0,beta,13,16.0,SUCCESS,1,8.4857,8.1857,17,1188,5.58,718,
P16,140,0.07194244604316546,104,boltz-2.0,root,12,2.0,SUCCESS,1,8.1643,7.8286,16,1143,7.3542,718,
P16,140,0.07194244604316546,104,stock,stock,8,,SUCCESS,1,7.4643,7.1143,16,1045,11.763,718,
P16,140,0.07194244604316546,104,beta-16.0,beta,14,16.0,SUCCESS,1,9.0786,8.6214,18,1271,4.6335,718,
P16,140,0.07194244604316546,104,stock,stock,11,,SUCCESS,1,8.0357,7.6857,17,1125,9.5518,718,
P16,140,0.07194244604316546,104,boltz-2.0,root,9,2.0,SUCCESS,1,7.8857,7.6357,15,1104,11.6216,718,
P16,140,0.07194244604316546,104,beta-16.0,beta,11,16.0,SUCCESS,1,7.8214,7.6,16,1095,9.1689,718,
P16,140,0.07194244604316546,104,beta-16.0,beta,12,16.0,SUCCESS,1,8.0357,7.8214,16,1125,8.4836,718,
P16,140,0.07194244604316546,104,beta-dhat,beta,0,4.0,SUCCESS,1,7.05,6.7857,14,987,22.6306,718,
P16,140,0.07194244604316546,105,boltz-2.0,root,0,2.0,SUCCESS,1,8.7214,8.4286,17,1221,5.1026,730,
P16,140,0.07194244604316546,104,beta-16.0,beta,9,16.0,SUCCESS,1,7.6214,7.4,15,1067,12.5605,718,
P16,140,0.07194244604316546,105,tree-sph,tree,0,2,SUCCESS,1,7.9643,7.75,16,1115,5.7883,730,
P16,140,0.07194244604316546,104,beta-dhat,beta,2,4.0,SUCCESS,1,7.0429,6.8929,13,986,21.8619,718,
P16,140,0.07194244604316546,104,boltz-8.0,root,13,8.0,SUCCESS,1,7.7643,7.4786,16,1087,9.0255,718,
P16,140,0.07194244604316546,104,beta-16.0,beta,8,16.0,SUCCESS,1,7.7,7.4286,14,1078,14.1291,718,
P16,140,0.07194244604316546,105,tree-sph,tree,1,2,SUCCESS,1,8.4786,8.2714,17,1187,4.9157,730,
P16,140,0.07194244604316546,104,boltz-8.0,root,10,8.0,SUCCESS,1,7.4929,7.25,14,1049,12.719,718,
P16,140,0.07194244604316546,104,beta-16.0,beta,10,16.0,SUCCESS,1,7.9571,7.6,16,1114,12.593,718,
P16,140,0.07194244604316546,104,stock,stock,12,,SUCCESS,1,7.5643,7.3214,15,1059,11.0144,718,
P16,140,0.07194244604316546,104,tree-sph,tree,14,2,SUCCESS,1,7.4214,7.2929,15,1039,8.4209,718,
P16,140,0.07194244604316546,104,boltz-8.0,root,9,8.0,SUCCESS,1,7.6214,7.3214,15,1067,14.3871,718,
P16,140,0.07194244604316546,104,stock,stock,14,,SUCCESS,1,8.0714,7.6857,16,1130,8.9202,718,
P16,140,0.07194244604316546,105,boltz-8.0,root,0,8.0,SUCCESS,1,8.5214,8.1357,17,1193,6.6703,730,
P16,140,0.07194244604316546,104,beta-dhat,beta,5,4.0,SUCCESS,1,7.5429,7.2071,17,1056,19.2133,718,
P16,140,0.07194244604316546,104,beta-dhat,beta,8,4.0,SUCCESS,1,7.1214,6.8357,15,997,15.2995,718,
P16,140,0.07194244604316546,104,boltz-2.0,root,14,2.0,SUCCESS,1,7.9643,7.6714,15,1115,9.1839,718,
P16,140,0.07194244604316546,104,boltz-8.0,root,12,8.0,SUCCESS,1,8.0929,7.8857,16,1133,11.6072,718,
P16,140,0.07194244604316546,105,tree-sph,tree,2,2,SUCCESS,1,8.4429,8.2429,17,1182,5.0424,730,
P16,140,0.07194244604316546,104,beta-dhat,beta,9,4.0,SUCCESS,1,7.5929,7.3714,16,1063,15.9312,718,
P16,140,0.07194244604316546,104,boltz-8.0,root,14,8.0,SUCCESS,1,7.9786,7.7143,15,1117,10.4862,718,
P16,140,0.07194244604316546,105,beta-16.0,beta,0,16.0,SUCCESS,1,8.1143,7.7786,16,1136,8.5054,730,
P16,140,0.07194244604316546,104,beta-dhat,beta,11,4.0,SUCCESS,1,7.0929,6.8929,14,993,13.6145,718,
P16,140,0.07194244604316546,105,boltz-8.0,root,1,8.0,SUCCESS,1,8.2071,7.8929,16,1149,7.4252,730,
P16,140,0.07194244604316546,105,boltz-2.0,root,3,2.0,SUCCESS,1,8.5429,8.1071,16,1196,5.9246,730,
P16,140,0.07194244604316546,105,stock,stock,1,,SUCCESS,1,7.7857,7.4286,15,1090,8.7968,730,
P16,140,0.07194244604316546,104,beta-dhat,beta,14,4.0,SUCCESS,1,7.85,7.4643,16,1099,11.9646,718,
P16,140,0.07194244604316546,104,beta-dhat,beta,12,4.0,SUCCESS,1,7.45,7.1643,15,1043,14.3543,718,
P16,140,0.07194244604316546,105,beta-16.0,beta,1,16.0,SUCCESS,1,8.0571,7.7786,16,1128,9.0644,730,
P16,140,0.07194244604316546,105,tree-sph,tree,3,2,SUCCESS,1,7.4214,7.2571,15,1039,7.8266,730,
P16,140,0.07194244604316546,105,stock,stock,0,,SUCCESS,1,7.5429,7.3571,13,1056,11.9635,730,
P16,140,0.07194244604316546,105,boltz-2.0,root,1,2.0,SUCCESS,1,7.9929,7.6786,17,1119,9.505,730,
P16,140,0.07194244604316546,104,beta-dhat,beta,13,4.0,SUCCESS,1,6.9286,6.7429,14,970,13.3845,718,
P16,140,0.07194244604316546,105,tree-sph,tree,5,2,SUCCESS,1,8.5071,8.2357,19,1191,5.9496,730,
P16,140,0.07194244604316546,105,beta-dhat,beta,2,4.0,SUCCESS,1,8.0071,7.6571,15,1121,9.2071,730,
P16,140,0.07194244604316546,105,stock,stock,6,,SUCCESS,1,8.6571,8.2357,16,1212,5.7714,730,
P16,140,0.07194244604316546,105,tree-sph,tree,4,2,SUCCESS,1,7.6929,7.5643,15,1077,7.9125,730,
P16,140,0.07194244604316546,105,tree-sph,tree,6,2,SUCCESS,1,7.6214,7.4071,16,1067,5.9746,730,
P16,140,0.07194244604316546,105,stock,stock,5,,SUCCESS,1,7.9857,7.7357,16,1118,7.4436,730,
P16,140,0.07194244604316546,105,tree-sph,tree,7,2,SUCCESS,1,8.1357,7.9857,17,1139,5.9137,730,
P16,140,0.07194244604316546,105,beta-dhat,beta,3,4.0,SUCCESS,1,7.9357,7.5786,16,1111,9.3427,730,
P16,140,0.07194244604316546,105,boltz-2.0,root,6,2.0,SUCCESS,1,8.1571,7.7429,15,1142,7.0626,730,
P16,140,0.07194244604316546,105,boltz-2.0,root,2,2.0,SUCCESS,1,7.3286,7.1357,14,1026,11.6558,730,
P16,140,0.07194244604316546,105,stock,stock,3,,SUCCESS,1,8.2071,7.9286,17,1149,11.2301,730,
P16,140,0.07194244604316546,105,boltz-2.0,root,5,2.0,SUCCESS,1,8.1286,7.8714,15,1138,8.8892,730,
P16,140,0.07194244604316546,105,stock,stock,4,,SUCCESS,1,7.9571,7.75,15,1114,10.7487,730,
P16,140,0.07194244604316546,105,boltz-8.0,root,2,8.0,SUCCESS,1,8.05,7.7429,15,1127,12.797,730,
P16,140,0.07194244604316546,105,boltz-8.0,root,6,8.0,SUCCESS,1,8.5786,8.1071,17,1201,8.4256,730,
P16,140,0.07194244604316546,105,stock,stock,7,,SUCCESS,1,8.0929,7.8571,16,1133,8.6489,730,
P16,140,0.07194244604316546,105,beta-dhat,beta,1,4.0,SUCCESS,1,7.6357,7.4,16,1069,13.7996,730,
P16,140,0.07194244604316546,105,boltz-8.0,root,4,8.0,SUCCESS,1,8.4071,8.15,17,1177,10.6286,730,
P16,140,0.07194244604316546,105,beta-16.0,beta,7,16.0,SUCCESS,1,8.3857,7.95,17,1174,7.1806,730,
P16,140,0.07194244604316546,105,beta-16.0,beta,5,16.0,SUCCESS,1,7.7857,7.5357,17,1090,9.9074,730,
P16,140,0.07194244604316546,105,tree-sph,tree,9,2,SUCCESS,1,8.4786,8.3214,19,1187,5.5919,730,
P16,140,0.07194244604316546,105,tree-sph,tree,8,2,SUCCESS,1,7.8857,7.7286,17,1104,7.2266,730,
P16,140,0.07194244604316546,105,stock,stock,2,,SUCCESS,1,7.7071,7.4143,15,1079,14.8112,730,
P16,140,0.07194244604316546,105,boltz-2.0,root,7,2.0,SUCCESS,1,8.6929,8.2571,18,1217,8.5627,730,
P16,140,0.07194244604316546,105,beta-16.0,beta,6,16.0,SUCCESS,1,8.0786,7.7929,16,1131,10.082,730,
P16,140,0.07194244604316546,104,beta-dhat,beta,10,4.0,SUCCESS,1,7.5071,7.2929,15,1051,23.7299,718,
P16,140,0.07194244604316546,105,beta-16.0,beta,4,16.0,SUCCESS,1,7.6786,7.3071,16,1075,12.242,730,
P16,140,0.07194244604316546,105,stock,stock,8,,SUCCESS,1,8.1071,7.8071,16,1135,9.5519,730,
P16,140,0.07194244604316546,105,beta-16.0,beta,2,16.0,SUCCESS,1,6.9643,6.7643,14,975,16.1912,730,
P16,140,0.07194244604316546,105,boltz-8.0,root,5,8.0,SUCCESS,1,7.8357,7.5429,16,1097,12.888,730,
P16,140,0.07194244604316546,105,boltz-2.0,root,8,2.0,SUCCESS,1,7.7643,7.4429,16,1087,9.6881,730,
P16,140,0.07194244604316546,105,beta-16.0,beta,3,16.0,SUCCESS,1,7.8571,7.5714,14,1100,15.7209,730,
P16,140,0.07194244604316546,105,tree-sph,tree,10,2,SUCCESS,1,8.0071,7.7714,17,1121,7.2242,730,
P16,140,0.07194244604316546,105,beta-16.0,beta,8,16.0,SUCCESS,1,7.8643,7.6,16,1101,9.441,730,
P16,140,0.07194244604316546,105,stock,stock,10,,SUCCESS,1,8.0286,7.7214,17,1124,7.9506,730,
P16,140,0.07194244604316546,105,boltz-8.0,root,8,8.0,SUCCESS,1,7.8357,7.5929,14,1097,10.3637,730,
P16,140,0.07194244604316546,105,boltz-2.0,root,10,2.0,SUCCESS,1,8.3643,8.0714,16,1171,8.8576,730,
P16,140,0.07194244604316546,105,beta-16.0,beta,11,16.0,SUCCESS,1,8.6857,8.2643,18,1216,6.5251,730,
P16,140,0.07194244604316546,105,stock,stock,12,,SUCCESS,1,8.5857,8.1714,17,1202,6.2331,730,
P16,140,0.07194244604316546,105,beta-dhat,beta,6,4.0,SUCCESS,1,7.5429,7.3071,15,1056,14.942,730,
P16,140,0.07194244604316546,105,boltz-8.0,root,7,8.0,SUCCESS,1,7.9643,7.7214,14,1115,13.6029,730,
P16,140,0.07194244604316546,105,beta-dhat,beta,5,4.0,SUCCESS,1,7.7786,7.4214,16,1089,15.9021,730,
P16,140,0.07194244604316546,105,tree-sph,tree,12,2,SUCCESS,1,8.1929,7.9929,17,1147,6.5202,730,
P16,140,0.07194244604316546,105,boltz-2.0,root,11,2.0,SUCCESS,1,8.1786,7.7643,16,1145,8.2363,730,
P16,140,0.07194244604316546,105,tree-sph,tree,13,2,SUCCESS,1,8.0429,7.9071,15,1126,6.0125,730,
P16,140,0.07194244604316546,105,beta-16.0,beta,9,16.0,SUCCESS,1,7.9714,7.6929,16,1116,11.1774,730,
P16,140,0.07194244604316546,105,stock,stock,11,,SUCCESS,1,8.4214,8.1643,18,1179,9.3178,730,
P16,140,0.07194244604316546,105,stock,stock,14,,SUCCESS,1,8.7571,8.3857,18,1226,5.5666,730,
P16,140,0.07194244604316546,105,boltz-8.0,root,10,8.0,SUCCESS,1,8.1571,7.8643,15,1142,10.2355,730,
P16,140,0.07194244604316546,105,boltz-8.0,root,13,8.0,SUCCESS,1,8.3071,7.9571,17,1163,6.8021,730,
P16,140,0.07194244604316546,105,tree-sph,tree,11,2,SUCCESS,1,7.6857,7.55,15,1076,9.783,730,
P16,140,0.07194244604316546,105,stock,stock,13,,SUCCESS,1,8.5071,8.2714,17,1191,7.3179,730,
P16,140,0.07194244604316546,105,boltz-8.0,root,11,8.0,SUCCESS,1,7.7571,7.5786,16,1086,9.2577,730,
P16,140,0.07194244604316546,105,beta-dhat,beta,8,4.0,SUCCESS,1,7.3929,7.2286,14,1035,13.325,730,
P16,140,0.07194244604316546,105,boltz-8.0,root,3,8.0,SUCCESS,1,7.2643,7.0571,14,1017,20.686,730,
P16,140,0.07194244604316546,105,tree-sph,tree,14,2,SUCCESS,1,8.0071,7.8786,17,1121,6.0901,730,
P16,140,0.07194244604316546,105,boltz-8.0,root,9,8.0,SUCCESS,1,7.6286,7.3643,15,1068,13.8871,730,
P16,140,0.07194244604316546,105,beta-dhat,beta,7,4.0,SUCCESS,1,7.65,7.4286,16,1071,16.3306,730,
P16,140,0.07194244604316546,105,boltz-2.0,root,4,2.0,SUCCESS,1,7.6286,7.4214,15,1068,20.4287,730,
P16,140,0.07194244604316546,105,boltz-2.0,root,9,2.0,SUCCESS,1,7.6,7.3929,15,1064,14.5659,730,
P16,140,0.07194244604316546,105,stock,stock,9,,SUCCESS,1,7.7571,7.5286,16,1086,14.7388,730,
P16,180,0.055865921787709494,101,tree-sph,tree,0,2,SUCCESS,1,10.7556,10.4889,25,1936,5.9595,911,
P16,140,0.07194244604316546,105,boltz-2.0,root,12,2.0,SUCCESS,1,7.9357,7.6714,16,1111,10.1073,730,
P16,140,0.07194244604316546,105,beta-16.0,beta,13,16.0,SUCCESS,1,7.9214,7.65,14,1109,9.0527,730,
P16,140,0.07194244604316546,105,boltz-8.0,root,12,8.0,SUCCESS,1,8.1786,7.9214,16,1145,11.0837,730,
P16,180,0.055865921787709494,101,stock,stock,0,,SUCCESS,1,11.2389,10.6333,23,2023,7.1472,911,
P16,140,0.07194244604316546,105,beta-16.0,beta,10,16.0,SUCCESS,1,7.7571,7.5071,15,1086,13.8377,730,
P16,140,0.07194244604316546,105,beta-dhat,beta,12,4.0,SUCCESS,1,7.7643,7.4571,15,1087,11.9781,730,
P16,180,0.055865921787709494,101,boltz-2.0,root,0,2.0,SUCCESS,1,9.6833,9.3833,20,1743,8.407,911,
P16,140,0.07194244604316546,105,boltz-8.0,root,14,8.0,SUCCESS,1,7.7786,7.55,15,1089,10.2799,730,
P16,140,0.07194244604316546,105,beta-16.0,beta,14,16.0,SUCCESS,1,7.9929,7.6643,15,1119,10.1179,730,
P16,140,0.07194244604316546,105,beta-dhat,beta,14,4.0,SUCCESS,1,8.0357,7.7286,15,1125,10.2513,730,
P16,140,0.07194244604316546,104,beta-dhat,beta,6,4.0,SUCCESS,1,7.5,7.1786,16,1050,40.5521,718,
P16,140,0.07194244604316546,105,beta-16.0,beta,12,16.0,SUCCESS,1,8.15,7.8571,16,1141,14.368,730,
P16,140,0.07194244604316546,105,beta-dhat,beta,11,4.0,SUCCESS,1,7.8357,7.5929,16,1097,15.7408,730,
P16,180,0.055865921787709494,101,tree-sph,tree,4,2,SUCCESS,1,10.0833,9.8167,22,1815,6.6726,911,
P16,180,0.055865921787709494,101,beta-16.0,beta,2,16.0,SUCCESS,1,10.3278,9.9056,23,1859,8.4281,911,
P16,180,0.055865921787709494,101,stock,stock,4,,SUCCESS,1,11.5778,10.9889,25,2084,6.9801,911,
P16,140,0.07194244604316546,105,beta-dhat,beta,9,4.0,SUCCESS,1,7.2214,7.0214,15,1011,20.7837,730,
P16,180,0.055865921787709494,101,boltz-8.0,root,1,8.0,SUCCESS,1,9.7556,9.3833,21,1756,10.8552,911,
P16,140,0.07194244604316546,105,beta-dhat,beta,0,4.0,SUCCESS,1,7.9786,7.5929,17,1117,32.9562,730,
P16,140,0.07194244604316546,105,beta-dhat,beta,10,4.0,SUCCESS,1,7.6929,7.4357,15,1077,20.3689,730,
P16,140,0.07194244604316546,105,boltz-2.0,root,13,2.0,SUCCESS,1,7.6643,7.4786,15,1073,17.1551,730,
P16,180,0.055865921787709494,101,tree-sph,tree,3,2,SUCCESS,1,9.9333,9.7444,22,1788,10.1894,911,
P16,140,0.07194244604316546,105,boltz-2.0,root,14,2.0,SUCCESS,1,7.5357,7.2429,14,1055,15.4005,730,
P16,140,0.07194244604316546,103,beta-dhat,beta,11,4.0,SUCCESS,1,7.0214,6.8214,14,983,57.3772,689,
P16,180,0.055865921787709494,101,tree-sph,tree,1,2,SUCCESS,1,9.3611,9.1222,19,1685,12.9332,911,
P16,180,0.055865921787709494,101,tree-sph,tree,2,2,SUCCESS,1,8.9611,8.7556,19,1613,12.6386,911,
P16,180,0.055865921787709494,101,beta-16.0,beta,4,16.0,SUCCESS,1,9.95,9.55,21,1791,10.0679,911,
P16,140,0.07194244604316546,105,beta-dhat,beta,13,4.0,SUCCESS,1,7.7929,7.6,16,1091,18.1767,730,
P16,180,0.055865921787709494,101,tree-sph,tree,5,2,SUCCESS,1,9.6889,9.4111,23,1744,9.6104,911,
P16,180,0.055865921787709494,101,boltz-8.0,root,3,8.0,SUCCESS,1,9.4833,9.1278,19,1707,11.8743,911,
P16,180,0.055865921787709494,101,beta-16.0,beta,1,16.0,SUCCESS,1,9.3667,9.0222,19,1686,14.054,911,
P16,140,0.07194244604316546,105,beta-dhat,beta,4,4.0,SUCCESS,1,7.5,7.25,14,1050,31.3198,730,
P16,180,0.055865921787709494,101,stock,stock,1,,SUCCESS,1,8.9667,8.6556,20,1614,16.0107,911,
P16,180,0.055865921787709494,101,beta-16.0,beta,3,16.0,SUCCESS,1,9.8722,9.4611,22,1777,13.6009,911,
P16,180,0.055865921787709494,101,boltz-2.0,root,5,2.0,SUCCESS,1,9.7667,9.3222,21,1758,10.9168,911,
P16,180,0.055865921787709494,101,boltz-8.0,root,0,8.0,SUCCESS,1,9.3722,8.9889,20,1687,17.3256,911,
P16,180,0.055865921787709494,101,boltz-2.0,root,1,2.0,SUCCESS,1,9.1278,8.8,18,1643,16.4639,911,
P16,180,0.055865921787709494,101,boltz-8.0,root,2,8.0,SUCCESS,1,9.2611,8.9667,20,1667,15.4651,911,
P16,180,0.055865921787709494,101,stock,stock,5,,SUCCESS,1,9.6,9.1833,21,1728,13.0085,911,
P16,180,0.055865921787709494,101,stock,stock,2,,SUCCESS,1,8.8,8.4944,18,1584,16.3263,911,
P16,180,0.055865921787709494,101,boltz-8.0,root,4,8.0,SUCCESS,1,9.3778,9.0056,20,1688,13.5494,911,
P16,180,0.055865921787709494,101,beta-16.0,beta,7,16.0,SUCCESS,1,10.7722,10.2889,23,1939,6.8473,911,
P16,180,0.055865921787709494,101,boltz-2.0,root,4,2.0,SUCCESS,1,9.3222,8.9444,20,1678,14.8586,911,
P16,180,0.055865921787709494,101,boltz-2.0,root,6,2.0,SUCCESS,1,10.6667,10.1778,22,1920,10.8318,911,
P16,180,0.055865921787709494,101,boltz-8.0,root,5,8.0,SUCCESS,1,9.3556,9.0222,21,1684,13.4992,911,
P16,180,0.055865921787709494,101,boltz-2.0,root,3,2.0,SUCCESS,1,9.3833,9.0389,19,1689,16.5207,911,
P16,180,0.055865921787709494,101,tree-sph,tree,7,2,SUCCESS,1,9.5167,9.3167,21,1713,9.0053,911,
P16,180,0.055865921787709494,101,stock,stock,9,,SUCCESS,1,11.4556,10.7389,25,2062,6.1511,911,
P16,180,0.055865921787709494,101,boltz-8.0,root,7,8.0,SUCCESS,1,10.4278,9.9556,21,1877,9.3328,911,
P16,180,0.055865921787709494,101,boltz-8.0,root,6,8.0,SUCCESS,1,9.9667,9.5389,20,1794,11.9023,911,
P16,180,0.055865921787709494,101,tree-sph,tree,6,2,SUCCESS,1,9.3056,9.0778,20,1675,13.2858,911,
P16,180,0.055865921787709494,101,boltz-2.0,root,7,2.0,SUCCESS,1,9.8056,9.35,20,1765,11.0498,911,
P16,180,0.055865921787709494,101,stock,stock,7,,SUCCESS,1,9.5944,9.1056,20,1727,12.5746,911,
P16,180,0.055865921787709494,101,boltz-2.0,root,2,2.0,SUCCESS,1,9.2389,8.8778,19,1663,20.3709,911,
P16,180,0.055865921787709494,101,tree-sph,tree,10,2,SUCCESS,1,10.6,10.3278,25,1908,6.7167,911,
P16,180,0.055865921787709494,101,beta-16.0,beta,0,16.0,SUCCESS,1,9.0278,8.7222,19,1625,22.4056,911,
P16,180,0.055865921787709494,101,stock,stock,10,,SUCCESS,1,10.6889,10.15,24,1924,8.2537,911,
P16,180,0.055865921787709494,101,boltz-8.0,root,9,8.0,SUCCESS,1,11.0278,10.5056,24,1985,8.8872,911,
P16,180,0.055865921787709494,101,boltz-2.0,root,10,2.0,SUCCESS,1,10.7389,10.2,24,1933,7.1895,911,
P16,180,0.055865921787709494,101,stock,stock,6,,SUCCESS,1,9.7,9.35,20,1746,16.3322,911,
P16,180,0.055865921787709494,101,stock,stock,3,,SUCCESS,1,9.0778,8.7444,19,1634,21.3983,911,
P16,180,0.055865921787709494,101,tree-sph,tree,8,2,SUCCESS,1,9.7222,9.5278,21,1750,11.3544,911,
P16,180,0.055865921787709494,101,boltz-8.0,root,8,8.0,SUCCESS,1,9.8833,9.5,21,1779,11.6334,911,
P16,180,0.055865921787709494,101,beta-16.0,beta,5,16.0,SUCCESS,1,9.4111,9.0667,18,1694,18.7971,911,
P16,180,0.055865921787709494,101,tree-sph,tree,11,2,SUCCESS,1,9.9,9.7056,21,1782,7.4459,911,
P16,180,0.055865921787709494,101,beta-16.0,beta,6,16.0,SUCCESS,1,9.6833,9.3222,22,1743,16.2512,911,
P16,180,0.055865921787709494,101,stock,stock,11,,SUCCESS,1,10.8944,10.3111,25,1961,7.9958,911,
P16,180,0.055865921787709494,101,stock,stock,8,,SUCCESS,1,9.4056,9.0444,20,1693,13.4822,911,
P16,180,0.055865921787709494,101,tree-sph,tree,9,2,SUCCESS,1,9.9111,9.7389,22,1784,11.4534,911,
P16,180,0.055865921787709494,101,boltz-2.0,root,11,2.0,SUCCESS,1,10.0944,9.6056,22,1817,8.1909,911,
P16,180,0.055865921787709494,101,tree-sph,tree,12,2,SUCCESS,1,9.7889,9.55,22,1762,6.984,911,
P16,180,0.055865921787709494,101,beta-16.0,beta,8,16.0,SUCCESS,1,10.0167,9.5833,21,1803,13.2769,911,
P16,180,0.055865921787709494,101,boltz-2.0,root,8,2.0,SUCCESS,1,9.9444,9.6167,21,1790,14.2973,911,
P16,180,0.055865921787709494,101,boltz-8.0,root,10,8.0,SUCCESS,1,10.1167,9.6444,20,1821,10.7653,911,
P16,180,0.055865921787709494,101,beta-16.0,beta,12,16.0,SUCCESS,1,10.4833,9.95,21,1887,7.8297,911,
P16,180,0.055865921787709494,101,tree-sph,tree,13,2,SUCCESS,1,9.4222,9.25,22,1696,8.8541,911,
P16,180,0.055865921787709494,101,beta-dhat,beta,0,4.0,SUCCESS,1,8.5389,8.1611,18,1537,28.9555,911,
P16,180,0.055865921787709494,101,boltz-8.0,root,11,8.0,SUCCESS,1,9.3222,8.9722,19,1678,12.1542,911,
P16,180,0.055865921787709494,101,boltz-2.0,root,9,2.0,SUCCESS,1,9.2611,8.8722,19,1667,15.7111,911,
P16,180,0.055865921787709494,102,tree-sph,tree,0,2,SUCCESS,1,9.9444,9.7389,23,1790,6.6085,877,
P16,180,0.055865921787709494,101,stock,stock,13,,SUCCESS,1,9.7278,9.3722,22,1751,10.699,911,
P16,180,0.055865921787709494,101,boltz-8.0,root,12,8.0,SUCCESS,1,9.5722,9.2389,19,1723,12.3773,911,
P16,180,0.055865921787709494,101,tree-sph,tree,14,2,SUCCESS,1,9.9944,9.7222,22,1799,9.3493,911,
P16,180,0.055865921787709494,101,beta-16.0,beta,9,16.0,SUCCESS,1,9.5611,9.2611,20,1721,17.5033,911,
P16,180,0.055865921787709494,102,tree-sph,tree,2,2,SUCCESS,1,10.6278,10.3056,25,1913,6.1351,877,
P16,180,0.055865921787709494,101,boltz-8.0,root,14,8.0,SUCCESS,1,10.1667,9.7556,21,1830,10.0232,911,
P16,180,0.055865921787709494,101,beta-dhat,beta,5,4.0,SUCCESS,1,9.0389,8.6333,22,1627,26.8214,911,
P16,180,0.055865921787709494,102,stock,stock,1,,SUCCESS,1,9.5278,9.1222,21,1715,8.6078,877,
P16,180,0.055865921787709494,101,boltz-2.0,root,12,2.0,SUCCESS,1,9.6444,9.2833,22,1736,14.7942,911,
P16,180,0.055865921787709494,102,stock,stock,2,,SUCCESS,1,9.6944,9.2778,22,1745,8.2377,877,
P16,180,0.055865921787709494,102,tree-sph,tree,1,2,SUCCESS,1,9.1,8.85,21,1638,9.9561,877,
P16,180,0.055865921787709494,101,boltz-2.0,root,13,2.0,SUCCESS,1,9.4,9.0333,20,1692,14.2104,911,
P16,180,0.055865921787709494,102,boltz-2.0,root,0,2.0,SUCCESS,1,9.5278,9.1278,21,1715,11.4451,877,
P16,180,0.055865921787709494,101,boltz-8.0,root,13,8.0,SUCCESS,1,9.7944,9.3611,20,1763,14.4039,911,
P16,180,0.055865921787709494,102,boltz-8.0,root,3,8.0,SUCCESS,1,11.4944,10.9278,23,2069,4.742,877,
P16,180,0.055865921787709494,101,beta-16.0,beta,13,16.0,SUCCESS,1,9.2278,8.9333,18,1661,14.4572,911,
P16,180,0.055865921787709494,102,boltz-8.0,root,0,8.0,SUCCESS,1,10.2833,9.8056,22,1851,12.2845,877,
P16,180,0.055865921787709494,101,stock,stock,14,,SUCCESS,1,9.5222,9.0389,21,1714,15.2572,911,
P16,180,0.055865921787709494,102,boltz-8.0,root,1,8.0,SUCCESS,1,9.5722,9.2444,21,1723,12.5176,877,
P16,180,0.055865921787709494,101,beta-16.0,beta,11,16.0,SUCCESS,1,8.7278,8.3444,18,1571,20.6965,911,
P16,180,0.055865921787709494,102,boltz-2.0,root,1,2.0,SUCCESS,1,9.4778,9.1,21,1706,12.8382,877,
P16,180,0.055865921787709494,101,beta-16.0,beta,14,16.0,SUCCESS,1,9.7722,9.45,22,1759,15.4574,911,
P16,180,0.055865921787709494,101,beta-16.0,beta,10,16.0,SUCCESS,1,9.25,8.9556,20,1665,22.5466,911,
P16,180,0.055865921787709494,102,beta-dhat,beta,0,5.0,SUCCESS,1,9.4667,9.0611,20,1704,14.3275,877,
P16,180,0.055865921787709494,101,beta-dhat,beta,6,4.0,SUCCESS,1,8.5222,8.2278,18,1534,30.7848,911,
P16,180,0.055865921787709494,101,stock,stock,12,,SUCCESS,1,9.0111,8.7278,18,1622,21.121,911,
P16,180,0.055865921787709494,102,beta-16.0,beta,2,16.0,SUCCESS,1,9.4722,9.0778,19,1705,11.1452,877,
P16,180,0.055865921787709494,102,boltz-2.0,root,2,2.0,SUCCESS,1,9.3722,9.0278,21,1687,13.2352,877,
P16,180,0.055865921787709494,102,beta-dhat,beta,3,5.0,SUCCESS,1,9.8778,9.4111,21,1778,9.1669,877,
P16,180,0.055865921787709494,102,stock,stock,0,,SUCCESS,1,8.7778,8.4278,19,1580,17.6183,877,
P16,180,0.055865921787709494,102,beta-16.0,beta,3,16.0,SUCCESS,1,9.6611,9.2778,22,1739,9.5706,877,
P16,180,0.055865921787709494,102,boltz-8.0,root,2,8.0,SUCCESS,1,9.3278,8.9556,20,1679,12.598,877,
P16,180,0.055865921787709494,101,beta-dhat,beta,8,4.0,SUCCESS,1,8.8111,8.5278,18,1586,28.9523,911,
P16,180,0.055865921787709494,102,stock,stock,4,,SUCCESS,1,9.0722,8.7389,19,1633,8.7856,877,
P16,180,0.055865921787709494,101,boltz-2.0,root,14,2.0,SUCCESS,1,8.8722,8.5889,18,1597,19.5205,911,
P16,180,0.055865921787709494,102,beta-16.0,beta,1,16.0,SUCCESS,1,8.9833,8.7444,20,1617,16.9438,877,
P16,180,0.055865921787709494,101,beta-dhat,beta,2,4.0,SUCCESS,1,8.8944,8.5556,18,1601,40.7301,911,
P16,180,0.055865921787709494,102,tree-sph,tree,3,2,SUCCESS,1,9.1833,8.9778,19,1653,12.6701,877,
P16,180,0.055865921787709494,102,tree-sph,tree,4,2,SUCCESS,1,8.8,8.6778,19,1584,9.8518,877,
P16,180,0.055865921787709494,102,beta-dhat,beta,1,5.0,SUCCESS,1,8.9833,8.6444,21,1617,17.6331,877,
P16,180,0.055865921787709494,102,beta-16.0,beta,0,16.0,SUCCESS,1,9.1833,8.8667,19,1653,19.0647,877,
P16,180,0.055865921787709494,102,tree-sph,tree,6,2,SUCCESS,1,10.0444,9.7833,22,1808,6.2673,877,
P16,180,0.055865921787709494,102,beta-dhat,beta,2,5.0,SUCCESS,1,8.5667,8.2833,20,1542,14.5843,877,
P16,180,0.055865921787709494,102,stock,stock,3,,SUCCESS,1,8.6111,8.3333,18,1550,14.7046,877,
P16,180,0.055865921787709494,102,beta-16.0,beta,4,16.0,SUCCESS,1,8.5389,8.1944,18,1537,12.7138,877,
P16,180,0.055865921787709494,102,tree-sph,tree,7,2,SUCCESS,1,9.7944,9.5889,23,1763,7.5855,877,
P16,180,0.055865921787709494,102,boltz-8.0,root,4,8.0,SUCCESS,1,9.2889,8.9333,20,1672,13.3036,877,
P16,180,0.055865921787709494,102,stock,stock,5,,SUCCESS,1,8.9611,8.6,19,1613,11.8575,877,
P16,180,0.055865921787709494,102,tree-sph,tree,9,2,SUCCESS,1,10.6667,10.4389,26,1920,4.7196,877,
P16,180,0.055865921787709494,102,boltz-8.0,root,5,8.0,SUCCESS,1,9.8611,9.5611,22,1775,11.5523,877,
P16,180,0.055865921787709494,102,tree-sph,tree,5,2,SUCCESS,1,9.0111,8.8056,20,1622,12.2373,877,
P16,180,0.055865921787709494,101,beta-dhat,beta,11,4.0,SUCCESS,1,8.5222,8.2611,20,1534,29.4219,911,
P16,180,0.055865921787709494,102,boltz-2.0,root,3,2.0,SUCCESS,1,8.7167,8.4056,18,1569,17.0561,877,
P16,180,0.055865921787709494,102,beta-dhat,beta,5,5.0,SUCCESS,1,9.3722,8.95,21,1687,11.1569,877,
P16,180,0.055865921787709494,101,beta-dhat,beta,9,4.0,SUCCESS,1,9.1278,8.7889,18,1643,33.6135,911,
P16,180,0.055865921787709494,102,boltz-8.0,root,8,8.0,SUCCESS,1,10.25,9.7,23,1845,6.7525,877,
P16,180,0.055865921787709494,102,boltz-2.0,root,5,2.0,SUCCESS,1,9.3667,9.0,20,1686,12.9849,877,
P16,180,0.055865921787709494,102,boltz-8.0,root,6,8.0,SUCCESS,1,9.4222,9.1667,21,1696,10.7665,877,
P16,180,0.055865921787709494,102,boltz-2.0,root,4,2.0,SUCCESS,1,9.15,8.75,19,1647,15.8027,877,
P16,180,0.055865921787709494,102,stock,stock,8,,SUCCESS,1,10.2056,9.8,22,1837,8.3774,877,
P16,180,0.055865921787709494,101,beta-dhat,beta,3,4.0,SUCCESS,1,9.0167,8.6389,21,1623,46.4976,911,
P16,180,0.055865921787709494,102,tree-sph,tree,10,2,SUCCESS,1,10.3389,10.1667,22,1861,6.3506,877,
P16,180,0.055865921787709494,102,boltz-2.0,root,9,2.0,SUCCESS,1,9.8,9.2167,22,1764,7.9774,877,
P16,180,0.055865921787709494,102,tree-sph,tree,11,2,SUCCESS,1,9.8444,9.6333,24,1772,4.2903,877,
P16,180,0.055865921787709494,102,boltz-2.0,root,7,2.0,SUCCESS,1,9.8778,9.5111,21,1778,11.8242,877,
P16,180,0.055865921787709494,101,beta-dhat,beta,14,4.0,SUCCESS,1,8.8278,8.6,19,1589,27.9727,911,
P16,180,0.055865921787709494,101,beta-dhat,beta,12,4.0,SUCCESS,1,8.9611,8.5444,20,1613,31.8563,911,
P16,180,0.055865921787709494,102,beta-dhat,beta,4,5.0,SUCCESS,1,8.7667,8.5,19,1578,16.8857,877,
P16,180,0.055865921787709494,102,stock,stock,9,,SUCCESS,1,9.8,9.4111,20,1764,9.881,877,
P16,180,0.055865921787709494,102,tree-sph,tree,8,2,SUCCESS,1,9.5056,9.3,21,1711,11.4935,877,
P16,180,0.055865921787709494,102,beta-16.0,beta,7,16.0,SUCCESS,1,9.3444,9.0167,20,1682,12.5204,877,
P16,180,0.055865921787709494,102,boltz-8.0,root,9,8.0,SUCCESS,1,9.6833,9.2,21,1743,9.7577,877,
P16,180,0.055865921787709494,102,beta-16.0,beta,5,16.0,SUCCESS,1,8.9667,8.5667,20,1614,16.773,877,
P16,180,0.055865921787709494,101,beta-dhat,beta,1,4.0,SUCCESS,1,9.1389,8.7556,20,1645,52.4974,911,
P16,180,0.055865921787709494,102,beta-16.0,beta,6,16.0,SUCCESS,1,9.1944,8.8611,19,1655,15.4912,877,
P16,180,0.055865921787709494,101,beta-dhat,beta,13,4.0,SUCCESS,1,8.8833,8.4278,20,1599,32.0846,911,
P16,180,0.055865921787709494,102,tree-sph,tree,13,2,SUCCESS,1,10.6111,10.35,24,1910,4.8041,877,
P16,180,0.055865921787709494,102,stock,stock,6,,SUCCESS,1,8.65,8.3611,19,1557,17.8853,877,
P16,180,0.055865921787709494,102,boltz-2.0,root,8,2.0,SUCCESS,1,9.2,8.8167,20,1656,13.1723,877,
P16,180,0.055865921787709494,101,beta-dhat,beta,7,4.0,SUCCESS,1,8.6,8.2333,19,1548,43.1767,911,
P16,180,0.055865921787709494,102,tree-sph,tree,12,2,SUCCESS,1,8.9,8.7,20,1602,7.7805,877,
P16,180,0.055865921787709494,102,boltz-2.0,root,11,2.0,SUCCESS,1,9.6556,9.2611,20,1738,9.0708,877,
P16,180,0.055865921787709494,102,boltz-2.0,root,6,2.0,SUCCESS,1,8.95,8.7333,19,1611,18.4909,877,
P16,180,0.055865921787709494,102,boltz-8.0,root,11,8.0,SUCCESS,1,9.4667,9.0944,20,1704,9.9442,877,
P16,180,0.055865921787709494,102,stock,stock,10,,SUCCESS,1,9.0667,8.7111,19,1632,14.6135,877,
P16,180,0.055865921787709494,102,boltz-8.0,root,10,8.0,SUCCESS,1,9.6889,9.2722,19,1744,13.9486,877,
P16,180,0.055865921787709494,102,beta-16.0,beta,8,16.0,SUCCESS,1,9.2111,8.8944,20,1658,16.9395,877,
P16,180,0.055865921787709494,102,beta-16.0,beta,13,16.0,SUCCESS,1,10.3722,9.9889,24,1867,8.559,877,
P16,180,0.055865921787709494,102,boltz-2.0,root,12,2.0,SUCCESS,1,9.1722,8.7944,19,1651,11.5854,877,
P16,180,0.055865921787709494,102,beta-16.0,beta,10,16.0,SUCCESS,1,9.3,8.9,21,1674,13.3215,877,
P16,180,0.055865921787709494,102,stock,stock,14,,SUCCESS,1,10.1444,9.6889,21,1826,8.8147,877,
P16,180,0.055865921787709494,102,stock,stock,12,,SUCCESS,1,9.4278,9.0389,21,1697,12.674,877,
P16,180,0.055865921787709494,102,stock,stock,11,,SUCCESS,1,9.2,8.7944,20,1656,13.5135,877,
P16,180,0.055865921787709494,102,boltz-8.0,root,13,8.0,SUCCESS,1,9.35,8.9389,21,1683,10.6336,877,
P16,180,0.055865921787709494,102,beta-dhat,beta,9,5.0,SUCCESS,1,9.2889,8.9167,19,1672,17.6493,877,
P16,180,0.055865921787709494,102,beta-dhat,beta,12,5.0,SUCCESS,1,9.4389,8.9722,21,1699,12.5444,877,
P16,180,0.055865921787709494,102,beta-16.0,beta,9,16.0,SUCCESS,1,8.85,8.5056,18,1593,18.9089,877,
P16,180,0.055865921787709494,103,stock,stock,0,,SUCCESS,1,10.1722,9.6778,23,1831,9.2482,892,
P16,180,0.055865921787709494,102,boltz-2.0,root,14,2.0,SUCCESS,1,9.6,9.2833,21,1728,10.7575,877,
P16,180,0.055865921787709494,102,beta-dhat,beta,10,5.0,SUCCESS,1,9.3944,9.0278,21,1691,15.4372,877,
P16,180,0.055865921787709494,103,tree-sph,tree,1,2,SUCCESS,1,9.0833,8.9278,21,1635,8.112,892,
P16,180,0.055865921787709494,102,stock,stock,7,,SUCCESS,1,8.5167,8.2111,18,1533,24.3699,877,
P16,180,0.055865921787709494,102,beta-dhat,beta,13,5.0,SUCCESS,1,9.85,9.25,23,1773,11.9312,877,
P16,180,0.055865921787709494,102,tree-sph,tree,14,2,SUCCESS,1,8.7278,8.5833,19,1571,12.0117,877,
P16,180,0.055865921787709494,103,boltz-8.0,root,1,8.0,SUCCESS,1,10.3278,9.75,22,1859,9.2739,892,
P16,180,0.055865921787709494,103,boltz-2.0,root,1,2.0,SUCCESS,1,9.7611,9.35,21,1757,9.4352,892,
P16,180,0.055865921787709494,102,beta-16.0,beta,12,16.0,SUCCESS,1,8.9444,8.5833,19,1610,15.3511,877,
P16,180,0.055865921787709494,103,beta-16.0,beta,0,16.0,SUCCESS,1,9.2222,8.8,21,1660,10.9145,892,
P16,180,0.055865921787709494,103,boltz-8.0,root,0,8.0,SUCCESS,1,9.5667,9.15,20,1722,11.529,892,
P16,180,0.055865921787709494,101,beta-dhat,beta,4,4.0,TIMEOUT,0,,,,,60.8353,911,
P16,180,0.055865921787709494,102,beta-16.0,beta,11,16.0,SUCCESS,1,8.7833,8.3611,18,1581,17.9503,877,
P16,180,0.055865921787709494,102,boltz-8.0,root,7,8.0,SUCCESS,1,7.9222,7.6778,16,1426,26.6668,877,
P16,180,0.055865921787709494,102,boltz-2.0,root,10,2.0,SUCCESS,1,8.4944,8.2611,18,1529,22.0602,877,
P16,180,0.055865921787709494,102,beta-dhat,beta,11,5.0,SUCCESS,1,8.85,8.5444,20,1593,18.8088,877,
P16,180,0.055865921787709494,103,tree-sph,tree,4,2,SUCCESS,1,11.9389,11.5611,25,2149,4.6548,892,
P16,180,0.055865921787709494,102,beta-16.0,beta,14,16.0,SUCCESS,1,9.0222,8.7,19,1624,14.9849,877,
P16,180,0.055865921787709494,102,beta-dhat,beta,7,5.0,SUCCESS,1,8.8278,8.4167,20,1589,27.1764,877,
P16,180,0.055865921787709494,103,boltz-2.0,root,2,2.0,SUCCESS,1,9.4167,8.9722,20,1695,9.5602,892,
P16,180,0.055865921787709494,102,boltz-8.0,root,14,8.0,SUCCESS,1,8.7389,8.4611,18,1573,16.2925,877,
P16,180,0.055865921787709494,102,stock,stock,13,,SUCCESS,1,9.2056,8.8167,20,1657,19.2835,877,
P16,180,0.055865921787709494,102,boltz-2.0,root,13,2.0,SUCCESS,1,9.2389,8.9,20,1663,19.0091,877,
P16,180,0.055865921787709494,103,tree-sph,tree,3,2,SUCCESS,1,9.2611,9.0667,21,1667,9.2103,892,
P16,180,0.055865921787709494,103,boltz-2.0,root,0,2.0,SUCCESS,1,9.55,9.2278,20,1719,16.1083,892,
P16,180,0.055865921787709494,103,stock,stock,1,,SUCCESS,1,9.4722,9.0722,19,1705,15.3353,892,
P16,180,0.055865921787709494,103,boltz-2.0,root,3,2.0,SUCCESS,1,9.6056,9.2778,20,1729,9.3692,892,
P16,180,0.055865921787709494,103,beta-16.0,beta,3,16.0,SUCCESS,1,9.5944,9.1778,22,1727,9.8156,892,
P16,180,0.055865921787709494,102,boltz-8.0,root,12,8.0,SUCCESS,1,8.9944,8.6556,19,1619,22.2282,877,
P16,180,0.055865921787709494,103,stock,stock,2,,SUCCESS,1,9.8167,9.4056,21,1767,14.0415,892,
P16,180,0.055865921787709494,103,tree-sph,tree,6,2,SUCCESS,1,9.6,9.3278,21,1728,5.9073,892,
P16,180,0.055865921787709494,103,tree-sph,tree,5,2,SUCCESS,1,9.8111,9.5667,23,1766,8.0518,892,
P16,180,0.055865921787709494,103,boltz-2.0,root,4,2.0,SUCCESS,1,10.3833,9.85,23,1869,9.3708,892,
P16,180,0.055865921787709494,103,tree-sph,tree,7,2,SUCCESS,1,9.9667,9.7833,22,1794,6.7646,892,
P16,180,0.055865921787709494,103,stock,stock,3,,SUCCESS,1,9.6611,9.1667,20,1739,13.6559,892,
P16,180,0.055865921787709494,103,tree-sph,tree,8,2,SUCCESS,1,10.2944,9.9556,23,1853,5.4768,892,
P16,180,0.055865921787709494,103,boltz-2.0,root,6,2.0,SUCCESS,1,9.3389,8.9389,19,1681,9.3852,892,
P16,180,0.055865921787709494,103,tree-sph,tree,0,2,SUCCESS,1,8.9,8.7222,18,1602,21.7098,892,
P16,180,0.055865921787709494,103,stock,stock,6,,SUCCESS,1,9.5611,9.1,20,1721,10.5127,892,
P16,180,0.055865921787709494,103,boltz-8.0,root,6,8.0,SUCCESS,1,10.0,9.5278,21,1800,9.4408,892,
P16,180,0.055865921787709494,103,boltz-8.0,root,2,8.0,SUCCESS,1,8.8944,8.5944,18,1601,16.3769,892,
P16,180,0.055865921787709494,103,boltz-2.0,root,7,2.0,SUCCESS,1,9.9778,9.6056,20,1796,8.716,892,
P16,180,0.055865921787709494,103,stock,stock,7,,SUCCESS,1,10.3167,9.8278,22,1857,9.1898,892,
P16,180,0.055865921787709494,102,beta-dhat,beta,14,5.0,SUCCESS,1,8.6556,8.3278,19,1558,22.9007,877,
P16,180,0.055865921787709494,103,tree-sph,tree,2,2,SUCCESS,1,8.6944,8.5222,18,1565,18.4133,892,
P16,180,0.055865921787709494,103,beta-16.0,beta,5,16.0,SUCCESS,1,9.8389,9.4333,21,1771,12.0845,892,
P16,180,0.055865921787709494,103,boltz-8.0,root,8,8.0,SUCCESS,1,10.7333,10.2556,23,1932,7.1318,892,
P16,180,0.055865921787709494,103,boltz-8.0,root,5,8.0,SUCCESS,1,9.45,9.0611,20,1701,13.0011,892,
P16,180,0.055865921787709494,103,stock,stock,8,,SUCCESS,1,10.1722,9.6333,22,1831,8.4795,892,
P16,180,0.055865921787709494,101,beta-dhat,beta,10,4.0,TIMEOUT,0,,,,,60.6511,911,
P16,180,0.055865921787709494,103,beta-16.0,beta,1,16.0,SUCCESS,1,8.8944,8.5333,18,1601,21.6233,892,
P16,180,0.055865921787709494,103,stock,stock,9,,SUCCESS,1,9.9778,9.5556,22,1796,7.7023,892,
P16,180,0.055865921787709494,103,beta-16.0,beta,8,16.0,SUCCESS,1,10.0333,9.4889,21,1806,8.1915,892,
P16,180,0.055865921787709494,103,boltz-2.0,root,5,2.0,SUCCESS,1,9.4722,9.0944,20,1705,14.2474,892,
P16,180,0.055865921787709494,103,stock,stock,5,,SUCCESS,1,9.9333,9.4389,20,1788,15.0986,892,
P16,180,0.055865921787709494,103,boltz-8.0,root,4,8.0,SUCCESS,1,8.8167,8.55,19,1587,15.745,892,
P16,180,0.055865921787709494,103,stock,stock,4,,SUCCESS,1,9.3667,9.0,19,1686,16.7515,892,
P16,180,0.055865921787709494,103,beta-16.0,beta,4,16.0,SUCCESS,1,9.2278,8.8611,21,1661,16.3857,892,
P16,180,0.055865921787709494,103,tree-sph,tree,9,2,SUCCESS,1,9.55,9.3111,21,1719,8.5695,892,
P16,180,0.055865921787709494,103,beta-16.0,beta,6,16.0,SUCCESS,1,9.2556,8.9778,19,1666,13.9005,892,
P16,180,0.055865921787709494,102,beta-dhat,beta,6,5.0,SUCCESS,1,9.6722,9.2667,20,1741,40.6544,877,
P16,180,0.055865921787709494,103,beta-16.0,beta,7,16.0,SUCCESS,1,9.7556,9.35,20,1756,12.3085,892,
P16,180,0.055865921787709494,103,beta-16.0,beta,2,16.0,SUCCESS,1,9.6389,9.2889,20,1735,21.4223,892,
P16,180,0.055865921787709494,102,beta-dhat,beta,8,5.0,SUCCESS,1,8.8222,8.4389,19,1588,39.3484,877,
P16,180,0.055865921787709494,103,beta-dhat,beta,4,4.0,SUCCESS,1,9.2167,8.8056,21,1659,19.0593,892,
P16,180,0.055865921787709494,103,tree-sph,tree,10,2,SUCCESS,1,8.9444,8.8,20,1610,8.8189,892,
P16,180,0.055865921787709494,103,tree-sph,tree,12,2,SUCCESS,1,9.8611,9.6,23,1775,6.2636,892,
P16,180,0.055865921787709494,103,boltz-8.0,root,3,8.0,SUCCESS,1,9.0333,8.6222,19,1626,22.0013,892,
P16,180,0.055865921787709494,103,boltz-2.0,root,9,2.0,SUCCESS,1,9.5778,9.2333,21,1724,11.853,892,
P16,180,0.055865921787709494,103,beta-dhat,beta,3,4.0,SUCCESS,1,9.0778,8.7333,19,1634,21.7517,892,
P16,180,0.055865921787709494,103,boltz-8.0,root,9,8.0,SUCCESS,1,9.6611,9.3111,21,1739,12.6181,892,
P16,180,0.055865921787709494,103,boltz-2.0,root,10,2.0,SUCCESS,1,9.5278,9.1611,19,1715,11.1562,892,
P16,180,0.055865921787709494,103,beta-16.0,beta,9,16.0,SUCCESS,1,9.1722,8.8222,19,1651,15.3355,892,
P16,180,0.055865921787709494,103,tree-sph,tree,14,2,SUCCESS,1,9.4611,9.2444,22,1703,7.8419,892,
P16,180,0.055865921787709494,103,tree-sph,tree,13,2,SUCCESS,1,9.2333,9.0167,18,1662,9.5094,892,
P16,180,0.055865921787709494,103,beta-16.0,beta,12,16.0,SUCCESS,1,9.5833,9.2,20,1725,10.2387,892,
P16,180,0.055865921787709494,103,boltz-8.0,root,11,8.0,SUCCESS,1,9.2389,8.8611,20,1663,11.8362,892,
P16,180,0.055865921787709494,103,boltz-2.0,root,11,2.0,SUCCESS,1,9.5833,9.2111,20,1725,12.1697,892,
P16,180,0.055865921787709494,103,boltz-8.0,root,10,8.0,SUCCESS,1,9.4556,9.1111,20,1702,13.0679,892,
P16,180,0.055865921787709494,103,beta-16.0,beta,10,16.0,SUCCESS,1,9.9833,9.5722,20,1797,13.0174,892,
P16,180,0.055865921787709494,103,beta-dhat,beta,9,4.0,SUCCESS,1,8.9222,8.5389,18,1606,16.2501,892,
P16,180,0.055865921787709494,103,boltz-8.0,root,7,8.0,SUCCESS,1,8.9222,8.5556,18,1606,20.1897,892,
P16,180,0.055865921787709494,103,tree-sph,tree,11,2,SUCCESS,1,8.6167,8.4333,20,1551,13.5658,892,
P16,180,0.055865921787709494,103,boltz-2.0,root,12,2.0,SUCCESS,1,9.7611,9.3778,21,1757,12.0396,892,
P16,180,0.055865921787709494,103,stock,stock,13,,SUCCESS,1,9.1778,8.85,19,1652,11.5596,892,
P16,180,0.055865921787709494,104,boltz-2.0,root,0,2.0,SUCCESS,1,11.0889,10.6167,24,1996,7.508,923,
P16,180,0.055865921787709494,103,boltz-2.0,root,14,2.0,SUCCESS,1,9.7889,9.3722,19,1762,10.055,892,
P16,180,0.055865921787709494,103,beta-16.0,beta,13,16.0,SUCCESS,1,9.5167,9.1,22,1713,11.3202,892,
P16,180,0.055865921787709494,103,beta-16.0,beta,11,16.0,SUCCESS,1,8.9389,8.5722,19,1609,13.6568,892,
P16,180,0.055865921787709494,103,stock,stock,11,,SUCCESS,1,8.9889,8.6722,21,1618,15.1929,892,
P16,180,0.055865921787709494,103,boltz-2.0,root,8,2.0,SUCCESS,1,8.5778,8.3667,17,1544,21.3987,892,
P16,180,0.055865921787709494,104,tree-sph,tree,0,2,SUCCESS,1,9.7222,9.5,24,1750,8.7228,923,
P16,180,0.055865921787709494,103,boltz-8.0,root,13,8.0,SUCCESS,1,9.8889,9.4222,20,1780,12.9305,892,
P16,180,0.055865921787709494,103,stock,stock,12,,SUCCESS,1,9.4278,8.9278,21,1697,15.0879,892,
P16,180,0.055865921787709494,103,boltz-2.0,root,13,2.0,SUCCESS,1,9.5167,9.0556,21,1713,13.864,892,
P16,180,0.055865921787709494,103,boltz-8.0,root,14,8.0,SUCCESS,1,9.7833,9.4444,19,1761,12.2121,892,
P16,180,0.055865921787709494,103,boltz-8.0,root,12,8.0,SUCCESS,1,9.3111,8.8556,19,1676,16.1823,892,
P16,180,0.055865921787709494,104,tree-sph,tree,1,2,SUCCESS,1,9.4056,9.2167,19,1693,10.3209,923,
P16,180,0.055865921787709494,104,tree-sph,tree,2,2,SUCCESS,1,10.6611,10.4667,24,1919,6.1155,923,
P16,180,0.055865921787709494,103,beta-dhat,beta,1,4.0,SUCCESS,1,8.3444,8.0889,16,1502,37.89,892,
P16,180,0.055865921787709494,103,beta-dhat,beta,12,4.0,SUCCESS,1,8.5,8.1778,19,1530,17.5876,892,
P16,180,0.055865921787709494,104,tree-sph,tree,3,2,SUCCESS,1,10.85,10.6,26,1953,7.0779,923,
P16,180,0.055865921787709494,103,beta-16.0,beta,14,16.0,SUCCESS,1,9.4111,9.0556,19,1694,15.3768,892,
P16,180,0.055865921787709494,103,beta-dhat,beta,11,4.0,SUCCESS,1,8.8333,8.5222,18,1590,19.3609,892,
P16,180,0.055865921787709494,103,stock,stock,14,,SUCCESS,1,8.9778,8.5889,18,1616,18.231,892,
P16,180,0.055865921787709494,104,stock,stock,4,,SUCCESS,1,10.7722,10.2,24,1939,8.1289,923,
P16,180,0.055865921787709494,104,boltz-8.0,root,0,8.0,SUCCESS,1,10.0222,9.6778,20,1804,15.3457,923,
P16,180,0.055865921787709494,104,beta-16.0,beta,0,16.0,SUCCESS,1,9.6,9.2778,20,1728,15.2694,923,
P16,180,0.055865921787709494,104,boltz-2.0,root,1,2.0,SUCCESS,1,9.6333,9.2278,22,1734,14.2454,923,
P16,180,0.055865921787709494,104,tree-sph,tree,4,2,SUCCESS,1,9.0611,8.85,21,1631,9.6797,923,
P16,180,0.055865921787709494,103,stock,stock,10,,SUCCESS,1,8.9556,8.6333,19,1612,27.4991,892,
P16,180,0.055865921787709494,104,stock,stock,0,,SUCCESS,1,9.2944,8.9056,21,1673,19.1265,923,
P16,180,0.055865921787709494,104,boltz-2.0,root,2,2.0,SUCCESS,1,9.8278,9.3944,22,1769,12.4604,923,
P16,180,0.055865921787709494,104,stock,stock,3,,SUCCESS,1,9.7111,9.3111,22,1748,12.5866,923,
P16,180,0.055865921787709494,104,beta-16.0,beta,2,16.0,SUCCESS,1,9.7944,9.4167,20,1763,13.5906,923,
P16,180,0.055865921787709494,104,stock,stock,5,,SUCCESS,1,10.1944,9.7944,23,1835,10.4941,923,
P16,180,0.055865921787709494,104,tree-sph,tree,5,2,SUCCESS,1,9.6722,9.4444,21,1741,10.2879,923,
P16,180,0.055865921787709494,104,boltz-8.0,root,5,8.0,SUCCESS,1,10.3611,9.8167,22,1865,9.7915,923,
P16,180,0.055865921787709494,104,beta-16.0,beta,1,16.0,SUCCESS,1,10.3611,9.9111,22,1865,15.8021,923,
P16,180,0.055865921787709494,104,boltz-8.0,root,1,8.0,SUCCESS,1,9.5167,9.1556,20,1713,18.3843,923,
P16,180,0.055865921787709494,104,tree-sph,tree,6,2,SUCCESS,1,9.6444,9.5111,23,1736,8.9995,923,
P16,180,0.055865921787709494,103,beta-dhat,beta,14,4.0,SUCCESS,1,9.0667,8.7556,20,1632,23.7583,892,
P16,180,0.055865921787709494,104,boltz-8.0,root,3,8.0,SUCCESS,1,9.2333,8.8944,19,1662,15.6359,923,
P16,180,0.055865921787709494,104,boltz-2.0,root,4,2.0,SUCCESS,1,9.4389,9.0889,21,1699,15.0143,923,
P16,180,0.055865921787709494,104,boltz-2.0,root,3,2.0,SUCCESS,1,9.8556,9.4722,21,1774,16.1325,923,
P16,180,0.055865921787709494,104,beta-16.0,beta,7,16.0,SUCCESS,1,10.4056,9.8778,24,1873,6.947,923,
P16,180,0.055865921787709494,103,beta-dhat,beta,10,4.0,SUCCESS,1,8.6111,8.3278,20,1550,30.0933,892,
P16,180,0.055865921787709494,104,tree-sph,tree,7,2,SUCCESS,1,9.6333,9.4278,20,1734,7.571,923,
P16,180,0.055865921787709494,104,stock,stock,1,,SUCCESS,1,8.7722,8.4778,18,1579,22.5463,923,
P16,180,0.055865921787709494,104,beta-dhat,beta,1,4.0,SUCCESS,1,9.35,9.0111,21,1683,18.5032,923,
P16,180,0.055865921787709494,104,boltz-8.0,root,6,8.0,SUCCESS,1,10.1556,9.7056,23,1828,10.49,923,
P16,180,0.055865921787709494,104,beta-16.0,beta,3,16.0,SUCCESS,1,9.3444,9.0,21,1682,16.7656,923,
P16,180,0.055865921787709494,104,beta-16.0,beta,5,16.0,SUCCESS,1,9.6889,9.3444,21,1744,12.8216,923,
P16,180,0.055865921787709494,104,boltz-8.0,root,2,8.0,SUCCESS,1,9.85,9.4722,20,1773,19.8419,923,
P16,180,0.055865921787709494,104,boltz-2.0,root,5,2.0,SUCCESS,1,9.2056,8.7833,21,1657,16.0776,923,
P16,180,0.055865921787709494,104,tree-sph,tree,9,2,SUCCESS,1,10.5944,10.3278,23,1907,6.1145,923,
P16,180,0.055865921787709494,104,stock,stock,2,,SUCCESS,1,9.7056,9.3278,20,1747,21.506,923,
P16,180,0.055865921787709494,104,boltz-2.0,root,6,2.0,SUCCESS,1,9.5778,9.1722,23,1724,13.7727,923,
P16,180,0.055865921787709494,104,beta-16.0,beta,4,16.0,SUCCESS,1,9.3444,8.9444,21,1682,18.9177,923,
P16,180,0.055865921787709494,104,beta-16.0,beta,6,16.0,SUCCESS,1,9.5944,9.2111,20,1727,14.0683,923,
P16,180,0.055865921787709494,104,stock,stock,7,,SUCCESS,1,9.7722,9.4222,18,1759,12.9368,923,
P16,180,0.055865921787709494,103,beta-dhat,beta,5,4.0,SUCCESS,1,8.6667,8.3944,19,1560,45.6759,892,
P16,180,0.055865921787709494,104,boltz-8.0,root,4,8.0,SUCCESS,1,9.2222,8.8611,20,1660,19.9681,923,
P16,180,0.055865921787709494,104,beta-dhat,beta,6,4.0,SUCCESS,1,9.0667,8.6778,20,1632,16.8617,923,
P16,180,0.055865921787709494,104,tree-sph,tree,11,2,SUCCESS,1,9.8778,9.65,22,1778,7.0933,923,
P16,180,0.055865921787709494,104,boltz-2.0,root,8,2.0,SUCCESS,1,9.9444,9.4778,22,1790,12.6999,923,
P16,180,0.055865921787709494,104,boltz-8.0,root,7,8.0,SUCCESS,1,9.45,9.0722,20,1701,15.0762,923,
P16,180,0.055865921787709494,104,stock,stock,8,,SUCCESS,1,9.6611,9.2944,21,1739,14.2054,923,
P16,180,0.055865921787709494,104,stock,stock,9,,SUCCESS,1,9.6389,9.2222,21,1735,12.2487,923,
P16,180,0.055865921787709494,104,beta-dhat,beta,5,4.0,SUCCESS,1,9.0278,8.6111,20,1625,20.5079,923,
P16,180,0.055865921787709494,103,beta-dhat,beta,0,4.0,SUCCESS,1,8.4278,8.1278,18,1517,60.0171,892,
P16,180,0.055865921787709494,104,tree-sph,tree,10,2,SUCCESS,1,9.6611,9.4944,23,1739,9.8139,923,
P16,180,0.055865921787709494,104,boltz-8.0,root,8,8.0,SUCCESS,1,8.8889,8.5333,19,1600,13.8377,923,
P16,180,0.055865921787709494,104,beta-dhat,beta,7,4.0,SUCCESS,1,9.1333,8.8222,19,1644,15.9326,923,
P16,180,0.055865921787709494,104,beta-16.0,beta,10,16.0,SUCCESS,1,10.3667,9.9444,23,1866,10.3926,923,
P16,180,0.055865921787709494,104,stock,stock,11,,SUCCESS,1,10.4944,9.9722,25,1889,10.0796,923,
P16,180,0.055865921787709494,104,boltz-2.0,root,7,2.0,SUCCESS,1,9.0222,8.5944,20,1624,17.9248,923,
P16,180,0.055865921787709494,104,boltz-2.0,root,11,2.0,SUCCESS,1,10.5778,10.0,23,1904,10.3414,923,
P16,180,0.055865921787709494,104,stock,stock,6,,SUCCESS,1,9.2444,8.95,19,1664,22.622,923,
P16,180,0.055865921787709494,104,boltz-8.0,root,9,8.0,SUCCESS,1,10.0389,9.5333,21,1807,13.2588,923,
P16,180,0.055865921787709494,104,stock,stock,13,,SUCCESS,1,10.8889,10.3556,23,1960,7.1399,923,
P16,180,0.055865921787709494,104,stock,stock,10,,SUCCESS,1,9.7,9.2944,22,1746,12.4661,923,
P16,180,0.055865921787709494,104,beta-16.0,beta,9,16.0,SUCCESS,1,9.9556,9.4944,22,1792,13.3535,923,
P16,180,0.055865921787709494,104,tree-sph,tree,12,2,SUCCESS,1,9.7222,9.5222,23,1750,9.5858,923,
P16,180,0.055865921787709494,104,tree-sph,tree,8,2,SUCCESS,1,8.9167,8.7389,19,1605,18.0829,923,
P16,180,0.055865921787709494,104,beta-dhat,beta,0,4.0,SUCCESS,1,8.5,8.1611,20,1530,35.158,923,
P16,180,0.055865921787709494,104,tree-sph,tree,13,2,SUCCESS,1,10.0,9.8,23,1800,8.2949,923,
P16,180,0.055865921787709494,104,boltz-2.0,root,10,2.0,SUCCESS,1,9.6889,9.2,21,1744,14.0435,923,
P16,180,0.055865921787709494,104,boltz-2.0,root,12,2.0,SUCCESS,1,9.2389,8.9556,20,1663,9.9871,923,
P16,180,0.055865921787709494,104,beta-16.0,beta,8,16.0,SUCCESS,1,9.4278,9.0278,19,1697,17.8677,923,
P16,180,0.055865921787709494,104,boltz-8.0,root,10,8.0,SUCCESS,1,9.2778,8.8889,19,1670,14.1463,923,
P16,180,0.055865921787709494,104,boltz-8.0,root,12,8.0,SUCCESS,1,10.1611,9.75,21,1829,10.7566,923,
P16,180,0.055865921787709494,104,beta-dhat,beta,8,4.0,SUCCESS,1,9.2333,8.8556,20,1662,18.424,923,
P16,180,0.055865921787709494,103,beta-dhat,beta,2,4.0,TIMEOUT,0,,,,,60.8208,892,
P16,180,0.055865921787709494,104,boltz-2.0,root,9,2.0,SUCCESS,1,9.1611,8.7889,19,1649,18.2552,923,
P16,180,0.055865921787709494,104,boltz-8.0,root,11,8.0,SUCCESS,1,9.2111,8.8833,19,1658,15.2023,923,
P16,180,0.055865921787709494,104,beta-dhat,beta,3,4.0,SUCCESS,1,8.9,8.5944,20,1602,31.735,923,
P16,180,0.055865921787709494,104,beta-16.0,beta,13,16.0,SUCCESS,1,10.3944,9.8667,22,1871,9.1668,923,
P16,180,0.055865921787709494,104,stock,stock,12,,SUCCESS,1,9.8111,9.35,19,1766,14.0988,923,
P16,180,0.055865921787709494,104,tree-sph,tree,14,2,SUCCESS,1,9.9778,9.8611,22,1796,8.4925,923,
P16,180,0.055865921787709494,104,beta-16.0,beta,12,16.0,SUCCESS,1,9.7167,9.3056,20,1749,13.8999,923,
P16,180,0.055865921787709494,104,boltz-2.0,root,13,2.0,SUCCESS,1,9.4278,9.0389,20,1697,14.4392,923,
P16,180,0.055865921787709494,104,beta-16.0,beta,11,16.0,SUCCESS,1,9.1,8.8222,19,1638,18.6414,923,
P16,180,0.055865921787709494,105,tree-sph,tree,0,2,SUCCESS,1,9.7556,9.5889,20,1756,9.4569,921,
P16,180,0.055865921787709494,104,boltz-2.0,root,14,2.0,SUCCESS,1,9.6556,9.2889,21,1738,11.4953,923,
P16,180,0.055865921787709494,105,boltz-2.0,root,0,2.0,SUCCESS,1,10.4056,9.9556,22,1873,11.3697,921,
P16,180,0.055865921787709494,104,boltz-8.0,root,13,8.0,SUCCESS,1,10.0833,9.5944,21,1815,14.5327,923,
P16,180,0.055865921787709494,105,boltz-8.0,root,0,8.0,SUCCESS,1,9.8556,9.4556,21,1774,11.6894,921,
P16,180,0.055865921787709494,105,tree-sph,tree,2,2,SUCCESS,1,9.9278,9.7056,23,1787,9.3711,921,
P16,180,0.055865921787709494,103,beta-dhat,beta,7,4.0,SUCCESS,1,8.1667,7.8722,17,1470,59.1344,892,
P16,180,0.055865921787709494,103,beta-dhat,beta,6,4.0,TIMEOUT,0,,,,,60.9056,892,
P16,180,0.055865921787709494,105,tree-sph,tree,1,2,SUCCESS,1,9.55,9.3778,21,1719,11.0243,921,
P16,180,0.055865921787709494,105,boltz-8.0,root,2,8.0,SUCCESS,1,10.3778,9.8944,22,1868,9.4917,921,
P16,180,0.055865921787709494,105,stock,stock,0,,SUCCESS,1,9.7944,9.4611,20,1763,14.85,921,
P16,180,0.055865921787709494,103,beta-dhat,beta,13,4.0,SUCCESS,1,8.8389,8.5389,18,1591,51.3481,892,
P16,180,0.055865921787709494,103,beta-dhat,beta,8,4.0,SUCCESS,1,9.6056,9.0944,24,1729,60.025,892,
P16,180,0.055865921787709494,104,beta-dhat,beta,10,4.0,SUCCESS,1,9.1389,8.7222,19,1645,24.9133,923,
P16,180,0.055865921787709494,105,boltz-8.0,root,4,8.0,SUCCESS,1,11.0389,10.4444,24,1987,9.2315,921,
P16,180,0.055865921787709494,105,boltz-2.0,root,1,2.0,SUCCESS,1,10.45,10.0167,22,1881,14.692,921,
P16,180,0.055865921787709494,105,boltz-8.0,root,3,8.0,SUCCESS,1,10.3167,9.8778,21,1857,11.367,921,
P16,180,0.055865921787709494,104,beta-16.0,beta,14,16.0,SUCCESS,1,9.8889,9.5,22,1780,17.8956,923,
P16,180,0.055865921787709494,105,boltz-8.0,root,1,8.0,SUCCESS,1,9.0667,8.75,18,1632,15.9,921,
P16,180,0.055865921787709494,105,beta-16.0,beta,3,16.0,SUCCESS,1,10.5111,10.0556,22,1892,12.4798,921,
P16,180,0.055865921787709494,105,boltz-2.0,root,4,2.0,SUCCESS,1,9.65,9.2222,20,1737,11.3265,921,
P16,180,0.055865921787709494,105,tree-sph,tree,3,2,SUCCESS,1,9.2444,9.0056,20,1664,14.3476,921,
P16,180,0.055865921787709494,104,stock,stock,14,,SUCCESS,1,9.6444,9.2,20,1736,20.9371,923,
P16,180,0.055865921787709494,105,tree-sph,tree,4,2,SUCCESS,1,10.1556,9.9333,21,1828,12.2265,921,
P16,180,0.055865921787709494,105,boltz-2.0,root,3,2.0,SUCCESS,1,10.1278,9.7056,22,1823,14.1578,921,
P16,180,0.055865921787709494,105,boltz-8.0,root,5,8.0,SUCCESS,1,10.7667,10.3111,23,1938,7.8043,921,
P16,180,0.055865921787709494,105,stock,stock,4,,SUCCESS,1,10.0167,9.5389,23,1803,13.8002,921,
P16,180,0.055865921787709494,105,tree-sph,tree,5,2,SUCCESS,1,9.9,9.6222,22,1782,10.4485,921,
P16,180,0.055865921787709494,105,beta-16.0,beta,5,16.0,SUCCESS,1,10.5778,10.1056,23,1904,8.2535,921,
P16,180,0.055865921787709494,105,beta-16.0,beta,0,16.0,SUCCESS,1,9.7056,9.3222,21,1747,19.5474,921,
P16,180,0.055865921787709494,105,boltz-2.0,root,2,2.0,SUCCESS,1,9.5056,9.0889,20,1711,18.0374,921,
P16,180,0.055865921787709494,105,stock,stock,1,,SUCCESS,1,9.7333,9.3833,20,1752,20.2101,921,
P16,180,0.055865921787709494,105,stock,stock,5,,SUCCESS,1,10.3889,9.9944,24,1870,11.9935,921,
P16,180,0.055865921787709494,105,stock,stock,3,,SUCCESS,1,9.3889,9.0389,20,1690,17.9115,921,
P16,180,0.055865921787709494,105,tree-sph,tree,6,2,SUCCESS,1,9.9111,9.7278,22,1784,9.8658,921,
P16,180,0.055865921787709494,105,beta-16.0,beta,6,16.0,SUCCESS,1,10.3167,9.7389,22,1857,9.2976,921,
P16,180,0.055865921787709494,105,stock,stock,2,,SUCCESS,1,9.2389,8.9556,19,1663,20.5686,921,
P16,180,0.055865921787709494,104,boltz-8.0,root,14,8.0,SUCCESS,1,8.9944,8.6944,19,1619,24.9596,923,
P16,180,0.055865921787709494,105,boltz-2.0,root,5,2.0,SUCCESS,1,9.6667,9.3167,19,1740,13.6522,921,
P16,180,0.055865921787709494,105,tree-sph,tree,9,2,SUCCESS,1,10.4556,10.2778,22,1882,5.3093,921,
P16,180,0.055865921787709494,105,beta-dhat,beta,0,4.0,SUCCESS,1,8.8611,8.5444,19,1595,23.443,921,
P16,180,0.055865921787709494,105,tree-sph,tree,8,2,SUCCESS,1,10.1556,9.85,23,1828,7.0269,921,
P16,180,0.055865921787709494,105,tree-sph,tree,7,2,SUCCESS,1,9.7333,9.5667,21,1752,9.9534,921,
P16,180,0.055865921787709494,105,beta-16.0,beta,1,16.0,SUCCESS,1,9.3333,8.9722,20,1680,22.7258,921,
P16,180,0.055865921787709494,105,boltz-2.0,root,8,2.0,SUCCESS,1,10.4722,10.0222,23,1885,7.8585,921,
P16,180,0.055865921787709494,105,boltz-8.0,root,7,8.0,SUCCESS,1,11.0611,10.4944,22,1991,9.853,921,
P16,180,0.055865921787709494,105,beta-16.0,beta,2,16.0,SUCCESS,1,9.9278,9.5222,20,1787,22.4371,921,
P16,180,0.055865921787709494,105,boltz-2.0,root,9,2.0,SUCCESS,1,11.1444,10.5611,23,2006,6.5518,921,
P16,180,0.055865921787709494,105,stock,stock,7,,SUCCESS,1,10.4833,10.0889,21,1887,11.8592,921,
P16,180,0.055865921787709494,105,boltz-2.0,root,7,2.0,SUCCESS,1,10.0389,9.5722,21,1807,12.4824,921,
P16,180,0.055865921787709494,105,stock,stock,6,,SUCCESS,1,9.3722,9.0833,19,1687,16.335,921,
P16,180,0.055865921787709494,105,boltz-8.0,root,6,8.0,SUCCESS,1,9.9,9.4833,21,1782,16.1057,921,
P16,180,0.055865921787709494,105,beta-16.0,beta,8,16.0,SUCCESS,1,10.95,10.4278,23,1971,10.1741,921,
P16,180,0.055865921787709494,105,beta-16.0,beta,7,16.0,SUCCESS,1,9.5333,9.1444,20,1716,12.7074,921,
P16,180,0.055865921787709494,105,boltz-2.0,root,6,2.0,SUCCESS,1,9.5333,9.1056,20,1716,16.9331,921,
P16,180,0.055865921787709494,105,boltz-8.0,root,10,8.0,SUCCESS,1,11.0056,10.45,23,1981,7.8534,921,
P16,180,0.055865921787709494,105,beta-16.0,beta,4,16.0,SUCCESS,1,9.5944,9.1611,19,1727,21.6659,921,
P16,180,0.055865921787709494,105,boltz-8.0,root,8,8.0,SUCCESS,1,9.85,9.4556,21,1773,12.8763,921,
P16,180,0.055865921787709494,105,tree-sph,tree,10,2,SUCCESS,1,9.6222,9.4056,21,1732,10.0676,921,
P16,180,0.055865921787709494,105,stock,stock,8,,SUCCESS,1,9.8556,9.4444,19,1774,14.2171,921,
P16,180,0.055865921787709494,105,beta-dhat,beta,3,4.0,SUCCESS,1,9.0278,8.7222,20,1625,25.8944,921,
P16,180,0.055865921787709494,104,beta-dhat,beta,2,4.0,SUCCESS,1,9.3167,8.9444,20,1677,60.0704,923,
P16,180,0.055865921787709494,105,tree-sph,tree,13,2,SUCCESS,1,11.0556,10.8056,25,1990,6.5597,921,
P16,180,0.055865921787709494,105,boltz-2.0,root,11,2.0,SUCCESS,1,10.6,10.1333,20,1908,9.0302,921,
P16,180,0.055865921787709494,105,beta-16.0,beta,9,16.0,SUCCESS,1,10.0889,9.6222,21,1816,13.8986,921,
P16,180,0.055865921787709494,105,stock,stock,12,,SUCCESS,1,10.7833,10.2444,22,1941,9.2478,921,
P16,180,0.055865921787709494,105,tree-sph,tree,12,2,SUCCESS,1,10.4778,10.1833,24,1886,9.3614,921,
P16,180,0.055865921787709494,105,stock,stock,11,,SUCCESS,1,9.5778,9.25,20,1724,11.8703,921,
P16,180,0.055865921787709494,105,beta-16.0,beta,10,16.0,SUCCESS,1,9.7389,9.2889,20,1753,13.3624,921,
P16,180,0.055865921787709494,104,beta-dhat,beta,4,4.0,TIMEOUT,0,,,,,60.8629,923,
P16,180,0.055865921787709494,105,stock,stock,9,,SUCCESS,1,9.5944,9.2056,21,1727,17.4343,921,
P16,180,0.055865921787709494,105,stock,stock,13,,SUCCESS,1,9.95,9.4167,21,1791,10.7438,921,
P16,180,0.055865921787709494,105,beta-dhat,beta,6,4.0,SUCCESS,1,9.1167,8.7667,19,1641,23.151,921,
P16,180,0.055865921787709494,105,stock,stock,14,,SUCCESS,1,10.6667,10.1667,24,1920,8.4485,921,
P16,180,0.055865921787709494,105,tree-sph,tree,11,2,SUCCESS,1,9.4,9.2389,21,1692,14.5901,921,
P16,180,0.055865921787709494,105,boltz-8.0,root,9,8.0,SUCCESS,1,10.0167,9.6222,21,1803,17.8273,921,
P16,180,0.055865921787709494,105,boltz-2.0,root,10,2.0,SUCCESS,1,9.4111,9.0111,19,1694,16.5226,921,
P16,180,0.055865921787709494,105,beta-dhat,beta,5,4.0,SUCCESS,1,8.95,8.6667,19,1611,26.1665,921,
P16,180,0.055865921787709494,105,tree-sph,tree,14,2,SUCCESS,1,11.2556,10.95,24,2026,9.381,921,
P16,180,0.055865921787709494,105,boltz-2.0,root,12,2.0,SUCCESS,1,10.2556,9.75,22,1846,13.9735,921,
P16,180,0.055865921787709494,105,boltz-8.0,root,13,8.0,SUCCESS,1,10.0667,9.6056,22,1812,11.8654,921,
P16,180,0.055865921787709494,105,boltz-2.0,root,13,2.0,SUCCESS,1,9.9556,9.4889,19,1792,13.2876,921,
P16,180,0.055865921787709494,105,beta-16.0,beta,14,16.0,SUCCESS,1,10.6222,10.15,21,1912,9.9387,921,
P16,180,0.055865921787709494,105,beta-dhat,beta,4,4.0,SUCCESS,1,8.9833,8.6556,19,1617,32.1299,921,
P16,180,0.055865921787709494,105,beta-16.0,beta,11,16.0,SUCCESS,1,9.4444,9.0222,19,1700,17.9802,921,
P16,180,0.055865921787709494,105,boltz-8.0,root,11,8.0,SUCCESS,1,9.2556,8.8167,19,1666,18.4251,921,
P16,180,0.055865921787709494,104,beta-dhat,beta,9,4.0,SUCCESS,1,9.1889,8.8111,19,1654,54.0368,923,
P16,180,0.055865921787709494,105,beta-dhat,beta,9,4.0,SUCCESS,1,9.1333,8.8111,19,1644,23.7831,921,
P16,180,0.055865921787709494,105,stock,stock,10,,SUCCESS,1,9.4611,9.1611,19,1703,23.9712,921,
P16,180,0.055865921787709494,104,beta-dhat,beta,14,4.0,SUCCESS,1,9.3833,9.0333,21,1689,45.2798,923,
P16,180,0.055865921787709494,105,boltz-8.0,root,14,8.0,SUCCESS,1,9.9056,9.5444,19,1783,14.9909,921,
P16,180,0.055865921787709494,105,beta-16.0,beta,12,16.0,SUCCESS,1,9.3611,8.9667,20,1685,19.1904,921,
P16,180,0.055865921787709494,105,beta-16.0,beta,13,16.0,SUCCESS,1,9.5667,9.2056,19,1722,16.8142,921,
P16,180,0.055865921787709494,105,boltz-2.0,root,14,2.0,SUCCESS,1,9.6222,9.2667,19,1732,16.786,921,
P16,180,0.055865921787709494,105,boltz-8.0,root,12,8.0,SUCCESS,1,9.0222,8.6056,18,1624,22.2696,921,
P16,180,0.055865921787709494,105,beta-dhat,beta,12,4.0,SUCCESS,1,9.5333,9.1444,22,1716,23.6437,921,
P16,180,0.055865921787709494,105,beta-dhat,beta,2,4.0,SUCCESS,1,8.85,8.5167,19,1593,48.3157,921,
P16,180,0.055865921787709494,104,beta-dhat,beta,11,4.0,SUCCESS,1,8.9222,8.6,20,1606,60.0829,923,
P16,180,0.055865921787709494,104,beta-dhat,beta,12,4.0,TIMEOUT,0,,,,,60.5613,923,
P16,180,0.055865921787709494,104,beta-dhat,beta,13,4.0,TIMEOUT,0,,,,,60.4823,923,
P16,180,0.055865921787709494,105,beta-dhat,beta,1,4.0,TIMEOUT,0,,,,,61.0342,921,
P16,180,0.055865921787709494,105,beta-dhat,beta,11,4.0,SUCCESS,1,9.5833,9.1389,20,1725,42.3283,921,
P16,180,0.055865921787709494,105,beta-dhat,beta,7,4.0,TIMEOUT,0,,,,,60.778,921,
P16,180,0.055865921787709494,105,beta-dhat,beta,10,4.0,SUCCESS,1,8.7333,8.45,18,1572,55.7194,921,
P16,180,0.055865921787709494,105,beta-dhat,beta,8,4.0,TIMEOUT,0,,,,,60.7458,921,
P16,180,0.055865921787709494,105,beta-dhat,beta,14,4.0,SUCCESS,1,8.9444,8.6667,18,1610,53.8501,921,
P16,180,0.055865921787709494,105,beta-dhat,beta,13,4.0,TIMEOUT,0,,,,,60.6906,921,
