topo,n,p,inst_seed,arm,family,algo_seed,switch_val,status,success,acl,acl_spur,max_chain,qubits,wall,n_edges,err
P16,60,0.1694915254237288,101,tree-union,tree,0,1,SUCCESS,1,4.35,4.1333,7,261,0.6872,301,
P16,60,0.1694915254237288,101,tree-sph,tree,2,2,SUCCESS,1,3.9833,3.95,7,239,0.6775,301,
P16,60,0.1694915254237288,101,tree-sph,tree,0,2,SUCCESS,1,4.05,3.9833,7,243,0.7796,301,
P16,60,0.1694915254237288,102,tree-union,tree,0,1,SUCCESS,1,3.95,3.8167,7,237,0.7593,283,
P16,60,0.1694915254237288,101,tree-sph,tree,4,2,SUCCESS,1,4.0833,4.0333,7,245,0.7939,301,
P16,60,0.1694915254237288,101,boltz-0.5,root,1,0.5,SUCCESS,1,4.5333,4.4,7,272,0.8252,301,
P16,60,0.1694915254237288,101,boltz-2.0,root,0,2.0,SUCCESS,1,4.5667,4.35,8,274,0.8509,301,
P16,60,0.1694915254237288,102,tree-sph,tree,0,2,SUCCESS,1,3.9167,3.85,7,235,0.8326,283,
P16,60,0.1694915254237288,102,stock,stock,0,,SUCCESS,1,3.8167,3.6833,7,229,0.8881,283,
P16,60,0.1694915254237288,101,boltz-2.0,root,1,2.0,SUCCESS,1,4.3667,4.3,7,262,0.9124,301,
P16,60,0.1694915254237288,101,tree-sph,tree,3,2,SUCCESS,1,4.1167,4.0667,7,247,0.9143,301,
P16,60,0.1694915254237288,101,boltz-8.0,root,1,8.0,SUCCESS,1,4.0667,4.0167,7,244,0.9854,301,
P16,60,0.1694915254237288,101,beta-16.0,beta,4,16.0,SUCCESS,1,3.9833,3.9167,7,239,0.9833,301,
P16,60,0.1694915254237288,101,stock,stock,4,,SUCCESS,1,3.9833,3.9167,7,239,0.9995,301,
P16,60,0.1694915254237288,101,tree-union,tree,4,1,SUCCESS,1,3.8833,3.7833,7,233,1.0184,301,
P16,60,0.1694915254237288,101,boltz-0.5,root,3,0.5,SUCCESS,1,3.9167,3.8333,7,235,1.0599,301,
P16,60,0.1694915254237288,101,boltz-2.0,root,2,2.0,SUCCESS,1,4.3,4.1667,7,258,1.1977,301,
P16,60,0.1694915254237288,101,boltz-8.0,root,3,8.0,SUCCESS,1,3.65,3.5833,6,219,1.2292,301,
P16,60,0.1694915254237288,101,boltz-8.0,root,2,8.0,SUCCESS,1,4.2,4.1667,7,252,1.2741,301,
P16,60,0.1694915254237288,101,boltz-8.0,root,4,8.0,SUCCESS,1,4.15,4.15,7,249,1.2688,301,
P16,60,0.1694915254237288,101,boltz-2.0,root,4,2.0,SUCCESS,1,3.7833,3.75,6,227,1.2717,301,
P16,60,0.1694915254237288,101,stock,stock,3,,SUCCESS,1,3.9833,3.85,7,239,1.3184,301,
P16,60,0.1694915254237288,101,tree-union,tree,1,1,SUCCESS,1,3.95,3.8667,7,237,1.3871,301,
P16,60,0.1694915254237288,101,tree-union,tree,2,1,SUCCESS,1,4.1333,4.0167,7,248,1.3846,301,
P16,60,0.1694915254237288,101,tree-sph,tree,1,2,SUCCESS,1,3.8833,3.8333,6,233,1.404,301,
P16,60,0.1694915254237288,101,boltz-0.5,root,0,0.5,SUCCESS,1,4.15,4.0667,7,249,1.4231,301,
P16,60,0.1694915254237288,101,beta-16.0,beta,1,16.0,SUCCESS,1,3.85,3.8,7,231,1.4224,301,
P16,60,0.1694915254237288,101,stock,stock,1,,SUCCESS,1,3.85,3.8,7,231,1.4285,301,
P16,60,0.1694915254237288,101,boltz-8.0,root,0,8.0,SUCCESS,1,4.0167,3.9333,7,241,1.4639,301,
P16,60,0.1694915254237288,101,boltz-0.5,root,2,0.5,SUCCESS,1,3.7,3.65,6,222,1.4941,301,
P16,60,0.1694915254237288,101,beta-dhat,beta,3,4.0,SUCCESS,1,3.9833,3.9,7,239,1.5302,301,
P16,60,0.1694915254237288,102,boltz-2.0,root,0,2.0,SUCCESS,1,3.9833,3.9167,7,239,0.866,283,
P16,60,0.1694915254237288,102,boltz-0.5,root,0,0.5,SUCCESS,1,4.0333,3.95,6,242,0.9134,283,
P16,60,0.1694915254237288,101,beta-16.0,beta,3,16.0,SUCCESS,1,3.75,3.6833,6,225,1.6476,301,
P16,60,0.1694915254237288,101,stock,stock,0,,SUCCESS,1,3.8167,3.75,6,229,1.696,301,
P16,60,0.1694915254237288,101,beta-16.0,beta,0,16.0,SUCCESS,1,3.8167,3.75,6,229,1.6894,301,
P16,60,0.1694915254237288,102,beta-16.0,beta,0,16.0,SUCCESS,1,3.8167,3.6833,7,229,0.8839,283,
P16,60,0.1694915254237288,101,tree-union,tree,3,1,SUCCESS,1,3.8667,3.7833,6,232,1.7131,301,
P16,60,0.1694915254237288,102,boltz-8.0,root,0,8.0,SUCCESS,1,3.8333,3.8167,7,230,1.0113,283,
P16,60,0.1694915254237288,102,boltz-0.5,root,1,0.5,SUCCESS,1,3.9833,3.85,7,239,0.8699,283,
P16,60,0.1694915254237288,102,stock,stock,1,,SUCCESS,1,3.5667,3.5167,6,214,0.9517,283,
P16,60,0.1694915254237288,101,boltz-2.0,root,3,2.0,SUCCESS,1,3.7667,3.75,6,226,1.8374,301,
P16,60,0.1694915254237288,102,boltz-2.0,root,1,2.0,SUCCESS,1,3.4333,3.3667,6,206,0.9421,283,
P16,60,0.1694915254237288,102,tree-sph,tree,1,2,SUCCESS,1,3.75,3.6667,7,225,0.9657,283,
P16,60,0.1694915254237288,101,beta-dhat,beta,1,4.0,SUCCESS,1,3.7333,3.6667,6,224,1.8994,301,
P16,60,0.1694915254237288,102,tree-sph,tree,3,2,SUCCESS,1,3.75,3.7167,7,225,0.4831,283,
P16,60,0.1694915254237288,101,beta-dhat,beta,4,4.0,SUCCESS,1,3.8333,3.8167,6,230,1.9419,301,
P16,60,0.1694915254237288,101,beta-dhat,beta,2,4.0,SUCCESS,1,3.9667,3.8833,7,238,1.9531,301,
P16,60,0.1694915254237288,102,beta-16.0,beta,1,16.0,SUCCESS,1,3.5667,3.5167,6,214,1.0257,283,
P16,60,0.1694915254237288,102,tree-sph,tree,2,2,SUCCESS,1,3.7833,3.7333,7,227,0.8146,283,
P16,60,0.1694915254237288,102,beta-dhat,beta,0,3.0,SUCCESS,1,3.85,3.75,7,231,1.3381,283,
P16,60,0.1694915254237288,102,tree-union,tree,1,1,SUCCESS,1,3.7167,3.6667,7,223,1.3299,283,
P16,60,0.1694915254237288,102,boltz-0.5,root,3,0.5,SUCCESS,1,3.6667,3.5833,6,220,0.8122,283,
P16,60,0.1694915254237288,101,boltz-0.5,root,4,0.5,SUCCESS,1,3.5667,3.5167,6,214,2.2732,301,
P16,60,0.1694915254237288,102,tree-sph,tree,4,2,SUCCESS,1,3.8333,3.8,7,230,0.6423,283,
P16,60,0.1694915254237288,102,boltz-0.5,root,2,0.5,SUCCESS,1,3.6167,3.5167,6,217,1.0621,283,
P16,60,0.1694915254237288,102,tree-union,tree,3,1,SUCCESS,1,3.7333,3.6833,6,224,0.9551,283,
P16,60,0.1694915254237288,102,boltz-2.0,root,3,2.0,SUCCESS,1,3.8667,3.75,7,232,0.9626,283,
P16,60,0.1694915254237288,102,boltz-2.0,root,2,2.0,SUCCESS,1,3.8,3.7667,6,228,1.1507,283,
P16,60,0.1694915254237288,101,beta-16.0,beta,2,16.0,SUCCESS,1,3.6333,3.6333,6,218,2.4887,301,
P16,60,0.1694915254237288,101,stock,stock,2,,SUCCESS,1,3.6333,3.6333,6,218,2.5162,301,
P16,60,0.1694915254237288,102,tree-union,tree,2,1,SUCCESS,1,3.9833,3.7333,7,239,1.3208,283,
P16,60,0.1694915254237288,102,stock,stock,3,,SUCCESS,1,3.5833,3.55,6,215,1.1519,283,
P16,60,0.1694915254237288,101,beta-dhat,beta,0,4.0,SUCCESS,1,3.5333,3.4833,6,212,2.5923,301,
P16,60,0.1694915254237288,102,stock,stock,2,,SUCCESS,1,3.55,3.5,7,213,1.5469,283,
P16,60,0.1694915254237288,102,tree-union,tree,4,1,SUCCESS,1,3.7833,3.7167,6,227,0.9517,283,
P16,60,0.1694915254237288,102,boltz-2.0,root,4,2.0,SUCCESS,1,3.5667,3.5167,6,214,0.9804,283,
P16,60,0.1694915254237288,102,beta-16.0,beta,3,16.0,SUCCESS,1,3.5833,3.55,6,215,1.1595,283,
P16,60,0.1694915254237288,102,boltz-8.0,root,1,8.0,SUCCESS,1,3.85,3.8,6,231,1.7374,283,
P16,60,0.1694915254237288,102,beta-16.0,beta,2,16.0,SUCCESS,1,3.55,3.5,7,213,1.4892,283,
P16,60,0.1694915254237288,102,boltz-0.5,root,4,0.5,SUCCESS,1,3.7667,3.7333,6,226,1.2479,283,
P16,60,0.1694915254237288,103,stock,stock,0,,SUCCESS,1,4.3167,4.15,8,259,1.0771,309,
P16,60,0.1694915254237288,102,boltz-8.0,root,3,8.0,SUCCESS,1,3.8833,3.85,7,233,1.4587,283,
P16,60,0.1694915254237288,102,boltz-8.0,root,4,8.0,SUCCESS,1,3.9,3.8333,7,234,1.1802,283,
P16,60,0.1694915254237288,102,stock,stock,4,,SUCCESS,1,3.5667,3.5167,6,214,1.3151,283,
P16,60,0.1694915254237288,102,beta-16.0,beta,4,16.0,SUCCESS,1,3.5667,3.5167,6,214,1.2186,283,
P16,60,0.1694915254237288,103,beta-16.0,beta,0,16.0,SUCCESS,1,4.3167,4.15,8,259,1.0423,309,
P16,60,0.1694915254237288,102,beta-dhat,beta,3,3.0,SUCCESS,1,3.7,3.65,6,222,1.5192,283,
P16,60,0.1694915254237288,103,tree-sph,tree,1,2,SUCCESS,1,4.0667,3.95,8,244,0.9436,309,
P16,60,0.1694915254237288,103,boltz-0.5,root,0,0.5,SUCCESS,1,4.15,4.0,7,249,1.4092,309,
P16,60,0.1694915254237288,103,boltz-2.0,root,0,2.0,SUCCESS,1,4.1167,4.0667,7,247,1.3848,309,
P16,60,0.1694915254237288,103,tree-sph,tree,0,2,SUCCESS,1,3.8833,3.8333,6,233,1.4651,309,
P16,60,0.1694915254237288,102,boltz-8.0,root,2,8.0,SUCCESS,1,3.8167,3.7833,6,229,2.1443,283,
P16,60,0.1694915254237288,103,tree-union,tree,0,1,SUCCESS,1,4.2,4.05,7,252,1.5603,309,
P16,60,0.1694915254237288,103,boltz-0.5,root,1,0.5,SUCCESS,1,4.0167,3.9167,6,241,1.1132,309,
P16,60,0.1694915254237288,103,tree-sph,tree,2,2,SUCCESS,1,4.25,4.2,7,255,0.9265,309,
P16,60,0.1694915254237288,102,beta-dhat,beta,2,3.0,SUCCESS,1,3.5833,3.5333,6,215,2.1587,283,
P16,60,0.1694915254237288,103,boltz-2.0,root,1,2.0,SUCCESS,1,3.95,3.8833,6,237,1.3195,309,
P16,60,0.1694915254237288,103,stock,stock,3,,SUCCESS,1,4.2167,4.1,7,253,0.8001,309,
P16,60,0.1694915254237288,103,stock,stock,2,,SUCCESS,1,4.0,3.85,7,240,1.1641,309,
P16,60,0.1694915254237288,103,tree-sph,tree,3,2,SUCCESS,1,3.9167,3.8833,7,235,0.8592,309,
P16,60,0.1694915254237288,102,beta-dhat,beta,4,3.0,SUCCESS,1,3.6,3.5667,6,216,1.9665,283,
P16,60,0.1694915254237288,103,beta-16.0,beta,2,16.0,SUCCESS,1,4.0,3.85,7,240,1.1648,309,
P16,60,0.1694915254237288,103,boltz-0.5,root,2,0.5,SUCCESS,1,4.3167,4.2167,7,259,1.3024,309,
P16,60,0.1694915254237288,103,beta-16.0,beta,3,16.0,SUCCESS,1,4.2167,4.1,7,253,0.7992,309,
P16,60,0.1694915254237288,103,stock,stock,1,,SUCCESS,1,4.2167,4.1167,7,253,1.7878,309,
P16,60,0.1694915254237288,103,boltz-8.0,root,1,8.0,SUCCESS,1,4.0833,3.9667,7,245,1.7033,309,
P16,60,0.1694915254237288,103,beta-16.0,beta,1,16.0,SUCCESS,1,4.2167,4.1167,7,253,1.6717,309,
P16,60,0.1694915254237288,103,tree-union,tree,1,1,SUCCESS,1,4.0833,3.9167,7,245,1.9277,309,
P16,60,0.1694915254237288,103,beta-dhat,beta,1,3.0,SUCCESS,1,3.9833,3.85,7,239,1.7472,309,
P16,60,0.1694915254237288,103,boltz-2.0,root,2,2.0,SUCCESS,1,3.8833,3.8333,6,233,1.6891,309,
P16,60,0.1694915254237288,103,tree-sph,tree,4,2,SUCCESS,1,4.0,3.9667,7,240,0.9772,309,
P16,60,0.1694915254237288,103,boltz-2.0,root,4,2.0,SUCCESS,1,4.35,4.2,7,261,1.0836,309,
P16,60,0.1694915254237288,102,beta-dhat,beta,1,3.0,SUCCESS,1,3.5833,3.5333,6,215,3.4901,283,
P16,60,0.1694915254237288,103,tree-union,tree,4,1,SUCCESS,1,3.7333,3.65,7,224,1.2843,309,
P16,60,0.1694915254237288,104,tree-sph,tree,0,2,SUCCESS,1,3.9833,3.9667,6,239,0.9348,299,
P16,60,0.1694915254237288,103,tree-union,tree,2,1,SUCCESS,1,3.9667,3.85,6,238,2.0981,309,
P16,60,0.1694915254237288,103,stock,stock,4,,SUCCESS,1,3.9,3.8167,6,234,1.4691,309,
P16,60,0.1694915254237288,103,beta-dhat,beta,0,3.0,SUCCESS,1,3.7667,3.6833,6,226,2.5335,309,
P16,60,0.1694915254237288,103,boltz-8.0,root,3,8.0,SUCCESS,1,4.0667,3.9333,7,244,1.7478,309,
P16,60,0.1694915254237288,104,tree-union,tree,0,1,SUCCESS,1,4.15,4.0667,7,249,1.0804,299,
P16,60,0.1694915254237288,103,boltz-0.5,root,4,0.5,SUCCESS,1,4.0,3.9,7,240,1.3897,309,
P16,60,0.1694915254237288,104,boltz-0.5,root,0,0.5,SUCCESS,1,4.3667,4.2167,8,262,0.9664,299,
P16,60,0.1694915254237288,103,boltz-0.5,root,3,0.5,SUCCESS,1,4.1833,4.0833,7,251,1.8956,309,
P16,60,0.1694915254237288,104,boltz-2.0,root,0,2.0,SUCCESS,1,3.85,3.8167,7,231,1.0546,299,
P16,60,0.1694915254237288,103,beta-dhat,beta,3,3.0,SUCCESS,1,4.15,4.0667,7,249,1.7848,309,
P16,60,0.1694915254237288,104,tree-sph,tree,1,2,SUCCESS,1,4.4,4.3333,9,264,0.7861,299,
P16,60,0.1694915254237288,103,tree-union,tree,3,1,SUCCESS,1,4.0,3.8667,6,240,2.0693,309,
P16,60,0.1694915254237288,103,beta-16.0,beta,4,16.0,SUCCESS,1,3.9,3.8167,6,234,1.5592,309,
P16,60,0.1694915254237288,103,boltz-8.0,root,4,8.0,SUCCESS,1,4.0167,3.9833,7,241,1.6141,309,
P16,60,0.1694915254237288,104,tree-union,tree,1,1,SUCCESS,1,4.6833,4.5167,7,281,1.0346,299,
P16,60,0.1694915254237288,103,beta-dhat,beta,4,3.0,SUCCESS,1,4.25,4.15,7,255,1.6466,309,
P16,60,0.1694915254237288,104,boltz-2.0,root,1,2.0,SUCCESS,1,4.0833,4.0,7,245,0.9401,299,
P16,60,0.1694915254237288,104,boltz-8.0,root,0,8.0,SUCCESS,1,4.4,4.2833,8,264,1.4139,299,
P16,60,0.1694915254237288,104,boltz-0.5,root,1,0.5,SUCCESS,1,4.0833,4.05,7,245,1.1095,299,
P16,60,0.1694915254237288,103,boltz-2.0,root,3,2.0,SUCCESS,1,3.7833,3.75,6,227,2.548,309,
P16,60,0.1694915254237288,104,stock,stock,0,,SUCCESS,1,3.9,3.8167,6,234,1.8556,299,
P16,60,0.1694915254237288,104,tree-sph,tree,2,2,SUCCESS,1,4.0,3.95,7,240,0.8294,299,
P16,60,0.1694915254237288,104,boltz-8.0,root,2,8.0,SUCCESS,1,4.3833,4.2833,8,263,0.8463,299,
P16,60,0.1694915254237288,104,boltz-2.0,root,2,2.0,SUCCESS,1,4.3833,4.2833,7,263,0.8963,299,
P16,60,0.1694915254237288,104,tree-union,tree,3,1,SUCCESS,1,4.1667,3.95,7,250,0.8008,299,
P16,60,0.1694915254237288,104,beta-16.0,beta,0,16.0,SUCCESS,1,3.9,3.8167,6,234,1.892,299,
P16,60,0.1694915254237288,104,boltz-8.0,root,1,8.0,SUCCESS,1,4.05,4.0,6,243,1.5202,299,
P16,60,0.1694915254237288,103,boltz-8.0,root,0,8.0,SUCCESS,1,3.8667,3.8,6,232,3.9159,309,
P16,60,0.1694915254237288,103,boltz-8.0,root,2,8.0,SUCCESS,1,3.9167,3.85,6,235,3.2654,309,
P16,60,0.1694915254237288,104,tree-sph,tree,3,2,SUCCESS,1,3.65,3.6333,7,219,0.9885,299,
P16,60,0.1694915254237288,104,stock,stock,1,,SUCCESS,1,3.8833,3.8167,6,233,1.9963,299,
P16,60,0.1694915254237288,104,boltz-0.5,root,3,0.5,SUCCESS,1,4.2,4.0833,7,252,1.0705,299,
P16,60,0.1694915254237288,104,boltz-0.5,root,2,0.5,SUCCESS,1,4.15,3.9833,7,249,1.399,299,
P16,60,0.1694915254237288,104,tree-union,tree,2,1,SUCCESS,1,3.85,3.7,6,231,1.6053,299,
P16,60,0.1694915254237288,104,beta-16.0,beta,1,16.0,SUCCESS,1,3.8833,3.8167,6,233,1.8605,299,
P16,60,0.1694915254237288,104,boltz-8.0,root,3,8.0,SUCCESS,1,3.8167,3.8,6,229,1.367,299,
P16,60,0.1694915254237288,104,stock,stock,3,,SUCCESS,1,4.0833,3.9833,7,245,1.5469,299,
P16,60,0.1694915254237288,104,boltz-2.0,root,3,2.0,SUCCESS,1,3.8667,3.8,6,232,1.4285,299,
P16,60,0.1694915254237288,104,tree-sph,tree,4,2,SUCCESS,1,3.8333,3.75,7,230,0.9674,299,
P16,60,0.1694915254237288,104,stock,stock,2,,SUCCESS,1,3.7333,3.7,6,224,1.9267,299,
P16,60,0.1694915254237288,104,tree-union,tree,4,1,SUCCESS,1,4.2333,4.1,6,254,1.2495,299,
P16,60,0.1694915254237288,104,beta-dhat,beta,0,3.0,SUCCESS,1,3.6667,3.6,6,220,2.6326,299,
P16,60,0.1694915254237288,104,beta-16.0,beta,2,16.0,SUCCESS,1,3.7333,3.7,6,224,1.9162,299,
P16,60,0.1694915254237288,104,boltz-8.0,root,4,8.0,SUCCESS,1,4.2333,4.1333,7,254,1.1248,299,
P16,60,0.1694915254237288,105,tree-sph,tree,0,2,SUCCESS,1,4.45,4.3333,8,267,0.8612,308,
P16,60,0.1694915254237288,104,beta-16.0,beta,3,16.0,SUCCESS,1,4.0833,3.9833,7,245,1.5657,299,
P16,60,0.1694915254237288,103,beta-dhat,beta,2,3.0,SUCCESS,1,4.0167,3.9667,6,241,4.0466,309,
P16,60,0.1694915254237288,105,boltz-0.5,root,0,0.5,SUCCESS,1,4.5833,4.4,8,275,0.8257,308,
P16,60,0.1694915254237288,104,beta-dhat,beta,4,3.0,SUCCESS,1,4.0667,3.9333,7,244,1.2167,299,
P16,60,0.1694915254237288,104,boltz-0.5,root,4,0.5,SUCCESS,1,3.7,3.6667,6,222,1.6545,299,
P16,60,0.1694915254237288,105,stock,stock,1,,SUCCESS,1,4.4167,4.3,8,265,0.7731,308,
P16,60,0.1694915254237288,104,boltz-2.0,root,4,2.0,SUCCESS,1,3.95,3.8333,7,237,1.7511,299,
P16,60,0.1694915254237288,105,stock,stock,0,,SUCCESS,1,4.1,4.0,7,246,1.4695,308,
P16,60,0.1694915254237288,104,stock,stock,4,,SUCCESS,1,4.0333,3.95,7,242,2.0568,299,
P16,60,0.1694915254237288,104,beta-dhat,beta,1,3.0,SUCCESS,1,4.6833,4.5333,8,281,2.8235,299,
P16,60,0.1694915254237288,105,beta-16.0,beta,1,16.0,SUCCESS,1,4.4167,4.3,8,265,0.7607,308,
P16,60,0.1694915254237288,105,boltz-0.5,root,1,0.5,SUCCESS,1,4.3333,4.2,7,260,1.0381,308,
P16,60,0.1694915254237288,105,tree-union,tree,0,1,SUCCESS,1,4.2333,4.1333,7,254,1.7269,308,
P16,60,0.1694915254237288,105,tree-sph,tree,2,2,SUCCESS,1,3.9667,3.95,7,238,0.882,308,
P16,60,0.1694915254237288,105,boltz-2.0,root,0,2.0,SUCCESS,1,4.1667,4.15,6,250,1.6215,308,
P16,60,0.1694915254237288,105,beta-16.0,beta,0,16.0,SUCCESS,1,4.1,4.0,7,246,1.4837,308,
P16,60,0.1694915254237288,104,beta-16.0,beta,4,16.0,SUCCESS,1,4.0333,3.95,7,242,2.0433,299,
P16,60,0.1694915254237288,105,tree-sph,tree,1,2,SUCCESS,1,3.8167,3.7833,7,229,1.3312,308,
P16,60,0.1694915254237288,105,boltz-8.0,root,1,8.0,SUCCESS,1,4.3167,4.2333,7,259,1.2874,308,
P16,60,0.1694915254237288,104,beta-dhat,beta,3,3.0,SUCCESS,1,3.8,3.7333,6,228,2.7469,299,
P16,60,0.1694915254237288,105,tree-union,tree,1,1,SUCCESS,1,4.2833,4.1667,7,257,1.6221,308,
P16,60,0.1694915254237288,105,boltz-2.0,root,1,2.0,SUCCESS,1,4.2833,4.2167,7,257,1.6177,308,
P16,60,0.1694915254237288,105,tree-union,tree,2,1,SUCCESS,1,4.1333,4.0167,7,248,1.525,308,
P16,60,0.1694915254237288,105,stock,stock,3,,SUCCESS,1,4.1833,4.0167,7,251,0.986,308,
P16,60,0.1694915254237288,105,boltz-0.5,root,3,0.5,SUCCESS,1,3.9833,3.9167,6,239,0.8605,308,
P16,60,0.1694915254237288,105,boltz-2.0,root,2,2.0,SUCCESS,1,4.3333,4.2333,7,260,1.4164,308,
P16,60,0.1694915254237288,104,beta-dhat,beta,2,3.0,SUCCESS,1,3.7667,3.6667,6,226,3.6014,299,
P16,60,0.1694915254237288,105,boltz-0.5,root,2,0.5,SUCCESS,1,4.0,3.9667,6,240,1.6891,308,
P16,60,0.1694915254237288,105,boltz-8.0,root,0,8.0,SUCCESS,1,4.1833,4.0667,7,251,2.4072,308,
P16,60,0.1694915254237288,105,tree-sph,tree,3,2,SUCCESS,1,4.0833,4.0667,7,245,1.0466,308,
P16,60,0.1694915254237288,105,boltz-8.0,root,2,8.0,SUCCESS,1,4.0833,4.0333,7,245,1.3766,308,
P16,60,0.1694915254237288,105,beta-16.0,beta,3,16.0,SUCCESS,1,4.1833,4.0167,7,251,0.923,308,
P16,60,0.1694915254237288,105,tree-union,tree,3,1,SUCCESS,1,4.1667,4.1,7,250,1.2155,308,
P16,60,0.1694915254237288,105,stock,stock,2,,SUCCESS,1,4.0167,3.9833,6,241,1.9506,308,
P16,60,0.1694915254237288,105,beta-dhat,beta,1,3.0,SUCCESS,1,4.0667,3.9333,7,244,2.022,308,
P16,60,0.1694915254237288,105,stock,stock,4,,SUCCESS,1,4.3833,4.25,8,263,1.2486,308,
P16,60,0.1694915254237288,105,tree-sph,tree,4,2,SUCCESS,1,4.0667,4.0667,7,244,1.1056,308,
P16,60,0.1694915254237288,105,beta-16.0,beta,2,16.0,SUCCESS,1,4.0167,3.9833,6,241,1.9366,308,
P16,60,0.1694915254237288,105,boltz-2.0,root,4,2.0,SUCCESS,1,4.0833,4.0333,6,245,1.1722,308,
P16,60,0.1694915254237288,105,boltz-2.0,root,3,2.0,SUCCESS,1,3.8833,3.85,6,233,1.7697,308,
P16,60,0.1694915254237288,105,tree-union,tree,4,1,SUCCESS,1,4.2833,4.1833,8,257,1.4838,308,
P16,60,0.1694915254237288,105,beta-dhat,beta,3,3.0,SUCCESS,1,4.0333,3.95,6,242,1.77,308,
P16,60,0.1694915254237288,105,beta-16.0,beta,4,16.0,SUCCESS,1,4.3833,4.25,8,263,1.2459,308,
P16,60,0.1694915254237288,105,boltz-8.0,root,3,8.0,SUCCESS,1,4.2167,4.1167,7,253,1.9878,308,
P16,60,0.1694915254237288,105,boltz-0.5,root,4,0.5,SUCCESS,1,3.9167,3.8833,6,235,2.1362,308,
P16,60,0.1694915254237288,105,beta-dhat,beta,2,3.0,SUCCESS,1,4.0333,3.95,7,242,3.0815,308,
P16,60,0.1694915254237288,105,boltz-8.0,root,4,8.0,SUCCESS,1,4.0333,4.0,6,242,2.3761,308,
P16,60,0.1694915254237288,105,beta-dhat,beta,4,3.0,SUCCESS,1,3.9833,3.9333,6,239,2.9386,308,
P16,100,0.10101010101010101,101,tree-sph,tree,0,2,SUCCESS,1,5.59,5.49,11,559,2.9546,498,
P16,60,0.1694915254237288,105,beta-dhat,beta,0,3.0,SUCCESS,1,4.1667,4.1333,7,250,5.0928,308,
P16,100,0.10101010101010101,101,boltz-0.5,root,0,0.5,SUCCESS,1,5.76,5.49,11,576,3.087,498,
P16,100,0.10101010101010101,101,tree-sph,tree,1,2,SUCCESS,1,5.47,5.35,11,547,2.8651,498,
P16,100,0.10101010101010101,101,boltz-2.0,root,0,2.0,SUCCESS,1,6.12,5.83,12,612,3.664,498,
P16,100,0.10101010101010101,101,boltz-0.5,root,1,0.5,SUCCESS,1,5.9,5.76,11,590,3.3651,498,
P16,100,0.10101010101010101,101,stock,stock,1,,SUCCESS,1,5.77,5.53,11,577,3.7951,498,
P16,100,0.10101010101010101,101,stock,stock,2,,SUCCESS,1,6.09,5.83,11,609,2.9321,498,
P16,100,0.10101010101010101,101,beta-dhat,beta,1,5.0,SUCCESS,1,5.98,5.81,11,598,3.6905,498,
P16,100,0.10101010101010101,101,beta-16.0,beta,1,16.0,SUCCESS,1,5.77,5.53,11,577,3.8242,498,
P16,100,0.10101010101010101,101,boltz-8.0,root,2,8.0,SUCCESS,1,6.43,6.12,12,643,2.2427,498,
P16,100,0.10101010101010101,101,beta-dhat,beta,0,5.0,SUCCESS,1,5.75,5.66,10,575,5.2347,498,
P16,100,0.10101010101010101,101,tree-sph,tree,2,2,SUCCESS,1,5.58,5.47,11,558,3.5431,498,
P16,100,0.10101010101010101,101,boltz-0.5,root,2,0.5,SUCCESS,1,5.74,5.59,11,574,3.0318,498,
P16,100,0.10101010101010101,101,tree-union,tree,2,1,SUCCESS,1,6.19,5.82,12,619,4.4177,498,
P16,60,0.1694915254237288,103,beta-2.0,beta,2,2.0,SUCCESS,1,3.85,3.75,6,231,12.2249,309,
P16,100,0.10101010101010101,101,beta-16.0,beta,2,16.0,SUCCESS,1,6.09,5.83,11,609,2.8897,498,
P16,100,0.10101010101010101,101,boltz-8.0,root,0,8.0,SUCCESS,1,5.62,5.47,11,562,6.6272,498,
P16,100,0.10101010101010101,101,boltz-2.0,root,1,2.0,SUCCESS,1,5.85,5.69,11,585,6.1318,498,
P16,100,0.10101010101010101,101,tree-union,tree,1,1,SUCCESS,1,5.71,5.52,10,571,6.6187,498,
P16,100,0.10101010101010101,101,tree-union,tree,0,1,SUCCESS,1,5.49,5.33,10,549,7.985,498,
P16,100,0.10101010101010101,101,boltz-8.0,root,1,8.0,SUCCESS,1,5.76,5.61,11,576,7.1149,498,
P16,100,0.10101010101010101,101,tree-sph,tree,3,2,SUCCESS,1,5.66,5.56,11,566,3.4985,498,
P16,100,0.10101010101010101,101,tree-union,tree,3,1,SUCCESS,1,6.44,6.19,12,644,3.9022,498,
P16,100,0.10101010101010101,101,boltz-2.0,root,2,2.0,SUCCESS,1,5.49,5.35,10,549,5.4136,498,
P16,100,0.10101010101010101,101,boltz-2.0,root,3,2.0,SUCCESS,1,5.51,5.33,11,551,3.9334,498,
P16,100,0.10101010101010101,101,stock,stock,3,,SUCCESS,1,5.65,5.5,10,565,4.7372,498,
P16,100,0.10101010101010101,101,stock,stock,0,,SUCCESS,1,5.19,5.08,10,519,9.0025,498,
P16,100,0.10101010101010101,101,beta-16.0,beta,0,16.0,SUCCESS,1,5.19,5.08,10,519,8.9931,498,
P16,100,0.10101010101010101,101,boltz-8.0,root,3,8.0,SUCCESS,1,5.86,5.65,11,586,4.1949,498,
P16,100,0.10101010101010101,101,boltz-0.5,root,4,0.5,SUCCESS,1,5.63,5.52,10,563,3.0296,498,
P16,100,0.10101010101010101,101,beta-dhat,beta,2,5.0,SUCCESS,1,5.58,5.38,10,558,6.064,498,
P16,100,0.10101010101010101,101,tree-sph,tree,4,2,SUCCESS,1,5.7,5.59,11,570,3.3546,498,
P16,100,0.10101010101010101,101,boltz-0.5,root,3,0.5,SUCCESS,1,5.64,5.51,11,564,5.0631,498,
P16,100,0.10101010101010101,101,beta-dhat,beta,3,5.0,SUCCESS,1,6.06,5.92,11,606,4.0203,498,
P16,100,0.10101010101010101,101,beta-16.0,beta,3,16.0,SUCCESS,1,5.65,5.5,10,565,4.7656,498,
P16,100,0.10101010101010101,101,boltz-2.0,root,4,2.0,SUCCESS,1,5.98,5.87,11,598,3.6747,498,
P16,100,0.10101010101010101,101,boltz-8.0,root,4,8.0,SUCCESS,1,5.59,5.41,11,559,4.059,498,
P16,100,0.10101010101010101,102,tree-sph,tree,0,2,SUCCESS,1,6.11,5.98,14,611,2.4267,508,
P16,100,0.10101010101010101,101,stock,stock,4,,SUCCESS,1,5.95,5.73,11,595,5.3881,498,
P16,100,0.10101010101010101,102,tree-union,tree,0,1,SUCCESS,1,6.06,5.82,11,606,3.8118,508,
P16,100,0.10101010101010101,102,tree-sph,tree,1,2,SUCCESS,1,5.8,5.69,11,580,2.4575,508,
P16,100,0.10101010101010101,101,beta-16.0,beta,4,16.0,SUCCESS,1,5.95,5.73,11,595,5.3228,498,
P16,100,0.10101010101010101,102,stock,stock,1,,SUCCESS,1,5.9,5.78,11,590,3.5757,508,
P16,100,0.10101010101010101,101,tree-union,tree,4,1,SUCCESS,1,5.65,5.44,11,565,7.1746,498,
P16,100,0.10101010101010101,102,tree-union,tree,1,1,SUCCESS,1,5.7,5.42,10,570,3.8697,508,
P16,100,0.10101010101010101,102,stock,stock,0,,SUCCESS,1,5.99,5.77,11,599,5.6695,508,
P16,100,0.10101010101010101,102,boltz-8.0,root,0,8.0,SUCCESS,1,5.89,5.7,11,589,4.7537,508,
P16,100,0.10101010101010101,102,boltz-0.5,root,0,0.5,SUCCESS,1,5.44,5.24,9,544,5.0266,508,
P16,100,0.10101010101010101,102,boltz-0.5,root,1,0.5,SUCCESS,1,5.93,5.78,11,593,3.5011,508,
P16,100,0.10101010101010101,101,beta-dhat,beta,4,5.0,SUCCESS,1,5.37,5.24,10,537,5.9064,498,
P16,60,0.1694915254237288,101,beta-2.0,beta,4,2.0,SUCCESS,1,3.6167,3.5833,6,217,22.7731,301,
P16,100,0.10101010101010101,102,beta-16.0,beta,1,16.0,SUCCESS,1,5.77,5.68,11,577,2.6896,508,
P16,100,0.10101010101010101,102,beta-dhat,beta,0,4.0,SUCCESS,1,6.14,5.85,12,614,5.0816,508,
P16,100,0.10101010101010101,102,boltz-2.0,root,0,2.0,SUCCESS,1,5.42,5.29,10,542,6.2922,508,
P16,100,0.10101010101010101,102,beta-16.0,beta,0,16.0,SUCCESS,1,5.99,5.77,11,599,5.7317,508,
P16,100,0.10101010101010101,102,boltz-8.0,root,1,8.0,SUCCESS,1,5.63,5.44,11,563,4.3047,508,
P16,100,0.10101010101010101,102,tree-sph,tree,2,2,SUCCESS,1,5.62,5.5,10,562,2.8852,508,
P16,100,0.10101010101010101,102,boltz-2.0,root,2,2.0,SUCCESS,1,6.06,5.82,12,606,2.9835,508,
P16,100,0.10101010101010101,102,boltz-2.0,root,1,2.0,SUCCESS,1,5.4,5.28,10,540,6.1102,508,
P16,100,0.10101010101010101,102,boltz-0.5,root,2,0.5,SUCCESS,1,5.99,5.78,11,599,3.4734,508,
P16,100,0.10101010101010101,102,tree-union,tree,2,1,SUCCESS,1,6.22,5.98,11,622,4.1562,508,
P16,100,0.10101010101010101,102,tree-sph,tree,3,2,SUCCESS,1,5.65,5.52,11,565,3.2624,508,
P16,100,0.10101010101010101,102,boltz-8.0,root,2,8.0,SUCCESS,1,6.24,5.99,12,624,4.1678,508,
P16,60,0.1694915254237288,102,beta-2.0,beta,3,2.0,SUCCESS,1,3.75,3.7167,6,225,25.3069,283,
P16,100,0.10101010101010101,102,stock,stock,2,,SUCCESS,1,5.48,5.34,10,548,6.8467,508,
P16,100,0.10101010101010101,102,stock,stock,3,,SUCCESS,1,5.59,5.42,10,559,5.3307,508,
P16,100,0.10101010101010101,102,boltz-0.5,root,3,0.5,SUCCESS,1,5.87,5.64,11,587,4.677,508,
P16,100,0.10101010101010101,102,boltz-8.0,root,3,8.0,SUCCESS,1,6.07,5.86,12,607,4.2651,508,
P16,100,0.10101010101010101,102,beta-dhat,beta,1,4.0,SUCCESS,1,5.65,5.51,11,565,7.7842,508,
P16,100,0.10101010101010101,102,tree-union,tree,4,1,SUCCESS,1,6.08,5.85,12,608,3.0967,508,
P16,100,0.10101010101010101,102,stock,stock,4,,SUCCESS,1,6.16,6.02,11,616,3.4467,508,
P16,100,0.10101010101010101,102,boltz-2.0,root,3,2.0,SUCCESS,1,5.49,5.31,10,549,5.0929,508,
P16,100,0.10101010101010101,102,tree-sph,tree,4,2,SUCCESS,1,5.62,5.46,12,562,2.9878,508,
P16,100,0.10101010101010101,102,beta-16.0,beta,2,16.0,SUCCESS,1,5.48,5.34,10,548,6.8646,508,
P16,100,0.10101010101010101,102,boltz-0.5,root,4,0.5,SUCCESS,1,5.49,5.33,10,549,3.8524,508,
P16,100,0.10101010101010101,102,beta-16.0,beta,3,16.0,SUCCESS,1,5.59,5.42,10,559,5.2427,508,
P16,100,0.10101010101010101,102,tree-union,tree,3,1,SUCCESS,1,5.59,5.43,10,559,7.6586,508,
P16,100,0.10101010101010101,102,boltz-2.0,root,4,2.0,SUCCESS,1,5.87,5.7,11,587,3.9332,508,
P16,100,0.10101010101010101,103,tree-sph,tree,0,2,SUCCESS,1,5.86,5.75,12,586,2.0259,500,
P16,100,0.10101010101010101,102,beta-16.0,beta,4,16.0,SUCCESS,1,6.16,6.02,11,616,3.509,508,
P16,100,0.10101010101010101,103,stock,stock,0,,SUCCESS,1,6.1,5.95,12,610,3.7401,500,
P16,100,0.10101010101010101,103,boltz-2.0,root,0,2.0,SUCCESS,1,6.12,5.93,11,612,3.5787,500,
P16,100,0.10101010101010101,102,beta-dhat,beta,2,4.0,SUCCESS,1,5.28,5.17,9,528,9.9755,508,
P16,100,0.10101010101010101,102,beta-dhat,beta,4,4.0,SUCCESS,1,5.95,5.75,12,595,4.8318,508,
P16,100,0.10101010101010101,103,boltz-0.5,root,0,0.5,SUCCESS,1,5.64,5.51,10,564,4.4775,500,
P16,100,0.10101010101010101,102,boltz-8.0,root,4,8.0,SUCCESS,1,5.92,5.75,11,592,6.6769,508,
P16,100,0.10101010101010101,103,tree-sph,tree,1,2,SUCCESS,1,5.71,5.59,11,571,2.8559,500,
P16,100,0.10101010101010101,103,beta-16.0,beta,0,16.0,SUCCESS,1,6.1,5.95,12,610,3.7034,500,
P16,100,0.10101010101010101,102,beta-dhat,beta,3,4.0,SUCCESS,1,5.53,5.41,10,553,8.9256,508,
P16,100,0.10101010101010101,103,stock,stock,1,,SUCCESS,1,5.6,5.38,11,560,3.9962,500,
P16,100,0.10101010101010101,103,tree-union,tree,0,1,SUCCESS,1,5.76,5.53,11,576,5.9359,500,
P16,100,0.10101010101010101,103,boltz-8.0,root,0,8.0,SUCCESS,1,5.82,5.72,11,582,5.4653,500,
P16,100,0.10101010101010101,103,tree-union,tree,1,1,SUCCESS,1,5.98,5.81,11,598,4.1156,500,
P16,100,0.10101010101010101,103,tree-sph,tree,2,2,SUCCESS,1,5.61,5.52,11,561,2.3739,500,
P16,100,0.10101010101010101,103,boltz-8.0,root,2,8.0,SUCCESS,1,7.38,7.0,15,738,2.2765,500,
P16,100,0.10101010101010101,103,beta-dhat,beta,0,4.0,SUCCESS,1,5.84,5.62,11,584,6.8053,500,
P16,100,0.10101010101010101,103,beta-16.0,beta,1,16.0,SUCCESS,1,5.94,5.71,10,594,4.0166,500,
P16,100,0.10101010101010101,103,tree-union,tree,2,1,SUCCESS,1,6.12,5.89,11,612,3.5445,500,
P16,100,0.10101010101010101,103,beta-dhat,beta,1,4.0,SUCCESS,1,5.51,5.37,11,551,4.3931,500,
P16,100,0.10101010101010101,103,boltz-2.0,root,2,2.0,SUCCESS,1,5.6,5.48,11,560,3.2745,500,
P16,100,0.10101010101010101,103,boltz-2.0,root,1,2.0,SUCCESS,1,5.54,5.34,10,554,5.9233,500,
P16,100,0.10101010101010101,103,boltz-0.5,root,1,0.5,SUCCESS,1,5.52,5.39,10,552,6.595,500,
P16,100,0.10101010101010101,103,boltz-8.0,root,1,8.0,SUCCESS,1,5.82,5.71,10,582,5.9533,500,
P16,100,0.10101010101010101,103,stock,stock,2,,SUCCESS,1,5.55,5.37,10,555,4.8872,500,
P16,100,0.10101010101010101,103,boltz-0.5,root,2,0.5,SUCCESS,1,5.62,5.5,10,562,4.8327,500,
P16,100,0.10101010101010101,103,beta-16.0,beta,2,16.0,SUCCESS,1,5.55,5.37,10,555,4.9075,500,
P16,100,0.10101010101010101,103,beta-dhat,beta,2,4.0,SUCCESS,1,5.96,5.72,11,596,3.6067,500,
P16,100,0.10101010101010101,103,tree-sph,tree,3,2,SUCCESS,1,5.86,5.71,11,586,2.9989,500,
P16,100,0.10101010101010101,103,stock,stock,3,,SUCCESS,1,5.86,5.6,11,586,3.796,500,
P16,100,0.10101010101010101,103,stock,stock,4,,SUCCESS,1,6.27,6.11,11,627,2.4225,500,
P16,100,0.10101010101010101,103,boltz-2.0,root,3,2.0,SUCCESS,1,5.76,5.63,10,576,3.3634,500,
P16,100,0.10101010101010101,103,boltz-0.5,root,3,0.5,SUCCESS,1,5.86,5.66,11,586,3.9662,500,
P16,100,0.10101010101010101,103,tree-sph,tree,4,2,SUCCESS,1,5.84,5.77,11,584,1.9311,500,
P16,100,0.10101010101010101,103,beta-16.0,beta,3,16.0,SUCCESS,1,5.86,5.6,11,586,3.8403,500,
P16,100,0.10101010101010101,103,tree-union,tree,4,1,SUCCESS,1,6.09,5.84,11,609,2.7866,500,
P16,100,0.10101010101010101,103,tree-union,tree,3,1,SUCCESS,1,5.42,5.17,10,542,5.3284,500,
P16,100,0.10101010101010101,103,beta-dhat,beta,3,4.0,SUCCESS,1,5.88,5.69,11,588,3.9687,500,
P16,100,0.10101010101010101,103,boltz-0.5,root,4,0.5,SUCCESS,1,6.06,5.76,12,606,3.3421,500,
P16,100,0.10101010101010101,103,boltz-2.0,root,4,2.0,SUCCESS,1,5.93,5.74,11,593,3.3115,500,
P16,100,0.10101010101010101,103,beta-16.0,beta,4,16.0,SUCCESS,1,6.27,6.11,11,627,2.4334,500,
P16,100,0.10101010101010101,103,boltz-8.0,root,3,8.0,SUCCESS,1,5.71,5.52,10,571,6.8337,500,
P16,100,0.10101010101010101,104,tree-sph,tree,0,2,SUCCESS,1,5.51,5.4,10,551,2.8674,495,
P16,100,0.10101010101010101,103,boltz-8.0,root,4,8.0,SUCCESS,1,5.96,5.79,11,596,5.6594,500,
P16,100,0.10101010101010101,104,boltz-0.5,root,0,0.5,SUCCESS,1,5.72,5.59,11,572,4.0072,495,
P16,100,0.10101010101010101,104,stock,stock,0,,SUCCESS,1,5.65,5.46,10,565,4.7001,495,
P16,100,0.10101010101010101,103,beta-dhat,beta,4,4.0,SUCCESS,1,5.66,5.5,11,566,5.1707,500,
P16,100,0.10101010101010101,104,boltz-8.0,root,0,8.0,SUCCESS,1,6.32,6.12,12,632,3.2644,495,
P16,60,0.1694915254237288,101,beta-2.0,beta,2,2.0,SUCCESS,1,3.6833,3.6167,6,221,46.9616,301,
P16,100,0.10101010101010101,104,boltz-2.0,root,0,2.0,SUCCESS,1,5.61,5.52,10,561,4.7423,495,
P16,100,0.10101010101010101,104,stock,stock,1,,SUCCESS,1,5.92,5.7,10,592,2.9556,495,
P16,100,0.10101010101010101,104,beta-16.0,beta,0,16.0,SUCCESS,1,5.59,5.38,10,559,4.5462,495,
P16,100,0.10101010101010101,104,tree-union,tree,0,1,SUCCESS,1,5.66,5.47,10,566,6.261,495,
P16,100,0.10101010101010101,104,tree-union,tree,1,1,SUCCESS,1,6.37,6.09,12,637,1.9588,495,
P16,100,0.10101010101010101,104,tree-sph,tree,1,2,SUCCESS,1,5.93,5.9,11,593,2.6322,495,
P16,100,0.10101010101010101,104,boltz-0.5,root,1,0.5,SUCCESS,1,5.59,5.45,11,559,3.2187,495,
P16,100,0.10101010101010101,104,boltz-2.0,root,1,2.0,SUCCESS,1,5.7,5.48,11,570,3.3939,495,
P16,100,0.10101010101010101,104,beta-dhat,beta,0,4.0,SUCCESS,1,5.74,5.6,11,574,5.2332,495,
P16,100,0.10101010101010101,104,boltz-8.0,root,1,8.0,SUCCESS,1,5.81,5.62,11,581,4.8007,495,
P16,100,0.10101010101010101,104,tree-sph,tree,2,2,SUCCESS,1,5.56,5.5,11,556,3.1715,495,
P16,100,0.10101010101010101,104,beta-16.0,beta,1,16.0,SUCCESS,1,5.67,5.54,10,567,4.4588,495,
P16,100,0.10101010101010101,104,boltz-2.0,root,2,2.0,SUCCESS,1,5.92,5.72,12,592,2.8958,495,
P16,100,0.10101010101010101,104,tree-union,tree,2,1,SUCCESS,1,5.81,5.63,11,581,4.5207,495,
P16,100,0.10101010101010101,104,stock,stock,2,,SUCCESS,1,6.22,6.05,11,622,4.7304,495,
P16,100,0.10101010101010101,104,boltz-8.0,root,2,8.0,SUCCESS,1,5.79,5.53,11,579,3.852,495,
P16,100,0.10101010101010101,104,stock,stock,3,,SUCCESS,1,6.39,6.21,12,639,2.6379,495,
P16,100,0.10101010101010101,104,beta-dhat,beta,1,4.0,SUCCESS,1,5.48,5.32,9,548,6.5971,495,
P16,60,0.1694915254237288,102,beta-2.0,beta,0,2.0,FAILURE,0,,,,,54.1493,283,
P16,100,0.10101010101010101,104,boltz-0.5,root,2,0.5,SUCCESS,1,5.8,5.62,10,580,6.2767,495,
P16,100,0.10101010101010101,104,beta-16.0,beta,2,16.0,SUCCESS,1,6.22,6.05,11,622,4.8,495,
P16,100,0.10101010101010101,104,tree-union,tree,3,1,SUCCESS,1,6.16,6.0,11,616,3.8539,495,
P16,100,0.10101010101010101,104,tree-sph,tree,3,2,SUCCESS,1,5.65,5.54,11,565,4.0246,495,
P16,60,0.1694915254237288,101,beta-2.0,beta,1,2.0,FAILURE,0,,,,,56.8892,301,
P16,100,0.10101010101010101,104,beta-dhat,beta,2,4.0,SUCCESS,1,5.82,5.66,11,582,5.6739,495,
P16,100,0.10101010101010101,104,beta-16.0,beta,3,16.0,SUCCESS,1,6.39,6.21,12,639,2.5967,495,
P16,100,0.10101010101010101,104,boltz-2.0,root,3,2.0,SUCCESS,1,5.45,5.36,10,545,4.2315,495,
P16,60,0.1694915254237288,102,beta-2.0,beta,4,2.0,FAILURE,0,,,,,56.1098,283,
P16,100,0.10101010101010101,104,stock,stock,4,,SUCCESS,1,5.67,5.45,10,567,3.0201,495,
P16,100,0.10101010101010101,104,beta-dhat,beta,3,4.0,SUCCESS,1,6.2,5.84,13,620,3.8975,495,
P16,100,0.10101010101010101,104,boltz-8.0,root,3,8.0,SUCCESS,1,5.72,5.63,11,572,5.0041,495,
P16,60,0.1694915254237288,101,beta-2.0,beta,0,2.0,TIMEOUT,0,,,,,60.1753,301,
P16,60,0.1694915254237288,101,beta-2.0,beta,3,2.0,TIMEOUT,0,,,,,60.1879,301,
P16,100,0.10101010101010101,104,boltz-2.0,root,4,2.0,SUCCESS,1,6.1,5.84,11,610,3.0763,495,
P16,60,0.1694915254237288,103,beta-2.0,beta,0,2.0,FAILURE,0,,,,,58.3378,309,
P16,100,0.10101010101010101,104,tree-sph,tree,4,2,SUCCESS,1,5.86,5.73,11,586,3.7204,495,
P16,100,0.10101010101010101,104,boltz-0.5,root,3,0.5,SUCCESS,1,5.44,5.34,9,544,7.8205,495,
P16,100,0.10101010101010101,104,boltz-0.5,root,4,0.5,SUCCESS,1,5.69,5.6,10,569,3.9147,495,
P16,60,0.1694915254237288,102,beta-2.0,beta,1,2.0,TIMEOUT,0,,,,,60.1819,283,
P16,60,0.1694915254237288,102,beta-2.0,beta,2,2.0,TIMEOUT,0,,,,,60.1357,283,
P16,100,0.10101010101010101,104,tree-union,tree,4,1,SUCCESS,1,5.6,5.44,10,560,5.5461,495,
P16,60,0.1694915254237288,103,beta-2.0,beta,1,2.0,TIMEOUT,0,,,,,60.0422,309,
P16,60,0.1694915254237288,104,beta-2.0,beta,4,2.0,FAILURE,0,,,,,57.0945,299,
P16,100,0.10101010101010101,105,stock,stock,0,,SUCCESS,1,6.13,5.89,12,613,3.8449,522,
P16,60,0.1694915254237288,103,beta-2.0,beta,3,2.0,TIMEOUT,0,,,,,60.1602,309,
P16,100,0.10101010101010101,105,tree-sph,tree,0,2,SUCCESS,1,5.69,5.56,11,569,3.135,522,
P16,60,0.1694915254237288,105,beta-2.0,beta,4,2.0,FAILURE,0,,,,,55.0621,308,
P16,60,0.1694915254237288,105,beta-2.0,beta,0,2.0,FAILURE,0,,,,,57.3301,308,
P16,100,0.10101010101010101,104,beta-16.0,beta,4,16.0,SUCCESS,1,5.53,5.4,11,553,5.7302,495,
P16,60,0.1694915254237288,103,beta-2.0,beta,4,2.0,TIMEOUT,0,,,,,60.3076,309,
P16,100,0.10101010101010101,105,tree-union,tree,0,1,SUCCESS,1,6.22,5.95,11,622,4.5065,522,
P16,100,0.10101010101010101,104,boltz-8.0,root,4,8.0,SUCCESS,1,5.39,5.29,9,539,6.3421,495,
P16,100,0.10101010101010101,105,boltz-2.0,root,0,2.0,SUCCESS,1,5.84,5.59,11,584,3.8235,522,
P16,60,0.1694915254237288,104,beta-2.0,beta,0,2.0,TIMEOUT,0,,,,,60.1715,299,
P16,100,0.10101010101010101,104,beta-dhat,beta,4,4.0,SUCCESS,1,5.6,5.48,10,560,5.3707,495,
P16,100,0.10101010101010101,105,boltz-0.5,root,0,0.5,SUCCESS,1,6.19,5.98,12,619,4.3149,522,
P16,100,0.10101010101010101,105,beta-16.0,beta,0,16.0,SUCCESS,1,6.13,5.89,12,613,3.8693,522,
P16,60,0.1694915254237288,104,beta-2.0,beta,1,2.0,TIMEOUT,0,,,,,60.3242,299,
P16,60,0.1694915254237288,104,beta-2.0,beta,2,2.0,TIMEOUT,0,,,,,60.2172,299,
P16,60,0.1694915254237288,104,beta-2.0,beta,3,2.0,TIMEOUT,0,,,,,60.1925,299,
P16,100,0.10101010101010101,105,tree-sph,tree,1,2,SUCCESS,1,6.16,6.04,12,616,3.6576,522,
P16,100,0.10101010101010101,105,stock,stock,1,,SUCCESS,1,6.07,5.9,11,607,4.4539,522,
P16,100,0.10101010101010101,105,boltz-2.0,root,1,2.0,SUCCESS,1,6.63,6.37,13,663,2.9201,522,
P16,100,0.10101010101010101,105,stock,stock,2,,SUCCESS,1,6.83,6.49,13,683,2.9188,522,
P16,60,0.1694915254237288,105,beta-2.0,beta,1,2.0,TIMEOUT,0,,,,,60.0155,308,
P16,100,0.10101010101010101,105,boltz-8.0,root,0,8.0,SUCCESS,1,5.66,5.54,10,566,6.6218,522,
P16,100,0.10101010101010101,105,beta-16.0,beta,1,16.0,SUCCESS,1,6.04,5.86,12,604,3.7739,522,
P16,100,0.10101010101010101,105,tree-sph,tree,2,2,SUCCESS,1,5.95,5.83,11,595,3.3517,522,
P16,100,0.10101010101010101,105,boltz-0.5,root,1,0.5,SUCCESS,1,5.68,5.52,10,568,4.7103,522,
P16,60,0.1694915254237288,105,beta-2.0,beta,2,2.0,TIMEOUT,0,,,,,60.016,308,
P16,100,0.10101010101010101,105,tree-union,tree,1,1,SUCCESS,1,6.07,5.78,11,607,5.8725,522,
P16,60,0.1694915254237288,105,beta-2.0,beta,3,2.0,TIMEOUT,0,,,,,60.1089,308,
P16,100,0.10101010101010101,105,beta-dhat,beta,0,4.0,SUCCESS,1,6.04,5.85,11,604,7.0452,522,
P16,100,0.10101010101010101,105,boltz-8.0,root,1,8.0,SUCCESS,1,6.25,5.99,12,625,5.283,522,
P16,100,0.10101010101010101,105,boltz-0.5,root,2,0.5,SUCCESS,1,5.95,5.79,11,595,4.4871,522,
P16,100,0.10101010101010101,105,tree-union,tree,3,1,SUCCESS,1,6.2,5.92,11,620,3.9774,522,
P16,100,0.10101010101010101,105,beta-16.0,beta,2,16.0,SUCCESS,1,6.13,5.85,12,613,4.4979,522,
P16,100,0.10101010101010101,101,beta-2.0,beta,0,2.0,TIMEOUT,0,,,,,60.5333,498,
P16,100,0.10101010101010101,105,beta-dhat,beta,1,4.0,SUCCESS,1,6.0,5.68,11,600,5.928,522,
P16,100,0.10101010101010101,105,tree-sph,tree,3,2,SUCCESS,1,5.39,5.28,10,539,4.4099,522,
P16,100,0.10101010101010101,105,boltz-2.0,root,2,2.0,SUCCESS,1,5.79,5.63,10,579,5.6725,522,
P16,100,0.10101010101010101,105,tree-sph,tree,4,2,SUCCESS,1,5.81,5.67,11,581,2.5925,522,
P16,100,0.10101010101010101,105,stock,stock,3,,SUCCESS,1,5.68,5.55,11,568,5.3616,522,
P16,100,0.10101010101010101,101,beta-2.0,beta,1,2.0,TIMEOUT,0,,,,,60.5066,498,
P16,100,0.10101010101010101,105,tree-union,tree,4,1,SUCCESS,1,5.85,5.66,10,585,3.4535,522,
P16,100,0.10101010101010101,105,stock,stock,4,,SUCCESS,1,6.18,5.95,11,618,3.6078,522,
P16,100,0.10101010101010101,105,boltz-2.0,root,4,2.0,SUCCESS,1,6.02,5.77,11,602,3.4859,522,
P16,100,0.10101010101010101,105,boltz-0.5,root,4,0.5,SUCCESS,1,6.37,6.11,12,637,3.8989,522,
P16,100,0.10101010101010101,105,beta-16.0,beta,4,16.0,SUCCESS,1,6.18,5.95,11,618,3.5744,522,
P16,100,0.10101010101010101,105,beta-16.0,beta,3,16.0,SUCCESS,1,5.68,5.55,11,568,5.3212,522,
P16,100,0.10101010101010101,101,beta-2.0,beta,2,2.0,TIMEOUT,0,,,,,60.2811,498,
P16,100,0.10101010101010101,105,boltz-8.0,root,3,8.0,SUCCESS,1,5.86,5.68,10,586,6.3164,522,
P16,100,0.10101010101010101,105,boltz-0.5,root,3,0.5,SUCCESS,1,6.01,5.91,11,601,6.9214,522,
P16,100,0.10101010101010101,105,beta-dhat,beta,2,4.0,SUCCESS,1,5.68,5.44,11,568,7.8933,522,
P16,100,0.10101010101010101,105,beta-dhat,beta,3,4.0,SUCCESS,1,6.64,6.35,14,664,6.1719,522,
P16,100,0.10101010101010101,105,boltz-8.0,root,4,8.0,SUCCESS,1,5.98,5.84,10,598,5.5251,522,
P16,100,0.10101010101010101,105,boltz-8.0,root,2,8.0,SUCCESS,1,5.99,5.8,11,599,9.1822,522,
P16,140,0.07194244604316546,101,tree-sph,tree,0,2,SUCCESS,1,7.8214,7.6429,16,1095,4.2452,691,
P16,100,0.10101010101010101,105,boltz-2.0,root,3,2.0,SUCCESS,1,6.1,5.86,11,610,7.8084,522,
P16,100,0.10101010101010101,105,tree-union,tree,2,1,SUCCESS,1,5.81,5.61,10,581,10.4923,522,
P16,100,0.10101010101010101,101,beta-2.0,beta,3,2.0,TIMEOUT,0,,,,,60.42,498,
P16,140,0.07194244604316546,101,boltz-0.5,root,0,0.5,SUCCESS,1,7.6857,7.35,15,1076,5.804,691,
P16,140,0.07194244604316546,101,boltz-8.0,root,0,8.0,SUCCESS,1,7.9214,7.5929,16,1109,5.7394,691,
P16,140,0.07194244604316546,101,stock,stock,1,,SUCCESS,1,7.8357,7.5214,17,1097,5.2992,691,
P16,140,0.07194244604316546,101,boltz-8.0,root,1,8.0,SUCCESS,1,8.0143,7.6643,18,1122,4.5904,691,
P16,140,0.07194244604316546,101,boltz-2.0,root,0,2.0,SUCCESS,1,7.5214,7.2571,14,1053,7.1159,691,
P16,100,0.10101010101010101,105,beta-dhat,beta,4,4.0,SUCCESS,1,5.65,5.46,11,565,8.6474,522,
P16,100,0.10101010101010101,101,beta-2.0,beta,4,2.0,TIMEOUT,0,,,,,60.6324,498,
P16,140,0.07194244604316546,101,boltz-0.5,root,1,0.5,SUCCESS,1,7.4071,7.1,16,1037,6.5362,691,
P16,140,0.07194244604316546,101,boltz-2.0,root,1,2.0,SUCCESS,1,8.0143,7.6857,16,1122,6.3579,691,
P16,140,0.07194244604316546,101,tree-sph,tree,1,2,SUCCESS,1,7.0143,6.8357,15,982,7.1418,691,
P16,140,0.07194244604316546,101,boltz-0.5,root,2,0.5,SUCCESS,1,8.0429,7.7429,17,1126,5.0394,691,
P16,140,0.07194244604316546,101,tree-union,tree,0,1,SUCCESS,1,7.2429,7.0357,14,1014,9.1377,691,
P16,140,0.07194244604316546,101,beta-16.0,beta,1,16.0,SUCCESS,1,8.1286,7.75,17,1138,6.1348,691,
P16,100,0.10101010101010101,102,beta-2.0,beta,0,2.0,TIMEOUT,0,,,,,60.3083,508,
P16,140,0.07194244604316546,101,tree-sph,tree,2,2,SUCCESS,1,7.6143,7.4929,15,1066,5.894,691,
P16,140,0.07194244604316546,101,stock,stock,2,,SUCCESS,1,7.8429,7.5071,16,1098,6.5928,691,
P16,140,0.07194244604316546,101,boltz-2.0,root,2,2.0,SUCCESS,1,8.0429,7.7643,16,1126,5.646,691,
P16,140,0.07194244604316546,101,beta-16.0,beta,0,16.0,SUCCESS,1,7.8143,7.5286,16,1094,9.1531,691,
P16,140,0.07194244604316546,101,tree-union,tree,1,1,SUCCESS,1,7.8857,7.3857,15,1104,8.3395,691,
P16,140,0.07194244604316546,101,boltz-8.0,root,2,8.0,SUCCESS,1,8.3071,8.0429,16,1163,6.5774,691,
P16,100,0.10101010101010101,102,beta-2.0,beta,1,2.0,TIMEOUT,0,,,,,60.5157,508,
P16,140,0.07194244604316546,101,tree-union,tree,2,1,SUCCESS,1,7.8,7.4429,15,1092,7.9709,691,
P16,140,0.07194244604316546,101,stock,stock,0,,SUCCESS,1,7.4,7.1286,15,1036,12.3039,691,
P16,140,0.07194244604316546,101,tree-sph,tree,3,2,SUCCESS,1,7.1429,7.0,16,1000,5.6829,691,
P16,100,0.10101010101010101,102,beta-2.0,beta,2,2.0,TIMEOUT,0,,,,,60.2468,508,
P16,140,0.07194244604316546,101,boltz-0.5,root,3,0.5,SUCCESS,1,7.8571,7.6429,17,1100,6.658,691,
P16,140,0.07194244604316546,101,tree-sph,tree,4,2,SUCCESS,1,7.35,7.1929,17,1029,4.8695,691,
P16,140,0.07194244604316546,101,boltz-8.0,root,4,8.0,SUCCESS,1,8.6143,8.2357,18,1206,4.4208,691,
P16,140,0.07194244604316546,101,boltz-2.0,root,3,2.0,SUCCESS,1,7.8714,7.6357,15,1102,6.7864,691,
P16,140,0.07194244604316546,101,boltz-0.5,root,4,0.5,SUCCESS,1,7.9071,7.7143,18,1107,5.3773,691,
P16,140,0.07194244604316546,101,beta-16.0,beta,3,16.0,SUCCESS,1,7.2071,6.9,14,1009,6.2976,691,
P16,140,0.07194244604316546,101,beta-16.0,beta,2,16.0,SUCCESS,1,7.25,7.1,14,1015,9.7362,691,
P16,140,0.07194244604316546,101,beta-dhat,beta,0,4.0,SUCCESS,1,7.3286,7.0071,15,1026,14.5457,691,
P16,100,0.10101010101010101,102,beta-2.0,beta,3,2.0,TIMEOUT,0,,,,,60.4804,508,
P16,140,0.07194244604316546,101,boltz-2.0,root,4,2.0,SUCCESS,1,7.5857,7.3929,14,1062,6.3969,691,
P16,140,0.07194244604316546,101,tree-union,tree,3,1,SUCCESS,1,7.6214,7.2643,15,1067,9.8244,691,
P16,140,0.07194244604316546,101,stock,stock,3,,SUCCESS,1,7.2429,6.9786,15,1014,10.3697,691,
P16,140,0.07194244604316546,101,beta-dhat,beta,1,4.0,SUCCESS,1,7.5214,7.2714,15,1053,13.711,691,
P16,140,0.07194244604316546,101,boltz-8.0,root,3,8.0,SUCCESS,1,7.7857,7.4429,16,1090,8.8191,691,
P16,140,0.07194244604316546,101,beta-16.0,beta,4,16.0,SUCCESS,1,7.2571,7.0357,16,1016,7.0598,691,
P16,140,0.07194244604316546,102,tree-sph,tree,0,2,SUCCESS,1,7.2857,7.1286,16,1020,5.6835,693,
P16,140,0.07194244604316546,102,tree-sph,tree,1,2,SUCCESS,1,7.9857,7.7643,17,1118,3.1867,693,
P16,140,0.07194244604316546,101,beta-dhat,beta,3,4.0,SUCCESS,1,7.0786,6.8143,14,991,9.5053,691,
P16,140,0.07194244604316546,101,tree-union,tree,4,1,SUCCESS,1,7.5786,7.1643,16,1061,9.2223,691,
P16,140,0.07194244604316546,101,beta-dhat,beta,4,4.0,SUCCESS,1,7.1786,6.9214,15,1005,9.0051,691,
P16,100,0.10101010101010101,102,beta-2.0,beta,4,2.0,TIMEOUT,0,,,,,60.5096,508,
P16,140,0.07194244604316546,101,stock,stock,4,,SUCCESS,1,7.1929,6.9643,15,1007,11.0438,691,
P16,140,0.07194244604316546,102,boltz-0.5,root,1,0.5,SUCCESS,1,8.4571,8.15,17,1184,5.6018,693,
P16,140,0.07194244604316546,102,tree-union,tree,1,1,SUCCESS,1,7.8214,7.4857,16,1095,6.1715,693,
P16,140,0.07194244604316546,102,boltz-2.0,root,0,2.0,SUCCESS,1,7.6357,7.4357,15,1069,8.9005,693,
P16,140,0.07194244604316546,102,stock,stock,1,,SUCCESS,1,7.3786,7.1643,16,1033,6.3875,693,
P16,140,0.07194244604316546,102,stock,stock,0,,SUCCESS,1,7.5571,7.3214,15,1058,10.6613,693,
P16,140,0.07194244604316546,102,beta-16.0,beta,0,16.0,SUCCESS,1,7.5714,7.3143,15,1060,6.8588,693,
P16,100,0.10101010101010101,103,beta-2.0,beta,0,2.0,TIMEOUT,0,,,,,60.5787,500,
P16,140,0.07194244604316546,102,beta-16.0,beta,1,16.0,SUCCESS,1,7.3786,7.1643,16,1033,6.3452,693,
P16,140,0.07194244604316546,102,boltz-2.0,root,2,2.0,SUCCESS,1,8.3929,8.0643,16,1175,5.2682,693,
P16,140,0.07194244604316546,102,stock,stock,2,,SUCCESS,1,7.9214,7.6214,16,1109,6.0273,693,
P16,140,0.07194244604316546,102,tree-sph,tree,2,2,SUCCESS,1,7.5786,7.4429,15,1061,6.3993,693,
P16,140,0.07194244604316546,102,tree-union,tree,0,1,SUCCESS,1,7.1786,6.9143,14,1005,12.3602,693,
P16,100,0.10101010101010101,103,beta-2.0,beta,1,2.0,TIMEOUT,0,,,,,60.4497,500,
P16,140,0.07194244604316546,102,boltz-0.5,root,2,0.5,SUCCESS,1,7.6357,7.3429,16,1069,7.1485,693,
P16,140,0.07194244604316546,102,beta-16.0,beta,2,16.0,SUCCESS,1,7.9214,7.6214,16,1109,6.107,693,
P16,140,0.07194244604316546,102,boltz-2.0,root,1,2.0,SUCCESS,1,7.45,7.2571,14,1043,9.7783,693,
P16,140,0.07194244604316546,101,beta-dhat,beta,2,4.0,SUCCESS,1,7.4929,7.2143,17,1049,19.5869,691,
P16,140,0.07194244604316546,102,tree-union,tree,2,1,SUCCESS,1,7.6929,7.3571,14,1077,8.4884,693,
P16,140,0.07194244604316546,102,boltz-0.5,root,0,0.5,SUCCESS,1,7.3071,7.1071,14,1023,14.1308,693,
P16,140,0.07194244604316546,102,beta-dhat,beta,1,4.0,SUCCESS,1,7.3286,7.0357,15,1026,10.0211,693,
P16,100,0.10101010101010101,103,beta-2.0,beta,2,2.0,TIMEOUT,0,,,,,60.6494,500,
P16,140,0.07194244604316546,102,boltz-8.0,root,1,8.0,SUCCESS,1,7.5,7.15,15,1050,10.895,693,
P16,140,0.07194244604316546,102,tree-sph,tree,3,2,SUCCESS,1,7.5214,7.3286,16,1053,6.2525,693,
P16,140,0.07194244604316546,102,boltz-8.0,root,0,8.0,SUCCESS,1,7.3643,7.1143,14,1031,14.4655,693,
P16,140,0.07194244604316546,102,boltz-0.5,root,3,0.5,SUCCESS,1,7.7071,7.4786,15,1079,6.0724,693,
P16,140,0.07194244604316546,102,tree-sph,tree,4,2,SUCCESS,1,7.3286,7.2143,16,1026,4.8173,693,
P16,140,0.07194244604316546,102,boltz-2.0,root,3,2.0,SUCCESS,1,7.4143,7.15,15,1038,7.0314,693,
P16,140,0.07194244604316546,102,stock,stock,3,,SUCCESS,1,7.3286,7.0286,14,1026,8.7124,693,
P16,140,0.07194244604316546,102,tree-union,tree,3,1,SUCCESS,1,7.6714,7.2429,15,1074,8.4276,693,
P16,140,0.07194244604316546,102,boltz-8.0,root,3,8.0,SUCCESS,1,7.8571,7.5357,15,1100,8.6047,693,
P16,100,0.10101010101010101,103,beta-2.0,beta,3,2.0,TIMEOUT,0,,,,,60.3371,500,
P16,140,0.07194244604316546,102,beta-16.0,beta,3,16.0,SUCCESS,1,7.2714,7.0286,13,1018,8.9309,693,
P16,140,0.07194244604316546,102,beta-16.0,beta,4,16.0,SUCCESS,1,8.4214,8.0,17,1179,5.2471,693,
P16,140,0.07194244604316546,103,tree-sph,tree,0,2,SUCCESS,1,7.8714,7.6643,16,1102,5.0481,689,
P16,140,0.07194244604316546,102,boltz-2.0,root,4,2.0,SUCCESS,1,7.7071,7.3929,15,1079,7.3726,693,
P16,140,0.07194244604316546,103,tree-union,tree,0,1,SUCCESS,1,8.3214,7.7786,18,1165,6.0224,689,
P16,140,0.07194244604316546,102,tree-union,tree,4,1,SUCCESS,1,8.4857,8.0929,16,1188,8.9098,693,
P16,140,0.07194244604316546,102,boltz-8.0,root,4,8.0,SUCCESS,1,7.95,7.6286,16,1113,7.3143,693,
P16,140,0.07194244604316546,102,stock,stock,4,,SUCCESS,1,7.2429,7.0071,15,1014,9.3659,693,
P16,140,0.07194244604316546,102,boltz-8.0,root,2,8.0,SUCCESS,1,7.4429,7.1786,15,1042,14.0873,693,
P16,140,0.07194244604316546,103,boltz-8.0,root,0,8.0,SUCCESS,1,8.0857,7.6429,18,1132,5.925,689,
P16,100,0.10101010101010101,103,beta-2.0,beta,4,2.0,TIMEOUT,0,,,,,60.5853,500,
P16,140,0.07194244604316546,102,boltz-0.5,root,4,0.5,SUCCESS,1,7.5214,7.35,15,1053,9.432,693,
P16,140,0.07194244604316546,102,beta-dhat,beta,0,4.0,SUCCESS,1,7.0143,6.8714,14,982,19.2393,693,
P16,140,0.07194244604316546,103,stock,stock,0,,SUCCESS,1,7.5643,7.3429,15,1059,8.1333,689,
P16,140,0.07194244604316546,103,tree-sph,tree,1,2,SUCCESS,1,7.6643,7.4929,15,1073,5.2824,689,
P16,140,0.07194244604316546,103,beta-16.0,beta,0,16.0,SUCCESS,1,7.4,7.1286,15,1036,7.7175,689,
P16,140,0.07194244604316546,102,beta-dhat,beta,4,4.0,SUCCESS,1,7.7,7.4357,15,1078,9.7651,693,
P16,100,0.10101010101010101,104,beta-2.0,beta,0,2.0,TIMEOUT,0,,,,,60.5349,495,
P16,140,0.07194244604316546,103,boltz-2.0,root,0,2.0,SUCCESS,1,7.5071,7.2214,15,1051,8.8829,689,
P16,140,0.07194244604316546,103,boltz-0.5,root,1,0.5,SUCCESS,1,7.7,7.3786,16,1078,7.0302,689,
P16,140,0.07194244604316546,103,boltz-8.0,root,1,8.0,SUCCESS,1,8.0286,7.6714,15,1124,6.2764,689,
P16,140,0.07194244604316546,103,boltz-0.5,root,0,0.5,SUCCESS,1,7.1143,6.8286,14,996,10.3828,689,
P16,140,0.07194244604316546,103,stock,stock,1,,SUCCESS,1,7.4929,7.2357,14,1049,9.2705,689,
P16,140,0.07194244604316546,103,beta-dhat,beta,0,4.0,SUCCESS,1,7.1786,6.9429,14,1005,9.9806,689,
P16,140,0.07194244604316546,103,stock,stock,2,,SUCCESS,1,7.5571,7.2929,16,1058,5.9824,689,
P16,140,0.07194244604316546,103,stock,stock,3,,SUCCESS,1,8.0929,7.8143,15,1133,3.8859,689,
P16,140,0.07194244604316546,103,beta-16.0,beta,1,16.0,SUCCESS,1,7.8929,7.4357,16,1105,7.839,689,
P16,140,0.07194244604316546,103,tree-union,tree,3,1,SUCCESS,1,8.8571,8.4429,17,1240,4.6285,689,
P16,140,0.07194244604316546,102,beta-dhat,beta,3,4.0,SUCCESS,1,7.3643,7.0071,15,1031,17.0219,693,
P16,100,0.10101010101010101,104,beta-2.0,beta,1,2.0,TIMEOUT,0,,,,,60.536,495,
P16,140,0.07194244604316546,103,tree-union,tree,1,1,SUCCESS,1,7.45,7.1143,14,1043,10.9296,689,
P16,140,0.07194244604316546,103,tree-sph,tree,2,2,SUCCESS,1,7.1571,6.9786,14,1002,7.2619,689,
P16,140,0.07194244604316546,103,boltz-0.5,root,3,0.5,SUCCESS,1,8.2786,7.95,16,1159,4.6444,689,
P16,140,0.07194244604316546,103,boltz-2.0,root,2,2.0,SUCCESS,1,7.8357,7.5,15,1097,7.5894,689,
P16,140,0.07194244604316546,103,tree-sph,tree,3,2,SUCCESS,1,7.5429,7.3786,16,1056,5.7124,689,
P16,140,0.07194244604316546,103,boltz-0.5,root,2,0.5,SUCCESS,1,7.4571,7.1643,15,1044,7.7725,689,
P16,140,0.07194244604316546,103,tree-union,tree,2,1,SUCCESS,1,7.8643,7.5071,16,1101,7.931,689,
P16,140,0.07194244604316546,103,boltz-2.0,root,1,2.0,SUCCESS,1,7.1357,6.8857,14,999,10.3137,689,
P16,140,0.07194244604316546,102,beta-dhat,beta,2,4.0,SUCCESS,1,7.5286,7.1214,16,1054,21.1881,693,
P16,140,0.07194244604316546,103,beta-dhat,beta,1,4.0,SUCCESS,1,7.5857,7.3,17,1062,9.5015,689,
P16,140,0.07194244604316546,103,tree-sph,tree,4,2,SUCCESS,1,7.3643,7.2286,16,1031,4.1514,689,
P16,100,0.10101010101010101,104,beta-2.0,beta,2,2.0,TIMEOUT,0,,,,,60.2383,495,
P16,140,0.07194244604316546,103,boltz-2.0,root,4,2.0,SUCCESS,1,8.0214,7.6929,16,1123,4.3511,689,
P16,140,0.07194244604316546,103,boltz-8.0,root,3,8.0,SUCCESS,1,7.6857,7.4286,15,1076,6.8708,689,
P16,140,0.07194244604316546,103,beta-16.0,beta,3,16.0,SUCCESS,1,7.3929,7.1143,15,1035,6.4837,689,
P16,140,0.07194244604316546,103,beta-16.0,beta,2,16.0,SUCCESS,1,7.2214,7.0357,15,1011,9.6925,689,
P16,140,0.07194244604316546,103,boltz-8.0,root,2,8.0,SUCCESS,1,7.8143,7.4786,16,1094,11.3125,689,
P16,140,0.07194244604316546,103,boltz-2.0,root,3,2.0,SUCCESS,1,7.3714,7.0929,15,1032,8.9272,689,
P16,140,0.07194244604316546,104,tree-sph,tree,0,2,SUCCESS,1,8.3786,8.1929,16,1173,4.8172,718,
P16,140,0.07194244604316546,103,tree-union,tree,4,1,SUCCESS,1,7.8214,7.4143,16,1095,7.3088,689,
P16,140,0.07194244604316546,103,boltz-0.5,root,4,0.5,SUCCESS,1,7.5714,7.2571,15,1060,7.9761,689,
P16,140,0.07194244604316546,104,tree-union,tree,1,1,SUCCESS,1,9.0857,8.5429,17,1272,4.4143,718,
P16,140,0.07194244604316546,103,beta-16.0,beta,4,16.0,SUCCESS,1,7.9786,7.5643,18,1117,7.6831,689,
P16,100,0.10101010101010101,104,beta-2.0,beta,3,2.0,TIMEOUT,0,,,,,60.5287,495,
P16,140,0.07194244604316546,104,boltz-8.0,root,1,8.0,SUCCESS,1,7.9643,7.7,16,1115,5.8785,718,
P16,140,0.07194244604316546,103,stock,stock,4,,SUCCESS,1,7.1714,6.9071,15,1004,11.472,689,
P16,140,0.07194244604316546,103,beta-dhat,beta,3,4.0,SUCCESS,1,7.4786,7.1714,16,1047,12.4349,689,
P16,140,0.07194244604316546,103,boltz-8.0,root,4,8.0,SUCCESS,1,7.1143,6.9571,14,996,10.9454,689,
P16,140,0.07194244604316546,104,boltz-2.0,root,0,2.0,SUCCESS,1,7.8357,7.5214,15,1097,9.4031,718,
P16,140,0.07194244604316546,104,boltz-2.0,root,1,2.0,SUCCESS,1,8.1286,7.7,16,1138,6.7286,718,
P16,140,0.07194244604316546,104,stock,stock,0,,SUCCESS,1,7.5357,7.2214,15,1055,10.0792,718,
P16,140,0.07194244604316546,104,boltz-0.5,root,1,0.5,SUCCESS,1,8.0929,7.8214,16,1133,7.2427,718,
P16,140,0.07194244604316546,104,tree-sph,tree,2,2,SUCCESS,1,8.0,7.8357,15,1120,4.5357,718,
P16,100,0.10101010101010101,104,beta-2.0,beta,4,2.0,TIMEOUT,0,,,,,60.5848,495,
P16,140,0.07194244604316546,104,tree-sph,tree,1,2,SUCCESS,1,7.3214,7.1929,14,1025,8.88,718,
P16,140,0.07194244604316546,104,boltz-0.5,root,0,0.5,SUCCESS,1,7.1857,6.9571,14,1006,10.9814,718,
P16,140,0.07194244604316546,104,boltz-0.5,root,2,0.5,SUCCESS,1,8.5143,8.2286,17,1192,5.6824,718,
P16,140,0.07194244604316546,104,tree-union,tree,0,1,SUCCESS,1,8.0714,7.65,16,1130,12.4616,718,
P16,140,0.07194244604316546,104,boltz-8.0,root,0,8.0,SUCCESS,1,7.6429,7.3929,14,1070,12.0472,718,
P16,140,0.07194244604316546,103,beta-dhat,beta,2,4.0,SUCCESS,1,7.4143,7.1,14,1038,18.7445,689,
P16,140,0.07194244604316546,104,beta-16.0,beta,0,16.0,SUCCESS,1,7.8429,7.5214,15,1098,12.2841,718,
P16,100,0.10101010101010101,105,beta-2.0,beta,0,2.0,TIMEOUT,0,,,,,60.5048,522,
P16,140,0.07194244604316546,104,stock,stock,2,,SUCCESS,1,8.1571,7.8714,16,1142,8.2227,718,
P16,140,0.07194244604316546,104,boltz-0.5,root,3,0.5,SUCCESS,1,9.1643,8.7214,18,1283,4.4317,718,
P16,140,0.07194244604316546,104,stock,stock,1,,SUCCESS,1,7.9071,7.6143,16,1107,13.3596,718,
P16,140,0.07194244604316546,104,boltz-2.0,root,2,2.0,SUCCESS,1,7.9643,7.7143,16,1115,7.9547,718,
P16,140,0.07194244604316546,104,tree-union,tree,2,1,SUCCESS,1,8.1929,7.8143,16,1147,9.929,718,
P16,140,0.07194244604316546,104,beta-dhat,beta,1,4.0,SUCCESS,1,8.0929,7.8,17,1133,10.3728,718,
P16,140,0.07194244604316546,104,boltz-8.0,root,2,8.0,SUCCESS,1,7.6786,7.4357,16,1075,8.394,718,
P16,140,0.07194244604316546,103,beta-dhat,beta,4,4.0,SUCCESS,1,7.4929,7.2214,15,1049,15.811,689,
P16,140,0.07194244604316546,104,boltz-2.0,root,3,2.0,SUCCESS,1,8.1571,7.9071,16,1142,5.7013,718,
P16,100,0.10101010101010101,105,beta-2.0,beta,1,2.0,TIMEOUT,0,,,,,60.5644,522,
P16,140,0.07194244604316546,104,tree-sph,tree,3,2,SUCCESS,1,8.1071,7.9786,17,1135,6.4685,718,
P16,140,0.07194244604316546,104,boltz-8.0,root,3,8.0,SUCCESS,1,8.6714,8.3643,17,1214,6.015,718,
P16,100,0.10101010101010101,105,beta-2.0,beta,2,2.0,TIMEOUT,0,,,,,60.5036,522,
P16,140,0.07194244604316546,104,beta-16.0,beta,2,16.0,SUCCESS,1,8.1571,7.8714,16,1142,8.2755,718,
P16,140,0.07194244604316546,104,beta-16.0,beta,1,16.0,SUCCESS,1,7.9071,7.6143,16,1107,13.2839,718,
P16,100,0.10101010101010101,105,beta-2.0,beta,3,2.0,TIMEOUT,0,,,,,60.4364,522,
P16,140,0.07194244604316546,104,stock,stock,3,,SUCCESS,1,7.7857,7.45,15,1090,8.8923,718,
P16,140,0.07194244604316546,104,boltz-8.0,root,4,8.0,SUCCESS,1,8.2,7.9071,15,1148,5.5567,718,
P16,140,0.07194244604316546,104,tree-sph,tree,4,2,SUCCESS,1,8.0357,7.85,17,1125,6.4094,718,
P16,140,0.07194244604316546,104,beta-16.0,beta,3,16.0,SUCCESS,1,7.7429,7.4857,16,1084,7.8461,718,
P16,100,0.10101010101010101,105,beta-2.0,beta,4,2.0,TIMEOUT,0,,,,,60.3331,522,
P16,140,0.07194244604316546,105,boltz-2.0,root,0,2.0,SUCCESS,1,8.7214,8.4286,17,1221,5.0597,730,
P16,140,0.07194244604316546,105,tree-sph,tree,0,2,SUCCESS,1,7.9643,7.75,16,1115,5.788,730,
P16,140,0.07194244604316546,104,tree-union,tree,3,1,SUCCESS,1,8.5429,8.05,16,1196,11.3121,718,
P16,140,0.07194244604316546,104,beta-dhat,beta,3,4.0,SUCCESS,1,8.1714,7.8429,16,1144,10.1035,718,
P16,140,0.07194244604316546,104,stock,stock,4,,SUCCESS,1,8.0286,7.65,17,1124,9.3581,718,
P16,140,0.07194244604316546,104,boltz-2.0,root,4,2.0,SUCCESS,1,7.6786,7.4214,15,1075,8.5456,718,
P16,140,0.07194244604316546,105,boltz-8.0,root,0,8.0,SUCCESS,1,8.5214,8.1357,17,1193,6.5965,730,
P16,140,0.07194244604316546,105,tree-sph,tree,1,2,SUCCESS,1,8.4786,8.2714,17,1187,4.7403,730,
P16,140,0.07194244604316546,101,beta-2.0,beta,0,2.0,TIMEOUT,0,,,,,60.7743,691,
P16,140,0.07194244604316546,104,beta-dhat,beta,0,4.0,SUCCESS,1,7.05,6.7857,14,987,22.245,718,
P16,140,0.07194244604316546,104,beta-dhat,beta,4,4.0,SUCCESS,1,7.5857,7.3429,16,1062,8.9202,718,
P16,140,0.07194244604316546,105,tree-union,tree,1,1,SUCCESS,1,8.5,8.1143,16,1190,6.25,730,
P16,140,0.07194244604316546,104,boltz-0.5,root,4,0.5,SUCCESS,1,7.9,7.5929,15,1106,11.1684,718,
P16,140,0.07194244604316546,104,beta-16.0,beta,4,16.0,SUCCESS,1,7.9143,7.6214,16,1108,9.9677,718,
P16,140,0.07194244604316546,105,beta-16.0,beta,0,16.0,SUCCESS,1,8.1143,7.7786,16,1136,8.4168,730,
P16,140,0.07194244604316546,101,beta-2.0,beta,1,2.0,TIMEOUT,0,,,,,60.7944,691,
P16,140,0.07194244604316546,104,tree-union,tree,4,1,SUCCESS,1,8.25,7.8786,16,1155,12.4893,718,
P16,140,0.07194244604316546,105,boltz-0.5,root,1,0.5,SUCCESS,1,8.6286,8.1214,19,1208,6.9834,730,
P16,140,0.07194244604316546,105,stock,stock,1,,SUCCESS,1,7.7857,7.4286,15,1090,8.8224,730,
P16,140,0.07194244604316546,101,beta-2.0,beta,2,2.0,TIMEOUT,0,,,,,60.0989,691,
P16,140,0.07194244604316546,105,boltz-0.5,root,0,0.5,SUCCESS,1,8.0071,7.6786,16,1121,10.337,730,
P16,140,0.07194244604316546,105,boltz-8.0,root,1,8.0,SUCCESS,1,8.2071,7.8929,16,1149,7.2054,730,
P16,140,0.07194244604316546,105,tree-sph,tree,2,2,SUCCESS,1,8.4429,8.2429,17,1182,4.897,730,
P16,140,0.07194244604316546,105,stock,stock,0,,SUCCESS,1,7.5429,7.3571,13,1056,11.9795,730,
P16,140,0.07194244604316546,105,beta-16.0,beta,1,16.0,SUCCESS,1,8.0571,7.7786,16,1128,8.6886,730,
P16,140,0.07194244604316546,105,boltz-2.0,root,1,2.0,SUCCESS,1,7.9929,7.6786,17,1119,9.553,730,
P16,140,0.07194244604316546,101,beta-2.0,beta,3,2.0,TIMEOUT,0,,,,,60.6241,691,
P16,140,0.07194244604316546,105,boltz-2.0,root,3,2.0,SUCCESS,1,8.5429,8.1071,16,1196,5.8506,730,
P16,140,0.07194244604316546,105,boltz-0.5,root,2,0.5,SUCCESS,1,7.8,7.5286,15,1092,9.1564,730,
P16,140,0.07194244604316546,104,beta-dhat,beta,2,4.0,SUCCESS,1,7.0429,6.8929,13,986,21.7381,718,
P16,140,0.07194244604316546,105,tree-union,tree,3,1,SUCCESS,1,8.3214,7.9571,17,1165,7.5302,730,
P16,140,0.07194244604316546,101,beta-2.0,beta,4,2.0,TIMEOUT,0,,,,,60.4746,691,
P16,140,0.07194244604316546,105,tree-sph,tree,3,2,SUCCESS,1,7.4214,7.2571,15,1039,7.7961,730,
P16,140,0.07194244604316546,105,tree-union,tree,0,1,SUCCESS,1,7.8214,7.5143,16,1095,16.6575,730,
P16,140,0.07194244604316546,105,beta-dhat,beta,2,4.0,SUCCESS,1,8.0071,7.6571,15,1121,9.3277,730,
P16,140,0.07194244604316546,105,tree-union,tree,2,1,SUCCESS,1,8.2786,7.8286,17,1159,11.8119,730,
P16,140,0.07194244604316546,105,boltz-2.0,root,2,2.0,SUCCESS,1,7.3286,7.1357,14,1026,11.7327,730,
P16,140,0.07194244604316546,105,tree-sph,tree,4,2,SUCCESS,1,7.6929,7.5643,15,1077,7.6854,730,
P16,140,0.07194244604316546,105,beta-dhat,beta,1,4.0,SUCCESS,1,7.6357,7.4,16,1069,13.7339,730,
P16,140,0.07194244604316546,105,boltz-8.0,root,2,8.0,SUCCESS,1,8.05,7.7429,15,1127,12.5506,730,
P16,140,0.07194244604316546,105,beta-dhat,beta,3,4.0,SUCCESS,1,7.9357,7.5786,16,1111,9.1307,730,
P16,140,0.07194244604316546,105,stock,stock,3,,SUCCESS,1,8.2071,7.9286,17,1149,11.1452,730,
P16,140,0.07194244604316546,102,beta-2.0,beta,0,2.0,TIMEOUT,0,,,,,60.4315,693,
P16,140,0.07194244604316546,105,boltz-0.5,root,4,0.5,SUCCESS,1,8.0214,7.6929,16,1123,9.3608,730,
P16,140,0.07194244604316546,105,stock,stock,2,,SUCCESS,1,7.7071,7.4143,15,1079,14.7433,730,
P16,140,0.07194244604316546,105,tree-union,tree,4,1,SUCCESS,1,8.3071,7.8786,16,1163,10.3748,730,
P16,140,0.07194244604316546,105,stock,stock,4,,SUCCESS,1,7.9571,7.75,15,1114,10.5975,730,
P16,180,0.055865921787709494,101,tree-sph,tree,0,2,SUCCESS,1,10.7556,10.4889,25,1936,5.9698,911,
P16,140,0.07194244604316546,102,beta-2.0,beta,1,2.0,TIMEOUT,0,,,,,60.447,693,
P16,180,0.055865921787709494,101,stock,stock,0,,SUCCESS,1,11.2389,10.6333,23,2023,7.0675,911,
P16,140,0.07194244604316546,105,boltz-8.0,root,4,8.0,SUCCESS,1,8.4071,8.15,17,1177,10.6442,730,
P16,140,0.07194244604316546,105,boltz-0.5,root,3,0.5,SUCCESS,1,8.0143,7.7429,16,1122,14.3566,730,
P16,140,0.07194244604316546,105,beta-16.0,beta,2,16.0,SUCCESS,1,6.9643,6.7643,14,975,15.9007,730,
P16,180,0.055865921787709494,101,tree-union,tree,0,1,SUCCESS,1,11.0556,10.2167,22,1990,7.6922,911,
P16,180,0.055865921787709494,101,boltz-2.0,root,0,2.0,SUCCESS,1,9.6833,9.3833,20,1743,8.285,911,
P16,140,0.07194244604316546,102,beta-2.0,beta,2,2.0,TIMEOUT,0,,,,,60.7691,693,
P16,140,0.07194244604316546,105,beta-16.0,beta,3,16.0,SUCCESS,1,7.8571,7.5714,14,1100,15.2273,730,
P16,180,0.055865921787709494,101,boltz-0.5,root,0,0.5,SUCCESS,1,10.6111,10.1611,24,1910,8.849,911,
P16,140,0.07194244604316546,105,beta-16.0,beta,4,16.0,SUCCESS,1,7.6786,7.3071,16,1075,12.2513,730,
P16,140,0.07194244604316546,102,beta-2.0,beta,3,2.0,TIMEOUT,0,,,,,60.8899,693,
P16,180,0.055865921787709494,101,tree-union,tree,1,1,SUCCESS,1,10.1278,9.5889,21,1823,11.1904,911,
P16,140,0.07194244604316546,105,boltz-8.0,root,3,8.0,SUCCESS,1,7.2643,7.0571,14,1017,20.3263,730,
P16,180,0.055865921787709494,101,boltz-0.5,root,1,0.5,SUCCESS,1,9.6167,9.2,21,1731,11.482,911,
P16,140,0.07194244604316546,105,boltz-2.0,root,4,2.0,SUCCESS,1,7.6286,7.4214,15,1068,19.7537,730,
P16,180,0.055865921787709494,101,boltz-8.0,root,1,8.0,SUCCESS,1,9.7556,9.3833,21,1756,10.8687,911,
P16,140,0.07194244604316546,102,beta-2.0,beta,4,2.0,TIMEOUT,0,,,,,60.541,693,
P16,180,0.055865921787709494,101,beta-16.0,beta,2,16.0,SUCCESS,1,10.3278,9.9056,23,1859,8.3856,911,
P16,180,0.055865921787709494,101,tree-sph,tree,1,2,SUCCESS,1,9.3611,9.1222,19,1685,12.8173,911,
P16,180,0.055865921787709494,101,boltz-0.5,root,2,0.5,SUCCESS,1,9.7833,9.3889,21,1761,9.8399,911,
P16,140,0.07194244604316546,103,beta-2.0,beta,0,2.0,TIMEOUT,0,,,,,60.6579,689,
P16,180,0.055865921787709494,101,boltz-8.0,root,0,8.0,SUCCESS,1,9.3722,8.9889,20,1687,16.9508,911,
P16,180,0.055865921787709494,101,tree-union,tree,2,1,SUCCESS,1,9.5833,9.1611,19,1725,12.3443,911,
P16,180,0.055865921787709494,101,stock,stock,1,,SUCCESS,1,8.9667,8.6556,20,1614,15.7795,911,
P16,180,0.055865921787709494,101,beta-16.0,beta,1,16.0,SUCCESS,1,9.3667,9.0222,19,1686,13.9164,911,
P16,140,0.07194244604316546,105,beta-dhat,beta,0,4.0,SUCCESS,1,7.9786,7.5929,17,1117,33.0424,730,
P16,180,0.055865921787709494,101,tree-sph,tree,2,2,SUCCESS,1,8.9611,8.7556,19,1613,12.9224,911,
P16,180,0.055865921787709494,101,tree-sph,tree,3,2,SUCCESS,1,9.9333,9.7444,22,1788,10.1245,911,
P16,180,0.055865921787709494,101,boltz-2.0,root,1,2.0,SUCCESS,1,9.1278,8.8,18,1643,16.4184,911,
P16,140,0.07194244604316546,103,beta-2.0,beta,1,2.0,TIMEOUT,0,,,,,60.4074,689,
P16,180,0.055865921787709494,101,stock,stock,2,,SUCCESS,1,8.8,8.4944,18,1584,16.1694,911,
P16,180,0.055865921787709494,101,tree-sph,tree,4,2,SUCCESS,1,10.0833,9.8167,22,1815,6.5379,911,
P16,180,0.055865921787709494,101,stock,stock,4,,SUCCESS,1,11.5778,10.9889,25,2084,6.9107,911,
P16,180,0.055865921787709494,101,boltz-8.0,root,2,8.0,SUCCESS,1,9.2611,8.9667,20,1667,15.7281,911,
P16,140,0.07194244604316546,103,beta-2.0,beta,2,2.0,TIMEOUT,0,,,,,60.4014,689,
P16,180,0.055865921787709494,101,beta-16.0,beta,0,16.0,SUCCESS,1,9.0278,8.7222,19,1625,22.508,911,
P16,180,0.055865921787709494,101,boltz-8.0,root,3,8.0,SUCCESS,1,9.4833,9.1278,19,1707,11.7843,911,
P16,180,0.055865921787709494,102,tree-sph,tree,0,2,SUCCESS,1,9.9444,9.7389,23,1790,6.5285,877,
P16,180,0.055865921787709494,101,boltz-0.5,root,4,0.5,SUCCESS,1,10.5611,10.1389,24,1901,9.4451,911,
P16,140,0.07194244604316546,103,beta-2.0,beta,3,2.0,TIMEOUT,0,,,,,60.5129,689,
P16,180,0.055865921787709494,101,boltz-2.0,root,3,2.0,SUCCESS,1,9.3833,9.0389,19,1689,16.5806,911,
P16,180,0.055865921787709494,101,boltz-0.5,root,3,0.5,SUCCESS,1,9.1389,8.7667,19,1645,17.2917,911,
P16,180,0.055865921787709494,101,boltz-2.0,root,2,2.0,SUCCESS,1,9.2389,8.8778,19,1663,20.5061,911,
P16,180,0.055865921787709494,101,beta-16.0,beta,3,16.0,SUCCESS,1,9.8722,9.4611,22,1777,13.4547,911,
P16,180,0.055865921787709494,101,beta-16.0,beta,4,16.0,SUCCESS,1,9.95,9.55,21,1791,10.2556,911,
P16,140,0.07194244604316546,103,beta-2.0,beta,4,2.0,TIMEOUT,0,,,,,60.5105,689,
P16,180,0.055865921787709494,101,boltz-8.0,root,4,8.0,SUCCESS,1,9.3778,9.0056,20,1688,13.2018,911,
P16,180,0.055865921787709494,102,tree-union,tree,0,1,SUCCESS,1,9.6556,9.2278,20,1738,11.1942,877,
P16,180,0.055865921787709494,101,tree-union,tree,3,1,SUCCESS,1,9.2278,8.7778,19,1661,20.8549,911,
P16,140,0.07194244604316546,104,beta-2.0,beta,0,2.0,TIMEOUT,0,,,,,60.5077,718,
P16,180,0.055865921787709494,101,stock,stock,3,,SUCCESS,1,9.0778,8.7444,19,1634,21.1413,911,
P16,180,0.055865921787709494,102,boltz-2.0,root,0,2.0,SUCCESS,1,9.5278,9.1278,21,1715,11.2239,877,
P16,180,0.055865921787709494,102,stock,stock,1,,SUCCESS,1,9.5278,9.1222,21,1715,8.6596,877,
P16,140,0.07194244604316546,105,beta-dhat,beta,4,4.0,SUCCESS,1,7.5,7.25,14,1050,31.5856,730,
P16,180,0.055865921787709494,101,boltz-2.0,root,4,2.0,SUCCESS,1,9.3222,8.9444,20,1678,14.6409,911,
P16,180,0.055865921787709494,101,beta-dhat,beta,0,4.0,SUCCESS,1,8.5389,8.1611,18,1537,29.1673,911,
P16,180,0.055865921787709494,102,boltz-8.0,root,0,8.0,SUCCESS,1,10.2833,9.8056,22,1851,12.1933,877,
P16,180,0.055865921787709494,101,tree-union,tree,4,1,SUCCESS,1,9.8333,9.3,20,1770,17.7077,911,
P16,180,0.055865921787709494,102,tree-sph,tree,1,2,SUCCESS,1,9.1,8.85,21,1638,10.0305,877,
P16,140,0.07194244604316546,104,beta-2.0,beta,1,2.0,TIMEOUT,0,,,,,60.7937,718,
P16,180,0.055865921787709494,102,tree-sph,tree,2,2,SUCCESS,1,10.6278,10.3056,25,1913,6.1402,877,
P16,180,0.055865921787709494,102,stock,stock,2,,SUCCESS,1,9.6944,9.2778,22,1745,8.1691,877,
P16,180,0.055865921787709494,102,boltz-0.5,root,1,0.5,SUCCESS,1,9.2,8.8444,19,1656,11.8651,877,
P16,180,0.055865921787709494,102,beta-dhat,beta,0,5.0,SUCCESS,1,9.4667,9.0611,20,1704,14.0445,877,
P16,180,0.055865921787709494,102,boltz-8.0,root,3,8.0,SUCCESS,1,11.4944,10.9278,23,2069,4.7429,877,
P16,180,0.055865921787709494,102,stock,stock,0,,SUCCESS,1,8.7778,8.4278,19,1580,17.814,877,
P16,180,0.055865921787709494,102,boltz-0.5,root,2,0.5,SUCCESS,1,10.5056,9.9333,21,1891,8.2568,877,
P16,180,0.055865921787709494,102,boltz-2.0,root,1,2.0,SUCCESS,1,9.4778,9.1,21,1706,12.7712,877,
P16,180,0.055865921787709494,102,boltz-8.0,root,1,8.0,SUCCESS,1,9.5722,9.2444,21,1723,12.4818,877,
P16,180,0.055865921787709494,102,tree-union,tree,1,1,SUCCESS,1,9.4444,9.0556,19,1700,15.3257,877,
P16,140,0.07194244604316546,104,beta-2.0,beta,2,2.0,TIMEOUT,0,,,,,60.8868,718,
P16,180,0.055865921787709494,102,beta-16.0,beta,0,16.0,SUCCESS,1,9.1833,8.8667,19,1653,18.9984,877,
P16,140,0.07194244604316546,104,beta-2.0,beta,3,2.0,TIMEOUT,0,,,,,60.6982,718,
P16,180,0.055865921787709494,102,beta-16.0,beta,2,16.0,SUCCESS,1,9.4722,9.0778,19,1705,11.0564,877,
P16,180,0.055865921787709494,102,boltz-8.0,root,2,8.0,SUCCESS,1,9.3278,8.9556,20,1679,12.1406,877,
P16,180,0.055865921787709494,102,boltz-2.0,root,2,2.0,SUCCESS,1,9.3722,9.0278,21,1687,13.0637,877,
P16,180,0.055865921787709494,102,stock,stock,4,,SUCCESS,1,9.0722,8.7389,19,1633,8.6259,877,
P16,180,0.055865921787709494,102,boltz-0.5,root,3,0.5,SUCCESS,1,9.2333,8.8667,19,1662,11.2403,877,
P16,180,0.055865921787709494,102,boltz-0.5,root,0,0.5,SUCCESS,1,8.8778,8.6389,19,1598,22.9574,877,
P16,180,0.055865921787709494,102,beta-16.0,beta,3,16.0,SUCCESS,1,9.6611,9.2778,22,1739,9.5562,877,
P16,180,0.055865921787709494,102,beta-dhat,beta,3,5.0,SUCCESS,1,9.8778,9.4111,21,1778,9.1764,877,
P16,180,0.055865921787709494,102,beta-16.0,beta,1,16.0,SUCCESS,1,8.9833,8.7444,20,1617,16.8211,877,
P16,140,0.07194244604316546,104,beta-2.0,beta,4,2.0,TIMEOUT,0,,,,,60.725,718,
P16,180,0.055865921787709494,102,tree-sph,tree,3,2,SUCCESS,1,9.1833,8.9778,19,1653,12.4445,877,
P16,180,0.055865921787709494,102,beta-dhat,beta,1,5.0,SUCCESS,1,8.9833,8.6444,21,1617,17.689,877,
P16,180,0.055865921787709494,102,tree-union,tree,4,1,SUCCESS,1,10.1556,9.5667,21,1828,10.542,877,
P16,180,0.055865921787709494,102,tree-sph,tree,4,2,SUCCESS,1,8.8,8.6778,19,1584,9.6239,877,
P16,180,0.055865921787709494,102,tree-union,tree,3,1,SUCCESS,1,9.5556,9.1278,20,1720,14.1787,877,
P16,180,0.055865921787709494,102,beta-dhat,beta,2,5.0,SUCCESS,1,8.5667,8.2833,20,1542,14.7579,877,
P16,180,0.055865921787709494,102,stock,stock,3,,SUCCESS,1,8.6111,8.3333,18,1550,14.73,877,
P16,140,0.07194244604316546,105,beta-2.0,beta,0,2.0,TIMEOUT,0,,,,,60.9235,730,
P16,180,0.055865921787709494,103,stock,stock,0,,SUCCESS,1,10.1722,9.6778,23,1831,9.2291,892,
P16,180,0.055865921787709494,103,boltz-0.5,root,0,0.5,SUCCESS,1,10.5167,10.0222,23,1893,6.6761,892,
P16,180,0.055865921787709494,102,boltz-2.0,root,3,2.0,SUCCESS,1,8.7167,8.4056,18,1569,16.8462,877,
P16,180,0.055865921787709494,102,boltz-0.5,root,4,0.5,SUCCESS,1,9.5222,9.1833,21,1714,12.2992,877,
P16,180,0.055865921787709494,101,beta-dhat,beta,2,4.0,SUCCESS,1,8.8944,8.5556,18,1601,40.4519,911,
P16,180,0.055865921787709494,103,tree-union,tree,0,1,SUCCESS,1,10.0611,9.55,22,1811,10.6326,892,
P16,140,0.07194244604316546,105,beta-2.0,beta,1,2.0,TIMEOUT,0,,,,,60.6774,730,
P16,180,0.055865921787709494,102,beta-16.0,beta,4,16.0,SUCCESS,1,8.5389,8.1944,18,1537,12.5343,877,
P16,180,0.055865921787709494,102,boltz-8.0,root,4,8.0,SUCCESS,1,9.2889,8.9333,20,1672,13.2729,877,
P16,180,0.055865921787709494,103,tree-sph,tree,1,2,SUCCESS,1,9.0833,8.9278,21,1635,8.014,892,
P16,180,0.055865921787709494,102,boltz-2.0,root,4,2.0,SUCCESS,1,9.15,8.75,19,1647,15.5941,877,
P16,180,0.055865921787709494,102,tree-union,tree,2,1,SUCCESS,1,8.8111,8.4333,18,1586,24.2736,877,
P16,180,0.055865921787709494,103,boltz-2.0,root,1,2.0,SUCCESS,1,9.7611,9.35,21,1757,9.3314,892,
P16,140,0.07194244604316546,105,beta-2.0,beta,2,2.0,TIMEOUT,0,,,,,60.7959,730,
P16,180,0.055865921787709494,103,boltz-8.0,root,1,8.0,SUCCESS,1,10.3278,9.75,22,1859,9.2208,892,
P16,180,0.055865921787709494,103,boltz-8.0,root,0,8.0,SUCCESS,1,9.5667,9.15,20,1722,11.3879,892,
P16,180,0.055865921787709494,103,beta-16.0,beta,0,16.0,SUCCESS,1,9.2222,8.8,21,1660,10.8193,892,
P16,180,0.055865921787709494,102,beta-dhat,beta,4,5.0,SUCCESS,1,8.7667,8.5,19,1578,16.6739,877,
P16,180,0.055865921787709494,103,boltz-0.5,root,1,0.5,SUCCESS,1,9.5389,9.1611,20,1717,11.124,892,
P16,140,0.07194244604316546,105,beta-2.0,beta,3,2.0,TIMEOUT,0,,,,,60.6763,730,
P16,180,0.055865921787709494,103,boltz-2.0,root,2,2.0,SUCCESS,1,9.4167,8.9722,20,1695,9.3302,892,
P16,180,0.055865921787709494,103,boltz-2.0,root,0,2.0,SUCCESS,1,9.55,9.2278,20,1719,16.1215,892,
P16,180,0.055865921787709494,103,boltz-0.5,root,3,0.5,SUCCESS,1,10.3722,9.8333,21,1867,8.2219,892,
P16,180,0.055865921787709494,103,stock,stock,1,,SUCCESS,1,9.4722,9.0722,19,1705,15.2341,892,
P16,140,0.07194244604316546,105,beta-2.0,beta,4,2.0,TIMEOUT,0,,,,,60.4093,730,
P16,180,0.055865921787709494,103,tree-sph,tree,4,2,SUCCESS,1,11.9389,11.5611,25,2149,4.6359,892,
P16,180,0.055865921787709494,101,beta-dhat,beta,1,4.0,SUCCESS,1,9.1389,8.7556,20,1645,52.8147,911,
P16,180,0.055865921787709494,103,tree-sph,tree,3,2,SUCCESS,1,9.2611,9.0667,21,1667,9.016,892,
P16,180,0.055865921787709494,103,stock,stock,2,,SUCCESS,1,9.8167,9.4056,21,1767,13.9501,892,
P16,180,0.055865921787709494,103,boltz-2.0,root,3,2.0,SUCCESS,1,9.6056,9.2778,20,1729,9.373,892,
P16,180,0.055865921787709494,103,boltz-0.5,root,2,0.5,SUCCESS,1,9.5167,9.1167,21,1713,14.7646,892,
P16,180,0.055865921787709494,103,tree-sph,tree,0,2,SUCCESS,1,8.9,8.7222,18,1602,21.0101,892,
P16,180,0.055865921787709494,103,tree-union,tree,2,1,SUCCESS,1,9.5444,9.0167,20,1718,15.961,892,
P16,180,0.055865921787709494,103,tree-union,tree,1,1,SUCCESS,1,8.8167,8.5111,17,1587,18.8285,892,
P16,180,0.055865921787709494,103,beta-16.0,beta,3,16.0,SUCCESS,1,9.5944,9.1778,22,1727,9.8638,892,
P16,180,0.055865921787709494,101,beta-dhat,beta,3,4.0,SUCCESS,1,9.0167,8.6389,21,1623,46.4812,911,
P16,180,0.055865921787709494,103,stock,stock,3,,SUCCESS,1,9.6611,9.1667,20,1739,13.4806,892,
P16,180,0.055865921787709494,101,beta-2.0,beta,0,2.0,TIMEOUT,0,,,,,60.7376,911,
P16,180,0.055865921787709494,103,boltz-2.0,root,4,2.0,SUCCESS,1,10.3833,9.85,23,1869,9.0401,892,
P16,180,0.055865921787709494,103,tree-sph,tree,2,2,SUCCESS,1,8.6944,8.5222,18,1565,17.4348,892,
P16,180,0.055865921787709494,103,boltz-8.0,root,2,8.0,SUCCESS,1,8.8944,8.5944,18,1601,16.5879,892,
P16,180,0.055865921787709494,103,tree-union,tree,4,1,SUCCESS,1,10.5222,9.9444,21,1894,11.9274,892,
P16,180,0.055865921787709494,103,tree-union,tree,3,1,SUCCESS,1,9.8,9.2056,21,1764,15.9599,892,
P16,180,0.055865921787709494,104,boltz-2.0,root,0,2.0,SUCCESS,1,11.0889,10.6167,24,1996,7.527,923,
P16,180,0.055865921787709494,101,beta-2.0,beta,1,2.0,TIMEOUT,0,,,,,60.8139,911,
P16,180,0.055865921787709494,103,beta-16.0,beta,1,16.0,SUCCESS,1,8.8944,8.5333,18,1601,21.6399,892,
P16,180,0.055865921787709494,103,boltz-0.5,root,4,0.5,SUCCESS,1,10.3278,9.9,22,1859,13.064,892,
P16,180,0.055865921787709494,104,tree-sph,tree,0,2,SUCCESS,1,9.7222,9.5,24,1750,8.6281,923,
P16,180,0.055865921787709494,104,boltz-0.5,root,0,0.5,SUCCESS,1,10.2889,9.8,21,1852,8.6516,923,
P16,180,0.055865921787709494,101,beta-2.0,beta,2,2.0,TIMEOUT,0,,,,,60.8181,911,
P16,180,0.055865921787709494,103,beta-16.0,beta,2,16.0,SUCCESS,1,9.6389,9.2889,20,1735,21.1958,892,
P16,180,0.055865921787709494,103,stock,stock,4,,SUCCESS,1,9.3667,9.0,19,1686,16.6958,892,
P16,180,0.055865921787709494,103,boltz-8.0,root,4,8.0,SUCCESS,1,8.8167,8.55,19,1587,15.5119,892,
P16,180,0.055865921787709494,104,tree-sph,tree,2,2,SUCCESS,1,10.6611,10.4667,24,1919,5.9757,923,
P16,180,0.055865921787709494,103,beta-16.0,beta,4,16.0,SUCCESS,1,9.2278,8.8611,21,1661,15.8157,892,
P16,180,0.055865921787709494,104,tree-union,tree,0,1,SUCCESS,1,10.3333,9.8167,21,1860,14.0709,923,
P16,180,0.055865921787709494,104,tree-sph,tree,1,2,SUCCESS,1,9.4056,9.2167,19,1693,10.492,923,
P16,180,0.055865921787709494,103,boltz-8.0,root,3,8.0,SUCCESS,1,9.0333,8.6222,19,1626,22.1697,892,
P16,180,0.055865921787709494,104,boltz-8.0,root,0,8.0,SUCCESS,1,10.0222,9.6778,20,1804,15.4185,923,
P16,180,0.055865921787709494,103,beta-dhat,beta,3,4.0,SUCCESS,1,9.0778,8.7333,19,1634,21.6649,892,
P16,180,0.055865921787709494,104,beta-16.0,beta,0,16.0,SUCCESS,1,9.6,9.2778,20,1728,15.2128,923,
P16,180,0.055865921787709494,101,beta-2.0,beta,3,2.0,TIMEOUT,0,,,,,60.55,911,
P16,180,0.055865921787709494,104,tree-union,tree,2,1,SUCCESS,1,10.6833,10.2556,22,1923,10.0729,923,
P16,180,0.055865921787709494,104,boltz-0.5,root,1,0.5,SUCCESS,1,9.2167,8.9056,18,1659,13.366,923,
P16,180,0.055865921787709494,103,beta-dhat,beta,4,4.0,SUCCESS,1,9.2167,8.8056,21,1659,18.912,892,
P16,180,0.055865921787709494,104,boltz-2.0,root,1,2.0,SUCCESS,1,9.6333,9.2278,22,1734,14.0879,923,
P16,180,0.055865921787709494,104,tree-sph,tree,3,2,SUCCESS,1,10.85,10.6,26,1953,6.8822,923,
P16,180,0.055865921787709494,104,stock,stock,0,,SUCCESS,1,9.2944,8.9056,21,1673,19.225,923,
P16,180,0.055865921787709494,104,tree-union,tree,3,1,SUCCESS,1,11.7056,11.05,25,2107,8.2425,923,
P16,180,0.055865921787709494,104,boltz-2.0,root,2,2.0,SUCCESS,1,9.8278,9.3944,22,1769,12.3996,923,
P16,180,0.055865921787709494,104,beta-16.0,beta,1,16.0,SUCCESS,1,10.3611,9.9111,22,1865,15.7743,923,
P16,180,0.055865921787709494,101,beta-dhat,beta,4,4.0,TIMEOUT,0,,,,,60.4846,911,
P16,180,0.055865921787709494,101,beta-2.0,beta,4,2.0,TIMEOUT,0,,,,,61.1038,911,
P16,180,0.055865921787709494,104,tree-union,tree,1,1,SUCCESS,1,10.1333,9.7111,20,1824,17.6296,923,
P16,180,0.055865921787709494,104,beta-16.0,beta,2,16.0,SUCCESS,1,9.7944,9.4167,20,1763,13.2822,923,
P16,180,0.055865921787709494,104,boltz-8.0,root,1,8.0,SUCCESS,1,9.5167,9.1556,20,1713,18.0579,923,
P16,180,0.055865921787709494,104,boltz-0.5,root,2,0.5,SUCCESS,1,9.5722,9.2333,21,1723,15.6446,923,
P16,180,0.055865921787709494,104,beta-dhat,beta,1,4.0,SUCCESS,1,9.35,9.0111,21,1683,18.3643,923,
P16,180,0.055865921787709494,102,beta-2.0,beta,0,2.0,TIMEOUT,0,,,,,60.5725,877,invalid embedding
P16,180,0.055865921787709494,104,stock,stock,3,,SUCCESS,1,9.7111,9.3111,22,1748,12.672,923,
P16,180,0.055865921787709494,104,stock,stock,4,,SUCCESS,1,10.7722,10.2,24,1939,8.1486,923,
P16,180,0.055865921787709494,104,stock,stock,1,,SUCCESS,1,8.7722,8.4778,18,1579,21.996,923,
P16,180,0.055865921787709494,103,beta-dhat,beta,1,4.0,SUCCESS,1,8.3444,8.0889,16,1502,37.8661,892,
P16,180,0.055865921787709494,104,tree-union,tree,4,1,SUCCESS,1,11.1611,10.4778,26,2009,9.2631,923,
P16,180,0.055865921787709494,104,boltz-0.5,root,3,0.5,SUCCESS,1,9.9889,9.5778,22,1798,14.3238,923,
P16,180,0.055865921787709494,104,tree-sph,tree,4,2,SUCCESS,1,9.0611,8.85,21,1631,9.6449,923,
P16,180,0.055865921787709494,105,tree-union,tree,0,1,SUCCESS,1,11.6222,11.0389,23,2092,6.8498,921,
P16,180,0.055865921787709494,104,stock,stock,2,,SUCCESS,1,9.7056,9.3278,20,1747,21.0654,923,
P16,180,0.055865921787709494,104,boltz-8.0,root,2,8.0,SUCCESS,1,9.85,9.4722,20,1773,20.2056,923,
P16,180,0.055865921787709494,104,boltz-8.0,root,3,8.0,SUCCESS,1,9.2333,8.8944,19,1662,14.9091,923,
P16,180,0.055865921787709494,104,boltz-0.5,root,4,0.5,SUCCESS,1,9.7889,9.4389,23,1762,11.5845,923,
P16,180,0.055865921787709494,102,beta-2.0,beta,1,2.0,TIMEOUT,0,,,,,60.8959,877,invalid embedding
P16,180,0.055865921787709494,104,boltz-2.0,root,3,2.0,SUCCESS,1,9.8556,9.4722,21,1774,16.0985,923,
P16,180,0.055865921787709494,105,tree-sph,tree,0,2,SUCCESS,1,9.7556,9.5889,20,1756,9.3465,921,
P16,180,0.055865921787709494,104,beta-16.0,beta,3,16.0,SUCCESS,1,9.3444,9.0,21,1682,16.6866,923,
P16,180,0.055865921787709494,105,boltz-2.0,root,0,2.0,SUCCESS,1,10.4056,9.9556,22,1873,11.1175,921,
P16,180,0.055865921787709494,104,boltz-2.0,root,4,2.0,SUCCESS,1,9.4389,9.0889,21,1699,15.0135,923,
P16,180,0.055865921787709494,105,boltz-8.0,root,0,8.0,SUCCESS,1,9.8556,9.4556,21,1774,11.2825,921,
P16,180,0.055865921787709494,102,beta-2.0,beta,2,2.0,TIMEOUT,0,,,,,60.6325,877,invalid embedding
P16,180,0.055865921787709494,105,stock,stock,0,,SUCCESS,1,9.7944,9.4611,20,1763,15.1272,921,
P16,180,0.055865921787709494,105,tree-sph,tree,1,2,SUCCESS,1,9.55,9.3778,21,1719,10.7587,921,
P16,180,0.055865921787709494,105,boltz-0.5,root,0,0.5,SUCCESS,1,10.1944,9.7944,21,1835,13.7204,921,
P16,180,0.055865921787709494,105,tree-union,tree,2,1,SUCCESS,1,11.3722,10.8111,22,2047,8.2282,921,
P16,180,0.055865921787709494,102,beta-2.0,beta,3,2.0,TIMEOUT,0,,,,,60.4622,877,invalid embedding
P16,180,0.055865921787709494,105,tree-sph,tree,2,2,SUCCESS,1,9.9278,9.7056,23,1787,9.1887,921,
P16,180,0.055865921787709494,104,beta-16.0,beta,4,16.0,SUCCESS,1,9.3444,8.9444,21,1682,18.5873,923,
P16,180,0.055865921787709494,104,boltz-8.0,root,4,8.0,SUCCESS,1,9.2222,8.8611,20,1660,19.76,923,
P16,180,0.055865921787709494,104,beta-dhat,beta,0,4.0,SUCCESS,1,8.5,8.1611,20,1530,35.2238,923,
P16,180,0.055865921787709494,105,boltz-8.0,root,2,8.0,SUCCESS,1,10.3778,9.8944,22,1868,9.3259,921,
P16,180,0.055865921787709494,105,boltz-0.5,root,1,0.5,SUCCESS,1,10.0,9.5667,21,1800,15.2812,921,
P16,180,0.055865921787709494,105,boltz-2.0,root,1,2.0,SUCCESS,1,10.45,10.0167,22,1881,14.9108,921,
P16,180,0.055865921787709494,102,beta-2.0,beta,4,2.0,TIMEOUT,0,,,,,60.4451,877,invalid embedding
P16,180,0.055865921787709494,105,tree-union,tree,1,1,SUCCESS,1,10.45,10.0111,22,1881,16.0813,921,
P16,180,0.055865921787709494,105,boltz-8.0,root,1,8.0,SUCCESS,1,9.0667,8.75,18,1632,15.9935,921,
P16,180,0.055865921787709494,105,beta-16.0,beta,0,16.0,SUCCESS,1,9.7056,9.3222,21,1747,19.2937,921,
P16,180,0.055865921787709494,105,stock,stock,1,,SUCCESS,1,9.7333,9.3833,20,1752,19.7559,921,
P16,180,0.055865921787709494,103,beta-dhat,beta,0,4.0,SUCCESS,1,8.4278,8.1278,18,1517,60.0074,892,
P16,180,0.055865921787709494,103,beta-2.0,beta,0,2.0,TIMEOUT,0,,,,,61.0964,892,
P16,180,0.055865921787709494,105,boltz-8.0,root,3,8.0,SUCCESS,1,10.3167,9.8778,21,1857,11.4214,921,
P16,180,0.055865921787709494,105,beta-dhat,beta,0,4.0,SUCCESS,1,8.8611,8.5444,19,1595,23.4125,921,
P16,180,0.055865921787709494,105,tree-sph,tree,3,2,SUCCESS,1,9.2444,9.0056,20,1664,13.5779,921,
P16,180,0.055865921787709494,105,boltz-2.0,root,3,2.0,SUCCESS,1,10.1278,9.7056,22,1823,13.4974,921,
P16,180,0.055865921787709494,105,boltz-2.0,root,2,2.0,SUCCESS,1,9.5056,9.0889,20,1711,17.6915,921,
P16,180,0.055865921787709494,105,tree-union,tree,4,1,SUCCESS,1,11.1444,10.5944,23,2006,9.8179,921,
P16,180,0.055865921787709494,104,beta-dhat,beta,3,4.0,SUCCESS,1,8.9,8.5944,20,1602,31.2972,923,
P16,180,0.055865921787709494,103,beta-2.0,beta,1,2.0,TIMEOUT,0,,,,,61.1878,892,
P16,180,0.055865921787709494,105,beta-16.0,beta,3,16.0,SUCCESS,1,10.5111,10.0556,22,1892,12.5541,921,
P16,180,0.055865921787709494,105,boltz-8.0,root,4,8.0,SUCCESS,1,11.0389,10.4444,24,1987,8.896,921,
P16,180,0.055865921787709494,105,stock,stock,2,,SUCCESS,1,9.2389,8.9556,19,1663,20.8398,921,
P16,180,0.055865921787709494,105,beta-16.0,beta,1,16.0,SUCCESS,1,9.3333,8.9722,20,1680,22.6514,921,
P16,180,0.055865921787709494,105,tree-sph,tree,4,2,SUCCESS,1,10.1556,9.9333,21,1828,11.7529,921,
P16,180,0.055865921787709494,105,boltz-0.5,root,4,0.5,SUCCESS,1,10.1111,9.6944,22,1820,11.7337,921,
P16,180,0.055865921787709494,105,stock,stock,4,,SUCCESS,1,10.0167,9.5389,23,1803,13.5975,921,
P16,180,0.055865921787709494,105,stock,stock,3,,SUCCESS,1,9.3889,9.0389,20,1690,18.0916,921,
P16,180,0.055865921787709494,105,boltz-2.0,root,4,2.0,SUCCESS,1,9.65,9.2222,20,1737,11.3966,921,
P16,180,0.055865921787709494,105,tree-union,tree,3,1,SUCCESS,1,10.3056,9.7611,21,1855,17.3829,921,
P16,180,0.055865921787709494,105,boltz-0.5,root,3,0.5,SUCCESS,1,9.7222,9.3389,19,1750,17.403,921,
P16,180,0.055865921787709494,105,boltz-0.5,root,2,0.5,SUCCESS,1,9.2389,8.9111,18,1663,21.5001,921,
P16,180,0.055865921787709494,103,beta-2.0,beta,2,2.0,TIMEOUT,0,,,,,61.157,892,
P16,180,0.055865921787709494,103,beta-dhat,beta,2,4.0,TIMEOUT,0,,,,,60.4493,892,
P16,180,0.055865921787709494,105,beta-16.0,beta,2,16.0,SUCCESS,1,9.9278,9.5222,20,1787,22.3517,921,
P16,180,0.055865921787709494,103,beta-2.0,beta,3,2.0,TIMEOUT,0,,,,,60.9259,892,
P16,180,0.055865921787709494,103,beta-2.0,beta,4,2.0,TIMEOUT,0,,,,,61.0336,892,
P16,180,0.055865921787709494,105,beta-16.0,beta,4,16.0,SUCCESS,1,9.5944,9.1611,19,1727,21.5241,921,
P16,180,0.055865921787709494,105,beta-dhat,beta,3,4.0,SUCCESS,1,9.0278,8.7222,20,1625,25.6476,921,
P16,180,0.055865921787709494,104,beta-2.0,beta,0,2.0,TIMEOUT,0,,,,,60.6168,923,
P16,100,0.3,101,boltz-8.0,root,1,8.0,SUCCESS,1,12.74,11.92,20,1274,15.7633,1461,
P16,100,0.3,101,boltz-0.5,root,1,0.5,SUCCESS,1,11.79,11.12,19,1179,17.7934,1461,
P16,180,0.055865921787709494,104,beta-2.0,beta,1,2.0,TIMEOUT,0,,,,,60.6478,923,
P16,100,0.3,101,boltz-2.0,root,0,2.0,SUCCESS,1,11.76,11.08,17,1176,20.8563,1461,
P16,100,0.3,101,stock,stock,1,,SUCCESS,1,11.18,10.47,17,1118,19.8325,1461,
P16,100,0.3,101,boltz-0.5,root,0,0.5,SUCCESS,1,11.12,10.5,17,1112,25.2458,1461,
P16,180,0.055865921787709494,104,beta-dhat,beta,2,4.0,SUCCESS,1,9.3167,8.9444,20,1677,60.1737,923,
P16,180,0.055865921787709494,104,beta-2.0,beta,2,2.0,TIMEOUT,0,,,,,60.6189,923,
P16,100,0.3,101,tree-sph,tree,0,2,SUCCESS,1,12.25,11.69,18,1225,28.422,1461,
P16,100,0.3,101,stock,stock,2,,SUCCESS,1,11.11,10.53,17,1111,21.6492,1461,
P16,100,0.3,101,tree-union,tree,2,1,SUCCESS,1,12.26,11.33,20,1226,22.9579,1461,
P16,100,0.3,101,beta-16.0,beta,1,16.0,SUCCESS,1,11.5,10.77,18,1150,24.7632,1461,
P16,180,0.055865921787709494,105,beta-dhat,beta,4,4.0,SUCCESS,1,8.9833,8.6556,19,1617,33.0668,921,
P16,100,0.3,101,beta-16.0,beta,2,16.0,SUCCESS,1,11.11,10.53,17,1111,22.5035,1461,
P16,100,0.3,101,beta-16.0,beta,0,16.0,SUCCESS,1,10.9,10.4,16,1090,27.6755,1461,
P16,180,0.055865921787709494,104,beta-2.0,beta,3,2.0,TIMEOUT,0,,,,,61.1837,923,
P16,100,0.3,101,boltz-0.5,root,2,0.5,SUCCESS,1,11.94,11.15,17,1194,26.0463,1461,
P16,100,0.3,101,boltz-2.0,root,2,2.0,SUCCESS,1,11.58,10.99,19,1158,29.2481,1461,
P16,100,0.3,101,tree-sph,tree,1,2,SUCCESS,1,10.97,10.6,15,1097,31.9658,1461,
P16,180,0.055865921787709494,104,beta-2.0,beta,4,2.0,TIMEOUT,0,,,,,60.5353,923,
P16,180,0.055865921787709494,104,beta-dhat,beta,4,4.0,TIMEOUT,0,,,,,60.7241,923,
P16,100,0.3,101,tree-union,tree,0,1,SUCCESS,1,12.1,11.33,18,1210,39.1087,1461,
P16,100,0.3,101,tree-sph,tree,3,2,SUCCESS,1,12.47,11.83,19,1247,25.3793,1461,
P16,180,0.055865921787709494,105,beta-dhat,beta,2,4.0,SUCCESS,1,8.85,8.5167,19,1593,50.758,921,
P16,100,0.3,101,boltz-8.0,root,0,8.0,SUCCESS,1,11.63,10.82,18,1163,35.4843,1461,
P16,100,0.3,101,tree-union,tree,4,1,SUCCESS,1,13.06,11.85,21,1306,15.5971,1461,
P16,100,0.3,101,boltz-0.5,root,3,0.5,SUCCESS,1,11.41,10.73,17,1141,23.8615,1461,
P16,180,0.055865921787709494,105,beta-2.0,beta,0,2.0,TIMEOUT,0,,,,,61.1826,921,
P16,100,0.3,101,boltz-0.5,root,4,0.5,SUCCESS,1,11.81,11.31,19,1181,14.4636,1461,
P16,100,0.3,101,tree-union,tree,1,1,SUCCESS,1,11.61,10.86,19,1161,36.6556,1461,
P16,100,0.3,101,stock,stock,4,,SUCCESS,1,11.68,10.93,18,1168,20.1807,1461,
P16,100,0.3,101,tree-union,tree,3,1,SUCCESS,1,12.32,11.33,19,1232,33.4921,1461,
P16,100,0.3,101,stock,stock,0,,SUCCESS,1,10.69,10.23,15,1069,45.9461,1461,
P16,180,0.055865921787709494,105,beta-2.0,beta,1,2.0,TIMEOUT,0,,,,,61.1532,921,
P16,100,0.3,101,stock,stock,3,,SUCCESS,1,11.3,10.55,17,1130,35.1852,1461,
P16,180,0.055865921787709494,105,beta-dhat,beta,1,4.0,TIMEOUT,0,,,,,60.4625,921,
P16,100,0.3,101,boltz-2.0,root,3,2.0,SUCCESS,1,10.97,10.39,16,1097,27.0391,1461,
P16,180,0.055865921787709494,105,beta-2.0,beta,2,2.0,TIMEOUT,0,,,,,61.0409,921,
P16,100,0.3,101,beta-16.0,beta,4,16.0,SUCCESS,1,11.68,10.93,18,1168,19.7819,1461,
P16,100,0.3,101,tree-sph,tree,2,2,SUCCESS,1,10.59,10.31,15,1059,44.694,1461,
P16,100,0.3,102,boltz-0.5,root,1,0.5,SUCCESS,1,11.87,11.03,19,1187,13.2523,1451,
P16,100,0.3,101,tree-sph,tree,4,2,SUCCESS,1,11.23,10.89,18,1123,28.3074,1461,
P16,180,0.055865921787709494,105,beta-2.0,beta,3,2.0,TIMEOUT,0,,,,,60.4801,921,
P16,100,0.3,102,beta-16.0,beta,0,16.0,SUCCESS,1,11.24,10.68,18,1124,16.191,1451,
P16,100,0.3,102,stock,stock,0,,SUCCESS,1,11.19,10.67,18,1119,24.0557,1451,
P16,100,0.3,101,boltz-8.0,root,3,8.0,SUCCESS,1,11.46,10.75,17,1146,36.0414,1461,
P16,100,0.3,101,beta-16.0,beta,3,16.0,SUCCESS,1,11.3,10.55,17,1130,35.7161,1461,
P16,180,0.055865921787709494,105,beta-2.0,beta,4,2.0,TIMEOUT,0,,,,,60.5185,921,
P16,100,0.3,102,stock,stock,2,,SUCCESS,1,12.78,11.97,20,1278,16.2031,1451,
P16,100,0.3,102,beta-16.0,beta,1,16.0,SUCCESS,1,12.73,11.78,20,1273,17.5652,1451,
P16,100,0.3,102,boltz-2.0,root,1,2.0,SUCCESS,1,11.79,11.1,19,1179,19.1669,1451,
P16,100,0.3,102,tree-sph,tree,0,2,SUCCESS,1,11.72,11.34,18,1172,27.584,1451,
P16,100,0.3,101,boltz-8.0,root,4,8.0,SUCCESS,1,11.25,10.7,17,1125,31.4176,1461,
P16,100,0.3,101,boltz-8.0,root,2,8.0,SUCCESS,1,10.72,10.21,15,1072,51.2788,1461,
P16,100,0.3,102,tree-union,tree,2,1,SUCCESS,1,12.57,11.5,21,1257,16.8501,1451,
P16,100,0.3,102,boltz-8.0,root,0,8.0,SUCCESS,1,11.64,10.99,19,1164,26.7993,1451,
P16,100,0.3,101,boltz-2.0,root,1,2.0,SUCCESS,1,10.69,10.16,16,1069,57.8691,1461,
P16,100,0.3,102,stock,stock,1,,SUCCESS,1,11.84,11.0,19,1184,25.5554,1451,
P16,100,0.3,102,tree-union,tree,0,1,SUCCESS,1,11.68,10.85,18,1168,33.1981,1451,
P16,100,0.3,101,beta-2.0,beta,0,2.0,TIMEOUT,0,,,,,60.6739,1461,
P16,100,0.3,102,tree-union,tree,1,1,SUCCESS,1,13.02,11.63,21,1302,26.6742,1451,
P16,100,0.3,101,beta-dhat,beta,0,2.0,TIMEOUT,0,,,,,61.8779,1461,
P16,100,0.3,102,boltz-8.0,root,2,8.0,SUCCESS,1,11.46,10.79,18,1146,21.524,1451,
P16,100,0.3,102,boltz-0.5,root,2,0.5,SUCCESS,1,11.3,10.82,17,1130,23.133,1451,
P16,100,0.3,101,beta-2.0,beta,1,2.0,TIMEOUT,0,,,,,61.7357,1461,
P16,100,0.3,102,boltz-2.0,root,0,2.0,SUCCESS,1,11.64,11.04,17,1164,33.7632,1451,
P16,100,0.3,101,beta-dhat,beta,1,2.0,TIMEOUT,0,,,,,60.8006,1461,
P16,100,0.3,101,boltz-2.0,root,4,2.0,SUCCESS,1,10.77,10.27,16,1077,41.0709,1461,
P16,100,0.3,101,beta-2.0,beta,2,2.0,TIMEOUT,0,,,,,61.5359,1461,
P16,100,0.3,102,boltz-2.0,root,3,2.0,SUCCESS,1,12.19,11.39,18,1219,16.8299,1451,
P16,100,0.3,101,beta-dhat,beta,2,2.0,TIMEOUT,0,,,,,61.4389,1461,
P16,100,0.3,102,beta-16.0,beta,2,16.0,SUCCESS,1,11.49,10.83,18,1149,24.9027,1451,
P16,100,0.3,102,tree-sph,tree,2,2,SUCCESS,1,11.9,11.39,18,1190,27.2254,1451,
P16,100,0.3,102,tree-sph,tree,1,2,SUCCESS,1,10.99,10.67,16,1099,33.5637,1451,
P16,100,0.3,102,boltz-8.0,root,1,8.0,SUCCESS,1,10.72,10.33,16,1072,33.0665,1451,
P16,100,0.3,102,boltz-2.0,root,2,2.0,SUCCESS,1,11.53,10.92,19,1153,29.9489,1451,
P16,100,0.3,102,boltz-0.5,root,0,0.5,SUCCESS,1,11.28,10.68,17,1128,42.8591,1451,
P16,100,0.3,102,beta-16.0,beta,3,16.0,SUCCESS,1,11.75,11.05,17,1175,19.6076,1451,
P16,100,0.3,102,stock,stock,3,,SUCCESS,1,11.41,10.85,17,1141,28.2258,1451,
P16,100,0.3,102,tree-union,tree,4,1,SUCCESS,1,13.11,11.93,22,1311,19.1837,1451,
P16,100,0.3,102,boltz-2.0,root,4,2.0,SUCCESS,1,12.18,11.49,20,1218,19.4497,1451,
P16,100,0.3,102,tree-sph,tree,4,2,SUCCESS,1,11.27,10.98,17,1127,21.603,1451,
P16,100,0.3,101,beta-2.0,beta,3,2.0,TIMEOUT,0,,,,,61.4983,1461,
P16,100,0.3,103,tree-sph,tree,0,2,SUCCESS,1,13.15,12.66,20,1315,18.6104,1480,
P16,100,0.3,102,tree-union,tree,3,1,SUCCESS,1,12.8,11.49,21,1280,31.2982,1451,
P16,100,0.3,101,beta-dhat,beta,3,2.0,TIMEOUT,0,,,,,60.8412,1461,
P16,100,0.3,103,tree-sph,tree,1,2,SUCCESS,1,12.66,12.22,19,1266,15.7827,1480,
P16,100,0.3,102,beta-16.0,beta,4,16.0,SUCCESS,1,12.01,11.2,19,1201,23.8393,1451,
P16,100,0.3,102,stock,stock,4,,SUCCESS,1,11.82,11.21,18,1182,27.8217,1451,
P16,100,0.3,103,boltz-0.5,root,0,0.5,SUCCESS,1,11.92,11.13,18,1192,20.9621,1480,
P16,100,0.3,102,boltz-0.5,root,4,0.5,SUCCESS,1,11.38,10.8,18,1138,27.8321,1451,
P16,100,0.3,103,tree-union,tree,1,1,SUCCESS,1,12.97,11.88,21,1297,19.4425,1480,
P16,100,0.3,103,tree-union,tree,0,1,SUCCESS,1,12.7,11.7,20,1270,24.9028,1480,
P16,100,0.3,101,beta-2.0,beta,4,2.0,TIMEOUT,0,,,,,61.4678,1461,
P16,100,0.3,102,boltz-8.0,root,4,8.0,SUCCESS,1,11.18,10.59,18,1118,30.7286,1451,
P16,100,0.3,102,tree-sph,tree,3,2,SUCCESS,1,10.8,10.56,16,1080,37.4395,1451,
P16,100,0.3,101,beta-dhat,beta,4,2.0,TIMEOUT,0,,,,,60.8776,1461,
P16,100,0.3,103,boltz-2.0,root,2,2.0,SUCCESS,1,12.13,11.56,19,1213,15.213,1480,
P16,100,0.3,102,boltz-0.5,root,3,0.5,SUCCESS,1,11.15,10.48,17,1115,39.5561,1451,
P16,100,0.3,102,boltz-8.0,root,3,8.0,SUCCESS,1,11.26,10.63,18,1126,40.0769,1451,
P16,100,0.3,103,stock,stock,2,,SUCCESS,1,11.67,10.93,18,1167,20.9082,1480,
P16,100,0.3,103,boltz-2.0,root,1,2.0,SUCCESS,1,11.74,10.99,18,1174,24.5653,1480,
P16,100,0.3,102,beta-dhat,beta,0,3.0,SUCCESS,1,11.94,11.15,21,1194,60.1855,1451,
P16,100,0.3,102,beta-2.0,beta,0,2.0,TIMEOUT,0,,,,,61.2231,1451,
P16,100,0.3,103,tree-union,tree,2,1,SUCCESS,1,12.74,11.64,22,1274,23.6407,1480,
P16,100,0.3,103,boltz-0.5,root,1,0.5,SUCCESS,1,11.38,10.71,17,1138,28.404,1480,
P16,100,0.3,103,stock,stock,0,,SUCCESS,1,12.0,11.3,19,1200,35.983,1480,
P16,100,0.3,103,beta-16.0,beta,2,16.0,SUCCESS,1,11.67,10.93,18,1167,21.1365,1480,
P16,100,0.3,102,beta-2.0,beta,1,2.0,TIMEOUT,0,,,,,61.0841,1451,
P16,100,0.3,102,beta-dhat,beta,1,3.0,TIMEOUT,0,,,,,60.7403,1451,
P16,100,0.3,103,stock,stock,3,,SUCCESS,1,11.68,11.14,18,1168,19.7814,1480,
P16,100,0.3,103,boltz-8.0,root,1,8.0,SUCCESS,1,11.59,10.88,18,1159,31.6819,1480,
P16,100,0.3,103,beta-16.0,beta,0,16.0,SUCCESS,1,12.0,11.3,19,1200,35.8733,1480,
P16,100,0.3,103,boltz-0.5,root,4,0.5,SUCCESS,1,12.56,11.76,20,1256,13.8375,1480,
P16,100,0.3,102,beta-2.0,beta,2,2.0,TIMEOUT,0,,,,,61.7793,1451,
P16,100,0.3,103,boltz-8.0,root,3,8.0,SUCCESS,1,11.56,11.05,19,1156,21.2209,1480,
P16,100,0.3,103,boltz-2.0,root,3,2.0,SUCCESS,1,11.71,11.07,19,1171,23.5006,1480,
P16,100,0.3,103,tree-sph,tree,4,2,SUCCESS,1,12.92,12.31,19,1292,18.9677,1480,
P16,100,0.3,103,stock,stock,4,,SUCCESS,1,11.84,11.03,18,1184,20.8818,1480,
P16,100,0.3,103,boltz-0.5,root,3,0.5,SUCCESS,1,11.66,10.8,18,1166,24.8618,1480,
P16,100,0.3,102,beta-dhat,beta,2,3.0,TIMEOUT,0,,,,,60.9483,1451,
P16,100,0.3,103,boltz-8.0,root,0,8.0,SUCCESS,1,11.16,10.67,17,1116,44.3856,1480,
P16,100,0.3,103,tree-sph,tree,2,2,SUCCESS,1,11.03,10.63,17,1103,37.2582,1480,
P16,100,0.3,103,tree-union,tree,3,1,SUCCESS,1,12.79,11.83,19,1279,28.7975,1480,
P16,100,0.3,103,stock,stock,1,,SUCCESS,1,11.08,10.41,17,1108,45.2219,1480,
P16,100,0.3,103,boltz-2.0,root,4,2.0,SUCCESS,1,11.36,10.58,17,1136,21.7888,1480,
P16,100,0.3,103,beta-16.0,beta,3,16.0,SUCCESS,1,11.74,11.12,19,1174,26.8502,1480,
P16,100,0.3,103,beta-16.0,beta,4,16.0,SUCCESS,1,11.84,11.03,18,1184,21.0833,1480,
P16,100,0.3,103,boltz-8.0,root,2,8.0,SUCCESS,1,11.72,10.96,18,1172,37.9462,1480,
P16,100,0.3,103,boltz-2.0,root,0,2.0,SUCCESS,1,10.97,10.49,17,1097,50.4669,1480,
P16,100,0.3,102,beta-2.0,beta,3,2.0,TIMEOUT,0,,,,,61.6098,1451,
P16,100,0.3,103,boltz-8.0,root,4,8.0,SUCCESS,1,11.71,11.03,18,1171,23.932,1480,
P16,100,0.3,103,tree-sph,tree,3,2,SUCCESS,1,11.64,11.26,16,1164,33.2032,1480,
P16,100,0.3,104,boltz-0.5,root,0,0.5,SUCCESS,1,11.37,10.68,17,1137,18.6081,1461,
P16,100,0.3,103,beta-16.0,beta,1,16.0,SUCCESS,1,11.08,10.41,17,1108,46.3199,1480,
P16,100,0.3,104,tree-sph,tree,1,2,SUCCESS,1,13.9,13.29,22,1390,14.8165,1461,
P16,100,0.3,102,beta-dhat,beta,3,3.0,TIMEOUT,0,,,,,61.1536,1451,
P16,100,0.3,103,tree-union,tree,4,1,SUCCESS,1,12.36,11.33,20,1236,29.0644,1480,
P16,100,0.3,102,beta-2.0,beta,4,2.0,TIMEOUT,0,,,,,61.4582,1451,
P16,100,0.3,104,boltz-2.0,root,0,2.0,SUCCESS,1,11.8,11.11,17,1180,22.6107,1461,
P16,100,0.3,102,beta-dhat,beta,4,3.0,TIMEOUT,0,,,,,61.6101,1451,
P16,100,0.3,104,stock,stock,1,,SUCCESS,1,11.7,11.05,19,1170,19.6458,1461,
P16,100,0.3,104,stock,stock,0,,SUCCESS,1,11.05,10.5,16,1105,27.9802,1461,
P16,100,0.3,103,boltz-0.5,root,2,0.5,SUCCESS,1,11.27,10.71,17,1127,51.1236,1480,
P16,100,0.3,103,beta-2.0,beta,0,2.0,TIMEOUT,0,,,,,60.773,1480,
P16,100,0.3,104,boltz-2.0,root,1,2.0,SUCCESS,1,11.51,10.95,19,1151,20.2488,1461,
P16,100,0.3,104,beta-16.0,beta,1,16.0,SUCCESS,1,11.7,11.05,19,1170,19.6072,1461,
P16,100,0.3,103,beta-dhat,beta,0,3.0,TIMEOUT,0,,,,,61.1288,1480,
P16,100,0.3,104,boltz-0.5,root,3,0.5,SUCCESS,1,11.85,10.97,19,1185,14.2783,1461,
P16,100,0.3,104,beta-16.0,beta,0,16.0,SUCCESS,1,11.05,10.5,16,1105,29.0844,1461,
P16,100,0.3,104,tree-sph,tree,2,2,SUCCESS,1,13.03,12.26,20,1303,20.6199,1461,
P16,100,0.3,104,boltz-0.5,root,1,0.5,SUCCESS,1,11.89,11.06,18,1189,27.7435,1461,
P16,100,0.3,104,stock,stock,2,,SUCCESS,1,11.69,11.12,18,1169,22.6179,1461,
P16,100,0.3,104,tree-union,tree,1,1,SUCCESS,1,12.56,11.61,20,1256,29.6437,1461,
P16,100,0.3,103,beta-2.0,beta,1,2.0,TIMEOUT,0,,,,,61.5467,1480,
P16,100,0.3,103,beta-dhat,beta,1,3.0,TIMEOUT,0,,,,,61.1072,1480,
P16,100,0.3,104,boltz-8.0,root,2,8.0,SUCCESS,1,12.29,11.4,20,1229,21.2589,1461,
P16,100,0.3,104,boltz-2.0,root,2,2.0,SUCCESS,1,11.35,10.73,18,1135,22.8152,1461,
P16,100,0.3,104,tree-sph,tree,0,2,SUCCESS,1,11.33,10.91,17,1133,38.2314,1461,
P16,100,0.3,104,beta-16.0,beta,3,16.0,SUCCESS,1,11.68,10.86,18,1168,18.3061,1461,
P16,100,0.3,104,tree-sph,tree,4,2,SUCCESS,1,12.85,12.42,20,1285,15.5955,1461,
P16,100,0.3,104,tree-union,tree,3,1,SUCCESS,1,12.28,11.29,21,1228,22.1541,1461,
P16,100,0.3,104,boltz-0.5,root,2,0.5,SUCCESS,1,11.36,10.76,17,1136,26.089,1461,
P16,100,0.3,103,beta-2.0,beta,2,2.0,TIMEOUT,0,,,,,61.7963,1480,
P16,100,0.3,104,boltz-0.5,root,4,0.5,SUCCESS,1,11.19,10.58,18,1119,18.0076,1461,
P16,100,0.3,104,boltz-8.0,root,4,8.0,SUCCESS,1,12.35,11.49,20,1235,18.0298,1461,
P16,100,0.3,104,stock,stock,3,,SUCCESS,1,11.36,10.73,17,1136,26.3556,1461,
P16,100,0.3,104,boltz-8.0,root,1,8.0,SUCCESS,1,11.03,10.56,16,1103,34.779,1461,
P16,100,0.3,104,tree-union,tree,0,1,SUCCESS,1,11.77,10.96,19,1177,44.6449,1461,
P16,100,0.3,103,beta-dhat,beta,2,3.0,TIMEOUT,0,,,,,61.0323,1480,
P16,100,0.3,104,stock,stock,4,,SUCCESS,1,11.08,10.54,17,1108,24.2857,1461,
P16,100,0.3,104,boltz-2.0,root,4,2.0,SUCCESS,1,11.47,10.77,17,1147,21.4732,1461,
P16,100,0.3,105,boltz-2.0,root,0,2.0,SUCCESS,1,11.69,10.9,19,1169,15.2171,1509,
P16,100,0.3,103,beta-2.0,beta,3,2.0,TIMEOUT,0,,,,,60.7356,1480,
P16,100,0.3,104,tree-union,tree,4,1,SUCCESS,1,11.86,10.91,20,1186,26.6222,1461,
P16,100,0.3,105,stock,stock,1,,SUCCESS,1,11.87,11.1,19,1187,14.288,1509,
P16,100,0.3,104,boltz-2.0,root,3,2.0,SUCCESS,1,10.85,10.4,16,1085,31.3694,1461,
P16,100,0.3,103,beta-dhat,beta,3,3.0,TIMEOUT,0,,,,,61.6873,1480,
P16,100,0.3,104,beta-16.0,beta,2,16.0,SUCCESS,1,10.85,10.36,16,1085,36.1008,1461,
P16,100,0.3,105,boltz-2.0,root,1,2.0,SUCCESS,1,12.89,11.86,20,1289,13.5769,1509,
P16,100,0.3,104,boltz-8.0,root,3,8.0,SUCCESS,1,11.57,10.9,19,1157,33.0281,1461,
P16,100,0.3,105,tree-sph,tree,0,2,SUCCESS,1,13.29,12.64,20,1329,19.5987,1509,
P16,100,0.3,105,tree-union,tree,0,1,SUCCESS,1,12.49,11.51,21,1249,22.9353,1509,
P16,100,0.3,104,beta-16.0,beta,4,16.0,SUCCESS,1,11.08,10.54,17,1108,24.9454,1461,
P16,100,0.3,105,stock,stock,0,,SUCCESS,1,11.71,10.99,18,1171,24.4783,1509,
P16,100,0.3,103,beta-2.0,beta,4,2.0,TIMEOUT,0,,,,,60.9632,1480,
P16,100,0.3,105,beta-16.0,beta,0,16.0,SUCCESS,1,11.54,10.83,18,1154,22.5279,1509,
P16,100,0.3,103,beta-dhat,beta,4,3.0,TIMEOUT,0,,,,,61.3334,1480,
P16,100,0.3,104,tree-sph,tree,3,2,SUCCESS,1,10.83,10.53,16,1083,39.342,1461,
P16,100,0.3,105,boltz-0.5,root,0,0.5,SUCCESS,1,11.25,10.74,17,1125,25.0483,1509,
P16,100,0.3,105,beta-16.0,beta,1,16.0,SUCCESS,1,11.28,10.75,17,1128,17.9366,1509,
P16,100,0.3,105,boltz-2.0,root,3,2.0,SUCCESS,1,12.25,11.48,21,1225,10.2921,1509,
P16,100,0.3,105,stock,stock,2,,SUCCESS,1,12.16,11.34,19,1216,19.248,1509,
P16,100,0.3,104,boltz-8.0,root,0,8.0,SUCCESS,1,10.68,10.19,16,1068,60.4578,1461,
P16,100,0.3,104,tree-union,tree,2,1,SUCCESS,1,11.77,10.9,17,1177,52.5945,1461,
P16,100,0.3,105,boltz-8.0,root,2,8.0,SUCCESS,1,12.89,12.09,20,1289,19.1566,1509,
P16,100,0.3,104,beta-2.0,beta,0,2.0,TIMEOUT,0,,,,,61.0385,1461,
P16,100,0.3,105,beta-16.0,beta,2,16.0,SUCCESS,1,12.16,11.34,19,1216,19.1248,1509,
P16,100,0.3,104,beta-dhat,beta,0,2.0,TIMEOUT,0,,,,,60.9347,1461,
P16,100,0.3,105,tree-union,tree,2,1,SUCCESS,1,14.81,13.13,24,1481,22.534,1509,
P16,100,0.3,105,tree-union,tree,4,1,SUCCESS,1,13.67,12.25,22,1367,12.9954,1509,
P16,100,0.3,105,tree-sph,tree,1,2,SUCCESS,1,11.41,11.05,16,1141,31.7437,1509,
P16,100,0.3,105,boltz-8.0,root,3,8.0,SUCCESS,1,13.13,12.08,20,1313,18.1673,1509,
P16,100,0.3,104,beta-2.0,beta,1,2.0,TIMEOUT,0,,,,,60.9251,1461,
P16,100,0.3,105,boltz-0.5,root,3,0.5,SUCCESS,1,11.66,11.1,18,1166,20.8554,1509,
P16,100,0.3,105,boltz-8.0,root,1,8.0,SUCCESS,1,11.78,11.15,18,1178,34.0523,1509,
P16,100,0.3,104,beta-dhat,beta,1,2.0,TIMEOUT,0,,,,,61.8856,1461,
P16,100,0.3,105,boltz-8.0,root,0,8.0,SUCCESS,1,11.58,10.91,18,1158,40.7055,1509,
P16,100,0.3,105,stock,stock,3,,SUCCESS,1,11.56,11.01,17,1156,25.8203,1509,
P16,100,0.3,105,boltz-2.0,root,2,2.0,SUCCESS,1,11.28,10.71,17,1128,31.403,1509,
P16,100,0.3,104,beta-2.0,beta,2,2.0,TIMEOUT,0,,,,,61.9849,1461,
P16,100,0.3,105,tree-sph,tree,2,2,SUCCESS,1,11.83,11.43,17,1183,33.6571,1509,
P16,100,0.3,104,beta-dhat,beta,2,2.0,TIMEOUT,0,,,,,61.0804,1461,
P16,100,0.3,105,beta-16.0,beta,3,16.0,SUCCESS,1,11.56,11.01,17,1156,25.6557,1509,
P16,100,0.3,105,stock,stock,4,,SUCCESS,1,11.5,10.71,19,1150,24.4295,1509,
P16,100,0.3,105,tree-union,tree,1,1,SUCCESS,1,11.71,11.09,19,1171,42.2144,1509,
P16,100,0.3,105,boltz-0.5,root,2,0.5,SUCCESS,1,11.55,10.93,17,1155,36.4263,1509,
P16,100,0.3,105,boltz-0.5,root,1,0.5,SUCCESS,1,11.23,10.67,18,1123,42.1398,1509,
P16,100,0.3,104,beta-2.0,beta,3,2.0,TIMEOUT,0,,,,,61.4692,1461,
P16,100,0.3,104,beta-dhat,beta,3,2.0,TIMEOUT,0,,,,,61.4287,1461,
P16,100,0.3,105,boltz-8.0,root,4,8.0,SUCCESS,1,11.55,10.93,19,1155,24.9167,1509,
P16,100,0.3,105,boltz-2.0,root,4,2.0,SUCCESS,1,11.45,10.9,18,1145,27.8703,1509,
P16,100,0.3,105,tree-sph,tree,3,2,SUCCESS,1,12.14,11.59,18,1214,35.0814,1509,
P16,140,0.3,101,tree-union,tree,0,1,SUCCESS,1,23.3714,20.4071,41,3272,23.8608,2891,
P16,100,0.3,105,tree-union,tree,3,1,SUCCESS,1,12.6,11.43,20,1260,37.7217,1509,
P16,100,0.3,105,beta-16.0,beta,4,16.0,SUCCESS,1,11.31,10.81,17,1131,30.2339,1509,
P16,100,0.3,104,beta-2.0,beta,4,2.0,TIMEOUT,0,,,,,61.7277,1461,
P16,100,0.3,105,tree-sph,tree,4,2,SUCCESS,1,11.19,10.86,16,1119,35.1785,1509,
P16,100,0.3,104,beta-dhat,beta,4,2.0,TIMEOUT,0,,,,,61.6111,1461,
P16,100,0.3,105,beta-2.0,beta,0,2.0,TIMEOUT,0,,,,,60.5235,1509,
P16,100,0.3,105,beta-dhat,beta,0,2.0,TIMEOUT,0,,,,,60.6065,1509,
P16,100,0.3,105,beta-2.0,beta,1,2.0,TIMEOUT,0,,,,,61.3219,1509,
P16,100,0.3,105,beta-dhat,beta,1,2.0,TIMEOUT,0,,,,,61.6908,1509,
P16,100,0.3,105,boltz-0.5,root,4,0.5,SUCCESS,1,11.2,10.66,17,1120,49.4548,1509,
P16,100,0.3,105,beta-2.0,beta,2,2.0,TIMEOUT,0,,,,,60.7324,1509,
P16,140,0.3,101,tree-sph,tree,0,2,SUCCESS,1,20.7071,19.7214,31,2899,47.0127,2891,
P16,100,0.3,105,beta-dhat,beta,2,2.0,TIMEOUT,0,,,,,61.9673,1509,
P16,140,0.3,101,boltz-2.0,root,3,2.0,SUCCESS,1,21.8429,19.3929,33,3058,26.3781,2891,
P16,140,0.3,101,stock,stock,1,,SUCCESS,1,17.7929,16.4786,29,2491,45.5132,2891,
P16,100,0.3,105,beta-2.0,beta,3,2.0,TIMEOUT,0,,,,,60.9384,1509,
P16,100,0.3,105,beta-dhat,beta,3,2.0,TIMEOUT,0,,,,,61.12,1509,
P16,140,0.3,101,tree-union,tree,3,1,SUCCESS,1,19.3429,17.5,33,2708,32.5763,2891,
P16,140,0.3,101,tree-sph,tree,1,2,SUCCESS,1,20.9143,19.7286,30,2928,46.4055,2891,
P16,100,0.3,105,beta-2.0,beta,4,2.0,TIMEOUT,0,,,,,60.9037,1509,
P16,100,0.3,105,beta-dhat,beta,4,2.0,TIMEOUT,0,,,,,60.9379,1509,
P16,140,0.3,101,stock,stock,0,,SUCCESS,1,17.95,16.5214,29,2513,60.2114,2891,
P16,140,0.3,101,boltz-2.0,root,0,2.0,SUCCESS,1,17.9857,16.5786,27,2518,60.6463,2891,
P16,140,0.3,101,boltz-0.5,root,0,0.5,SUCCESS,1,16.7143,15.75,28,2340,60.7437,2891,
P16,140,0.3,101,boltz-8.0,root,0,8.0,SUCCESS,1,17.9214,16.6357,29,2509,60.5842,2891,
P16,140,0.3,101,beta-16.0,beta,0,16.0,SUCCESS,1,16.9714,15.9429,26,2376,60.2504,2891,
P16,140,0.3,101,tree-union,tree,4,1,SUCCESS,1,19.6571,17.5571,32,2752,34.5968,2891,
P16,140,0.3,101,beta-2.0,beta,0,2.0,TIMEOUT,0,,,,,61.6697,2891,
P16,140,0.3,101,boltz-0.5,root,2,0.5,SUCCESS,1,17.95,16.5857,29,2513,49.7239,2891,
P16,140,0.3,101,beta-dhat,beta,0,2.0,TIMEOUT,0,,,,,62.3984,2891,
P16,140,0.3,101,boltz-8.0,root,1,8.0,SUCCESS,1,18.4571,17.1286,30,2584,56.2052,2891,
P16,140,0.3,101,beta-16.0,beta,1,16.0,SUCCESS,1,17.0929,15.9857,26,2393,55.4479,2891,
P16,140,0.3,101,tree-union,tree,1,1,SUCCESS,1,20.2857,18.2857,37,2840,60.5299,2891,
P16,140,0.3,101,boltz-0.5,root,1,0.5,SUCCESS,1,17.4929,16.3143,25,2449,60.7436,2891,
P16,140,0.3,101,boltz-2.0,root,1,2.0,SUCCESS,1,17.3571,16.1143,27,2430,60.6558,2891,
P16,140,0.3,101,boltz-2.0,root,2,2.0,SUCCESS,1,18.4714,17.2214,29,2586,55.2911,2891,
P16,140,0.3,101,beta-16.0,beta,3,16.0,SUCCESS,1,19.0714,17.5571,30,2670,47.6979,2891,
P16,140,0.3,101,stock,stock,2,,SUCCESS,1,16.95,15.8,28,2373,60.239,2891,
P16,140,0.3,101,beta-2.0,beta,1,2.0,TIMEOUT,0,,,,,63.768,2891,
P16,140,0.3,101,tree-sph,tree,2,2,SUCCESS,1,20.9214,19.6857,31,2929,60.0403,2891,
P16,140,0.3,101,beta-dhat,beta,1,2.0,TIMEOUT,0,,,,,63.3516,2891,
P16,140,0.3,101,tree-union,tree,2,1,SUCCESS,1,19.9071,17.65,33,2787,60.4544,2891,
P16,140,0.3,101,boltz-8.0,root,2,8.0,SUCCESS,1,18.7,17.1286,31,2618,60.7933,2891,
P16,140,0.3,101,beta-2.0,beta,2,2.0,TIMEOUT,0,,,,,62.0587,2891,
P16,140,0.3,101,beta-16.0,beta,2,16.0,SUCCESS,1,17.1214,15.9929,27,2397,60.355,2891,
P16,140,0.3,101,stock,stock,3,,SUCCESS,1,18.2786,16.6,30,2559,60.6442,2891,
P16,140,0.3,101,tree-sph,tree,3,2,SUCCESS,1,19.1,18.2,30,2674,60.2338,2891,
P16,140,0.3,101,beta-dhat,beta,2,2.0,TIMEOUT,0,,,,,62.0304,2891,
P16,140,0.3,102,boltz-0.5,root,0,0.5,SUCCESS,1,20.3143,18.4786,32,2844,30.9628,2941,
P16,140,0.3,101,boltz-0.5,root,3,0.5,SUCCESS,1,17.8429,16.4786,30,2498,60.8508,2891,
P16,140,0.3,102,stock,stock,0,,SUCCESS,1,19.4,17.8214,31,2716,34.9308,2941,
P16,140,0.3,101,boltz-8.0,root,3,8.0,SUCCESS,1,18.1286,16.7214,28,2538,60.0514,2891,
P16,140,0.3,101,beta-16.0,beta,4,16.0,SUCCESS,1,17.85,16.6,29,2499,40.1227,2891,
P16,140,0.3,102,tree-union,tree,0,1,SUCCESS,1,20.6929,18.4143,37,2897,34.0891,2941,
P16,140,0.3,101,tree-sph,tree,4,2,SUCCESS,1,19.0786,18.2071,28,2671,54.3266,2891,
P16,140,0.3,101,boltz-8.0,root,4,8.0,SUCCESS,1,20.3357,18.4,32,2847,45.4384,2891,
P16,140,0.3,101,beta-2.0,beta,3,2.0,TIMEOUT,0,,,,,63.09,2891,
P16,140,0.3,101,stock,stock,4,,SUCCESS,1,16.7214,15.6214,27,2341,60.9291,2891,
P16,140,0.3,101,beta-dhat,beta,3,2.0,TIMEOUT,0,,,,,62.6335,2891,
P16,140,0.3,101,boltz-0.5,root,4,0.5,SUCCESS,1,17.5214,16.0643,27,2453,57.8269,2891,
P16,140,0.3,102,tree-union,tree,2,1,SUCCESS,1,24.2071,21.2429,41,3389,29.675,2941,
P16,140,0.3,101,boltz-2.0,root,4,2.0,SUCCESS,1,17.9214,16.45,29,2509,60.0879,2891,
P16,140,0.3,102,tree-union,tree,1,1,SUCCESS,1,20.3,18.3429,36,2842,36.8813,2941,
P16,140,0.3,102,beta-16.0,beta,0,16.0,SUCCESS,1,18.3929,17.0929,30,2575,44.8875,2941,
P16,140,0.3,101,beta-2.0,beta,4,2.0,TIMEOUT,0,,,,,61.9065,2891,
P16,140,0.3,101,beta-dhat,beta,4,2.0,TIMEOUT,0,,,,,62.2416,2891,
P16,140,0.3,102,tree-sph,tree,0,2,SUCCESS,1,19.4143,18.1643,28,2718,60.4381,2941,
P16,140,0.3,102,tree-union,tree,4,1,SUCCESS,1,20.6929,18.2929,37,2897,28.0545,2941,
P16,140,0.3,102,boltz-2.0,root,0,2.0,SUCCESS,1,18.0,16.8,27,2520,60.9174,2941,
P16,140,0.3,102,boltz-8.0,root,0,8.0,SUCCESS,1,17.9643,16.6143,28,2515,60.8965,2941,
P16,140,0.3,102,tree-union,tree,3,1,SUCCESS,1,19.8571,17.9357,35,2780,41.0567,2941,
P16,140,0.3,102,beta-2.0,beta,0,2.0,TIMEOUT,0,,,,,63.6547,2941,
P16,140,0.3,102,beta-dhat,beta,0,2.0,TIMEOUT,0,,,,,62.1661,2941,
P16,140,0.3,102,tree-sph,tree,2,2,SUCCESS,1,21.65,20.35,34,3031,51.6731,2941,
P16,140,0.3,102,stock,stock,1,,SUCCESS,1,18.5286,17.3286,29,2594,60.7856,2941,
P16,140,0.3,102,beta-16.0,beta,1,16.0,SUCCESS,1,19.3643,17.7143,30,2711,57.5427,2941,
P16,140,0.3,102,boltz-0.5,root,1,0.5,SUCCESS,1,17.3429,16.1,29,2428,60.1921,2941,
P16,140,0.3,102,tree-sph,tree,1,2,SUCCESS,1,17.9857,17.35,26,2518,60.7535,2941,
P16,140,0.3,102,boltz-2.0,root,1,2.0,SUCCESS,1,16.95,16.0429,26,2373,60.2207,2941,
P16,140,0.3,102,boltz-2.0,root,4,2.0,SUCCESS,1,18.0571,16.6857,29,2528,40.4877,2941,
P16,140,0.3,102,boltz-8.0,root,1,8.0,SUCCESS,1,17.6714,16.4786,27,2474,61.3795,2941,
P16,140,0.3,102,stock,stock,4,,SUCCESS,1,17.3286,16.15,27,2426,44.2147,2941,
P16,140,0.3,102,boltz-0.5,root,2,0.5,SUCCESS,1,18.5857,17.1786,31,2602,57.2215,2941,
P16,140,0.3,102,beta-2.0,beta,1,2.0,TIMEOUT,0,,,,,62.8563,2941,
P16,140,0.3,102,beta-16.0,beta,4,16.0,SUCCESS,1,18.0714,16.7286,30,2530,40.2232,2941,
P16,140,0.3,102,stock,stock,2,,SUCCESS,1,17.6214,16.2714,29,2467,60.9688,2941,
P16,140,0.3,102,beta-dhat,beta,1,2.0,TIMEOUT,0,,,,,62.9352,2941,
P16,140,0.3,103,stock,stock,0,,SUCCESS,1,17.5643,16.2571,28,2459,40.1084,2902,
P16,140,0.3,102,boltz-2.0,root,2,2.0,SUCCESS,1,16.95,15.9214,25,2373,60.5554,2941,
P16,140,0.3,102,tree-sph,tree,4,2,SUCCESS,1,21.3786,20.2786,31,2993,48.0568,2941,
P16,140,0.3,102,boltz-8.0,root,2,8.0,SUCCESS,1,18.9643,17.3429,28,2655,60.9202,2941,
P16,140,0.3,102,boltz-2.0,root,3,2.0,SUCCESS,1,18.7071,17.3357,31,2619,54.5416,2941,
P16,140,0.3,102,beta-16.0,beta,2,16.0,SUCCESS,1,17.2286,16.0929,27,2412,60.5227,2941,
P16,140,0.3,102,stock,stock,3,,SUCCESS,1,17.2071,15.9357,27,2409,59.472,2941,
P16,140,0.3,102,beta-2.0,beta,2,2.0,TIMEOUT,0,,,,,62.7053,2941,
P16,140,0.3,102,tree-sph,tree,3,2,SUCCESS,1,20.5357,19.6643,30,2875,60.6705,2941,
P16,140,0.3,102,beta-dhat,beta,2,2.0,TIMEOUT,0,,,,,62.4561,2941,
P16,140,0.3,102,boltz-0.5,root,3,0.5,SUCCESS,1,18.0429,16.8643,30,2526,60.8866,2941,
P16,140,0.3,102,boltz-8.0,root,3,8.0,SUCCESS,1,18.9714,17.4643,29,2656,60.0817,2941,
P16,140,0.3,102,beta-16.0,beta,3,16.0,SUCCESS,1,18.0429,16.5857,29,2526,61.2125,2941,
P16,140,0.3,103,beta-16.0,beta,0,16.0,SUCCESS,1,17.0714,16.0,28,2390,36.813,2902,
P16,140,0.3,102,beta-2.0,beta,3,2.0,TIMEOUT,0,,,,,63.3694,2941,
P16,140,0.3,102,beta-dhat,beta,3,2.0,TIMEOUT,0,,,,,62.7667,2941,
P16,140,0.3,102,boltz-0.5,root,4,0.5,SUCCESS,1,18.1857,16.9786,29,2546,60.4906,2941,
P16,140,0.3,102,boltz-8.0,root,4,8.0,SUCCESS,1,18.0071,16.6929,29,2521,60.7044,2941,
P16,140,0.3,102,beta-2.0,beta,4,2.0,TIMEOUT,0,,,,,62.7153,2941,
P16,140,0.3,103,tree-union,tree,0,1,SUCCESS,1,20.2,17.9857,34,2828,59.0292,2902,
P16,140,0.3,102,beta-dhat,beta,4,2.0,TIMEOUT,0,,,,,62.873,2941,
P16,140,0.3,103,tree-sph,tree,0,2,SUCCESS,1,19.9643,19.0,30,2795,60.9206,2902,
P16,140,0.3,103,boltz-0.5,root,0,0.5,SUCCESS,1,17.2929,16.15,27,2421,60.7086,2902,
P16,140,0.3,103,tree-sph,tree,1,2,SUCCESS,1,22.7,21.3429,32,3178,46.6326,2902,
P16,140,0.3,103,boltz-2.0,root,0,2.0,SUCCESS,1,18.5571,17.2571,30,2598,60.6453,2902,
P16,140,0.3,103,boltz-8.0,root,0,8.0,SUCCESS,1,18.7286,17.25,29,2622,60.944,2902,
P16,140,0.3,103,boltz-0.5,root,2,0.5,SUCCESS,1,18.8143,17.4,31,2634,37.6637,2902,
P16,140,0.3,103,stock,stock,1,,SUCCESS,1,17.7429,16.45,29,2484,51.5122,2902,
P16,140,0.3,103,beta-2.0,beta,0,2.0,TIMEOUT,0,,,,,62.4396,2902,
P16,140,0.3,103,stock,stock,3,,SUCCESS,1,18.4786,17.0143,30,2587,42.3856,2902,
P16,140,0.3,103,beta-dhat,beta,0,2.0,TIMEOUT,0,,,,,62.3548,2902,
P16,140,0.3,103,tree-union,tree,1,1,SUCCESS,1,18.4429,16.8,29,2582,60.2817,2902,
P16,140,0.3,103,tree-sph,tree,2,2,SUCCESS,1,21.5643,20.4429,32,3019,48.6204,2902,
P16,140,0.3,103,boltz-0.5,root,1,0.5,SUCCESS,1,18.4786,17.0857,30,2587,60.1705,2902,
P16,140,0.3,103,boltz-8.0,root,3,8.0,SUCCESS,1,19.9786,18.2071,32,2797,42.8544,2902,
P16,140,0.3,103,tree-union,tree,2,1,SUCCESS,1,19.9786,17.7714,34,2797,51.4097,2902,
P16,140,0.3,103,boltz-2.0,root,1,2.0,SUCCESS,1,17.7286,16.2857,27,2482,60.4533,2902,
P16,140,0.3,103,boltz-8.0,root,1,8.0,SUCCESS,1,17.5429,16.4071,26,2456,61.0797,2902,
P16,140,0.3,103,beta-16.0,beta,1,16.0,SUCCESS,1,16.3286,15.4143,26,2286,60.4715,2902,
P16,140,0.3,104,tree-union,tree,0,1,SUCCESS,1,19.8286,17.6214,36,2776,36.9275,2886,
P16,140,0.3,103,beta-2.0,beta,1,2.0,TIMEOUT,0,,,,,62.7489,2902,
P16,140,0.3,103,tree-union,tree,3,1,SUCCESS,1,19.7214,17.8571,33,2761,55.0756,2902,
P16,140,0.3,103,beta-dhat,beta,1,2.0,TIMEOUT,0,,,,,63.0477,2902,
P16,140,0.3,103,stock,stock,2,,SUCCESS,1,17.6786,16.5429,29,2475,60.9746,2902,
P16,140,0.3,103,beta-16.0,beta,2,16.0,SUCCESS,1,18.9929,17.4357,30,2659,57.7024,2902,
P16,140,0.3,103,boltz-2.0,root,2,2.0,SUCCESS,1,17.3429,16.1571,28,2428,60.0536,2902,
P16,140,0.3,103,boltz-8.0,root,2,8.0,SUCCESS,1,17.9071,16.8786,27,2507,61.2244,2902,
P16,140,0.3,103,beta-2.0,beta,2,2.0,TIMEOUT,0,,,,,61.9787,2902,
P16,140,0.3,103,tree-sph,tree,3,2,SUCCESS,1,19.1929,18.1071,27,2687,60.7178,2902,
P16,140,0.3,103,beta-dhat,beta,2,2.0,TIMEOUT,0,,,,,62.6973,2902,
P16,140,0.3,103,boltz-0.5,root,4,0.5,SUCCESS,1,17.9786,16.4786,28,2517,53.2178,2902,
P16,140,0.3,103,boltz-0.5,root,3,0.5,SUCCESS,1,17.2214,16.1214,27,2411,61.0694,2902,
P16,140,0.3,104,boltz-0.5,root,1,0.5,SUCCESS,1,17.3143,16.2286,29,2424,27.6937,2886,
P16,140,0.3,103,boltz-2.0,root,3,2.0,SUCCESS,1,17.5929,16.4071,27,2463,60.2544,2902,
P16,140,0.3,103,beta-16.0,beta,3,16.0,SUCCESS,1,18.0643,16.6214,29,2529,60.315,2902,
P16,140,0.3,103,beta-2.0,beta,3,2.0,TIMEOUT,0,,,,,62.1404,2902,
P16,140,0.3,103,stock,stock,4,,SUCCESS,1,17.35,16.2786,26,2429,60.9879,2902,
P16,140,0.3,103,tree-union,tree,4,1,SUCCESS,1,18.8286,16.9571,34,2636,60.2846,2902,
P16,140,0.3,103,beta-dhat,beta,3,2.0,TIMEOUT,0,,,,,62.8296,2902,
P16,140,0.3,103,tree-sph,tree,4,2,SUCCESS,1,19.7286,18.6,29,2762,60.7696,2902,
P16,140,0.3,103,boltz-2.0,root,4,2.0,SUCCESS,1,17.5357,16.3714,28,2455,60.6345,2902,
P16,140,0.3,103,beta-16.0,beta,4,16.0,SUCCESS,1,17.0571,15.8714,28,2388,57.3507,2902,
P16,140,0.3,103,boltz-8.0,root,4,8.0,SUCCESS,1,18.8143,17.3286,30,2634,60.2682,2902,
P16,140,0.3,104,tree-union,tree,1,1,SUCCESS,1,22.4143,19.5714,36,3138,39.87,2886,
P16,140,0.3,104,stock,stock,0,,SUCCESS,1,17.2071,16.0786,27,2409,58.681,2886,
P16,140,0.3,103,beta-dhat,beta,4,2.0,TIMEOUT,0,,,,,60.1226,2902,
P16,140,0.3,103,beta-2.0,beta,4,2.0,TIMEOUT,0,,,,,62.7864,2902,
P16,140,0.3,104,tree-sph,tree,0,2,SUCCESS,1,18.2643,17.2143,28,2557,60.5079,2886,
P16,140,0.3,104,boltz-0.5,root,0,0.5,SUCCESS,1,17.2714,16.1429,28,2418,60.9101,2886,
P16,140,0.3,104,boltz-2.0,root,0,2.0,SUCCESS,1,18.1143,16.9143,29,2536,60.9053,2886,
P16,140,0.3,104,boltz-2.0,root,1,2.0,SUCCESS,1,17.0571,15.9357,27,2388,46.9826,2886,
P16,140,0.3,104,boltz-8.0,root,0,8.0,SUCCESS,1,18.2571,16.9786,31,2556,60.3278,2886,
P16,140,0.3,104,tree-union,tree,3,1,SUCCESS,1,22.9643,20.0214,37,3215,30.5484,2886,
P16,140,0.3,104,beta-2.0,beta,0,2.0,TIMEOUT,0,,,,,63.7513,2886,
P16,140,0.3,104,stock,stock,2,,SUCCESS,1,19.05,17.4571,31,2667,42.7418,2886,
P16,140,0.3,104,beta-16.0,beta,0,16.0,SUCCESS,1,16.4857,15.45,25,2308,61.1423,2886,
P16,140,0.3,104,stock,stock,1,,SUCCESS,1,17.2,15.9429,28,2408,60.3104,2886,
P16,140,0.3,104,tree-sph,tree,1,2,SUCCESS,1,19.7786,18.7429,29,2769,60.1084,2886,
P16,140,0.3,104,beta-dhat,beta,0,2.0,TIMEOUT,0,,,,,62.8161,2886,
P16,140,0.3,104,beta-16.0,beta,1,16.0,SUCCESS,1,19.4071,17.8071,31,2717,52.6795,2886,
P16,140,0.3,104,boltz-2.0,root,4,2.0,SUCCESS,1,18.5214,17.1,31,2593,32.9126,2886,
P16,140,0.3,104,stock,stock,3,,SUCCESS,1,17.7714,16.6214,28,2488,44.1273,2886,
P16,140,0.3,104,boltz-8.0,root,1,8.0,SUCCESS,1,18.8857,17.4643,30,2644,60.7076,2886,
P16,140,0.3,104,tree-union,tree,4,1,SUCCESS,1,18.8643,17.0357,34,2641,41.8405,2886,
P16,140,0.3,104,beta-2.0,beta,1,2.0,TIMEOUT,0,,,,,63.0757,2886,
P16,140,0.3,104,beta-dhat,beta,1,2.0,TIMEOUT,0,,,,,61.9036,2886,
P16,140,0.3,104,tree-sph,tree,2,2,SUCCESS,1,19.7429,18.8786,29,2764,60.7154,2886,
P16,140,0.3,104,tree-union,tree,2,1,SUCCESS,1,18.8571,16.9714,31,2640,60.7695,2886,
P16,140,0.3,105,boltz-0.5,root,0,0.5,SUCCESS,1,16.9571,16.0214,27,2374,35.926,2933,
P16,140,0.3,104,boltz-0.5,root,2,0.5,SUCCESS,1,17.8214,16.5929,29,2495,60.6162,2886,
P16,140,0.3,104,boltz-2.0,root,2,2.0,SUCCESS,1,17.8,16.5286,29,2492,60.5167,2886,
P16,140,0.3,104,boltz-8.0,root,2,8.0,SUCCESS,1,18.3286,17.0,29,2566,60.3156,2886,
P16,140,0.3,104,beta-16.0,beta,2,16.0,SUCCESS,1,17.9357,16.8143,27,2511,61.2729,2886,
P16,140,0.3,104,beta-dhat,beta,2,2.0,TIMEOUT,0,,,,,61.3484,2886,
P16,140,0.3,104,beta-2.0,beta,2,2.0,TIMEOUT,0,,,,,63.4131,2886,
P16,140,0.3,104,tree-sph,tree,3,2,SUCCESS,1,19.8929,18.9357,29,2785,60.1161,2886,
P16,140,0.3,104,boltz-0.5,root,3,0.5,SUCCESS,1,17.2143,16.1071,27,2410,60.3011,2886,
P16,140,0.3,104,beta-16.0,beta,3,16.0,SUCCESS,1,17.7786,16.4643,28,2489,55.7572,2886,
P16,140,0.3,104,boltz-2.0,root,3,2.0,SUCCESS,1,17.3286,16.0286,27,2426,60.4083,2886,
P16,140,0.3,104,boltz-8.0,root,3,8.0,SUCCESS,1,18.0357,16.9143,30,2525,60.506,2886,
P16,140,0.3,104,stock,stock,4,,SUCCESS,1,16.8929,15.7429,25,2365,60.0821,2886,
P16,140,0.3,104,tree-sph,tree,4,2,SUCCESS,1,19.3786,18.3571,28,2713,60.3099,2886,
P16,140,0.3,104,beta-2.0,beta,3,2.0,TIMEOUT,0,,,,,63.4518,2886,
P16,140,0.3,105,tree-union,tree,0,1,SUCCESS,1,19.2429,17.2143,32,2694,53.9251,2933,
P16,140,0.3,104,beta-dhat,beta,3,2.0,TIMEOUT,0,,,,,63.3606,2886,
P16,140,0.3,104,boltz-0.5,root,4,0.5,SUCCESS,1,16.75,15.5929,26,2345,60.9794,2886,
P16,140,0.3,105,tree-sph,tree,0,2,SUCCESS,1,18.8286,17.8857,28,2636,55.5505,2933,
P16,140,0.3,105,stock,stock,2,,SUCCESS,1,20.1286,18.3929,30,2818,34.2656,2933,
P16,140,0.3,104,boltz-8.0,root,4,8.0,SUCCESS,1,17.8,16.7714,28,2492,60.9157,2886,
P16,140,0.3,104,beta-16.0,beta,4,16.0,SUCCESS,1,16.8929,15.7429,25,2365,60.0586,2886,
P16,140,0.3,105,stock,stock,0,,SUCCESS,1,17.7214,16.4357,28,2481,60.8946,2933,
P16,140,0.3,105,boltz-2.0,root,0,2.0,SUCCESS,1,18.5143,17.1643,29,2592,57.6945,2933,
P16,140,0.3,104,beta-2.0,beta,4,2.0,TIMEOUT,0,,,,,63.1936,2886,
P16,140,0.3,104,beta-dhat,beta,4,2.0,TIMEOUT,0,,,,,63.2017,2886,
P16,140,0.3,105,boltz-8.0,root,0,8.0,SUCCESS,1,18.5,17.1643,28,2590,60.7938,2933,
P16,140,0.3,105,beta-2.0,beta,0,2.0,TIMEOUT,0,,,,,61.4461,2933,
P16,140,0.3,105,beta-16.0,beta,0,16.0,SUCCESS,1,17.9571,16.6,30,2514,60.2115,2933,
P16,140,0.3,105,stock,stock,1,,SUCCESS,1,17.5714,16.35,29,2460,60.5979,2933,
P16,140,0.3,105,tree-union,tree,1,1,SUCCESS,1,18.8071,17.0714,34,2633,60.8416,2933,
P16,140,0.3,105,tree-sph,tree,1,2,SUCCESS,1,19.6071,18.6357,29,2745,60.4273,2933,
P16,140,0.3,105,beta-dhat,beta,0,2.0,TIMEOUT,0,,,,,63.7896,2933,
P16,140,0.3,105,boltz-2.0,root,1,2.0,SUCCESS,1,17.6214,16.4429,29,2467,60.6448,2933,
P16,140,0.3,105,boltz-0.5,root,1,0.5,SUCCESS,1,17.2786,16.1429,28,2419,61.1217,2933,
P16,140,0.3,105,boltz-8.0,root,1,8.0,SUCCESS,1,18.4857,17.0429,29,2588,60.2283,2933,
P16,140,0.3,105,stock,stock,3,,SUCCESS,1,17.9786,16.6857,29,2517,42.3475,2933,
P16,140,0.3,105,stock,stock,4,,SUCCESS,1,18.0786,16.3071,31,2531,34.6171,2933,
P16,140,0.3,105,beta-16.0,beta,1,16.0,SUCCESS,1,17.9429,16.5571,30,2512,60.4727,2933,
P16,140,0.3,105,beta-2.0,beta,1,2.0,TIMEOUT,0,,,,,63.2086,2933,
P16,140,0.3,105,beta-16.0,beta,2,16.0,SUCCESS,1,18.0357,16.6357,28,2525,48.9538,2933,
P16,140,0.3,105,beta-dhat,beta,1,2.0,TIMEOUT,0,,,,,63.0064,2933,
P16,140,0.3,105,tree-union,tree,2,1,SUCCESS,1,19.6286,17.6857,34,2748,60.806,2933,
P16,140,0.3,105,tree-sph,tree,2,2,SUCCESS,1,20.3857,19.4786,29,2854,60.1714,2933,
P16,140,0.3,105,boltz-0.5,root,2,0.5,SUCCESS,1,17.7286,16.4929,27,2482,60.7808,2933,
P16,140,0.3,105,boltz-8.0,root,2,8.0,SUCCESS,1,18.1429,16.6714,27,2540,56.9882,2933,
P16,140,0.3,105,boltz-2.0,root,2,2.0,SUCCESS,1,17.5643,16.2786,28,2459,60.0472,2933,
P16,140,0.3,105,tree-sph,tree,3,2,SUCCESS,1,20.3286,19.2643,30,2846,52.7349,2933,
P16,140,0.3,105,boltz-0.5,root,4,0.5,SUCCESS,1,17.2214,15.9714,28,2411,43.6149,2933,
P16,140,0.3,105,beta-16.0,beta,3,16.0,SUCCESS,1,18.7214,17.0929,28,2621,47.5736,2933,
P16,140,0.2,101,beta-16.0,beta,1,16.0,SUCCESS,1,14.8643,14.1429,24,2081,35.1625,1947,
P16,140,0.3,105,beta-2.0,beta,2,2.0,TIMEOUT,0,,,,,62.4261,2933,
P16,140,0.2,101,stock,stock,1,,SUCCESS,1,15.1643,14.2857,24,2123,39.3856,1947,
P16,140,0.3,105,beta-dhat,beta,2,2.0,TIMEOUT,0,,,,,61.753,2933,
P16,140,0.3,105,tree-union,tree,3,1,SUCCESS,1,19.7429,17.7571,32,2764,60.338,2933,
P16,140,0.3,105,boltz-0.5,root,3,0.5,SUCCESS,1,17.5214,16.2857,26,2453,61.0715,2933,
P16,140,0.3,105,boltz-2.0,root,3,2.0,SUCCESS,1,17.7357,16.3786,29,2483,60.0888,2933,
P16,140,0.2,101,stock,stock,2,,SUCCESS,1,16.0571,15.0643,25,2248,42.7493,1947,
P16,140,0.3,105,boltz-8.0,root,3,8.0,SUCCESS,1,18.4143,17.0,28,2578,60.1971,2933,
P16,140,0.3,105,tree-union,tree,4,1,SUCCESS,1,17.6214,15.9857,30,2467,60.1053,2933,
P16,140,0.3,105,beta-2.0,beta,3,2.0,TIMEOUT,0,,,,,61.7881,2933,
P16,140,0.3,105,beta-dhat,beta,3,2.0,TIMEOUT,0,,,,,62.5069,2933,
P16,140,0.3,105,tree-sph,tree,4,2,SUCCESS,1,19.8571,18.5571,28,2780,60.715,2933,
P16,140,0.3,105,beta-16.0,beta,4,16.0,SUCCESS,1,17.4571,16.2143,28,2444,56.7713,2933,
P16,140,0.3,105,boltz-2.0,root,4,2.0,SUCCESS,1,17.5571,16.4143,28,2458,61.0897,2933,
P16,140,0.3,105,boltz-8.0,root,4,8.0,SUCCESS,1,18.7071,17.1929,30,2619,60.4287,2933,
P16,140,0.2,101,stock,stock,0,,SUCCESS,1,15.0429,14.2143,23,2106,58.11,1947,
P16,140,0.2,102,beta-16.0,beta,1,16.0,SUCCESS,1,16.3071,15.1143,26,2283,25.4944,1920,
P16,140,0.3,105,beta-2.0,beta,4,2.0,TIMEOUT,0,,,,,61.5857,2933,
P16,140,0.2,102,beta-16.0,beta,3,16.0,SUCCESS,1,15.6714,14.7571,28,2194,18.4104,1920,
P16,140,0.3,105,beta-dhat,beta,4,2.0,TIMEOUT,0,,,,,62.0862,2933,
P16,140,0.2,101,beta-2.0,beta,0,2.0,TIMEOUT,0,,,,,60.9592,1947,
P16,140,0.2,101,beta-16.0,beta,0,16.0,SUCCESS,1,15.3643,14.4786,24,2151,60.1335,1947,
P16,140,0.2,101,beta-16.0,beta,2,16.0,SUCCESS,1,15.7714,14.6143,27,2208,51.6895,1947,
P16,140,0.2,101,beta-dhat,beta,0,3.0,TIMEOUT,0,,,,,60.9459,1947,
P16,140,0.2,102,beta-16.0,beta,0,16.0,SUCCESS,1,14.9929,14.0714,25,2099,37.1497,1920,
P16,140,0.2,101,beta-2.0,beta,1,2.0,TIMEOUT,0,,,,,61.3173,1947,
P16,140,0.2,101,beta-dhat,beta,1,3.0,TIMEOUT,0,,,,,61.1256,1947,
P16,140,0.2,102,stock,stock,0,,SUCCESS,1,15.85,15.0071,25,2219,42.2856,1920,
P16,140,0.2,101,beta-16.0,beta,4,16.0,SUCCESS,1,15.9857,15.2286,26,2238,47.8961,1947,
P16,140,0.2,101,beta-2.0,beta,2,2.0,TIMEOUT,0,,,,,61.7765,1947,
P16,140,0.2,101,beta-dhat,beta,2,3.0,TIMEOUT,0,,,,,61.4749,1947,
P16,140,0.2,102,stock,stock,2,,SUCCESS,1,15.4071,14.6429,24,2157,38.1849,1920,
P16,140,0.2,102,beta-16.0,beta,2,16.0,SUCCESS,1,15.9,14.9643,25,2226,37.4457,1920,
P16,140,0.2,101,stock,stock,4,,SUCCESS,1,15.3786,14.45,25,2153,54.5035,1947,
P16,140,0.2,102,stock,stock,1,,SUCCESS,1,15.0,14.2357,24,2100,46.3631,1920,
P16,140,0.2,101,stock,stock,3,,SUCCESS,1,15.35,14.6714,25,2149,60.3185,1947,
P16,140,0.2,103,stock,stock,0,,SUCCESS,1,16.2071,15.2357,28,2269,28.4125,1920,
P16,140,0.2,101,beta-16.0,beta,3,16.0,SUCCESS,1,15.05,14.1929,23,2107,60.5142,1947,
P16,140,0.2,101,beta-2.0,beta,3,2.0,TIMEOUT,0,,,,,61.7616,1947,
P16,140,0.2,101,beta-dhat,beta,3,3.0,TIMEOUT,0,,,,,61.566,1947,
P16,140,0.2,101,beta-2.0,beta,4,2.0,TIMEOUT,0,,,,,62.468,1947,
P16,140,0.2,102,stock,stock,4,,SUCCESS,1,15.35,14.6214,26,2149,42.4093,1920,
P16,140,0.2,101,beta-dhat,beta,4,3.0,TIMEOUT,0,,,,,62.3288,1947,
P16,140,0.2,103,beta-16.0,beta,4,16.0,SUCCESS,1,15.9,14.9786,26,2226,20.492,1920,
P16,140,0.2,102,beta-2.0,beta,0,2.0,TIMEOUT,0,,,,,62.5501,1920,
P16,140,0.2,103,stock,stock,1,,SUCCESS,1,15.9143,15.0143,25,2228,35.6757,1920,
P16,140,0.2,103,stock,stock,3,,SUCCESS,1,15.2429,14.4143,24,2134,28.3709,1920,
P16,140,0.2,102,beta-dhat,beta,0,3.0,TIMEOUT,0,,,,,61.4478,1920,
P16,140,0.2,103,beta-16.0,beta,3,16.0,SUCCESS,1,15.8929,14.9071,26,2225,29.0302,1920,
P16,140,0.2,103,beta-16.0,beta,0,16.0,SUCCESS,1,15.45,14.6857,25,2163,39.9766,1920,
P16,140,0.2,104,beta-16.0,beta,1,16.0,SUCCESS,1,16.6857,15.6429,29,2336,17.0198,1956,
P16,140,0.2,104,stock,stock,1,,SUCCESS,1,16.7071,15.4071,26,2339,19.7668,1956,
P16,140,0.2,103,stock,stock,4,,SUCCESS,1,16.0714,15.0,26,2250,29.8345,1920,
P16,140,0.2,102,beta-2.0,beta,1,2.0,TIMEOUT,0,,,,,62.2943,1920,
P16,140,0.2,102,beta-dhat,beta,1,3.0,TIMEOUT,0,,,,,61.2371,1920,
P16,140,0.2,102,beta-16.0,beta,4,16.0,SUCCESS,1,15.0857,14.1714,24,2112,49.3146,1920,
P16,140,0.2,102,stock,stock,3,,SUCCESS,1,14.4929,13.7,23,2029,59.2648,1920,
P16,140,0.2,102,beta-2.0,beta,2,2.0,TIMEOUT,0,,,,,62.0354,1920,
P16,140,0.2,102,beta-dhat,beta,2,3.0,TIMEOUT,0,,,,,62.5504,1920,
P16,140,0.2,102,beta-2.0,beta,3,2.0,TIMEOUT,0,,,,,61.8438,1920,
P16,140,0.2,102,beta-dhat,beta,3,3.0,TIMEOUT,0,,,,,62.6672,1920,
P16,140,0.2,102,beta-2.0,beta,4,2.0,TIMEOUT,0,,,,,62.2837,1920,
P16,140,0.2,102,beta-dhat,beta,4,3.0,TIMEOUT,0,,,,,61.2927,1920,
P16,140,0.2,103,beta-16.0,beta,2,16.0,SUCCESS,1,15.4929,14.5,26,2169,50.6885,1920,
P16,140,0.2,104,stock,stock,0,,SUCCESS,1,14.9071,14.1214,24,2087,43.2099,1956,
P16,140,0.2,103,beta-2.0,beta,0,2.0,TIMEOUT,0,,,,,62.2353,1920,
P16,140,0.2,103,beta-dhat,beta,0,3.0,TIMEOUT,0,,,,,61.9053,1920,
P16,140,0.2,103,beta-16.0,beta,1,16.0,SUCCESS,1,14.9357,14.0714,23,2091,57.931,1920,
P16,140,0.2,103,beta-2.0,beta,1,2.0,TIMEOUT,0,,,,,61.3363,1920,
P16,140,0.2,103,stock,stock,2,,SUCCESS,1,14.9929,14.1357,23,2099,60.519,1920,
P16,140,0.2,104,beta-16.0,beta,0,16.0,SUCCESS,1,15.1714,14.3714,27,2124,48.2213,1956,
P16,140,0.2,103,beta-2.0,beta,2,2.0,TIMEOUT,0,,,,,61.0947,1920,
P16,140,0.2,105,stock,stock,1,,SUCCESS,1,15.8929,14.9929,26,2225,28.3398,1920,
P16,140,0.2,103,beta-dhat,beta,1,3.0,TIMEOUT,0,,,,,62.509,1920,
P16,140,0.2,103,beta-dhat,beta,2,3.0,TIMEOUT,0,,,,,60.962,1920,
P16,140,0.2,105,stock,stock,3,,SUCCESS,1,15.9786,15.0857,26,2237,19.9227,1920,
P16,140,0.2,104,stock,stock,4,,SUCCESS,1,16.0786,14.9286,27,2251,34.9395,1956,
P16,140,0.2,104,beta-16.0,beta,2,16.0,SUCCESS,1,16.6571,15.6643,27,2332,43.8294,1956,
P16,140,0.2,103,beta-2.0,beta,3,2.0,TIMEOUT,0,,,,,62.3156,1920,
P16,140,0.2,104,beta-16.0,beta,4,16.0,SUCCESS,1,16.1714,15.0714,27,2264,34.3769,1956,
P16,140,0.2,103,beta-dhat,beta,3,3.0,TIMEOUT,0,,,,,61.5342,1920,
P16,140,0.2,103,beta-2.0,beta,4,2.0,TIMEOUT,0,,,,,60.3589,1920,
P16,140,0.2,105,beta-16.0,beta,1,16.0,SUCCESS,1,15.65,14.7929,25,2191,34.322,1920,
P16,140,0.2,105,beta-16.0,beta,0,16.0,SUCCESS,1,15.3214,14.4286,26,2145,36.9181,1920,
P16,140,0.2,103,beta-dhat,beta,4,3.0,TIMEOUT,0,,,,,62.3804,1920,
P16,140,0.2,105,stock,stock,0,,SUCCESS,1,15.9286,14.9357,27,2230,40.8935,1920,
P16,140,0.2,104,beta-2.0,beta,0,2.0,TIMEOUT,0,,,,,62.2276,1956,
P16,140,0.2,104,beta-dhat,beta,0,3.0,TIMEOUT,0,,,,,60.9571,1956,
P16,140,0.2,105,beta-16.0,beta,3,16.0,SUCCESS,1,16.05,15.1071,27,2247,27.772,1920,
P16,140,0.2,105,stock,stock,4,,SUCCESS,1,17.3214,16.1714,29,2425,26.2715,1920,
P16,140,0.2,104,stock,stock,3,,SUCCESS,1,14.9643,14.0643,24,2095,55.56,1956,
P16,140,0.2,104,beta-2.0,beta,1,2.0,TIMEOUT,0,,,,,61.5833,1956,
P16,140,0.2,104,stock,stock,2,,SUCCESS,1,15.1714,14.4071,24,2124,60.7391,1956,
P16,140,0.2,104,beta-dhat,beta,1,3.0,TIMEOUT,0,,,,,61.0184,1956,
P16,140,0.2,105,stock,stock,2,,SUCCESS,1,15.6571,14.6143,24,2192,43.2194,1920,
P16,140,0.2,104,beta-2.0,beta,2,2.0,TIMEOUT,0,,,,,61.6307,1956,
P16,140,0.2,104,beta-dhat,beta,2,3.0,TIMEOUT,0,,,,,62.1351,1956,
P16,140,0.2,104,beta-2.0,beta,3,2.0,TIMEOUT,0,,,,,60.8806,1956,
P16,140,0.2,104,beta-16.0,beta,3,16.0,SUCCESS,1,15.3714,14.4,26,2152,60.5763,1956,
P16,140,0.2,104,beta-dhat,beta,3,3.0,TIMEOUT,0,,,,,61.7629,1956,
P16,140,0.2,104,beta-2.0,beta,4,2.0,TIMEOUT,0,,,,,61.2022,1956,
P16,140,0.2,104,beta-dhat,beta,4,3.0,TIMEOUT,0,,,,,61.6981,1956,
P16,140,0.2,105,beta-2.0,beta,0,2.0,TIMEOUT,0,,,,,60.8869,1920,
P16,140,0.2,105,beta-dhat,beta,0,3.0,TIMEOUT,0,,,,,61.7964,1920,
P16,140,0.2,105,beta-2.0,beta,1,2.0,TIMEOUT,0,,,,,62.1315,1920,
P16,140,0.2,105,beta-16.0,beta,2,16.0,SUCCESS,1,14.6357,13.7429,23,2049,57.3797,1920,
P16,140,0.2,105,beta-dhat,beta,1,3.0,TIMEOUT,0,,,,,61.5936,1920,
P16,140,0.2,105,beta-2.0,beta,2,2.0,TIMEOUT,0,,,,,62.1373,1920,
P16,140,0.2,105,beta-dhat,beta,2,3.0,TIMEOUT,0,,,,,61.5732,1920,
P16,140,0.2,105,beta-2.0,beta,3,2.0,TIMEOUT,0,,,,,60.9454,1920,
P16,140,0.2,105,beta-dhat,beta,3,3.0,TIMEOUT,0,,,,,61.4791,1920,
P16,140,0.2,105,beta-16.0,beta,4,16.0,SUCCESS,1,14.6429,13.9357,23,2050,60.45,1920,
P16,140,0.2,105,beta-2.0,beta,4,2.0,TIMEOUT,0,,,,,61.7543,1920,
P16,140,0.2,105,beta-dhat,beta,4,3.0,TIMEOUT,0,,,,,61.3621,1920,
