,algo_a,algo_b,n_pairs,median_a,median_b,median_diff,direction,w_statistic,p_value,log10_p,effect_size,corrected_p,significant_005,significant_001,significant_0001,effect_magnitude
0,atom,clique,5150,5.8125,8.0,-2.1875,atom < clique,3509321.0,5.8502775985888946e-179,-178.23282352593918,0.46105201501114657,1.1700555197177789e-178,True,True,True,medium
1,atom,minorminer,5802,5.8,3.8846153846153846,1.9153846153846152,atom > minorminer,7723.5,0.0,-944.5314731221831,0.9990811538024332,0.0,True,True,True,large
2,atom,oct-fast-oct-reduce,5633,5.8125,4.714285714285714,1.0982142857142856,atom > oct-fast-oct-reduce,562866.5,0.0,-785.1622726789946,0.9278583966628582,0.0,True,True,True,large
3,clique,minorminer,5450,8.0,4.1521739130434785,3.8478260869565215,clique > minorminer,756866.5,0.0,-713.6231810089257,0.8972647235641774,0.0,True,True,True,large
4,clique,oct-fast-oct-reduce,5566,8.0,4.679285714285714,3.3207142857142857,clique > oct-fast-oct-reduce,48801.0,0.0,-890.4874312233305,0.9936087122991328,0.0,True,True,True,large
5,minorminer,oct-fast-oct-reduce,6456,4.346989966555183,5.112701612903226,-0.7657116463480431,minorminer < oct-fast-oct-reduce,5778389.0,4.4852640767945986e-142,-141.3482119821141,0.37566601136539823,4.4852640767945986e-142,True,True,True,medium
