cell,seed,v,deg,len0,len1,jac,disp,cls0,cls1,changed,nb_changed
turan_n162,0,0,81,6,6,1.0,0.0,1run,1run,0,0
turan_n162,0,1,81,6,6,1.0,0.0,1run,1run,0,0
turan_n162,0,2,81,6,6,1.0,0.0,1run,1run,0,0
turan_n162,0,3,81,6,6,1.0,0.0,1run,1run,0,0
turan_n162,0,4,81,6,6,1.0,0.0,1run,1run,0,0
turan_n162,0,5,81,6,6,1.0,0.0,1run,1run,0,0
turan_n162,0,6,81,6,6,1.0,0.0,1run,1run,0,0
turan_n162,0,7,81,6,6,1.0,0.0,1run,1run,0,0
turan_n162,0,8,81,6,6,1.0,0.0,1run,1run,0,0
turan_n162,0,9,81,6,6,1.0,0.0,1run,1run,0,0
turan_n162,0,10,81,6,6,1.0,0.0,1run,1run,0,0
turan_n162,0,11,81,6,6,1.0,0.0,1run,1run,0,0
turan_n162,0,12,81,6,6,1.0,0.0,1run,1run,0,0
turan_n162,0,13,81,6,6,1.0,0.0,1run,1run,0,0
turan_n162,0,14,81,6,6,1.0,0.0,1run,1run,0,0
turan_n162,0,15,81,6,6,1.0,0.0,1run,1run,0,0
turan_n162,0,16,81,6,6,1.0,0.0,1run,1run,0,0
turan_n162,0,17,81,6,6,1.0,0.0,1run,1run,0,0
turan_n162,0,18,81,6,6,1.0,0.0,1run,1run,0,0
turan_n162,0,19,81,6,6,1.0,0.0,1run,1run,0,0
turan_n162,0,20,81,6,6,1.0,0.0,1run,1run,0,0
turan_n162,0,21,81,6,6,1.0,0.0,1run,1run,0,0
turan_n162,0,22,81,6,6,1.0,0.0,1run,1run,0,0
turan_n162,0,23,81,6,6,1.0,0.0,1run,1run,0,0
turan_n162,0,24,81,6,6,1.0,0.0,1run,1run,0,0
turan_n162,0,25,81,6,6,1.0,0.0,1run,1run,0,0
turan_n162,0,26,81,6,6,1.0,0.0,1run,1run,0,0
turan_n162,0,27,81,6,6,1.0,0.0,1run,1run,0,0
turan_n162,0,28,81,6,6,1.0,0.0,1run,1run,0,0
turan_n162,0,29,81,6,6,1.0,0.0,1run,1run,0,0
turan_n162,0,30,81,6,6,1.0,0.0,1run,1run,0,0
turan_n162,0,31,81,6,6,1.0,0.0,1run,1run,0,0
turan_n162,0,32,81,6,6,1.0,0.0,1run,1run,0,0
turan_n162,0,33,81,6,6,1.0,0.0,1run,1run,0,0
turan_n162,0,34,81,6,6,1.0,0.0,1run,1run,0,0
turan_n162,0,35,81,6,6,1.0,0.0,1run,1run,0,0
turan_n162,0,36,81,6,6,1.0,0.0,1run,1run,0,0
turan_n162,0,37,81,6,6,1.0,0.0,1run,1run,0,0
turan_n162,0,38,81,6,6,1.0,0.0,1run,1run,0,0
turan_n162,0,39,81,6,6,1.0,0.0,1run,1run,0,0
turan_n162,0,40,81,6,6,1.0,0.0,1run,1run,0,0
turan_n162,0,41,81,6,6,1.0,0.0,1run,1run,0,0
turan_n162,0,42,81,6,6,1.0,0.0,1run,1run,0,0
turan_n162,0,43,81,6,6,1.0,0.0,1run,1run,0,0
turan_n162,0,44,81,6,6,1.0,0.0,1run,1run,0,0
turan_n162,0,45,81,6,6,1.0,0.0,1run,1run,0,0
turan_n162,0,46,81,6,6,1.0,0.0,1run,1run,0,0
turan_n162,0,47,81,6,6,1.0,0.0,1run,1run,0,0
turan_n162,0,48,81,6,6,1.0,0.0,1run,1run,0,0
turan_n162,0,49,81,6,6,1.0,0.0,1run,1run,0,0
turan_n162,0,50,81,6,6,1.0,0.0,1run,1run,0,0
turan_n162,0,51,81,6,6,1.0,0.0,1run,1run,0,0
turan_n162,0,52,81,6,6,1.0,0.0,1run,1run,0,0
turan_n162,0,53,81,6,6,1.0,0.0,1run,1run,0,0
turan_n162,0,54,81,6,6,1.0,0.0,1run,1run,0,0
turan_n162,0,55,81,6,6,1.0,0.0,1run,1run,0,0
turan_n162,0,56,81,6,6,1.0,0.0,1run,1run,0,0
turan_n162,0,57,81,6,6,1.0,0.0,1run,1run,0,0
turan_n162,0,58,81,6,6,1.0,0.0,1run,1run,0,0
turan_n162,0,59,81,6,6,1.0,0.0,1run,1run,0,0
turan_n162,0,60,81,6,6,1.0,0.0,1run,1run,0,0
turan_n162,0,61,81,6,6,1.0,0.0,1run,1run,0,0
turan_n162,0,62,81,6,6,1.0,0.0,1run,1run,0,0
turan_n162,0,63,81,6,6,1.0,0.0,1run,1run,0,0
turan_n162,0,64,81,6,6,1.0,0.0,1run,1run,0,0
turan_n162,0,65,81,6,6,1.0,0.0,1run,1run,0,0
turan_n162,0,66,81,6,6,1.0,0.0,1run,1run,0,0
turan_n162,0,67,81,6,6,1.0,0.0,1run,1run,0,0
turan_n162,0,68,81,6,6,1.0,0.0,1run,1run,0,0
turan_n162,0,69,81,6,6,1.0,0.0,1run,1run,0,0
turan_n162,0,70,81,6,6,1.0,0.0,1run,1run,0,0
turan_n162,0,71,81,6,6,1.0,0.0,1run,1run,0,0
turan_n162,0,72,81,6,6,1.0,0.0,1run,1run,0,0
turan_n162,0,73,81,6,6,1.0,0.0,1run,1run,0,0
turan_n162,0,74,81,6,6,1.0,0.0,1run,1run,0,0
turan_n162,0,75,81,6,6,1.0,0.0,1run,1run,0,0
turan_n162,0,76,81,6,6,1.0,0.0,1run,1run,0,0
turan_n162,0,77,81,6,6,1.0,0.0,1run,1run,0,0
turan_n162,0,78,81,6,6,1.0,0.0,1run,1run,0,0
turan_n162,0,79,81,6,6,1.0,0.0,1run,1run,0,0
turan_n162,0,80,81,6,6,1.0,0.0,1run,1run,0,0
turan_n162,0,81,81,6,6,1.0,0.0,1run,1run,0,0
turan_n162,0,82,81,6,6,1.0,0.0,1run,1run,0,0
turan_n162,0,83,81,6,6,1.0,0.0,1run,1run,0,0
turan_n162,0,84,81,6,6,1.0,0.0,1run,1run,0,0
turan_n162,0,85,81,6,6,1.0,0.0,1run,1run,0,0
turan_n162,0,86,81,6,6,1.0,0.0,1run,1run,0,0
turan_n162,0,87,81,6,6,1.0,0.0,1run,1run,0,0
turan_n162,0,88,81,6,6,1.0,0.0,1run,1run,0,0
turan_n162,0,89,81,6,6,1.0,0.0,1run,1run,0,0
turan_n162,0,90,81,6,6,1.0,0.0,1run,1run,0,0
turan_n162,0,91,81,6,6,1.0,0.0,1run,1run,0,0
turan_n162,0,92,81,6,6,1.0,0.0,1run,1run,0,0
turan_n162,0,93,81,6,6,1.0,0.0,1run,1run,0,0
turan_n162,0,94,81,6,6,1.0,0.0,1run,1run,0,0
turan_n162,0,95,81,6,6,1.0,0.0,1run,1run,0,0
turan_n162,0,96,81,6,6,1.0,0.0,1run,1run,0,0
turan_n162,0,97,81,6,6,1.0,0.0,1run,1run,0,0
turan_n162,0,98,81,6,6,1.0,0.0,1run,1run,0,0
turan_n162,0,99,81,6,6,1.0,0.0,1run,1run,0,0
turan_n162,0,100,81,6,6,1.0,0.0,1run,1run,0,0
turan_n162,0,101,81,6,6,1.0,0.0,1run,1run,0,0
turan_n162,0,102,81,6,6,1.0,0.0,1run,1run,0,0
turan_n162,0,103,81,6,6,1.0,0.0,1run,1run,0,0
turan_n162,0,104,81,6,6,1.0,0.0,1run,1run,0,0
turan_n162,0,105,81,6,6,1.0,0.0,1run,1run,0,0
turan_n162,0,106,81,6,6,1.0,0.0,1run,1run,0,0
turan_n162,0,107,81,6,6,1.0,0.0,1run,1run,0,0
turan_n162,0,108,81,6,6,1.0,0.0,1run,1run,0,0
turan_n162,0,109,81,6,6,1.0,0.0,1run,1run,0,0
turan_n162,0,110,81,6,6,1.0,0.0,1run,1run,0,0
turan_n162,0,111,81,6,6,1.0,0.0,1run,1run,0,0
turan_n162,0,112,81,6,6,1.0,0.0,1run,1run,0,0
turan_n162,0,113,81,6,6,1.0,0.0,1run,1run,0,0
turan_n162,0,114,81,6,6,1.0,0.0,1run,1run,0,0
turan_n162,0,115,81,6,6,1.0,0.0,1run,1run,0,0
turan_n162,0,116,81,6,6,1.0,0.0,1run,1run,0,0
turan_n162,0,117,81,6,6,1.0,0.0,1run,1run,0,0
turan_n162,0,118,81,6,6,1.0,0.0,1run,1run,0,0
turan_n162,0,119,81,6,6,1.0,0.0,1run,1run,0,0
turan_n162,0,120,81,6,6,1.0,0.0,1run,1run,0,0
turan_n162,0,121,81,6,6,1.0,0.0,1run,1run,0,0
turan_n162,0,122,81,6,6,1.0,0.0,1run,1run,0,0
turan_n162,0,123,81,6,6,1.0,0.0,1run,1run,0,0
turan_n162,0,124,81,6,6,1.0,0.0,1run,1run,0,0
turan_n162,0,125,81,6,6,1.0,0.0,1run,1run,0,0
turan_n162,0,126,81,6,6,1.0,0.0,1run,1run,0,0
turan_n162,0,127,81,6,6,1.0,0.0,1run,1run,0,0
turan_n162,0,128,81,6,6,1.0,0.0,1run,1run,0,0
turan_n162,0,129,81,6,6,1.0,0.0,1run,1run,0,0
turan_n162,0,130,81,6,6,1.0,0.0,1run,1run,0,0
turan_n162,0,131,81,6,6,1.0,0.0,1run,1run,0,0
turan_n162,0,132,81,6,6,1.0,0.0,1run,1run,0,0
turan_n162,0,133,81,6,6,1.0,0.0,1run,1run,0,0
turan_n162,0,134,81,6,6,1.0,0.0,1run,1run,0,0
turan_n162,0,135,81,6,6,1.0,0.0,1run,1run,0,0
turan_n162,0,136,81,6,6,1.0,0.0,1run,1run,0,0
turan_n162,0,137,81,6,6,1.0,0.0,1run,1run,0,0
turan_n162,0,138,81,6,6,1.0,0.0,1run,1run,0,0
turan_n162,0,139,81,6,6,1.0,0.0,1run,1run,0,0
turan_n162,0,140,81,6,6,1.0,0.0,1run,1run,0,0
turan_n162,0,141,81,6,6,1.0,0.0,1run,1run,0,0
turan_n162,0,142,81,6,6,1.0,0.0,1run,1run,0,0
turan_n162,0,143,81,6,6,1.0,0.0,1run,1run,0,0
turan_n162,0,144,81,6,6,1.0,0.0,1run,1run,0,0
turan_n162,0,145,81,6,6,1.0,0.0,1run,1run,0,0
turan_n162,0,146,81,6,6,1.0,0.0,1run,1run,0,0
turan_n162,0,147,81,6,6,1.0,0.0,1run,1run,0,0
turan_n162,0,148,81,6,6,1.0,0.0,1run,1run,0,0
turan_n162,0,149,81,6,6,1.0,0.0,1run,1run,0,0
turan_n162,0,150,81,6,6,1.0,0.0,1run,1run,0,0
turan_n162,0,151,81,6,6,1.0,0.0,1run,1run,0,0
turan_n162,0,152,81,6,6,1.0,0.0,1run,1run,0,0
turan_n162,0,153,81,6,6,1.0,0.0,1run,1run,0,0
turan_n162,0,154,81,6,6,1.0,0.0,1run,1run,0,0
turan_n162,0,155,81,6,6,1.0,0.0,1run,1run,0,0
turan_n162,0,156,81,6,6,1.0,0.0,1run,1run,0,0
turan_n162,0,157,81,6,6,1.0,0.0,1run,1run,0,0
turan_n162,0,158,81,6,6,1.0,0.0,1run,1run,0,0
turan_n162,0,159,81,6,6,1.0,0.0,1run,1run,0,0
turan_n162,0,160,81,6,6,1.0,0.0,1run,1run,0,0
turan_n162,0,161,81,6,6,1.0,0.0,1run,1run,0,0
turan_n162,1,0,81,9,6,0.667,2.34,L,1run,1,69
turan_n162,1,1,81,10,6,0.0,5.88,L,1run,1,69
turan_n162,1,2,81,9,6,0.0,7.38,L,1run,1,69
turan_n162,1,3,81,9,6,0.0,2.78,L,1run,1,69
turan_n162,1,4,81,8,6,0.0,2.74,L,1run,1,69
turan_n162,1,5,81,9,6,0.0,3.48,L,1run,1,69
turan_n162,1,6,81,9,6,0.0,6.52,L,1run,1,69
turan_n162,1,7,81,7,6,0.0,2.18,L,1run,1,69
turan_n162,1,8,81,9,6,0.0,6.26,L,1run,1,69
turan_n162,1,9,81,9,6,0.0,5.86,L,L,1,69
turan_n162,1,10,81,7,6,0.0,0.86,L,1run,1,69
turan_n162,1,11,81,9,6,0.667,2.78,L,1run,1,69
turan_n162,1,12,81,8,6,0.0,3.28,L,L,1,69
turan_n162,1,13,81,8,6,0.0,5.82,L,1run,1,69
turan_n162,1,14,81,9,6,0.0,3.36,L,1run,1,69
turan_n162,1,15,81,7,6,0.0,6.0,L,1run,1,69
turan_n162,1,16,81,10,6,0.6,3.41,L,1run,1,69
turan_n162,1,17,81,9,6,0.0,2.76,L,1run,1,69
turan_n162,1,18,81,9,6,0.0,5.93,L,1run,1,69
turan_n162,1,19,81,10,6,0.0,4.05,L,1run,1,69
turan_n162,1,20,81,8,6,0.0,4.74,L,1run,1,69
turan_n162,1,21,81,10,6,0.0,5.01,L,1run,1,69
turan_n162,1,22,81,10,6,0.6,3.62,L,1run,1,69
turan_n162,1,23,81,9,6,0.0,3.07,L,1run,1,69
turan_n162,1,24,81,9,6,0.0,6.71,1run,1run,1,69
turan_n162,1,25,81,10,6,0.0,4.0,L,1run,1,69
turan_n162,1,26,81,10,6,0.0,3.38,L,1run,1,69
turan_n162,1,27,81,11,6,0.0,5.04,L,1run,1,69
turan_n162,1,28,81,9,6,0.0,5.39,L,1run,1,69
turan_n162,1,29,81,11,6,0.0,3.39,L,1run,1,69
turan_n162,1,30,81,12,6,0.0,5.7,L,1run,1,69
turan_n162,1,31,81,10,6,0.0,3.23,L,1run,1,69
turan_n162,1,32,81,9,6,0.0,3.16,1run,1run,1,69
turan_n162,1,33,81,9,6,0.0,4.0,1run,1run,1,69
turan_n162,1,34,81,9,6,0.0,5.83,1run,1run,1,69
turan_n162,1,35,81,9,6,0.0,3.61,1run,1run,1,69
turan_n162,1,36,81,9,6,0.0,2.83,1run,1run,1,69
turan_n162,1,37,81,9,6,0.0,5.0,1run,1run,1,69
turan_n162,1,38,81,9,6,0.0,3.61,1run,1run,1,69
turan_n162,1,39,81,9,6,0.0,3.16,1run,1run,1,69
turan_n162,1,40,81,9,6,0.0,5.83,1run,1run,1,69
turan_n162,1,41,81,9,6,0.0,9.49,1run,1run,1,69
turan_n162,1,42,81,9,6,0.0,9.49,1run,1run,1,69
turan_n162,1,43,81,9,6,0.0,8.94,1run,1run,1,69
turan_n162,1,44,81,9,6,0.0,8.25,1run,1run,1,69
turan_n162,1,45,81,9,6,0.0,4.47,1run,1run,1,69
turan_n162,1,46,81,9,6,0.0,8.54,1run,1run,1,69
turan_n162,1,47,81,9,6,0.0,5.0,1run,1run,1,69
turan_n162,1,48,81,9,6,0.0,6.32,1run,1run,1,69
turan_n162,1,49,81,9,6,0.0,5.66,1run,1run,1,69
turan_n162,1,50,81,9,6,0.0,2.24,1run,1run,1,69
turan_n162,1,51,81,9,6,0.0,3.16,1run,1run,1,69
turan_n162,1,52,81,9,6,0.0,8.94,1run,1run,1,69
turan_n162,1,53,81,9,6,0.0,6.32,1run,1run,1,69
turan_n162,1,54,81,9,6,0.0,3.16,1run,1run,1,69
turan_n162,1,55,81,9,6,0.0,7.21,1run,1run,1,69
turan_n162,1,56,81,9,6,0.0,3.0,1run,1run,1,69
turan_n162,1,57,81,9,6,0.0,4.0,1run,1run,1,69
turan_n162,1,58,81,9,6,0.0,3.16,1run,1run,1,69
turan_n162,1,59,81,9,6,0.0,5.75,1run,L,1,69
turan_n162,1,60,81,9,6,0.0,8.54,1run,1run,1,69
turan_n162,1,61,81,9,6,0.0,10.44,1run,1run,1,69
turan_n162,1,62,81,9,6,0.0,4.12,1run,1run,1,69
turan_n162,1,63,81,9,6,0.0,7.62,1run,1run,1,69
turan_n162,1,64,81,11,6,0.0,7.69,L,1run,1,69
turan_n162,1,65,81,8,6,0.0,3.75,L,1run,1,69
turan_n162,1,66,81,11,6,0.0,8.28,L,1run,1,69
turan_n162,1,67,81,10,6,0.0,3.28,L,1run,1,69
turan_n162,1,68,81,10,6,0.0,5.47,L,1run,1,69
turan_n162,1,69,81,10,6,0.0,6.0,L,1run,1,69
turan_n162,1,70,81,9,6,0.0,6.01,L,1run,1,69
turan_n162,1,71,81,12,6,0.0,4.37,L,1run,1,69
turan_n162,1,72,81,9,6,0.0,4.09,L,1run,1,69
turan_n162,1,73,81,8,6,0.0,3.13,L,1run,1,69
turan_n162,1,74,81,10,6,0.0,6.65,L,1run,1,69
turan_n162,1,75,81,8,6,0.0,5.88,L,1run,1,69
turan_n162,1,76,81,10,6,0.0,8.69,L,1run,1,69
turan_n162,1,77,81,11,6,0.0,8.14,L,1run,1,69
turan_n162,1,78,81,8,6,0.0,2.36,L,1run,1,69
turan_n162,1,79,81,10,6,0.0,3.74,L,1run,1,69
turan_n162,1,80,81,9,6,0.0,2.4,L,1run,1,69
turan_n162,1,81,81,6,6,0.0,2.0,1run,1run,1,81
turan_n162,1,82,81,6,6,0.0,2.24,1run,1run,1,81
turan_n162,1,83,81,6,6,1.0,0.0,1run,1run,0,81
turan_n162,1,84,81,6,6,0.0,7.07,1run,1run,1,81
turan_n162,1,85,81,6,6,0.0,6.0,1run,1run,1,81
turan_n162,1,86,81,6,6,0.0,1.0,1run,1run,1,81
turan_n162,1,87,81,6,6,0.0,6.08,1run,1run,1,81
turan_n162,1,88,81,6,6,0.0,5.1,1run,1run,1,81
turan_n162,1,89,81,6,6,0.0,7.0,1run,1run,1,81
turan_n162,1,90,81,6,6,1.0,0.0,1run,1run,0,81
turan_n162,1,91,81,6,6,0.0,5.1,1run,1run,1,81
turan_n162,1,92,81,6,6,0.0,3.0,1run,1run,1,81
turan_n162,1,93,81,6,6,0.0,8.06,1run,1run,1,81
turan_n162,1,94,81,6,6,1.0,0.0,1run,1run,0,81
turan_n162,1,95,81,6,6,0.0,1.0,1run,1run,1,81
turan_n162,1,96,81,6,6,0.0,7.07,1run,1run,1,81
turan_n162,1,97,81,6,6,0.0,3.0,1run,1run,1,81
turan_n162,1,98,81,6,6,0.0,1.0,1run,1run,1,81
turan_n162,1,99,81,6,6,0.0,2.0,1run,1run,1,81
turan_n162,1,100,81,6,6,0.0,8.06,1run,1run,1,81
turan_n162,1,101,81,6,6,0.0,2.0,1run,1run,1,81
turan_n162,1,102,81,6,6,0.0,4.0,1run,1run,1,81
turan_n162,1,103,81,6,6,1.0,0.0,1run,1run,0,81
turan_n162,1,104,81,6,6,0.0,6.08,1run,1run,1,81
turan_n162,1,105,81,6,6,1.0,0.0,1run,1run,0,81
turan_n162,1,106,81,6,6,0.0,8.0,1run,1run,1,81
turan_n162,1,107,81,6,6,0.0,4.12,1run,1run,1,81
turan_n162,1,108,81,6,6,0.0,7.07,1run,1run,1,81
turan_n162,1,109,81,6,6,0.0,8.06,1run,1run,1,81
turan_n162,1,110,81,6,6,1.0,0.0,1run,1run,0,81
turan_n162,1,111,81,6,6,0.0,6.0,1run,1run,1,81
turan_n162,1,112,81,6,6,1.0,0.0,1run,1run,0,81
turan_n162,1,113,81,6,6,0.0,6.0,1run,1run,1,81
turan_n162,1,114,81,6,6,0.0,1.41,1run,1run,1,81
turan_n162,1,115,81,6,6,1.0,0.0,1run,1run,0,81
turan_n162,1,116,81,6,6,0.0,6.0,1run,1run,1,81
turan_n162,1,117,81,6,6,1.0,0.0,1run,1run,0,81
turan_n162,1,118,81,6,6,0.0,1.0,1run,1run,1,81
turan_n162,1,119,81,6,6,0.0,1.0,1run,1run,1,81
turan_n162,1,120,81,6,6,0.0,3.0,1run,1run,1,81
turan_n162,1,121,81,6,6,0.0,1.41,1run,1run,1,81
turan_n162,1,122,81,6,6,0.0,5.0,1run,1run,1,81
turan_n162,1,123,81,6,6,0.0,6.08,1run,1run,1,81
turan_n162,1,124,81,6,6,0.0,3.0,1run,1run,1,81
turan_n162,1,125,81,6,6,0.0,4.12,1run,1run,1,81
turan_n162,1,126,81,6,6,0.0,0.0,1run,1run,1,81
turan_n162,1,127,81,6,6,1.0,0.0,1run,1run,0,81
turan_n162,1,128,81,6,6,0.0,4.12,1run,1run,1,81
turan_n162,1,129,81,6,6,0.0,4.12,1run,1run,1,81
turan_n162,1,130,81,6,6,0.0,5.1,1run,1run,1,81
turan_n162,1,131,81,6,6,0.0,1.0,1run,1run,1,81
turan_n162,1,132,81,6,6,1.0,0.0,1run,1run,0,81
turan_n162,1,133,81,6,6,0.0,2.0,1run,1run,1,81
turan_n162,1,134,81,6,6,0.0,4.0,1run,1run,1,81
turan_n162,1,135,81,6,6,0.0,1.41,1run,1run,1,81
turan_n162,1,136,81,6,6,0.0,7.0,1run,1run,1,81
turan_n162,1,137,81,6,6,0.0,8.06,1run,1run,1,81
turan_n162,1,138,81,6,6,0.0,4.12,1run,1run,1,81
turan_n162,1,139,81,6,6,0.0,1.0,1run,1run,1,81
turan_n162,1,140,81,6,6,1.0,0.0,1run,1run,0,81
turan_n162,1,141,81,6,6,0.0,1.0,1run,1run,1,81
turan_n162,1,142,81,6,6,0.0,6.08,1run,1run,1,81
turan_n162,1,143,81,6,6,0.0,0.0,1run,1run,1,81
turan_n162,1,144,81,6,6,0.0,3.16,1run,1run,1,81
turan_n162,1,145,81,6,6,0.0,6.08,1run,1run,1,81
turan_n162,1,146,81,6,6,0.0,5.1,1run,1run,1,81
turan_n162,1,147,81,6,6,0.0,9.0,1run,1run,1,81
turan_n162,1,148,81,6,6,0.0,4.12,1run,1run,1,81
turan_n162,1,149,81,6,6,0.0,8.0,1run,L,1,81
turan_n162,1,150,81,6,6,0.0,8.0,1run,1run,1,81
turan_n162,1,151,81,6,6,0.0,1.0,1run,1run,1,81
turan_n162,1,152,81,6,6,0.0,6.08,1run,1run,1,81
turan_n162,1,153,81,6,6,0.0,1.0,1run,1run,1,81
turan_n162,1,154,81,6,6,0.0,2.24,1run,1run,1,81
turan_n162,1,155,81,8,6,0.0,9.01,L,1run,1,81
turan_n162,1,156,81,6,6,0.0,8.06,1run,1run,1,81
turan_n162,1,157,81,6,6,0.0,1.41,1run,1run,1,81
turan_n162,1,158,81,6,6,0.0,1.0,1run,1run,1,81
turan_n162,1,159,81,6,6,0.0,2.24,1run,1run,1,81
turan_n162,1,160,81,9,6,0.0,6.78,L,1run,1,81
turan_n162,1,161,81,6,6,0.0,0.0,1run,1run,1,81
turan_n162,2,0,81,6,6,1.0,0.0,1run,1run,0,0
turan_n162,2,1,81,6,6,1.0,0.0,1run,1run,0,0
turan_n162,2,2,81,6,6,1.0,0.0,1run,1run,0,0
turan_n162,2,3,81,6,6,1.0,0.0,1run,1run,0,0
turan_n162,2,4,81,6,6,1.0,0.0,1run,1run,0,0
turan_n162,2,5,81,6,6,1.0,0.0,1run,1run,0,0
turan_n162,2,6,81,6,6,1.0,0.0,1run,1run,0,0
turan_n162,2,7,81,6,6,1.0,0.0,1run,1run,0,0
turan_n162,2,8,81,6,6,1.0,0.0,1run,1run,0,0
turan_n162,2,9,81,6,6,1.0,0.0,1run,1run,0,0
turan_n162,2,10,81,6,6,1.0,0.0,1run,1run,0,0
turan_n162,2,11,81,6,6,1.0,0.0,1run,1run,0,0
turan_n162,2,12,81,6,6,1.0,0.0,1run,1run,0,0
turan_n162,2,13,81,6,6,1.0,0.0,1run,1run,0,0
turan_n162,2,14,81,6,6,1.0,0.0,1run,1run,0,0
turan_n162,2,15,81,6,6,1.0,0.0,1run,1run,0,0
turan_n162,2,16,81,6,6,1.0,0.0,1run,1run,0,0
turan_n162,2,17,81,6,6,1.0,0.0,1run,1run,0,0
turan_n162,2,18,81,6,6,1.0,0.0,1run,1run,0,0
turan_n162,2,19,81,6,6,1.0,0.0,1run,1run,0,0
turan_n162,2,20,81,6,6,1.0,0.0,1run,1run,0,0
turan_n162,2,21,81,6,6,1.0,0.0,1run,1run,0,0
turan_n162,2,22,81,6,6,1.0,0.0,1run,1run,0,0
turan_n162,2,23,81,6,6,1.0,0.0,1run,1run,0,0
turan_n162,2,24,81,6,6,1.0,0.0,1run,1run,0,0
turan_n162,2,25,81,6,6,1.0,0.0,1run,1run,0,0
turan_n162,2,26,81,6,6,1.0,0.0,1run,1run,0,0
turan_n162,2,27,81,6,6,1.0,0.0,1run,1run,0,0
turan_n162,2,28,81,6,6,1.0,0.0,1run,1run,0,0
turan_n162,2,29,81,6,6,1.0,0.0,1run,1run,0,0
turan_n162,2,30,81,6,6,1.0,0.0,1run,1run,0,0
turan_n162,2,31,81,6,6,1.0,0.0,1run,1run,0,0
turan_n162,2,32,81,6,6,1.0,0.0,1run,1run,0,0
turan_n162,2,33,81,6,6,1.0,0.0,1run,1run,0,0
turan_n162,2,34,81,6,6,1.0,0.0,1run,1run,0,0
turan_n162,2,35,81,6,6,1.0,0.0,1run,1run,0,0
turan_n162,2,36,81,6,6,1.0,0.0,1run,1run,0,0
turan_n162,2,37,81,6,6,1.0,0.0,1run,1run,0,0
turan_n162,2,38,81,6,6,1.0,0.0,1run,1run,0,0
turan_n162,2,39,81,6,6,1.0,0.0,1run,1run,0,0
turan_n162,2,40,81,6,6,1.0,0.0,1run,1run,0,0
turan_n162,2,41,81,6,6,1.0,0.0,1run,1run,0,0
turan_n162,2,42,81,6,6,1.0,0.0,1run,1run,0,0
turan_n162,2,43,81,6,6,1.0,0.0,1run,1run,0,0
turan_n162,2,44,81,6,6,1.0,0.0,1run,1run,0,0
turan_n162,2,45,81,6,6,1.0,0.0,1run,1run,0,0
turan_n162,2,46,81,6,6,1.0,0.0,1run,1run,0,0
turan_n162,2,47,81,6,6,1.0,0.0,1run,1run,0,0
turan_n162,2,48,81,6,6,1.0,0.0,1run,1run,0,0
turan_n162,2,49,81,6,6,1.0,0.0,1run,1run,0,0
turan_n162,2,50,81,6,6,1.0,0.0,1run,1run,0,0
turan_n162,2,51,81,6,6,1.0,0.0,1run,1run,0,0
turan_n162,2,52,81,6,6,1.0,0.0,1run,1run,0,0
turan_n162,2,53,81,6,6,1.0,0.0,1run,1run,0,0
turan_n162,2,54,81,6,6,1.0,0.0,1run,1run,0,0
turan_n162,2,55,81,6,6,1.0,0.0,1run,1run,0,0
turan_n162,2,56,81,6,6,1.0,0.0,1run,1run,0,0
turan_n162,2,57,81,6,6,1.0,0.0,1run,1run,0,0
turan_n162,2,58,81,6,6,1.0,0.0,1run,1run,0,0
turan_n162,2,59,81,6,6,1.0,0.0,1run,1run,0,0
turan_n162,2,60,81,6,6,1.0,0.0,1run,1run,0,0
turan_n162,2,61,81,6,6,1.0,0.0,1run,1run,0,0
turan_n162,2,62,81,6,6,1.0,0.0,1run,1run,0,0
turan_n162,2,63,81,6,6,1.0,0.0,1run,1run,0,0
turan_n162,2,64,81,6,6,1.0,0.0,1run,1run,0,0
turan_n162,2,65,81,6,6,1.0,0.0,1run,1run,0,0
turan_n162,2,66,81,6,6,1.0,0.0,1run,1run,0,0
turan_n162,2,67,81,6,6,1.0,0.0,1run,1run,0,0
turan_n162,2,68,81,6,6,1.0,0.0,1run,1run,0,0
turan_n162,2,69,81,6,6,1.0,0.0,1run,1run,0,0
turan_n162,2,70,81,6,6,1.0,0.0,1run,1run,0,0
turan_n162,2,71,81,6,6,1.0,0.0,1run,1run,0,0
turan_n162,2,72,81,6,6,1.0,0.0,1run,1run,0,0
turan_n162,2,73,81,6,6,1.0,0.0,1run,1run,0,0
turan_n162,2,74,81,6,6,1.0,0.0,1run,1run,0,0
turan_n162,2,75,81,6,6,1.0,0.0,1run,1run,0,0
turan_n162,2,76,81,6,6,1.0,0.0,1run,1run,0,0
turan_n162,2,77,81,6,6,1.0,0.0,1run,1run,0,0
turan_n162,2,78,81,6,6,1.0,0.0,1run,1run,0,0
turan_n162,2,79,81,6,6,1.0,0.0,1run,1run,0,0
turan_n162,2,80,81,6,6,1.0,0.0,1run,1run,0,0
turan_n162,2,81,81,6,6,1.0,0.0,1run,1run,0,0
turan_n162,2,82,81,6,6,1.0,0.0,1run,1run,0,0
turan_n162,2,83,81,6,6,1.0,0.0,1run,1run,0,0
turan_n162,2,84,81,6,6,1.0,0.0,1run,1run,0,0
turan_n162,2,85,81,6,6,1.0,0.0,1run,1run,0,0
turan_n162,2,86,81,6,6,1.0,0.0,1run,1run,0,0
turan_n162,2,87,81,6,6,1.0,0.0,1run,1run,0,0
turan_n162,2,88,81,6,6,1.0,0.0,1run,1run,0,0
turan_n162,2,89,81,6,6,1.0,0.0,1run,1run,0,0
turan_n162,2,90,81,6,6,1.0,0.0,1run,1run,0,0
turan_n162,2,91,81,6,6,1.0,0.0,1run,1run,0,0
turan_n162,2,92,81,6,6,1.0,0.0,1run,1run,0,0
turan_n162,2,93,81,6,6,1.0,0.0,1run,1run,0,0
turan_n162,2,94,81,6,6,1.0,0.0,1run,1run,0,0
turan_n162,2,95,81,6,6,1.0,0.0,1run,1run,0,0
turan_n162,2,96,81,6,6,1.0,0.0,1run,1run,0,0
turan_n162,2,97,81,6,6,1.0,0.0,1run,1run,0,0
turan_n162,2,98,81,6,6,1.0,0.0,1run,1run,0,0
turan_n162,2,99,81,6,6,1.0,0.0,1run,1run,0,0
turan_n162,2,100,81,6,6,1.0,0.0,1run,1run,0,0
turan_n162,2,101,81,6,6,1.0,0.0,1run,1run,0,0
turan_n162,2,102,81,6,6,1.0,0.0,1run,1run,0,0
turan_n162,2,103,81,6,6,1.0,0.0,1run,1run,0,0
turan_n162,2,104,81,6,6,1.0,0.0,1run,1run,0,0
turan_n162,2,105,81,6,6,1.0,0.0,1run,1run,0,0
turan_n162,2,106,81,6,6,1.0,0.0,1run,1run,0,0
turan_n162,2,107,81,6,6,1.0,0.0,1run,1run,0,0
turan_n162,2,108,81,6,6,1.0,0.0,1run,1run,0,0
turan_n162,2,109,81,6,6,1.0,0.0,1run,1run,0,0
turan_n162,2,110,81,6,6,1.0,0.0,1run,1run,0,0
turan_n162,2,111,81,6,6,1.0,0.0,1run,1run,0,0
turan_n162,2,112,81,6,6,1.0,0.0,1run,1run,0,0
turan_n162,2,113,81,6,6,1.0,0.0,1run,1run,0,0
turan_n162,2,114,81,6,6,1.0,0.0,1run,1run,0,0
turan_n162,2,115,81,6,6,1.0,0.0,1run,1run,0,0
turan_n162,2,116,81,6,6,1.0,0.0,1run,1run,0,0
turan_n162,2,117,81,6,6,1.0,0.0,1run,1run,0,0
turan_n162,2,118,81,6,6,1.0,0.0,1run,1run,0,0
turan_n162,2,119,81,6,6,1.0,0.0,1run,1run,0,0
turan_n162,2,120,81,6,6,1.0,0.0,1run,1run,0,0
turan_n162,2,121,81,6,6,1.0,0.0,1run,1run,0,0
turan_n162,2,122,81,6,6,1.0,0.0,1run,1run,0,0
turan_n162,2,123,81,6,6,1.0,0.0,1run,1run,0,0
turan_n162,2,124,81,6,6,1.0,0.0,1run,1run,0,0
turan_n162,2,125,81,6,6,1.0,0.0,1run,1run,0,0
turan_n162,2,126,81,6,6,1.0,0.0,1run,1run,0,0
turan_n162,2,127,81,6,6,1.0,0.0,1run,1run,0,0
turan_n162,2,128,81,6,6,1.0,0.0,1run,1run,0,0
turan_n162,2,129,81,6,6,1.0,0.0,1run,1run,0,0
turan_n162,2,130,81,6,6,1.0,0.0,1run,1run,0,0
turan_n162,2,131,81,6,6,1.0,0.0,1run,1run,0,0
turan_n162,2,132,81,6,6,1.0,0.0,1run,1run,0,0
turan_n162,2,133,81,6,6,1.0,0.0,1run,1run,0,0
turan_n162,2,134,81,6,6,1.0,0.0,1run,1run,0,0
turan_n162,2,135,81,6,6,1.0,0.0,1run,1run,0,0
turan_n162,2,136,81,6,6,1.0,0.0,1run,1run,0,0
turan_n162,2,137,81,6,6,1.0,0.0,1run,1run,0,0
turan_n162,2,138,81,6,6,1.0,0.0,1run,1run,0,0
turan_n162,2,139,81,6,6,1.0,0.0,1run,1run,0,0
turan_n162,2,140,81,6,6,1.0,0.0,1run,1run,0,0
turan_n162,2,141,81,6,6,1.0,0.0,1run,1run,0,0
turan_n162,2,142,81,6,6,1.0,0.0,1run,1run,0,0
turan_n162,2,143,81,6,6,1.0,0.0,1run,1run,0,0
turan_n162,2,144,81,6,6,1.0,0.0,1run,1run,0,0
turan_n162,2,145,81,6,6,1.0,0.0,1run,1run,0,0
turan_n162,2,146,81,6,6,1.0,0.0,1run,1run,0,0
turan_n162,2,147,81,6,6,1.0,0.0,1run,1run,0,0
turan_n162,2,148,81,6,6,1.0,0.0,1run,1run,0,0
turan_n162,2,149,81,6,6,1.0,0.0,1run,1run,0,0
turan_n162,2,150,81,6,6,1.0,0.0,1run,1run,0,0
turan_n162,2,151,81,6,6,1.0,0.0,1run,1run,0,0
turan_n162,2,152,81,6,6,1.0,0.0,1run,1run,0,0
turan_n162,2,153,81,6,6,1.0,0.0,1run,1run,0,0
turan_n162,2,154,81,6,6,1.0,0.0,1run,1run,0,0
turan_n162,2,155,81,6,6,1.0,0.0,1run,1run,0,0
turan_n162,2,156,81,6,6,1.0,0.0,1run,1run,0,0
turan_n162,2,157,81,6,6,1.0,0.0,1run,1run,0,0
turan_n162,2,158,81,6,6,1.0,0.0,1run,1run,0,0
turan_n162,2,159,81,6,6,1.0,0.0,1run,1run,0,0
turan_n162,2,160,81,6,6,1.0,0.0,1run,1run,0,0
turan_n162,2,161,81,6,6,1.0,0.0,1run,1run,0,0
turan_n162,3,0,81,6,6,1.0,0.0,1run,1run,0,0
turan_n162,3,1,81,6,6,1.0,0.0,1run,1run,0,0
turan_n162,3,2,81,6,6,1.0,0.0,1run,1run,0,0
turan_n162,3,3,81,6,6,1.0,0.0,1run,1run,0,0
turan_n162,3,4,81,6,6,1.0,0.0,1run,1run,0,0
turan_n162,3,5,81,6,6,1.0,0.0,1run,1run,0,0
turan_n162,3,6,81,6,6,1.0,0.0,1run,1run,0,0
turan_n162,3,7,81,6,6,1.0,0.0,1run,1run,0,0
turan_n162,3,8,81,6,6,1.0,0.0,1run,1run,0,0
turan_n162,3,9,81,6,6,1.0,0.0,1run,1run,0,0
turan_n162,3,10,81,6,6,1.0,0.0,1run,1run,0,0
turan_n162,3,11,81,6,6,1.0,0.0,1run,1run,0,0
turan_n162,3,12,81,6,6,1.0,0.0,1run,1run,0,0
turan_n162,3,13,81,6,6,1.0,0.0,1run,1run,0,0
turan_n162,3,14,81,6,6,1.0,0.0,1run,1run,0,0
turan_n162,3,15,81,6,6,1.0,0.0,1run,1run,0,0
turan_n162,3,16,81,6,6,1.0,0.0,1run,1run,0,0
turan_n162,3,17,81,6,6,1.0,0.0,1run,1run,0,0
turan_n162,3,18,81,6,6,1.0,0.0,1run,1run,0,0
turan_n162,3,19,81,6,6,1.0,0.0,1run,1run,0,0
turan_n162,3,20,81,6,6,1.0,0.0,1run,1run,0,0
turan_n162,3,21,81,6,6,1.0,0.0,1run,1run,0,0
turan_n162,3,22,81,6,6,1.0,0.0,1run,1run,0,0
turan_n162,3,23,81,6,6,1.0,0.0,1run,1run,0,0
turan_n162,3,24,81,6,6,1.0,0.0,1run,1run,0,0
turan_n162,3,25,81,6,6,1.0,0.0,1run,1run,0,0
turan_n162,3,26,81,6,6,1.0,0.0,1run,1run,0,0
turan_n162,3,27,81,6,6,1.0,0.0,1run,1run,0,0
turan_n162,3,28,81,6,6,1.0,0.0,1run,1run,0,0
turan_n162,3,29,81,6,6,1.0,0.0,1run,1run,0,0
turan_n162,3,30,81,6,6,1.0,0.0,1run,1run,0,0
turan_n162,3,31,81,6,6,1.0,0.0,1run,1run,0,0
turan_n162,3,32,81,6,6,1.0,0.0,1run,1run,0,0
turan_n162,3,33,81,6,6,1.0,0.0,1run,1run,0,0
turan_n162,3,34,81,6,6,1.0,0.0,1run,1run,0,0
turan_n162,3,35,81,6,6,1.0,0.0,1run,1run,0,0
turan_n162,3,36,81,6,6,1.0,0.0,1run,1run,0,0
turan_n162,3,37,81,6,6,1.0,0.0,1run,1run,0,0
turan_n162,3,38,81,6,6,1.0,0.0,1run,1run,0,0
turan_n162,3,39,81,6,6,1.0,0.0,1run,1run,0,0
turan_n162,3,40,81,6,6,1.0,0.0,1run,1run,0,0
turan_n162,3,41,81,6,6,1.0,0.0,1run,1run,0,0
turan_n162,3,42,81,6,6,1.0,0.0,1run,1run,0,0
turan_n162,3,43,81,6,6,1.0,0.0,1run,1run,0,0
turan_n162,3,44,81,6,6,1.0,0.0,1run,1run,0,0
turan_n162,3,45,81,6,6,1.0,0.0,1run,1run,0,0
turan_n162,3,46,81,6,6,1.0,0.0,1run,1run,0,0
turan_n162,3,47,81,6,6,1.0,0.0,1run,1run,0,0
turan_n162,3,48,81,6,6,1.0,0.0,1run,1run,0,0
turan_n162,3,49,81,6,6,1.0,0.0,1run,1run,0,0
turan_n162,3,50,81,6,6,1.0,0.0,1run,1run,0,0
turan_n162,3,51,81,6,6,1.0,0.0,1run,1run,0,0
turan_n162,3,52,81,6,6,1.0,0.0,1run,1run,0,0
turan_n162,3,53,81,6,6,1.0,0.0,1run,1run,0,0
turan_n162,3,54,81,6,6,1.0,0.0,1run,1run,0,0
turan_n162,3,55,81,6,6,1.0,0.0,1run,1run,0,0
turan_n162,3,56,81,6,6,1.0,0.0,1run,1run,0,0
turan_n162,3,57,81,6,6,1.0,0.0,1run,1run,0,0
turan_n162,3,58,81,6,6,1.0,0.0,1run,1run,0,0
turan_n162,3,59,81,6,6,1.0,0.0,1run,1run,0,0
turan_n162,3,60,81,6,6,1.0,0.0,1run,1run,0,0
turan_n162,3,61,81,6,6,1.0,0.0,1run,1run,0,0
turan_n162,3,62,81,6,6,1.0,0.0,1run,1run,0,0
turan_n162,3,63,81,6,6,1.0,0.0,1run,1run,0,0
turan_n162,3,64,81,6,6,1.0,0.0,1run,1run,0,0
turan_n162,3,65,81,6,6,1.0,0.0,1run,1run,0,0
turan_n162,3,66,81,6,6,1.0,0.0,1run,1run,0,0
turan_n162,3,67,81,6,6,1.0,0.0,1run,1run,0,0
turan_n162,3,68,81,6,6,1.0,0.0,1run,1run,0,0
turan_n162,3,69,81,6,6,1.0,0.0,1run,1run,0,0
turan_n162,3,70,81,6,6,1.0,0.0,1run,1run,0,0
turan_n162,3,71,81,6,6,1.0,0.0,1run,1run,0,0
turan_n162,3,72,81,6,6,1.0,0.0,1run,1run,0,0
turan_n162,3,73,81,6,6,1.0,0.0,1run,1run,0,0
turan_n162,3,74,81,6,6,1.0,0.0,1run,1run,0,0
turan_n162,3,75,81,6,6,1.0,0.0,1run,1run,0,0
turan_n162,3,76,81,6,6,1.0,0.0,1run,1run,0,0
turan_n162,3,77,81,6,6,1.0,0.0,1run,1run,0,0
turan_n162,3,78,81,6,6,1.0,0.0,1run,1run,0,0
turan_n162,3,79,81,6,6,1.0,0.0,1run,1run,0,0
turan_n162,3,80,81,6,6,1.0,0.0,1run,1run,0,0
turan_n162,3,81,81,6,6,1.0,0.0,1run,1run,0,0
turan_n162,3,82,81,6,6,1.0,0.0,1run,1run,0,0
turan_n162,3,83,81,6,6,1.0,0.0,1run,1run,0,0
turan_n162,3,84,81,6,6,1.0,0.0,1run,1run,0,0
turan_n162,3,85,81,6,6,1.0,0.0,1run,1run,0,0
turan_n162,3,86,81,6,6,1.0,0.0,1run,1run,0,0
turan_n162,3,87,81,6,6,1.0,0.0,1run,1run,0,0
turan_n162,3,88,81,6,6,1.0,0.0,1run,1run,0,0
turan_n162,3,89,81,6,6,1.0,0.0,1run,1run,0,0
turan_n162,3,90,81,6,6,1.0,0.0,1run,1run,0,0
turan_n162,3,91,81,6,6,1.0,0.0,1run,1run,0,0
turan_n162,3,92,81,6,6,1.0,0.0,1run,1run,0,0
turan_n162,3,93,81,6,6,1.0,0.0,1run,1run,0,0
turan_n162,3,94,81,6,6,1.0,0.0,1run,1run,0,0
turan_n162,3,95,81,6,6,1.0,0.0,1run,1run,0,0
turan_n162,3,96,81,6,6,1.0,0.0,1run,1run,0,0
turan_n162,3,97,81,6,6,1.0,0.0,1run,1run,0,0
turan_n162,3,98,81,6,6,1.0,0.0,1run,1run,0,0
turan_n162,3,99,81,6,6,1.0,0.0,1run,1run,0,0
turan_n162,3,100,81,6,6,1.0,0.0,1run,1run,0,0
turan_n162,3,101,81,6,6,1.0,0.0,1run,1run,0,0
turan_n162,3,102,81,6,6,1.0,0.0,1run,1run,0,0
turan_n162,3,103,81,6,6,1.0,0.0,1run,1run,0,0
turan_n162,3,104,81,6,6,1.0,0.0,1run,1run,0,0
turan_n162,3,105,81,6,6,1.0,0.0,1run,1run,0,0
turan_n162,3,106,81,6,6,1.0,0.0,1run,1run,0,0
turan_n162,3,107,81,6,6,1.0,0.0,1run,1run,0,0
turan_n162,3,108,81,6,6,1.0,0.0,1run,1run,0,0
turan_n162,3,109,81,6,6,1.0,0.0,1run,1run,0,0
turan_n162,3,110,81,6,6,1.0,0.0,1run,1run,0,0
turan_n162,3,111,81,6,6,1.0,0.0,1run,1run,0,0
turan_n162,3,112,81,6,6,1.0,0.0,1run,1run,0,0
turan_n162,3,113,81,6,6,1.0,0.0,1run,1run,0,0
turan_n162,3,114,81,6,6,1.0,0.0,1run,1run,0,0
turan_n162,3,115,81,6,6,1.0,0.0,1run,1run,0,0
turan_n162,3,116,81,6,6,1.0,0.0,1run,1run,0,0
turan_n162,3,117,81,6,6,1.0,0.0,1run,1run,0,0
turan_n162,3,118,81,6,6,1.0,0.0,1run,1run,0,0
turan_n162,3,119,81,6,6,1.0,0.0,1run,1run,0,0
turan_n162,3,120,81,6,6,1.0,0.0,1run,1run,0,0
turan_n162,3,121,81,6,6,1.0,0.0,1run,1run,0,0
turan_n162,3,122,81,6,6,1.0,0.0,1run,1run,0,0
turan_n162,3,123,81,6,6,1.0,0.0,1run,1run,0,0
turan_n162,3,124,81,6,6,1.0,0.0,1run,1run,0,0
turan_n162,3,125,81,6,6,1.0,0.0,1run,1run,0,0
turan_n162,3,126,81,6,6,1.0,0.0,1run,1run,0,0
turan_n162,3,127,81,6,6,1.0,0.0,1run,1run,0,0
turan_n162,3,128,81,6,6,1.0,0.0,1run,1run,0,0
turan_n162,3,129,81,6,6,1.0,0.0,1run,1run,0,0
turan_n162,3,130,81,6,6,1.0,0.0,1run,1run,0,0
turan_n162,3,131,81,6,6,1.0,0.0,1run,1run,0,0
turan_n162,3,132,81,6,6,1.0,0.0,1run,1run,0,0
turan_n162,3,133,81,6,6,1.0,0.0,1run,1run,0,0
turan_n162,3,134,81,6,6,1.0,0.0,1run,1run,0,0
turan_n162,3,135,81,6,6,1.0,0.0,1run,1run,0,0
turan_n162,3,136,81,6,6,1.0,0.0,1run,1run,0,0
turan_n162,3,137,81,6,6,1.0,0.0,1run,1run,0,0
turan_n162,3,138,81,6,6,1.0,0.0,1run,1run,0,0
turan_n162,3,139,81,6,6,1.0,0.0,1run,1run,0,0
turan_n162,3,140,81,6,6,1.0,0.0,1run,1run,0,0
turan_n162,3,141,81,6,6,1.0,0.0,1run,1run,0,0
turan_n162,3,142,81,6,6,1.0,0.0,1run,1run,0,0
turan_n162,3,143,81,6,6,1.0,0.0,1run,1run,0,0
turan_n162,3,144,81,6,6,1.0,0.0,1run,1run,0,0
turan_n162,3,145,81,6,6,1.0,0.0,1run,1run,0,0
turan_n162,3,146,81,6,6,1.0,0.0,1run,1run,0,0
turan_n162,3,147,81,6,6,1.0,0.0,1run,1run,0,0
turan_n162,3,148,81,6,6,1.0,0.0,1run,1run,0,0
turan_n162,3,149,81,6,6,1.0,0.0,1run,1run,0,0
turan_n162,3,150,81,6,6,1.0,0.0,1run,1run,0,0
turan_n162,3,151,81,6,6,1.0,0.0,1run,1run,0,0
turan_n162,3,152,81,6,6,1.0,0.0,1run,1run,0,0
turan_n162,3,153,81,6,6,1.0,0.0,1run,1run,0,0
turan_n162,3,154,81,6,6,1.0,0.0,1run,1run,0,0
turan_n162,3,155,81,6,6,1.0,0.0,1run,1run,0,0
turan_n162,3,156,81,6,6,1.0,0.0,1run,1run,0,0
turan_n162,3,157,81,6,6,1.0,0.0,1run,1run,0,0
turan_n162,3,158,81,6,6,1.0,0.0,1run,1run,0,0
turan_n162,3,159,81,6,6,1.0,0.0,1run,1run,0,0
turan_n162,3,160,81,6,6,1.0,0.0,1run,1run,0,0
turan_n162,3,161,81,6,6,1.0,0.0,1run,1run,0,0
turan_n162,4,0,81,6,6,1.0,0.0,1run,1run,0,0
turan_n162,4,1,81,6,6,1.0,0.0,1run,1run,0,0
turan_n162,4,2,81,6,6,1.0,0.0,1run,1run,0,0
turan_n162,4,3,81,6,6,1.0,0.0,1run,1run,0,0
turan_n162,4,4,81,6,6,1.0,0.0,1run,1run,0,0
turan_n162,4,5,81,6,6,1.0,0.0,1run,1run,0,0
turan_n162,4,6,81,6,6,1.0,0.0,1run,1run,0,0
turan_n162,4,7,81,6,6,1.0,0.0,1run,1run,0,0
turan_n162,4,8,81,6,6,1.0,0.0,1run,1run,0,0
turan_n162,4,9,81,6,6,1.0,0.0,1run,1run,0,0
turan_n162,4,10,81,6,6,1.0,0.0,1run,1run,0,0
turan_n162,4,11,81,6,6,1.0,0.0,1run,1run,0,0
turan_n162,4,12,81,6,6,1.0,0.0,1run,1run,0,0
turan_n162,4,13,81,6,6,1.0,0.0,1run,1run,0,0
turan_n162,4,14,81,6,6,1.0,0.0,1run,1run,0,0
turan_n162,4,15,81,6,6,1.0,0.0,1run,1run,0,0
turan_n162,4,16,81,6,6,1.0,0.0,1run,1run,0,0
turan_n162,4,17,81,6,6,1.0,0.0,1run,1run,0,0
turan_n162,4,18,81,6,6,1.0,0.0,1run,1run,0,0
turan_n162,4,19,81,6,6,1.0,0.0,1run,1run,0,0
turan_n162,4,20,81,6,6,1.0,0.0,1run,1run,0,0
turan_n162,4,21,81,6,6,1.0,0.0,1run,1run,0,0
turan_n162,4,22,81,6,6,1.0,0.0,1run,1run,0,0
turan_n162,4,23,81,6,6,1.0,0.0,1run,1run,0,0
turan_n162,4,24,81,6,6,1.0,0.0,1run,1run,0,0
turan_n162,4,25,81,6,6,1.0,0.0,1run,1run,0,0
turan_n162,4,26,81,6,6,1.0,0.0,1run,1run,0,0
turan_n162,4,27,81,6,6,1.0,0.0,1run,1run,0,0
turan_n162,4,28,81,6,6,1.0,0.0,1run,1run,0,0
turan_n162,4,29,81,6,6,1.0,0.0,1run,1run,0,0
turan_n162,4,30,81,6,6,1.0,0.0,1run,1run,0,0
turan_n162,4,31,81,6,6,1.0,0.0,1run,1run,0,0
turan_n162,4,32,81,6,6,1.0,0.0,1run,1run,0,0
turan_n162,4,33,81,6,6,1.0,0.0,1run,1run,0,0
turan_n162,4,34,81,6,6,1.0,0.0,1run,1run,0,0
turan_n162,4,35,81,6,6,1.0,0.0,1run,1run,0,0
turan_n162,4,36,81,6,6,1.0,0.0,1run,1run,0,0
turan_n162,4,37,81,6,6,1.0,0.0,1run,1run,0,0
turan_n162,4,38,81,6,6,1.0,0.0,1run,1run,0,0
turan_n162,4,39,81,6,6,1.0,0.0,1run,1run,0,0
turan_n162,4,40,81,6,6,1.0,0.0,1run,1run,0,0
turan_n162,4,41,81,6,6,1.0,0.0,1run,1run,0,0
turan_n162,4,42,81,6,6,1.0,0.0,1run,1run,0,0
turan_n162,4,43,81,6,6,1.0,0.0,1run,1run,0,0
turan_n162,4,44,81,6,6,1.0,0.0,1run,1run,0,0
turan_n162,4,45,81,6,6,1.0,0.0,1run,1run,0,0
turan_n162,4,46,81,6,6,1.0,0.0,1run,1run,0,0
turan_n162,4,47,81,6,6,1.0,0.0,1run,1run,0,0
turan_n162,4,48,81,6,6,1.0,0.0,1run,1run,0,0
turan_n162,4,49,81,6,6,1.0,0.0,1run,1run,0,0
turan_n162,4,50,81,6,6,1.0,0.0,1run,1run,0,0
turan_n162,4,51,81,6,6,1.0,0.0,1run,1run,0,0
turan_n162,4,52,81,6,6,1.0,0.0,1run,1run,0,0
turan_n162,4,53,81,6,6,1.0,0.0,1run,1run,0,0
turan_n162,4,54,81,6,6,1.0,0.0,1run,1run,0,0
turan_n162,4,55,81,6,6,1.0,0.0,1run,1run,0,0
turan_n162,4,56,81,6,6,1.0,0.0,1run,1run,0,0
turan_n162,4,57,81,6,6,1.0,0.0,1run,1run,0,0
turan_n162,4,58,81,6,6,1.0,0.0,1run,1run,0,0
turan_n162,4,59,81,6,6,1.0,0.0,1run,1run,0,0
turan_n162,4,60,81,6,6,1.0,0.0,1run,1run,0,0
turan_n162,4,61,81,6,6,1.0,0.0,1run,1run,0,0
turan_n162,4,62,81,6,6,1.0,0.0,1run,1run,0,0
turan_n162,4,63,81,6,6,1.0,0.0,1run,1run,0,0
turan_n162,4,64,81,6,6,1.0,0.0,1run,1run,0,0
turan_n162,4,65,81,6,6,1.0,0.0,1run,1run,0,0
turan_n162,4,66,81,6,6,1.0,0.0,1run,1run,0,0
turan_n162,4,67,81,6,6,1.0,0.0,1run,1run,0,0
turan_n162,4,68,81,6,6,1.0,0.0,1run,1run,0,0
turan_n162,4,69,81,6,6,1.0,0.0,1run,1run,0,0
turan_n162,4,70,81,6,6,1.0,0.0,1run,1run,0,0
turan_n162,4,71,81,6,6,1.0,0.0,1run,1run,0,0
turan_n162,4,72,81,6,6,1.0,0.0,1run,1run,0,0
turan_n162,4,73,81,6,6,1.0,0.0,1run,1run,0,0
turan_n162,4,74,81,6,6,1.0,0.0,1run,1run,0,0
turan_n162,4,75,81,6,6,1.0,0.0,1run,1run,0,0
turan_n162,4,76,81,6,6,1.0,0.0,1run,1run,0,0
turan_n162,4,77,81,6,6,1.0,0.0,1run,1run,0,0
turan_n162,4,78,81,6,6,1.0,0.0,1run,1run,0,0
turan_n162,4,79,81,6,6,1.0,0.0,1run,1run,0,0
turan_n162,4,80,81,6,6,1.0,0.0,1run,1run,0,0
turan_n162,4,81,81,6,6,1.0,0.0,1run,1run,0,0
turan_n162,4,82,81,6,6,1.0,0.0,1run,1run,0,0
turan_n162,4,83,81,6,6,1.0,0.0,1run,1run,0,0
turan_n162,4,84,81,6,6,1.0,0.0,1run,1run,0,0
turan_n162,4,85,81,6,6,1.0,0.0,1run,1run,0,0
turan_n162,4,86,81,6,6,1.0,0.0,1run,1run,0,0
turan_n162,4,87,81,6,6,1.0,0.0,1run,1run,0,0
turan_n162,4,88,81,6,6,1.0,0.0,1run,1run,0,0
turan_n162,4,89,81,6,6,1.0,0.0,1run,1run,0,0
turan_n162,4,90,81,6,6,1.0,0.0,1run,1run,0,0
turan_n162,4,91,81,6,6,1.0,0.0,1run,1run,0,0
turan_n162,4,92,81,6,6,1.0,0.0,1run,1run,0,0
turan_n162,4,93,81,6,6,1.0,0.0,1run,1run,0,0
turan_n162,4,94,81,6,6,1.0,0.0,1run,1run,0,0
turan_n162,4,95,81,6,6,1.0,0.0,1run,1run,0,0
turan_n162,4,96,81,6,6,1.0,0.0,1run,1run,0,0
turan_n162,4,97,81,6,6,1.0,0.0,1run,1run,0,0
turan_n162,4,98,81,6,6,1.0,0.0,1run,1run,0,0
turan_n162,4,99,81,6,6,1.0,0.0,1run,1run,0,0
turan_n162,4,100,81,6,6,1.0,0.0,1run,1run,0,0
turan_n162,4,101,81,6,6,1.0,0.0,1run,1run,0,0
turan_n162,4,102,81,6,6,1.0,0.0,1run,1run,0,0
turan_n162,4,103,81,6,6,1.0,0.0,1run,1run,0,0
turan_n162,4,104,81,6,6,1.0,0.0,1run,1run,0,0
turan_n162,4,105,81,6,6,1.0,0.0,1run,1run,0,0
turan_n162,4,106,81,6,6,1.0,0.0,1run,1run,0,0
turan_n162,4,107,81,6,6,1.0,0.0,1run,1run,0,0
turan_n162,4,108,81,6,6,1.0,0.0,1run,1run,0,0
turan_n162,4,109,81,6,6,1.0,0.0,1run,1run,0,0
turan_n162,4,110,81,6,6,1.0,0.0,1run,1run,0,0
turan_n162,4,111,81,6,6,1.0,0.0,1run,1run,0,0
turan_n162,4,112,81,6,6,1.0,0.0,1run,1run,0,0
turan_n162,4,113,81,6,6,1.0,0.0,1run,1run,0,0
turan_n162,4,114,81,6,6,1.0,0.0,1run,1run,0,0
turan_n162,4,115,81,6,6,1.0,0.0,1run,1run,0,0
turan_n162,4,116,81,6,6,1.0,0.0,1run,1run,0,0
turan_n162,4,117,81,6,6,1.0,0.0,1run,1run,0,0
turan_n162,4,118,81,6,6,1.0,0.0,1run,1run,0,0
turan_n162,4,119,81,6,6,1.0,0.0,1run,1run,0,0
turan_n162,4,120,81,6,6,1.0,0.0,1run,1run,0,0
turan_n162,4,121,81,6,6,1.0,0.0,1run,1run,0,0
turan_n162,4,122,81,6,6,1.0,0.0,1run,1run,0,0
turan_n162,4,123,81,6,6,1.0,0.0,1run,1run,0,0
turan_n162,4,124,81,6,6,1.0,0.0,1run,1run,0,0
turan_n162,4,125,81,6,6,1.0,0.0,1run,1run,0,0
turan_n162,4,126,81,6,6,1.0,0.0,1run,1run,0,0
turan_n162,4,127,81,6,6,1.0,0.0,1run,1run,0,0
turan_n162,4,128,81,6,6,1.0,0.0,1run,1run,0,0
turan_n162,4,129,81,6,6,1.0,0.0,1run,1run,0,0
turan_n162,4,130,81,6,6,1.0,0.0,1run,1run,0,0
turan_n162,4,131,81,6,6,1.0,0.0,1run,1run,0,0
turan_n162,4,132,81,6,6,1.0,0.0,1run,1run,0,0
turan_n162,4,133,81,6,6,1.0,0.0,1run,1run,0,0
turan_n162,4,134,81,6,6,1.0,0.0,1run,1run,0,0
turan_n162,4,135,81,6,6,1.0,0.0,1run,1run,0,0
turan_n162,4,136,81,6,6,1.0,0.0,1run,1run,0,0
turan_n162,4,137,81,6,6,1.0,0.0,1run,1run,0,0
turan_n162,4,138,81,6,6,1.0,0.0,1run,1run,0,0
turan_n162,4,139,81,6,6,1.0,0.0,1run,1run,0,0
turan_n162,4,140,81,6,6,1.0,0.0,1run,1run,0,0
turan_n162,4,141,81,6,6,1.0,0.0,1run,1run,0,0
turan_n162,4,142,81,6,6,1.0,0.0,1run,1run,0,0
turan_n162,4,143,81,6,6,1.0,0.0,1run,1run,0,0
turan_n162,4,144,81,6,6,1.0,0.0,1run,1run,0,0
turan_n162,4,145,81,6,6,1.0,0.0,1run,1run,0,0
turan_n162,4,146,81,6,6,1.0,0.0,1run,1run,0,0
turan_n162,4,147,81,6,6,1.0,0.0,1run,1run,0,0
turan_n162,4,148,81,6,6,1.0,0.0,1run,1run,0,0
turan_n162,4,149,81,6,6,1.0,0.0,1run,1run,0,0
turan_n162,4,150,81,6,6,1.0,0.0,1run,1run,0,0
turan_n162,4,151,81,6,6,1.0,0.0,1run,1run,0,0
turan_n162,4,152,81,6,6,1.0,0.0,1run,1run,0,0
turan_n162,4,153,81,6,6,1.0,0.0,1run,1run,0,0
turan_n162,4,154,81,6,6,1.0,0.0,1run,1run,0,0
turan_n162,4,155,81,6,6,1.0,0.0,1run,1run,0,0
turan_n162,4,156,81,6,6,1.0,0.0,1run,1run,0,0
turan_n162,4,157,81,6,6,1.0,0.0,1run,1run,0,0
turan_n162,4,158,81,6,6,1.0,0.0,1run,1run,0,0
turan_n162,4,159,81,6,6,1.0,0.0,1run,1run,0,0
turan_n162,4,160,81,6,6,1.0,0.0,1run,1run,0,0
turan_n162,4,161,81,6,6,1.0,0.0,1run,1run,0,0
ws_n486,0,0,4,2,2,0.0,1.8,1run,L,1,4
ws_n486,0,1,7,13,8,0.235,2.44,tree,tree,1,7
ws_n486,0,2,4,1,6,0.0,3.07,1run,tree,1,4
ws_n486,0,3,5,7,7,0.0,3.61,tree,tree,1,5
ws_n486,0,4,4,13,3,0.0,3.51,tree,1run,1,4
ws_n486,0,5,3,1,1,0.0,5.0,1run,1run,1,3
ws_n486,0,6,4,3,2,0.0,5.21,L,1run,1,4
ws_n486,0,7,7,9,3,0.0,5.43,tree,L,1,7
ws_n486,0,8,7,20,8,0.12,2.57,tree,tree,1,6
ws_n486,0,9,5,1,4,0.0,3.26,1run,tree,1,5
ws_n486,0,10,3,10,1,0.0,3.22,tree,1run,1,3
ws_n486,0,11,6,11,5,0.0,2.97,tree,tree,1,6
ws_n486,0,12,3,1,3,0.0,2.4,1run,tree,1,3
ws_n486,0,13,3,2,1,0.0,0.5,L,1run,1,3
ws_n486,0,14,4,5,6,0.0,3.16,tree,L,1,4
ws_n486,0,15,4,14,5,0.0,0.88,tree,tree,1,4
ws_n486,0,16,3,5,2,0.0,6.01,L,L,1,3
ws_n486,0,17,4,6,4,0.0,3.17,tree,tree,1,4
ws_n486,0,18,4,3,7,0.0,7.37,1run,tree,1,4
ws_n486,0,19,6,8,5,0.444,2.53,L,L,1,6
ws_n486,0,20,3,1,2,0.0,1.0,1run,L,1,3
ws_n486,0,21,4,6,2,0.0,4.33,tree,1run,1,4
ws_n486,0,22,6,4,6,0.0,5.88,L,tree,1,6
ws_n486,0,23,3,1,1,0.0,6.71,1run,1run,1,3
ws_n486,0,24,4,17,5,0.0,1.46,tree,L,1,4
ws_n486,0,25,4,3,2,0.0,6.52,L,L,1,4
ws_n486,0,26,3,5,1,0.0,6.08,1run,1run,1,3
ws_n486,0,27,4,2,3,0.0,8.25,1run,tree,1,4
ws_n486,0,28,3,11,4,0.0,5.95,tree,L,1,3
ws_n486,0,29,3,3,2,0.0,9.69,tree,1run,1,3
ws_n486,0,30,4,1,4,0.0,9.17,1run,tree,1,4
ws_n486,0,31,3,1,8,0.0,12.28,1run,L,1,3
ws_n486,0,32,3,5,1,0.0,5.2,L,1run,1,3
ws_n486,0,33,3,2,1,0.0,2.0,L,1run,1,3
ws_n486,0,34,4,1,1,0.0,3.0,1run,1run,1,4
ws_n486,0,35,5,3,3,0.0,3.0,1run,1run,1,5
ws_n486,0,36,4,6,2,0.0,1.07,L,L,1,4
ws_n486,0,37,4,1,1,0.0,3.0,1run,1run,1,4
ws_n486,0,38,4,1,1,0.0,3.16,1run,1run,1,4
ws_n486,0,39,4,5,1,0.0,1.79,L,1run,1,4
ws_n486,0,40,4,7,4,0.222,1.0,L,L,1,4
ws_n486,0,41,5,6,2,0.143,2.52,L,L,1,5
ws_n486,0,42,3,3,5,0.0,4.15,L,L,1,3
ws_n486,0,43,5,2,4,0.2,2.5,L,1run,1,5
ws_n486,0,44,3,7,5,0.0,2.83,tree,L,1,3
ws_n486,0,45,4,3,2,0.0,0.0,1run,1run,1,4
ws_n486,0,46,4,1,7,0.0,5.74,1run,tree,1,4
ws_n486,0,47,4,17,4,0.0,8.99,tree,L,1,4
ws_n486,0,48,4,7,6,0.0,5.63,tree,1run,1,4
ws_n486,0,49,3,10,2,0.0,5.87,tree,1run,1,3
ws_n486,0,50,4,6,1,0.0,3.59,tree,1run,1,4
ws_n486,0,51,2,2,1,0.0,6.71,L,1run,1,2
ws_n486,0,52,4,1,1,0.0,6.4,1run,1run,1,4
ws_n486,0,53,4,1,1,0.0,5.0,1run,1run,1,4
ws_n486,0,54,4,1,1,0.0,7.21,1run,1run,1,4
ws_n486,0,55,5,3,2,0.0,7.16,tree,1run,1,5
ws_n486,0,56,5,4,4,0.0,6.21,tree,tree,1,5
ws_n486,0,57,5,16,4,0.0,3.97,tree,tree,1,5
ws_n486,0,58,6,14,6,0.0,6.22,tree,tree,1,6
ws_n486,0,59,5,1,1,0.0,8.0,1run,1run,1,5
ws_n486,0,60,4,1,2,0.0,8.0,1run,L,1,4
ws_n486,0,61,3,8,4,0.333,2.26,1run,L,1,3
ws_n486,0,62,3,2,1,0.0,5.85,L,1run,1,3
ws_n486,0,63,6,3,4,0.0,6.51,L,tree,1,6
ws_n486,0,64,4,8,3,0.0,2.91,tree,L,1,4
ws_n486,0,65,2,1,1,0.0,1.0,1run,1run,1,2
ws_n486,0,66,4,4,3,0.0,2.35,L,L,1,4
ws_n486,0,67,4,6,1,0.0,4.01,tree,1run,1,4
ws_n486,0,68,4,1,3,0.0,3.35,1run,L,1,4
ws_n486,0,69,4,2,2,0.0,3.54,L,L,1,4
ws_n486,0,70,4,2,1,0.0,3.64,L,1run,1,4
ws_n486,0,71,5,3,4,0.0,3.48,tree,L,1,5
ws_n486,0,72,7,13,5,0.0,1.32,tree,tree,1,7
ws_n486,0,73,3,3,2,0.667,1.0,1run,1run,1,2
ws_n486,0,74,4,7,3,0.0,3.63,tree,L,1,4
ws_n486,0,75,5,4,3,0.0,4.92,1run,L,1,5
ws_n486,0,76,3,13,1,0.0,4.1,tree,1run,1,3
ws_n486,0,77,5,21,8,0.0,1.86,tree,tree,1,5
ws_n486,0,78,4,2,1,0.0,4.92,L,1run,1,4
ws_n486,0,79,5,10,3,0.0,3.39,tree,L,1,5
ws_n486,0,80,4,14,3,0.0,3.55,tree,1run,1,4
ws_n486,0,81,4,6,3,0.0,1.41,L,tree,1,4
ws_n486,0,82,4,1,2,0.0,4.47,1run,L,1,4
ws_n486,0,83,5,6,2,0.0,2.95,L,L,1,5
ws_n486,0,84,4,1,2,0.0,5.02,1run,L,1,4
ws_n486,0,85,4,6,2,0.0,1.8,1run,L,1,4
ws_n486,0,86,3,1,4,0.0,7.27,1run,tree,1,3
ws_n486,0,87,3,2,1,0.0,8.08,L,1run,1,3
ws_n486,0,88,4,1,1,0.0,8.25,1run,1run,1,4
ws_n486,0,89,4,3,3,0.0,6.7,1run,L,1,4
ws_n486,0,90,4,4,3,0.0,6.04,tree,tree,1,4
ws_n486,0,91,2,1,1,0.0,1.0,1run,1run,1,2
ws_n486,0,92,3,5,1,0.0,4.67,L,1run,1,3
ws_n486,0,93,4,5,4,0.0,4.84,L,1run,1,4
ws_n486,0,94,7,5,9,0.4,1.45,1run,tree,1,6
ws_n486,0,95,4,2,2,0.0,4.61,L,1run,1,4
ws_n486,0,96,4,4,2,0.0,2.55,tree,L,1,4
ws_n486,0,97,4,3,5,0.143,1.07,L,tree,1,4
ws_n486,0,98,6,8,3,0.1,0.17,tree,L,1,6
ws_n486,0,99,4,2,1,0.0,2.55,L,1run,1,4
ws_n486,0,100,5,21,6,0.0,1.72,tree,L,1,5
ws_n486,0,101,4,4,2,0.0,3.61,L,1run,1,4
ws_n486,0,102,2,16,3,0.0,1.52,tree,L,1,2
ws_n486,0,103,2,2,1,0.0,6.32,L,1run,1,2
ws_n486,0,104,4,1,2,0.0,8.06,1run,1run,1,4
ws_n486,0,105,5,2,4,0.0,5.01,L,L,1,5
ws_n486,0,106,4,1,4,0.0,5.39,1run,tree,1,4
ws_n486,0,107,4,1,5,0.0,5.69,1run,tree,1,4
ws_n486,0,108,2,2,1,0.0,5.39,1run,1run,1,2
ws_n486,0,109,3,23,2,0.0,6.97,tree,1run,1,3
ws_n486,0,110,4,10,5,0.154,5.36,tree,tree,1,4
ws_n486,0,111,3,4,3,0.0,5.13,L,L,1,3
ws_n486,0,112,5,5,3,0.143,2.49,tree,L,1,5
ws_n486,0,113,3,1,2,0.0,2.06,1run,L,1,3
ws_n486,0,114,4,3,5,0.333,2.5,L,L,1,4
ws_n486,0,115,5,6,2,0.0,3.5,tree,1run,1,5
ws_n486,0,116,4,1,3,0.0,1.94,1run,L,1,4
ws_n486,0,117,2,2,1,0.0,7.07,1run,1run,1,2
ws_n486,0,118,4,7,2,0.0,2.5,L,L,1,4
ws_n486,0,119,5,6,5,0.375,2.01,1run,tree,1,4
ws_n486,0,120,3,7,1,0.0,7.41,tree,1run,1,3
ws_n486,0,121,4,2,2,0.0,7.07,1run,L,1,4
ws_n486,0,122,4,11,4,0.0,6.05,tree,L,1,4
ws_n486,0,123,6,12,3,0.0,3.79,tree,L,1,6
ws_n486,0,124,3,2,2,0.0,5.59,L,L,1,3
ws_n486,0,125,3,1,1,0.0,8.06,1run,1run,1,3
ws_n486,0,126,4,1,4,0.0,6.33,1run,L,1,4
ws_n486,0,127,4,1,2,0.0,7.52,1run,L,1,4
ws_n486,0,128,4,3,6,0.0,6.96,1run,tree,1,4
ws_n486,0,129,3,3,2,0.0,2.55,1run,L,1,3
ws_n486,0,130,4,6,4,0.0,1.83,tree,tree,1,4
ws_n486,0,131,4,7,4,0.0,4.73,tree,L,1,4
ws_n486,0,132,3,5,1,0.0,5.28,tree,1run,1,3
ws_n486,0,133,4,2,5,0.0,1.92,L,L,1,4
ws_n486,0,134,2,6,1,0.0,7.16,tree,1run,1,2
ws_n486,0,135,4,12,4,0.0,1.48,tree,L,1,4
ws_n486,0,136,4,4,8,0.0,7.07,tree,tree,1,4
ws_n486,0,137,2,11,3,0.0,8.11,tree,1run,1,2
ws_n486,0,138,5,1,5,0.0,13.11,1run,L,1,5
ws_n486,0,139,3,1,1,0.0,14.56,1run,1run,1,3
ws_n486,0,140,4,1,2,0.0,13.6,1run,1run,1,4
ws_n486,0,141,4,1,2,0.0,12.18,1run,L,1,4
ws_n486,0,142,4,1,2,0.0,13.93,1run,1run,1,4
ws_n486,0,143,5,10,5,0.0,5.31,L,tree,1,5
ws_n486,0,144,2,2,1,0.0,10.0,1run,1run,1,2
ws_n486,0,145,4,1,1,0.0,8.25,1run,1run,1,4
ws_n486,0,146,4,7,3,0.0,5.76,tree,L,1,4
ws_n486,0,147,3,8,2,0.0,8.38,tree,1run,1,3
ws_n486,0,148,3,1,1,0.0,2.0,1run,1run,1,3
ws_n486,0,149,2,4,1,0.0,2.36,tree,1run,1,2
ws_n486,0,150,3,2,4,0.0,2.06,L,L,1,3
ws_n486,0,151,3,1,1,0.0,2.83,1run,1run,1,3
ws_n486,0,152,4,3,6,0.125,3.8,1run,tree,1,4
ws_n486,0,153,6,13,5,0.2,1.55,tree,tree,1,6
ws_n486,0,154,3,1,1,0.0,6.71,1run,1run,1,3
ws_n486,0,155,4,5,2,0.0,5.24,tree,L,1,4
ws_n486,0,156,4,16,3,0.0,2.0,tree,L,1,4
ws_n486,0,157,5,3,1,0.0,5.9,L,1run,1,5
ws_n486,0,158,4,2,1,0.0,7.07,1run,1run,1,4
ws_n486,0,159,5,12,8,0.0,3.98,tree,tree,1,5
ws_n486,0,160,2,4,1,0.0,4.56,L,1run,1,2
ws_n486,0,161,4,3,5,0.0,4.29,L,L,1,4
ws_n486,0,162,3,1,7,0.0,11.39,1run,L,1,3
ws_n486,0,163,7,6,8,0.0,4.84,L,tree,1,7
ws_n486,0,164,4,1,1,0.0,7.28,1run,1run,1,4
ws_n486,0,165,4,2,1,0.0,7.16,L,1run,1,4
ws_n486,0,166,4,1,1,0.0,6.71,1run,1run,1,4
ws_n486,0,167,4,1,1,0.0,7.62,1run,1run,1,4
ws_n486,0,168,5,11,5,0.0,5.77,tree,tree,1,5
ws_n486,0,169,3,1,3,0.0,3.61,1run,1run,1,3
ws_n486,0,170,3,6,4,0.0,4.85,L,tree,1,3
ws_n486,0,171,3,9,5,0.0,4.16,tree,1run,1,3
ws_n486,0,172,4,2,1,0.0,8.73,L,1run,1,4
ws_n486,0,173,3,1,2,0.0,1.0,1run,1run,1,3
ws_n486,0,174,3,1,3,0.0,7.32,1run,L,1,3
ws_n486,0,175,4,3,3,0.0,3.9,tree,L,1,4
ws_n486,0,176,5,2,9,0.0,2.14,L,tree,1,5
ws_n486,0,177,4,5,3,0.0,2.04,L,1run,1,4
ws_n486,0,178,4,6,3,0.0,3.31,tree,L,1,4
ws_n486,0,179,3,4,4,0.0,2.8,tree,L,1,3
ws_n486,0,180,5,1,4,0.0,2.51,1run,tree,1,5
ws_n486,0,181,5,10,4,0.077,2.23,tree,tree,1,5
ws_n486,0,182,5,16,4,0.0,4.98,tree,1run,1,5
ws_n486,0,183,5,4,6,0.0,2.16,tree,tree,1,5
ws_n486,0,184,3,1,2,0.0,1.12,1run,L,1,3
ws_n486,0,185,3,5,1,0.0,5.69,tree,1run,1,3
ws_n486,0,186,4,3,1,0.0,4.48,L,1run,1,4
ws_n486,0,187,4,1,3,0.0,5.52,1run,L,1,4
ws_n486,0,188,3,4,2,0.0,3.34,tree,1run,1,3
ws_n486,0,189,4,10,1,0.0,6.72,tree,1run,1,4
ws_n486,0,190,6,1,4,0.0,3.4,1run,tree,1,6
ws_n486,0,191,3,13,2,0.0,3.08,tree,1run,1,3
ws_n486,0,192,3,2,1,0.0,6.0,1run,1run,1,3
ws_n486,0,193,4,1,4,0.0,8.51,1run,L,1,4
ws_n486,0,194,4,23,3,0.0,6.43,tree,L,1,4
ws_n486,0,195,3,1,2,0.0,6.4,1run,1run,1,3
ws_n486,0,196,4,2,2,0.0,4.47,1run,1run,1,4
ws_n486,0,197,3,4,1,0.0,5.06,L,1run,1,3
ws_n486,0,198,4,6,3,0.125,2.52,tree,tree,1,4
ws_n486,0,199,5,6,8,0.0,3.87,tree,tree,1,5
ws_n486,0,200,3,5,2,0.0,4.55,tree,L,1,3
ws_n486,0,201,3,1,3,0.0,5.0,1run,tree,1,3
ws_n486,0,202,5,14,4,0.0,11.06,tree,L,1,5
ws_n486,0,203,6,16,8,0.2,1.26,tree,L,1,6
ws_n486,0,204,2,2,1,0.0,3.2,L,1run,1,2
ws_n486,0,205,4,1,2,0.0,1.8,1run,L,1,4
ws_n486,0,206,4,11,8,0.0,2.78,tree,L,1,4
ws_n486,0,207,4,18,4,0.048,0.81,tree,L,1,4
ws_n486,0,208,3,9,10,0.0,7.62,L,tree,1,3
ws_n486,0,209,3,3,1,0.0,9.71,tree,1run,1,3
ws_n486,0,210,4,7,5,0.0,7.12,tree,L,1,4
ws_n486,0,211,2,2,1,0.0,4.12,1run,1run,1,2
ws_n486,0,212,4,5,4,0.0,4.58,L,L,1,4
ws_n486,0,213,3,3,2,0.0,2.06,1run,L,1,2
ws_n486,0,214,3,3,1,0.0,0.94,L,1run,1,2
ws_n486,0,215,5,2,2,1.0,0.0,1run,1run,0,5
ws_n486,0,216,5,1,1,0.0,1.0,1run,1run,1,4
ws_n486,0,217,5,10,5,0.0,2.65,tree,L,1,4
ws_n486,0,218,6,5,4,0.0,3.95,1run,tree,1,6
ws_n486,0,219,3,7,1,0.0,1.58,tree,1run,1,3
ws_n486,0,220,3,1,1,0.0,5.1,1run,1run,1,3
ws_n486,0,221,4,1,2,0.0,5.1,1run,1run,1,4
ws_n486,0,222,6,6,2,0.0,1.05,L,1run,1,6
ws_n486,0,223,3,2,2,0.0,3.04,L,L,1,3
ws_n486,0,224,4,2,1,0.0,4.03,L,1run,1,4
ws_n486,0,225,4,13,2,0.0,4.58,tree,1run,1,4
ws_n486,0,226,4,2,2,0.0,5.5,1run,L,1,4
ws_n486,0,227,3,1,1,0.0,7.81,1run,1run,1,3
ws_n486,0,228,4,2,1,0.0,7.28,1run,1run,1,4
ws_n486,0,229,4,5,2,0.0,6.6,tree,L,1,4
ws_n486,0,230,3,2,2,0.0,7.28,L,L,1,3
ws_n486,0,231,4,1,2,0.0,6.18,1run,L,1,4
ws_n486,0,232,5,2,2,0.0,5.0,1run,1run,1,5
ws_n486,0,233,4,2,1,0.0,5.39,1run,1run,1,4
ws_n486,0,234,4,1,3,0.0,3.67,1run,L,1,4
ws_n486,0,235,3,1,5,0.0,6.35,1run,tree,1,3
ws_n486,0,236,3,6,1,0.0,6.01,L,1run,1,3
ws_n486,0,237,3,10,3,0.0,6.16,tree,1run,1,3
ws_n486,0,238,4,8,3,0.0,2.74,tree,L,1,4
ws_n486,0,239,3,3,3,0.0,2.36,tree,L,1,2
ws_n486,0,240,3,1,3,0.0,4.24,1run,1run,1,3
ws_n486,0,241,4,2,2,1.0,0.0,1run,1run,0,4
ws_n486,0,242,5,3,3,0.0,2.11,tree,L,1,4
ws_n486,0,243,4,2,2,0.0,1.58,L,L,1,3
ws_n486,0,244,4,1,3,0.0,1.67,1run,L,1,4
ws_n486,0,245,5,5,8,0.0,5.05,tree,L,1,5
ws_n486,0,246,3,25,4,0.0,4.23,tree,L,1,3
ws_n486,0,247,3,5,1,0.0,7.0,L,1run,1,3
ws_n486,0,248,2,1,1,0.0,7.62,1run,1run,1,2
ws_n486,0,249,4,6,1,0.0,2.83,L,1run,1,4
ws_n486,0,250,4,1,3,0.0,7.75,1run,L,1,4
ws_n486,0,251,3,16,1,0.0,8.11,tree,1run,1,3
ws_n486,0,252,6,12,6,0.0,5.55,tree,tree,1,6
ws_n486,0,253,4,1,3,0.0,4.01,1run,tree,1,4
ws_n486,0,254,4,2,2,0.0,3.64,L,L,1,4
ws_n486,0,255,4,1,2,0.0,3.04,1run,L,1,3
ws_n486,0,256,5,6,2,0.143,0.75,tree,L,1,4
ws_n486,0,257,5,1,1,1.0,0.0,1run,1run,0,5
ws_n486,0,258,3,3,1,0.0,0.75,tree,1run,1,2
ws_n486,0,259,3,1,1,0.0,1.0,1run,1run,1,3
ws_n486,0,260,4,1,1,0.0,1.0,1run,1run,1,4
ws_n486,0,261,5,5,2,0.0,2.33,tree,L,1,5
ws_n486,0,262,4,1,1,0.0,1.41,1run,1run,1,4
ws_n486,0,263,3,7,1,0.0,3.76,tree,1run,1,3
ws_n486,0,264,3,3,1,0.0,0.47,L,1run,1,3
ws_n486,0,265,2,10,1,0.0,4.11,tree,1run,1,2
ws_n486,0,266,4,2,3,0.0,4.22,1run,L,1,4
ws_n486,0,267,4,1,3,0.0,4.68,1run,L,1,4
ws_n486,0,268,5,7,3,0.0,3.26,tree,L,1,5
ws_n486,0,269,6,1,9,0.0,2.92,1run,tree,1,6
ws_n486,0,270,5,15,6,0.0,0.88,tree,tree,1,5
ws_n486,0,271,5,5,6,0.1,1.23,tree,L,1,5
ws_n486,0,272,4,6,4,0.667,0.0,tree,L,1,4
ws_n486,0,273,5,3,9,0.333,0.35,1run,tree,1,5
ws_n486,0,274,5,2,5,0.0,1.44,1run,tree,1,5
ws_n486,0,275,3,1,3,0.333,1.67,1run,L,1,3
ws_n486,0,276,3,1,1,0.0,2.0,1run,1run,1,3
ws_n486,0,277,4,2,2,0.0,1.5,L,1run,1,4
ws_n486,0,278,4,1,1,0.0,1.41,1run,1run,1,4
ws_n486,0,279,2,1,2,0.0,4.47,1run,1run,1,2
ws_n486,0,280,3,5,4,0.0,3.19,L,L,1,3
ws_n486,0,281,5,11,4,0.0,2.96,L,L,1,5
ws_n486,0,282,5,7,6,0.0,3.15,L,tree,1,5
ws_n486,0,283,4,1,2,0.0,2.5,1run,L,1,4
ws_n486,0,284,4,7,4,0.0,2.98,L,tree,1,4
ws_n486,0,285,4,5,2,0.0,1.04,tree,L,1,4
ws_n486,0,286,3,9,2,0.0,0.79,tree,1run,1,3
ws_n486,0,287,4,1,3,0.0,5.43,1run,tree,1,4
ws_n486,0,288,3,7,2,0.0,5.86,tree,L,1,3
ws_n486,0,289,3,6,2,0.0,6.84,L,L,1,3
ws_n486,0,290,4,1,4,0.0,7.62,1run,L,1,4
ws_n486,0,291,4,1,4,0.0,7.21,1run,1run,1,4
ws_n486,0,292,2,3,1,0.0,2.83,1run,1run,1,2
ws_n486,0,293,4,3,5,0.0,5.4,1run,L,1,4
ws_n486,0,294,3,1,1,0.0,4.12,1run,1run,1,3
ws_n486,0,295,3,1,1,0.0,4.0,1run,1run,1,3
ws_n486,0,296,4,1,1,0.0,5.1,1run,1run,1,4
ws_n486,0,297,4,2,1,0.0,6.02,L,1run,1,4
ws_n486,0,298,5,16,3,0.188,0.58,tree,1run,1,5
ws_n486,0,299,4,1,1,0.0,6.08,1run,1run,1,4
ws_n486,0,300,5,9,2,0.0,1.62,L,L,1,5
ws_n486,0,301,4,2,1,0.0,7.62,L,1run,1,4
ws_n486,0,302,4,3,3,0.0,7.9,L,L,1,4
ws_n486,0,303,4,2,4,0.0,11.54,1run,tree,1,4
ws_n486,0,304,3,10,2,0.0,6.02,tree,1run,1,3
ws_n486,0,305,7,21,5,0.0,2.04,tree,tree,1,7
ws_n486,0,306,3,1,1,0.0,2.0,1run,1run,1,3
ws_n486,0,307,3,2,1,0.0,3.16,L,1run,1,3
ws_n486,0,308,5,3,3,0.2,3.02,L,L,1,5
ws_n486,0,309,6,19,4,0.0,3.28,tree,L,1,6
ws_n486,0,310,2,5,1,0.0,4.31,tree,1run,1,2
ws_n486,0,311,6,17,5,0.1,2.77,tree,tree,1,6
ws_n486,0,312,4,1,1,0.0,1.0,1run,1run,1,4
ws_n486,0,313,5,7,3,0.0,2.14,tree,L,1,5
ws_n486,0,314,4,7,1,0.0,1.57,tree,1run,1,4
ws_n486,0,315,4,6,3,0.0,1.0,tree,L,1,4
ws_n486,0,316,4,4,2,0.0,2.47,L,1run,1,3
ws_n486,0,317,2,4,1,0.0,3.16,1run,1run,1,1
ws_n486,0,318,5,2,2,1.0,0.0,1run,1run,0,5
ws_n486,0,319,3,1,2,0.0,1.41,1run,1run,1,2
ws_n486,0,320,3,11,2,0.0,2.76,tree,L,1,2
ws_n486,0,321,4,11,6,0.0,6.85,tree,L,1,4
ws_n486,0,322,4,6,4,0.0,2.79,tree,L,1,4
ws_n486,0,323,5,5,6,0.222,3.66,L,tree,1,5
ws_n486,0,324,6,7,4,0.0,5.39,1run,L,1,6
ws_n486,0,325,5,2,2,0.0,3.04,L,L,1,5
ws_n486,0,326,4,1,4,0.0,0.35,1run,L,1,4
ws_n486,0,327,4,2,3,0.25,1.0,1run,tree,1,4
ws_n486,0,328,5,1,4,0.0,4.12,1run,1run,1,5
ws_n486,0,329,4,1,3,0.0,1.8,1run,L,1,4
ws_n486,0,330,5,9,1,0.0,4.11,tree,1run,1,5
ws_n486,0,331,3,8,5,0.0,1.71,L,L,1,3
ws_n486,0,332,3,1,2,0.0,6.4,1run,L,1,3
ws_n486,0,333,4,2,4,0.0,4.92,L,L,1,4
ws_n486,0,334,3,1,1,0.0,5.1,1run,1run,1,3
ws_n486,0,335,4,4,3,0.0,6.79,tree,1run,1,4
ws_n486,0,336,5,2,1,0.0,4.92,L,1run,1,5
ws_n486,0,337,3,8,3,0.222,0.75,1run,L,1,3
ws_n486,0,338,4,5,1,0.0,1.84,L,1run,1,4
ws_n486,0,339,4,1,2,0.0,5.1,1run,1run,1,4
ws_n486,0,340,4,1,4,0.0,5.85,1run,tree,1,4
ws_n486,0,341,4,1,2,0.0,5.5,1run,L,1,4
ws_n486,0,342,5,10,5,0.0,3.54,tree,L,1,5
ws_n486,0,343,5,6,3,0.125,1.67,L,L,1,5
ws_n486,0,344,6,14,5,0.267,5.0,tree,L,1,6
ws_n486,0,345,3,3,1,0.0,2.24,1run,1run,1,3
ws_n486,0,346,5,4,4,0.0,4.03,L,tree,1,5
ws_n486,0,347,5,1,3,0.0,1.41,1run,1run,1,5
ws_n486,0,348,5,17,5,0.222,3.32,tree,L,1,5
ws_n486,0,349,5,7,7,0.0,0.45,tree,tree,1,5
ws_n486,0,350,4,3,3,0.0,4.85,tree,L,1,4
ws_n486,0,351,6,10,2,0.2,2.63,L,1run,1,6
ws_n486,0,352,4,2,1,0.0,1.12,L,1run,1,4
ws_n486,0,353,4,1,2,0.0,1.0,1run,L,1,4
ws_n486,0,354,4,2,1,0.0,1.58,L,1run,1,4
ws_n486,0,355,4,5,5,0.25,2.2,L,L,1,4
ws_n486,0,356,4,8,4,0.5,2.74,L,L,1,4
ws_n486,0,357,2,1,3,0.0,4.85,1run,L,1,2
ws_n486,0,358,4,3,2,0.0,5.43,L,1run,1,4
ws_n486,0,359,5,6,3,0.0,4.9,L,L,1,5
ws_n486,0,360,4,11,3,0.167,0.7,tree,L,1,4
ws_n486,0,361,6,12,3,0.154,0.75,tree,L,1,6
ws_n486,0,362,4,2,1,0.0,1.58,L,1run,1,4
ws_n486,0,363,4,2,1,0.0,2.5,L,1run,1,4
ws_n486,0,364,4,4,2,0.0,1.6,L,L,1,4
ws_n486,0,365,4,5,1,0.0,3.26,L,1run,1,4
ws_n486,0,366,5,6,2,0.0,2.01,tree,L,1,5
ws_n486,0,367,4,2,5,0.167,2.12,L,L,1,4
ws_n486,0,368,4,2,1,0.0,3.04,L,1run,1,4
ws_n486,0,369,3,1,1,0.0,2.24,1run,1run,1,3
ws_n486,0,370,4,2,1,0.0,2.24,L,1run,1,3
ws_n486,0,371,3,5,2,0.0,2.06,L,L,1,3
ws_n486,0,372,5,6,6,0.091,1.3,tree,tree,1,5
ws_n486,0,373,4,7,1,0.0,5.31,L,1run,1,4
ws_n486,0,374,4,2,2,0.0,4.53,L,1run,1,4
ws_n486,0,375,5,4,5,0.0,7.68,L,L,1,5
ws_n486,0,376,2,7,2,0.0,2.12,tree,1run,1,2
ws_n486,0,377,4,5,4,0.0,4.4,L,1run,1,4
ws_n486,0,378,4,7,5,0.5,1.74,L,L,1,4
ws_n486,0,379,4,1,5,0.0,4.0,1run,tree,1,4
ws_n486,0,380,4,2,2,0.0,1.58,L,L,1,4
ws_n486,0,381,5,2,1,0.5,1.0,1run,1run,1,5
ws_n486,0,382,4,1,2,0.0,1.12,1run,L,1,4
ws_n486,0,383,5,7,6,0.625,1.88,L,L,1,5
ws_n486,0,384,5,9,6,0.154,3.45,L,tree,1,5
ws_n486,0,385,5,2,2,0.0,3.5,L,L,1,5
ws_n486,0,386,5,3,2,0.0,0.75,L,1run,1,5
ws_n486,0,387,5,5,3,0.0,2.76,tree,L,1,5
ws_n486,0,388,3,1,2,0.0,3.54,1run,L,1,3
ws_n486,0,389,3,2,2,0.0,2.24,1run,1run,1,3
ws_n486,0,390,6,19,7,0.0,2.03,tree,tree,1,6
ws_n486,0,391,5,11,4,0.0,0.36,tree,L,1,5
ws_n486,0,392,5,1,4,0.0,5.26,1run,L,1,5
ws_n486,0,393,3,5,3,0.0,5.65,L,L,1,3
ws_n486,0,394,4,8,3,0.222,4.0,tree,1run,1,4
ws_n486,0,395,3,2,2,0.333,1.5,1run,L,1,3
ws_n486,0,396,5,1,2,0.5,0.71,1run,L,1,5
ws_n486,0,397,3,3,3,0.5,1.7,1run,L,1,3
ws_n486,0,398,5,3,3,0.5,1.37,1run,L,1,5
ws_n486,0,399,4,5,3,0.0,3.3,tree,tree,1,4
ws_n486,0,400,5,4,2,0.0,1.41,tree,L,1,5
ws_n486,0,401,6,7,2,0.286,0.45,tree,1run,1,6
ws_n486,0,402,3,5,1,0.0,4.47,1run,1run,1,3
ws_n486,0,403,4,4,4,0.143,0.5,L,tree,1,4
ws_n486,0,404,3,2,1,0.0,1.8,L,1run,1,3
ws_n486,0,405,5,1,5,0.0,0.89,1run,tree,1,5
ws_n486,0,406,4,3,5,0.0,3.34,tree,tree,1,4
ws_n486,0,407,4,9,5,0.077,1.65,tree,tree,1,4
ws_n486,0,408,4,6,6,0.0,8.21,L,tree,1,4
ws_n486,0,409,4,6,3,0.0,1.37,L,L,1,4
ws_n486,0,410,4,1,1,0.0,2.0,1run,1run,1,4
ws_n486,0,411,4,4,1,0.0,0.35,tree,1run,1,4
ws_n486,0,412,5,3,3,0.0,0.33,L,tree,1,5
ws_n486,0,413,4,7,4,0.0,2.17,tree,L,1,4
ws_n486,0,414,3,2,3,0.0,2.87,L,tree,1,3
ws_n486,0,415,4,3,2,0.0,4.41,tree,L,1,4
ws_n486,0,416,4,1,3,0.0,5.0,1run,L,1,4
ws_n486,0,417,4,4,3,0.0,3.19,tree,L,1,4
ws_n486,0,418,4,3,1,0.0,2.03,L,1run,1,4
ws_n486,0,419,3,2,1,0.0,1.58,L,1run,1,3
ws_n486,0,420,5,1,2,0.0,1.0,1run,1run,1,5
ws_n486,0,421,4,7,5,0.5,0.91,tree,L,1,4
ws_n486,0,422,4,4,2,0.0,2.06,tree,L,1,4
ws_n486,0,423,3,1,1,0.0,1.41,1run,1run,1,3
ws_n486,0,424,4,7,6,0.0,2.67,tree,tree,1,4
ws_n486,0,425,7,6,9,0.0,3.13,L,tree,1,7
ws_n486,0,426,4,5,3,0.0,1.73,L,L,1,4
ws_n486,0,427,4,1,1,0.0,1.0,1run,1run,1,4
ws_n486,0,428,4,3,9,0.0,3.14,L,tree,1,4
ws_n486,0,429,3,3,2,0.0,1.37,L,1run,1,3
ws_n486,0,430,4,23,8,0.0,14.3,tree,tree,1,4
ws_n486,0,431,3,1,1,0.0,1.0,1run,1run,1,3
ws_n486,0,432,4,8,3,0.0,2.54,L,L,1,4
ws_n486,0,433,4,1,4,0.0,3.48,1run,L,1,4
ws_n486,0,434,4,3,6,0.0,0.47,L,L,1,4
ws_n486,0,435,4,7,2,0.0,1.47,tree,L,1,4
ws_n486,0,436,3,1,1,0.0,3.16,1run,1run,1,3
ws_n486,0,437,4,2,5,0.0,1.7,1run,L,1,4
ws_n486,0,438,3,1,1,0.0,1.41,1run,1run,1,3
ws_n486,0,439,3,2,2,0.0,2.5,L,L,1,3
ws_n486,0,440,5,4,4,0.0,3.09,L,tree,1,5
ws_n486,0,441,5,4,6,0.111,1.17,tree,tree,1,5
ws_n486,0,442,5,5,4,0.5,1.0,tree,L,1,5
ws_n486,0,443,3,2,1,0.0,1.58,L,1run,1,3
ws_n486,0,444,4,3,3,0.0,2.69,L,1run,1,4
ws_n486,0,445,4,3,3,0.0,3.8,L,1run,1,4
ws_n486,0,446,2,1,1,0.0,2.24,1run,1run,1,2
ws_n486,0,447,3,1,1,0.0,1.0,1run,1run,1,3
ws_n486,0,448,4,4,4,0.6,0.25,L,1run,1,4
ws_n486,0,449,3,5,2,0.4,1.84,L,1run,1,3
ws_n486,0,450,5,7,5,0.091,2.13,tree,L,1,5
ws_n486,0,451,5,3,4,0.0,3.28,L,L,1,5
ws_n486,0,452,5,14,3,0.0,6.0,tree,L,1,5
ws_n486,0,453,3,1,1,0.0,5.0,1run,1run,1,3
ws_n486,0,454,4,1,1,0.0,5.0,1run,1run,1,4
ws_n486,0,455,5,6,4,0.0,1.42,tree,tree,1,5
ws_n486,0,456,7,24,9,0.031,5.41,tree,tree,1,7
ws_n486,0,457,5,9,4,0.0,2.24,tree,L,1,5
ws_n486,0,458,3,1,1,0.0,7.07,1run,1run,1,3
ws_n486,0,459,3,5,2,0.0,9.62,tree,1run,1,3
ws_n486,0,460,4,1,4,0.0,4.72,1run,L,1,4
ws_n486,0,461,4,3,4,0.0,3.55,L,L,1,4
ws_n486,0,462,4,4,4,0.0,5.71,L,1run,1,4
ws_n486,0,463,4,10,9,0.0,3.89,tree,tree,1,4
ws_n486,0,464,2,1,1,0.0,2.24,1run,1run,1,2
ws_n486,0,465,5,5,4,0.0,3.16,L,L,1,5
ws_n486,0,466,6,5,5,0.0,1.34,tree,tree,1,6
ws_n486,0,467,4,2,1,0.0,2.24,1run,1run,1,4
ws_n486,0,468,5,5,4,0.0,4.86,L,tree,1,5
ws_n486,0,469,5,7,6,0.444,0.66,tree,L,1,5
ws_n486,0,470,4,7,3,0.111,1.24,tree,L,1,4
ws_n486,0,471,4,4,5,0.286,0.43,L,L,1,4
ws_n486,0,472,6,4,7,0.1,1.22,tree,tree,1,6
ws_n486,0,473,4,5,3,0.0,3.73,tree,L,1,4
ws_n486,0,474,3,3,3,0.0,3.02,L,L,1,3
ws_n486,0,475,3,9,1,0.0,3.78,L,1run,1,3
ws_n486,0,476,3,4,2,0.0,3.01,L,1run,1,3
ws_n486,0,477,6,3,3,0.0,1.8,L,tree,1,6
ws_n486,0,478,4,2,2,0.0,1.0,1run,1run,1,4
ws_n486,0,479,4,2,2,0.0,1.0,L,1run,1,4
ws_n486,0,480,4,1,4,0.0,3.01,1run,L,1,4
ws_n486,0,481,2,1,1,0.0,2.24,1run,1run,1,2
ws_n486,0,482,3,4,2,0.0,1.58,tree,L,1,3
ws_n486,0,483,3,1,1,0.0,0.0,1run,1run,1,3
ws_n486,0,484,4,1,1,0.0,1.41,1run,1run,1,4
ws_n486,0,485,5,3,2,0.0,1.2,tree,L,1,5
ws_n486,1,0,4,6,2,0.0,1.5,L,1run,1,4
ws_n486,1,1,7,5,5,0.0,1.9,tree,tree,1,7
ws_n486,1,2,4,5,3,0.333,2.81,L,L,1,4
ws_n486,1,3,5,6,6,0.091,3.35,L,tree,1,5
ws_n486,1,4,4,1,4,0.0,2.06,1run,tree,1,4
ws_n486,1,5,3,1,2,0.0,1.41,1run,1run,1,3
ws_n486,1,6,4,2,2,0.0,2.12,L,L,1,4
ws_n486,1,7,7,11,5,0.067,2.5,tree,1run,1,7
ws_n486,1,8,7,18,5,0.0,1.65,tree,tree,1,7
ws_n486,1,9,5,3,1,0.333,0.67,L,1run,1,5
ws_n486,1,10,3,1,3,0.0,0.94,1run,tree,1,3
ws_n486,1,11,6,7,6,0.444,1.64,tree,L,1,6
ws_n486,1,12,3,6,3,0.286,0.17,tree,1run,1,3
ws_n486,1,13,3,1,1,0.0,1.0,1run,1run,1,3
ws_n486,1,14,4,5,4,0.8,0.8,L,1run,1,4
ws_n486,1,15,4,9,5,0.0,1.54,tree,L,1,4
ws_n486,1,16,3,1,1,0.0,2.24,1run,1run,1,3
ws_n486,1,17,4,1,2,0.0,2.06,1run,L,1,4
ws_n486,1,18,4,11,5,0.0,2.09,tree,L,1,4
ws_n486,1,19,6,15,4,0.0,2.83,tree,tree,1,6
ws_n486,1,20,3,1,1,0.0,5.0,1run,1run,1,3
ws_n486,1,21,4,2,2,0.0,4.3,1run,L,1,4
ws_n486,1,22,6,5,5,0.0,3.61,tree,1run,1,6
ws_n486,1,23,3,8,3,0.0,3.73,tree,1run,1,3
ws_n486,1,24,4,9,10,0.0,4.6,tree,tree,1,4
ws_n486,1,25,4,9,6,0.0,3.07,1run,tree,1,4
ws_n486,1,26,3,6,2,0.0,6.01,L,1run,1,3
ws_n486,1,27,4,5,9,0.0,7.23,tree,tree,1,4
ws_n486,1,28,3,10,4,0.0,4.05,tree,L,1,3
ws_n486,1,29,3,6,2,0.0,7.03,tree,L,1,3
ws_n486,1,30,4,1,3,0.0,8.52,1run,tree,1,4
ws_n486,1,31,3,7,10,0.0,11.06,tree,tree,1,3
ws_n486,1,32,3,5,1,0.0,5.14,L,1run,1,3
ws_n486,1,33,3,1,2,0.0,6.18,1run,L,1,3
ws_n486,1,34,4,6,2,0.0,2.06,1run,L,1,4
ws_n486,1,35,5,8,7,0.0,5.64,tree,tree,1,5
ws_n486,1,36,4,7,2,0.0,1.79,L,L,1,4
ws_n486,1,37,4,1,2,0.0,6.04,1run,L,1,4
ws_n486,1,38,4,4,2,0.0,5.02,L,1run,1,4
ws_n486,1,39,4,9,2,0.0,3.13,tree,1run,1,4
ws_n486,1,40,4,10,2,0.0,3.41,tree,L,1,4
ws_n486,1,41,5,9,4,0.083,0.92,tree,L,1,5
ws_n486,1,42,3,1,2,0.0,0.5,1run,L,1,3
ws_n486,1,43,5,5,4,0.0,4.57,L,L,1,5
ws_n486,1,44,3,2,1,0.0,3.0,1run,1run,1,3
ws_n486,1,45,4,2,4,0.0,2.24,L,tree,1,4
ws_n486,1,46,4,4,3,0.0,1.8,L,L,1,4
ws_n486,1,47,4,9,1,0.0,5.96,tree,1run,1,4
ws_n486,1,48,4,4,3,0.167,3.83,L,L,1,4
ws_n486,1,49,3,3,5,0.333,2.51,1run,L,1,3
ws_n486,1,50,4,7,4,0.0,3.06,tree,tree,1,4
ws_n486,1,51,2,1,1,0.0,7.81,1run,1run,1,2
ws_n486,1,52,4,1,1,0.0,8.6,1run,1run,1,4
ws_n486,1,53,4,1,1,0.0,9.43,1run,1run,1,4
ws_n486,1,54,4,1,1,0.0,8.6,1run,1run,1,4
ws_n486,1,55,5,15,3,0.0,4.09,tree,1run,1,5
ws_n486,1,56,5,3,1,0.0,6.84,L,1run,1,5
ws_n486,1,57,5,6,4,0.0,4.89,tree,tree,1,5
ws_n486,1,58,6,8,6,0.0,2.71,tree,tree,1,6
ws_n486,1,59,5,1,3,0.0,3.07,1run,L,1,5
ws_n486,1,60,4,3,2,0.0,4.24,1run,1run,1,4
ws_n486,1,61,3,7,4,0.571,1.0,1run,1run,1,3
ws_n486,1,62,3,2,2,0.0,4.03,L,L,1,3
ws_n486,1,63,6,5,2,0.0,3.37,tree,L,1,6
ws_n486,1,64,4,8,4,0.0,2.52,tree,tree,1,4
ws_n486,1,65,2,3,1,0.0,0.47,L,1run,1,2
ws_n486,1,66,4,7,3,0.429,2.62,L,1run,1,4
ws_n486,1,67,4,2,1,0.0,2.06,L,1run,1,4
ws_n486,1,68,4,1,1,0.0,0.0,1run,1run,1,4
ws_n486,1,69,4,2,1,0.0,1.12,L,1run,1,4
ws_n486,1,70,4,2,1,0.0,3.16,1run,1run,1,4
ws_n486,1,71,5,14,4,0.0,2.73,tree,L,1,5
ws_n486,1,72,7,10,7,0.0,0.72,tree,tree,1,7
ws_n486,1,73,3,5,2,0.0,3.81,tree,L,1,3
ws_n486,1,74,4,2,2,0.0,1.8,L,1run,1,4
ws_n486,1,75,5,17,6,0.0,9.44,tree,tree,1,5
ws_n486,1,76,3,1,3,0.0,2.85,1run,L,1,3
ws_n486,1,77,5,13,4,0.214,2.72,tree,L,1,5
ws_n486,1,78,4,1,4,0.0,0.56,1run,tree,1,4
ws_n486,1,79,5,14,9,0.0,2.12,tree,tree,1,5
ws_n486,1,80,4,2,5,0.0,2.72,L,tree,1,4
ws_n486,1,81,4,1,2,0.5,1.0,1run,1run,1,4
ws_n486,1,82,4,3,1,0.333,1.33,L,1run,1,4
ws_n486,1,83,5,2,4,0.0,1.25,L,tree,1,5
ws_n486,1,84,4,2,3,0.25,1.67,L,L,1,4
ws_n486,1,85,4,3,3,0.0,0.47,L,L,1,4
ws_n486,1,86,3,17,2,0.0,1.53,tree,1run,1,3
ws_n486,1,87,3,4,1,0.0,3.54,L,1run,1,3
ws_n486,1,88,4,1,3,0.0,6.67,1run,L,1,4
ws_n486,1,89,4,2,6,0.0,4.71,L,tree,1,4
ws_n486,1,90,4,4,3,0.0,4.74,L,L,1,4
ws_n486,1,91,2,7,1,0.0,0.73,tree,1run,1,2
ws_n486,1,92,3,2,1,0.0,4.47,1run,1run,1,3
ws_n486,1,93,4,7,4,0.0,1.44,tree,L,1,4
ws_n486,1,94,7,16,6,0.0,2.15,tree,tree,1,7
ws_n486,1,95,4,5,4,0.0,2.15,tree,L,1,4
ws_n486,1,96,4,5,3,0.143,2.0,tree,1run,1,4
ws_n486,1,97,4,11,5,0.0,6.69,tree,tree,1,4
ws_n486,1,98,6,7,4,0.0,0.72,tree,tree,1,6
ws_n486,1,99,4,5,4,0.286,0.35,L,tree,1,4
ws_n486,1,100,5,9,6,0.25,4.72,L,tree,1,5
ws_n486,1,101,4,7,3,0.0,3.02,tree,tree,1,4
ws_n486,1,102,2,11,1,0.0,3.05,tree,1run,1,2
ws_n486,1,103,2,1,1,0.0,7.07,1run,1run,1,2
ws_n486,1,104,4,1,3,0.0,10.0,1run,1run,1,4
ws_n486,1,105,5,2,4,0.0,6.62,1run,L,1,5
ws_n486,1,106,4,1,3,0.0,8.0,1run,1run,1,4
ws_n486,1,107,4,2,8,0.0,6.62,L,L,1,4
ws_n486,1,108,2,1,1,0.0,3.16,1run,1run,1,2
ws_n486,1,109,3,15,3,0.2,2.73,tree,1run,1,3
ws_n486,1,110,4,5,4,0.0,4.91,L,L,1,4
ws_n486,1,111,3,1,1,0.0,4.47,1run,1run,1,3
ws_n486,1,112,5,5,4,0.0,5.06,L,L,1,5
ws_n486,1,113,3,3,1,0.0,1.67,L,1run,1,3
ws_n486,1,114,4,9,6,0.0,4.57,tree,tree,1,4
ws_n486,1,115,5,1,3,0.0,2.24,1run,L,1,5
ws_n486,1,116,4,1,2,0.0,4.24,1run,1run,1,4
ws_n486,1,117,2,4,1,0.0,8.31,tree,1run,1,2
ws_n486,1,118,4,7,1,0.0,3.8,tree,1run,1,4
ws_n486,1,119,5,8,3,0.0,5.02,L,1run,1,5
ws_n486,1,120,3,3,2,0.0,8.93,L,L,1,3
ws_n486,1,121,4,3,3,0.0,5.83,L,L,1,4
ws_n486,1,122,4,13,3,0.0,6.3,tree,1run,1,4
ws_n486,1,123,6,4,6,0.0,5.79,L,tree,1,6
ws_n486,1,124,3,12,3,0.0,6.11,tree,L,1,3
ws_n486,1,125,3,7,1,0.0,7.86,tree,1run,1,3
ws_n486,1,126,4,2,1,0.0,6.71,1run,1run,1,4
ws_n486,1,127,4,1,1,0.0,5.83,1run,1run,1,4
ws_n486,1,128,4,6,2,0.0,5.59,tree,1run,1,4
ws_n486,1,129,3,2,3,0.0,2.87,1run,tree,1,3
ws_n486,1,130,4,10,4,0.0,3.88,tree,tree,1,4
ws_n486,1,131,4,3,5,0.0,3.94,1run,L,1,4
ws_n486,1,132,3,4,3,0.0,4.61,L,1run,1,3
ws_n486,1,133,4,3,2,0.0,1.84,L,L,1,4
ws_n486,1,134,2,4,2,0.0,1.8,L,1run,1,2
ws_n486,1,135,4,3,5,0.0,2.13,L,tree,1,4
ws_n486,1,136,4,5,1,0.0,5.12,L,1run,1,4
ws_n486,1,137,2,7,1,0.0,3.46,L,1run,1,2
ws_n486,1,138,5,1,6,0.0,7.13,1run,tree,1,5
ws_n486,1,139,3,1,1,0.0,3.16,1run,1run,1,3
ws_n486,1,140,4,2,1,0.0,2.55,L,1run,1,4
ws_n486,1,141,4,1,1,0.0,3.16,1run,1run,1,4
ws_n486,1,142,4,1,5,0.0,5.66,1run,L,1,4
ws_n486,1,143,5,4,3,0.0,1.99,L,L,1,5
ws_n486,1,144,2,1,2,0.0,4.27,1run,L,1,2
ws_n486,1,145,4,4,3,0.0,3.95,L,L,1,4
ws_n486,1,146,4,2,3,0.0,1.49,1run,L,1,4
ws_n486,1,147,3,5,3,0.0,3.49,L,L,1,3
ws_n486,1,148,3,1,1,0.0,0.0,1run,1run,1,3
ws_n486,1,149,2,4,1,0.25,2.76,L,1run,1,2
ws_n486,1,150,3,1,1,0.0,2.24,1run,1run,1,3
ws_n486,1,151,3,1,1,0.0,2.24,1run,1run,1,3
ws_n486,1,152,4,15,10,0.042,2.47,tree,tree,1,4
ws_n486,1,153,6,4,4,0.0,2.55,tree,tree,1,6
ws_n486,1,154,3,1,2,0.0,0.0,1run,1run,1,3
ws_n486,1,155,4,1,2,0.0,1.12,1run,L,1,4
ws_n486,1,156,4,18,6,0.0,1.41,tree,tree,1,4
ws_n486,1,157,5,1,4,0.0,2.0,1run,1run,1,5
ws_n486,1,158,4,1,1,0.0,2.24,1run,1run,1,4
ws_n486,1,159,5,12,5,0.0,2.97,tree,L,1,5
ws_n486,1,160,2,8,1,0.0,6.47,tree,1run,1,2
ws_n486,1,161,4,4,5,0.0,4.56,L,L,1,4
ws_n486,1,162,3,7,5,0.333,2.89,L,tree,1,3
ws_n486,1,163,7,6,4,0.0,1.72,tree,1run,1,6
ws_n486,1,164,4,2,2,0.333,0.71,L,L,1,3
ws_n486,1,165,4,1,1,1.0,0.0,1run,1run,0,4
ws_n486,1,166,4,1,2,0.5,0.5,1run,L,1,3
ws_n486,1,167,4,8,2,0.25,4.53,tree,L,1,3
ws_n486,1,168,5,4,4,0.0,1.5,tree,tree,1,5
ws_n486,1,169,3,1,2,0.5,1.0,1run,1run,1,3
ws_n486,1,170,3,10,1,0.0,5.1,tree,1run,1,3
ws_n486,1,171,3,1,6,0.0,9.6,1run,L,1,3
ws_n486,1,172,4,3,1,0.0,6.57,tree,1run,1,4
ws_n486,1,173,3,23,4,0.08,2.8,tree,tree,1,3
ws_n486,1,174,3,14,9,0.0,7.4,tree,tree,1,3
ws_n486,1,175,4,1,3,0.0,6.94,1run,L,1,4
ws_n486,1,176,5,2,5,0.0,6.96,L,tree,1,5
ws_n486,1,177,4,4,7,0.0,4.42,L,tree,1,4
ws_n486,1,178,4,3,3,0.0,6.64,L,1run,1,4
ws_n486,1,179,3,13,3,0.231,2.9,tree,1run,1,3
ws_n486,1,180,5,2,3,0.0,3.61,1run,1run,1,5
ws_n486,1,181,5,11,7,0.125,1.37,L,tree,1,5
ws_n486,1,182,5,4,6,0.0,7.58,tree,L,1,5
ws_n486,1,183,5,14,3,0.0,4.16,tree,L,1,5
ws_n486,1,184,3,8,2,0.25,1.27,tree,1run,1,3
ws_n486,1,185,3,1,3,0.0,3.59,1run,L,1,3
ws_n486,1,186,4,4,3,0.0,3.26,L,L,1,4
ws_n486,1,187,4,5,4,0.0,3.98,tree,L,1,4
ws_n486,1,188,3,2,2,0.0,4.27,L,L,1,3
ws_n486,1,189,4,2,7,0.0,6.98,1run,tree,1,4
ws_n486,1,190,6,5,4,0.0,5.21,tree,L,1,6
ws_n486,1,191,3,27,3,0.0,9.69,tree,L,1,3
ws_n486,1,192,3,1,2,0.0,4.24,1run,1run,1,3
ws_n486,1,193,4,3,5,0.143,0.4,1run,tree,1,4
ws_n486,1,194,4,10,6,0.231,2.95,tree,L,1,4
ws_n486,1,195,3,3,4,0.0,4.88,tree,L,1,3
ws_n486,1,196,4,8,7,0.25,1.22,tree,tree,1,4
ws_n486,1,197,3,1,2,0.0,2.06,1run,L,1,3
ws_n486,1,198,4,4,5,0.0,2.77,L,L,1,4
ws_n486,1,199,5,4,6,0.0,0.86,tree,tree,1,5
ws_n486,1,200,3,10,5,0.071,8.64,L,tree,1,3
ws_n486,1,201,3,1,3,0.0,3.33,1run,L,1,3
ws_n486,1,202,5,2,5,0.0,4.77,1run,tree,1,5
ws_n486,1,203,6,15,11,0.0,0.32,tree,tree,1,6
ws_n486,1,204,2,1,1,0.0,2.83,1run,1run,1,2
ws_n486,1,205,4,2,2,0.0,4.47,L,L,1,4
ws_n486,1,206,4,6,4,0.0,2.82,L,L,1,4
ws_n486,1,207,4,13,9,0.0,3.59,tree,tree,1,4
ws_n486,1,208,3,11,7,0.125,0.79,tree,tree,1,3
ws_n486,1,209,3,1,2,0.0,4.27,1run,L,1,3
ws_n486,1,210,4,6,7,0.0,4.33,L,tree,1,4
ws_n486,1,211,2,2,2,0.0,2.12,L,L,1,2
ws_n486,1,212,4,1,2,0.0,3.16,1run,1run,1,4
ws_n486,1,213,3,1,1,0.0,1.41,1run,1run,1,3
ws_n486,1,214,3,1,1,0.0,1.0,1run,1run,1,3
ws_n486,1,215,5,4,6,0.429,0.34,L,tree,1,5
ws_n486,1,216,5,5,4,0.8,0.82,L,1run,1,5
ws_n486,1,217,5,7,8,0.0,4.56,L,tree,1,5
ws_n486,1,218,6,14,6,0.111,0.45,tree,tree,1,6
ws_n486,1,219,3,5,4,0.0,4.9,L,L,1,3
ws_n486,1,220,3,1,1,0.0,7.28,1run,1run,1,3
ws_n486,1,221,4,7,3,0.111,5.18,L,tree,1,4
ws_n486,1,222,6,3,8,0.0,2.72,L,tree,1,6
ws_n486,1,223,3,1,1,0.0,2.0,1run,1run,1,3
ws_n486,1,224,4,1,1,0.0,1.41,1run,1run,1,4
ws_n486,1,225,4,2,6,0.0,6.84,L,tree,1,4
ws_n486,1,226,4,2,5,0.0,2.47,1run,tree,1,4
ws_n486,1,227,3,8,1,0.0,5.4,tree,1run,1,3
ws_n486,1,228,4,1,3,0.0,6.4,1run,L,1,4
ws_n486,1,229,4,1,3,0.0,5.55,1run,L,1,4
ws_n486,1,230,3,1,1,0.0,6.4,1run,1run,1,3
ws_n486,1,231,4,1,1,0.0,5.83,1run,1run,1,4
ws_n486,1,232,5,4,3,0.0,6.53,L,L,1,5
ws_n486,1,233,4,2,2,0.0,5.0,L,L,1,4
ws_n486,1,234,4,3,2,0.0,3.69,L,L,1,4
ws_n486,1,235,3,1,7,0.0,10.89,1run,tree,1,3
ws_n486,1,236,3,19,2,0.0,3.27,tree,1run,1,3
ws_n486,1,237,3,9,4,0.0,7.93,tree,1run,1,3
ws_n486,1,238,4,5,3,0.143,3.73,L,L,1,4
ws_n486,1,239,3,4,1,0.0,2.3,tree,1run,1,3
ws_n486,1,240,3,1,4,0.0,2.61,1run,L,1,3
ws_n486,1,241,4,2,2,0.0,1.12,1run,L,1,4
ws_n486,1,242,5,4,4,0.143,0.79,L,tree,1,5
ws_n486,1,243,4,1,1,0.0,1.41,1run,1run,1,4
ws_n486,1,244,4,1,3,0.0,2.36,1run,tree,1,4
ws_n486,1,245,5,4,8,0.0,1.27,L,tree,1,5
ws_n486,1,246,3,1,5,0.0,0.63,1run,L,1,3
ws_n486,1,247,3,5,1,0.0,1.84,L,1run,1,3
ws_n486,1,248,2,1,1,0.0,4.0,1run,1run,1,2
ws_n486,1,249,4,3,2,0.0,0.5,1run,L,1,4
ws_n486,1,250,4,2,1,0.0,3.54,L,1run,1,4
ws_n486,1,251,3,9,2,0.0,0.75,tree,1run,1,3
ws_n486,1,252,6,5,2,0.167,2.72,L,L,1,6
ws_n486,1,253,4,1,4,0.0,1.95,1run,tree,1,4
ws_n486,1,254,4,4,5,0.0,1.38,L,L,1,4
ws_n486,1,255,4,14,2,0.0,3.6,tree,L,1,4
ws_n486,1,256,5,2,2,0.0,1.0,1run,1run,1,5
ws_n486,1,257,5,7,2,0.0,2.29,tree,1run,1,5
ws_n486,1,258,3,1,4,0.0,1.5,1run,L,1,3
ws_n486,1,259,3,1,1,0.0,1.0,1run,1run,1,3
ws_n486,1,260,4,1,2,0.0,1.12,1run,L,1,4
ws_n486,1,261,5,2,1,0.0,1.12,L,1run,1,5
ws_n486,1,262,4,1,1,0.0,1.0,1run,1run,1,4
ws_n486,1,263,3,2,2,0.0,3.0,L,1run,1,3
ws_n486,1,264,3,1,1,0.0,1.0,1run,1run,1,3
ws_n486,1,265,2,10,1,0.0,5.81,tree,1run,1,2
ws_n486,1,266,4,12,3,0.0,6.42,tree,tree,1,4
ws_n486,1,267,4,2,6,0.0,2.13,1run,tree,1,4
ws_n486,1,268,5,5,2,0.0,2.7,L,L,1,5
ws_n486,1,269,6,8,6,0.556,3.54,L,L,1,6
ws_n486,1,270,5,1,3,0.0,2.4,1run,L,1,5
ws_n486,1,271,5,5,4,0.0,2.34,tree,tree,1,5
ws_n486,1,272,4,3,1,0.333,0.0,1run,1run,1,4
ws_n486,1,273,5,4,4,0.0,1.68,L,tree,1,5
ws_n486,1,274,5,4,4,0.0,5.52,L,L,1,5
ws_n486,1,275,3,1,1,0.0,3.16,1run,1run,1,3
ws_n486,1,276,3,2,2,0.0,2.55,1run,L,1,3
ws_n486,1,277,4,4,3,0.0,2.76,tree,L,1,4
ws_n486,1,278,4,2,2,0.0,1.5,1run,L,1,4
ws_n486,1,279,2,1,3,0.0,3.43,1run,L,1,2
ws_n486,1,280,3,1,3,0.0,4.07,1run,L,1,3
ws_n486,1,281,5,3,5,0.0,5.65,L,L,1,5
ws_n486,1,282,5,10,3,0.0,3.12,tree,1run,1,5
ws_n486,1,283,4,6,4,0.0,6.34,L,L,1,4
ws_n486,1,284,4,5,4,0.0,5.31,L,L,1,4
ws_n486,1,285,4,5,3,0.0,3.73,L,L,1,4
ws_n486,1,286,3,3,2,0.667,1.0,1run,1run,1,3
ws_n486,1,287,4,3,2,0.0,2.48,L,L,1,4
ws_n486,1,288,3,1,3,0.0,3.07,1run,L,1,3
ws_n486,1,289,3,2,1,0.0,2.0,1run,1run,1,3
ws_n486,1,290,4,8,3,0.0,4.38,tree,L,1,4
ws_n486,1,291,4,1,4,0.0,3.88,1run,L,1,4
ws_n486,1,292,2,5,1,0.0,3.16,L,1run,1,2
ws_n486,1,293,4,7,6,0.0,7.05,tree,L,1,4
ws_n486,1,294,3,4,1,0.0,1.06,L,1run,1,3
ws_n486,1,295,3,1,1,0.0,3.16,1run,1run,1,3
ws_n486,1,296,4,2,1,0.0,4.27,L,1run,1,4
ws_n486,1,297,4,2,1,0.0,4.72,L,1run,1,4
ws_n486,1,298,5,20,4,0.0,3.65,tree,tree,1,5
ws_n486,1,299,4,2,2,0.0,6.8,L,L,1,4
ws_n486,1,300,5,2,6,0.0,8.28,1run,tree,1,5
ws_n486,1,301,4,1,3,0.0,8.06,1run,1run,1,4
ws_n486,1,302,4,1,4,0.0,5.3,1run,tree,1,4
ws_n486,1,303,4,3,6,0.0,6.75,L,L,1,4
ws_n486,1,304,3,11,3,0.0,4.2,tree,1run,1,3
ws_n486,1,305,7,11,8,0.0,4.19,L,tree,1,7
ws_n486,1,306,3,5,2,0.0,0.54,tree,L,1,3
ws_n486,1,307,3,1,1,0.0,1.0,1run,1run,1,3
ws_n486,1,308,5,2,4,0.0,1.77,L,L,1,5
ws_n486,1,309,6,15,9,0.0,2.7,tree,tree,1,6
ws_n486,1,310,2,2,1,0.0,3.54,L,1run,1,2
ws_n486,1,311,6,3,5,0.143,2.2,L,tree,1,6
ws_n486,1,312,4,4,1,0.0,1.03,tree,1run,1,4
ws_n486,1,313,5,4,4,0.0,2.36,tree,tree,1,5
ws_n486,1,314,4,1,1,0.0,3.0,1run,1run,1,4
ws_n486,1,315,4,1,3,0.0,2.4,1run,L,1,4
ws_n486,1,316,4,16,4,0.0,4.81,tree,L,1,4
ws_n486,1,317,2,5,1,0.0,0.4,L,1run,1,2
ws_n486,1,318,5,10,9,0.0,2.79,tree,tree,1,5
ws_n486,1,319,3,6,4,0.0,0.17,tree,1run,1,3
ws_n486,1,320,3,4,2,0.0,2.85,L,1run,1,3
ws_n486,1,321,4,13,5,0.0,3.2,tree,1run,1,4
ws_n486,1,322,4,2,3,0.0,7.17,L,L,1,4
ws_n486,1,323,5,5,7,0.2,4.64,L,tree,1,5
ws_n486,1,324,6,5,8,0.083,3.83,L,tree,1,6
ws_n486,1,325,5,2,4,0.0,0.25,L,L,1,5
ws_n486,1,326,4,2,1,0.0,3.54,L,1run,1,4
ws_n486,1,327,4,1,4,0.0,1.25,1run,L,1,4
ws_n486,1,328,5,18,5,0.0,5.62,tree,L,1,5
ws_n486,1,329,4,1,4,0.0,2.02,1run,L,1,4
ws_n486,1,330,5,5,4,0.0,2.81,L,1run,1,5
ws_n486,1,331,3,7,1,0.0,6.01,tree,1run,1,3
ws_n486,1,332,3,1,3,0.0,13.0,1run,1run,1,3
ws_n486,1,333,4,1,1,0.0,10.05,1run,1run,1,4
ws_n486,1,334,3,1,2,0.0,8.5,1run,L,1,3
ws_n486,1,335,4,1,3,0.0,9.67,1run,L,1,4
ws_n486,1,336,5,1,4,0.0,6.37,1run,tree,1,5
ws_n486,1,337,3,8,1,0.125,2.5,tree,1run,1,3
ws_n486,1,338,4,1,2,0.0,4.24,1run,1run,1,4
ws_n486,1,339,4,2,3,0.0,3.98,L,tree,1,4
ws_n486,1,340,4,2,2,0.0,3.2,1run,L,1,4
ws_n486,1,341,4,1,2,0.0,3.0,1run,1run,1,4
ws_n486,1,342,5,6,8,0.4,1.36,L,tree,1,5
ws_n486,1,343,5,12,3,0.0,6.43,tree,L,1,5
ws_n486,1,344,6,8,5,0.625,0.75,L,1run,1,6
ws_n486,1,345,3,5,3,0.0,2.22,tree,tree,1,3
ws_n486,1,346,5,5,8,0.0,2.44,L,tree,1,5
ws_n486,1,347,5,4,4,0.0,2.02,L,tree,1,5
ws_n486,1,348,5,20,8,0.167,2.66,tree,tree,1,5
ws_n486,1,349,5,1,5,0.0,2.6,1run,L,1,5
ws_n486,1,350,4,2,3,0.0,2.85,1run,tree,1,4
ws_n486,1,351,6,12,7,0.118,4.6,L,tree,1,6
ws_n486,1,352,4,2,2,0.333,0.0,L,L,1,4
ws_n486,1,353,4,6,3,0.286,1.12,tree,tree,1,4
ws_n486,1,354,4,5,2,0.0,1.87,tree,L,1,4
ws_n486,1,355,4,1,3,0.0,4.68,1run,tree,1,4
ws_n486,1,356,4,3,5,0.0,3.67,L,L,1,4
ws_n486,1,357,2,3,1,0.0,4.38,L,1run,1,2
ws_n486,1,358,4,2,3,0.0,4.47,L,1run,1,4
ws_n486,1,359,5,1,3,0.0,4.12,1run,1run,1,5
ws_n486,1,360,4,6,10,0.0,3.05,tree,tree,1,4
ws_n486,1,361,6,17,10,0.286,1.63,tree,tree,1,6
ws_n486,1,362,4,3,4,0.167,0.92,L,tree,1,4
ws_n486,1,363,4,3,4,0.0,0.75,L,L,1,4
ws_n486,1,364,4,4,1,0.0,3.04,L,1run,1,4
ws_n486,1,365,4,1,1,0.0,3.16,1run,1run,1,4
ws_n486,1,366,5,8,3,0.0,2.97,tree,tree,1,5
ws_n486,1,367,4,4,9,0.0,3.59,tree,tree,1,4
ws_n486,1,368,4,2,2,0.0,5.66,L,L,1,4
ws_n486,1,369,3,1,3,0.0,4.77,1run,L,1,3
ws_n486,1,370,4,2,7,0.0,4.51,1run,tree,1,4
ws_n486,1,371,3,14,5,0.0,3.38,tree,tree,1,3
ws_n486,1,372,5,23,3,0.0,1.65,tree,tree,1,5
ws_n486,1,373,4,22,3,0.0,14.26,tree,L,1,4
ws_n486,1,374,4,1,5,0.0,8.22,1run,L,1,4
ws_n486,1,375,5,12,4,0.0,5.67,tree,1run,1,5
ws_n486,1,376,2,12,1,0.0,5.3,tree,1run,1,2
ws_n486,1,377,4,1,7,0.0,9.46,1run,tree,1,4
ws_n486,1,378,4,4,2,0.5,0.5,L,1run,1,4
ws_n486,1,379,4,5,2,0.0,1.9,L,1run,1,4
ws_n486,1,380,4,2,1,0.0,0.5,L,1run,1,4
ws_n486,1,381,5,2,3,0.0,1.5,L,1run,1,5
ws_n486,1,382,4,1,3,0.0,1.67,1run,L,1,4
ws_n486,1,383,5,1,3,0.0,4.45,1run,L,1,5
ws_n486,1,384,5,10,5,0.364,0.81,tree,L,1,5
ws_n486,1,385,5,13,4,0.214,1.42,tree,L,1,5
ws_n486,1,386,5,2,3,0.0,1.42,L,L,1,5
ws_n486,1,387,5,7,6,0.857,0.73,L,L,1,5
ws_n486,1,388,3,2,2,0.0,0.5,L,L,1,3
ws_n486,1,389,3,1,2,0.0,0.5,1run,L,1,3
ws_n486,1,390,6,8,4,0.2,2.53,tree,tree,1,6
ws_n486,1,391,5,9,5,0.077,3.77,L,tree,1,5
ws_n486,1,392,5,7,5,0.0,2.55,tree,tree,1,5
ws_n486,1,393,3,8,3,0.0,0.83,tree,L,1,3
ws_n486,1,394,4,5,4,0.0,1.89,tree,1run,1,4
ws_n486,1,395,3,5,1,0.0,2.24,L,1run,1,3
ws_n486,1,396,5,6,2,0.333,4.0,1run,1run,1,5
ws_n486,1,397,3,10,1,0.0,5.07,tree,1run,1,3
ws_n486,1,398,5,1,4,0.0,2.15,1run,L,1,5
ws_n486,1,399,4,15,3,0.0,0.78,tree,L,1,4
ws_n486,1,400,5,4,3,0.0,2.15,L,1run,1,5
ws_n486,1,401,6,7,4,0.0,5.99,tree,tree,1,6
ws_n486,1,402,3,5,2,0.0,3.82,L,1run,1,3
ws_n486,1,403,4,5,7,0.0,3.06,tree,L,1,4
ws_n486,1,404,3,4,3,0.0,3.01,tree,1run,1,3
ws_n486,1,405,5,2,2,0.333,1.12,L,1run,1,5
ws_n486,1,406,4,2,4,0.2,0.9,L,tree,1,4
ws_n486,1,407,4,2,1,0.0,2.24,L,1run,1,4
ws_n486,1,408,4,21,5,0.0,5.08,tree,tree,1,4
ws_n486,1,409,4,3,1,0.0,3.07,L,1run,1,4
ws_n486,1,410,4,1,3,0.0,6.6,1run,L,1,4
ws_n486,1,411,4,2,2,0.0,4.72,L,L,1,4
ws_n486,1,412,5,2,4,0.0,4.72,L,tree,1,5
ws_n486,1,413,4,1,3,0.0,3.16,1run,1run,1,4
ws_n486,1,414,3,5,2,0.0,2.56,L,1run,1,3
ws_n486,1,415,4,8,4,0.0,3.01,tree,tree,1,4
ws_n486,1,416,4,2,4,0.0,4.78,L,L,1,4
ws_n486,1,417,4,5,5,0.0,1.34,tree,tree,1,4
ws_n486,1,418,4,2,2,0.0,3.04,L,L,1,4
ws_n486,1,419,3,1,2,0.0,3.16,1run,L,1,3
ws_n486,1,420,5,3,2,0.0,2.83,L,L,1,5
ws_n486,1,421,4,1,4,0.0,4.0,1run,tree,1,4
ws_n486,1,422,4,5,2,0.0,3.26,L,1run,1,4
ws_n486,1,423,3,1,2,0.5,1.0,1run,1run,1,3
ws_n486,1,424,4,4,4,0.143,2.15,L,L,1,4
ws_n486,1,425,7,5,9,0.0,3.79,L,tree,1,7
ws_n486,1,426,4,4,5,0.0,2.76,L,L,1,4
ws_n486,1,427,4,1,2,0.0,1.8,1run,L,1,4
ws_n486,1,428,4,1,1,0.0,1.0,1run,1run,1,4
ws_n486,1,429,3,1,2,0.0,0.0,1run,L,1,3
ws_n486,1,430,4,13,9,0.0,10.9,tree,tree,1,4
ws_n486,1,431,3,5,2,0.0,1.0,1run,1run,1,3
ws_n486,1,432,4,4,3,0.0,1.65,L,L,1,4
ws_n486,1,433,4,3,4,0.0,3.96,L,L,1,4
ws_n486,1,434,4,7,4,0.0,2.7,tree,L,1,4
ws_n486,1,435,4,5,2,0.0,5.15,1run,L,1,4
ws_n486,1,436,3,1,2,0.0,4.47,1run,1run,1,3
ws_n486,1,437,4,9,4,0.444,0.79,tree,1run,1,4
ws_n486,1,438,3,3,2,0.0,3.67,L,L,1,3
ws_n486,1,439,3,2,3,0.0,1.84,L,L,1,3
ws_n486,1,440,5,2,2,0.0,4.24,1run,1run,1,5
ws_n486,1,441,5,19,5,0.0,5.33,tree,tree,1,5
ws_n486,1,442,5,4,4,0.0,0.56,tree,L,1,5
ws_n486,1,443,3,11,3,0.0,15.26,tree,1run,1,3
ws_n486,1,444,4,4,3,0.75,0.75,L,1run,1,4
ws_n486,1,445,4,27,4,0.0,7.98,tree,L,1,4
ws_n486,1,446,2,3,1,0.0,2.43,tree,1run,1,2
ws_n486,1,447,3,1,2,0.0,0.0,1run,L,1,3
ws_n486,1,448,4,2,2,0.0,1.12,L,1run,1,4
ws_n486,1,449,3,7,5,0.0,2.05,tree,L,1,3
ws_n486,1,450,5,3,6,0.0,1.5,L,tree,1,5
ws_n486,1,451,5,7,1,0.0,1.54,tree,1run,1,5
ws_n486,1,452,5,11,3,0.077,4.54,tree,L,1,5
ws_n486,1,453,3,3,1,0.0,3.28,L,1run,1,3
ws_n486,1,454,4,1,1,0.0,2.83,1run,1run,1,4
ws_n486,1,455,5,3,2,0.0,3.52,L,L,1,5
ws_n486,1,456,7,13,7,0.176,2.66,tree,tree,1,7
ws_n486,1,457,5,9,4,0.3,1.36,tree,L,1,5
ws_n486,1,458,3,9,1,0.111,3.64,tree,1run,1,3
ws_n486,1,459,3,1,1,0.0,9.06,1run,1run,1,3
ws_n486,1,460,4,1,2,0.0,7.02,1run,L,1,4
ws_n486,1,461,4,9,1,0.0,9.99,tree,1run,1,4
ws_n486,1,462,4,6,1,0.0,7.81,1run,1run,1,4
ws_n486,1,463,4,3,2,0.0,4.72,1run,L,1,4
ws_n486,1,464,2,7,1,0.0,1.72,tree,1run,1,2
ws_n486,1,465,5,2,6,0.0,0.85,1run,L,1,5
ws_n486,1,466,6,6,3,0.286,3.02,tree,1run,1,6
ws_n486,1,467,4,1,3,0.0,3.61,1run,1run,1,4
ws_n486,1,468,5,3,2,0.0,0.75,L,1run,1,5
ws_n486,1,469,5,6,5,0.0,3.35,tree,L,1,5
ws_n486,1,470,4,3,4,0.75,0.56,1run,L,1,4
ws_n486,1,471,4,1,3,0.0,1.41,1run,1run,1,4
ws_n486,1,472,6,8,4,0.5,0.4,tree,L,1,6
ws_n486,1,473,4,7,4,0.1,2.5,tree,tree,1,4
ws_n486,1,474,3,11,2,0.0,9.81,tree,1run,1,3
ws_n486,1,475,3,1,3,0.0,3.16,1run,1run,1,3
ws_n486,1,476,3,2,2,0.0,3.64,L,1run,1,3
ws_n486,1,477,6,5,6,0.0,3.07,tree,tree,1,6
ws_n486,1,478,4,1,2,0.0,0.5,1run,L,1,4
ws_n486,1,479,4,1,2,0.0,1.8,1run,L,1,4
ws_n486,1,480,4,3,3,0.0,2.13,tree,tree,1,4
ws_n486,1,481,2,1,1,0.0,2.83,1run,1run,1,2
ws_n486,1,482,3,2,2,0.0,3.61,L,1run,1,3
ws_n486,1,483,3,1,1,0.0,1.41,1run,1run,1,3
ws_n486,1,484,4,4,2,0.0,1.77,tree,L,1,4
ws_n486,1,485,5,2,3,0.0,2.24,1run,1run,1,5
ws_n486,2,0,4,2,2,0.0,2.06,L,L,1,4
ws_n486,2,1,7,5,3,0.6,0.6,L,1run,1,7
ws_n486,2,2,4,2,4,0.0,3.88,L,L,1,4
ws_n486,2,3,5,11,4,0.0,3.26,tree,L,1,5
ws_n486,2,4,4,14,3,0.0,1.25,tree,L,1,4
ws_n486,2,5,3,2,1,0.0,5.52,L,1run,1,3
ws_n486,2,6,4,1,2,0.0,3.64,1run,L,1,4
ws_n486,2,7,7,6,3,0.125,0.67,tree,L,1,7
ws_n486,2,8,7,19,4,0.0,6.42,tree,1run,1,7
ws_n486,2,9,5,1,3,0.0,1.94,1run,L,1,5
ws_n486,2,10,3,5,2,0.167,1.61,tree,1run,1,3
ws_n486,2,11,6,10,5,0.0,2.86,tree,L,1,6
ws_n486,2,12,3,1,3,0.333,0.47,1run,tree,1,3
ws_n486,2,13,3,6,1,0.0,3.77,tree,1run,1,3
ws_n486,2,14,4,3,4,0.0,2.0,1run,1run,1,4
ws_n486,2,15,4,10,4,0.0,2.71,tree,tree,1,4
ws_n486,2,16,3,1,3,0.0,6.75,1run,L,1,3
ws_n486,2,17,4,4,2,0.0,4.76,L,1run,1,4
ws_n486,2,18,4,2,1,0.0,10.0,1run,1run,1,4
ws_n486,2,19,6,9,8,0.133,2.23,L,tree,1,6
ws_n486,2,20,3,3,3,0.0,1.2,L,1run,1,3
ws_n486,2,21,4,5,3,0.0,3.16,tree,1run,1,4
ws_n486,2,22,6,10,4,0.167,2.77,tree,L,1,6
ws_n486,2,23,3,1,1,0.0,2.83,1run,1run,1,3
ws_n486,2,24,4,1,4,0.0,1.25,1run,tree,1,4
ws_n486,2,25,4,1,3,0.0,2.69,1run,L,1,4
ws_n486,2,26,3,3,2,0.0,3.16,1run,L,1,3
ws_n486,2,27,4,2,3,0.0,6.96,L,1run,1,4
ws_n486,2,28,3,10,1,0.0,4.1,L,1run,1,3
ws_n486,2,29,3,3,2,0.0,10.89,L,L,1,3
ws_n486,2,30,4,1,2,0.0,9.43,1run,1run,1,4
ws_n486,2,31,3,3,2,0.0,7.09,L,1run,1,3
ws_n486,2,32,3,5,1,0.0,5.91,tree,1run,1,3
ws_n486,2,33,3,1,1,0.0,4.12,1run,1run,1,3
ws_n486,2,34,4,1,2,0.0,3.54,1run,L,1,4
ws_n486,2,35,5,10,7,0.0,3.98,tree,L,1,5
ws_n486,2,36,4,6,1,0.0,2.24,tree,1run,1,4
ws_n486,2,37,4,2,3,0.0,2.17,L,L,1,4
ws_n486,2,38,4,1,2,0.0,1.41,1run,1run,1,4
ws_n486,2,39,4,4,4,0.0,3.4,tree,L,1,4
ws_n486,2,40,4,4,3,0.75,0.5,L,1run,1,4
ws_n486,2,41,5,5,2,0.0,1.84,L,1run,1,5
ws_n486,2,42,3,4,1,0.0,3.04,tree,1run,1,3
ws_n486,2,43,5,3,2,0.0,3.5,1run,L,1,5
ws_n486,2,44,3,1,1,0.0,5.0,1run,1run,1,3
ws_n486,2,45,4,1,1,0.0,5.0,1run,1run,1,4
ws_n486,2,46,4,4,1,0.0,7.25,tree,1run,1,4
ws_n486,2,47,4,7,2,0.0,3.73,tree,1run,1,4
ws_n486,2,48,4,4,3,0.0,6.21,L,L,1,4
ws_n486,2,49,3,6,2,0.0,4.38,tree,1run,1,3
ws_n486,2,50,4,11,1,0.0,4.24,tree,1run,1,4
ws_n486,2,51,2,1,1,0.0,7.62,1run,1run,1,2
ws_n486,2,52,4,1,2,0.0,7.38,1run,L,1,4
ws_n486,2,53,4,1,1,0.0,9.43,1run,1run,1,4
ws_n486,2,54,4,2,1,0.0,10.4,L,1run,1,4
ws_n486,2,55,5,10,3,0.0,8.51,tree,1run,1,5
ws_n486,2,56,5,8,1,0.0,9.61,L,1run,1,5
ws_n486,2,57,5,5,4,0.0,8.3,L,L,1,5
ws_n486,2,58,6,8,6,0.0,8.6,tree,tree,1,6
ws_n486,2,59,5,2,3,0.0,7.0,L,tree,1,5
ws_n486,2,60,4,2,3,0.0,7.57,L,L,1,4
ws_n486,2,61,3,9,2,0.1,3.39,L,L,1,3
ws_n486,2,62,3,1,1,0.0,6.08,1run,1run,1,3
ws_n486,2,63,6,1,4,0.0,7.25,1run,tree,1,6
ws_n486,2,64,4,14,2,0.0,5.8,tree,L,1,4
ws_n486,2,65,2,24,1,0.0,7.17,tree,1run,1,2
ws_n486,2,66,4,2,8,0.0,2.92,L,tree,1,4
ws_n486,2,67,4,1,2,0.0,7.43,1run,L,1,4
ws_n486,2,68,4,20,1,0.0,7.18,tree,1run,1,4
ws_n486,2,69,4,1,1,0.0,5.39,1run,1run,1,4
ws_n486,2,70,4,4,2,0.0,3.16,1run,1run,1,4
ws_n486,2,71,5,28,3,0.0,3.86,tree,L,1,5
ws_n486,2,72,7,7,7,0.0,3.14,tree,L,1,7
ws_n486,2,73,3,2,2,0.0,3.04,1run,L,1,3
ws_n486,2,74,4,2,4,0.0,3.75,1run,tree,1,4
ws_n486,2,75,5,16,7,0.0,7.67,tree,tree,1,5
ws_n486,2,76,3,8,6,0.077,1.2,L,tree,1,3
ws_n486,2,77,5,3,6,0.0,9.29,L,tree,1,5
ws_n486,2,78,4,4,2,0.0,7.42,tree,L,1,4
ws_n486,2,79,5,3,3,0.0,7.18,1run,L,1,5
ws_n486,2,80,4,1,2,0.0,7.21,1run,1run,1,4
ws_n486,2,81,4,9,4,0.0,6.18,tree,1run,1,4
ws_n486,2,82,4,2,1,0.0,4.47,1run,1run,1,4
ws_n486,2,83,5,2,2,0.0,4.12,L,L,1,5
ws_n486,2,84,4,1,3,0.0,3.9,1run,tree,1,4
ws_n486,2,85,4,6,2,0.0,3.32,tree,L,1,4
ws_n486,2,86,3,9,1,0.0,2.0,L,1run,1,3
ws_n486,2,87,3,1,1,0.0,7.21,1run,1run,1,3
ws_n486,2,88,4,1,3,0.0,7.38,1run,tree,1,4
ws_n486,2,89,4,4,4,0.0,9.1,tree,tree,1,4
ws_n486,2,90,4,4,2,0.0,7.22,L,L,1,4
ws_n486,2,91,2,2,1,0.0,3.0,1run,1run,1,2
ws_n486,2,92,3,1,2,0.0,6.18,1run,L,1,3
ws_n486,2,93,4,6,3,0.286,1.5,tree,1run,1,4
ws_n486,2,94,7,8,4,0.0,2.02,tree,tree,1,7
ws_n486,2,95,4,2,2,0.0,4.24,L,L,1,4
ws_n486,2,96,4,4,2,0.0,3.35,L,1run,1,4
ws_n486,2,97,4,8,7,0.0,1.2,tree,tree,1,4
ws_n486,2,98,6,7,3,0.0,0.98,tree,L,1,6
ws_n486,2,99,4,1,4,0.0,4.03,1run,L,1,4
ws_n486,2,100,5,22,6,0.077,1.8,tree,L,1,5
ws_n486,2,101,4,2,1,0.0,1.41,1run,1run,1,4
ws_n486,2,102,2,13,1,0.0,1.69,tree,1run,1,2
ws_n486,2,103,2,2,1,0.0,8.94,L,1run,1,2
ws_n486,2,104,4,1,1,0.0,9.49,1run,1run,1,4
ws_n486,2,105,5,2,2,0.0,8.38,1run,L,1,5
ws_n486,2,106,4,1,2,0.0,8.94,1run,1run,1,4
ws_n486,2,107,4,4,3,0.0,7.01,L,L,1,4
ws_n486,2,108,2,2,1,0.0,4.47,1run,1run,1,2
ws_n486,2,109,3,19,4,0.0,3.46,tree,L,1,3
ws_n486,2,110,4,13,3,0.0,3.16,tree,L,1,4
ws_n486,2,111,3,1,1,0.0,2.83,1run,1run,1,3
ws_n486,2,112,5,9,5,0.0,1.27,tree,1run,1,5
ws_n486,2,113,3,1,1,0.0,1.0,1run,1run,1,3
ws_n486,2,114,4,4,4,0.143,0.56,tree,tree,1,4
ws_n486,2,115,5,9,1,0.0,2.0,tree,1run,1,5
ws_n486,2,116,4,6,2,0.0,3.35,1run,L,1,4
ws_n486,2,117,2,1,1,0.0,8.25,1run,1run,1,2
ws_n486,2,118,4,2,3,0.0,8.0,1run,1run,1,4
ws_n486,2,119,5,14,5,0.188,1.54,tree,L,1,5
ws_n486,2,120,3,1,2,0.0,10.31,1run,L,1,3
ws_n486,2,121,4,13,1,0.0,7.89,L,1run,1,4
ws_n486,2,122,4,10,1,0.0,6.67,L,1run,1,4
ws_n486,2,123,6,15,7,0.0,3.4,tree,L,1,6
ws_n486,2,124,3,1,3,0.0,9.43,1run,1run,1,3
ws_n486,2,125,3,1,1,0.0,8.6,1run,1run,1,3
ws_n486,2,126,4,2,1,0.0,8.6,L,1run,1,4
ws_n486,2,127,4,2,2,0.0,9.6,L,L,1,4
ws_n486,2,128,4,17,3,0.0,3.29,tree,L,1,4
ws_n486,2,129,3,4,1,0.0,7.91,tree,1run,1,3
ws_n486,2,130,4,6,2,0.143,1.86,L,L,1,4
ws_n486,2,131,4,8,3,0.0,6.43,tree,1run,1,4
ws_n486,2,132,3,4,2,0.0,2.25,tree,L,1,3
ws_n486,2,133,4,2,2,0.0,1.12,L,1run,1,4
ws_n486,2,134,2,1,1,0.0,7.28,1run,1run,1,2
ws_n486,2,135,4,8,3,0.0,0.56,tree,L,1,4
ws_n486,2,136,4,9,1,0.0,5.47,L,1run,1,4
ws_n486,2,137,2,13,1,0.0,7.97,L,1run,1,2
ws_n486,2,138,5,1,4,0.0,15.46,1run,L,1,5
ws_n486,2,139,3,10,1,0.0,15.63,tree,1run,1,3
ws_n486,2,140,4,7,1,0.0,14.29,L,1run,1,4
ws_n486,2,141,4,2,2,0.0,9.06,L,L,1,4
ws_n486,2,142,4,2,1,0.0,9.06,L,1run,1,4
ws_n486,2,143,5,2,3,0.0,7.73,1run,L,1,5
ws_n486,2,144,2,4,1,0.0,2.93,L,1run,1,2
ws_n486,2,145,4,8,3,0.0,3.5,tree,1run,1,4
ws_n486,2,146,4,2,1,0.5,1.0,1run,1run,1,4
ws_n486,2,147,3,5,6,0.0,5.73,L,L,1,3
ws_n486,2,148,3,1,1,0.0,2.0,1run,1run,1,3
ws_n486,2,149,2,3,1,0.0,1.8,L,1run,1,2
ws_n486,2,150,3,1,3,0.333,0.75,1run,L,1,3
ws_n486,2,151,3,1,2,0.0,0.0,1run,1run,1,3
ws_n486,2,152,4,16,7,0.0,4.48,tree,L,1,4
ws_n486,2,153,6,9,5,0.0,4.58,tree,L,1,6
ws_n486,2,154,3,5,1,0.0,4.6,tree,1run,1,3
ws_n486,2,155,4,1,1,0.0,5.1,1run,1run,1,4
ws_n486,2,156,4,27,2,0.0,10.77,tree,1run,1,4
ws_n486,2,157,5,4,2,0.0,4.74,tree,L,1,5
ws_n486,2,158,4,2,1,0.0,4.5,L,1run,1,4
ws_n486,2,159,5,11,3,0.077,1.9,tree,L,1,5
ws_n486,2,160,2,5,1,0.0,3.0,1run,1run,1,2
ws_n486,2,161,4,1,6,0.0,1.27,1run,tree,1,4
ws_n486,2,162,3,11,4,0.0,1.31,tree,L,1,3
ws_n486,2,163,7,10,7,0.0,3.09,L,tree,1,7
ws_n486,2,164,4,5,2,0.0,3.06,tree,1run,1,4
ws_n486,2,165,4,4,3,0.0,2.42,L,tree,1,4
ws_n486,2,166,4,1,2,0.0,4.27,1run,L,1,4
ws_n486,2,167,4,3,1,0.0,3.9,tree,1run,1,4
ws_n486,2,168,5,7,4,0.0,1.02,tree,L,1,5
ws_n486,2,169,3,1,2,0.0,3.0,1run,1run,1,3
ws_n486,2,170,3,7,1,0.0,5.19,L,1run,1,3
ws_n486,2,171,3,9,3,0.0,4.28,tree,1run,1,3
ws_n486,2,172,4,5,4,0.0,4.75,tree,L,1,4
ws_n486,2,173,3,2,3,0.0,3.67,L,L,1,3
ws_n486,2,174,3,11,2,0.0,7.7,tree,1run,1,3
ws_n486,2,175,4,2,3,0.0,6.52,L,1run,1,4
ws_n486,2,176,5,2,4,0.0,5.59,L,L,1,5
ws_n486,2,177,4,3,5,0.0,3.85,1run,tree,1,4
ws_n486,2,178,4,6,6,0.0,2.13,tree,tree,1,4
ws_n486,2,179,3,4,3,0.0,3.64,L,1run,1,3
ws_n486,2,180,5,1,6,0.0,3.07,1run,L,1,5
ws_n486,2,181,5,11,4,0.071,0.69,L,tree,1,5
ws_n486,2,182,5,11,3,0.0,2.15,tree,tree,1,5
ws_n486,2,183,5,3,4,0.0,4.35,L,1run,1,5
ws_n486,2,184,3,11,2,0.083,4.9,tree,L,1,3
ws_n486,2,185,3,3,1,0.0,2.24,tree,1run,1,3
ws_n486,2,186,4,2,1,0.0,1.5,L,1run,1,4
ws_n486,2,187,4,3,2,0.0,2.27,tree,L,1,4
ws_n486,2,188,3,3,1,0.0,1.89,L,1run,1,3
ws_n486,2,189,4,4,3,0.0,1.0,L,1run,1,4
ws_n486,2,190,6,9,5,0.077,3.96,tree,tree,1,6
ws_n486,2,191,3,1,5,0.0,5.2,1run,L,1,3
ws_n486,2,192,3,1,3,0.0,3.61,1run,1run,1,3
ws_n486,2,193,4,17,3,0.0,2.69,tree,1run,1,4
ws_n486,2,194,4,10,5,0.0,4.93,tree,L,1,4
ws_n486,2,195,3,1,1,0.0,5.1,1run,1run,1,3
ws_n486,2,196,4,5,1,0.0,5.1,tree,1run,1,4
ws_n486,2,197,3,4,2,0.0,2.76,tree,L,1,3
ws_n486,2,198,4,5,3,0.0,1.09,tree,L,1,4
ws_n486,2,199,5,4,3,0.0,1.56,tree,L,1,5
ws_n486,2,200,3,1,2,0.0,1.0,1run,L,1,3
ws_n486,2,201,3,3,1,0.0,2.83,1run,1run,1,3
ws_n486,2,202,5,15,4,0.0,6.45,tree,tree,1,5
ws_n486,2,203,6,2,3,0.25,2.5,L,1run,1,6
ws_n486,2,204,2,1,1,0.0,8.0,1run,1run,1,2
ws_n486,2,205,4,16,2,0.0,5.06,tree,L,1,4
ws_n486,2,206,4,1,2,0.0,9.0,1run,1run,1,4
ws_n486,2,207,4,20,3,0.0,7.07,tree,1run,1,4
ws_n486,2,208,3,13,1,0.0,8.69,tree,1run,1,3
ws_n486,2,209,3,1,1,0.0,7.21,1run,1run,1,3
ws_n486,2,210,4,16,4,0.0,8.41,tree,tree,1,4
ws_n486,2,211,2,3,1,0.0,2.11,L,1run,1,2
ws_n486,2,212,4,9,4,0.0,4.23,tree,1run,1,4
ws_n486,2,213,3,1,1,0.0,2.0,1run,1run,1,3
ws_n486,2,214,3,2,1,0.0,2.0,L,1run,1,3
ws_n486,2,215,5,3,3,0.2,0.94,L,tree,1,5
ws_n486,2,216,5,2,4,0.0,0.79,1run,tree,1,5
ws_n486,2,217,5,6,3,0.125,4.35,L,tree,1,5
ws_n486,2,218,6,7,4,0.0,3.58,L,1run,1,6
ws_n486,2,219,3,3,1,0.0,6.62,tree,1run,1,3
ws_n486,2,220,3,1,3,0.0,4.96,1run,L,1,3
ws_n486,2,221,4,12,4,0.0,3.77,tree,tree,1,4
ws_n486,2,222,6,7,3,0.0,2.38,L,L,1,6
ws_n486,2,223,3,3,1,0.0,3.14,tree,1run,1,3
ws_n486,2,224,4,2,1,0.0,3.91,L,1run,1,4
ws_n486,2,225,4,1,2,0.0,4.12,1run,1run,1,4
ws_n486,2,226,4,2,2,0.0,2.92,L,L,1,4
ws_n486,2,227,3,8,2,0.0,7.26,tree,1run,1,3
ws_n486,2,228,4,2,3,0.0,9.55,L,tree,1,4
ws_n486,2,229,4,1,1,0.0,8.06,1run,1run,1,4
ws_n486,2,230,3,2,1,0.0,8.5,L,1run,1,3
ws_n486,2,231,4,1,2,0.0,8.32,1run,L,1,4
ws_n486,2,232,5,1,4,0.0,9.66,1run,L,1,5
ws_n486,2,233,4,4,2,0.0,8.1,L,1run,1,4
ws_n486,2,234,4,7,2,0.0,4.43,tree,1run,1,4
ws_n486,2,235,3,1,2,0.0,7.07,1run,1run,1,3
ws_n486,2,236,3,3,3,0.2,1.49,L,L,1,3
ws_n486,2,237,3,8,3,0.0,6.68,tree,L,1,3
ws_n486,2,238,4,5,4,0.0,3.35,L,L,1,4
ws_n486,2,239,3,26,2,0.0,4.34,tree,1run,1,3
ws_n486,2,240,3,1,9,0.0,11.03,1run,L,1,3
ws_n486,2,241,4,1,2,0.0,8.08,1run,L,1,4
ws_n486,2,242,5,25,2,0.0,12.75,tree,1run,1,5
ws_n486,2,243,4,1,3,0.0,5.9,1run,L,1,4
ws_n486,2,244,4,2,1,0.0,4.61,L,1run,1,4
ws_n486,2,245,5,11,4,0.0,6.89,tree,tree,1,5
ws_n486,2,246,3,2,3,0.0,4.01,L,L,1,3
ws_n486,2,247,3,1,5,0.0,5.1,1run,1run,1,3
ws_n486,2,248,2,2,1,0.0,4.12,L,1run,1,2
ws_n486,2,249,4,3,1,0.0,2.0,1run,1run,1,4
ws_n486,2,250,4,1,3,0.0,4.06,1run,L,1,4
ws_n486,2,251,3,1,3,0.0,3.33,1run,L,1,3
ws_n486,2,252,6,9,3,0.0,3.78,tree,1run,1,6
ws_n486,2,253,4,29,3,0.0,5.48,tree,1run,1,4
ws_n486,2,254,4,5,4,0.0,4.97,tree,tree,1,4
ws_n486,2,255,4,5,2,0.0,4.51,tree,1run,1,4
ws_n486,2,256,5,16,2,0.0,6.24,tree,L,1,5
ws_n486,2,257,5,2,2,0.0,4.03,1run,L,1,5
ws_n486,2,258,3,4,1,0.0,4.12,tree,1run,1,3
ws_n486,2,259,3,1,1,0.0,5.66,1run,1run,1,3
ws_n486,2,260,4,1,2,0.0,3.61,1run,1run,1,4
ws_n486,2,261,5,2,1,0.0,3.91,L,1run,1,5
ws_n486,2,262,4,4,3,0.0,1.74,L,L,1,4
ws_n486,2,263,3,5,1,0.0,6.21,tree,1run,1,3
ws_n486,2,264,3,1,1,0.0,3.16,1run,1run,1,3
ws_n486,2,265,2,6,2,0.0,5.98,tree,1run,1,2
ws_n486,2,266,4,9,2,0.0,3.42,tree,L,1,4
ws_n486,2,267,4,2,2,0.0,3.91,L,L,1,4
ws_n486,2,268,5,9,1,0.0,3.67,tree,1run,1,5
ws_n486,2,269,6,19,6,0.042,3.68,tree,tree,1,6
ws_n486,2,270,5,8,3,0.375,0.35,tree,1run,1,5
ws_n486,2,271,5,2,3,0.0,3.06,L,L,1,5
ws_n486,2,272,4,2,5,0.0,1.81,1run,L,1,4
ws_n486,2,273,5,5,8,0.0,3.28,tree,tree,1,5
ws_n486,2,274,5,3,5,0.0,1.22,1run,L,1,5
ws_n486,2,275,3,1,2,0.0,0.0,1run,1run,1,3
ws_n486,2,276,3,2,1,0.0,2.24,1run,1run,1,3
ws_n486,2,277,4,3,2,0.0,1.3,L,L,1,4
ws_n486,2,278,4,6,2,0.0,0.6,tree,L,1,4
ws_n486,2,279,2,2,1,0.0,1.12,L,1run,1,2
ws_n486,2,280,3,1,1,0.0,2.24,1run,1run,1,3
ws_n486,2,281,5,1,3,0.0,3.89,1run,L,1,5
ws_n486,2,282,5,4,3,0.0,4.95,L,L,1,5
ws_n486,2,283,4,7,4,0.375,1.17,tree,L,1,4
ws_n486,2,284,4,20,6,0.0,2.75,tree,tree,1,4
ws_n486,2,285,4,7,5,0.0,1.17,tree,L,1,4
ws_n486,2,286,3,1,2,0.5,1.0,1run,1run,1,2
ws_n486,2,287,4,12,2,0.077,2.2,tree,L,1,4
ws_n486,2,288,3,1,1,0.0,5.0,1run,1run,1,3
ws_n486,2,289,3,2,1,0.0,6.4,L,1run,1,3
ws_n486,2,290,4,3,1,0.0,5.67,L,1run,1,4
ws_n486,2,291,4,1,3,0.0,6.6,1run,L,1,4
ws_n486,2,292,2,4,1,0.0,4.24,1run,1run,1,2
ws_n486,2,293,4,7,4,0.0,7.05,L,L,1,4
ws_n486,2,294,3,1,1,0.0,7.28,1run,1run,1,3
ws_n486,2,295,3,1,1,0.0,7.0,1run,1run,1,3
ws_n486,2,296,4,1,1,0.0,8.0,1run,1run,1,4
ws_n486,2,297,4,2,2,0.0,7.02,L,L,1,4
ws_n486,2,298,5,12,5,0.0,1.56,L,tree,1,5
ws_n486,2,299,4,1,2,0.0,8.25,1run,1run,1,4
ws_n486,2,300,5,2,1,0.0,7.0,1run,1run,1,5
ws_n486,2,301,4,3,2,0.0,6.22,L,L,1,4
ws_n486,2,302,4,2,4,0.0,6.25,L,L,1,4
ws_n486,2,303,4,2,3,0.0,9.0,1run,1run,1,4
ws_n486,2,304,3,11,3,0.0,4.9,L,L,1,3
ws_n486,2,305,7,11,7,0.0,2.81,L,tree,1,7
ws_n486,2,306,3,4,2,0.0,2.24,tree,1run,1,3
ws_n486,2,307,3,5,1,0.0,1.08,tree,1run,1,3
ws_n486,2,308,5,3,3,0.0,2.11,L,L,1,5
ws_n486,2,309,6,13,7,0.0,1.04,tree,tree,1,6
ws_n486,2,310,2,2,1,0.0,6.0,1run,1run,1,2
ws_n486,2,311,6,14,5,0.0,4.12,tree,1run,1,6
ws_n486,2,312,4,2,1,0.0,3.61,1run,1run,1,4
ws_n486,2,313,5,5,3,0.143,1.02,tree,L,1,5
ws_n486,2,314,4,2,4,0.0,1.5,L,L,1,4
ws_n486,2,315,4,1,1,0.0,1.0,1run,1run,1,4
ws_n486,2,316,4,4,2,0.0,0.9,tree,1run,1,4
ws_n486,2,317,2,6,1,0.0,1.17,tree,1run,1,2
ws_n486,2,318,5,7,8,0.0,3.11,L,tree,1,5
ws_n486,2,319,3,12,3,0.0,1.32,tree,L,1,3
ws_n486,2,320,3,10,2,0.091,4.74,tree,L,1,3
ws_n486,2,321,4,17,6,0.0,2.74,tree,tree,1,4
ws_n486,2,322,4,4,2,0.0,7.72,tree,L,1,4
ws_n486,2,323,5,6,2,0.0,9.55,tree,L,1,5
ws_n486,2,324,6,1,6,0.0,5.41,1run,L,1,6
ws_n486,2,325,5,5,3,0.0,4.26,tree,L,1,5
ws_n486,2,326,4,8,1,0.0,2.29,tree,1run,1,4
ws_n486,2,327,4,1,1,0.0,2.0,1run,1run,1,4
ws_n486,2,328,5,3,3,0.2,1.37,L,tree,1,5
ws_n486,2,329,4,1,1,0.0,2.24,1run,1run,1,4
ws_n486,2,330,5,2,3,0.0,4.33,1run,L,1,5
ws_n486,2,331,3,8,2,0.0,6.18,L,L,1,3
ws_n486,2,332,3,1,2,0.0,9.0,1run,1run,1,3
ws_n486,2,333,4,1,2,0.0,10.0,1run,L,1,4
ws_n486,2,334,3,1,1,0.0,10.05,1run,1run,1,3
ws_n486,2,335,4,9,1,0.111,3.89,L,1run,1,4
ws_n486,2,336,5,2,2,0.0,8.73,1run,L,1,5
ws_n486,2,337,3,7,1,0.0,3.16,1run,1run,1,3
ws_n486,2,338,4,3,2,0.0,6.02,1run,L,1,4
ws_n486,2,339,4,1,1,0.0,7.62,1run,1run,1,4
ws_n486,2,340,4,1,2,0.0,7.76,1run,L,1,4
ws_n486,2,341,4,2,1,0.0,7.16,L,1run,1,4
ws_n486,2,342,5,5,5,0.0,6.36,tree,tree,1,5
ws_n486,2,343,5,7,3,0.0,4.4,L,tree,1,5
ws_n486,2,344,6,8,8,0.0,3.38,L,tree,1,6
ws_n486,2,345,3,6,2,0.0,2.39,L,1run,1,3
ws_n486,2,346,5,9,5,0.0,6.32,tree,L,1,5
ws_n486,2,347,5,4,3,0.0,1.77,tree,1run,1,5
ws_n486,2,348,5,19,7,0.04,5.54,tree,tree,1,5
ws_n486,2,349,5,2,4,0.0,3.13,L,tree,1,5
ws_n486,2,350,4,2,2,0.0,4.24,1run,1run,1,4
ws_n486,2,351,6,6,4,0.0,3.87,tree,tree,1,6
ws_n486,2,352,4,2,2,0.0,2.0,1run,L,1,4
ws_n486,2,353,4,2,1,0.0,2.06,L,1run,1,4
ws_n486,2,354,4,2,3,0.25,1.74,L,L,1,4
ws_n486,2,355,4,5,3,0.0,2.67,1run,L,1,4
ws_n486,2,356,4,7,5,0.091,2.29,L,L,1,4
ws_n486,2,357,2,3,1,0.0,6.01,L,1run,1,2
ws_n486,2,358,4,1,2,0.0,6.32,1run,1run,1,4
ws_n486,2,359,5,1,1,0.0,5.83,1run,1run,1,5
ws_n486,2,360,4,16,6,0.0,1.18,tree,1run,1,4
ws_n486,2,361,6,4,6,0.0,4.06,1run,tree,1,6
ws_n486,2,362,4,2,2,0.0,2.06,1run,L,1,4
ws_n486,2,363,4,3,2,0.25,1.67,L,L,1,4
ws_n486,2,364,4,3,3,0.2,1.05,1run,tree,1,4
ws_n486,2,365,4,4,1,0.0,1.25,L,1run,1,4
ws_n486,2,366,5,8,1,0.125,1.57,tree,1run,1,5
ws_n486,2,367,4,5,4,0.0,4.9,L,tree,1,4
ws_n486,2,368,4,3,3,0.0,5.08,L,L,1,4
ws_n486,2,369,3,3,1,0.0,5.27,L,1run,1,3
ws_n486,2,370,4,5,2,0.0,7.93,tree,L,1,4
ws_n486,2,371,3,4,2,0.0,6.05,tree,L,1,3
ws_n486,2,372,5,33,7,0.0,1.27,tree,tree,1,5
ws_n486,2,373,4,1,2,0.0,8.25,1run,L,1,4
ws_n486,2,374,4,4,6,0.0,5.15,tree,tree,1,4
ws_n486,2,375,5,17,6,0.0,2.34,tree,tree,1,5
ws_n486,2,376,2,2,1,0.0,1.12,L,1run,1,2
ws_n486,2,377,4,6,4,0.0,5.15,L,tree,1,4
ws_n486,2,378,4,6,2,0.0,2.79,tree,L,1,4
ws_n486,2,379,4,9,2,0.222,5.75,L,1run,1,4
ws_n486,2,380,4,2,1,0.5,0.71,L,1run,1,4
ws_n486,2,381,5,2,2,0.0,1.12,1run,L,1,5
ws_n486,2,382,4,1,1,0.0,2.24,1run,1run,1,4
ws_n486,2,383,5,6,2,0.0,5.02,1run,L,1,5
ws_n486,2,384,5,11,3,0.077,6.0,tree,L,1,5
ws_n486,2,385,5,7,3,0.429,1.12,L,1run,1,5
ws_n486,2,386,5,7,3,0.0,3.57,L,L,1,5
ws_n486,2,387,5,7,2,0.0,3.43,tree,1run,1,5
ws_n486,2,388,3,1,1,0.0,2.24,1run,1run,1,3
ws_n486,2,389,3,1,1,0.0,3.61,1run,1run,1,3
ws_n486,2,390,6,6,7,0.0,0.26,L,tree,1,6
ws_n486,2,391,5,8,3,0.0,3.92,L,L,1,5
ws_n486,2,392,5,8,2,0.0,1.95,L,L,1,5
ws_n486,2,393,3,1,2,0.0,0.0,1run,L,1,3
ws_n486,2,394,4,5,3,0.0,3.0,1run,1run,1,4
ws_n486,2,395,3,1,1,0.0,5.0,1run,1run,1,3
ws_n486,2,396,5,10,2,0.2,1.75,tree,1run,1,5
ws_n486,2,397,3,2,2,0.0,0.71,1run,L,1,3
ws_n486,2,398,5,4,1,0.25,0.0,L,1run,1,5
ws_n486,2,399,4,1,1,0.0,1.41,1run,1run,1,4
ws_n486,2,400,5,4,3,0.0,1.55,tree,L,1,5
ws_n486,2,401,6,2,4,0.0,1.0,1run,1run,1,6
ws_n486,2,402,3,1,2,0.0,1.8,1run,L,1,3
ws_n486,2,403,4,1,4,0.0,2.0,1run,1run,1,4
ws_n486,2,404,3,2,1,0.0,2.06,L,1run,1,3
ws_n486,2,405,5,2,3,0.0,2.24,L,L,1,5
ws_n486,2,406,4,1,2,0.0,3.0,1run,1run,1,4
ws_n486,2,407,4,11,3,0.0,1.37,tree,tree,1,4
ws_n486,2,408,4,3,2,0.0,2.52,L,L,1,4
ws_n486,2,409,4,7,2,0.0,4.72,tree,L,1,4
ws_n486,2,410,4,8,1,0.0,2.58,tree,1run,1,4
ws_n486,2,411,4,2,1,0.0,5.85,L,1run,1,4
ws_n486,2,412,5,2,3,0.0,4.96,1run,L,1,5
ws_n486,2,413,4,1,2,0.0,2.83,1run,1run,1,4
ws_n486,2,414,3,3,3,0.5,1.05,L,L,1,3
ws_n486,2,415,4,2,3,0.667,0.0,1run,L,1,4
ws_n486,2,416,4,9,3,0.091,3.56,tree,tree,1,4
ws_n486,2,417,4,1,2,0.5,0.5,1run,L,1,4
ws_n486,2,418,4,1,4,0.25,0.79,1run,tree,1,4
ws_n486,2,419,3,1,1,0.0,2.24,1run,1run,1,3
ws_n486,2,420,5,5,3,0.333,0.84,tree,L,1,5
ws_n486,2,421,4,1,4,0.0,3.51,1run,L,1,4
ws_n486,2,422,4,5,4,0.0,2.78,tree,L,1,4
ws_n486,2,423,3,5,2,0.0,2.06,tree,1run,1,3
ws_n486,2,424,4,3,5,0.0,2.11,L,tree,1,4
ws_n486,2,425,7,2,5,0.0,4.21,L,tree,1,7
ws_n486,2,426,4,7,2,0.0,4.61,1run,L,1,4
ws_n486,2,427,4,4,2,0.0,3.35,L,1run,1,4
ws_n486,2,428,4,1,3,0.0,5.67,1run,L,1,4
ws_n486,2,429,3,3,2,0.0,3.0,L,1run,1,3
ws_n486,2,430,4,13,5,0.059,2.51,L,tree,1,4
ws_n486,2,431,3,1,1,0.0,7.28,1run,1run,1,3
ws_n486,2,432,4,3,3,0.0,8.06,L,L,1,4
ws_n486,2,433,4,1,2,0.0,7.07,1run,1run,1,4
ws_n486,2,434,4,9,3,0.0,4.34,tree,L,1,4
ws_n486,2,435,4,6,1,0.0,6.01,L,1run,1,4
ws_n486,2,436,3,1,2,0.0,4.03,1run,L,1,3
ws_n486,2,437,4,6,4,0.111,1.17,L,1run,1,4
ws_n486,2,438,3,5,1,0.0,3.21,L,1run,1,3
ws_n486,2,439,3,3,1,0.0,2.75,L,1run,1,3
ws_n486,2,440,5,2,4,0.0,2.61,L,tree,1,5
ws_n486,2,441,5,2,5,0.0,1.84,1run,L,1,5
ws_n486,2,442,5,7,6,0.0,1.99,tree,tree,1,5
ws_n486,2,443,3,5,2,0.0,1.36,L,L,1,3
ws_n486,2,444,4,5,3,0.333,0.8,L,L,1,4
ws_n486,2,445,4,4,4,0.0,4.26,L,tree,1,4
ws_n486,2,446,2,4,1,0.0,7.21,1run,1run,1,2
ws_n486,2,447,3,7,1,0.143,3.86,tree,1run,1,3
ws_n486,2,448,4,17,3,0.0,4.88,tree,L,1,4
ws_n486,2,449,3,5,3,0.0,3.35,tree,1run,1,3
ws_n486,2,450,5,3,5,0.0,2.55,1run,tree,1,5
ws_n486,2,451,5,3,2,0.0,1.67,L,L,1,5
ws_n486,2,452,5,8,5,0.0,4.74,tree,tree,1,4
ws_n486,2,453,3,3,1,0.0,1.7,tree,1run,1,3
ws_n486,2,454,4,1,2,0.0,3.0,1run,1run,1,4
ws_n486,2,455,5,5,3,0.0,1.9,tree,1run,1,5
ws_n486,2,456,7,11,6,0.0,2.19,tree,tree,1,7
ws_n486,2,457,5,5,2,0.4,1.0,1run,1run,1,5
ws_n486,2,458,3,1,1,0.0,8.0,1run,1run,1,3
ws_n486,2,459,3,7,1,0.0,10.66,tree,1run,1,3
ws_n486,2,460,4,3,3,0.0,6.67,L,tree,1,4
ws_n486,2,461,4,3,2,0.0,8.5,L,1run,1,4
ws_n486,2,462,4,1,2,0.0,7.63,1run,L,1,4
ws_n486,2,463,4,9,1,0.0,6.15,tree,1run,1,4
ws_n486,2,464,2,4,1,0.0,4.12,L,1run,1,2
ws_n486,2,465,5,6,5,0.0,2.87,tree,1run,1,5
ws_n486,2,466,6,10,5,0.0,3.31,tree,L,1,6
ws_n486,2,467,4,3,2,0.0,4.0,tree,1run,1,4
ws_n486,2,468,5,2,4,0.0,6.08,L,tree,1,5
ws_n486,2,469,5,13,5,0.0,5.32,tree,L,1,5
ws_n486,2,470,4,2,2,0.0,5.0,1run,1run,1,4
ws_n486,2,471,4,5,2,0.0,6.33,tree,L,1,4
ws_n486,2,472,6,6,4,0.111,2.01,tree,tree,1,6
ws_n486,2,473,4,9,3,0.0,1.57,tree,L,1,4
ws_n486,2,474,3,4,3,0.167,2.03,L,L,1,3
ws_n486,2,475,3,1,1,0.0,2.0,1run,1run,1,3
ws_n486,2,476,3,1,1,0.0,2.24,1run,1run,1,3
ws_n486,2,477,6,5,3,0.0,2.05,tree,L,1,6
ws_n486,2,478,4,1,2,0.0,0.0,1run,L,1,3
ws_n486,2,479,4,2,2,1.0,0.0,1run,1run,0,4
ws_n486,2,480,4,1,4,0.0,1.77,1run,tree,1,3
ws_n486,2,481,2,2,1,0.0,1.5,L,1run,1,2
ws_n486,2,482,3,3,1,0.0,1.2,L,1run,1,3
ws_n486,2,483,3,1,1,0.0,1.0,1run,1run,1,3
ws_n486,2,484,4,1,1,0.0,1.0,1run,1run,1,4
ws_n486,2,485,5,1,2,0.0,1.12,1run,L,1,5
ws_n486,3,0,4,3,2,0.0,1.12,L,L,1,4
ws_n486,3,1,7,19,8,0.227,1.72,tree,tree,1,7
ws_n486,3,2,4,3,6,0.125,4.18,tree,L,1,4
ws_n486,3,3,5,4,4,0.0,5.06,L,L,1,5
ws_n486,3,4,4,11,4,0.0,1.96,tree,L,1,4
ws_n486,3,5,3,1,2,0.0,2.24,1run,L,1,3
ws_n486,3,6,4,3,1,0.0,2.67,L,1run,1,4
ws_n486,3,7,7,8,4,0.0,1.03,tree,tree,1,7
ws_n486,3,8,7,16,6,0.0,3.12,tree,tree,1,7
ws_n486,3,9,5,5,4,0.0,2.31,tree,L,1,5
ws_n486,3,10,3,2,1,0.0,1.12,L,1run,1,3
ws_n486,3,11,6,11,5,0.067,2.32,tree,tree,1,6
ws_n486,3,12,3,1,2,0.0,0.0,1run,1run,1,3
ws_n486,3,13,3,1,2,0.0,6.4,1run,1run,1,3
ws_n486,3,14,4,10,4,0.273,4.94,tree,1run,1,4
ws_n486,3,15,4,2,3,0.0,7.31,1run,L,1,4
ws_n486,3,16,3,5,1,0.0,5.99,tree,1run,1,3
ws_n486,3,17,4,2,2,0.0,7.43,L,1run,1,4
ws_n486,3,18,4,1,6,0.0,6.72,1run,tree,1,4
ws_n486,3,19,6,13,6,0.0,1.38,L,tree,1,6
ws_n486,3,20,3,2,2,0.0,1.12,1run,L,1,3
ws_n486,3,21,4,8,3,0.0,0.79,tree,1run,1,4
ws_n486,3,22,6,10,3,0.0,1.75,tree,L,1,6
ws_n486,3,23,3,1,3,0.0,5.66,1run,1run,1,3
ws_n486,3,24,4,22,8,0.0,2.77,tree,tree,1,4
ws_n486,3,25,4,3,2,0.0,7.31,L,1run,1,4
ws_n486,3,26,3,3,3,0.0,4.96,1run,L,1,3
ws_n486,3,27,4,2,2,0.0,7.16,L,1run,1,4
ws_n486,3,28,3,9,1,0.0,1.12,tree,1run,1,3
ws_n486,3,29,3,3,2,0.0,8.66,tree,L,1,3
ws_n486,3,30,4,1,3,0.0,7.8,1run,L,1,4
ws_n486,3,31,3,4,4,0.0,9.95,L,1run,1,3
ws_n486,3,32,3,3,3,0.0,3.48,1run,L,1,3
ws_n486,3,33,3,1,2,0.0,2.24,1run,1run,1,3
ws_n486,3,34,4,1,2,0.0,2.83,1run,1run,1,4
ws_n486,3,35,5,8,5,0.0,4.25,tree,tree,1,5
ws_n486,3,36,4,4,3,0.0,0.17,L,L,1,4
ws_n486,3,37,4,6,2,0.143,1.37,L,L,1,4
ws_n486,3,38,4,2,2,0.0,2.24,L,1run,1,4
ws_n486,3,39,4,1,1,0.0,2.0,1run,1run,1,4
ws_n486,3,40,4,2,2,0.0,2.0,1run,1run,1,4
ws_n486,3,41,5,2,4,0.0,0.9,1run,tree,1,5
ws_n486,3,42,3,6,2,0.143,1.18,tree,1run,1,3
ws_n486,3,43,5,5,4,0.286,0.98,L,L,1,5
ws_n486,3,44,3,4,2,0.2,0.5,1run,L,1,3
ws_n486,3,45,4,3,3,0.2,1.89,L,L,1,4
ws_n486,3,46,4,1,1,0.0,4.47,1run,1run,1,4
ws_n486,3,47,4,2,3,0.0,3.73,1run,L,1,4
ws_n486,3,48,4,2,3,0.0,4.33,L,tree,1,4
ws_n486,3,49,3,1,1,0.0,4.47,1run,1run,1,3
ws_n486,3,50,4,9,1,0.0,4.31,tree,1run,1,4
ws_n486,3,51,2,1,1,0.0,10.0,1run,1run,1,2
ws_n486,3,52,4,2,2,0.0,8.94,1run,1run,1,4
ws_n486,3,53,4,1,1,0.0,10.0,1run,1run,1,4
ws_n486,3,54,4,2,2,0.0,10.31,L,1run,1,4
ws_n486,3,55,5,3,4,0.0,12.88,tree,L,1,5
ws_n486,3,56,5,4,1,0.0,9.41,tree,1run,1,5
ws_n486,3,57,5,9,5,0.0,6.34,tree,tree,1,5
ws_n486,3,58,6,11,4,0.0,3.48,tree,tree,1,6
ws_n486,3,59,5,2,1,0.0,6.08,L,1run,1,5
ws_n486,3,60,4,1,2,0.0,5.1,1run,1run,1,4
ws_n486,3,61,3,15,2,0.0,1.35,tree,1run,1,3
ws_n486,3,62,3,1,2,0.0,5.1,1run,1run,1,3
ws_n486,3,63,6,5,3,0.0,6.85,tree,1run,1,6
ws_n486,3,64,4,6,2,0.0,2.84,tree,1run,1,4
ws_n486,3,65,2,3,1,0.0,3.33,L,1run,1,2
ws_n486,3,66,4,3,4,0.75,0.75,1run,L,1,4
ws_n486,3,67,4,2,2,0.0,1.41,L,1run,1,4
ws_n486,3,68,4,2,1,0.0,1.5,L,1run,1,4
ws_n486,3,69,4,1,1,0.0,1.0,1run,1run,1,4
ws_n486,3,70,4,1,1,0.0,0.0,1run,1run,1,4
ws_n486,3,71,5,6,2,0.0,1.21,tree,L,1,5
ws_n486,3,72,7,9,4,0.0,1.51,tree,L,1,7
ws_n486,3,73,3,3,3,0.5,1.7,1run,L,1,3
ws_n486,3,74,4,6,3,0.0,2.36,L,L,1,4
ws_n486,3,75,5,17,6,0.0,1.49,tree,L,1,5
ws_n486,3,76,3,2,1,0.0,1.8,L,1run,1,3
ws_n486,3,77,5,1,4,0.0,3.2,1run,L,1,5
ws_n486,3,78,4,4,3,0.167,0.97,L,L,1,4
ws_n486,3,79,5,9,3,0.0,3.13,tree,L,1,5
ws_n486,3,80,4,1,2,0.0,1.41,1run,L,1,4
ws_n486,3,81,4,2,1,0.0,2.0,1run,1run,1,4
ws_n486,3,82,4,4,4,0.0,5.3,L,tree,1,4
ws_n486,3,83,5,8,4,0.0,4.58,L,tree,1,5
ws_n486,3,84,4,2,2,0.0,7.21,1run,1run,1,4
ws_n486,3,85,4,15,2,0.0,6.98,tree,L,1,4
ws_n486,3,86,3,7,2,0.0,2.53,L,1run,1,3
ws_n486,3,87,3,1,2,0.0,9.01,1run,L,1,3
ws_n486,3,88,4,7,2,0.0,5.52,L,1run,1,4
ws_n486,3,89,4,2,2,0.0,7.57,L,1run,1,4
ws_n486,3,90,4,3,1,0.0,5.1,L,1run,1,4
ws_n486,3,91,2,6,1,0.0,1.34,tree,1run,1,2
ws_n486,3,92,3,7,1,0.143,0.0,tree,1run,1,3
ws_n486,3,93,4,2,6,0.0,1.12,1run,tree,1,4
ws_n486,3,94,7,7,8,0.0,2.22,L,tree,1,7
ws_n486,3,95,4,2,2,0.0,1.58,1run,L,1,4
ws_n486,3,96,4,2,5,0.0,3.61,1run,L,1,4
ws_n486,3,97,4,2,2,0.0,3.16,L,L,1,4
ws_n486,3,98,6,5,3,0.0,2.13,tree,L,1,6
ws_n486,3,99,4,6,4,0.667,1.18,tree,L,1,4
ws_n486,3,100,5,16,2,0.125,3.89,tree,1run,1,5
ws_n486,3,101,4,5,2,0.0,2.73,L,L,1,4
ws_n486,3,102,2,17,1,0.0,3.69,tree,1run,1,2
ws_n486,3,103,2,2,1,0.0,10.05,1run,1run,1,2
ws_n486,3,104,4,1,1,0.0,9.22,1run,1run,1,4
ws_n486,3,105,5,3,4,0.0,5.08,L,1run,1,5
ws_n486,3,106,4,2,3,0.0,8.32,L,1run,1,4
ws_n486,3,107,4,4,6,0.0,8.23,tree,tree,1,4
ws_n486,3,108,2,4,1,0.0,5.5,L,1run,1,2
ws_n486,3,109,3,8,2,0.0,8.95,tree,L,1,3
ws_n486,3,110,4,6,7,0.0,2.93,1run,tree,1,4
ws_n486,3,111,3,3,1,0.0,1.0,1run,1run,1,3
ws_n486,3,112,5,6,4,0.0,0.85,tree,L,1,5
ws_n486,3,113,3,2,1,0.0,0.5,L,1run,1,3
ws_n486,3,114,4,5,6,0.0,1.21,L,tree,1,4
ws_n486,3,115,5,1,2,0.0,0.71,1run,L,1,5
ws_n486,3,116,4,5,2,0.167,1.61,L,L,1,4
ws_n486,3,117,2,1,1,0.0,9.06,1run,1run,1,2
ws_n486,3,118,4,8,1,0.0,6.67,tree,1run,1,4
ws_n486,3,119,5,12,2,0.167,1.29,tree,1run,1,5
ws_n486,3,120,3,1,3,0.0,10.27,1run,L,1,3
ws_n486,3,121,4,8,1,0.0,4.47,1run,1run,1,4
ws_n486,3,122,4,8,1,0.0,5.69,tree,1run,1,4
ws_n486,3,123,6,6,6,0.0,4.63,L,tree,1,6
ws_n486,3,124,3,2,1,0.0,5.83,1run,1run,1,3
ws_n486,3,125,3,1,1,0.0,7.21,1run,1run,1,3
ws_n486,3,126,4,1,2,0.0,8.2,1run,L,1,4
ws_n486,3,127,4,1,1,0.0,10.0,1run,1run,1,4
ws_n486,3,128,4,12,5,0.0,5.19,tree,tree,1,4
ws_n486,3,129,3,1,1,0.0,8.06,1run,1run,1,3
ws_n486,3,130,4,8,2,0.0,6.6,tree,L,1,4
ws_n486,3,131,4,5,4,0.0,4.98,L,tree,1,4
ws_n486,3,132,3,3,1,0.0,2.83,1run,1run,1,3
ws_n486,3,133,4,1,3,0.0,2.24,1run,1run,1,4
ws_n486,3,134,2,5,1,0.0,6.4,L,1run,1,2
ws_n486,3,135,4,6,3,0.5,1.41,L,1run,1,4
ws_n486,3,136,4,9,3,0.0,0.6,tree,tree,1,4
ws_n486,3,137,2,15,1,0.0,9.81,tree,1run,1,2
ws_n486,3,138,5,6,4,0.0,9.7,L,L,1,5
ws_n486,3,139,3,1,1,0.0,12.37,1run,1run,1,3
ws_n486,3,140,4,1,1,0.0,13.0,1run,1run,1,4
ws_n486,3,141,4,1,1,0.0,13.0,1run,1run,1,4
ws_n486,3,142,4,2,3,0.0,13.77,L,L,1,4
ws_n486,3,143,5,14,5,0.0,4.56,L,L,1,5
ws_n486,3,144,2,1,1,0.0,3.0,1run,1run,1,2
ws_n486,3,145,4,4,2,0.0,2.76,tree,L,1,4
ws_n486,3,146,4,4,1,0.25,0.35,L,1run,1,4
ws_n486,3,147,3,2,3,0.0,2.67,L,tree,1,3
ws_n486,3,148,3,1,1,0.0,2.24,1run,1run,1,3
ws_n486,3,149,2,3,1,0.0,3.0,1run,1run,1,2
ws_n486,3,150,3,6,2,0.0,4.96,tree,1run,1,3
ws_n486,3,151,3,1,1,0.0,3.16,1run,1run,1,3
ws_n486,3,152,4,4,7,0.222,2.83,L,tree,1,4
ws_n486,3,153,6,6,4,0.0,6.11,tree,L,1,6
ws_n486,3,154,3,1,1,0.0,9.0,1run,1run,1,3
ws_n486,3,155,4,1,2,0.0,9.51,1run,L,1,4
ws_n486,3,156,4,9,5,0.0,4.7,L,tree,1,4
ws_n486,3,157,5,9,3,0.0,3.23,tree,tree,1,5
ws_n486,3,158,4,7,1,0.0,4.0,1run,1run,1,4
ws_n486,3,159,5,6,5,0.222,0.89,tree,L,1,5
ws_n486,3,160,2,3,1,0.0,5.0,1run,1run,1,2
ws_n486,3,161,4,2,4,0.0,0.5,1run,tree,1,4
ws_n486,3,162,3,8,3,0.222,1.25,tree,1run,1,3
ws_n486,3,163,7,12,9,0.105,1.54,tree,tree,1,7
ws_n486,3,164,4,6,2,0.0,2.91,tree,1run,1,4
ws_n486,3,165,4,5,1,0.0,2.28,L,1run,1,4
ws_n486,3,166,4,1,1,0.0,4.47,1run,1run,1,4
ws_n486,3,167,4,4,3,0.0,3.76,L,tree,1,4
ws_n486,3,168,5,9,7,0.067,2.29,tree,tree,1,5
ws_n486,3,169,3,5,1,0.0,5.0,tree,1run,1,3
ws_n486,3,170,3,1,1,0.0,6.4,1run,1run,1,3
ws_n486,3,171,3,1,3,0.0,7.81,1run,1run,1,3
ws_n486,3,172,4,8,1,0.0,3.64,L,1run,1,4
ws_n486,3,173,3,9,3,0.091,6.11,tree,L,1,3
ws_n486,3,174,3,5,2,0.4,1.0,1run,1run,1,3
ws_n486,3,175,4,2,2,0.333,1.58,L,1run,1,4
ws_n486,3,176,5,6,6,0.2,0.83,tree,L,1,5
ws_n486,3,177,4,2,4,0.0,1.82,L,L,1,4
ws_n486,3,178,4,4,1,0.25,0.75,L,1run,1,4
ws_n486,3,179,3,1,3,0.0,1.33,1run,tree,1,3
ws_n486,3,180,5,1,5,0.0,1.79,1run,L,1,5
ws_n486,3,181,5,7,6,0.444,1.4,tree,L,1,5
ws_n486,3,182,5,7,2,0.0,3.05,tree,L,1,5
ws_n486,3,183,5,11,4,0.25,1.3,tree,1run,1,5
ws_n486,3,184,3,5,4,0.0,3.19,L,L,1,3
ws_n486,3,185,3,1,1,0.0,3.61,1run,1run,1,3
ws_n486,3,186,4,2,1,0.0,2.69,L,1run,1,4
ws_n486,3,187,4,2,1,0.0,2.83,L,1run,1,4
ws_n486,3,188,3,3,1,0.0,1.89,tree,1run,1,3
ws_n486,3,189,4,5,4,0.0,2.1,tree,tree,1,4
ws_n486,3,190,6,3,7,0.0,3.94,L,tree,1,6
ws_n486,3,191,3,6,4,0.0,3.37,tree,1run,1,3
ws_n486,3,192,3,2,2,0.0,4.03,1run,L,1,3
ws_n486,3,193,4,7,8,0.0,1.16,tree,tree,1,4
ws_n486,3,194,4,7,4,0.375,1.36,tree,L,1,4
ws_n486,3,195,3,1,2,0.0,4.12,1run,1run,1,3
ws_n486,3,196,4,4,3,0.0,1.39,L,L,1,4
ws_n486,3,197,3,3,2,0.0,2.37,L,L,1,3
ws_n486,3,198,4,9,4,0.0,6.17,L,L,1,4
ws_n486,3,199,5,9,5,0.0,3.92,tree,L,1,5
ws_n486,3,200,3,4,2,0.0,2.06,L,L,1,3
ws_n486,3,201,3,1,2,0.0,10.05,1run,1run,1,3
ws_n486,3,202,5,10,3,0.3,4.08,L,1run,1,5
ws_n486,3,203,6,19,8,0.0,2.21,tree,tree,1,6
ws_n486,3,204,2,1,1,0.0,4.12,1run,1run,1,2
ws_n486,3,205,4,2,2,0.0,3.91,L,L,1,4
ws_n486,3,206,4,5,4,0.5,2.61,L,1run,1,4
ws_n486,3,207,4,15,3,0.0,5.41,tree,L,1,4
ws_n486,3,208,3,8,2,0.0,2.65,tree,1run,1,3
ws_n486,3,209,3,2,1,0.0,3.81,L,1run,1,3
ws_n486,3,210,4,10,6,0.0,6.44,tree,tree,1,4
ws_n486,3,211,2,3,2,0.0,3.61,tree,1run,1,2
ws_n486,3,212,4,5,4,0.0,2.52,tree,tree,1,4
ws_n486,3,213,3,1,1,0.0,2.24,1run,1run,1,3
ws_n486,3,214,3,2,1,0.0,2.24,1run,1run,1,3
ws_n486,3,215,5,2,3,0.0,3.57,L,L,1,5
ws_n486,3,216,5,2,1,0.0,0.71,L,1run,1,5
ws_n486,3,217,5,4,5,0.0,3.61,1run,tree,1,5
ws_n486,3,218,6,9,3,0.2,0.6,tree,1run,1,6
ws_n486,3,219,3,5,3,0.0,2.56,tree,L,1,3
ws_n486,3,220,3,1,1,0.0,4.0,1run,1run,1,3
ws_n486,3,221,4,1,2,0.0,3.5,1run,L,1,4
ws_n486,3,222,6,5,6,0.222,1.91,L,tree,1,6
ws_n486,3,223,3,1,1,0.0,3.0,1run,1run,1,3
ws_n486,3,224,4,2,3,0.0,3.21,L,tree,1,4
ws_n486,3,225,4,2,2,0.0,4.0,L,L,1,4
ws_n486,3,226,4,2,3,0.0,4.47,1run,1run,1,4
ws_n486,3,227,3,9,3,0.091,1.97,tree,L,1,3
ws_n486,3,228,4,8,1,0.0,3.52,tree,1run,1,4
ws_n486,3,229,4,3,1,0.0,5.0,1run,1run,1,4
ws_n486,3,230,3,1,1,0.0,6.4,1run,1run,1,3
ws_n486,3,231,4,1,2,0.0,7.07,1run,1run,1,4
ws_n486,3,232,5,8,7,0.0,7.31,L,L,1,5
ws_n486,3,233,4,2,2,0.0,3.35,L,1run,1,4
ws_n486,3,234,4,3,4,0.0,4.3,L,tree,1,4
ws_n486,3,235,3,1,2,0.0,6.73,1run,L,1,3
ws_n486,3,236,3,6,6,0.333,3.6,1run,tree,1,3
ws_n486,3,237,3,10,7,0.0,8.27,tree,L,1,3
ws_n486,3,238,4,6,6,0.091,5.21,L,L,1,4
ws_n486,3,239,3,2,1,0.0,8.2,L,1run,1,3
ws_n486,3,240,3,1,2,0.0,10.3,1run,1run,1,3
ws_n486,3,241,4,1,3,0.0,7.81,1run,1run,1,4
ws_n486,3,242,5,2,3,0.0,7.43,L,1run,1,5
ws_n486,3,243,4,1,2,0.0,6.8,1run,L,1,4
ws_n486,3,244,4,2,1,0.0,6.04,L,1run,1,4
ws_n486,3,245,5,4,3,0.0,6.15,L,1run,1,5
ws_n486,3,246,3,11,1,0.0,7.65,tree,1run,1,3
ws_n486,3,247,3,1,5,0.0,3.61,1run,1run,1,3
ws_n486,3,248,2,1,1,0.0,6.71,1run,1run,1,2
ws_n486,3,249,4,2,2,0.0,5.1,1run,1run,1,4
ws_n486,3,250,4,1,3,0.0,8.54,1run,L,1,4
ws_n486,3,251,3,18,2,0.0,4.08,tree,1run,1,3
ws_n486,3,252,6,7,5,0.0,7.81,L,L,1,6
ws_n486,3,253,4,1,3,0.0,6.37,1run,L,1,4
ws_n486,3,254,4,4,1,0.0,4.93,L,1run,1,4
ws_n486,3,255,4,2,1,0.0,5.0,1run,1run,1,4
ws_n486,3,256,5,3,1,0.0,1.89,L,1run,1,5
ws_n486,3,257,5,4,2,0.2,2.25,L,L,1,5
ws_n486,3,258,3,1,1,0.0,0.0,1run,1run,1,3
ws_n486,3,259,3,1,1,0.0,2.24,1run,1run,1,3
ws_n486,3,260,4,1,4,0.0,1.12,1run,tree,1,4
ws_n486,3,261,5,2,3,0.0,2.22,L,L,1,5
ws_n486,3,262,4,3,1,0.0,3.73,tree,1run,1,4
ws_n486,3,263,3,3,1,0.0,4.0,1run,1run,1,3
ws_n486,3,264,3,3,1,0.0,2.13,L,1run,1,3
ws_n486,3,265,2,1,1,0.0,1.0,1run,1run,1,2
ws_n486,3,266,4,8,1,0.0,1.0,tree,1run,1,4
ws_n486,3,267,4,3,2,0.0,1.41,1run,1run,1,4
ws_n486,3,268,5,3,2,0.0,2.03,L,L,1,5
ws_n486,3,269,6,14,6,0.111,2.2,tree,tree,1,6
ws_n486,3,270,5,5,4,0.0,0.45,tree,L,1,5
ws_n486,3,271,5,4,3,0.4,1.86,L,L,1,5
ws_n486,3,272,4,4,5,0.0,0.86,L,tree,1,4
ws_n486,3,273,5,3,4,0.167,1.37,tree,1run,1,5
ws_n486,3,274,5,3,3,0.0,1.41,L,L,1,5
ws_n486,3,275,3,1,1,0.0,1.0,1run,1run,1,3
ws_n486,3,276,3,1,2,0.0,1.41,1run,L,1,3
ws_n486,3,277,4,5,2,0.4,0.63,L,1run,1,4
ws_n486,3,278,4,2,1,0.0,1.41,1run,1run,1,4
ws_n486,3,279,2,6,1,0.0,10.97,L,1run,1,2
ws_n486,3,280,3,1,3,0.0,9.61,1run,tree,1,3
ws_n486,3,281,5,11,2,0.0,9.73,tree,1run,1,5
ws_n486,3,282,5,17,4,0.167,6.34,tree,L,1,5
ws_n486,3,283,4,6,3,0.0,6.02,L,1run,1,4
ws_n486,3,284,4,17,7,0.091,4.35,tree,tree,1,4
ws_n486,3,285,4,4,2,0.0,2.61,L,1run,1,4
ws_n486,3,286,3,6,3,0.5,1.74,tree,L,1,3
ws_n486,3,287,4,7,1,0.143,3.66,tree,1run,1,4
ws_n486,3,288,3,2,2,0.0,6.04,L,1run,1,3
ws_n486,3,289,3,1,2,0.0,6.02,1run,L,1,3
ws_n486,3,290,4,1,2,0.0,6.4,1run,L,1,4
ws_n486,3,291,4,2,1,0.0,5.0,1run,1run,1,4
ws_n486,3,292,2,4,1,0.0,6.08,1run,1run,1,2
ws_n486,3,293,4,4,6,0.0,4.9,1run,tree,1,4
ws_n486,3,294,3,1,2,0.0,7.07,1run,1run,1,3
ws_n486,3,295,3,1,1,0.0,6.0,1run,1run,1,3
ws_n486,3,296,4,2,1,0.0,5.1,L,1run,1,4
ws_n486,3,297,4,1,1,0.0,6.0,1run,1run,1,4
ws_n486,3,298,5,15,5,0.0,2.04,tree,L,1,5
ws_n486,3,299,4,1,3,0.0,4.77,1run,tree,1,4
ws_n486,3,300,5,5,4,0.0,6.75,L,tree,1,5
ws_n486,3,301,4,5,2,0.0,4.48,L,L,1,4
ws_n486,3,302,4,1,3,0.0,6.29,1run,L,1,4
ws_n486,3,303,4,5,4,0.0,6.28,tree,1run,1,4
ws_n486,3,304,3,13,3,0.0,3.41,tree,1run,1,3
ws_n486,3,305,7,11,7,0.0,3.81,tree,tree,1,7
ws_n486,3,306,3,1,1,0.0,3.0,1run,1run,1,3
ws_n486,3,307,3,1,1,0.0,2.24,1run,1run,1,3
ws_n486,3,308,5,2,5,0.0,1.97,1run,tree,1,5
ws_n486,3,309,6,12,8,0.0,0.77,tree,tree,1,6
ws_n486,3,310,2,3,1,0.0,4.06,tree,1run,1,2
ws_n486,3,311,6,8,8,0.333,1.31,tree,tree,1,6
ws_n486,3,312,4,5,4,0.0,3.28,L,tree,1,4
ws_n486,3,313,5,12,6,0.2,5.97,L,tree,1,5
ws_n486,3,314,4,4,3,0.0,1.21,L,L,1,4
ws_n486,3,315,4,3,2,0.0,1.41,L,1run,1,4
ws_n486,3,316,4,4,2,0.0,2.7,tree,1run,1,4
ws_n486,3,317,2,6,1,0.0,6.01,tree,1run,1,2
ws_n486,3,318,5,9,6,0.154,1.17,tree,tree,1,5
ws_n486,3,319,3,4,1,0.0,1.52,tree,1run,1,3
ws_n486,3,320,3,5,2,0.0,4.25,tree,L,1,3
ws_n486,3,321,4,17,5,0.0,5.72,tree,1run,1,4
ws_n486,3,322,4,2,3,0.0,6.95,L,L,1,4
ws_n486,3,323,5,10,6,0.0,4.6,tree,tree,1,5
ws_n486,3,324,6,9,9,0.0,2.94,tree,tree,1,6
ws_n486,3,325,5,1,5,0.0,0.89,1run,L,1,5
ws_n486,3,326,4,1,2,0.0,3.35,1run,L,1,4
ws_n486,3,327,4,2,2,0.0,1.0,L,L,1,4
ws_n486,3,328,5,6,4,0.0,6.2,tree,1run,1,5
ws_n486,3,329,4,12,4,0.0,2.46,tree,L,1,4
ws_n486,3,330,5,8,7,0.0,5.01,tree,tree,1,5
ws_n486,3,331,3,1,1,0.0,8.54,1run,1run,1,3
ws_n486,3,332,3,1,2,0.0,10.3,1run,1run,1,3
ws_n486,3,333,4,2,3,0.0,9.49,L,1run,1,4
ws_n486,3,334,3,1,1,0.0,10.05,1run,1run,1,3
ws_n486,3,335,4,2,3,0.0,10.83,L,L,1,4
ws_n486,3,336,5,1,4,0.0,8.5,1run,tree,1,5
ws_n486,3,337,3,10,1,0.1,2.77,tree,1run,1,3
ws_n486,3,338,4,3,2,0.0,7.03,tree,1run,1,4
ws_n486,3,339,4,1,1,0.0,8.06,1run,1run,1,4
ws_n486,3,340,4,1,1,0.0,7.07,1run,1run,1,4
ws_n486,3,341,4,6,2,0.0,6.43,tree,L,1,4
ws_n486,3,342,5,8,6,0.0,4.16,tree,L,1,5
ws_n486,3,343,5,7,5,0.333,2.23,tree,tree,1,5
ws_n486,3,344,6,12,7,0.188,1.62,tree,tree,1,6
ws_n486,3,345,3,7,1,0.0,3.01,tree,1run,1,3
ws_n486,3,346,5,5,4,0.0,6.51,tree,tree,1,5
ws_n486,3,347,5,1,4,0.0,2.36,1run,tree,1,5
ws_n486,3,348,5,20,8,0.0,4.78,tree,tree,1,5
ws_n486,3,349,5,4,4,0.6,1.5,L,L,1,5
ws_n486,3,350,4,4,4,0.143,3.09,tree,L,1,4
ws_n486,3,351,6,13,7,0.0,6.15,tree,tree,1,6
ws_n486,3,352,4,1,1,0.0,1.41,1run,1run,1,4
ws_n486,3,353,4,3,5,0.0,1.64,tree,tree,1,4
ws_n486,3,354,4,2,5,0.167,0.85,L,L,1,4
ws_n486,3,355,4,8,6,0.0,5.2,tree,tree,1,4
ws_n486,3,356,4,17,3,0.0,5.54,tree,1run,1,4
ws_n486,3,357,2,3,1,0.333,2.0,1run,1run,1,2
ws_n486,3,358,4,3,2,0.25,0.67,tree,L,1,4
ws_n486,3,359,5,6,5,0.0,5.04,tree,L,1,5
ws_n486,3,360,4,12,2,0.167,3.0,tree,1run,1,4
ws_n486,3,361,6,6,8,0.0,5.27,L,tree,1,6
ws_n486,3,362,4,3,3,0.0,3.9,L,L,1,4
ws_n486,3,363,4,1,1,0.0,1.41,1run,1run,1,4
ws_n486,3,364,4,3,5,0.333,0.13,L,tree,1,4
ws_n486,3,365,4,4,3,0.0,2.77,tree,L,1,4
ws_n486,3,366,5,6,3,0.0,2.4,L,L,1,5
ws_n486,3,367,4,3,2,0.0,5.36,L,L,1,4
ws_n486,3,368,4,2,3,0.0,9.07,1run,L,1,4
ws_n486,3,369,3,26,1,0.0,14.58,tree,1run,1,3
ws_n486,3,370,4,5,1,0.0,9.23,tree,1run,1,4
ws_n486,3,371,3,1,2,0.0,15.65,1run,1run,1,3
ws_n486,3,372,5,24,5,0.0,4.92,tree,L,1,5
ws_n486,3,373,4,4,2,0.0,1.95,tree,L,1,4
ws_n486,3,374,4,13,2,0.0,3.86,tree,1run,1,4
ws_n486,3,375,5,7,3,0.429,0.98,tree,L,1,5
ws_n486,3,376,2,5,2,0.0,2.67,tree,1run,1,2
ws_n486,3,377,4,11,4,0.0,2.88,tree,L,1,4
ws_n486,3,378,4,6,2,0.143,2.83,tree,L,1,4
ws_n486,3,379,4,4,2,0.0,1.0,1run,1run,1,4
ws_n486,3,380,4,4,1,0.0,0.5,tree,1run,1,4
ws_n486,3,381,5,4,3,0.0,3.01,tree,L,1,5
ws_n486,3,382,4,2,4,0.0,3.01,L,tree,1,4
ws_n486,3,383,5,2,5,0.0,4.97,1run,tree,1,5
ws_n486,3,384,5,11,2,0.0,4.26,tree,1run,1,5
ws_n486,3,385,5,7,2,0.0,2.23,tree,1run,1,5
ws_n486,3,386,5,3,4,0.0,3.82,tree,L,1,5
ws_n486,3,387,5,11,4,0.364,1.28,tree,1run,1,5
ws_n486,3,388,3,2,3,0.0,0.71,L,1run,1,3
ws_n486,3,389,3,4,2,0.0,5.3,tree,1run,1,3
ws_n486,3,390,6,9,4,0.0,2.77,tree,tree,1,6
ws_n486,3,391,5,5,3,0.333,0.47,1run,L,1,5
ws_n486,3,392,5,10,2,0.0,3.9,tree,1run,1,5
ws_n486,3,393,3,4,2,0.0,3.18,L,1run,1,3
ws_n486,3,394,4,7,4,0.222,2.02,tree,1run,1,4
ws_n486,3,395,3,6,1,0.0,3.85,tree,1run,1,3
ws_n486,3,396,5,5,7,0.2,0.2,1run,tree,1,5
ws_n486,3,397,3,2,2,0.0,2.69,1run,L,1,3
ws_n486,3,398,5,11,5,0.0,2.02,tree,tree,1,5
ws_n486,3,399,4,3,1,0.0,3.61,1run,1run,1,4
ws_n486,3,400,5,5,2,0.0,3.31,L,1run,1,5
ws_n486,3,401,6,5,7,0.333,0.81,L,tree,1,6
ws_n486,3,402,3,1,2,0.5,0.5,1run,L,1,3
ws_n486,3,403,4,8,4,0.0,1.01,L,L,1,4
ws_n486,3,404,3,4,1,0.25,1.0,1run,1run,1,3
ws_n486,3,405,5,3,4,0.167,3.17,L,L,1,5
ws_n486,3,406,4,1,3,0.0,2.69,1run,tree,1,4
ws_n486,3,407,4,2,7,0.0,2.53,L,tree,1,4
ws_n486,3,408,4,19,4,0.095,2.54,tree,L,1,4
ws_n486,3,409,4,6,5,0.0,1.27,tree,1run,1,4
ws_n486,3,410,4,2,6,0.0,3.43,1run,L,1,4
ws_n486,3,411,4,1,2,0.0,2.5,1run,L,1,4
ws_n486,3,412,5,2,4,0.0,2.57,L,tree,1,5
ws_n486,3,413,4,2,1,0.0,1.12,L,1run,1,4
ws_n486,3,414,3,4,3,0.0,1.32,tree,L,1,3
ws_n486,3,415,4,6,6,0.333,2.01,L,tree,1,4
ws_n486,3,416,4,2,1,0.0,4.12,L,1run,1,4
ws_n486,3,417,4,2,4,0.0,1.06,L,tree,1,4
ws_n486,3,418,4,1,1,0.0,2.0,1run,1run,1,4
ws_n486,3,419,3,1,1,0.0,1.41,1run,1run,1,3
ws_n486,3,420,5,4,3,0.0,2.64,L,L,1,5
ws_n486,3,421,4,2,2,0.0,2.5,L,1run,1,4
ws_n486,3,422,4,11,4,0.0,5.41,tree,tree,1,4
ws_n486,3,423,3,4,2,0.0,0.79,tree,1run,1,3
ws_n486,3,424,4,4,2,0.0,3.16,L,L,1,4
ws_n486,3,425,7,8,8,0.0,4.14,tree,tree,1,7
ws_n486,3,426,4,1,1,0.0,4.47,1run,1run,1,4
ws_n486,3,427,4,2,2,0.0,5.0,L,L,1,4
ws_n486,3,428,4,2,4,0.0,2.5,1run,tree,1,4
ws_n486,3,429,3,4,3,0.0,0.87,L,L,1,3
ws_n486,3,430,4,13,8,0.0,5.27,L,tree,1,4
ws_n486,3,431,3,1,1,0.0,3.0,1run,1run,1,3
ws_n486,3,432,4,4,2,0.0,3.05,L,L,1,4
ws_n486,3,433,4,3,1,0.0,4.0,1run,1run,1,4
ws_n486,3,434,4,5,5,0.0,3.21,tree,tree,1,4
ws_n486,3,435,4,1,3,0.0,3.28,1run,L,1,4
ws_n486,3,436,3,5,1,0.0,1.56,L,1run,1,3
ws_n486,3,437,4,3,4,0.0,4.67,L,tree,1,4
ws_n486,3,438,3,4,1,0.0,3.54,L,1run,1,3
ws_n486,3,439,3,3,1,0.0,4.18,L,1run,1,3
ws_n486,3,440,5,2,4,0.0,3.35,1run,tree,1,5
ws_n486,3,441,5,3,6,0.0,2.84,tree,tree,1,5
ws_n486,3,442,5,8,4,0.091,1.68,tree,L,1,5
ws_n486,3,443,3,30,1,0.0,11.84,tree,1run,1,3
ws_n486,3,444,4,4,3,0.0,3.47,tree,1run,1,4
ws_n486,3,445,4,2,5,0.0,4.82,1run,tree,1,4
ws_n486,3,446,2,2,1,0.0,3.04,L,1run,1,2
ws_n486,3,447,3,1,1,0.0,3.16,1run,1run,1,3
ws_n486,3,448,4,5,3,0.333,3.21,tree,1run,1,4
ws_n486,3,449,3,2,2,0.0,5.0,L,1run,1,3
ws_n486,3,450,5,10,4,0.0,3.12,tree,L,1,5
ws_n486,3,451,5,6,2,0.0,4.59,tree,L,1,5
ws_n486,3,452,5,13,1,0.0,5.86,tree,1run,1,5
ws_n486,3,453,3,2,1,0.0,3.0,1run,1run,1,3
ws_n486,3,454,4,1,1,0.0,1.0,1run,1run,1,4
ws_n486,3,455,5,4,3,0.0,3.88,L,L,1,5
ws_n486,3,456,7,21,9,0.111,2.98,tree,tree,1,7
ws_n486,3,457,5,10,5,0.071,4.52,tree,L,1,5
ws_n486,3,458,3,1,2,0.0,10.69,1run,L,1,3
ws_n486,3,459,3,17,5,0.0,6.74,tree,tree,1,3
ws_n486,3,460,4,5,2,0.0,4.47,1run,1run,1,4
ws_n486,3,461,4,14,2,0.0,5.7,tree,L,1,4
ws_n486,3,462,4,1,1,0.0,3.16,1run,1run,1,4
ws_n486,3,463,4,11,4,0.0,1.84,tree,L,1,4
ws_n486,3,464,2,1,1,0.0,4.47,1run,1run,1,2
ws_n486,3,465,5,6,7,0.0,4.41,tree,tree,1,5
ws_n486,3,466,6,2,6,0.0,3.67,L,L,1,6
ws_n486,3,467,4,5,1,0.0,4.24,tree,1run,1,4
ws_n486,3,468,5,4,4,0.0,2.66,tree,tree,1,5
ws_n486,3,469,5,4,3,0.0,3.09,L,1run,1,5
ws_n486,3,470,4,4,1,0.0,3.64,L,1run,1,4
ws_n486,3,471,4,2,3,0.0,0.97,L,L,1,4
ws_n486,3,472,6,3,3,0.5,1.67,1run,L,1,6
ws_n486,3,473,4,6,4,0.429,0.65,L,L,1,4
ws_n486,3,474,3,1,2,0.0,1.0,1run,1run,1,3
ws_n486,3,475,3,1,1,0.0,4.47,1run,1run,1,3
ws_n486,3,476,3,2,3,0.25,0.37,L,tree,1,2
ws_n486,3,477,6,9,6,0.0,0.87,tree,tree,1,5
ws_n486,3,478,4,1,1,1.0,0.0,1run,1run,0,4
ws_n486,3,479,4,2,1,0.0,1.12,L,1run,1,3
ws_n486,3,480,4,4,4,0.0,4.81,tree,1run,1,3
ws_n486,3,481,2,2,1,0.0,2.0,1run,1run,1,2
ws_n486,3,482,3,3,1,0.0,1.37,tree,1run,1,3
ws_n486,3,483,3,1,1,0.0,1.0,1run,1run,1,3
ws_n486,3,484,4,1,1,0.0,1.0,1run,1run,1,4
ws_n486,3,485,5,2,3,0.0,1.9,L,L,1,5
ws_n486,4,0,4,4,3,0.167,1.25,L,L,1,4
ws_n486,4,1,7,8,5,0.3,0.75,tree,L,1,7
ws_n486,4,2,4,4,4,0.0,4.81,tree,L,1,4
ws_n486,4,3,5,3,8,0.0,4.87,1run,tree,1,5
ws_n486,4,4,4,8,2,0.0,4.63,L,1run,1,4
ws_n486,4,5,3,2,2,0.0,1.12,1run,L,1,3
ws_n486,4,6,4,2,2,0.0,1.5,L,L,1,4
ws_n486,4,7,7,9,8,0.0,3.2,tree,tree,1,7
ws_n486,4,8,7,17,8,0.042,4.13,tree,tree,1,7
ws_n486,4,9,5,5,5,0.667,0.45,L,tree,1,5
ws_n486,4,10,3,1,2,0.0,2.0,1run,L,1,3
ws_n486,4,11,6,8,7,0.0,2.75,L,tree,1,6
ws_n486,4,12,3,1,3,0.333,0.75,1run,L,1,3
ws_n486,4,13,3,2,2,0.0,2.69,L,1run,1,3
ws_n486,4,14,4,5,3,0.143,0.36,L,L,1,4
ws_n486,4,15,4,6,5,0.375,3.3,L,tree,1,4
ws_n486,4,16,3,1,4,0.0,5.01,1run,tree,1,3
ws_n486,4,17,4,2,4,0.0,2.85,L,tree,1,4
ws_n486,4,18,4,5,2,0.0,6.32,tree,1run,1,4
ws_n486,4,19,6,9,7,0.231,2.01,tree,tree,1,6
ws_n486,4,20,3,1,1,0.0,2.0,1run,1run,1,3
ws_n486,4,21,4,3,1,0.0,1.37,L,1run,1,4
ws_n486,4,22,6,6,5,0.0,1.94,tree,tree,1,6
ws_n486,4,23,3,2,1,0.0,3.61,L,1run,1,3
ws_n486,4,24,4,14,3,0.0,2.13,tree,1run,1,4
ws_n486,4,25,4,2,1,0.0,5.22,L,1run,1,4
ws_n486,4,26,3,4,1,0.0,4.47,1run,1run,1,3
ws_n486,4,27,4,6,3,0.0,5.44,tree,L,1,4
ws_n486,4,28,3,9,2,0.0,4.01,L,L,1,3
ws_n486,4,29,3,3,1,0.0,8.28,tree,1run,1,3
ws_n486,4,30,4,2,4,0.0,7.85,1run,L,1,4
ws_n486,4,31,3,2,1,0.0,5.0,1run,1run,1,3
ws_n486,4,32,3,3,4,0.0,2.3,1run,L,1,3
ws_n486,4,33,3,1,1,0.0,2.0,1run,1run,1,3
ws_n486,4,34,4,1,1,0.0,2.0,1run,1run,1,4
ws_n486,4,35,5,4,4,0.0,2.14,L,L,1,5
ws_n486,4,36,4,5,4,0.0,1.97,L,L,1,4
ws_n486,4,37,4,3,3,0.0,4.06,L,L,1,4
ws_n486,4,38,4,1,3,0.0,3.0,1run,L,1,4
ws_n486,4,39,4,2,3,0.0,1.05,1run,L,1,4
ws_n486,4,40,4,5,3,0.0,1.67,tree,L,1,4
ws_n486,4,41,5,7,4,0.0,2.58,tree,tree,1,5
ws_n486,4,42,3,8,2,0.0,5.14,tree,L,1,3
ws_n486,4,43,5,5,3,0.333,0.57,L,L,1,5
ws_n486,4,44,3,3,2,0.667,1.0,1run,1run,1,3
ws_n486,4,45,4,3,3,0.0,1.8,L,1run,1,4
ws_n486,4,46,4,1,3,0.333,0.0,1run,1run,1,4
ws_n486,4,47,4,2,3,0.0,3.16,1run,1run,1,4
ws_n486,4,48,4,2,2,0.0,1.0,L,L,1,4
ws_n486,4,49,3,7,2,0.0,0.61,tree,1run,1,3
ws_n486,4,50,4,9,1,0.0,4.64,tree,1run,1,4
ws_n486,4,51,2,1,1,0.0,9.9,1run,1run,1,2
ws_n486,4,52,4,1,1,0.0,9.9,1run,1run,1,4
ws_n486,4,53,4,1,1,0.0,9.9,1run,1run,1,4
ws_n486,4,54,4,1,1,0.0,11.4,1run,1run,1,4
ws_n486,4,55,5,3,4,0.0,13.51,1run,tree,1,5
ws_n486,4,56,5,3,2,0.0,12.42,1run,L,1,5
ws_n486,4,57,5,13,4,0.214,5.8,tree,L,1,5
ws_n486,4,58,6,16,6,0.1,7.3,tree,tree,1,6
ws_n486,4,59,5,4,2,0.0,4.75,tree,1run,1,5
ws_n486,4,60,4,2,2,0.0,6.0,1run,L,1,4
ws_n486,4,61,3,7,6,0.0,4.67,1run,L,1,3
ws_n486,4,62,3,1,4,0.0,3.95,1run,L,1,3
ws_n486,4,63,6,3,4,0.0,5.58,L,tree,1,6
ws_n486,4,64,4,7,3,0.0,4.49,tree,1run,1,4
ws_n486,4,65,2,1,1,0.0,5.0,1run,1run,1,2
ws_n486,4,66,4,2,4,0.0,4.76,1run,L,1,4
ws_n486,4,67,4,5,1,0.0,2.28,L,1run,1,4
ws_n486,4,68,4,5,1,0.0,1.02,L,1run,1,4
ws_n486,4,69,4,1,1,0.0,2.24,1run,1run,1,4
ws_n486,4,70,4,2,2,0.0,1.58,L,L,1,4
ws_n486,4,71,5,5,3,0.143,1.16,L,tree,1,5
ws_n486,4,72,7,9,5,0.077,2.87,L,tree,1,7
ws_n486,4,73,3,2,1,0.0,7.0,1run,1run,1,3
ws_n486,4,74,4,7,2,0.0,0.86,tree,1run,1,4
ws_n486,4,75,5,9,4,0.0,6.4,tree,L,1,5
ws_n486,4,76,3,3,2,0.0,2.03,L,1run,1,3
ws_n486,4,77,5,15,8,0.045,6.47,tree,tree,1,5
ws_n486,4,78,4,2,1,0.0,4.12,1run,1run,1,4
ws_n486,4,79,5,8,3,0.375,1.0,1run,1run,1,5
ws_n486,4,80,4,7,2,0.0,0.61,tree,L,1,4
ws_n486,4,81,4,2,2,0.0,5.1,1run,1run,1,4
ws_n486,4,82,4,2,1,0.0,5.1,1run,1run,1,4
ws_n486,4,83,5,2,3,0.0,6.7,1run,L,1,5
ws_n486,4,84,4,4,2,0.0,4.0,1run,1run,1,4
ws_n486,4,85,4,4,2,0.0,4.53,1run,L,1,4
ws_n486,4,86,3,14,2,0.0,2.83,tree,L,1,3
ws_n486,4,87,3,4,1,0.0,0.79,tree,1run,1,3
ws_n486,4,88,4,1,2,0.0,1.12,1run,L,1,4
ws_n486,4,89,4,1,2,0.0,3.0,1run,1run,1,4
ws_n486,4,90,4,2,1,0.0,1.8,L,1run,1,4
ws_n486,4,91,2,12,4,0.0,6.01,tree,L,1,2
ws_n486,4,92,3,1,1,0.0,2.0,1run,1run,1,3
ws_n486,4,93,4,7,5,0.0,5.56,tree,L,1,4
ws_n486,4,94,7,8,6,0.0,2.2,tree,tree,1,7
ws_n486,4,95,4,2,1,0.0,2.24,1run,1run,1,4
ws_n486,4,96,4,5,2,0.4,1.41,tree,1run,1,4
ws_n486,4,97,4,3,3,0.0,2.6,L,L,1,4
ws_n486,4,98,6,2,6,0.0,0.47,L,tree,1,6
ws_n486,4,99,4,5,2,0.0,2.16,tree,1run,1,4
ws_n486,4,100,5,6,5,0.1,1.41,L,tree,1,5
ws_n486,4,101,4,2,2,0.0,3.04,L,L,1,4
ws_n486,4,102,2,18,1,0.0,5.03,tree,1run,1,2
ws_n486,4,103,2,1,1,0.0,8.94,1run,1run,1,2
ws_n486,4,104,4,1,1,0.0,10.3,1run,1run,1,4
ws_n486,4,105,5,5,3,0.0,7.28,tree,L,1,5
ws_n486,4,106,4,9,2,0.0,4.96,tree,L,1,4
ws_n486,4,107,4,14,2,0.0,5.84,tree,1run,1,4
ws_n486,4,108,2,1,1,0.0,2.24,1run,1run,1,2
ws_n486,4,109,3,2,3,0.0,7.16,L,1run,1,3
ws_n486,4,110,4,9,3,0.0,1.83,tree,L,1,4
ws_n486,4,111,3,1,1,0.0,2.0,1run,1run,1,3
ws_n486,4,112,5,5,3,0.0,3.41,tree,1run,1,5
ws_n486,4,113,3,2,1,0.0,2.55,L,1run,1,3
ws_n486,4,114,4,5,2,0.0,3.82,L,1run,1,4
ws_n486,4,115,5,3,3,0.2,2.33,1run,L,1,5
ws_n486,4,116,4,4,4,0.333,2.55,1run,L,1,4
ws_n486,4,117,2,2,1,0.0,7.5,L,1run,1,2
ws_n486,4,118,4,4,2,0.0,5.76,L,1run,1,4
ws_n486,4,119,5,9,4,0.182,0.5,1run,L,1,5
ws_n486,4,120,3,1,2,0.0,8.94,1run,1run,1,3
ws_n486,4,121,4,8,2,0.0,4.03,1run,L,1,4
ws_n486,4,122,4,11,3,0.0,4.44,tree,1run,1,4
ws_n486,4,123,6,13,6,0.0,3.85,tree,tree,1,6
ws_n486,4,124,3,4,1,0.0,8.86,L,1run,1,3
ws_n486,4,125,3,5,1,0.0,7.21,L,1run,1,3
ws_n486,4,126,4,1,2,0.0,3.61,1run,L,1,4
ws_n486,4,127,4,1,1,0.0,3.61,1run,1run,1,4
ws_n486,4,128,4,5,5,0.0,2.13,tree,tree,1,4
ws_n486,4,129,3,1,2,0.0,2.83,1run,1run,1,3
ws_n486,4,130,4,3,2,0.0,2.4,L,1run,1,4
ws_n486,4,131,4,9,2,0.0,4.61,tree,1run,1,4
ws_n486,4,132,3,7,4,0.0,5.22,tree,tree,1,3
ws_n486,4,133,4,2,1,0.0,3.16,1run,1run,1,4
ws_n486,4,134,2,1,1,0.0,6.0,1run,1run,1,2
ws_n486,4,135,4,9,4,0.0,0.98,tree,L,1,4
ws_n486,4,136,4,8,2,0.0,8.62,tree,1run,1,4
ws_n486,4,137,2,13,3,0.0,9.47,tree,L,1,2
ws_n486,4,138,5,9,4,0.0,6.81,L,1run,1,5
ws_n486,4,139,3,1,1,0.0,10.0,1run,1run,1,3
ws_n486,4,140,4,1,1,0.0,9.9,1run,1run,1,4
ws_n486,4,141,4,1,1,0.0,9.22,1run,1run,1,4
ws_n486,4,142,4,2,5,0.0,11.12,L,tree,1,4
ws_n486,4,143,5,11,9,0.0,6.22,L,tree,1,5
ws_n486,4,144,2,1,1,0.0,4.12,1run,1run,1,2
ws_n486,4,145,4,1,3,0.0,4.24,1run,1run,1,4
ws_n486,4,146,4,8,3,0.0,3.54,L,L,1,4
ws_n486,4,147,3,8,5,0.0,4.2,L,tree,1,3
ws_n486,4,148,3,6,1,0.0,4.48,tree,1run,1,3
ws_n486,4,149,2,4,1,0.0,2.0,L,1run,1,2
ws_n486,4,150,3,1,1,0.0,2.0,1run,1run,1,3
ws_n486,4,151,3,1,1,0.0,5.1,1run,1run,1,3
ws_n486,4,152,4,7,6,0.0,1.13,tree,tree,1,4
ws_n486,4,153,6,4,3,0.0,3.59,tree,tree,1,6
ws_n486,4,154,3,1,1,0.0,4.12,1run,1run,1,3
ws_n486,4,155,4,1,1,0.0,4.0,1run,1run,1,4
ws_n486,4,156,4,8,4,0.5,1.0,tree,1run,1,4
ws_n486,4,157,5,8,3,0.0,1.26,L,1run,1,5
ws_n486,4,158,4,1,2,0.0,2.69,1run,L,1,4
ws_n486,4,159,5,7,8,0.5,3.77,L,tree,1,5
ws_n486,4,160,2,3,1,0.0,3.16,1run,1run,1,2
ws_n486,4,161,4,7,3,0.0,1.52,tree,L,1,4
ws_n486,4,162,3,1,3,0.0,3.73,1run,L,1,3
ws_n486,4,163,7,9,5,0.167,2.31,tree,L,1,7
ws_n486,4,164,4,3,2,0.0,2.33,L,1run,1,4
ws_n486,4,165,4,1,1,0.0,2.24,1run,1run,1,4
ws_n486,4,166,4,1,1,0.0,2.24,1run,1run,1,4
ws_n486,4,167,4,2,4,0.0,1.0,L,L,1,4
ws_n486,4,168,5,3,7,0.0,0.57,L,tree,1,5
ws_n486,4,169,3,6,1,0.0,1.12,L,1run,1,3
ws_n486,4,170,3,1,1,0.0,5.0,1run,1run,1,3
ws_n486,4,171,3,11,4,0.0,4.38,L,tree,1,3
ws_n486,4,172,4,4,2,0.0,4.51,L,L,1,4
ws_n486,4,173,3,1,5,0.0,3.12,1run,L,1,3
ws_n486,4,174,3,1,3,0.0,3.0,1run,1run,1,3
ws_n486,4,175,4,1,5,0.0,0.89,1run,tree,1,4
ws_n486,4,176,5,1,3,0.0,1.94,1run,L,1,5
ws_n486,4,177,4,2,2,0.0,3.04,L,1run,1,4
ws_n486,4,178,4,4,2,0.0,3.01,tree,1run,1,4
ws_n486,4,179,3,1,2,0.0,2.0,1run,1run,1,3
ws_n486,4,180,5,3,2,0.0,1.34,L,L,1,5
ws_n486,4,181,5,4,2,0.0,2.51,tree,L,1,5
ws_n486,4,182,5,17,4,0.0,3.03,tree,1run,1,5
ws_n486,4,183,5,2,10,0.0,6.19,1run,tree,1,5
ws_n486,4,184,3,8,1,0.0,4.63,tree,1run,1,3
ws_n486,4,185,3,2,1,0.0,5.15,L,1run,1,3
ws_n486,4,186,4,1,1,0.0,5.1,1run,1run,1,4
ws_n486,4,187,4,1,1,0.0,4.47,1run,1run,1,4
ws_n486,4,188,3,8,1,0.0,2.53,tree,1run,1,3
ws_n486,4,189,4,9,2,0.0,2.64,tree,L,1,4
ws_n486,4,190,6,6,7,0.0,5.34,tree,tree,1,6
ws_n486,4,191,3,18,2,0.0,9.57,tree,L,1,3
ws_n486,4,192,3,1,2,0.0,5.0,1run,1run,1,3
ws_n486,4,193,4,15,9,0.0,1.79,tree,tree,1,4
ws_n486,4,194,4,2,5,0.0,3.72,L,L,1,4
ws_n486,4,195,3,2,1,0.0,3.61,L,1run,1,3
ws_n486,4,196,4,1,3,0.0,3.16,1run,1run,1,4
ws_n486,4,197,3,1,1,0.0,4.24,1run,1run,1,3
ws_n486,4,198,4,11,3,0.0,2.57,tree,L,1,4
ws_n486,4,199,5,6,2,0.0,2.48,tree,L,1,5
ws_n486,4,200,3,4,1,0.0,4.03,L,1run,1,3
ws_n486,4,201,3,3,3,0.0,5.83,1run,1run,1,3
ws_n486,4,202,5,13,8,0.0,4.26,tree,tree,1,5
ws_n486,4,203,6,7,1,0.0,4.29,tree,1run,1,6
ws_n486,4,204,2,2,1,0.0,4.5,L,1run,1,2
ws_n486,4,205,4,7,3,0.0,1.99,tree,1run,1,4
ws_n486,4,206,4,1,2,0.0,2.5,1run,L,1,4
ws_n486,4,207,4,6,8,0.167,1.79,tree,tree,1,4
ws_n486,4,208,3,7,4,0.0,2.12,L,tree,1,3
ws_n486,4,209,3,6,3,0.0,5.11,L,L,1,3
ws_n486,4,210,4,8,2,0.0,5.66,tree,L,1,4
ws_n486,4,211,2,1,1,0.0,3.16,1run,1run,1,2
ws_n486,4,212,4,4,2,0.0,4.03,L,1run,1,4
ws_n486,4,213,3,1,2,0.0,3.2,1run,L,1,3
ws_n486,4,214,3,2,1,0.0,2.24,L,1run,1,3
ws_n486,4,215,5,3,5,0.0,1.46,L,tree,1,5
ws_n486,4,216,5,2,2,0.0,1.0,1run,1run,1,5
ws_n486,4,217,5,2,6,0.0,2.4,1run,L,1,5
ws_n486,4,218,6,6,1,0.0,1.05,L,1run,1,6
ws_n486,4,219,3,6,2,0.0,1.27,L,L,1,3
ws_n486,4,220,3,4,2,0.0,1.27,tree,1run,1,3
ws_n486,4,221,4,3,4,0.0,2.69,L,L,1,4
ws_n486,4,222,6,1,6,0.0,3.18,1run,L,1,6
ws_n486,4,223,3,1,1,0.0,2.83,1run,1run,1,3
ws_n486,4,224,4,2,2,0.0,3.91,L,L,1,4
ws_n486,4,225,4,3,2,0.0,4.22,L,L,1,4
ws_n486,4,226,4,3,2,0.0,4.03,1run,L,1,4
ws_n486,4,227,3,10,1,0.0,4.3,tree,1run,1,3
ws_n486,4,228,4,1,2,0.0,7.81,1run,1run,1,4
ws_n486,4,229,4,4,2,0.0,6.4,1run,L,1,4
ws_n486,4,230,3,1,1,0.0,7.07,1run,1run,1,3
ws_n486,4,231,4,2,1,0.0,7.43,L,1run,1,4
ws_n486,4,232,5,1,2,0.0,8.2,1run,L,1,5
ws_n486,4,233,4,9,2,0.0,6.29,L,1run,1,4
ws_n486,4,234,4,3,3,0.0,8.06,tree,L,1,4
ws_n486,4,235,3,1,8,0.0,3.63,1run,tree,1,3
ws_n486,4,236,3,11,2,0.0,3.42,tree,L,1,3
ws_n486,4,237,3,10,1,0.0,3.01,tree,1run,1,3
ws_n486,4,238,4,4,9,0.182,5.42,L,tree,1,4
ws_n486,4,239,3,1,2,0.0,5.32,1run,L,1,3
ws_n486,4,240,3,1,7,0.0,5.16,1run,tree,1,3
ws_n486,4,241,4,1,4,0.0,3.4,1run,tree,1,4
ws_n486,4,242,5,3,3,0.2,0.94,L,L,1,5
ws_n486,4,243,4,1,4,0.0,2.06,1run,tree,1,4
ws_n486,4,244,4,1,4,0.25,0.35,1run,tree,1,4
ws_n486,4,245,5,2,4,0.0,2.24,L,tree,1,5
ws_n486,4,246,3,24,5,0.0,4.81,tree,L,1,3
ws_n486,4,247,3,5,3,0.0,3.15,L,L,1,3
ws_n486,4,248,2,1,1,0.0,6.08,1run,1run,1,2
ws_n486,4,249,4,4,2,0.2,2.06,L,L,1,4
ws_n486,4,250,4,1,2,0.0,5.52,1run,L,1,4
ws_n486,4,251,3,5,3,0.143,5.01,1run,L,1,3
ws_n486,4,252,6,10,7,0.0,3.06,tree,tree,1,6
ws_n486,4,253,4,4,4,0.333,3.01,L,L,1,4
ws_n486,4,254,4,2,1,0.5,1.0,1run,1run,1,4
ws_n486,4,255,4,2,1,0.0,2.06,L,1run,1,4
ws_n486,4,256,5,3,2,0.0,0.75,L,L,1,5
ws_n486,4,257,5,6,3,0.125,1.9,tree,tree,1,5
ws_n486,4,258,3,2,2,0.0,2.55,L,1run,1,3
ws_n486,4,259,3,2,1,0.0,1.12,L,1run,1,3
ws_n486,4,260,4,2,2,0.0,0.71,L,1run,1,4
ws_n486,4,261,5,1,3,0.0,0.33,1run,L,1,5
ws_n486,4,262,4,2,1,0.0,1.12,L,1run,1,4
ws_n486,4,263,3,6,2,0.143,3.48,L,1run,1,3
ws_n486,4,264,3,3,1,0.0,2.69,tree,1run,1,3
ws_n486,4,265,2,2,1,0.0,2.0,1run,1run,1,2
ws_n486,4,266,4,3,2,0.0,0.6,tree,L,1,4
ws_n486,4,267,4,2,2,0.0,2.24,L,1run,1,4
ws_n486,4,268,5,2,4,0.5,0.0,1run,1run,1,5
ws_n486,4,269,6,3,3,0.0,1.49,L,L,1,6
ws_n486,4,270,5,6,7,0.0,2.35,tree,tree,1,5
ws_n486,4,271,5,10,5,0.25,1.39,tree,L,1,5
ws_n486,4,272,4,1,2,0.0,2.0,1run,L,1,4
ws_n486,4,273,5,4,8,0.0,1.38,L,tree,1,5
ws_n486,4,274,5,6,3,0.125,1.12,tree,1run,1,5
ws_n486,4,275,3,3,3,0.0,2.03,L,L,1,3
ws_n486,4,276,3,1,2,0.0,0.71,1run,L,1,3
ws_n486,4,277,4,3,4,0.0,1.13,tree,L,1,4
ws_n486,4,278,4,3,3,0.0,2.4,tree,L,1,4
ws_n486,4,279,2,6,1,0.0,4.49,tree,1run,1,2
ws_n486,4,280,3,1,6,0.0,4.9,1run,tree,1,3
ws_n486,4,281,5,10,8,0.5,0.61,L,tree,1,5
ws_n486,4,282,5,11,8,0.0,3.1,tree,tree,1,5
ws_n486,4,283,4,1,4,0.0,4.74,1run,L,1,4
ws_n486,4,284,4,6,6,0.0,1.42,tree,tree,1,4
ws_n486,4,285,4,7,2,0.0,3.69,tree,L,1,4
ws_n486,4,286,3,3,4,0.0,2.75,1run,L,1,3
ws_n486,4,287,4,1,4,0.0,5.55,1run,tree,1,4
ws_n486,4,288,3,11,1,0.0,4.59,tree,1run,1,3
ws_n486,4,289,3,2,2,0.0,7.11,L,L,1,3
ws_n486,4,290,4,1,2,0.0,6.4,1run,L,1,4
ws_n486,4,291,4,2,2,0.0,5.66,1run,1run,1,4
ws_n486,4,292,2,4,2,0.0,5.1,1run,L,1,2
ws_n486,4,293,4,8,4,0.0,4.92,L,1run,1,4
ws_n486,4,294,3,2,1,0.0,8.0,1run,1run,1,3
ws_n486,4,295,3,1,1,0.0,7.28,1run,1run,1,3
ws_n486,4,296,4,1,2,0.0,7.83,1run,L,1,4
ws_n486,4,297,4,1,1,0.0,8.94,1run,1run,1,4
ws_n486,4,298,5,18,4,0.048,1.77,tree,tree,1,5
ws_n486,4,299,4,2,1,0.0,9.86,L,1run,1,4
ws_n486,4,300,5,3,3,0.0,9.26,L,L,1,5
ws_n486,4,301,4,3,2,0.0,9.06,tree,L,1,4
ws_n486,4,302,4,2,6,0.0,6.27,L,tree,1,4
ws_n486,4,303,4,4,5,0.0,11.57,1run,L,1,4
ws_n486,4,304,3,13,3,0.0,2.76,L,1run,1,3
ws_n486,4,305,7,17,8,0.0,2.41,tree,tree,1,7
ws_n486,4,306,3,1,2,0.0,1.5,1run,L,1,3
ws_n486,4,307,3,2,1,0.0,1.0,1run,1run,1,3
ws_n486,4,308,5,3,5,0.0,3.67,L,tree,1,5
ws_n486,4,309,6,11,7,0.0,3.35,tree,L,1,6
ws_n486,4,310,2,2,1,0.0,4.24,1run,1run,1,2
ws_n486,4,311,6,9,3,0.0,1.3,tree,L,1,6
ws_n486,4,312,4,13,1,0.0,4.7,tree,1run,1,4
ws_n486,4,313,5,5,5,0.429,2.91,L,L,1,5
ws_n486,4,314,4,3,3,0.0,2.0,L,L,1,4
ws_n486,4,315,4,2,2,0.0,1.12,L,L,1,4
ws_n486,4,316,4,2,3,0.0,1.01,L,L,1,4
ws_n486,4,317,2,2,1,0.0,5.85,L,1run,1,2
ws_n486,4,318,5,9,7,0.231,2.69,tree,L,1,5
ws_n486,4,319,3,8,2,0.0,0.88,tree,L,1,3
ws_n486,4,320,3,5,2,0.0,2.01,tree,1run,1,3
ws_n486,4,321,4,11,5,0.0,4.11,tree,L,1,4
ws_n486,4,322,4,2,2,0.0,6.8,L,L,1,4
ws_n486,4,323,5,4,4,0.0,5.93,L,L,1,5
ws_n486,4,324,6,8,6,0.0,5.16,tree,L,1,6
ws_n486,4,325,5,3,5,0.0,2.6,L,tree,1,5
ws_n486,4,326,4,1,2,0.0,3.61,1run,L,1,4
ws_n486,4,327,4,2,2,0.0,1.58,1run,L,1,4
ws_n486,4,328,5,1,4,0.0,4.47,1run,tree,1,5
ws_n486,4,329,4,8,1,0.0,6.17,L,1run,1,4
ws_n486,4,330,5,2,6,0.0,2.59,L,tree,1,5
ws_n486,4,331,3,1,2,0.0,11.18,1run,1run,1,3
ws_n486,4,332,3,18,9,0.0,8.25,tree,tree,1,3
ws_n486,4,333,4,1,2,0.0,6.8,1run,L,1,4
ws_n486,4,334,3,1,1,0.0,6.71,1run,1run,1,3
ws_n486,4,335,4,1,3,0.0,9.22,1run,1run,1,4
ws_n486,4,336,5,2,2,0.0,5.59,L,1run,1,5
ws_n486,4,337,3,11,3,0.0,2.6,tree,1run,1,3
ws_n486,4,338,4,2,1,0.0,6.08,1run,1run,1,4
ws_n486,4,339,4,3,3,0.0,6.0,L,tree,1,4
ws_n486,4,340,4,1,1,0.0,7.0,1run,1run,1,4
ws_n486,4,341,4,1,2,0.0,6.02,1run,L,1,4
ws_n486,4,342,5,5,6,0.222,3.85,1run,tree,1,5
ws_n486,4,343,5,5,2,0.4,0.8,L,1run,1,5
ws_n486,4,344,6,10,4,0.0,1.44,tree,L,1,6
ws_n486,4,345,3,4,1,0.0,4.59,L,1run,1,3
ws_n486,4,346,5,9,2,0.0,4.04,tree,1run,1,5
ws_n486,4,347,5,4,4,0.0,4.25,L,L,1,5
ws_n486,4,348,5,3,7,0.0,4.95,L,L,1,5
ws_n486,4,349,5,7,5,0.333,1.12,tree,tree,1,5
ws_n486,4,350,4,7,4,0.222,2.0,tree,1run,1,4
ws_n486,4,351,6,16,8,0.043,5.75,tree,L,1,6
ws_n486,4,352,4,1,1,0.0,2.24,1run,1run,1,4
ws_n486,4,353,4,4,1,0.0,2.06,L,1run,1,4
ws_n486,4,354,4,4,2,0.0,2.02,tree,1run,1,4
ws_n486,4,355,4,5,8,0.0,2.37,tree,tree,1,4
ws_n486,4,356,4,15,5,0.0,8.35,tree,tree,1,4
ws_n486,4,357,2,3,1,0.0,2.4,L,1run,1,2
ws_n486,4,358,4,2,2,0.333,1.12,1run,L,1,4
ws_n486,4,359,5,4,2,0.0,2.06,L,1run,1,5
ws_n486,4,360,4,9,5,0.4,1.26,tree,tree,1,4
ws_n486,4,361,6,8,6,0.4,1.07,tree,L,1,6
ws_n486,4,362,4,4,3,0.0,1.2,tree,L,1,4
ws_n486,4,363,4,2,4,0.5,2.0,1run,1run,1,4
ws_n486,4,364,4,4,3,0.0,2.17,L,L,1,4
ws_n486,4,365,4,2,2,0.0,1.41,1run,1run,1,4
ws_n486,4,366,5,10,3,0.182,2.49,L,L,1,5
ws_n486,4,367,4,4,5,0.0,2.1,tree,L,1,4
ws_n486,4,368,4,1,3,0.0,0.47,1run,tree,1,4
ws_n486,4,369,3,46,2,0.0,7.94,tree,1run,1,3
ws_n486,4,370,4,5,3,0.0,1.88,tree,L,1,4
ws_n486,4,371,3,1,2,0.0,4.5,1run,L,1,3
ws_n486,4,372,5,10,4,0.0,1.44,tree,L,1,5
ws_n486,4,373,4,1,4,0.0,2.37,1run,tree,1,4
ws_n486,4,374,4,6,5,0.0,2.84,tree,tree,1,4
ws_n486,4,375,5,7,4,0.0,0.33,L,L,1,5
ws_n486,4,376,2,10,2,0.0,4.22,tree,L,1,2
ws_n486,4,377,4,7,1,0.0,10.5,L,1run,1,4
ws_n486,4,378,4,6,3,0.286,4.17,tree,1run,1,4
ws_n486,4,379,4,3,1,0.0,1.8,tree,1run,1,4
ws_n486,4,380,4,1,1,0.0,2.0,1run,1run,1,4
ws_n486,4,381,5,1,2,0.0,1.5,1run,L,1,5
ws_n486,4,382,4,1,1,0.0,4.0,1run,1run,1,4
ws_n486,4,383,5,6,3,0.0,2.17,tree,1run,1,5
ws_n486,4,384,5,6,4,0.25,1.03,L,tree,1,5
ws_n486,4,385,5,6,5,0.0,0.98,tree,L,1,5
ws_n486,4,386,5,5,4,0.0,3.4,1run,tree,1,5
ws_n486,4,387,5,5,2,0.0,4.24,1run,1run,1,5
ws_n486,4,388,3,4,2,0.0,2.8,L,1run,1,3
ws_n486,4,389,3,2,3,0.0,2.95,L,tree,1,3
ws_n486,4,390,6,6,4,0.0,2.77,L,tree,1,6
ws_n486,4,391,5,6,2,0.333,2.34,L,1run,1,5
ws_n486,4,392,5,4,2,0.0,4.5,L,1run,1,5
ws_n486,4,393,3,2,1,0.0,4.47,1run,1run,1,3
ws_n486,4,394,4,6,3,0.286,3.83,L,L,1,4
ws_n486,4,395,3,5,2,0.0,3.3,L,L,1,3
ws_n486,4,396,5,8,2,0.0,3.44,tree,1run,1,5
ws_n486,4,397,3,1,2,0.0,2.55,1run,L,1,3
ws_n486,4,398,5,3,4,0.167,1.95,tree,L,1,5
ws_n486,4,399,4,3,1,0.0,0.75,L,1run,1,4
ws_n486,4,400,5,2,2,0.333,0.71,1run,L,1,5
ws_n486,4,401,6,4,3,0.0,3.72,tree,1run,1,6
ws_n486,4,402,3,1,5,0.0,3.3,1run,tree,1,3
ws_n486,4,403,4,1,2,0.0,2.0,1run,L,1,4
ws_n486,4,404,3,2,2,0.0,1.0,1run,L,1,3
ws_n486,4,405,5,7,8,0.0,1.79,tree,tree,1,5
ws_n486,4,406,4,1,2,0.0,4.27,1run,L,1,4
ws_n486,4,407,4,3,4,0.0,3.2,1run,tree,1,4
ws_n486,4,408,4,9,6,0.0,4.92,tree,tree,1,4
ws_n486,4,409,4,8,4,0.0,1.77,tree,L,1,4
ws_n486,4,410,4,13,6,0.0,7.6,tree,L,1,4
ws_n486,4,411,4,1,2,0.0,4.0,1run,1run,1,4
ws_n486,4,412,5,1,7,0.0,3.22,1run,tree,1,5
ws_n486,4,413,4,1,1,0.0,3.16,1run,1run,1,4
ws_n486,4,414,3,3,1,0.0,2.54,L,1run,1,3
ws_n486,4,415,4,5,6,0.0,2.06,L,tree,1,4
ws_n486,4,416,4,2,5,0.0,2.42,L,tree,1,4
ws_n486,4,417,4,2,5,0.0,1.8,L,tree,1,4
ws_n486,4,418,4,1,3,0.0,0.33,1run,L,1,4
ws_n486,4,419,3,2,1,0.0,0.5,L,1run,1,3
ws_n486,4,420,5,1,2,0.5,0.71,1run,L,1,5
ws_n486,4,421,4,1,7,0.143,4.72,1run,L,1,4
ws_n486,4,422,4,4,3,0.0,1.94,L,L,1,4
ws_n486,4,423,3,5,1,0.0,1.02,tree,1run,1,3
ws_n486,4,424,4,5,5,0.0,3.61,tree,1run,1,4
ws_n486,4,425,7,7,7,0.0,4.26,L,tree,1,7
ws_n486,4,426,4,6,2,0.0,3.44,L,L,1,4
ws_n486,4,427,4,3,1,0.0,2.36,tree,1run,1,4
ws_n486,4,428,4,2,2,0.0,3.2,L,L,1,4
ws_n486,4,429,3,2,4,0.0,3.26,L,tree,1,3
ws_n486,4,430,4,20,8,0.0,3.24,tree,tree,1,4
ws_n486,4,431,3,5,1,0.0,5.66,L,1run,1,3
ws_n486,4,432,4,6,2,0.0,6.07,tree,1run,1,4
ws_n486,4,433,4,3,4,0.0,8.25,1run,tree,1,4
ws_n486,4,434,4,8,5,0.0,6.66,tree,L,1,4
ws_n486,4,435,4,3,2,0.0,7.34,tree,1run,1,4
ws_n486,4,436,3,3,3,0.0,8.06,tree,tree,1,3
ws_n486,4,437,4,5,4,0.125,4.0,tree,1run,1,4
ws_n486,4,438,3,5,3,0.0,5.01,tree,tree,1,3
ws_n486,4,439,3,2,1,0.0,1.8,L,1run,1,3
ws_n486,4,440,5,3,4,0.0,2.62,L,L,1,5
ws_n486,4,441,5,1,5,0.0,1.02,1run,tree,1,5
ws_n486,4,442,5,7,7,0.0,3.03,tree,tree,1,5
ws_n486,4,443,3,1,2,0.0,3.0,1run,1run,1,3
ws_n486,4,444,4,10,4,0.0,2.96,tree,tree,1,4
ws_n486,4,445,4,2,4,0.5,0.71,1run,tree,1,4
ws_n486,4,446,2,1,1,0.0,1.41,1run,1run,1,2
ws_n486,4,447,3,1,1,0.0,0.0,1run,1run,1,3
ws_n486,4,448,4,4,3,0.0,1.42,tree,L,1,4
ws_n486,4,449,3,2,3,0.0,1.94,1run,L,1,3
ws_n486,4,450,5,11,4,0.071,1.97,tree,L,1,5
ws_n486,4,451,5,2,2,0.0,1.8,L,1run,1,5
ws_n486,4,452,5,14,2,0.0,5.55,L,1run,1,5
ws_n486,4,453,3,2,1,0.0,1.58,L,1run,1,3
ws_n486,4,454,4,1,3,0.0,1.7,1run,L,1,4
ws_n486,4,455,5,2,3,0.0,2.69,1run,L,1,5
ws_n486,4,456,7,11,5,0.143,1.22,tree,tree,1,7
ws_n486,4,457,5,11,4,0.154,2.25,tree,L,1,5
ws_n486,4,458,3,1,3,0.0,1.0,1run,1run,1,3
ws_n486,4,459,3,9,1,0.0,4.88,tree,1run,1,3
ws_n486,4,460,4,9,3,0.0,5.26,L,L,1,4
ws_n486,4,461,4,6,3,0.0,6.08,L,tree,1,4
ws_n486,4,462,4,3,2,0.0,8.67,tree,1run,1,4
ws_n486,4,463,4,8,4,0.0,7.79,L,tree,1,4
ws_n486,4,464,2,7,1,0.0,4.57,tree,1run,1,2
ws_n486,4,465,5,8,3,0.0,1.41,tree,L,1,5
ws_n486,4,466,6,3,2,0.25,2.33,L,1run,1,6
ws_n486,4,467,4,1,1,0.0,3.61,1run,1run,1,4
ws_n486,4,468,5,3,4,0.0,2.72,L,tree,1,5
ws_n486,4,469,5,5,3,0.0,1.37,1run,tree,1,5
ws_n486,4,470,4,6,2,0.333,1.67,L,1run,1,4
ws_n486,4,471,4,1,3,0.0,1.05,1run,tree,1,4
ws_n486,4,472,6,4,3,0.0,0.79,tree,L,1,6
ws_n486,4,473,4,5,7,0.333,0.64,L,tree,1,4
ws_n486,4,474,3,7,3,0.0,0.49,tree,L,1,3
ws_n486,4,475,3,4,5,0.0,7.22,tree,tree,1,3
ws_n486,4,476,3,1,1,0.0,1.41,1run,1run,1,3
ws_n486,4,477,6,7,4,0.0,2.0,tree,tree,1,6
ws_n486,4,478,4,3,4,0.167,0.89,L,tree,1,4
ws_n486,4,479,4,1,1,0.0,2.0,1run,1run,1,4
ws_n486,4,480,4,2,5,0.0,1.26,L,L,1,4
ws_n486,4,481,2,1,1,0.0,1.41,1run,1run,1,2
ws_n486,4,482,3,2,1,0.0,1.5,L,1run,1,2
ws_n486,4,483,3,1,1,1.0,0.0,1run,1run,0,3
ws_n486,4,484,4,1,2,0.0,2.24,1run,1run,1,3
ws_n486,4,485,5,1,3,0.0,0.94,1run,L,1,4
regular_n316,0,0,4,6,2,0.0,3.3,tree,1run,1,4
regular_n316,0,1,4,1,1,0.0,0.0,1run,1run,1,4
regular_n316,0,2,4,5,3,0.143,1.65,L,L,1,4
regular_n316,0,3,4,1,3,0.0,3.43,1run,L,1,4
regular_n316,0,4,4,6,2,0.0,3.61,L,1run,1,4
regular_n316,0,5,4,6,3,0.0,4.4,tree,L,1,4
regular_n316,0,6,4,5,4,0.0,2.58,L,L,1,4
regular_n316,0,7,4,8,3,0.375,1.27,L,L,1,4
regular_n316,0,8,4,5,3,0.6,1.61,L,1run,1,4
regular_n316,0,9,4,4,2,0.0,1.12,1run,L,1,4
regular_n316,0,10,4,7,2,0.125,0.66,tree,L,1,4
regular_n316,0,11,4,8,1,0.0,1.89,tree,1run,1,4
regular_n316,0,12,4,4,1,0.0,5.1,1run,1run,1,4
regular_n316,0,13,4,7,3,0.0,2.25,tree,L,1,4
regular_n316,0,14,4,5,2,0.0,4.47,1run,L,1,4
regular_n316,0,15,4,6,4,0.0,2.36,L,L,1,4
regular_n316,0,16,4,6,2,0.0,4.47,1run,1run,1,4
regular_n316,0,17,4,9,2,0.1,2.19,tree,1run,1,4
regular_n316,0,18,4,12,3,0.0,2.53,tree,L,1,4
regular_n316,0,19,4,2,5,0.0,4.82,1run,tree,1,4
regular_n316,0,20,4,8,3,0.0,1.86,tree,L,1,4
regular_n316,0,21,4,3,1,0.0,2.24,1run,1run,1,4
regular_n316,0,22,4,5,2,0.0,4.25,L,L,1,4
regular_n316,0,23,4,5,2,0.4,2.04,tree,1run,1,4
regular_n316,0,24,4,2,3,0.0,1.49,1run,L,1,4
regular_n316,0,25,4,2,3,0.0,2.83,1run,1run,1,4
regular_n316,0,26,4,5,3,0.0,0.57,L,L,1,4
regular_n316,0,27,4,8,3,0.1,4.74,L,L,1,4
regular_n316,0,28,4,2,1,0.0,2.0,1run,1run,1,4
regular_n316,0,29,4,6,1,0.0,1.17,L,1run,1,4
regular_n316,0,30,4,8,5,0.182,0.18,L,tree,1,4
regular_n316,0,31,4,3,3,0.5,0.75,1run,L,1,4
regular_n316,0,32,4,4,3,0.0,0.56,L,1run,1,4
regular_n316,0,33,4,7,3,0.0,1.83,tree,L,1,4
regular_n316,0,34,4,10,2,0.0,3.42,tree,L,1,4
regular_n316,0,35,4,6,1,0.0,3.87,L,1run,1,4
regular_n316,0,36,4,4,4,0.0,3.91,L,tree,1,4
regular_n316,0,37,4,9,3,0.0,3.2,L,tree,1,4
regular_n316,0,38,4,5,3,0.0,0.45,L,tree,1,4
regular_n316,0,39,4,14,2,0.0,1.65,tree,L,1,4
regular_n316,0,40,4,2,2,0.0,3.16,1run,1run,1,4
regular_n316,0,41,4,11,5,0.333,1.07,tree,L,1,4
regular_n316,0,42,4,7,2,0.0,3.41,tree,L,1,4
regular_n316,0,43,4,3,3,0.0,4.01,1run,tree,1,4
regular_n316,0,44,4,1,2,0.0,3.64,1run,L,1,4
regular_n316,0,45,4,5,2,0.0,1.12,L,L,1,4
regular_n316,0,46,4,8,2,0.0,1.95,tree,1run,1,4
regular_n316,0,47,4,12,5,0.0,1.0,tree,L,1,4
regular_n316,0,48,4,5,3,0.0,4.33,1run,L,1,4
regular_n316,0,49,4,3,3,0.0,6.47,1run,L,1,4
regular_n316,0,50,4,4,4,0.0,3.61,L,L,1,4
regular_n316,0,51,4,3,3,0.0,2.33,L,1run,1,4
regular_n316,0,52,4,1,3,0.0,3.67,1run,L,1,4
regular_n316,0,53,4,7,5,0.0,1.27,L,tree,1,4
regular_n316,0,54,4,4,2,0.0,4.3,L,1run,1,4
regular_n316,0,55,4,3,3,0.2,2.4,1run,L,1,4
regular_n316,0,56,4,1,5,0.0,2.63,1run,tree,1,4
regular_n316,0,57,4,2,2,0.0,3.0,1run,1run,1,4
regular_n316,0,58,4,5,4,0.0,2.73,tree,L,1,4
regular_n316,0,59,4,3,3,0.0,4.01,1run,tree,1,4
regular_n316,0,60,4,4,3,0.0,1.62,tree,L,1,4
regular_n316,0,61,4,11,3,0.0,0.33,tree,1run,1,4
regular_n316,0,62,4,6,4,0.0,2.37,L,tree,1,4
regular_n316,0,63,4,8,5,0.182,0.53,tree,L,1,4
regular_n316,0,64,4,2,1,0.0,1.41,1run,1run,1,4
regular_n316,0,65,4,5,4,0.0,0.89,tree,L,1,4
regular_n316,0,66,4,7,5,0.333,1.28,tree,tree,1,4
regular_n316,0,67,4,7,3,0.0,3.4,L,1run,1,4
regular_n316,0,68,4,7,3,0.111,1.19,L,tree,1,4
regular_n316,0,69,4,10,3,0.0,1.04,L,L,1,4
regular_n316,0,70,4,6,3,0.0,0.94,L,tree,1,4
regular_n316,0,71,4,3,1,0.0,4.06,L,1run,1,4
regular_n316,0,72,4,5,2,0.4,1.0,1run,1run,1,4
regular_n316,0,73,4,7,5,0.0,4.04,L,L,1,4
regular_n316,0,74,4,11,3,0.0,3.98,tree,L,1,4
regular_n316,0,75,4,5,3,0.0,4.33,L,L,1,4
regular_n316,0,76,4,8,4,0.0,5.2,tree,tree,1,4
regular_n316,0,77,4,11,2,0.0,1.83,tree,1run,1,4
regular_n316,0,78,4,4,4,0.0,5.26,tree,L,1,4
regular_n316,0,79,4,4,2,0.0,3.29,L,L,1,4
regular_n316,0,80,4,5,2,0.0,1.97,L,1run,1,4
regular_n316,0,81,4,2,3,0.0,4.63,L,L,1,4
regular_n316,0,82,4,5,3,0.0,3.75,tree,tree,1,4
regular_n316,0,83,4,4,3,0.4,1.09,L,L,1,4
regular_n316,0,84,4,5,3,0.333,2.41,L,1run,1,4
regular_n316,0,85,4,7,4,0.0,4.3,L,L,1,4
regular_n316,0,86,4,1,1,0.0,2.24,1run,1run,1,4
regular_n316,0,87,4,6,4,0.0,3.72,L,L,1,4
regular_n316,0,88,4,19,2,0.0,4.6,tree,1run,1,4
regular_n316,0,89,4,5,4,0.0,2.38,L,tree,1,4
regular_n316,0,90,4,6,2,0.0,6.15,L,1run,1,4
regular_n316,0,91,4,1,5,0.0,3.2,1run,tree,1,4
regular_n316,0,92,4,6,2,0.0,2.06,L,1run,1,4
regular_n316,0,93,4,2,5,0.0,3.61,1run,tree,1,4
regular_n316,0,94,4,9,3,0.0,2.56,tree,L,1,4
regular_n316,0,95,4,3,4,0.0,6.12,L,L,1,4
regular_n316,0,96,4,5,4,0.0,3.78,L,tree,1,4
regular_n316,0,97,4,2,3,0.0,2.36,1run,L,1,4
regular_n316,0,98,4,6,2,0.0,1.12,L,L,1,4
regular_n316,0,99,4,4,2,0.0,3.04,L,1run,1,4
regular_n316,0,100,4,4,5,0.0,2.72,L,L,1,4
regular_n316,0,101,4,7,3,0.25,1.49,L,L,1,4
regular_n316,0,102,4,10,2,0.0,1.46,tree,L,1,4
regular_n316,0,103,4,5,2,0.0,1.0,1run,1run,1,4
regular_n316,0,104,4,5,4,0.0,0.73,L,L,1,4
regular_n316,0,105,4,8,3,0.0,1.79,L,tree,1,4
regular_n316,0,106,4,2,2,0.0,3.2,L,L,1,4
regular_n316,0,107,4,19,4,0.095,3.11,tree,L,1,4
regular_n316,0,108,4,10,3,0.0,3.28,L,L,1,4
regular_n316,0,109,4,9,2,0.0,1.9,tree,1run,1,4
regular_n316,0,110,4,7,2,0.0,3.87,L,1run,1,4
regular_n316,0,111,4,5,1,0.0,4.12,L,1run,1,4
regular_n316,0,112,4,5,3,0.0,3.71,tree,tree,1,4
regular_n316,0,113,4,4,1,0.0,3.75,L,1run,1,4
regular_n316,0,114,4,6,6,0.0,1.57,1run,tree,1,4
regular_n316,0,115,4,6,3,0.0,2.13,L,L,1,4
regular_n316,0,116,4,7,2,0.0,1.63,L,L,1,4
regular_n316,0,117,4,5,3,0.0,2.88,L,tree,1,4
regular_n316,0,118,4,15,2,0.0,2.55,tree,L,1,4
regular_n316,0,119,4,5,1,0.0,0.2,L,1run,1,4
regular_n316,0,120,4,2,1,0.0,3.16,1run,1run,1,4
regular_n316,0,121,4,6,4,0.429,1.75,tree,L,1,4
regular_n316,0,122,4,9,3,0.0,2.6,tree,L,1,4
regular_n316,0,123,4,1,5,0.0,4.04,1run,tree,1,4
regular_n316,0,124,4,4,3,0.0,4.14,L,tree,1,4
regular_n316,0,125,4,4,3,0.0,1.2,1run,L,1,4
regular_n316,0,126,4,5,3,0.0,4.05,tree,1run,1,4
regular_n316,0,127,4,4,4,0.0,1.58,L,L,1,4
regular_n316,0,128,4,6,1,0.0,3.68,tree,1run,1,4
regular_n316,0,129,4,3,3,0.0,0.33,1run,L,1,4
regular_n316,0,130,4,5,5,0.0,3.45,tree,L,1,4
regular_n316,0,131,4,2,2,0.0,7.43,1run,L,1,4
regular_n316,0,132,4,9,2,0.0,2.64,tree,L,1,4
regular_n316,0,133,4,2,2,0.0,4.3,1run,L,1,4
regular_n316,0,134,4,1,3,0.0,4.48,1run,L,1,4
regular_n316,0,135,4,4,3,0.0,6.41,1run,L,1,4
regular_n316,0,136,4,3,3,0.2,3.02,L,1run,1,4
regular_n316,0,137,4,5,2,0.0,1.89,L,L,1,4
regular_n316,0,138,4,2,2,0.0,2.24,1run,L,1,4
regular_n316,0,139,4,6,2,0.0,2.69,1run,L,1,4
regular_n316,0,140,4,12,4,0.0,4.42,tree,L,1,4
regular_n316,0,141,4,4,1,0.0,4.03,tree,1run,1,4
regular_n316,0,142,4,8,2,0.111,1.33,L,L,1,4
regular_n316,0,143,4,1,2,0.0,5.0,1run,1run,1,4
regular_n316,0,144,4,7,3,0.0,1.39,L,tree,1,4
regular_n316,0,145,4,8,4,0.0,4.65,L,tree,1,4
regular_n316,0,146,4,8,4,0.333,0.64,tree,L,1,4
regular_n316,0,147,4,2,4,0.5,0.0,1run,1run,1,4
regular_n316,0,148,4,5,4,0.0,1.06,L,L,1,4
regular_n316,0,149,4,20,6,0.0,2.51,tree,L,1,4
regular_n316,0,150,4,3,2,0.0,3.07,L,L,1,4
regular_n316,0,151,4,1,4,0.0,6.08,1run,L,1,4
regular_n316,0,152,4,5,4,0.286,0.75,1run,tree,1,4
regular_n316,0,153,4,7,2,0.0,2.3,tree,1run,1,4
regular_n316,0,154,4,8,1,0.0,3.25,tree,1run,1,4
regular_n316,0,155,4,3,2,0.0,0.71,1run,L,1,4
regular_n316,0,156,4,17,5,0.0,6.42,tree,tree,1,4
regular_n316,0,157,4,6,4,0.0,0.92,L,L,1,4
regular_n316,0,158,4,2,3,0.0,4.58,L,tree,1,4
regular_n316,0,159,4,7,4,0.0,2.06,tree,tree,1,4
regular_n316,0,160,4,2,1,0.0,0.0,1run,1run,1,4
regular_n316,0,161,4,6,3,0.0,3.57,L,tree,1,4
regular_n316,0,162,4,4,4,0.0,3.13,L,L,1,4
regular_n316,0,163,4,7,3,0.0,3.74,L,tree,1,4
regular_n316,0,164,4,4,2,0.0,4.61,1run,L,1,4
regular_n316,0,165,4,1,2,0.0,2.0,1run,1run,1,4
regular_n316,0,166,4,2,1,0.0,4.03,L,1run,1,4
regular_n316,0,167,4,5,1,0.0,1.13,L,1run,1,4
regular_n316,0,168,4,1,2,0.0,2.24,1run,L,1,4
regular_n316,0,169,4,1,4,0.0,5.13,1run,tree,1,4
regular_n316,0,170,4,4,1,0.0,4.61,L,1run,1,4
regular_n316,0,171,4,3,4,0.0,2.76,1run,tree,1,4
regular_n316,0,172,4,3,6,0.0,2.48,L,tree,1,4
regular_n316,0,173,4,5,6,0.1,2.09,tree,tree,1,4
regular_n316,0,174,4,7,3,0.0,3.29,L,L,1,4
regular_n316,0,175,4,4,2,0.0,3.18,L,1run,1,4
regular_n316,0,176,4,5,4,0.0,1.86,L,L,1,4
regular_n316,0,177,4,2,1,0.0,3.54,L,1run,1,4
regular_n316,0,178,4,6,3,0.0,1.17,tree,L,1,4
regular_n316,0,179,4,2,4,0.0,2.3,1run,L,1,4
regular_n316,0,180,4,4,5,0.0,0.89,1run,L,1,4
regular_n316,0,181,4,5,2,0.0,2.2,L,L,1,4
regular_n316,0,182,4,7,3,0.0,5.49,L,L,1,4
regular_n316,0,183,4,1,3,0.0,6.75,1run,tree,1,4
regular_n316,0,184,4,9,4,0.0,1.44,tree,tree,1,4
regular_n316,0,185,4,4,3,0.0,4.04,L,1run,1,4
regular_n316,0,186,4,3,3,0.0,4.35,1run,L,1,4
regular_n316,0,187,4,2,1,0.0,3.16,L,1run,1,4
regular_n316,0,188,4,3,3,0.0,1.37,L,L,1,4
regular_n316,0,189,4,4,3,0.0,4.88,L,L,1,4
regular_n316,0,190,4,13,2,0.0,0.94,tree,1run,1,4
regular_n316,0,191,4,1,3,0.0,1.37,1run,L,1,4
regular_n316,0,192,4,3,2,0.0,1.86,L,L,1,4
regular_n316,0,193,4,14,3,0.0,6.23,tree,L,1,4
regular_n316,0,194,4,9,5,0.0,3.6,L,tree,1,4
regular_n316,0,195,4,1,2,0.0,1.5,1run,L,1,4
regular_n316,0,196,4,5,2,0.0,0.78,L,L,1,4
regular_n316,0,197,4,3,3,0.0,1.2,L,L,1,4
regular_n316,0,198,4,7,3,0.0,1.58,tree,1run,1,4
regular_n316,0,199,4,1,2,0.0,5.66,1run,1run,1,4
regular_n316,0,200,4,5,5,0.0,3.22,L,tree,1,4
regular_n316,0,201,4,3,2,0.0,1.8,1run,L,1,4
regular_n316,0,202,4,5,2,0.0,3.47,L,L,1,4
regular_n316,0,203,4,4,2,0.0,4.24,1run,1run,1,4
regular_n316,0,204,4,5,3,0.0,2.63,L,L,1,4
regular_n316,0,205,4,2,1,0.0,2.0,1run,1run,1,4
regular_n316,0,206,4,10,6,0.0,2.0,tree,L,1,4
regular_n316,0,207,4,2,2,0.0,5.1,L,L,1,4
regular_n316,0,208,4,8,3,0.0,1.36,tree,L,1,4
regular_n316,0,209,4,6,3,0.0,0.47,L,L,1,4
regular_n316,0,210,4,5,2,0.0,2.33,L,L,1,4
regular_n316,0,211,4,2,3,0.0,4.25,L,L,1,4
regular_n316,0,212,4,5,5,0.0,5.65,L,tree,1,4
regular_n316,0,213,4,9,1,0.0,2.43,tree,1run,1,4
regular_n316,0,214,4,3,4,0.0,0.75,L,L,1,4
regular_n316,0,215,4,4,2,0.2,1.8,L,L,1,4
regular_n316,0,216,4,5,4,0.0,1.77,1run,L,1,4
regular_n316,0,217,4,3,3,0.0,0.75,L,L,1,4
regular_n316,0,218,4,11,4,0.0,2.92,tree,L,1,4
regular_n316,0,219,4,6,3,0.0,2.64,tree,1run,1,4
regular_n316,0,220,4,7,2,0.286,1.22,tree,1run,1,4
regular_n316,0,221,4,7,3,0.0,4.05,L,L,1,4
regular_n316,0,222,4,1,3,0.0,0.33,1run,tree,1,4
regular_n316,0,223,4,5,2,0.0,3.05,L,1run,1,4
regular_n316,0,224,4,3,2,0.0,2.48,L,L,1,4
regular_n316,0,225,4,5,4,0.0,1.39,L,L,1,4
regular_n316,0,226,4,4,1,0.0,1.77,L,1run,1,4
regular_n316,0,227,4,7,2,0.0,2.29,L,1run,1,4
regular_n316,0,228,4,1,2,0.0,2.69,1run,L,1,4
regular_n316,0,229,4,4,3,0.0,1.6,L,1run,1,4
regular_n316,0,230,4,2,3,0.0,2.85,1run,L,1,4
regular_n316,0,231,4,1,1,0.0,1.0,1run,1run,1,4
regular_n316,0,232,4,6,2,0.0,2.55,L,L,1,4
regular_n316,0,233,4,8,5,0.0,4.29,L,tree,1,4
regular_n316,0,234,4,3,3,0.0,3.28,1run,L,1,4
regular_n316,0,235,4,3,3,0.0,5.55,L,tree,1,4
regular_n316,0,236,4,4,3,0.0,4.09,L,L,1,4
regular_n316,0,237,4,3,3,0.0,1.41,1run,tree,1,4
regular_n316,0,238,4,4,2,0.0,4.61,L,1run,1,4
regular_n316,0,239,4,2,1,0.0,6.02,L,1run,1,4
regular_n316,0,240,4,2,2,0.0,2.24,1run,1run,1,4
regular_n316,0,241,4,2,2,0.0,2.06,1run,L,1,4
regular_n316,0,242,4,7,3,0.0,0.63,L,tree,1,4
regular_n316,0,243,4,2,5,0.0,1.28,1run,tree,1,4
regular_n316,0,244,4,5,2,0.0,2.2,tree,1run,1,4
regular_n316,0,245,4,3,2,0.0,2.43,L,1run,1,4
regular_n316,0,246,4,3,1,0.0,3.16,1run,1run,1,4
regular_n316,0,247,4,6,2,0.0,2.24,1run,1run,1,4
regular_n316,0,248,4,5,1,0.0,4.28,L,1run,1,4
regular_n316,0,249,4,8,2,0.0,3.75,tree,1run,1,4
regular_n316,0,250,4,2,2,0.0,2.24,1run,1run,1,4
regular_n316,0,251,4,10,6,0.143,1.41,tree,L,1,4
regular_n316,0,252,4,1,3,0.0,5.39,1run,1run,1,4
regular_n316,0,253,4,2,3,0.0,2.36,1run,L,1,4
regular_n316,0,254,4,3,1,0.0,2.24,1run,1run,1,4
regular_n316,0,255,4,4,4,0.0,2.85,L,tree,1,4
regular_n316,0,256,4,3,4,0.0,5.71,L,tree,1,4
regular_n316,0,257,4,4,3,0.0,3.61,1run,1run,1,4
regular_n316,0,258,4,6,2,0.333,1.67,L,1run,1,4
regular_n316,0,259,4,8,3,0.222,0.67,L,L,1,4
regular_n316,0,260,4,5,1,0.0,1.08,L,1run,1,4
regular_n316,0,261,4,5,2,0.0,1.84,L,L,1,4
regular_n316,0,262,4,6,5,0.375,0.13,L,L,1,4
regular_n316,0,263,4,2,4,0.0,5.03,1run,L,1,4
regular_n316,0,264,4,3,4,0.0,1.67,L,1run,1,4
regular_n316,0,265,4,3,3,0.0,3.02,L,L,1,4
regular_n316,0,266,4,3,2,0.0,2.24,1run,1run,1,4
regular_n316,0,267,4,1,2,0.0,2.24,1run,1run,1,4
regular_n316,0,268,4,1,4,0.0,6.73,1run,L,1,4
regular_n316,0,269,4,5,1,0.0,2.91,L,1run,1,4
regular_n316,0,270,4,2,2,0.0,1.12,1run,L,1,4
regular_n316,0,271,4,5,2,0.0,1.75,L,L,1,4
regular_n316,0,272,4,4,4,0.6,1.5,1run,L,1,4
regular_n316,0,273,4,10,2,0.0,3.31,tree,L,1,4
regular_n316,0,274,4,5,5,0.0,0.63,L,L,1,4
regular_n316,0,275,4,4,3,0.4,2.69,1run,L,1,4
regular_n316,0,276,4,7,5,0.0,2.06,L,L,1,4
regular_n316,0,277,4,7,1,0.0,2.59,L,1run,1,4
regular_n316,0,278,4,2,1,0.0,4.0,1run,1run,1,4
regular_n316,0,279,4,5,2,0.0,3.16,1run,1run,1,4
regular_n316,0,280,4,5,3,0.333,4.0,1run,1run,1,4
regular_n316,0,281,4,1,4,0.0,5.83,1run,tree,1,4
regular_n316,0,282,4,4,3,0.0,5.76,L,L,1,4
regular_n316,0,283,4,3,2,0.0,5.7,L,L,1,4
regular_n316,0,284,4,4,2,0.0,2.61,L,1run,1,4
regular_n316,0,285,4,4,2,0.0,3.95,L,L,1,4
regular_n316,0,286,4,4,2,0.0,1.03,L,1run,1,4
regular_n316,0,287,4,10,3,0.0,2.66,tree,L,1,4
regular_n316,0,288,4,2,5,0.0,1.0,L,L,1,4
regular_n316,0,289,4,5,3,0.333,1.93,L,L,1,4
regular_n316,0,290,4,6,3,0.125,1.17,L,tree,1,4
regular_n316,0,291,4,3,2,0.0,5.1,1run,1run,1,4
regular_n316,0,292,4,5,3,0.0,3.15,L,L,1,4
regular_n316,0,293,4,4,3,0.0,1.2,1run,L,1,4
regular_n316,0,294,4,1,2,0.0,1.12,1run,L,1,4
regular_n316,0,295,4,4,2,0.0,4.53,L,L,1,4
regular_n316,0,296,4,1,3,0.0,2.54,1run,L,1,4
regular_n316,0,297,4,4,3,0.0,2.71,L,L,1,4
regular_n316,0,298,4,3,2,0.0,1.5,1run,L,1,4
regular_n316,0,299,4,4,6,0.0,2.46,1run,tree,1,4
regular_n316,0,300,4,8,2,0.25,2.0,1run,1run,1,4
regular_n316,0,301,4,6,1,0.0,2.4,L,1run,1,4
regular_n316,0,302,4,5,2,0.0,2.47,tree,L,1,4
regular_n316,0,303,4,3,2,0.0,0.71,1run,L,1,4
regular_n316,0,304,4,3,2,0.0,6.08,1run,L,1,4
regular_n316,0,305,4,2,2,0.0,2.0,1run,1run,1,4
regular_n316,0,306,4,2,4,0.0,2.24,1run,L,1,4
regular_n316,0,307,4,1,5,0.0,1.44,1run,L,1,4
regular_n316,0,308,4,7,5,0.0,4.28,L,tree,1,4
regular_n316,0,309,4,1,4,0.0,5.06,1run,tree,1,4
regular_n316,0,310,4,7,1,0.0,3.93,L,1run,1,4
regular_n316,0,311,4,2,3,0.0,4.0,1run,1run,1,4
regular_n316,0,312,4,6,1,0.0,1.94,tree,1run,1,4
regular_n316,0,313,4,3,2,0.0,1.0,1run,1run,1,4
regular_n316,0,314,4,2,4,0.0,5.06,1run,tree,1,4
regular_n316,0,315,4,4,5,0.125,4.87,L,L,1,4
regular_n316,1,0,4,6,4,0.0,3.52,tree,L,1,4
regular_n316,1,1,4,1,2,0.0,3.04,1run,L,1,4
regular_n316,1,2,4,6,3,0.0,2.95,tree,L,1,4
regular_n316,1,3,4,6,2,0.0,5.0,tree,L,1,4
regular_n316,1,4,4,6,2,0.0,3.0,L,1run,1,4
regular_n316,1,5,4,6,3,0.0,4.63,tree,L,1,4
regular_n316,1,6,4,5,3,0.0,3.13,L,1run,1,4
regular_n316,1,7,4,8,2,0.25,2.52,L,1run,1,4
regular_n316,1,8,4,5,1,0.2,0.45,L,1run,1,4
regular_n316,1,9,4,4,3,0.0,2.0,1run,L,1,4
regular_n316,1,10,4,7,2,0.125,0.2,tree,L,1,4
regular_n316,1,11,4,8,5,0.083,1.49,tree,L,1,4
regular_n316,1,12,4,3,2,0.0,3.91,L,L,1,4
regular_n316,1,13,4,7,4,0.0,0.99,tree,tree,1,4
regular_n316,1,14,4,5,4,0.0,1.68,1run,tree,1,4
regular_n316,1,15,4,7,4,0.0,1.49,tree,L,1,4
regular_n316,1,16,4,6,4,0.0,3.04,1run,L,1,4
regular_n316,1,17,4,11,2,0.182,2.5,tree,1run,1,4
regular_n316,1,18,4,1,2,0.0,2.83,1run,1run,1,4
regular_n316,1,19,4,11,3,0.077,1.98,tree,L,1,4
regular_n316,1,20,4,8,2,0.0,2.78,tree,1run,1,4
regular_n316,1,21,4,3,2,0.0,2.06,1run,L,1,4
regular_n316,1,22,4,5,3,0.0,3.26,L,1run,1,4
regular_n316,1,23,4,3,1,0.0,1.0,1run,1run,1,4
regular_n316,1,24,4,3,2,0.0,2.71,L,L,1,4
regular_n316,1,25,4,2,5,0.0,2.4,1run,L,1,4
regular_n316,1,26,4,5,2,0.0,1.28,L,1run,1,4
regular_n316,1,27,4,8,5,0.0,4.11,L,tree,1,4
regular_n316,1,28,4,2,1,0.0,2.0,1run,1run,1,4
regular_n316,1,29,4,7,3,0.0,3.43,1run,L,1,4
regular_n316,1,30,4,6,4,0.0,1.75,1run,L,1,4
regular_n316,1,31,4,3,3,0.0,1.7,1run,L,1,4
regular_n316,1,32,4,4,3,0.0,3.51,L,1run,1,4
regular_n316,1,33,4,7,3,0.0,2.47,tree,L,1,4
regular_n316,1,34,4,2,3,0.0,3.4,1run,L,1,4
regular_n316,1,35,4,6,1,0.0,3.87,L,1run,1,4
regular_n316,1,36,4,4,3,0.0,3.48,L,L,1,4
regular_n316,1,37,4,9,4,0.0,0.62,L,L,1,4
regular_n316,1,38,4,5,5,0.0,1.6,L,tree,1,4
regular_n316,1,39,4,1,3,0.0,2.0,1run,1run,1,4
regular_n316,1,40,4,2,3,0.0,3.73,1run,tree,1,4
regular_n316,1,41,4,11,3,0.167,3.08,tree,L,1,4
regular_n316,1,42,4,9,2,0.0,1.35,tree,L,1,4
regular_n316,1,43,4,5,1,0.0,2.67,L,1run,1,4
regular_n316,1,44,4,1,2,0.0,3.61,1run,1run,1,4
regular_n316,1,45,4,6,2,0.0,2.17,tree,1run,1,4
regular_n316,1,46,4,6,4,0.429,1.54,L,L,1,4
regular_n316,1,47,4,1,5,0.2,0.28,1run,tree,1,4
regular_n316,1,48,4,5,4,0.0,3.61,1run,L,1,4
regular_n316,1,49,4,3,3,0.0,4.18,1run,L,1,4
regular_n316,1,50,4,4,3,0.0,3.66,L,L,1,4
regular_n316,1,51,4,3,4,0.0,3.24,L,tree,1,4
regular_n316,1,52,4,1,2,0.0,1.41,1run,1run,1,4
regular_n316,1,53,4,7,4,0.571,0.52,L,1run,1,4
regular_n316,1,54,4,4,2,0.0,2.5,L,L,1,4
regular_n316,1,55,4,3,2,0.0,2.24,1run,1run,1,4
regular_n316,1,56,4,1,4,0.0,2.46,1run,L,1,4
regular_n316,1,57,4,2,4,0.0,3.04,1run,L,1,4
regular_n316,1,58,4,5,3,0.0,2.56,tree,L,1,4
regular_n316,1,59,4,3,4,0.0,3.91,1run,L,1,4
regular_n316,1,60,4,6,4,0.0,1.19,tree,L,1,4
regular_n316,1,61,4,10,5,0.0,1.14,tree,1run,1,4
regular_n316,1,62,4,6,2,0.0,2.55,L,1run,1,4
regular_n316,1,63,4,4,4,0.6,1.03,1run,L,1,4
regular_n316,1,64,4,2,1,0.0,2.24,1run,1run,1,4
regular_n316,1,65,4,5,3,0.0,2.26,tree,L,1,4
regular_n316,1,66,4,7,3,0.25,0.95,tree,L,1,4
regular_n316,1,67,4,7,2,0.0,3.13,L,1run,1,4
regular_n316,1,68,4,7,2,0.0,1.16,L,L,1,4
regular_n316,1,69,4,10,6,0.0,1.34,L,tree,1,4
regular_n316,1,70,4,6,4,0.0,1.89,L,1run,1,4
regular_n316,1,71,4,4,1,0.0,3.26,tree,1run,1,4
regular_n316,1,72,4,5,3,0.0,1.0,1run,1run,1,4
regular_n316,1,73,4,6,2,0.143,2.03,L,L,1,4
regular_n316,1,74,4,11,5,0.0,2.51,tree,tree,1,4
regular_n316,1,75,4,5,3,0.0,4.47,L,tree,1,4
regular_n316,1,76,4,4,6,0.0,1.17,1run,L,1,4
regular_n316,1,77,4,9,2,0.0,1.02,L,1run,1,4
regular_n316,1,78,4,4,3,0.0,4.35,tree,L,1,4
regular_n316,1,79,4,4,2,0.0,3.4,L,L,1,4
regular_n316,1,80,4,6,4,0.0,0.65,L,L,1,4
regular_n316,1,81,4,2,2,0.0,3.2,L,1run,1,4
regular_n316,1,82,4,7,3,0.0,0.58,tree,L,1,4
regular_n316,1,83,4,4,1,0.0,4.65,L,1run,1,4
regular_n316,1,84,4,7,3,0.0,0.82,tree,tree,1,4
regular_n316,1,85,4,7,2,0.0,1.39,L,L,1,4
regular_n316,1,86,4,1,2,0.0,3.04,1run,L,1,4
regular_n316,1,87,4,6,3,0.0,2.5,L,1run,1,4
regular_n316,1,88,4,2,2,0.0,1.58,1run,L,1,4
regular_n316,1,89,4,5,6,0.375,0.22,L,L,1,4
regular_n316,1,90,4,6,2,0.0,5.52,L,1run,1,4
regular_n316,1,91,4,1,2,0.0,5.52,1run,L,1,4
regular_n316,1,92,4,6,3,0.0,1.8,L,1run,1,4
regular_n316,1,93,4,1,3,0.0,2.87,1run,L,1,4
regular_n316,1,94,4,5,1,0.0,5.23,L,1run,1,4
regular_n316,1,95,4,3,4,0.0,5.32,L,L,1,4
regular_n316,1,96,4,5,2,0.0,2.39,L,L,1,4
regular_n316,1,97,4,2,2,0.0,3.61,1run,1run,1,4
regular_n316,1,98,4,7,2,0.0,1.73,tree,1run,1,4
regular_n316,1,99,4,4,3,0.0,1.01,L,L,1,4
regular_n316,1,100,4,4,1,0.0,2.24,L,1run,1,4
regular_n316,1,101,4,7,4,0.0,2.4,L,L,1,4
regular_n316,1,102,4,6,3,0.0,1.27,tree,L,1,4
regular_n316,1,103,4,5,3,0.6,0.0,1run,1run,1,4
regular_n316,1,104,4,5,4,0.286,0.63,L,L,1,4
regular_n316,1,105,4,8,4,0.2,2.8,L,L,1,4
regular_n316,1,106,4,2,2,0.0,2.69,L,L,1,4
regular_n316,1,107,4,22,3,0.0,1.08,tree,L,1,4
regular_n316,1,108,4,10,5,0.0,4.02,L,L,1,4
regular_n316,1,109,4,8,4,0.0,1.88,L,tree,1,4
regular_n316,1,110,4,7,4,0.375,2.86,L,L,1,4
regular_n316,1,111,4,5,1,0.0,1.84,L,1run,1,4
regular_n316,1,112,4,5,3,0.0,3.71,tree,L,1,4
regular_n316,1,113,4,4,1,0.0,4.01,L,1run,1,4
regular_n316,1,114,4,6,6,0.2,1.2,1run,tree,1,4
regular_n316,1,115,4,6,4,0.0,0.85,L,tree,1,4
regular_n316,1,116,4,7,3,0.0,1.93,L,L,1,4
regular_n316,1,117,4,5,2,0.0,1.8,L,L,1,4
regular_n316,1,118,4,4,4,0.0,3.34,L,L,1,4
regular_n316,1,119,4,5,2,0.0,2.42,L,1run,1,4
regular_n316,1,120,4,2,2,0.0,0.5,1run,L,1,4
regular_n316,1,121,4,6,1,0.0,2.32,tree,1run,1,4
regular_n316,1,122,4,9,3,0.0,1.62,tree,1run,1,4
regular_n316,1,123,4,6,4,0.429,1.01,tree,L,1,4
regular_n316,1,124,4,4,3,0.0,2.52,L,tree,1,4
regular_n316,1,125,4,4,2,0.0,2.24,1run,1run,1,4
regular_n316,1,126,4,5,2,0.0,4.02,tree,1run,1,4
regular_n316,1,127,4,4,4,0.143,2.5,L,1run,1,4
regular_n316,1,128,4,6,4,0.25,1.96,tree,L,1,4
regular_n316,1,129,4,3,3,0.2,2.11,1run,L,1,4
regular_n316,1,130,4,5,4,0.0,2.79,tree,L,1,4
regular_n316,1,131,4,2,2,0.0,5.1,1run,1run,1,4
regular_n316,1,132,4,6,3,0.286,1.01,tree,L,1,4
regular_n316,1,133,4,7,2,0.0,2.01,tree,1run,1,4
regular_n316,1,134,4,5,2,0.0,3.61,L,1run,1,4
regular_n316,1,135,4,5,4,0.0,5.25,L,tree,1,4
regular_n316,1,136,4,3,1,0.0,2.03,L,1run,1,4
regular_n316,1,137,4,5,3,0.0,1.61,L,L,1,4
regular_n316,1,138,4,2,1,0.5,1.0,1run,1run,1,4
regular_n316,1,139,4,9,2,0.0,2.88,tree,1run,1,4
regular_n316,1,140,4,2,3,0.0,0.24,L,L,1,4
regular_n316,1,141,4,4,2,0.0,2.92,tree,L,1,4
regular_n316,1,142,4,8,3,0.0,1.46,L,1run,1,4
regular_n316,1,143,4,1,2,0.0,5.0,1run,1run,1,4
regular_n316,1,144,4,7,3,0.0,0.96,L,L,1,4
regular_n316,1,145,4,8,4,0.0,3.47,L,L,1,4
regular_n316,1,146,4,8,5,0.0,2.0,tree,L,1,4
regular_n316,1,147,4,5,2,0.4,1.0,1run,1run,1,4
regular_n316,1,148,4,5,3,0.333,0.95,L,L,1,4
regular_n316,1,149,4,1,3,0.0,1.67,1run,L,1,4
regular_n316,1,150,4,3,2,0.0,3.89,L,L,1,4
regular_n316,1,151,4,1,5,0.0,6.14,1run,tree,1,4
regular_n316,1,152,4,4,3,0.0,1.2,1run,L,1,4
regular_n316,1,153,4,10,3,0.0,1.7,tree,1run,1,4
regular_n316,1,154,4,8,2,0.0,3.75,tree,1run,1,4
regular_n316,1,155,4,3,1,0.0,2.0,1run,1run,1,4
regular_n316,1,156,4,6,2,0.0,4.71,L,1run,1,4
regular_n316,1,157,4,7,3,0.0,2.77,L,1run,1,4
regular_n316,1,158,4,2,4,0.0,3.58,L,L,1,4
regular_n316,1,159,4,7,5,0.091,1.65,tree,L,1,4
regular_n316,1,160,4,5,2,0.0,0.63,tree,1run,1,4
regular_n316,1,161,4,6,3,0.0,4.03,L,1run,1,4
regular_n316,1,162,4,8,3,0.0,2.92,tree,tree,1,4
regular_n316,1,163,4,9,2,0.0,0.7,L,L,1,4
regular_n316,1,164,4,4,1,0.0,6.4,1run,1run,1,4
regular_n316,1,165,4,1,3,0.0,2.11,1run,L,1,4
regular_n316,1,166,4,2,1,0.0,4.27,L,1run,1,4
regular_n316,1,167,4,5,1,0.0,0.82,L,1run,1,4
regular_n316,1,168,4,1,2,0.0,4.3,1run,L,1,4
regular_n316,1,169,4,1,2,0.0,2.69,1run,L,1,4
regular_n316,1,170,4,4,3,0.0,3.88,L,tree,1,4
regular_n316,1,171,4,3,1,0.0,3.61,1run,1run,1,4
regular_n316,1,172,4,3,6,0.0,1.34,L,tree,1,4
regular_n316,1,173,4,5,3,0.0,1.5,tree,L,1,4
regular_n316,1,174,4,8,4,0.0,2.5,L,L,1,4
regular_n316,1,175,4,6,2,0.0,1.49,tree,1run,1,4
regular_n316,1,176,4,5,5,0.25,2.16,L,tree,1,4
regular_n316,1,177,4,2,3,0.0,2.88,L,L,1,4
regular_n316,1,178,4,6,2,0.143,0.17,tree,L,1,4
regular_n316,1,179,4,11,4,0.071,0.51,tree,L,1,4
regular_n316,1,180,4,4,2,0.0,2.0,1run,1run,1,4
regular_n316,1,181,4,5,3,0.0,3.07,L,tree,1,4
regular_n316,1,182,4,3,2,0.0,3.64,1run,L,1,4
regular_n316,1,183,4,1,1,0.0,8.06,1run,1run,1,4
regular_n316,1,184,4,9,2,0.0,3.1,tree,L,1,4
regular_n316,1,185,4,4,3,0.0,3.25,L,L,1,4
regular_n316,1,186,4,3,2,0.0,3.16,1run,1run,1,4
regular_n316,1,187,4,2,2,0.0,2.5,L,L,1,4
regular_n316,1,188,4,3,3,0.0,2.33,L,1run,1,4
regular_n316,1,189,4,4,2,0.0,4.81,L,1run,1,4
regular_n316,1,190,4,13,4,0.0,2.18,tree,tree,1,4
regular_n316,1,191,4,15,3,0.0,4.74,tree,L,1,4
regular_n316,1,192,4,3,3,0.0,2.54,L,L,1,4
regular_n316,1,193,4,13,3,0.0,4.15,tree,L,1,4
regular_n316,1,194,4,9,3,0.0,2.0,L,1run,1,4
regular_n316,1,195,4,3,2,0.0,2.24,1run,1run,1,4
regular_n316,1,196,4,5,4,0.0,1.08,L,1run,1,4
regular_n316,1,197,4,5,3,0.333,0.3,tree,L,1,4
regular_n316,1,198,4,6,2,0.0,3.07,L,L,1,4
regular_n316,1,199,4,1,3,0.0,4.48,1run,tree,1,4
regular_n316,1,200,4,5,4,0.0,3.56,L,L,1,4
regular_n316,1,201,4,3,3,0.0,1.49,1run,L,1,4
regular_n316,1,202,4,5,3,0.0,1.88,L,L,1,4
regular_n316,1,203,4,4,1,0.0,3.61,1run,1run,1,4
regular_n316,1,204,4,5,4,0.0,2.87,L,L,1,4
regular_n316,1,205,4,5,2,0.0,0.2,tree,1run,1,4
regular_n316,1,206,4,10,4,0.0,4.14,tree,L,1,4
regular_n316,1,207,4,2,5,0.0,0.8,1run,L,1,4
regular_n316,1,208,4,18,2,0.0,4.28,tree,L,1,4
regular_n316,1,209,4,6,3,0.0,1.67,L,L,1,4
regular_n316,1,210,4,7,3,0.0,2.79,L,tree,1,4
regular_n316,1,211,4,2,4,0.0,2.83,L,L,1,4
regular_n316,1,212,4,5,3,0.0,3.02,L,L,1,4
regular_n316,1,213,4,2,2,0.0,3.16,1run,1run,1,4
regular_n316,1,214,4,3,4,0.0,3.18,L,L,1,4
regular_n316,1,215,4,5,2,0.0,1.64,tree,L,1,4
regular_n316,1,216,4,7,2,0.0,1.29,L,L,1,4
regular_n316,1,217,4,3,1,0.0,0.33,L,1run,1,4
regular_n316,1,218,4,4,3,0.4,1.67,1run,L,1,4
regular_n316,1,219,4,8,4,0.2,2.02,tree,L,1,4
regular_n316,1,220,4,4,5,0.0,3.5,L,tree,1,4
regular_n316,1,221,4,8,3,0.0,0.45,tree,1run,1,4
regular_n316,1,222,4,1,2,0.0,1.0,1run,1run,1,4
regular_n316,1,223,4,5,3,0.143,0.98,L,L,1,4
regular_n316,1,224,4,3,4,0.0,2.98,L,L,1,4
regular_n316,1,225,4,5,3,0.0,2.34,L,1run,1,4
regular_n316,1,226,4,4,2,0.0,2.47,L,L,1,4
regular_n316,1,227,4,7,2,0.286,3.4,L,1run,1,4
regular_n316,1,228,4,1,1,0.0,4.24,1run,1run,1,4
regular_n316,1,229,4,4,4,0.0,1.12,L,L,1,4
regular_n316,1,230,4,2,2,0.0,2.06,1run,L,1,4
regular_n316,1,231,4,2,1,0.0,2.24,1run,1run,1,4
regular_n316,1,232,4,6,2,0.0,5.0,L,1run,1,4
regular_n316,1,233,4,8,5,0.0,3.69,L,L,1,4
regular_n316,1,234,4,3,2,0.0,4.74,1run,L,1,4
regular_n316,1,235,4,1,2,0.0,3.04,1run,L,1,4
regular_n316,1,236,4,4,2,0.0,5.7,L,L,1,4
regular_n316,1,237,4,3,3,0.0,1.41,1run,tree,1,4
regular_n316,1,238,4,4,3,0.0,2.52,L,tree,1,4
regular_n316,1,239,4,2,3,0.0,4.13,L,L,1,4
regular_n316,1,240,4,2,2,0.0,0.5,1run,L,1,4
regular_n316,1,241,4,2,2,0.0,2.06,1run,L,1,4
regular_n316,1,242,4,7,4,0.0,0.82,L,L,1,4
regular_n316,1,243,4,3,3,0.0,3.9,1run,L,1,4
regular_n316,1,244,4,3,3,0.0,1.05,1run,L,1,4
regular_n316,1,245,4,4,3,0.0,1.71,L,tree,1,4
regular_n316,1,246,4,3,2,0.0,3.5,1run,L,1,4
regular_n316,1,247,4,6,3,0.0,1.0,1run,1run,1,4
regular_n316,1,248,4,5,2,0.0,3.21,L,L,1,4
regular_n316,1,249,4,7,3,0.0,3.65,tree,L,1,4
regular_n316,1,250,4,3,1,0.0,2.83,1run,1run,1,4
regular_n316,1,251,4,10,3,0.0,1.1,tree,L,1,4
regular_n316,1,252,4,1,1,0.0,4.12,1run,1run,1,4
regular_n316,1,253,4,2,3,0.0,3.16,1run,L,1,4
regular_n316,1,254,4,3,4,0.167,3.09,1run,tree,1,4
regular_n316,1,255,4,4,4,0.0,2.26,L,L,1,4
regular_n316,1,256,4,11,4,0.0,1.23,tree,L,1,4
regular_n316,1,257,4,4,3,0.0,1.41,1run,1run,1,4
regular_n316,1,258,4,6,1,0.167,2.67,L,1run,1,4
regular_n316,1,259,4,9,4,0.3,1.71,L,L,1,4
regular_n316,1,260,4,4,2,0.0,1.41,1run,1run,1,4
regular_n316,1,261,4,3,2,0.0,1.41,1run,1run,1,4
regular_n316,1,262,4,6,5,0.0,1.62,L,tree,1,4
regular_n316,1,263,4,2,2,0.0,5.0,1run,1run,1,4
regular_n316,1,264,4,3,5,0.0,1.93,L,L,1,4
regular_n316,1,265,4,3,2,0.0,2.6,L,1run,1,4
regular_n316,1,266,4,3,1,0.0,3.16,1run,1run,1,4
regular_n316,1,267,4,1,2,0.0,2.0,1run,1run,1,4
regular_n316,1,268,4,1,2,0.0,5.1,1run,L,1,4
regular_n316,1,269,4,4,4,0.0,2.0,1run,tree,1,4
regular_n316,1,270,4,2,4,0.0,2.76,1run,L,1,4
regular_n316,1,271,4,5,2,0.0,3.79,L,1run,1,4
regular_n316,1,272,4,4,1,0.0,2.0,1run,1run,1,4
regular_n316,1,273,4,8,2,0.0,3.47,L,L,1,4
regular_n316,1,274,4,6,6,0.0,0.47,tree,L,1,4
regular_n316,1,275,4,4,4,0.0,0.9,1run,L,1,4
regular_n316,1,276,4,8,4,0.0,1.01,tree,1run,1,4
regular_n316,1,277,4,7,2,0.0,1.09,L,L,1,4
regular_n316,1,278,4,4,3,0.0,2.24,L,1run,1,4
regular_n316,1,279,4,5,3,0.0,5.08,1run,L,1,4
regular_n316,1,280,4,5,2,0.0,3.61,1run,1run,1,4
regular_n316,1,281,4,1,6,0.0,4.74,1run,L,1,4
regular_n316,1,282,4,4,3,0.0,4.4,L,tree,1,4
regular_n316,1,283,4,3,4,0.0,5.84,L,L,1,4
regular_n316,1,284,4,4,3,0.0,1.98,L,L,1,4
regular_n316,1,285,4,3,3,0.0,3.73,tree,L,1,4
regular_n316,1,286,4,2,3,0.0,3.07,1run,L,1,4
regular_n316,1,287,4,7,3,0.25,1.25,L,L,1,4
regular_n316,1,288,4,14,3,0.0,5.01,tree,L,1,4
regular_n316,1,289,4,5,4,0.286,3.26,L,L,1,4
regular_n316,1,290,4,1,2,0.0,2.06,1run,L,1,4
regular_n316,1,291,4,3,2,0.0,3.61,1run,1run,1,4
regular_n316,1,292,4,5,4,0.0,3.1,L,tree,1,4
regular_n316,1,293,4,4,2,0.0,2.24,1run,1run,1,4
regular_n316,1,294,4,6,3,0.0,4.18,tree,1run,1,4
regular_n316,1,295,4,3,1,0.0,4.53,L,1run,1,4
regular_n316,1,296,4,2,2,0.0,5.02,L,L,1,4
regular_n316,1,297,4,2,1,0.0,0.0,L,1run,1,4
regular_n316,1,298,4,2,3,0.0,1.0,1run,1run,1,4
regular_n316,1,299,4,4,3,0.0,3.16,1run,1run,1,4
regular_n316,1,300,4,8,3,0.375,1.0,1run,1run,1,4
regular_n316,1,301,4,4,2,0.0,1.0,1run,1run,1,4
regular_n316,1,302,4,4,3,0.0,2.24,L,1run,1,4
regular_n316,1,303,4,3,3,0.0,2.11,1run,L,1,4
regular_n316,1,304,4,3,1,0.0,5.0,1run,1run,1,4
regular_n316,1,305,4,2,4,0.0,2.92,1run,tree,1,4
regular_n316,1,306,4,12,4,0.0,1.62,tree,L,1,4
regular_n316,1,307,4,2,4,0.0,1.6,L,tree,1,4
regular_n316,1,308,4,7,4,0.0,3.68,L,L,1,4
regular_n316,1,309,4,1,4,0.0,3.58,1run,tree,1,4
regular_n316,1,310,4,6,2,0.0,1.8,L,1run,1,4
regular_n316,1,311,4,2,3,0.0,3.61,1run,1run,1,4
regular_n316,1,312,4,6,3,0.0,3.33,tree,L,1,4
regular_n316,1,313,4,3,2,0.0,2.0,1run,L,1,4
regular_n316,1,314,4,2,1,0.0,2.06,L,1run,1,4
regular_n316,1,315,4,3,3,0.0,5.39,1run,1run,1,4
regular_n316,2,0,4,5,3,0.0,3.32,tree,L,1,4
regular_n316,2,1,4,1,2,0.0,2.24,1run,1run,1,4
regular_n316,2,2,4,5,2,0.0,1.84,L,1run,1,4
regular_n316,2,3,4,1,3,0.0,3.61,1run,1run,1,4
regular_n316,2,4,4,6,2,0.0,1.41,L,1run,1,4
regular_n316,2,5,4,5,3,0.0,5.21,L,L,1,4
regular_n316,2,6,4,5,5,0.0,2.13,L,L,1,4
regular_n316,2,7,4,8,2,0.25,1.15,L,1run,1,4
regular_n316,2,8,4,14,3,0.0,2.38,tree,1run,1,4
regular_n316,2,9,4,4,4,0.0,1.77,1run,tree,1,4
regular_n316,2,10,4,7,3,0.0,1.9,tree,tree,1,4
regular_n316,2,11,4,8,2,0.0,0.91,tree,1run,1,4
regular_n316,2,12,4,3,2,0.0,2.83,L,1run,1,4
regular_n316,2,13,4,7,2,0.0,1.52,tree,1run,1,4
regular_n316,2,14,4,5,1,0.0,2.24,1run,1run,1,4
regular_n316,2,15,4,6,4,0.0,1.03,L,L,1,4
regular_n316,2,16,4,6,2,0.0,3.16,1run,1run,1,4
regular_n316,2,17,4,9,3,0.0,1.89,tree,1run,1,4
regular_n316,2,18,4,10,3,0.0,1.54,tree,L,1,4
regular_n316,2,19,4,13,3,0.0,6.4,tree,1run,1,4
regular_n316,2,20,4,8,2,0.0,2.39,tree,1run,1,4
regular_n316,2,21,4,3,3,0.0,0.0,1run,L,1,4
regular_n316,2,22,4,5,1,0.0,2.72,L,1run,1,4
regular_n316,2,23,4,8,2,0.0,1.4,tree,1run,1,4
regular_n316,2,24,4,6,4,0.0,1.86,L,L,1,4
regular_n316,2,25,4,2,3,0.0,0.75,1run,tree,1,4
regular_n316,2,26,4,5,2,0.0,1.2,L,1run,1,4
regular_n316,2,27,4,8,4,0.0,4.51,L,L,1,4
regular_n316,2,28,4,2,1,0.0,1.41,1run,1run,1,4
regular_n316,2,29,4,7,2,0.0,1.8,1run,L,1,4
regular_n316,2,30,4,6,6,0.5,1.34,1run,tree,1,4
regular_n316,2,31,4,3,3,0.0,1.0,1run,1run,1,4
regular_n316,2,32,4,4,3,0.0,3.91,L,1run,1,4
regular_n316,2,33,4,7,2,0.0,3.61,tree,1run,1,4
regular_n316,2,34,4,10,2,0.0,2.79,tree,1run,1,4
regular_n316,2,35,4,6,3,0.0,3.37,L,L,1,4
regular_n316,2,36,4,4,1,0.0,3.0,L,1run,1,4
regular_n316,2,37,4,9,3,0.0,2.81,L,1run,1,4
regular_n316,2,38,4,5,3,0.0,2.11,L,L,1,4
regular_n316,2,39,4,5,3,0.0,1.6,L,L,1,4
regular_n316,2,40,4,2,3,0.0,3.14,1run,L,1,4
regular_n316,2,41,4,11,2,0.0,4.26,tree,1run,1,4
regular_n316,2,42,4,9,1,0.0,1.54,tree,1run,1,4
regular_n316,2,43,4,3,2,0.0,3.16,1run,L,1,4
regular_n316,2,44,4,1,3,0.0,3.14,1run,L,1,4
regular_n316,2,45,4,6,2,0.0,2.6,tree,1run,1,4
regular_n316,2,46,4,6,2,0.0,1.33,L,L,1,4
regular_n316,2,47,4,3,2,0.0,1.8,L,1run,1,4
regular_n316,2,48,4,5,4,0.0,2.55,1run,L,1,4
regular_n316,2,49,4,3,2,0.0,6.8,1run,L,1,4
regular_n316,2,50,4,4,2,0.0,3.91,L,1run,1,4
regular_n316,2,51,4,3,4,0.0,1.11,L,tree,1,4
regular_n316,2,52,4,3,2,0.0,2.55,1run,L,1,4
regular_n316,2,53,4,7,4,0.0,0.64,L,1run,1,4
regular_n316,2,54,4,2,1,0.0,1.0,1run,1run,1,4
regular_n316,2,55,4,3,3,0.0,2.0,1run,tree,1,4
regular_n316,2,56,4,2,2,0.0,2.69,1run,L,1,4
regular_n316,2,57,4,2,1,0.0,3.16,1run,1run,1,4
regular_n316,2,58,4,5,3,0.0,3.49,tree,L,1,4
regular_n316,2,59,4,3,3,0.0,2.24,1run,1run,1,4
regular_n316,2,60,4,10,3,0.0,3.0,tree,L,1,4
regular_n316,2,61,4,13,5,0.0,3.27,tree,L,1,4
regular_n316,2,62,4,6,3,0.0,2.76,L,L,1,4
regular_n316,2,63,4,6,5,0.0,4.04,L,L,1,4
regular_n316,2,64,4,2,2,0.0,2.83,1run,L,1,4
regular_n316,2,65,4,5,3,0.0,1.74,tree,L,1,4
regular_n316,2,66,4,7,4,0.0,1.34,tree,tree,1,4
regular_n316,2,67,4,7,2,0.0,2.5,L,1run,1,4
regular_n316,2,68,4,7,2,0.0,1.39,L,L,1,4
regular_n316,2,69,4,10,5,0.25,0.2,L,L,1,4
regular_n316,2,70,4,6,3,0.0,1.37,L,1run,1,4
regular_n316,2,71,4,4,2,0.0,2.75,tree,1run,1,4
regular_n316,2,72,4,5,2,0.0,1.0,1run,1run,1,4
regular_n316,2,73,4,5,3,0.0,2.36,1run,L,1,4
regular_n316,2,74,4,11,5,0.0,2.37,tree,L,1,4
regular_n316,2,75,4,5,2,0.0,4.48,L,L,1,4
regular_n316,2,76,4,11,2,0.0,4.02,tree,L,1,4
regular_n316,2,77,4,9,2,0.0,1.02,L,L,1,4
regular_n316,2,78,4,4,1,0.0,3.95,tree,1run,1,4
regular_n316,2,79,4,4,1,0.0,2.8,L,1run,1,4
regular_n316,2,80,4,6,4,0.0,2.64,L,L,1,4
regular_n316,2,81,4,2,4,0.0,1.8,L,tree,1,4
regular_n316,2,82,4,5,3,0.0,1.4,tree,L,1,4
regular_n316,2,83,4,4,4,0.0,1.06,L,L,1,4
regular_n316,2,84,4,3,4,0.0,1.5,1run,L,1,4
regular_n316,2,85,4,7,3,0.0,3.49,L,tree,1,4
regular_n316,2,86,4,1,2,0.0,0.0,1run,1run,1,4
regular_n316,2,87,4,6,2,0.0,2.5,L,L,1,4
regular_n316,2,88,4,2,3,0.0,2.13,1run,tree,1,4
regular_n316,2,89,4,7,3,0.0,1.67,tree,1run,1,4
regular_n316,2,90,4,6,2,0.0,6.01,L,1run,1,4
regular_n316,2,91,4,2,4,0.0,5.26,1run,tree,1,4
regular_n316,2,92,4,6,3,0.0,2.09,L,L,1,4
regular_n316,2,93,4,2,6,0.0,4.03,1run,tree,1,4
regular_n316,2,94,4,7,5,0.0,3.12,tree,L,1,4
regular_n316,2,95,4,3,5,0.0,5.36,L,L,1,4
regular_n316,2,96,4,5,3,0.0,3.34,L,L,1,4
regular_n316,2,97,4,2,2,0.0,4.12,1run,1run,1,4
regular_n316,2,98,4,6,2,0.0,2.69,L,1run,1,4
regular_n316,2,99,4,4,2,0.0,2.92,L,L,1,4
regular_n316,2,100,4,4,4,0.0,1.35,L,tree,1,4
regular_n316,2,101,4,7,4,0.0,2.08,L,L,1,4
regular_n316,2,102,4,3,3,0.0,2.4,L,tree,1,4
regular_n316,2,103,4,5,1,0.2,0.0,1run,1run,1,4
regular_n316,2,104,4,5,4,0.0,0.89,L,L,1,4
regular_n316,2,105,4,8,3,0.0,2.51,L,tree,1,4
regular_n316,2,106,4,2,1,0.0,4.47,L,1run,1,4
regular_n316,2,107,4,12,2,0.077,0.56,tree,L,1,4
regular_n316,2,108,4,10,4,0.0,3.04,L,L,1,4
regular_n316,2,109,4,9,4,0.0,4.39,tree,tree,1,4
regular_n316,2,110,4,7,3,0.0,1.09,L,L,1,4
regular_n316,2,111,4,5,1,0.2,2.83,L,1run,1,4
regular_n316,2,112,4,5,3,0.0,5.33,tree,L,1,4
regular_n316,2,113,4,4,2,0.0,2.61,L,L,1,4
regular_n316,2,114,4,6,6,0.333,2.19,1run,tree,1,4
regular_n316,2,115,4,6,3,0.0,0.47,L,1run,1,4
regular_n316,2,116,4,7,3,0.25,0.58,L,L,1,4
regular_n316,2,117,4,5,2,0.0,0.67,L,L,1,4
regular_n316,2,118,4,4,2,0.0,4.47,1run,1run,1,4
regular_n316,2,119,4,5,2,0.0,2.27,L,L,1,4
regular_n316,2,120,4,1,3,0.0,1.67,1run,tree,1,4
regular_n316,2,121,4,6,2,0.0,2.95,tree,1run,1,4
regular_n316,2,122,4,9,4,0.0,0.49,tree,L,1,4
regular_n316,2,123,4,1,5,0.0,3.98,1run,L,1,4
regular_n316,2,124,4,4,2,0.0,4.53,L,L,1,4
regular_n316,2,125,4,4,1,0.0,2.83,1run,1run,1,4
regular_n316,2,126,4,5,3,0.0,4.64,tree,tree,1,4
regular_n316,2,127,4,4,3,0.0,2.12,L,1run,1,4
regular_n316,2,128,4,6,2,0.143,1.21,tree,L,1,4
regular_n316,2,129,4,3,4,0.167,3.26,1run,tree,1,4
regular_n316,2,130,4,5,3,0.0,3.6,tree,1run,1,4
regular_n316,2,131,4,2,5,0.0,6.36,1run,L,1,4
regular_n316,2,132,4,4,2,0.0,1.12,1run,L,1,4
regular_n316,2,133,4,1,2,0.0,3.16,1run,1run,1,4
regular_n316,2,134,4,2,2,0.0,2.83,L,L,1,4
regular_n316,2,135,4,5,2,0.0,6.39,L,L,1,4
regular_n316,2,136,4,3,2,0.25,1.54,L,L,1,4
regular_n316,2,137,4,5,3,0.0,1.89,L,L,1,4
regular_n316,2,138,4,2,3,0.667,1.0,1run,1run,1,4
regular_n316,2,139,4,6,2,0.0,3.2,1run,L,1,4
regular_n316,2,140,4,1,2,0.0,3.16,1run,1run,1,4
regular_n316,2,141,4,3,4,0.0,3.61,L,tree,1,4
regular_n316,2,142,4,8,4,0.0,1.01,L,L,1,4
regular_n316,2,143,4,1,3,0.0,2.87,1run,tree,1,4
regular_n316,2,144,4,7,1,0.0,1.12,L,1run,1,4
regular_n316,2,145,4,8,2,0.0,3.64,L,L,1,4
regular_n316,2,146,4,8,3,0.0,0.95,tree,1run,1,4
regular_n316,2,147,4,18,3,0.0,2.87,tree,tree,1,4
regular_n316,2,148,4,5,2,0.167,1.84,L,1run,1,4
regular_n316,2,149,4,15,3,0.0,1.75,tree,L,1,4
regular_n316,2,150,4,3,2,0.0,3.33,L,1run,1,4
regular_n316,2,151,4,1,2,0.0,5.66,1run,1run,1,4
regular_n316,2,152,4,6,4,0.667,2.0,1run,1run,1,4
regular_n316,2,153,4,7,2,0.0,3.45,tree,1run,1,4
regular_n316,2,154,4,8,2,0.0,3.44,tree,L,1,4
regular_n316,2,155,4,3,1,0.0,2.83,1run,1run,1,4
regular_n316,2,156,4,15,3,0.0,3.15,tree,1run,1,4
regular_n316,2,157,4,6,4,0.111,2.2,L,L,1,4
regular_n316,2,158,4,2,2,0.0,4.74,L,1run,1,4
regular_n316,2,159,4,5,3,0.6,0.6,L,1run,1,4
regular_n316,2,160,4,2,2,0.0,0.71,1run,L,1,4
regular_n316,2,161,4,6,3,0.0,3.21,L,L,1,4
regular_n316,2,162,4,2,2,0.0,5.66,1run,L,1,4
regular_n316,2,163,4,9,1,0.0,1.9,L,1run,1,4
regular_n316,2,164,4,4,4,0.0,4.42,1run,L,1,4
regular_n316,2,165,4,4,3,0.0,2.69,L,L,1,4
regular_n316,2,166,4,2,2,0.0,3.04,L,L,1,4
regular_n316,2,167,4,5,2,0.0,0.36,L,L,1,4
regular_n316,2,168,4,1,2,0.0,3.54,1run,L,1,4
regular_n316,2,169,4,1,1,0.0,5.0,1run,1run,1,4
regular_n316,2,170,4,4,4,0.0,2.15,L,L,1,4
regular_n316,2,171,4,3,2,0.0,3.54,1run,L,1,4
regular_n316,2,172,4,3,3,0.2,1.33,L,L,1,4
regular_n316,2,173,4,6,4,0.0,1.99,tree,L,1,4
regular_n316,2,174,4,7,2,0.0,1.47,L,1run,1,4
regular_n316,2,175,4,2,1,0.0,3.61,1run,1run,1,4
regular_n316,2,176,4,5,2,0.0,3.56,L,1run,1,4
regular_n316,2,177,4,2,1,0.0,3.81,L,1run,1,4
regular_n316,2,178,4,6,1,0.0,0.37,tree,1run,1,4
regular_n316,2,179,4,2,5,0.0,3.56,1run,tree,1,4
regular_n316,2,180,4,4,4,0.0,1.5,1run,L,1,4
regular_n316,2,181,4,5,3,0.0,3.81,L,L,1,4
regular_n316,2,182,4,11,4,0.0,2.19,tree,tree,1,4
regular_n316,2,183,4,1,2,0.0,6.1,1run,L,1,4
regular_n316,2,184,4,8,3,0.0,3.36,tree,1run,1,4
regular_n316,2,185,4,4,3,0.0,4.51,L,1run,1,4
regular_n316,2,186,4,3,2,0.0,3.0,1run,1run,1,4
regular_n316,2,187,4,3,1,0.0,2.11,L,1run,1,4
regular_n316,2,188,4,3,4,0.0,3.96,L,L,1,4
regular_n316,2,189,4,4,3,0.0,4.69,L,L,1,4
regular_n316,2,190,4,13,5,0.0,2.75,tree,L,1,4
regular_n316,2,191,4,3,3,0.0,2.0,L,L,1,4
regular_n316,2,192,4,3,1,0.0,1.89,L,1run,1,4
regular_n316,2,193,4,9,5,0.0,4.94,tree,tree,1,4
regular_n316,2,194,4,9,3,0.0,2.29,L,1run,1,4
regular_n316,2,195,4,3,1,0.0,2.4,L,1run,1,4
regular_n316,2,196,4,5,4,0.0,2.11,L,tree,1,4
regular_n316,2,197,4,3,2,0.25,1.01,L,L,1,4
regular_n316,2,198,4,6,4,0.0,3.38,L,L,1,4
regular_n316,2,199,4,1,4,0.0,5.22,1run,L,1,4
regular_n316,2,200,4,5,4,0.0,2.86,L,tree,1,4
regular_n316,2,201,4,3,2,0.0,1.41,1run,1run,1,4
regular_n316,2,202,4,5,3,0.0,2.24,L,L,1,4
regular_n316,2,203,4,4,1,0.0,2.83,1run,1run,1,4
regular_n316,2,204,4,5,2,0.0,1.66,L,L,1,4
regular_n316,2,205,4,4,2,0.0,2.55,L,L,1,4
regular_n316,2,206,4,10,6,0.0,4.31,tree,L,1,4
regular_n316,2,207,4,10,4,0.0,5.28,tree,L,1,4
regular_n316,2,208,4,5,3,0.0,3.82,L,1run,1,4
regular_n316,2,209,4,6,2,0.0,0.24,L,L,1,4
regular_n316,2,210,4,5,1,0.0,2.33,L,1run,1,4
regular_n316,2,211,4,2,4,0.0,4.7,L,tree,1,4
regular_n316,2,212,4,5,3,0.0,3.02,L,L,1,4
regular_n316,2,213,4,1,2,0.0,3.0,1run,L,1,4
regular_n316,2,214,4,3,2,0.0,3.68,L,1run,1,4
regular_n316,2,215,4,7,3,0.0,3.0,tree,tree,1,4
regular_n316,2,216,4,6,1,0.0,3.95,L,1run,1,4
regular_n316,2,217,4,3,1,0.0,1.05,L,1run,1,4
regular_n316,2,218,4,11,4,0.0,3.47,tree,tree,1,4
regular_n316,2,219,4,3,5,0.0,0.28,1run,L,1,4
regular_n316,2,220,4,5,2,0.0,2.95,tree,1run,1,4
regular_n316,2,221,4,7,2,0.0,4.23,L,L,1,4
regular_n316,2,222,4,2,2,0.333,2.0,1run,1run,1,4
regular_n316,2,223,4,6,4,0.0,2.84,L,tree,1,4
regular_n316,2,224,4,3,2,0.0,2.98,L,L,1,4
regular_n316,2,225,4,5,2,0.0,1.48,L,L,1,4
regular_n316,2,226,4,4,4,0.0,2.24,L,tree,1,4
regular_n316,2,227,4,7,1,0.143,2.44,L,1run,1,4
regular_n316,2,228,4,1,1,0.0,3.16,1run,1run,1,4
regular_n316,2,229,4,4,3,0.75,0.75,L,1run,1,4
regular_n316,2,230,4,2,4,0.0,2.06,1run,L,1,4
regular_n316,2,231,4,1,1,0.0,2.0,1run,1run,1,4
regular_n316,2,232,4,6,2,0.0,3.35,L,L,1,4
regular_n316,2,233,4,8,3,0.0,3.95,L,L,1,4
regular_n316,2,234,4,3,2,0.0,3.2,1run,L,1,4
regular_n316,2,235,4,3,2,0.0,3.73,tree,L,1,4
regular_n316,2,236,4,4,3,0.0,3.91,L,L,1,4
regular_n316,2,237,4,4,3,0.0,1.2,1run,L,1,4
regular_n316,2,238,4,4,1,0.0,4.03,L,1run,1,4
regular_n316,2,239,4,2,2,0.0,3.64,L,L,1,4
regular_n316,2,240,4,2,1,0.0,2.24,1run,1run,1,4
regular_n316,2,241,4,2,2,0.0,2.24,1run,1run,1,4
regular_n316,2,242,4,7,5,0.0,2.36,L,tree,1,4
regular_n316,2,243,4,3,3,0.0,2.03,1run,L,1,4
regular_n316,2,244,4,9,4,0.0,2.57,tree,tree,1,4
regular_n316,2,245,4,4,3,0.0,2.53,L,L,1,4
regular_n316,2,246,4,3,2,0.0,4.0,1run,1run,1,4
regular_n316,2,247,4,9,2,0.0,1.45,tree,1run,1,4
regular_n316,2,248,4,5,3,0.0,2.17,L,L,1,4
regular_n316,2,249,4,7,4,0.0,3.13,tree,1run,1,4
regular_n316,2,250,4,3,4,0.0,4.03,1run,L,1,4
regular_n316,2,251,4,10,3,0.0,0.93,tree,L,1,4
regular_n316,2,252,4,1,2,0.0,4.47,1run,1run,1,4
regular_n316,2,253,4,2,1,0.0,4.12,1run,1run,1,4
regular_n316,2,254,4,3,4,0.0,2.3,1run,L,1,4
regular_n316,2,255,4,4,2,0.0,2.3,L,1run,1,4
regular_n316,2,256,4,1,2,0.0,4.47,1run,1run,1,4
regular_n316,2,257,4,4,2,0.0,2.0,1run,1run,1,4
regular_n316,2,258,4,6,3,0.0,2.24,L,L,1,4
regular_n316,2,259,4,9,3,0.0,1.34,L,L,1,4
regular_n316,2,260,4,5,2,0.0,3.12,L,1run,1,4
regular_n316,2,261,4,5,1,0.0,2.86,L,1run,1,4
regular_n316,2,262,4,6,5,0.0,1.21,L,L,1,4
regular_n316,2,263,4,2,2,0.0,3.91,1run,L,1,4
regular_n316,2,264,4,3,3,0.0,0.67,L,L,1,4
regular_n316,2,265,4,3,4,0.0,2.53,L,tree,1,4
regular_n316,2,266,4,3,2,0.0,1.58,1run,L,1,4
regular_n316,2,267,4,1,2,0.0,2.5,1run,L,1,4
regular_n316,2,268,4,1,2,0.0,4.92,1run,L,1,4
regular_n316,2,269,4,4,2,0.0,3.0,1run,1run,1,4
regular_n316,2,270,4,2,2,0.0,4.0,1run,1run,1,4
regular_n316,2,271,4,5,4,0.0,3.13,L,tree,1,4
regular_n316,2,272,4,4,2,0.0,1.41,1run,L,1,4
regular_n316,2,273,4,8,3,0.0,1.97,L,tree,1,4
regular_n316,2,274,4,6,4,0.0,1.54,tree,L,1,4
regular_n316,2,275,4,4,2,0.0,1.58,1run,L,1,4
regular_n316,2,276,4,8,5,0.0,2.12,tree,L,1,4
regular_n316,2,277,4,6,5,0.0,1.37,L,tree,1,4
regular_n316,2,278,4,3,2,0.0,4.24,1run,1run,1,4
regular_n316,2,279,4,5,5,0.0,2.95,1run,L,1,4
regular_n316,2,280,4,5,3,0.0,3.61,1run,1run,1,4
regular_n316,2,281,4,1,5,0.0,5.46,1run,tree,1,4
regular_n316,2,282,4,4,3,0.0,4.34,L,L,1,4
regular_n316,2,283,4,3,1,0.0,3.16,L,1run,1,4
regular_n316,2,284,4,4,2,0.0,3.05,L,1run,1,4
regular_n316,2,285,4,8,5,0.0,4.19,tree,tree,1,4
regular_n316,2,286,4,2,3,0.0,3.24,L,tree,1,4
regular_n316,2,287,4,1,3,0.0,1.37,1run,tree,1,4
regular_n316,2,288,4,1,3,0.0,2.36,1run,L,1,4
regular_n316,2,289,4,5,1,0.0,2.79,L,1run,1,4
regular_n316,2,290,4,2,2,0.0,1.0,1run,1run,1,4
regular_n316,2,291,4,3,1,0.0,3.61,1run,1run,1,4
regular_n316,2,292,4,5,3,0.0,3.71,L,L,1,4
regular_n316,2,293,4,4,1,0.0,1.0,1run,1run,1,4
regular_n316,2,294,4,1,1,0.0,1.41,1run,1run,1,4
regular_n316,2,295,4,3,2,0.0,4.03,L,1run,1,4
regular_n316,2,296,4,1,4,0.0,3.5,1run,L,1,4
regular_n316,2,297,4,4,1,0.0,2.06,L,1run,1,4
regular_n316,2,298,4,2,2,0.0,1.0,1run,1run,1,4
regular_n316,2,299,4,6,3,0.0,3.89,L,L,1,4
regular_n316,2,300,4,8,3,0.222,1.67,1run,L,1,4
regular_n316,2,301,4,6,2,0.0,3.07,L,L,1,4
regular_n316,2,302,4,5,3,0.143,2.76,tree,L,1,4
regular_n316,2,303,4,3,3,0.0,3.73,1run,L,1,4
regular_n316,2,304,4,3,2,0.0,5.0,1run,1run,1,4
regular_n316,2,305,4,2,2,0.0,1.58,1run,L,1,4
regular_n316,2,306,4,1,3,0.0,0.47,1run,L,1,4
regular_n316,2,307,4,2,5,0.0,2.11,L,L,1,4
regular_n316,2,308,4,7,4,0.0,5.66,L,L,1,4
regular_n316,2,309,4,9,3,0.0,5.68,tree,tree,1,4
regular_n316,2,310,4,6,2,0.0,2.06,L,1run,1,4
regular_n316,2,311,4,2,2,0.0,3.54,1run,L,1,4
regular_n316,2,312,4,7,1,0.0,0.96,tree,1run,1,4
regular_n316,2,313,4,3,1,0.0,1.0,1run,1run,1,4
regular_n316,2,314,4,6,3,0.0,5.19,L,1run,1,4
regular_n316,2,315,4,4,3,0.0,2.24,L,1run,1,4
grid_200,0,0,2,1,1,0.0,2.0,1run,1run,1,2
grid_200,0,1,3,1,1,0.0,2.24,1run,1run,1,3
grid_200,0,2,3,2,1,0.0,1.41,L,1run,1,3
grid_200,0,3,3,1,1,0.0,2.0,1run,1run,1,3
grid_200,0,4,3,1,1,0.0,3.16,1run,1run,1,3
grid_200,0,5,3,4,1,0.0,2.55,L,1run,1,3
grid_200,0,6,3,3,1,0.0,3.35,tree,1run,1,3
grid_200,0,7,3,2,1,0.0,2.24,1run,1run,1,3
grid_200,0,8,3,1,2,0.0,3.16,1run,1run,1,3
grid_200,0,9,3,5,1,0.0,3.72,tree,1run,1,3
grid_200,0,10,3,1,1,0.0,3.16,1run,1run,1,3
grid_200,0,11,3,5,1,0.2,1.6,L,1run,1,3
grid_200,0,12,3,2,1,0.0,2.0,1run,1run,1,3
grid_200,0,13,3,1,1,0.0,1.0,1run,1run,1,3
grid_200,0,14,3,1,1,0.0,1.0,1run,1run,1,3
grid_200,0,15,3,3,1,0.0,1.05,L,1run,1,3
grid_200,0,16,3,2,1,0.0,1.5,L,1run,1,3
grid_200,0,17,3,1,1,0.0,2.0,1run,1run,1,3
grid_200,0,18,3,2,1,0.0,1.12,L,1run,1,3
grid_200,0,19,2,1,1,0.0,1.41,1run,1run,1,2
grid_200,0,20,3,1,1,0.0,1.41,1run,1run,1,3
grid_200,0,21,4,3,1,0.0,1.0,L,1run,1,4
grid_200,0,22,4,1,1,0.0,1.41,1run,1run,1,4
grid_200,0,23,4,2,1,0.0,1.0,1run,1run,1,4
grid_200,0,24,4,4,1,0.0,2.37,L,1run,1,4
grid_200,0,25,4,2,2,0.0,0.5,L,1run,1,4
grid_200,0,26,4,3,1,0.0,1.33,L,1run,1,4
grid_200,0,27,4,1,1,0.0,1.0,1run,1run,1,4
grid_200,0,28,4,4,1,0.25,0.71,L,1run,1,4
grid_200,0,29,4,1,1,0.0,0.0,1run,1run,1,4
grid_200,0,30,4,4,1,0.0,1.12,L,1run,1,4
grid_200,0,31,4,2,1,0.0,0.71,L,1run,1,4
grid_200,0,32,4,5,2,0.0,1.08,tree,1run,1,4
grid_200,0,33,4,3,2,0.0,0.83,L,L,1,4
grid_200,0,34,4,2,1,0.0,0.0,1run,1run,1,4
grid_200,0,35,4,3,1,0.0,0.75,L,1run,1,4
grid_200,0,36,4,1,1,0.0,1.41,1run,1run,1,4
grid_200,0,37,4,4,1,0.0,1.12,L,1run,1,4
grid_200,0,38,4,2,1,0.0,1.0,1run,1run,1,4
grid_200,0,39,3,1,1,0.0,1.0,1run,1run,1,3
grid_200,0,40,3,1,1,0.0,1.41,1run,1run,1,3
grid_200,0,41,4,2,1,0.0,1.0,1run,1run,1,4
grid_200,0,42,4,3,1,0.0,1.0,1run,1run,1,4
grid_200,0,43,4,3,1,0.0,2.75,L,1run,1,4
grid_200,0,44,4,3,2,0.0,0.53,L,L,1,4
grid_200,0,45,4,3,2,0.0,1.34,tree,L,1,4
grid_200,0,46,4,2,1,0.0,1.0,1run,1run,1,4
grid_200,0,47,4,1,1,0.0,0.0,1run,1run,1,4
grid_200,0,48,4,1,1,0.0,0.0,1run,1run,1,3
grid_200,0,49,4,2,2,0.0,0.71,1run,L,1,4
grid_200,0,50,4,1,1,0.0,0.0,1run,1run,1,4
grid_200,0,51,4,3,1,0.0,0.47,L,1run,1,4
grid_200,0,52,4,3,2,0.0,2.32,L,L,1,4
grid_200,0,53,4,2,1,0.0,1.12,L,1run,1,4
grid_200,0,54,4,1,1,0.0,1.0,1run,1run,1,4
grid_200,0,55,4,2,1,0.0,1.0,L,1run,1,4
grid_200,0,56,4,3,1,0.0,1.2,L,1run,1,4
grid_200,0,57,4,1,1,0.0,1.0,1run,1run,1,4
grid_200,0,58,4,2,1,0.0,1.0,1run,1run,1,4
grid_200,0,59,3,2,1,0.0,1.41,1run,1run,1,3
grid_200,0,60,3,4,1,0.0,0.5,L,1run,1,3
grid_200,0,61,4,1,1,0.0,0.0,1run,1run,1,4
grid_200,0,62,4,2,1,0.5,1.0,1run,1run,1,4
grid_200,0,63,4,4,1,0.0,1.68,L,1run,1,4
grid_200,0,64,4,2,1,0.0,1.41,1run,1run,1,4
grid_200,0,65,4,1,2,0.0,1.0,1run,1run,1,4
grid_200,0,66,4,1,1,0.0,2.24,1run,1run,1,4
grid_200,0,67,4,3,1,0.0,1.0,1run,1run,1,3
grid_200,0,68,4,1,1,1.0,0.0,1run,1run,0,4
grid_200,0,69,4,1,2,0.0,0.71,1run,L,1,3
grid_200,0,70,4,2,2,0.0,0.71,1run,L,1,4
grid_200,0,71,4,3,1,0.0,1.0,1run,1run,1,4
grid_200,0,72,4,1,2,0.0,1.41,1run,1run,1,4
grid_200,0,73,4,1,1,0.0,1.0,1run,1run,1,4
grid_200,0,74,4,3,1,0.0,0.67,tree,1run,1,4
grid_200,0,75,4,2,1,0.0,1.0,1run,1run,1,4
grid_200,0,76,4,1,1,0.0,1.0,1run,1run,1,4
grid_200,0,77,4,2,1,0.0,1.0,L,1run,1,4
grid_200,0,78,4,2,1,0.0,1.12,L,1run,1,4
grid_200,0,79,3,1,1,0.0,0.0,1run,1run,1,3
grid_200,0,80,3,1,1,0.0,2.24,1run,1run,1,3
grid_200,0,81,4,2,1,0.5,0.5,L,1run,1,4
grid_200,0,82,4,2,1,0.0,1.0,1run,1run,1,4
grid_200,0,83,4,7,1,0.0,0.9,tree,1run,1,4
grid_200,0,84,4,2,2,0.0,1.58,1run,L,1,4
grid_200,0,85,4,2,2,0.0,2.0,L,L,1,4
grid_200,0,86,4,1,1,0.0,3.0,1run,1run,1,4
grid_200,0,87,4,1,1,0.0,3.0,1run,1run,1,4
grid_200,0,88,4,3,1,0.0,1.0,1run,1run,1,3
grid_200,0,89,4,2,1,0.0,0.0,1run,1run,1,4
grid_200,0,90,4,3,1,0.0,0.33,L,1run,1,4
grid_200,0,91,4,1,1,0.0,1.0,1run,1run,1,4
grid_200,0,92,4,3,2,0.0,1.58,1run,L,1,4
grid_200,0,93,4,1,1,0.0,1.0,1run,1run,1,4
grid_200,0,94,4,7,1,0.0,1.46,tree,1run,1,3
grid_200,0,95,4,3,1,0.0,1.0,L,1run,1,4
grid_200,0,96,4,2,1,0.0,2.0,L,1run,1,4
grid_200,0,97,4,1,1,0.0,1.0,1run,1run,1,4
grid_200,0,98,4,2,1,0.0,1.0,1run,1run,1,4
grid_200,0,99,3,2,1,0.0,1.0,L,1run,1,3
grid_200,0,100,3,1,1,0.0,0.0,1run,1run,1,3
grid_200,0,101,4,3,1,0.0,0.33,L,1run,1,4
grid_200,0,102,4,2,1,0.0,1.0,L,1run,1,4
grid_200,0,103,4,2,1,0.0,0.0,1run,1run,1,4
grid_200,0,104,4,4,2,0.0,1.8,L,L,1,4
grid_200,0,105,4,1,2,0.0,1.41,1run,L,1,4
grid_200,0,106,4,1,1,0.0,2.0,1run,1run,1,4
grid_200,0,107,4,3,2,0.0,1.5,1run,L,1,4
grid_200,0,108,4,2,1,0.0,1.41,1run,1run,1,4
grid_200,0,109,4,3,2,0.0,1.12,L,L,1,4
grid_200,0,110,4,1,1,0.0,1.0,1run,1run,1,4
grid_200,0,111,4,2,1,0.0,2.24,1run,1run,1,4
grid_200,0,112,4,2,2,0.0,2.0,L,1run,1,4
grid_200,0,113,4,2,1,0.0,1.0,L,1run,1,3
grid_200,0,114,4,1,1,1.0,0.0,1run,1run,0,4
grid_200,0,115,4,1,1,0.0,0.0,1run,1run,1,3
grid_200,0,116,4,2,1,0.0,1.0,1run,1run,1,4
grid_200,0,117,4,1,1,0.0,0.0,1run,1run,1,3
grid_200,0,118,4,1,1,0.0,0.0,1run,1run,1,4
grid_200,0,119,3,3,1,0.0,0.33,L,1run,1,3
grid_200,0,120,3,2,1,0.0,1.8,L,1run,1,3
grid_200,0,121,4,2,1,0.0,0.0,1run,1run,1,4
grid_200,0,122,4,1,1,0.0,1.41,1run,1run,1,4
grid_200,0,123,4,2,1,0.0,1.41,1run,1run,1,4
grid_200,0,124,4,3,2,0.0,1.41,1run,1run,1,4
grid_200,0,125,4,2,1,0.0,1.58,L,1run,1,4
grid_200,0,126,4,3,1,0.0,2.43,tree,1run,1,4
grid_200,0,127,4,1,1,0.0,1.41,1run,1run,1,4
grid_200,0,128,4,4,1,0.0,0.5,L,1run,1,4
grid_200,0,129,4,1,1,0.0,1.41,1run,1run,1,4
grid_200,0,130,4,1,1,0.0,1.0,1run,1run,1,4
grid_200,0,131,4,2,1,0.0,0.71,L,1run,1,4
grid_200,0,132,4,2,1,0.0,2.0,1run,1run,1,4
grid_200,0,133,4,3,2,0.0,1.64,L,L,1,4
grid_200,0,134,4,2,1,0.0,0.71,L,1run,1,3
grid_200,0,135,4,1,1,0.0,0.0,1run,1run,1,4
grid_200,0,136,4,2,1,0.0,1.0,1run,1run,1,3
grid_200,0,137,4,1,1,1.0,0.0,1run,1run,0,4
grid_200,0,138,4,1,1,0.0,0.0,1run,1run,1,3
grid_200,0,139,3,1,1,0.0,0.0,1run,1run,1,3
grid_200,0,140,3,1,1,0.0,1.41,1run,1run,1,3
grid_200,0,141,4,1,1,0.0,1.0,1run,1run,1,4
grid_200,0,142,4,1,1,0.0,1.0,1run,1run,1,4
grid_200,0,143,4,10,1,0.0,1.89,tree,1run,1,4
grid_200,0,144,4,1,2,0.0,2.12,1run,L,1,4
grid_200,0,145,4,1,1,0.0,1.0,1run,1run,1,4
grid_200,0,146,4,2,1,0.0,1.41,L,1run,1,4
grid_200,0,147,4,2,1,0.0,2.5,L,1run,1,4
grid_200,0,148,4,3,1,0.0,1.0,1run,1run,1,4
grid_200,0,149,4,2,1,0.0,1.0,1run,1run,1,4
grid_200,0,150,4,3,1,0.333,0.67,L,1run,1,4
grid_200,0,151,4,5,1,0.0,1.17,tree,1run,1,4
grid_200,0,152,4,1,1,0.0,2.24,1run,1run,1,4
grid_200,0,153,4,2,2,0.0,1.58,L,L,1,4
grid_200,0,154,4,1,2,0.0,0.5,1run,L,1,4
grid_200,0,155,4,1,1,0.0,0.0,1run,1run,1,4
grid_200,0,156,4,3,1,0.0,0.47,L,1run,1,4
grid_200,0,157,4,3,1,0.0,0.0,L,1run,1,3
grid_200,0,158,4,3,1,0.0,1.05,L,1run,1,4
grid_200,0,159,3,2,1,0.0,0.5,L,1run,1,3
grid_200,0,160,3,1,1,0.0,2.24,1run,1run,1,3
grid_200,0,161,4,1,1,0.0,1.0,1run,1run,1,4
grid_200,0,162,4,1,1,0.0,1.0,1run,1run,1,4
grid_200,0,163,4,3,1,0.0,0.47,tree,1run,1,4
grid_200,0,164,4,1,1,0.0,1.41,1run,1run,1,4
grid_200,0,165,4,2,2,0.0,1.58,1run,L,1,4
grid_200,0,166,4,2,1,0.0,0.0,1run,1run,1,4
grid_200,0,167,4,3,1,0.0,1.2,L,1run,1,4
grid_200,0,168,4,6,1,0.0,1.12,L,1run,1,4
grid_200,0,169,4,2,1,0.0,1.8,L,1run,1,4
grid_200,0,170,4,2,1,0.0,1.41,1run,1run,1,4
grid_200,0,171,4,1,1,0.0,3.0,1run,1run,1,4
grid_200,0,172,4,4,1,0.0,0.5,L,1run,1,4
grid_200,0,173,4,2,1,0.0,1.41,1run,1run,1,4
grid_200,0,174,4,1,1,0.0,0.0,1run,1run,1,4
grid_200,0,175,4,2,1,0.0,1.41,1run,1run,1,4
grid_200,0,176,4,1,2,0.0,0.0,1run,L,1,4
grid_200,0,177,4,1,1,0.0,1.41,1run,1run,1,4
grid_200,0,178,4,2,1,0.0,0.5,L,1run,1,4
grid_200,0,179,3,2,1,0.0,1.41,1run,1run,1,3
grid_200,0,180,2,1,1,0.0,2.24,1run,1run,1,2
grid_200,0,181,3,1,1,0.0,1.0,1run,1run,1,3
grid_200,0,182,3,3,1,0.0,0.0,L,1run,1,3
grid_200,0,183,3,2,1,0.0,1.0,L,1run,1,3
grid_200,0,184,3,5,1,0.0,2.04,tree,1run,1,3
grid_200,0,185,3,1,2,0.0,1.0,1run,1run,1,3
grid_200,0,186,3,1,1,0.0,1.0,1run,1run,1,3
grid_200,0,187,3,2,1,0.0,0.5,L,1run,1,3
grid_200,0,188,3,5,1,0.0,2.06,L,1run,1,3
grid_200,0,189,3,1,1,0.0,2.24,1run,1run,1,3
grid_200,0,190,3,1,1,0.0,3.16,1run,1run,1,3
grid_200,0,191,3,2,1,0.0,2.0,L,1run,1,3
grid_200,0,192,3,3,1,0.0,0.0,1run,1run,1,3
grid_200,0,193,3,2,1,0.5,0.5,L,1run,1,3
grid_200,0,194,3,2,1,0.0,0.0,1run,1run,1,3
grid_200,0,195,3,1,1,0.0,1.0,1run,1run,1,3
grid_200,0,196,3,2,1,0.0,1.0,1run,1run,1,3
grid_200,0,197,3,2,1,0.5,0.0,L,1run,1,3
grid_200,0,198,3,1,1,0.0,1.0,1run,1run,1,3
grid_200,0,199,2,1,1,0.0,1.41,1run,1run,1,2
grid_200,1,0,2,1,1,0.0,2.24,1run,1run,1,2
grid_200,1,1,3,1,1,0.0,0.0,1run,1run,1,3
grid_200,1,2,3,2,1,0.0,2.0,L,1run,1,3
grid_200,1,3,3,1,1,0.0,1.0,1run,1run,1,3
grid_200,1,4,3,1,1,0.0,1.0,1run,1run,1,3
grid_200,1,5,3,4,1,0.0,1.58,L,1run,1,3
grid_200,1,6,3,3,2,0.0,2.91,tree,L,1,3
grid_200,1,7,3,2,1,0.0,1.41,1run,1run,1,3
grid_200,1,8,3,2,1,0.0,1.5,L,1run,1,3
grid_200,1,9,3,3,1,0.0,2.36,L,1run,1,3
grid_200,1,10,3,1,1,0.0,2.0,1run,1run,1,3
grid_200,1,11,3,4,1,0.0,1.0,L,1run,1,3
grid_200,1,12,3,2,1,0.0,3.0,1run,1run,1,3
grid_200,1,13,3,1,1,0.0,2.24,1run,1run,1,3
grid_200,1,14,3,1,2,0.0,1.58,1run,L,1,3
grid_200,1,15,3,3,1,0.0,1.33,L,1run,1,3
grid_200,1,16,3,2,1,0.0,1.5,L,1run,1,3
grid_200,1,17,3,1,1,0.0,1.41,1run,1run,1,3
grid_200,1,18,3,2,1,0.5,0.5,L,1run,1,2
grid_200,1,19,2,1,1,1.0,0.0,1run,1run,0,2
grid_200,1,20,3,1,1,0.0,1.41,1run,1run,1,3
grid_200,1,21,4,3,1,0.333,1.0,L,1run,1,4
grid_200,1,22,4,1,1,0.0,1.41,1run,1run,1,4
grid_200,1,23,4,2,1,0.0,1.0,1run,1run,1,4
grid_200,1,24,4,4,1,0.0,2.15,L,1run,1,4
grid_200,1,25,4,2,1,0.0,1.12,L,1run,1,4
grid_200,1,26,4,3,2,0.0,0.67,L,1run,1,4
grid_200,1,27,4,1,1,0.0,1.0,1run,1run,1,4
grid_200,1,28,4,2,1,0.0,1.41,1run,1run,1,4
grid_200,1,29,4,1,1,0.0,1.0,1run,1run,1,4
grid_200,1,30,4,4,1,0.0,0.5,L,1run,1,4
grid_200,1,31,4,2,1,0.0,1.58,L,1run,1,4
grid_200,1,32,4,5,2,0.0,0.64,tree,L,1,4
grid_200,1,33,4,3,1,0.0,1.67,L,1run,1,4
grid_200,1,34,4,2,1,0.0,1.41,1run,1run,1,4
grid_200,1,35,4,3,1,0.333,0.75,L,1run,1,4
grid_200,1,36,4,1,1,0.0,1.0,1run,1run,1,4
grid_200,1,37,4,4,2,0.0,0.5,L,L,1,4
grid_200,1,38,4,2,1,0.0,0.0,1run,1run,1,4
grid_200,1,39,3,1,1,0.0,1.0,1run,1run,1,2
grid_200,1,40,3,1,1,0.0,1.41,1run,1run,1,3
grid_200,1,41,4,2,1,0.0,1.0,1run,1run,1,4
grid_200,1,42,4,3,1,0.0,1.0,1run,1run,1,4
grid_200,1,43,4,3,1,0.0,2.75,L,1run,1,4
grid_200,1,44,4,3,1,0.0,1.05,L,1run,1,4
grid_200,1,45,4,3,1,0.0,0.47,tree,1run,1,4
grid_200,1,46,4,2,2,0.0,2.06,1run,L,1,4
grid_200,1,47,4,1,2,0.0,1.8,1run,L,1,4
grid_200,1,48,4,2,1,0.0,1.8,L,1run,1,4
grid_200,1,49,4,4,1,0.0,1.03,tree,1run,1,4
grid_200,1,50,4,1,1,0.0,1.0,1run,1run,1,4
grid_200,1,51,4,3,2,0.0,0.85,L,L,1,4
grid_200,1,52,4,3,1,0.333,0.75,L,1run,1,4
grid_200,1,53,4,2,2,0.0,0.0,L,L,1,3
grid_200,1,54,4,1,1,0.0,1.41,1run,1run,1,4
grid_200,1,55,4,2,1,0.0,0.0,L,1run,1,4
grid_200,1,56,4,2,1,0.0,1.0,1run,1run,1,4
grid_200,1,57,4,1,1,0.0,1.0,1run,1run,1,4
grid_200,1,58,4,2,1,0.0,0.0,1run,1run,1,4
grid_200,1,59,3,2,1,0.0,1.0,1run,1run,1,3
grid_200,1,60,3,4,1,0.0,1.12,L,1run,1,3
grid_200,1,61,4,1,1,0.0,0.0,1run,1run,1,4
grid_200,1,62,4,2,1,0.0,1.0,1run,1run,1,4
grid_200,1,63,4,4,1,0.0,1.68,L,1run,1,4
grid_200,1,64,4,2,1,0.0,0.0,1run,1run,1,4
grid_200,1,65,4,1,2,0.0,1.8,1run,L,1,4
grid_200,1,66,4,1,1,0.0,0.0,1run,1run,1,4
grid_200,1,67,4,4,2,0.0,1.41,1run,1run,1,4
grid_200,1,68,4,1,1,0.0,2.0,1run,1run,1,4
grid_200,1,69,4,1,1,0.0,1.41,1run,1run,1,4
grid_200,1,70,4,2,2,0.0,1.58,1run,L,1,4
grid_200,1,71,4,3,1,0.0,0.0,1run,1run,1,4
grid_200,1,72,4,1,2,0.0,1.12,1run,L,1,3
grid_200,1,73,4,1,1,1.0,0.0,1run,1run,0,4
grid_200,1,74,4,3,1,0.0,0.33,tree,1run,1,3
grid_200,1,75,4,3,1,0.0,0.33,L,1run,1,4
grid_200,1,76,4,1,1,0.0,2.83,1run,1run,1,4
grid_200,1,77,4,4,2,0.2,1.0,tree,L,1,4
grid_200,1,78,4,2,1,0.0,0.5,L,1run,1,4
grid_200,1,79,3,1,1,0.0,2.24,1run,1run,1,3
grid_200,1,80,3,1,1,0.0,1.0,1run,1run,1,3
grid_200,1,81,4,2,1,0.0,1.12,L,1run,1,4
grid_200,1,82,4,2,1,0.0,2.0,1run,1run,1,4
grid_200,1,83,4,7,1,0.0,0.9,tree,1run,1,4
grid_200,1,84,4,2,1,0.0,1.41,1run,1run,1,4
grid_200,1,85,4,2,2,0.0,1.8,L,L,1,4
grid_200,1,86,4,1,2,0.0,2.0,1run,1run,1,4
grid_200,1,87,4,1,1,0.0,3.0,1run,1run,1,4
grid_200,1,88,4,3,1,0.0,1.0,1run,1run,1,4
grid_200,1,89,4,2,2,0.0,1.12,1run,L,1,4
grid_200,1,90,4,3,1,0.0,0.67,L,1run,1,4
grid_200,1,91,4,1,1,0.0,1.41,1run,1run,1,4
grid_200,1,92,4,3,1,0.0,1.0,1run,1run,1,4
grid_200,1,93,4,1,1,0.0,0.0,1run,1run,1,3
grid_200,1,94,4,7,1,0.0,1.74,tree,1run,1,4
grid_200,1,95,4,3,1,0.0,0.0,L,1run,1,4
grid_200,1,96,4,2,1,0.0,1.41,L,1run,1,4
grid_200,1,97,4,1,1,0.0,1.41,1run,1run,1,4
grid_200,1,98,4,2,1,0.0,0.0,1run,1run,1,4
grid_200,1,99,3,2,1,0.0,1.41,L,1run,1,3
grid_200,1,100,3,1,1,0.0,1.41,1run,1run,1,3
grid_200,1,101,4,3,1,0.0,0.33,L,1run,1,4
grid_200,1,102,4,2,1,0.0,1.41,L,1run,1,4
grid_200,1,103,4,2,1,0.0,0.0,1run,1run,1,4
grid_200,1,104,4,4,1,0.0,1.12,L,1run,1,4
grid_200,1,105,4,1,2,0.0,0.5,1run,L,1,4
grid_200,1,106,4,1,2,0.0,1.0,1run,1run,1,4
grid_200,1,107,4,3,2,0.0,0.5,1run,L,1,4
grid_200,1,108,4,2,2,0.333,1.0,1run,L,1,4
grid_200,1,109,4,3,2,0.0,0.5,L,L,1,4
grid_200,1,110,4,1,1,0.0,1.0,1run,1run,1,4
grid_200,1,111,4,2,2,0.333,0.5,1run,L,1,4
grid_200,1,112,4,2,1,0.0,1.0,L,1run,1,4
grid_200,1,113,4,2,1,0.0,1.0,L,1run,1,4
grid_200,1,114,4,1,1,0.0,0.0,1run,1run,1,4
grid_200,1,115,4,2,1,0.0,0.71,L,1run,1,4
grid_200,1,116,4,2,1,0.0,1.41,1run,1run,1,4
grid_200,1,117,4,1,1,0.0,0.0,1run,1run,1,4
grid_200,1,118,4,1,1,0.0,1.41,1run,1run,1,4
grid_200,1,119,3,3,1,0.0,0.33,L,1run,1,3
grid_200,1,120,3,6,1,0.0,1.49,tree,1run,1,3
grid_200,1,121,4,2,1,0.5,1.0,1run,1run,1,4
grid_200,1,122,4,1,1,0.0,1.41,1run,1run,1,4
grid_200,1,123,4,2,1,0.0,1.41,1run,1run,1,4
grid_200,1,124,4,3,1,0.0,1.0,1run,1run,1,4
grid_200,1,125,4,2,2,0.333,0.5,L,L,1,4
grid_200,1,126,4,2,1,0.0,1.8,L,1run,1,4
grid_200,1,127,4,1,2,0.0,1.58,1run,L,1,4
grid_200,1,128,4,5,1,0.0,0.89,L,1run,1,4
grid_200,1,129,4,1,3,0.0,1.37,1run,L,1,4
grid_200,1,130,4,1,1,0.0,1.0,1run,1run,1,4
grid_200,1,131,4,2,1,0.0,2.12,L,1run,1,4
grid_200,1,132,4,2,2,0.0,1.12,1run,L,1,4
grid_200,1,133,4,3,1,0.0,1.2,L,1run,1,4
grid_200,1,134,4,2,1,0.0,0.71,L,1run,1,4
grid_200,1,135,4,1,1,0.0,1.0,1run,1run,1,4
grid_200,1,136,4,3,1,0.333,0.0,L,1run,1,4
grid_200,1,137,4,1,1,0.0,1.41,1run,1run,1,4
grid_200,1,138,4,2,1,0.0,0.5,L,1run,1,4
grid_200,1,139,3,1,1,0.0,0.0,1run,1run,1,3
grid_200,1,140,3,1,1,0.0,2.24,1run,1run,1,3
grid_200,1,141,4,2,2,0.0,0.0,1run,1run,1,4
grid_200,1,142,4,1,1,0.0,1.0,1run,1run,1,4
grid_200,1,143,4,10,1,0.0,2.42,tree,1run,1,4
grid_200,1,144,4,1,1,0.0,3.16,1run,1run,1,4
grid_200,1,145,4,1,2,0.0,1.0,1run,1run,1,4
grid_200,1,146,4,3,1,0.0,1.05,L,1run,1,4
grid_200,1,147,4,2,2,0.0,2.06,L,L,1,4
grid_200,1,148,4,3,2,0.0,1.0,1run,L,1,4
grid_200,1,149,4,2,1,0.0,1.41,1run,1run,1,4
grid_200,1,150,4,3,1,0.0,1.94,L,1run,1,4
grid_200,1,151,4,5,1,0.0,0.4,tree,1run,1,4
grid_200,1,152,4,1,1,0.0,2.24,1run,1run,1,4
grid_200,1,153,4,2,1,0.0,1.0,L,1run,1,4
grid_200,1,154,4,1,1,0.0,1.0,1run,1run,1,3
grid_200,1,155,4,2,1,0.0,0.5,L,1run,1,4
grid_200,1,156,4,2,1,0.0,1.41,1run,1run,1,4
grid_200,1,157,4,3,1,0.0,1.0,L,1run,1,4
grid_200,1,158,4,3,1,0.333,0.67,L,1run,1,4
grid_200,1,159,3,2,1,0.5,0.5,L,1run,1,3
grid_200,1,160,3,1,1,0.0,1.0,1run,1run,1,3
grid_200,1,161,4,2,1,0.0,1.0,L,1run,1,4
grid_200,1,162,4,1,1,0.0,1.0,1run,1run,1,4
grid_200,1,163,4,3,1,0.0,0.67,tree,1run,1,4
grid_200,1,164,4,1,2,0.0,1.41,1run,1run,1,4
grid_200,1,165,4,2,1,0.0,0.0,1run,1run,1,4
grid_200,1,166,4,2,2,0.0,1.12,1run,L,1,4
grid_200,1,167,4,3,2,0.0,1.94,L,L,1,4
grid_200,1,168,4,6,1,0.0,0.5,L,1run,1,4
grid_200,1,169,4,2,1,0.0,1.12,L,1run,1,4
grid_200,1,170,4,2,1,0.0,1.41,1run,1run,1,4
grid_200,1,171,4,1,1,0.0,3.0,1run,1run,1,4
grid_200,1,172,4,4,2,0.0,1.12,L,L,1,4
grid_200,1,173,4,2,1,0.0,0.0,1run,1run,1,3
grid_200,1,174,4,1,1,1.0,0.0,1run,1run,0,4
grid_200,1,175,4,1,1,0.0,0.0,1run,1run,1,3
grid_200,1,176,4,2,1,0.0,0.5,L,1run,1,4
grid_200,1,177,4,1,1,0.0,1.0,1run,1run,1,4
grid_200,1,178,4,2,1,0.0,1.5,L,1run,1,4
grid_200,1,179,3,2,1,0.0,0.0,1run,1run,1,3
grid_200,1,180,2,1,1,0.0,1.0,1run,1run,1,2
grid_200,1,181,3,1,1,0.0,1.41,1run,1run,1,3
grid_200,1,182,3,3,1,0.0,1.0,L,1run,1,3
grid_200,1,183,3,2,1,0.0,1.0,L,1run,1,3
grid_200,1,184,3,6,1,0.0,2.24,tree,1run,1,3
grid_200,1,185,3,1,1,0.0,1.0,1run,1run,1,3
grid_200,1,186,3,1,1,0.0,0.0,1run,1run,1,3
grid_200,1,187,3,2,1,0.0,1.12,L,1run,1,3
grid_200,1,188,3,5,1,0.0,1.02,L,1run,1,3
grid_200,1,189,3,1,1,0.0,1.0,1run,1run,1,3
grid_200,1,190,3,1,1,0.0,2.24,1run,1run,1,3
grid_200,1,191,3,2,1,0.0,2.0,L,1run,1,3
grid_200,1,192,3,3,1,0.0,1.0,1run,1run,1,3
grid_200,1,193,3,2,1,0.0,1.12,L,1run,1,3
grid_200,1,194,3,2,1,0.0,0.0,1run,1run,1,2
grid_200,1,195,3,1,1,0.0,0.0,1run,1run,1,3
grid_200,1,196,3,2,1,0.0,0.0,1run,1run,1,3
grid_200,1,197,3,2,1,0.0,1.0,L,1run,1,3
grid_200,1,198,3,1,1,0.0,0.0,1run,1run,1,3
grid_200,1,199,2,1,1,0.0,2.24,1run,1run,1,2
grid_200,2,0,2,1,1,0.0,1.0,1run,1run,1,2
grid_200,2,1,3,1,1,0.0,1.0,1run,1run,1,3
grid_200,2,2,3,2,1,0.0,1.0,L,1run,1,3
grid_200,2,3,3,1,1,0.0,1.41,1run,1run,1,3
grid_200,2,4,3,1,1,0.0,2.0,1run,1run,1,3
grid_200,2,5,3,4,1,0.0,1.58,L,1run,1,3
grid_200,2,6,3,3,1,0.0,0.47,tree,1run,1,3
grid_200,2,7,3,3,1,0.0,0.0,L,1run,1,3
grid_200,2,8,3,1,1,0.0,1.41,1run,1run,1,3
grid_200,2,9,3,7,1,0.0,0.43,tree,1run,1,3
grid_200,2,10,3,1,1,0.0,2.24,1run,1run,1,3
grid_200,2,11,3,5,2,0.0,2.27,L,L,1,3
grid_200,2,12,3,2,1,0.0,5.39,1run,1run,1,3
grid_200,2,13,3,1,1,0.0,4.0,1run,1run,1,3
grid_200,2,14,3,1,1,0.0,2.24,1run,1run,1,3
grid_200,2,15,3,3,1,0.0,2.54,L,1run,1,3
grid_200,2,16,3,2,1,0.0,1.8,L,1run,1,3
grid_200,2,17,3,1,1,0.0,1.0,1run,1run,1,3
grid_200,2,18,3,2,1,0.0,0.5,L,1run,1,3
grid_200,2,19,2,1,1,0.0,1.41,1run,1run,1,2
grid_200,2,20,3,1,1,0.0,1.41,1run,1run,1,3
grid_200,2,21,4,3,1,0.333,1.0,L,1run,1,4
grid_200,2,22,4,1,2,0.0,1.0,1run,L,1,4
grid_200,2,23,4,2,1,0.0,1.41,1run,1run,1,4
grid_200,2,24,4,4,1,0.0,1.46,L,1run,1,4
grid_200,2,25,4,2,1,0.0,1.12,L,1run,1,4
grid_200,2,26,4,3,1,0.0,0.67,L,1run,1,3
grid_200,2,27,4,2,2,0.0,1.0,1run,1run,1,4
grid_200,2,28,4,4,1,0.0,0.71,L,1run,1,4
grid_200,2,29,4,1,1,0.0,2.0,1run,1run,1,4
grid_200,2,30,4,3,1,0.0,2.67,L,1run,1,4
grid_200,2,31,4,2,1,0.0,1.58,L,1run,1,4
grid_200,2,32,4,5,1,0.0,2.09,tree,1run,1,4
grid_200,2,33,4,3,2,0.0,3.0,L,L,1,4
grid_200,2,34,4,2,1,0.0,2.83,1run,1run,1,4
grid_200,2,35,4,3,2,0.0,2.27,L,L,1,4
grid_200,2,36,4,1,1,0.0,2.24,1run,1run,1,4
grid_200,2,37,4,4,1,0.0,0.5,L,1run,1,4
grid_200,2,38,4,2,1,0.0,1.41,1run,1run,1,4
grid_200,2,39,3,1,1,0.0,1.0,1run,1run,1,3
grid_200,2,40,3,1,1,0.0,1.41,1run,1run,1,3
grid_200,2,41,4,2,1,0.0,1.0,1run,1run,1,4
grid_200,2,42,4,3,1,0.0,1.41,1run,1run,1,4
grid_200,2,43,4,3,1,0.0,1.8,L,1run,1,4
grid_200,2,44,4,3,1,0.0,0.33,L,1run,1,4
grid_200,2,45,4,3,1,0.0,1.37,tree,1run,1,3
grid_200,2,46,4,2,2,1.0,0.0,1run,1run,0,4
grid_200,2,47,4,1,1,0.0,0.0,1run,1run,1,3
grid_200,2,48,4,1,1,0.0,0.0,1run,1run,1,4
grid_200,2,49,4,4,1,0.0,1.25,tree,1run,1,4
grid_200,2,50,4,1,1,0.0,2.0,1run,1run,1,4
grid_200,2,51,4,3,2,0.0,2.13,L,1run,1,4
grid_200,2,52,4,3,2,0.0,2.67,L,L,1,4
grid_200,2,53,4,2,1,0.0,1.5,L,1run,1,4
grid_200,2,54,4,1,1,0.0,1.0,1run,1run,1,4
grid_200,2,55,4,2,1,0.0,2.0,L,1run,1,4
grid_200,2,56,4,2,1,0.0,1.0,1run,1run,1,4
grid_200,2,57,4,1,1,0.0,1.41,1run,1run,1,4
grid_200,2,58,4,2,2,0.0,0.5,1run,L,1,4
grid_200,2,59,3,1,1,0.0,1.0,1run,1run,1,3
grid_200,2,60,3,4,1,0.0,0.5,L,1run,1,3
grid_200,2,61,4,1,1,0.0,0.0,1run,1run,1,4
grid_200,2,62,4,2,1,0.0,1.0,1run,1run,1,4
grid_200,2,63,4,4,1,0.0,1.68,L,1run,1,4
grid_200,2,64,4,2,1,0.0,1.41,1run,1run,1,4
grid_200,2,65,4,1,1,0.0,1.0,1run,1run,1,4
grid_200,2,66,4,1,2,0.0,1.0,1run,L,1,3
grid_200,2,67,4,3,1,0.0,1.0,1run,1run,1,4
grid_200,2,68,4,4,1,0.0,1.03,tree,1run,1,4
grid_200,2,69,4,1,1,0.0,1.41,1run,1run,1,4
grid_200,2,70,4,3,2,0.0,0.75,L,1run,1,4
grid_200,2,71,4,3,1,0.0,1.0,1run,1run,1,4
grid_200,2,72,4,2,1,0.0,1.5,L,1run,1,4
grid_200,2,73,4,2,1,0.0,2.0,1run,1run,1,4
grid_200,2,74,4,2,1,0.0,1.0,L,1run,1,4
grid_200,2,75,4,3,1,0.0,2.54,L,1run,1,4
grid_200,2,76,4,1,2,0.0,2.5,1run,L,1,4
grid_200,2,77,4,4,1,0.0,1.0,tree,1run,1,3
grid_200,2,78,4,3,1,0.0,0.75,tree,1run,1,4
grid_200,2,79,3,1,1,0.0,1.41,1run,1run,1,3
grid_200,2,80,3,1,1,0.0,2.24,1run,1run,1,3
grid_200,2,81,4,2,1,0.5,0.5,L,1run,1,4
grid_200,2,82,4,2,1,0.0,1.0,1run,1run,1,4
grid_200,2,83,4,7,1,0.0,0.9,tree,1run,1,4
grid_200,2,84,4,2,2,0.0,1.12,1run,L,1,4
grid_200,2,85,4,2,1,0.0,2.69,L,1run,1,4
grid_200,2,86,4,1,1,0.0,2.0,1run,1run,1,4
grid_200,2,87,4,1,1,0.0,2.0,1run,1run,1,4
grid_200,2,88,4,3,1,0.333,0.0,1run,1run,1,4
grid_200,2,89,4,3,2,0.0,1.0,L,1run,1,4
grid_200,2,90,4,3,1,0.0,0.67,L,1run,1,4
grid_200,2,91,4,1,1,0.0,0.0,1run,1run,1,4
grid_200,2,92,4,3,2,0.0,1.12,1run,L,1,4
grid_200,2,93,4,2,2,0.0,2.55,L,L,1,4
grid_200,2,94,4,1,1,0.0,1.0,1run,1run,1,4
grid_200,2,95,4,3,1,0.0,1.0,L,1run,1,4
grid_200,2,96,4,2,1,0.0,2.24,L,1run,1,3
grid_200,2,97,4,1,1,1.0,0.0,1run,1run,0,3
grid_200,2,98,4,2,1,0.0,1.0,1run,1run,1,3
grid_200,2,99,3,2,1,0.0,1.0,L,1run,1,3
grid_200,2,100,3,1,1,0.0,1.0,1run,1run,1,3
grid_200,2,101,4,3,1,0.0,1.33,L,1run,1,4
grid_200,2,102,4,2,1,0.0,1.0,L,1run,1,4
grid_200,2,103,4,2,1,0.0,1.0,1run,1run,1,4
grid_200,2,104,4,4,1,0.0,1.8,L,1run,1,4
grid_200,2,105,4,1,1,0.0,1.0,1run,1run,1,4
grid_200,2,106,4,1,1,0.0,2.0,1run,1run,1,4
grid_200,2,107,4,3,1,0.0,1.0,1run,1run,1,4
grid_200,2,108,4,2,1,0.0,1.41,1run,1run,1,4
grid_200,2,109,4,3,2,0.0,1.58,L,L,1,4
grid_200,2,110,4,1,1,0.0,1.0,1run,1run,1,4
grid_200,2,111,4,2,1,0.0,1.0,1run,1run,1,4
grid_200,2,112,4,2,1,0.0,3.0,L,1run,1,4
grid_200,2,113,4,1,1,0.0,2.24,1run,1run,1,4
grid_200,2,114,4,2,1,0.0,0.5,L,1run,1,4
grid_200,2,115,4,1,1,0.0,1.0,1run,1run,1,4
grid_200,2,116,4,2,1,0.5,1.0,1run,1run,1,3
grid_200,2,117,4,1,1,1.0,0.0,1run,1run,0,2
grid_200,2,118,4,1,1,0.0,1.0,1run,1run,1,3
grid_200,2,119,3,3,1,0.0,0.67,L,1run,1,3
grid_200,2,120,3,2,1,0.0,3.61,L,1run,1,3
grid_200,2,121,4,2,1,0.0,1.41,1run,1run,1,4
grid_200,2,122,4,1,1,0.0,0.0,1run,1run,1,4
grid_200,2,123,4,2,1,0.0,1.0,1run,1run,1,4
grid_200,2,124,4,5,2,0.0,1.96,tree,L,1,4
grid_200,2,125,4,2,1,0.0,0.71,L,1run,1,4
grid_200,2,126,4,3,1,0.0,1.37,tree,1run,1,4
grid_200,2,127,4,1,2,0.0,1.5,1run,L,1,4
grid_200,2,128,4,4,1,0.0,0.5,L,1run,1,4
grid_200,2,129,4,1,1,0.0,2.0,1run,1run,1,4
grid_200,2,130,4,1,1,0.0,1.41,1run,1run,1,4
grid_200,2,131,4,2,1,0.0,0.71,L,1run,1,4
grid_200,2,132,4,2,1,0.5,1.0,1run,1run,1,4
grid_200,2,133,4,3,1,0.0,2.03,L,1run,1,4
grid_200,2,134,4,1,2,0.0,1.8,1run,L,1,4
grid_200,2,135,4,2,1,0.0,1.12,L,1run,1,4
grid_200,2,136,4,2,1,0.0,1.0,1run,1run,1,3
grid_200,2,137,4,1,1,1.0,0.0,1run,1run,0,3
grid_200,2,138,4,1,1,0.0,1.0,1run,1run,1,3
grid_200,2,139,3,1,1,0.0,1.0,1run,1run,1,3
grid_200,2,140,3,1,1,0.0,4.12,1run,1run,1,3
grid_200,2,141,4,2,1,0.0,2.24,L,1run,1,4
grid_200,2,142,4,1,1,0.0,1.0,1run,1run,1,4
grid_200,2,143,4,9,1,0.0,3.05,tree,1run,1,4
grid_200,2,144,4,2,1,0.0,4.5,L,1run,1,4
grid_200,2,145,4,1,1,0.0,2.0,1run,1run,1,4
grid_200,2,146,4,2,2,0.0,0.5,L,L,1,4
grid_200,2,147,4,2,2,0.0,2.5,L,L,1,4
grid_200,2,148,4,3,1,0.0,1.0,1run,1run,1,4
grid_200,2,149,4,2,1,0.0,1.0,1run,1run,1,4
grid_200,2,150,4,3,1,0.0,1.2,L,1run,1,4
grid_200,2,151,4,5,1,0.0,0.6,tree,1run,1,4
grid_200,2,152,4,1,1,0.0,2.0,1run,1run,1,4
grid_200,2,153,4,2,1,0.0,1.0,L,1run,1,4
grid_200,2,154,4,2,1,0.0,1.41,L,1run,1,4
grid_200,2,155,4,1,1,0.0,1.0,1run,1run,1,4
grid_200,2,156,4,2,1,0.0,1.0,1run,1run,1,4
grid_200,2,157,4,3,1,0.0,0.0,L,1run,1,3
grid_200,2,158,4,3,1,0.0,1.2,L,1run,1,4
grid_200,2,159,3,2,1,0.0,0.5,L,1run,1,3
grid_200,2,160,3,5,1,0.0,5.33,tree,1run,1,3
grid_200,2,161,4,2,1,0.0,2.24,L,1run,1,4
grid_200,2,162,4,1,1,0.0,1.0,1run,1run,1,4
grid_200,2,163,4,3,1,0.0,1.49,tree,1run,1,4
grid_200,2,164,4,2,1,0.0,3.16,1run,1run,1,4
grid_200,2,165,4,2,2,0.0,2.06,1run,L,1,4
grid_200,2,166,4,2,1,0.0,0.0,1run,1run,1,4
grid_200,2,167,4,3,1,0.0,1.2,L,1run,1,4
grid_200,2,168,4,6,1,0.0,0.5,L,1run,1,4
grid_200,2,169,4,2,1,0.0,2.06,L,1run,1,4
grid_200,2,170,4,2,1,0.0,1.41,1run,1run,1,4
grid_200,2,171,4,1,1,0.0,2.24,1run,1run,1,4
grid_200,2,172,4,4,1,0.0,0.5,L,1run,1,4
grid_200,2,173,4,2,1,0.0,1.0,1run,1run,1,4
grid_200,2,174,4,2,2,0.0,1.0,L,L,1,4
grid_200,2,175,4,4,1,0.0,0.79,tree,1run,1,4
grid_200,2,176,4,1,1,0.0,0.0,1run,1run,1,4
grid_200,2,177,4,2,1,0.0,1.41,L,1run,1,4
grid_200,2,178,4,2,1,0.0,0.5,L,1run,1,4
grid_200,2,179,3,2,1,0.0,1.0,1run,1run,1,3
grid_200,2,180,2,1,1,0.0,2.83,1run,1run,1,2
grid_200,2,181,3,1,1,0.0,1.41,1run,1run,1,3
grid_200,2,182,3,3,1,0.0,1.0,L,1run,1,3
grid_200,2,183,3,2,1,0.0,2.0,L,1run,1,3
grid_200,2,184,3,5,1,0.0,3.42,tree,1run,1,3
grid_200,2,185,3,1,2,0.0,1.41,1run,1run,1,3
grid_200,2,186,3,1,1,0.0,1.0,1run,1run,1,3
grid_200,2,187,3,2,1,0.0,1.5,L,1run,1,3
grid_200,2,188,3,5,1,0.0,0.2,L,1run,1,3
grid_200,2,189,3,1,1,0.0,1.41,1run,1run,1,3
grid_200,2,190,3,1,1,0.0,2.0,1run,1run,1,3
grid_200,2,191,3,2,1,0.0,3.0,L,1run,1,3
grid_200,2,192,3,3,1,0.0,1.41,1run,1run,1,3
grid_200,2,193,3,2,1,0.5,0.5,L,1run,1,3
grid_200,2,194,3,2,1,0.0,0.0,1run,1run,1,3
grid_200,2,195,3,2,1,0.0,0.71,L,1run,1,3
grid_200,2,196,3,3,1,0.0,1.0,L,1run,1,3
grid_200,2,197,3,2,1,0.5,0.0,L,1run,1,3
grid_200,2,198,3,1,1,0.0,1.0,1run,1run,1,3
grid_200,2,199,2,1,1,0.0,1.41,1run,1run,1,2
