gid,n,e,tmpl_acl,prune_s,err
1000,2,1,1.0,0.17,
1001,3,3,1.0,0.0,
1002,4,6,1.0,0.0,
1003,5,10,1.2,0.0,
1004,6,15,1.333,0.0,
1005,7,21,1.429,0.0,
1006,8,28,1.5,0.0,
1007,9,36,2.111,0.0,
1008,10,45,2.0,0.21,
1009,12,66,2.167,0.0,
1010,14,91,2.214,0.0,
1011,16,120,2.25,0.0,
1012,18,153,2.722,0.0,
1013,20,190,2.8,0.0,
1014,22,231,2.818,0.0,
1015,24,276,2.833,0.0,
1016,26,325,3.308,0.16,
1017,28,378,3.357,0.0,
1018,30,435,3.367,0.0,
1019,33,528,3.909,0.0,
1020,36,630,3.889,0.01,
1021,39,741,3.897,0.01,
1022,42,861,4.381,0.01,
1023,45,990,4.422,0.01,
1024,48,1128,4.417,0.12,
1025,51,1275,4.922,0.01,
1026,54,1431,4.926,0.01,
1027,57,1596,5.439,0.02,
1028,60,1770,5.433,0.03,
1029,63,1953,5.444,0.03,
1030,67,2211,5.94,0.03,
1031,71,2485,5.944,0.03,
1032,75,2775,6.453,0.31,
1033,80,3160,6.45,0.04,
1034,84,3486,6.952,0.03,
1035,89,3916,7.461,0.04,
1036,95,4465,7.463,0.06,
1037,100,4950,7.96,0.06,
1038,106,5565,8.453,0.15,
1039,113,6328,8.973,0.12,
1040,120,7140,8.967,0.19,
1041,127,8001,9.472,0.14,
1042,134,8911,9.97,0.11,
1043,142,10011,10.472,0.19,
1044,151,11325,10.974,0.16,
1045,160,12720,11.475,0.32,
1046,170,14365,12.471,0.38,
1047,180,16110,12.978,0.29,
1200,4,4,1.0,0.32,
1201,6,9,1.0,0.0,
1202,6,8,1.0,0.0,
1203,8,12,1.0,0.0,
1204,8,12,1.0,0.0,
1205,6,9,1.0,0.0,
1206,9,18,1.222,0.0,
1207,9,18,1.222,0.0,
1208,12,27,1.167,0.13,
1209,12,27,1.167,0.0,
1210,8,16,1.0,0.0,
1211,12,32,1.167,0.0,
1212,12,32,1.167,0.0,
1213,16,48,1.125,0.0,
1214,16,48,1.125,0.0,
1215,10,25,1.3,0.0,
1216,38,361,2.0,0.17,
1217,15,50,1.2,0.0,
1218,20,75,1.25,0.0,
1219,20,75,1.25,0.0,
1220,12,36,1.25,0.0,
1221,18,72,1.333,0.0,
1222,18,72,1.333,0.0,
1223,60,900,2.75,0.03,
1224,24,108,1.25,0.2,
1225,14,49,1.286,0.0,
1226,21,98,1.333,0.0,
1227,21,98,1.333,0.0,
1228,28,147,1.393,0.0,
1229,28,147,1.393,0.0,
1230,16,64,1.0,0.0,
1231,102,2601,4.0,0.11,
1232,24,128,1.167,0.0,
1233,118,3481,4.492,0.19,
1234,32,192,1.25,0.0,
1235,18,81,1.444,0.0,
1236,27,162,1.667,0.0,
1237,27,162,1.667,0.0,
1238,166,6889,6.0,0.62,
1239,36,243,1.722,0.0,
1240,20,100,1.5,0.0,
1241,30,200,1.667,0.0,
1242,30,200,1.667,0.0,
1243,40,300,1.75,0.0,
1244,40,300,1.75,0.0,
1245,22,121,1.455,0.0,
1246,33,242,1.818,0.0,
1247,33,242,1.818,0.0,
1248,44,363,1.864,0.01,
1249,44,363,1.864,0.01,
1250,24,144,1.5,0.0,
1252,36,288,1.833,0.0,
1253,48,432,1.875,0.01,
1254,48,432,1.875,0.01,
1255,26,169,1.731,0.0,
1256,12,32,1.167,0.0,
1257,39,338,1.821,0.0,
1258,52,507,1.981,0.01,
1259,52,507,1.981,0.01,
1260,28,196,1.75,0.0,
1261,42,392,2.0,0.01,
1262,42,392,2.0,0.01,
1263,56,588,2.0,0.01,
1264,56,588,2.0,0.01,
1265,30,225,1.733,0.0,
1266,45,450,2.0,0.01,
1267,45,450,2.0,0.01,
1268,48,512,1.833,0.01,
1269,60,675,2.117,0.02,
1270,32,256,1.5,0.0,
1271,48,512,1.833,0.01,
1272,48,512,1.833,0.01,
1273,64,768,2.0,0.02,
1274,64,768,2.0,0.02,
1275,34,289,2.0,0.0,
1276,84,1568,3.167,0.06,
1277,51,578,2.333,0.01,
1278,68,867,2.5,0.02,
1279,68,867,2.5,0.02,
1280,38,361,2.0,0.0,
1281,117,3042,4.0,0.17,
1282,57,722,2.509,0.02,
1283,76,1083,2.632,0.04,
1284,76,1083,2.632,0.04,
1285,40,400,2.0,0.0,
1286,60,800,2.5,0.02,
1287,60,800,2.5,0.02,
1288,80,1200,2.625,0.04,
1289,80,1200,2.625,0.04,
1290,42,441,2.262,0.01,
1291,63,882,2.508,0.02,
1292,63,882,2.508,0.02,
1293,84,1323,2.75,0.05,
1294,84,1323,2.75,0.05,
1295,46,529,2.261,0.01,
1296,69,1058,2.667,0.03,
1297,69,1058,2.667,0.03,
1299,92,1587,2.88,0.07,
1300,48,576,2.0,0.01,
1301,72,1152,2.5,0.03,
1302,72,1152,2.5,0.03,
1303,96,1728,2.75,0.08,
1304,96,1728,2.75,0.08,
1305,52,676,2.5,0.01,
1306,24,108,1.25,0.0,
1307,78,1352,3.0,0.05,
1308,32,192,1.25,0.0,
1309,104,2028,3.25,0.1,
1310,56,784,2.5,0.02,
1311,84,1568,3.167,0.06,
1312,84,1568,3.167,0.06,
1313,112,2352,3.375,0.14,
1314,112,2352,3.375,0.14,
1315,60,900,2.75,0.03,
1316,64,768,2.0,0.02,
1317,90,1800,3.333,0.09,
1318,120,2700,3.5,0.16,
1319,120,2700,3.5,0.16,
1320,64,1024,2.5,0.03,
1321,92,1587,2.88,0.08,
1322,96,2048,3.167,0.09,
1323,104,2028,3.25,0.1,
1324,128,3072,3.5,0.21,
1325,68,1156,3.0,0.03,
1326,128,3072,3.5,0.21,
1327,102,2312,3.667,0.1,
1328,148,4107,4.25,0.34,
1329,136,3468,4.0,0.23,
1330,74,1369,3.257,0.05,
1331,111,2738,3.838,0.15,
1332,111,2738,3.838,0.15,
1333,148,4107,4.25,0.3,
1334,148,4107,4.25,0.25,
1335,78,1521,3.256,0.04,
1336,117,3042,4.0,0.12,
1337,117,3042,4.0,0.12,
1339,156,4563,4.378,0.45,
1340,84,1764,3.5,0.06,
1341,126,3528,4.333,0.24,
1342,126,3528,4.333,0.24,
1343,168,5292,4.75,0.52,
1344,168,5292,4.75,0.53,
1345,90,2025,3.744,0.09,
1347,135,4050,4.496,0.28,
1348,180,6075,4.994,0.73,
1349,96,2304,3.5,0.09,
1350,144,4608,4.5,0.36,
1351,144,4608,4.5,0.35,
1353,102,2601,4.0,0.11,
1354,153,5202,5.17,0.5,
1355,153,5202,5.17,0.5,
1357,110,3025,4.255,0.16,
1358,165,6050,5.333,0.57,
1360,118,3481,4.492,0.18,
1361,177,6962,5.831,0.79,
1363,126,3969,4.746,0.25,
1366,134,4489,5.0,0.27,
1369,144,5184,5.0,0.37,
1372,154,5929,5.747,0.53,
1375,166,6889,6.0,0.58,
1378,176,7744,6.0,0.79,
1550,12,16,1.5,0.0,
1551,12,16,1.5,0.0,
1552,8,10,1.0,0.0,
1553,4,4,1.0,0.0,
1554,8,10,1.0,0.0,
1555,27,42,2.37,0.0,
1556,64,112,3.109,0.01,
1557,27,42,2.37,0.0,
1558,18,27,1.667,0.0,
1559,9,12,1.333,0.0,
1560,16,24,1.312,0.0,
1561,169,312,5.266,0.11,
1562,32,52,2.281,0.0,
1563,32,52,2.281,0.0,
1564,48,80,3.042,0.0,
1565,50,85,3.04,0.0,
1566,50,85,3.04,0.0,
1567,25,40,2.08,0.0,
1568,75,130,4.013,0.01,
1569,75,130,4.013,0.01,
1570,72,126,3.528,0.01,
1571,108,192,4.907,0.03,
1572,72,126,3.528,0.01,
1573,36,60,2.556,0.0,
1574,108,192,4.907,0.03,
1575,147,266,5.687,0.07,
1576,147,266,5.687,0.06,
1577,49,84,2.939,0.0,
1579,98,175,4.204,0.02,
1582,128,232,4.859,0.05,
1583,64,112,3.109,0.01,
1584,128,232,4.859,0.05,
1585,162,297,5.654,0.09,
1586,162,297,5.654,0.09,
1587,81,144,3.691,0.01,
1594,100,180,3.76,0.02,
1595,121,220,4.496,0.05,
1603,144,264,4.472,0.07,
1605,169,312,5.266,0.12,
1621,12,16,1.5,0.0,
1625,108,192,4.907,0.03,
1800,3,3,1.0,0.0,
1801,4,4,1.0,0.0,
1802,5,5,1.0,0.0,
1803,6,6,1.0,0.0,
1804,7,7,1.0,0.0,
1805,8,8,1.0,0.0,
1806,9,9,1.0,0.0,
1807,10,10,1.0,0.0,
1808,12,12,1.083,0.0,
1809,13,13,1.154,0.0,
1810,15,15,1.133,0.0,
1811,16,16,1.062,0.0,
1812,18,18,1.111,0.0,
1813,21,21,1.19,0.0,
1814,23,23,1.174,0.0,
1815,26,26,1.115,0.0,
1816,29,29,1.207,0.0,
1817,32,32,1.156,0.0,
1818,36,36,1.194,0.0,
1819,41,41,1.195,0.0,
1820,46,46,1.196,0.0,
1821,51,51,1.235,0.0,
1822,57,57,1.211,0.0,
1823,64,64,1.203,0.0,
1824,72,72,1.208,0.0,
1825,80,80,1.212,0.01,
1826,90,90,1.211,0.01,
1827,101,101,1.238,0.01,
1828,113,113,1.239,0.02,
1829,126,126,1.23,0.02,
1830,141,141,1.241,0.03,
1831,158,158,1.234,0.04,
1832,177,177,1.243,0.06,
2000,3,2,1.0,0.0,
2001,4,3,1.0,0.0,
2002,5,4,1.0,0.0,
2003,6,5,1.0,0.0,
2004,7,6,1.0,0.0,
2005,8,7,1.0,0.0,
2006,9,8,1.222,0.0,
2007,10,9,1.0,0.0,
2008,12,11,1.0,0.0,
2009,13,12,1.077,0.0,
2010,15,14,1.067,0.0,
2011,16,15,1.062,0.0,
2012,18,17,1.111,0.0,
2013,21,20,1.095,0.0,
2014,23,22,1.087,0.0,
2015,26,25,1.115,0.0,
2016,29,28,1.138,0.0,
2017,32,31,1.125,0.0,
2018,36,35,1.139,0.0,
2019,41,40,1.171,0.0,
2020,46,45,1.152,0.0,
2021,51,50,1.157,0.0,
2022,57,56,1.175,0.0,
2023,64,63,1.156,0.0,
2024,72,71,1.153,0.0,
2025,80,79,1.163,0.01,
2026,90,89,1.167,0.01,
2027,101,100,1.168,0.01,
2028,113,112,1.168,0.02,
2029,126,125,1.175,0.02,
2030,141,140,1.177,0.03,
2031,158,157,1.177,0.04,
2032,177,176,1.175,0.06,
2200,4,3,1.0,0.0,
2201,5,4,1.0,0.0,
2202,6,5,1.0,0.0,
2203,7,6,1.0,0.0,
2204,8,7,1.0,0.0,
2205,9,8,1.111,0.0,
2206,10,9,1.1,0.0,
2207,11,10,1.091,0.0,
2208,13,12,1.077,0.0,
2209,14,13,1.071,0.0,
2210,16,15,1.062,0.0,
2211,17,16,1.059,0.0,
2212,19,18,1.053,0.0,
2213,22,21,1.045,0.0,
2214,24,23,1.042,0.0,
2215,27,26,1.074,0.0,
2216,30,29,1.067,0.0,
2217,33,32,1.061,0.0,
2218,37,36,1.054,0.0,
2219,42,41,1.071,0.0,
2220,47,46,1.064,0.0,
2221,52,51,1.058,0.0,
2222,58,57,1.069,0.01,
2223,65,64,1.062,0.01,
2224,73,72,1.068,0.01,
2225,81,80,1.062,0.01,
2226,91,90,1.066,0.02,
2227,102,101,1.059,0.02,
2228,114,113,1.061,0.03,
2229,127,126,1.063,0.04,
2230,142,141,1.063,0.06,
2231,159,158,1.063,0.09,
2232,178,177,1.062,0.12,
2400,4,6,1.0,0.0,
2401,5,8,1.2,0.0,
2402,6,10,1.167,0.0,
2403,7,12,1.286,0.0,
2404,8,14,1.25,0.0,
2405,9,16,1.444,0.0,
2406,10,18,1.4,0.0,
2407,11,20,1.545,0.0,
2408,13,24,1.615,0.0,
2409,14,26,1.571,0.0,
2410,16,30,1.625,0.0,
2411,17,32,1.824,0.0,
2412,19,36,1.895,0.0,
2413,22,42,1.909,0.0,
2414,24,46,1.958,0.0,
2415,27,52,2.148,0.0,
2416,30,58,2.167,0.0,
2417,33,64,2.364,0.0,
2418,37,72,2.486,0.0,
2419,42,82,2.571,0.0,
2420,47,92,2.787,0.0,
2421,52,102,2.904,0.01,
2422,58,114,3.086,0.01,
2423,65,128,3.385,0.01,
2424,73,144,3.63,0.01,
2425,81,160,3.889,0.02,
2426,91,180,4.198,0.03,
2427,102,202,4.48,0.03,
2428,114,226,4.86,0.05,
2429,127,252,5.323,0.06,
2430,142,282,5.732,0.09,
2431,159,316,6.327,0.14,
2432,178,354,6.865,0.19,
2600,3,2,1.0,0.0,
2601,4,4,1.0,0.0,
2602,5,6,1.0,0.0,
2603,4,5,1.0,0.0,
2604,5,6,1.0,0.0,
2605,5,8,1.2,0.0,
2606,5,8,1.2,0.0,
2607,10,25,1.3,0.0,
2608,5,9,1.2,0.0,
2609,6,9,1.0,0.0,
2610,6,12,1.333,0.0,
2611,6,12,1.333,0.0,
2612,15,56,1.267,0.0,
2613,6,13,1.333,0.0,
2614,17,72,1.235,0.0,
2615,6,14,1.333,0.0,
2616,7,12,1.0,0.0,
2617,7,16,1.429,0.0,
2618,7,16,1.429,0.0,
2619,24,144,1.5,0.0,
2620,7,18,1.429,0.0,
2621,7,19,1.429,0.0,
2622,7,19,1.429,0.0,
2623,7,20,1.429,0.0,
2624,7,20,1.429,0.0,
2625,8,16,1.0,0.0,
2626,39,380,2.0,0.0,
2627,8,21,1.375,0.0,
2628,45,506,2.244,0.01,
2629,8,24,1.5,0.0,
2630,8,25,1.5,0.0,
2631,8,25,1.5,0.0,
2632,59,870,2.746,0.02,
2633,8,26,1.5,0.0,
2634,67,1122,3.0,0.03,
2635,8,27,1.5,0.0,
2636,9,20,1.222,0.0,
2637,9,27,1.667,0.0,
2638,9,27,1.667,0.0,
2639,9,30,1.778,0.0,
2640,9,30,1.778,0.0,
2641,108,2916,4.25,0.15,
2642,9,32,2.0,0.0,
2643,124,3844,4.75,0.16,
2644,9,33,2.0,0.0,
2645,9,34,2.0,0.0,
2646,9,34,2.0,0.0,
2647,162,6561,6.0,0.43,
2648,9,35,2.0,0.0,
2649,10,25,1.3,0.0,
2650,10,33,1.6,0.0,
2651,10,33,1.6,0.0,
2653,10,37,1.9,0.0,
2655,10,40,2.0,0.0,
2656,10,41,2.0,0.0,
2657,10,41,2.0,0.0,
2658,10,42,2.0,0.0,
2659,10,42,2.0,0.0,
2660,10,43,2.0,0.0,
2661,10,43,2.0,0.0,
2662,11,30,1.273,0.0,
2663,4,5,1.0,0.0,
2664,11,40,1.727,0.0,
2665,6,12,1.333,0.0,
2666,11,45,1.909,0.0,
2667,8,21,1.375,0.0,
2668,11,48,1.909,0.0,
2669,11,50,2.182,0.0,
2670,11,50,2.182,0.0,
2671,12,48,1.667,0.0,
2672,11,51,2.182,0.0,
2673,14,65,2.071,0.0,
2674,11,52,2.182,0.0,
2675,12,36,1.25,0.0,
2676,12,48,1.667,0.0,
2677,12,48,1.667,0.0,
2678,12,54,2.083,0.0,
2679,12,54,2.083,0.0,
2680,23,176,2.13,0.0,
2681,12,57,2.167,0.0,
2682,12,60,2.167,0.0,
2683,12,60,2.167,0.0,
2684,12,61,2.167,0.0,
2685,12,61,2.167,0.0,
2686,35,408,2.829,0.01,
2687,12,62,2.167,0.0,
2688,13,42,1.231,0.0,
2689,43,616,3.326,0.01,
2690,13,56,1.615,0.0,
2691,49,800,3.49,0.01,
2692,13,63,2.154,0.0,
2693,13,67,2.231,0.0,
2694,13,67,2.231,0.0,
2695,13,70,2.231,0.0,
2696,13,70,2.231,0.0,
2697,73,1776,4.658,0.05,
2698,13,72,2.231,0.0,
2699,13,73,2.231,0.0,
2700,13,73,2.231,0.0,
2701,14,49,1.286,0.0,
2702,14,65,2.071,0.0,
2703,14,65,2.071,0.0,
2704,14,73,2.143,0.0,
2705,14,73,2.143,0.0,
2706,135,6075,7.667,0.34,
2707,14,78,2.143,0.0,
2708,154,7905,8.656,0.63,
2709,14,81,2.143,0.0,
2710,177,10443,9.831,0.94,
2711,14,84,2.214,0.0,
2712,14,85,2.214,0.0,
2713,14,85,2.214,0.0,
2714,15,56,1.267,0.0,
2716,15,75,2.067,0.0,
2718,15,84,2.133,0.0,
2719,15,90,2.2,0.0,
2720,15,90,2.2,0.0,
2722,15,93,2.267,0.0,
2723,15,96,2.267,0.0,
2724,15,96,2.267,0.0,
2725,15,98,2.267,0.0,
2726,15,98,2.267,0.0,
2727,16,64,1.0,0.0,
2728,16,96,2.0,0.0,
2729,16,96,2.0,0.0,
2730,13,63,2.154,0.0,
2731,16,106,2.25,0.0,
2732,16,109,2.25,0.0,
2733,16,109,2.25,0.0,
2734,17,72,1.235,0.0,
2735,18,121,2.333,0.0,
2736,17,96,2.412,0.0,
2737,17,108,2.529,0.0,
2738,17,108,2.529,0.0,
2739,24,216,2.667,0.0,
2740,17,115,2.647,0.0,
2741,27,273,2.889,0.0,
2742,17,120,2.706,0.0,
2743,17,123,2.706,0.0,
2744,17,123,2.706,0.0,
2745,17,126,2.765,0.0,
2746,17,126,2.765,0.0,
2747,18,108,2.167,0.0,
2748,18,108,2.167,0.0,
2749,18,121,2.333,0.0,
2750,18,121,2.333,0.0,
2751,53,1053,4.094,0.02,
2752,18,129,2.5,0.0,
2753,61,1395,4.607,0.03,
2754,18,135,2.556,0.0,
2755,18,138,2.611,0.0,
2756,18,138,2.611,0.0,
2757,80,2400,5.5,0.06,
2758,18,141,2.611,0.0,
2759,19,90,1.474,0.0,
2760,98,3601,6.745,0.13,
2761,19,120,2.158,0.0,
2762,19,135,2.421,0.0,
2763,19,135,2.421,0.0,
2764,19,144,2.526,0.0,
2765,19,144,2.526,0.0,
2766,147,8103,9.388,0.5,
2767,19,150,2.526,0.0,
2768,169,10710,10.615,0.87,
2769,19,154,2.684,0.0,
2771,19,157,2.684,0.0,
2772,20,100,1.5,0.0,
2773,20,133,2.15,0.0,
2774,20,133,2.15,0.0,
2775,20,160,2.5,0.0,
2776,20,160,2.5,0.0,
2778,20,174,2.75,0.0,
2779,21,110,1.524,0.0,
2780,6,14,1.333,0.0,
2781,21,165,2.333,0.0,
2782,8,25,1.5,0.0,
2783,21,183,2.714,0.0,
2784,10,40,2.0,0.0,
2785,21,189,2.762,0.0,
2786,12,57,2.167,0.0,
2787,22,161,2.091,0.0,
2788,14,78,2.143,0.0,
2789,22,181,2.364,0.0,
2790,17,115,2.647,0.0,
2791,22,193,2.682,0.0,
2792,22,201,2.773,0.0,
2793,22,201,2.773,0.0,
2794,22,207,2.773,0.0,
2795,22,207,2.773,0.0,
2796,25,250,3.0,0.0,
2797,22,211,2.773,0.0,
2798,23,132,1.478,0.0,
2799,30,360,3.0,0.0,
2800,23,176,2.13,0.0,
2801,23,211,2.739,0.0,
2802,23,211,2.739,0.0,
2803,40,640,3.4,0.01,
2804,23,231,2.826,0.0,
2805,24,144,1.5,0.0,
2806,24,216,2.667,0.0,
2807,24,216,2.667,0.0,
2808,56,1254,4.375,0.01,
2809,24,240,2.667,0.0,
2810,64,1638,4.922,0.02,
2811,24,246,2.708,0.0,
2812,25,208,2.32,0.0,
2813,25,208,2.32,0.0,
2814,25,234,2.84,0.0,
2815,25,234,2.84,0.0,
2816,96,3686,6.688,0.08,
2817,25,250,3.0,0.0,
2818,110,4840,7.6,0.18,
2819,25,260,3.04,0.0,
2820,126,6350,8.484,0.27,
2821,25,267,3.16,0.0,
2822,25,273,3.16,0.0,
2823,25,273,3.16,0.0,
2824,26,169,1.731,0.0,
2825,177,12531,11.695,0.95,
2826,27,243,2.481,0.0,
2827,27,273,2.889,0.0,
2828,27,273,2.889,0.0,
2829,27,291,3.0,0.0,
2830,27,291,3.0,0.0,
2831,27,303,3.074,0.0,
2832,27,303,3.074,0.0,
2834,27,312,3.185,0.0,
2836,27,318,3.185,0.0,
2837,28,196,1.75,0.0,
2838,28,261,2.464,0.0,
2839,28,261,2.464,0.0,
2840,28,313,3.0,0.0,
2841,28,313,3.0,0.0,
2842,13,70,2.231,0.0,
2843,28,342,3.179,0.0,
2844,15,93,2.267,0.0,
2845,29,315,2.828,0.0,
2846,17,120,2.706,0.0,
2847,29,350,3.103,0.0,
2848,19,150,2.526,0.0,
2849,29,360,3.103,0.0,
2850,30,225,1.733,0.0,
2851,24,240,2.667,0.0,
2852,30,300,2.5,0.0,
2853,27,303,3.074,0.0,
2854,30,360,3.0,0.0,
2855,30,393,3.333,0.0,
2856,30,393,3.333,0.0,
2857,31,360,2.871,0.0,
2858,31,360,2.871,0.0,
2859,31,400,3.29,0.0,
2860,31,400,3.29,0.0,
2861,47,920,4.085,0.01,
2862,31,411,3.323,0.0,
2863,32,256,1.5,0.0,
2864,33,363,2.818,0.0,
2865,33,363,2.818,0.0,
2866,65,1760,5.431,0.02,
2867,33,408,3.091,0.0,
2868,75,2343,5.92,0.04,
2869,33,435,3.697,0.0,
2870,86,3081,6.407,0.04,
2871,33,453,3.697,0.0,
2872,33,466,3.758,0.0,
2873,33,466,3.758,0.0,
2874,33,476,3.758,0.0,
2875,33,476,3.758,0.0,
2876,34,289,2.0,0.0,
2877,35,408,2.829,0.0,
2878,35,408,2.829,0.0,
2879,35,490,3.486,0.0,
2880,35,490,3.486,0.0,
2881,35,525,3.657,0.0,
2882,35,525,3.657,0.0,
2883,35,535,3.686,0.0,
2884,35,535,3.686,0.01,
2885,36,486,3.222,0.0,
2886,36,486,3.222,0.0,
2887,36,540,3.583,0.0,
2888,36,540,3.583,0.0,
2889,37,342,2.0,0.0,
2891,37,456,2.811,0.0,
2892,9,34,2.0,0.0,
2893,37,547,3.459,0.0,
2894,11,51,2.182,0.0,
2895,37,598,3.703,0.0,
2896,38,541,3.237,0.0,
2897,38,541,3.237,0.0,
2898,15,96,2.267,0.0,
2899,38,601,3.553,0.0,
2900,17,123,2.706,0.0,
2901,38,618,3.632,0.0,
2902,39,380,2.0,0.0,
2903,40,533,2.975,0.0,
2904,40,533,2.975,0.0,
2905,40,640,3.4,0.01,
2906,40,640,3.4,0.01,
2907,40,700,3.8,0.0,
2908,40,700,3.8,0.0,
2909,41,630,3.61,0.01,
2910,41,630,3.61,0.01,
2911,41,700,4.098,0.01,
2912,41,700,4.098,0.01,
2913,41,720,4.171,0.01,
2914,41,720,4.171,0.01,
2915,42,441,2.262,0.01,
2916,50,1071,4.6,0.02,
2917,43,616,3.326,0.01,
2918,43,739,3.907,0.01,
2919,43,739,3.907,0.01,
2920,43,770,4.047,0.01,
2921,43,770,4.047,0.01,
2922,75,2410,6.013,0.05,
2923,43,792,4.116,0.01,
2924,85,3096,6.482,0.05,
2925,43,808,4.186,0.01,
2926,98,4116,7.5,0.07,
2927,44,726,3.727,0.01,
2928,45,506,2.244,0.01,
2929,46,705,3.304,0.01,
2930,46,705,3.304,0.01,
2931,46,846,3.87,0.01,
2932,46,846,3.87,0.01,
2933,46,906,4.152,0.01,
2934,46,906,4.152,0.01,
2935,46,925,4.196,0.01,
2936,46,925,4.196,0.01,
2938,47,828,3.766,0.01,
2939,47,920,4.085,0.01,
2940,47,920,4.085,0.01,
2941,48,576,2.0,0.01,
2942,49,800,3.49,0.01,
2943,49,800,3.49,0.01,
2945,49,960,4.306,0.01,
2946,49,1050,4.796,0.01,
2947,49,1050,4.796,0.01,
2948,12,62,2.167,0.0,
2949,50,937,4.12,0.01,
2950,50,1041,4.48,0.02,
2951,50,1041,4.48,0.02,
2952,17,126,2.765,0.0,
2953,50,1071,4.6,0.02,
2954,51,650,2.49,0.01,
2955,20,174,2.75,0.0,
2956,52,901,3.654,0.02,
2957,52,1081,4.385,0.02,
2958,52,1081,4.385,0.01,
2959,27,318,3.185,0.0,
2960,52,1182,4.673,0.01,
2961,53,1053,4.094,0.01,
2962,53,1053,4.094,0.01,
2963,53,1170,4.528,0.01,
2964,53,1170,4.528,0.01,
2965,40,700,3.8,0.0,
2966,53,1203,4.623,0.01,
2967,55,756,2.491,0.01,
2968,49,1050,4.796,0.01,
2969,56,1045,3.679,0.01,
2970,56,1254,4.375,0.01,
2971,56,1254,4.375,0.01,
2972,64,1792,5.125,0.02,
2973,56,1372,4.804,0.01,
2974,73,2331,6.041,0.07,
2975,57,1218,4.614,0.03,
2976,84,3086,6.619,0.07,
2977,57,1353,4.912,0.03,
2978,96,4032,7.125,0.1,
2979,57,1392,4.982,0.03,
2980,59,870,2.746,0.02,
2981,60,1200,4.0,0.03,
2982,60,1200,4.0,0.02,
2983,60,1440,4.8,0.02,
2984,60,1440,4.8,0.02,
2985,154,10375,10.929,0.4,
2986,60,1574,5.167,0.02,
2987,177,13706,12.429,0.5,
2988,61,1395,4.607,0.02,
2990,61,1550,4.984,0.02,
2992,61,1594,5.082,0.03,
2993,63,992,2.746,0.03,
2994,64,1365,4.156,0.03,
2995,64,1365,4.156,0.03,
2996,64,1638,4.922,0.03,
2997,64,1638,4.922,0.03,
2998,64,1792,5.125,0.03,
2999,64,1792,5.125,0.03,
3000,65,1584,4.862,0.02,
3001,65,1584,4.862,0.02,
3002,65,1760,5.431,0.02,
3003,65,1760,5.431,0.02,
3004,65,1810,5.477,0.02,
3005,65,1810,5.477,0.02,
3006,67,1122,3.0,0.02,
3008,69,1587,4.493,0.02,
3009,69,1904,5.304,0.04,
3010,69,1904,5.304,0.04,
3012,69,2082,5.638,0.04,
3013,70,1837,5.0,0.04,
3014,70,1837,5.0,0.04,
3015,70,2041,5.5,0.04,
3016,70,2041,5.5,0.04,
3018,70,2100,5.571,0.04,
3019,72,1296,3.0,0.02,
3020,73,1776,4.658,0.03,
3021,73,1776,4.658,0.03,
3022,73,2131,5.808,0.04,
3023,73,2131,5.808,0.04,
3024,73,2331,6.041,0.04,
3025,73,2331,6.041,0.04,
3027,75,2109,5.387,0.04,
3028,75,2343,5.92,0.07,
3029,75,2343,5.92,0.07,
3030,75,2410,6.013,0.05,
3031,75,2410,6.013,0.05,
3032,77,1482,3.247,0.05,
3034,78,2433,5.795,0.07,
3035,78,2661,6.128,0.06,
3036,78,2661,6.128,0.06,
3038,79,2080,4.823,0.06,
3039,80,2400,5.5,0.06,
3040,80,2400,5.5,0.06,
3041,80,2666,5.987,0.06,
3042,80,2666,5.987,0.06,
3044,80,2742,6.062,0.06,
3045,83,1722,3.494,0.06,
3046,84,2352,5.167,0.07,
3047,84,2352,5.167,0.07,
3049,84,2822,6.214,0.06,
3051,84,3086,6.619,0.07,
3053,85,3096,6.482,0.07,
3055,86,2773,5.872,0.06,
3057,86,3081,6.407,0.07,
3058,88,1936,3.5,0.07,
3060,90,2700,5.667,0.11,
3061,90,3240,6.6,0.11,
3062,90,3240,6.6,0.11,
3064,90,3543,7.044,0.12,
3066,91,3549,7.0,0.11,
3067,92,3174,6.37,0.11,
3068,92,3174,6.37,0.11,
3070,92,3526,6.902,0.11,
3071,95,2256,3.747,0.1,
3073,96,3072,5.5,0.1,
3074,96,3686,6.688,0.12,
3075,96,3686,6.688,0.12,
3077,96,4032,7.125,0.09,
3078,98,3601,6.745,0.12,
3079,98,3601,6.745,0.12,
3080,98,4001,7.316,0.1,
3081,98,4001,7.316,0.1,
3083,98,4116,7.5,0.07,
3084,101,2550,4.0,0.07,
3086,103,3536,5.99,0.08,
3088,103,4243,7.204,0.07,
3090,103,4641,7.641,0.07,
3091,105,4134,7.114,0.14,
3092,105,4134,7.114,0.11,
3093,105,4593,7.752,0.11,
3094,105,4593,7.752,0.18,
3095,105,4725,8.0,0.13,
3096,105,4725,8.0,0.11,
3097,108,2916,4.25,0.09,
3098,110,4033,6.509,0.11,
3099,110,4033,6.509,0.12,
3100,110,4840,7.6,0.11,
3101,110,4840,7.6,0.11,
3103,110,5293,8.064,0.15,
3105,112,4704,7.25,0.18,
3107,112,5226,7.839,0.19,
3109,112,5376,7.929,0.15,
3110,116,3364,4.5,0.18,
3112,118,4641,6.814,0.21,
3113,118,5569,8.093,0.21,
3114,118,5569,8.093,0.22,
3115,118,6091,8.568,0.17,
3117,120,5400,7.75,0.21,
3118,120,6000,8.333,0.18,
3119,120,6000,8.333,0.18,
3120,120,6171,8.417,0.15,
3121,124,3844,4.75,0.22,
3123,126,5292,7.167,0.25,
3124,126,6350,8.484,0.23,
3125,126,6945,9.063,0.28,
3126,128,6826,8.828,0.27,
3127,128,7021,8.922,0.28,
3128,129,6240,8.364,0.25,
3129,133,4422,5.0,0.17,
3130,135,6075,7.667,0.21,
3131,135,7290,9.0,0.21,
3132,135,7973,9.511,0.17,
3133,137,7820,9.759,0.37,
3134,137,8043,9.861,0.38,
3135,138,7141,8.877,0.37,
3136,142,5041,5.254,0.28,
3137,144,6912,7.833,0.39,
3138,144,8294,9.514,0.23,
3139,144,9072,10.0,0.25,
3140,147,8103,9.388,0.3,
3141,147,9003,10.17,0.27,
3142,147,9261,10.361,0.28,
3143,152,5776,5.5,0.29,
3144,154,7905,8.656,0.4,
3145,154,9486,10.409,0.4,
3146,154,10375,10.929,0.34,
3147,157,10270,10.656,0.34,
3148,157,10563,10.854,0.34,
3149,158,9361,9.867,0.37,
3150,162,6561,6.0,0.33,
3151,165,9075,9.164,0.44,
3152,165,10890,10.8,0.36,
3153,165,11910,11.442,0.29,
3154,168,11760,11.167,0.37,
3155,168,12096,11.286,0.3,
3156,169,10710,10.615,0.54,
3157,174,7569,6.253,0.77,
3158,177,10443,9.831,0.93,
3159,177,12531,11.695,0.94,
3160,177,13706,12.429,0.81,
3161,180,12150,11.122,0.91,
3162,180,13500,12.083,0.8,
3163,180,13885,12.289,0.81,
3350,5,10,1.2,0.0,
3351,6,12,1.333,0.0,
3352,7,14,1.143,0.0,
3353,7,21,1.429,0.0,
3354,7,14,1.429,0.0,
3355,8,16,1.0,0.0,
3356,8,24,1.5,0.0,
3357,8,16,1.5,0.0,
3358,9,18,1.444,0.0,
3359,9,27,1.778,0.0,
3360,9,36,2.111,0.0,
3361,9,18,1.667,0.0,
3362,10,20,1.4,0.0,
3363,10,30,1.7,0.0,
3364,10,40,2.0,0.0,
3365,10,20,1.7,0.0,
3366,11,22,1.636,0.0,
3367,11,33,1.909,0.0,
3368,11,44,2.091,0.0,
3369,11,22,1.727,0.0,
3370,11,33,2.091,0.0,
3371,12,24,1.583,0.0,
3372,12,36,1.917,0.0,
3373,12,48,1.917,0.0,
3374,12,24,1.833,0.0,
3375,12,36,2.167,0.0,
3376,13,26,1.615,0.0,
3377,13,52,2.077,0.0,
3378,13,39,2.077,0.0,
3379,14,28,1.571,0.0,
3380,14,42,1.929,0.0,
3381,14,56,2.0,0.0,
3382,14,28,1.857,0.0,
3383,15,45,1.933,0.0,
3384,15,30,1.8,0.0,
3385,15,45,2.067,0.0,
3386,16,32,1.562,0.0,
3387,16,64,2.0,0.0,
3388,16,48,2.062,0.0,
3389,17,34,1.706,0.0,
3390,17,51,2.118,0.0,
3391,17,34,1.824,0.0,
3392,18,54,2.0,0.0,
3393,18,72,2.111,0.0,
3394,18,36,1.833,0.0,
3395,18,54,2.389,0.0,
3396,19,38,1.737,0.0,
3397,19,76,2.158,0.0,
3398,19,57,2.421,0.0,
3399,20,60,2.05,0.0,
3400,20,40,1.9,0.0,
3401,21,42,1.714,0.0,
3402,21,84,2.19,0.0,
3403,21,63,2.381,0.0,
3404,22,66,2.045,0.0,
3405,22,44,1.909,0.0,
3406,23,46,1.652,0.0,
3407,23,92,2.174,0.0,
3408,24,72,2.0,0.0,
3409,24,48,1.833,0.0,
3410,24,72,2.333,0.0,
3411,25,50,1.64,0.0,
3412,26,104,2.231,0.0,
3413,26,78,2.5,0.0,
3414,27,81,2.111,0.0,
3415,27,54,1.926,0.0,
3416,28,56,1.679,0.0,
3417,28,112,2.286,0.0,
3418,29,87,2.138,0.0,
3419,29,58,1.966,0.0,
3420,29,87,2.448,0.0,
3421,31,62,1.581,0.0,
3422,31,124,2.29,0.0,
3423,31,93,2.419,0.0,
3424,32,96,2.062,0.0,
3425,32,64,1.906,0.0,
3426,34,68,1.559,0.0,
3427,34,136,2.324,0.0,
3428,35,105,2.143,0.0,
3429,35,70,1.971,0.0,
3430,35,105,2.571,0.0,
3431,37,74,1.595,0.0,
3432,38,152,2.368,0.0,
3433,38,114,2.526,0.0,
3434,39,117,2.103,0.0,
3435,39,78,1.949,0.0,
3436,41,82,1.585,0.0,
3437,41,164,2.415,0.0,
3438,42,126,2.595,0.0,
3439,43,129,2.163,0.0,
3440,43,86,1.977,0.0,
3441,45,90,1.578,0.0,
3442,45,180,2.4,0.01,
3443,46,138,2.543,0.0,
3444,47,141,2.149,0.0,
3445,47,94,1.979,0.0,
3446,49,98,1.571,0.0,
3447,50,200,2.4,0.01,
3448,51,153,2.627,0.0,
3449,52,156,2.173,0.0,
3450,52,104,2.0,0.0,
3451,54,108,1.537,0.0,
3452,55,220,2.4,0.01,
3453,56,168,2.571,0.0,
3454,57,171,2.193,0.01,
3455,57,114,1.982,0.01,
3456,60,120,1.583,0.01,
3457,61,244,2.443,0.01,
3458,61,183,2.607,0.01,
3459,63,189,2.175,0.01,
3460,63,126,2.0,0.01,
3461,66,132,1.53,0.01,
3462,67,268,2.448,0.01,
3463,67,201,2.657,0.01,
3464,69,207,2.203,0.01,
3465,69,138,2.029,0.01,
3466,72,144,1.542,0.01,
3467,73,292,2.479,0.01,
3468,74,222,2.662,0.01,
3469,76,228,2.197,0.01,
3470,76,152,2.026,0.01,
3471,79,158,1.532,0.01,
3472,81,324,2.481,0.01,
3473,81,243,2.642,0.01,
3474,83,249,2.205,0.01,
3475,83,166,2.024,0.01,
3476,87,174,1.529,0.01,
3477,89,356,2.494,0.02,
3478,90,270,2.678,0.01,
3479,92,276,2.207,0.02,
3480,92,184,2.033,0.02,
3481,96,192,1.531,0.01,
3482,98,392,2.48,0.02,
3483,98,294,2.684,0.02,
3484,101,303,2.218,0.02,
3485,101,202,2.04,0.02,
3486,106,212,1.519,0.02,
3487,107,428,2.495,0.03,
3488,108,324,2.685,0.03,
3489,111,333,2.207,0.03,
3490,111,222,2.027,0.02,
3491,116,232,1.543,0.02,
3492,118,472,2.5,0.04,
3493,119,357,2.681,0.02,
3494,122,366,2.213,0.03,
3495,122,244,2.033,0.02,
3496,128,256,1.523,0.02,
3497,130,520,2.5,0.03,
3498,131,393,2.702,0.04,
3499,134,402,2.216,0.04,
3500,134,268,2.037,0.04,
3501,141,282,1.525,0.04,
3502,143,572,2.503,0.07,
3503,144,432,2.674,0.06,
3504,148,444,2.223,0.06,
3505,148,296,2.041,0.05,
3506,155,310,1.529,0.06,
3507,157,628,2.516,0.09,
3508,159,477,2.686,0.08,
3509,163,489,2.227,0.08,
3510,163,326,2.043,0.06,
3511,170,340,1.512,0.06,
3512,173,692,2.52,0.08,
3513,174,522,2.695,0.07,
3514,179,537,2.229,0.06,
3515,179,358,2.045,0.06,
3800,8,12,1.0,0.0,
3801,10,15,1.4,0.0,
3802,12,18,1.833,0.0,
3803,12,18,1.833,0.0,
3804,12,18,1.833,0.0,
3805,14,21,1.786,0.0,
3806,14,21,1.929,0.0,
3807,14,21,1.929,0.0,
3808,16,24,1.875,0.0,
3809,28,42,2.286,0.0,
3810,16,24,1.875,0.0,
3811,16,24,1.875,0.0,
3812,16,24,1.875,0.0,
3813,18,27,2.056,0.0,
3814,18,27,2.111,0.0,
3815,18,27,2.111,0.0,
3816,62,93,3.419,0.01,
3817,18,27,2.167,0.0,
3818,20,30,2.05,0.0,
3819,20,30,2.3,0.0,
3820,20,30,2.3,0.0,
3821,108,162,4.87,0.02,
3822,20,30,2.1,0.0,
3823,22,33,2.182,0.0,
3824,22,33,2.273,0.0,
3825,22,33,2.273,0.0,
3827,22,33,2.364,0.0,
3829,22,33,2.318,0.0,
3830,24,36,2.042,0.0,
3831,24,36,2.208,0.0,
3832,24,36,2.208,0.0,
3834,24,36,2.208,0.0,
3835,26,39,2.423,0.0,
3836,26,39,2.423,0.0,
3838,26,39,2.423,0.0,
3839,26,39,2.462,0.0,
3840,26,39,2.462,0.0,
3841,26,39,2.5,0.0,
3842,26,39,2.5,0.0,
3843,28,42,2.286,0.0,
3844,28,42,2.429,0.0,
3845,28,42,2.429,0.0,
3846,28,42,2.429,0.0,
3847,28,42,2.429,0.0,
3848,28,42,2.393,0.0,
3849,28,42,2.393,0.0,
3851,30,45,2.567,0.0,
3853,30,45,2.633,0.0,
3854,32,48,2.5,0.0,
3855,32,48,2.656,0.0,
3856,32,48,2.656,0.0,
3857,12,18,1.833,0.0,
3858,32,48,2.688,0.0,
3859,16,24,1.875,0.0,
3860,32,48,2.625,0.0,
3861,32,48,2.562,0.0,
3862,32,48,2.562,0.0,
3863,34,51,2.529,0.0,
3864,34,51,2.647,0.0,
3865,34,51,2.647,0.0,
3866,34,51,2.735,0.0,
3867,34,51,2.735,0.0,
3868,36,54,2.833,0.0,
3869,36,54,2.833,0.0,
3870,36,54,2.778,0.0,
3871,36,54,2.778,0.0,
3872,36,54,2.833,0.0,
3873,36,54,2.833,0.0,
3874,92,138,4.5,0.02,
3875,36,54,2.778,0.0,
3876,116,174,5.25,0.03,
3877,36,54,2.694,0.0,
3878,146,219,6.178,0.06,
3879,38,57,2.763,0.0,
3880,38,57,2.842,0.0,
3881,38,57,2.842,0.0,
3882,40,60,2.7,0.0,
3884,40,60,2.875,0.0,
3885,40,60,2.9,0.0,
3886,40,60,2.9,0.0,
3887,40,60,2.925,0.0,
3888,40,60,2.925,0.0,
3890,40,60,2.9,0.0,
3892,40,60,2.85,0.0,
3893,40,60,2.775,0.0,
3894,40,60,2.775,0.0,
3896,42,63,2.881,0.0,
3897,42,63,3.071,0.0,
3898,42,63,3.071,0.0,
3899,44,66,2.864,0.0,
3901,44,66,3.045,0.0,
3903,44,66,3.045,0.0,
3905,44,66,3.114,0.0,
3906,44,66,3.114,0.0,
3907,44,66,3.114,0.0,
3908,44,66,3.023,0.0,
3909,44,66,3.023,0.0,
3911,44,66,2.977,0.0,
3912,16,24,1.875,0.0,
3913,46,69,3.022,0.0,
3914,20,30,2.3,0.0,
3915,46,69,3.152,0.0,
3916,48,72,3.25,0.0,
3917,48,72,3.25,0.0,
3918,50,75,3.06,0.0,
3919,50,75,3.26,0.0,
3920,50,75,3.26,0.0,
3921,44,66,3.045,0.0,
3922,50,75,3.28,0.0,
3923,56,84,3.411,0.0,
3924,50,75,3.3,0.0,
3925,50,75,3.32,0.0,
3926,50,75,3.32,0.0,
3927,50,75,3.3,0.0,
3928,50,75,3.3,0.0,
3929,110,165,5.155,0.02,
3930,50,75,3.28,0.0,
3931,138,207,6.029,0.03,
3932,50,75,3.22,0.0,
3933,172,258,7.105,0.07,
3934,52,78,3.25,0.0,
3935,54,81,3.185,0.0,
3936,54,81,3.426,0.0,
3937,54,81,3.426,0.0,
3938,56,84,3.411,0.0,
3939,56,84,3.411,0.0,
3941,56,84,3.429,0.0,
3943,56,84,3.482,0.0,
3944,56,84,3.536,0.0,
3945,56,84,3.536,0.0,
3946,56,84,3.5,0.0,
3947,56,84,3.5,0.0,
3949,56,84,3.5,0.0,
3950,56,84,3.464,0.0,
3951,56,84,3.464,0.0,
3952,58,87,3.431,0.01,
3953,58,87,3.431,0.01,
3954,60,90,3.667,0.01,
3955,60,90,3.667,0.01,
3956,62,93,3.419,0.01,
3958,62,93,3.645,0.01,
3959,62,93,3.677,0.01,
3960,62,93,3.677,0.01,
3961,62,93,3.71,0.01,
3962,62,93,3.71,0.01,
3963,62,93,3.79,0.01,
3964,62,93,3.79,0.01,
3965,62,93,3.758,0.01,
3966,62,93,3.758,0.01,
3967,26,39,2.462,0.0,
3968,64,96,3.844,0.01,
3969,32,48,2.688,0.0,
3970,64,96,3.812,0.01,
3971,66,99,3.667,0.01,
3972,66,99,3.667,0.01,
3973,50,75,3.28,0.0,
3974,66,99,3.848,0.01,
3975,68,102,3.618,0.01,
3976,70,105,3.914,0.01,
3977,70,105,3.914,0.01,
3978,70,105,3.871,0.01,
3979,70,105,3.871,0.01,
3980,110,165,5.164,0.03,
3981,70,105,3.957,0.01,
3982,70,105,4.057,0.0,
3983,70,105,4.057,0.0,
3984,70,105,4.043,0.0,
3985,70,105,4.043,0.0,
3987,70,105,4.029,0.0,
3989,72,108,4.056,0.0,
3991,74,111,3.905,0.01,
3993,74,111,4.122,0.01,
3994,78,117,3.91,0.01,
3996,78,117,4.141,0.01,
3997,78,117,4.154,0.01,
3998,78,117,4.154,0.01,
3999,78,117,4.244,0.01,
4000,78,117,4.244,0.01,
4001,78,117,4.372,0.01,
4002,78,117,4.372,0.01,
4004,78,117,4.295,0.01,
4006,80,120,4.4,0.01,
4008,80,120,4.35,0.01,
4009,82,123,4.171,0.01,
4010,82,123,4.171,0.01,
4012,84,126,4.417,0.01,
4013,86,129,4.186,0.01,
4014,86,129,4.523,0.01,
4015,86,129,4.523,0.01,
4016,86,129,4.593,0.01,
4017,86,129,4.593,0.01,
4018,88,132,4.443,0.01,
4019,88,132,4.443,0.01,
4020,38,57,2.842,0.0,
4021,88,132,4.455,0.01,
4022,48,72,3.25,0.0,
4023,88,132,4.659,0.01,
4024,60,90,3.667,0.0,
4025,88,132,4.705,0.01,
4026,90,135,4.667,0.01,
4027,90,135,4.667,0.01,
4028,94,141,4.755,0.01,
4029,92,138,4.5,0.01,
4030,118,177,5.5,0.03,
4031,94,141,4.755,0.02,
4032,96,144,4.5,0.02,
4033,98,147,4.776,0.02,
4034,98,147,4.776,0.02,
4036,98,147,4.786,0.02,
4038,98,147,4.878,0.02,
4040,98,147,5.0,0.02,
4041,100,150,5.09,0.02,
4042,100,150,5.09,0.02,
4043,100,150,5.0,0.02,
4044,100,150,5.0,0.02,
4046,100,150,5.14,0.02,
4047,104,156,4.865,0.02,
4048,104,156,4.865,0.02,
4050,104,156,5.048,0.02,
4051,108,162,4.87,0.02,
4052,108,162,5.343,0.02,
4053,108,162,5.343,0.02,
4054,110,165,5.155,0.02,
4055,110,165,5.155,0.02,
4056,110,165,5.164,0.02,
4057,110,165,5.164,0.02,
4058,110,165,5.282,0.02,
4059,110,165,5.282,0.03,
4061,110,165,5.482,0.03,
4062,112,168,5.464,0.03,
4063,112,168,5.464,0.03,
4064,112,168,5.393,0.03,
4065,112,168,5.393,0.03,
4066,116,174,5.25,0.03,
4067,116,174,5.25,0.03,
4068,118,177,5.5,0.03,
4069,118,177,5.5,0.03,
4070,122,183,5.303,0.03,
4071,50,75,3.3,0.0,
4072,122,183,5.541,0.04,
4073,62,93,3.71,0.01,
4074,122,183,5.664,0.04,
4075,78,117,4.244,0.01,
4076,122,183,5.803,0.04,
4077,124,186,5.597,0.04,
4078,124,186,5.597,0.04,
4079,124,186,5.863,0.04,
4080,124,186,5.863,0.04,
4081,154,231,6.682,0.07,
4082,124,186,5.952,0.04,
4083,126,189,5.841,0.04,
4084,126,189,5.841,0.04,
4085,130,195,5.677,0.04,
4086,130,195,5.677,0.04,
4088,132,198,5.947,0.04,
4089,136,204,5.735,0.04,
4091,136,204,6.103,0.04,
4093,136,204,6.25,0.04,
4095,138,207,6.029,0.05,
4097,138,207,6.029,0.04,
4099,140,210,6.379,0.03,
4100,140,210,6.286,0.03,
4101,140,210,6.286,0.04,
4103,140,210,6.479,0.04,
4104,146,219,6.178,0.04,
4105,146,219,6.178,0.04,
4106,148,222,6.453,0.04,
4107,148,222,6.453,0.06,
4108,152,228,6.237,0.05,
4109,154,231,6.539,0.07,
4110,154,231,6.539,0.07,
4112,154,231,6.545,0.07,
4114,154,231,6.682,0.07,
4115,36,54,2.778,0.0,
4116,154,231,6.844,0.07,
4117,156,234,6.891,0.06,
4118,156,234,6.891,0.05,
4119,156,234,7.0,0.05,
4120,156,234,7.0,0.05,
4121,70,105,4.057,0.0,
4122,158,237,6.861,0.05,
4123,88,132,4.659,0.01,
4124,162,243,6.679,0.05,
4125,164,246,6.957,0.08,
4126,164,246,6.957,0.08,
4127,170,255,6.794,0.09,
4128,156,234,6.891,0.08,
4129,172,258,7.105,0.1,
4131,172,258,7.105,0.1,
4133,172,258,7.256,0.09,
4134,172,258,7.424,0.09,
4135,172,258,7.424,0.07,
4136,174,261,7.58,0.06,
4137,174,261,7.58,0.06,
4138,176,264,7.523,0.06,
4139,176,264,7.523,0.06,
4141,176,264,7.432,0.06,
4143,182,273,7.308,0.07,
4144,184,276,7.582,0.07,
4145,184,276,7.582,0.1,
4168,80,120,4.35,0.01,
4172,126,189,5.841,0.04,
4214,88,132,4.705,0.01,
4218,140,210,6.479,0.05,
4220,174,261,7.58,0.1,
4254,56,84,3.464,0.0,
4256,70,105,4.029,0.01,
4263,154,231,6.844,0.07,
4750,4,4,1.0,0.0,
4751,8,12,1.0,0.0,
4752,16,32,1.75,0.0,
4753,32,80,2.875,0.0,
4754,64,192,4.438,0.01,
4755,128,448,7.219,0.05,
4900,3,2,1.0,0.0,
4901,7,6,1.0,0.0,
4902,15,14,1.133,0.0,
4903,31,30,1.613,0.0,
4904,63,62,2.143,0.0,
4905,127,126,3.0,0.03,
5050,7,6,1.0,0.0,
5051,15,14,1.133,0.0,
5052,31,30,1.613,0.0,
5053,63,62,2.143,0.0,
5054,127,126,3.0,0.03,
5056,13,12,1.077,0.0,
5057,40,39,1.575,0.0,
5058,121,120,2.463,0.02,
5062,21,20,1.333,0.0,
5063,21,20,1.333,0.0,
5064,85,84,1.824,0.01,
5065,85,84,1.824,0.01,
5068,156,155,2.103,0.08,
5071,31,30,1.258,0.0,
5072,31,30,1.258,0.0,
5073,156,155,2.103,0.08,
5074,156,155,2.103,0.08,
5200,10,30,1.9,0.0,
5201,15,60,2.267,0.0,
5202,21,105,2.762,0.0,
5203,28,168,3.25,0.0,
5204,35,210,3.571,0.0,
5205,28,168,3.25,0.0,
5206,56,420,4.571,0.01,
5207,56,420,4.571,0.01,
5208,36,252,3.694,0.0,
5209,91,1092,6.659,0.03,
5210,84,756,6.048,0.03,
5211,126,1260,8.032,0.09,
5212,126,1260,8.032,0.09,
5213,45,360,4.156,0.01,
5214,120,1260,7.767,0.08,
5215,120,1260,7.767,0.08,
5218,55,495,4.636,0.01,
5219,165,1980,10.055,0.28,
5220,165,1980,10.055,0.18,
5224,66,660,5.303,0.01,
5229,78,858,5.91,0.02,
5234,91,1092,6.659,0.04,
5239,105,1365,7.39,0.06,
5242,120,1680,8.117,0.08,
5245,136,2040,8.956,0.12,
5247,153,2448,9.915,0.22,
5249,171,2907,10.842,0.38,
5400,10,15,1.1,0.0,
5401,15,45,2.0,0.0,
5402,21,105,2.762,0.0,
5403,28,210,3.036,0.0,
5404,35,70,2.857,0.0,
5405,28,210,3.036,0.0,
5406,55,990,4.709,0.01,
5407,56,280,4.143,0.01,
5408,36,378,3.639,0.0,
5409,84,840,5.952,0.04,
5410,84,840,5.952,0.04,
5411,126,315,5.976,0.07,
5412,126,315,5.976,0.07,
5413,45,630,4.2,0.01,
5414,171,11628,12.263,0.64,
5415,120,2100,8.033,0.14,
5417,55,990,4.709,0.01,
5418,165,4620,10.921,0.47,
5420,66,1485,5.682,0.03,
5422,78,2145,6.218,0.05,
5424,91,3003,7.253,0.07,
5426,105,4095,8.162,0.15,
5427,120,5460,8.8,0.15,
5428,136,7140,9.794,0.14,
5429,153,9180,11.203,0.34,
5430,171,11628,12.263,0.53,
5550,10,1,1.0,0.0,
5551,10,1,1.0,0.0,
5552,10,1,1.0,0.0,
5553,11,1,1.0,0.0,
5554,10,1,1.0,0.0,
5555,10,1,1.0,0.0,
5556,12,1,1.0,0.0,
5557,10,0,1.0,0.0,
5558,10,0,1.0,0.0,
5559,13,1,1.0,0.0,
5560,10,2,1.0,0.0,
5561,13,0,1.0,0.0,
5562,10,1,1.0,0.0,
5563,14,1,1.0,0.0,
5564,10,0,1.0,0.0,
5565,10,2,1.0,0.0,
5566,10,2,1.0,0.0,
5567,10,6,1.0,0.0,
5568,10,6,1.0,0.0,
5569,10,3,1.0,0.0,
5570,10,3,1.0,0.0,
5571,10,2,1.0,0.0,
5572,10,2,1.0,0.0,
5573,18,0,1.0,0.0,
5574,10,7,1.0,0.0,
5575,20,1,1.0,0.0,
5576,10,5,1.0,0.0,
5577,10,3,1.0,0.0,
5578,10,3,1.0,0.0,
5579,22,1,1.0,0.0,
5580,10,9,1.1,0.0,
5581,24,1,1.0,0.0,
5582,10,6,1.1,0.0,
5583,10,4,1.0,0.0,
5584,10,4,1.0,0.0,
5585,26,1,1.0,0.0,
5586,10,16,1.3,0.0,
5587,10,9,1.3,0.0,
5588,10,9,1.3,0.0,
5589,10,11,1.1,0.0,
5590,10,11,1.1,0.0,
5591,31,2,1.0,0.0,
5592,10,18,1.6,0.0,
5593,33,4,1.0,0.0,
5594,10,13,1.2,0.0,
5595,36,5,1.028,0.0,
5596,10,19,1.5,0.0,
5597,36,2,1.028,0.0,
5598,10,28,1.9,0.0,
5599,40,5,1.025,0.0,
5600,10,19,1.6,0.0,
5601,10,26,1.8,0.0,
5602,10,26,1.8,0.0,
5603,43,2,1.07,0.0,
5604,10,32,2.0,0.0,
5605,47,6,1.021,0.0,
5606,10,27,1.6,0.0,
5607,51,9,1.02,0.0,
5608,10,29,1.8,0.0,
5609,51,5,1.0,0.0,
5610,10,34,1.9,0.0,
5611,10,31,1.8,0.0,
5612,10,31,1.8,0.0,
5613,10,39,1.8,0.0,
5614,10,39,1.8,0.0,
5615,61,9,1.0,0.0,
5616,10,41,2.0,0.0,
5617,67,11,1.015,0.0,
5618,10,37,2.0,0.0,
5619,11,1,1.0,0.0,
5620,73,13,1.041,0.0,
5621,11,1,1.0,0.0,
5622,79,20,1.089,0.0,
5623,11,1,1.0,0.0,
5624,11,1,1.0,0.0,
5625,86,21,1.105,0.0,
5626,11,0,1.0,0.0,
5627,11,0,1.0,0.0,
5628,11,2,1.0,0.0,
5629,11,2,1.0,0.0,
5630,11,1,1.0,0.0,
5631,11,1,1.0,0.0,
5632,102,29,1.176,0.01,
5633,11,0,1.0,0.0,
5634,112,32,1.054,0.01,
5635,11,2,1.0,0.0,
5636,112,36,1.241,0.01,
5637,11,6,1.0,0.0,
5638,122,43,1.148,0.01,
5639,11,3,1.0,0.0,
5640,11,3,1.0,0.0,
5641,11,3,1.0,0.0,
5642,11,7,1.0,0.0,
5643,11,7,1.0,0.0,
5644,11,5,1.0,0.0,
5645,11,5,1.0,0.0,
5646,11,4,1.0,0.0,
5647,11,4,1.0,0.0,
5648,158,58,1.399,0.03,
5649,11,9,1.182,0.0,
5650,11,6,1.0,0.0,
5651,11,6,1.0,0.0,
5653,11,7,1.0,0.0,
5654,11,16,1.455,0.0,
5655,11,16,1.455,0.0,
5657,11,10,1.182,0.0,
5659,11,15,1.364,0.0,
5661,11,19,1.455,0.0,
5662,11,14,1.182,0.0,
5663,11,14,1.182,0.0,
5664,11,24,1.818,0.0,
5665,11,24,1.818,0.0,
5666,11,30,1.909,0.0,
5667,11,30,1.909,0.0,
5668,11,23,2.0,0.0,
5669,11,23,2.0,0.0,
5671,11,33,2.091,0.0,
5673,11,36,1.909,0.0,
5675,11,33,1.909,0.0,
5677,11,36,1.909,0.0,
5678,11,40,2.091,0.0,
5679,11,40,2.091,0.0,
5680,11,38,1.909,0.0,
5681,11,38,1.909,0.0,
5683,11,48,2.273,0.0,
5684,11,50,2.273,0.0,
5685,11,50,2.273,0.0,
5687,11,46,2.091,0.0,
5689,12,1,1.0,0.0,
5690,12,1,1.0,0.0,
5692,12,1,1.0,0.0,
5693,12,1,1.0,0.0,
5695,12,0,1.0,0.0,
5696,12,0,1.0,0.0,
5698,12,2,1.0,0.0,
5699,12,1,1.0,0.0,
5700,12,1,1.0,0.0,
5702,12,0,1.0,0.0,
5703,12,2,1.0,0.0,
5704,12,2,1.0,0.0,
5706,12,7,1.083,0.0,
5708,12,3,1.0,0.0,
5710,12,3,1.0,0.0,
5712,12,8,1.25,0.0,
5714,12,5,1.0,0.0,
5715,12,5,1.0,0.0,
5716,12,5,1.0,0.0,
5718,12,10,1.25,0.0,
5720,12,6,1.0,0.0,
5721,12,8,1.083,0.0,
5722,12,8,1.083,0.0,
5724,12,19,1.417,0.0,
5726,12,12,1.25,0.0,
5727,12,16,1.417,0.0,
5728,12,16,1.417,0.0,
5729,12,22,1.583,0.0,
5730,12,22,1.583,0.0,
5732,12,17,1.583,0.0,
5734,12,26,1.833,0.0,
5735,12,36,2.0,0.0,
5736,12,36,2.0,0.0,
5737,12,28,2.0,0.0,
5738,12,28,2.0,0.0,
5739,12,40,2.0,0.0,
5740,12,40,2.0,0.0,
5742,12,44,2.0,0.0,
5744,12,39,1.75,0.0,
5746,12,44,2.167,0.0,
5748,12,50,2.083,0.0,
5750,12,46,1.833,0.0,
5751,12,57,2.167,0.0,
5752,12,57,2.167,0.0,
5754,12,61,2.167,0.0,
5756,12,56,1.917,0.0,
5758,13,1,1.0,0.0,
5759,13,1,1.0,0.0,
5762,13,1,1.0,0.0,
5764,13,0,1.0,0.0,
5765,13,0,1.0,0.0,
5766,13,2,1.0,0.0,
5767,13,2,1.0,0.0,
5769,13,1,1.0,0.0,
5770,13,0,1.0,0.0,
5771,13,0,1.0,0.0,
5772,10,1,1.0,0.0,
5773,13,2,1.0,0.0,
5774,13,9,1.154,0.0,
5775,13,9,1.154,0.0,
5776,11,1,1.0,0.0,
5777,13,3,1.0,0.0,
5778,13,4,1.0,0.0,
5779,13,4,1.0,0.0,
5780,12,0,1.0,0.0,
5781,13,10,1.077,0.0,
5782,13,5,1.0,0.0,
5783,13,5,1.0,0.0,
5784,14,1,1.0,0.0,
5785,13,6,1.0,0.0,
5786,14,0,1.0,0.0,
5787,13,12,1.077,0.0,
5788,15,2,1.0,0.0,
5789,13,6,1.0,0.0,
5790,13,11,1.231,0.0,
5791,13,11,1.231,0.0,
5792,13,22,1.462,0.0,
5793,13,22,1.462,0.0,
5794,13,13,1.308,0.0,
5795,13,13,1.308,0.0,
5796,20,2,1.0,0.0,
5797,13,20,1.462,0.0,
5798,13,25,1.692,0.0,
5799,13,25,1.692,0.0,
5800,13,21,1.462,0.0,
5801,13,21,1.462,0.0,
5802,24,4,1.0,0.0,
5803,13,32,1.769,0.0,
5804,13,42,1.923,0.0,
5805,13,42,1.923,0.0,
5806,26,3,1.0,0.0,
5807,13,32,1.615,0.0,
5808,28,5,1.0,0.0,
5809,13,50,2.077,0.0,
5810,28,2,1.0,0.0,
5811,13,53,1.923,0.0,
5812,13,47,1.846,0.0,
5813,13,47,1.846,0.0,
5814,33,8,1.061,0.0,
5815,13,54,2.154,0.0,
5816,33,3,1.0,0.0,
5817,13,60,2.154,0.0,
5818,36,8,1.0,0.0,
5819,13,55,2.077,0.0,
5820,13,69,2.154,0.0,
5821,13,69,2.154,0.0,
5822,13,72,2.231,0.0,
5823,13,72,2.231,0.0,
5824,13,65,2.231,0.0,
5825,13,65,2.231,0.0,
5826,47,15,1.085,0.0,
5827,14,1,1.0,0.0,
5828,14,1,1.0,0.0,
5829,51,17,1.118,0.0,
5830,14,1,1.0,0.0,
5831,14,1,1.0,0.0,
5832,56,20,1.179,0.0,
5833,14,0,1.0,0.0,
5834,14,0,1.0,0.0,
5835,14,2,1.0,0.0,
5836,14,2,1.0,0.0,
5837,14,1,1.0,0.0,
5838,14,1,1.0,0.0,
5839,14,0,1.0,0.0,
5840,14,0,1.0,0.0,
5841,14,2,1.0,0.0,
5842,14,2,1.0,0.0,
5843,73,26,1.26,0.0,
5844,14,9,1.071,0.0,
5845,79,36,1.405,0.0,
5846,14,3,1.0,0.0,
5847,86,40,1.442,0.0,
5848,14,4,1.0,0.0,
5849,14,10,1.071,0.0,
5850,14,10,1.071,0.0,
5851,94,53,1.574,0.01,
5852,14,7,1.143,0.0,
5853,14,6,1.0,0.0,
5854,14,6,1.0,0.0,
5855,102,54,1.569,0.01,
5856,14,12,1.214,0.0,
5857,112,72,1.768,0.01,
5858,14,8,1.071,0.0,
5859,122,85,2.131,0.02,
5860,14,11,1.214,0.0,
5861,122,80,2.0,0.02,
5862,14,23,1.571,0.0,
5863,133,94,2.143,0.02,
5864,14,17,1.429,0.0,
5865,14,21,1.5,0.0,
5866,14,21,1.5,0.0,
5867,14,27,1.571,0.0,
5868,14,27,1.571,0.0,
5869,14,26,1.429,0.0,
5870,14,26,1.429,0.0,
5871,172,150,3.058,0.06,
5872,14,34,1.643,0.0,
5873,14,45,2.0,0.0,
5874,14,45,2.0,0.0,
5875,14,37,1.714,0.0,
5876,14,37,1.714,0.0,
5878,14,54,1.929,0.0,
5879,14,61,2.071,0.0,
5880,14,61,2.071,0.0,
5882,14,55,2.0,0.0,
5884,14,59,2.143,0.0,
5885,14,68,2.214,0.0,
5886,14,68,2.214,0.0,
5887,14,65,2.071,0.0,
5888,14,65,2.071,0.0,
5890,14,79,2.143,0.0,
5892,14,82,2.143,0.0,
5894,14,76,2.214,0.0,
5896,15,1,1.0,0.0,
5897,15,1,1.0,0.0,
5899,15,2,1.0,0.0,
5900,15,2,1.0,0.0,
5902,15,0,1.0,0.0,
5903,15,0,1.0,0.0,
5904,15,2,1.0,0.0,
5905,15,2,1.0,0.0,
5906,15,2,1.0,0.0,
5907,15,2,1.0,0.0,
5908,15,0,1.0,0.0,
5909,15,0,1.0,0.0,
5911,15,2,1.0,0.0,
5913,15,10,1.133,0.0,
5915,15,4,1.0,0.0,
5917,15,5,1.0,0.0,
5918,15,12,1.2,0.0,
5919,15,12,1.2,0.0,
5921,15,9,1.0,0.0,
5923,15,8,1.133,0.0,
5924,15,14,1.067,0.0,
5925,15,14,1.067,0.0,
5927,15,11,1.067,0.0,
5929,15,14,1.267,0.0,
5931,15,26,1.6,0.0,
5932,15,23,1.6,0.0,
5933,15,23,1.6,0.0,
5934,15,24,1.467,0.0,
5935,15,24,1.467,0.0,
5936,15,30,1.8,0.0,
5937,15,30,1.8,0.0,
5938,15,32,1.733,0.0,
5939,15,32,1.733,0.0,
5940,15,39,1.8,0.0,
5941,15,39,1.8,0.0,
5942,15,49,1.933,0.0,
5943,15,49,1.933,0.0,
5944,15,45,2.067,0.0,
5945,15,45,2.067,0.0,
5947,15,63,2.067,0.0,
5948,15,69,2.067,0.0,
5949,15,69,2.067,0.0,
5951,15,64,2.2,0.0,
5953,15,69,2.2,0.0,
5954,15,77,2.2,0.0,
5955,15,77,2.2,0.0,
5957,15,76,2.267,0.0,
5959,15,91,2.267,0.0,
5961,15,96,2.267,0.0,
5962,15,90,2.2,0.0,
5963,15,90,2.2,0.0,
5965,17,1,1.0,0.0,
5966,17,1,1.0,0.0,
5968,17,1,1.0,0.0,
5969,17,2,1.0,0.0,
5971,17,0,1.0,0.0,
5972,17,0,1.0,0.0,
5974,17,2,1.0,0.0,
5975,17,4,1.0,0.0,
5976,17,4,1.0,0.0,
5977,17,0,1.0,0.0,
5978,17,0,1.0,0.0,
5980,17,7,1.0,0.0,
5981,17,13,1.235,0.0,
5982,17,13,1.235,0.0,
5983,17,9,1.059,0.0,
5984,17,9,1.059,0.0,
5985,11,2,1.0,0.0,
5986,17,10,1.176,0.0,
5987,17,17,1.235,0.0,
5988,17,17,1.235,0.0,
5989,12,1,1.0,0.0,
5990,17,14,1.176,0.0,
5991,13,2,1.0,0.0,
5992,17,17,1.294,0.0,
5993,17,20,1.353,0.0,
5994,17,20,1.353,0.0,
5995,17,17,1.235,0.0,
5996,17,17,1.235,0.0,
5997,17,26,1.529,0.0,
5998,17,26,1.529,0.0,
5999,17,37,1.647,0.0,
6000,17,37,1.647,0.0,
6001,17,33,1.941,0.0,
6002,17,33,1.941,0.0,
6003,18,2,1.0,0.0,
6004,17,37,1.588,0.0,
6005,17,43,1.824,0.0,
6006,17,43,1.824,0.0,
6007,17,44,2.118,0.0,
6008,17,44,2.118,0.0,
6009,17,56,2.059,0.0,
6010,17,56,2.059,0.0,
6011,22,4,1.0,0.0,
6012,17,67,2.059,0.0,
6013,24,8,1.0,0.0,
6014,17,62,2.176,0.0,
6015,26,8,1.077,0.0,
6016,17,85,2.412,0.0,
6017,26,6,1.038,0.0,
6018,17,93,2.412,0.0,
6019,28,9,1.0,0.0,
6020,17,83,2.353,0.0,
6021,17,93,2.294,0.0,
6022,17,93,2.294,0.0,
6023,31,8,1.065,0.0,
6024,17,102,2.529,0.0,
6025,33,13,1.121,0.0,
6026,17,100,2.353,0.0,
6027,17,118,2.588,0.0,
6028,17,118,2.588,0.0,
6029,36,9,1.056,0.0,
6030,17,127,2.647,0.0,
6031,17,118,2.529,0.0,
6032,17,118,2.529,0.0,
6033,18,1,1.0,0.0,
6034,43,17,1.186,0.0,
6035,18,1,1.0,0.0,
6036,47,23,1.213,0.0,
6037,18,1,1.0,0.0,
6038,18,2,1.0,0.0,
6039,18,0,1.0,0.0,
6040,18,0,1.0,0.0,
6041,18,0,1.0,0.0,
6042,18,2,1.0,0.0,
6043,18,2,1.0,0.0,
6044,56,29,1.411,0.0,
6045,18,5,1.0,0.0,
6046,18,1,1.0,0.0,
6047,18,1,1.0,0.0,
6048,18,8,1.167,0.0,
6049,18,8,1.167,0.0,
6050,18,16,1.389,0.0,
6051,18,16,1.389,0.0,
6052,73,59,1.836,0.01,
6053,18,11,1.167,0.0,
6054,18,12,1.056,0.0,
6055,18,12,1.056,0.0,
6056,18,20,1.611,0.0,
6057,18,20,1.611,0.0,
6058,18,17,1.278,0.0,
6059,18,17,1.278,0.0,
6060,18,20,1.333,0.0,
6061,18,20,1.333,0.0,
6062,18,25,1.667,0.0,
6063,18,25,1.667,0.0,
6064,18,24,1.444,0.0,
6065,18,24,1.444,0.0,
6066,112,128,3.366,0.02,
6067,18,33,1.722,0.0,
6068,18,44,2.0,0.0,
6069,18,44,2.0,0.0,
6070,122,162,3.803,0.03,
6071,18,40,2.111,0.0,
6072,18,44,2.056,0.0,
6073,18,44,2.056,0.0,
6074,133,168,3.752,0.03,
6075,18,51,2.111,0.0,
6076,18,52,2.222,0.0,
6077,18,52,2.222,0.0,
6078,18,65,2.278,0.0,
6079,18,65,2.278,0.0,
6080,158,240,4.962,0.06,
6081,18,79,2.333,0.0,
6082,18,73,2.444,0.0,
6083,18,73,2.444,0.0,
6084,18,96,2.556,0.0,
6085,18,96,2.556,0.0,
6086,18,107,2.556,0.0,
6087,18,107,2.556,0.0,
6088,18,98,2.5,0.0,
6089,18,98,2.5,0.0,
6090,18,106,2.611,0.0,
6091,18,106,2.611,0.0,
6092,18,117,2.611,0.0,
6093,18,117,2.611,0.0,
6094,18,115,2.611,0.0,
6095,18,115,2.611,0.0,
6097,18,132,2.722,0.0,
6098,18,144,2.722,0.0,
6099,18,144,2.722,0.0,
6100,18,134,2.667,0.0,
6101,18,134,2.667,0.0,
6102,20,2,1.0,0.0,
6103,20,2,1.0,0.0,
6104,20,2,1.0,0.0,
6106,20,3,1.0,0.0,
6107,20,1,1.0,0.0,
6109,20,1,1.0,0.0,
6110,20,1,1.0,0.0,
6111,20,4,1.0,0.0,
6112,20,4,1.0,0.0,
6114,20,6,1.0,0.0,
6116,20,2,1.0,0.0,
6117,20,11,1.25,0.0,
6118,20,11,1.25,0.0,
6119,20,18,1.35,0.0,
6120,20,18,1.35,0.0,
6122,20,13,1.15,0.0,
6123,20,15,1.25,0.0,
6124,20,15,1.25,0.0,
6126,20,23,1.65,0.0,
6127,20,21,1.45,0.0,
6128,20,21,1.45,0.0,
6129,20,23,1.3,0.0,
6130,20,23,1.3,0.0,
6132,20,28,1.6,0.0,
6134,20,29,1.7,0.0,
6135,20,40,1.8,0.0,
6136,20,40,1.8,0.0,
6137,20,51,2.05,0.0,
6138,20,51,2.05,0.0,
6140,20,52,2.15,0.0,
6141,20,56,2.3,0.0,
6142,20,56,2.3,0.0,
6144,20,63,2.3,0.0,
6146,20,67,2.35,0.0,
6147,20,88,2.5,0.0,
6148,20,88,2.5,0.0,
6150,20,93,2.45,0.0,
6151,20,93,2.45,0.0,
6152,20,93,2.45,0.0,
6153,20,126,2.65,0.0,
6154,20,126,2.65,0.0,
6156,20,128,2.55,0.0,
6158,20,126,2.7,0.0,
6159,20,139,2.65,0.0,
6160,20,139,2.65,0.0,
6161,20,143,2.75,0.0,
6162,20,143,2.75,0.0,
6163,20,146,2.7,0.0,
6164,20,146,2.7,0.0,
6165,20,167,2.8,0.0,
6166,20,167,2.8,0.0,
6167,20,176,2.8,0.0,
6168,20,176,2.8,0.0,
6170,20,166,2.65,0.0,
6172,22,3,1.0,0.0,
6173,22,3,1.0,0.0,
6175,22,3,1.0,0.0,
6176,22,1,1.0,0.0,
6179,22,1,1.0,0.0,
6180,22,5,1.045,0.0,
6181,22,5,1.045,0.0,
6182,22,7,1.091,0.0,
6183,22,7,1.091,0.0,
6184,22,4,1.0,0.0,
6185,22,4,1.0,0.0,
6186,12,2,1.0,0.0,
6187,22,13,1.227,0.0,
6188,22,19,1.364,0.0,
6189,22,19,1.364,0.0,
6190,13,9,1.154,0.0,
6191,22,15,1.182,0.0,
6192,14,2,1.0,0.0,
6193,22,19,1.364,0.0,
6194,22,25,1.364,0.0,
6195,22,25,1.364,0.0,
6196,15,10,1.133,0.0,
6197,22,28,1.682,0.0,
6198,22,28,1.636,0.0,
6199,22,28,1.636,0.0,
6200,22,31,1.682,0.0,
6201,22,31,1.682,0.0,
6202,18,16,1.389,0.0,
6203,22,39,1.909,0.0,
6204,20,11,1.25,0.0,
6205,22,48,1.864,0.0,
6206,20,13,1.15,0.0,
6207,22,61,2.227,0.0,
6208,22,19,1.364,0.0,
6209,22,65,2.455,0.0,
6210,22,67,2.364,0.0,
6211,22,67,2.364,0.0,
6212,22,77,2.273,0.0,
6213,22,77,2.273,0.0,
6214,22,83,2.545,0.0,
6215,22,83,2.545,0.0,
6216,28,25,1.5,0.0,
6217,22,108,2.636,0.0,
6218,22,116,2.591,0.0,
6219,22,116,2.591,0.0,
6220,31,31,1.387,0.0,
6221,22,119,2.773,0.0,
6222,22,154,2.727,0.0,
6223,22,154,2.727,0.0,
6224,33,25,1.424,0.0,
6225,22,153,2.682,0.0,
6226,22,158,2.727,0.0,
6227,22,158,2.727,0.0,
6228,40,54,1.975,0.0,
6229,22,171,2.773,0.0,
6230,40,36,1.6,0.0,
6231,22,172,2.818,0.0,
6232,22,180,2.727,0.0,
6233,22,180,2.727,0.0,
6234,22,206,2.818,0.0,
6235,22,206,2.818,0.0,
6236,22,213,2.818,0.0,
6237,22,213,2.818,0.0,
6238,22,204,2.818,0.0,
6239,22,204,2.818,0.0,
6240,56,104,3.036,0.0,
6241,24,4,1.0,0.0,
6242,24,4,1.0,0.0,
6243,24,3,1.0,0.0,
6244,24,1,1.0,0.0,
6245,24,3,1.0,0.0,
6246,67,141,3.522,0.01,
6247,24,1,1.0,0.0,
6248,24,1,1.0,0.0,
6249,73,159,3.644,0.01,
6250,24,7,1.0,0.0,
6251,24,8,1.0,0.0,
6252,24,8,1.0,0.0,
6253,24,4,1.0,0.0,
6254,24,4,1.0,0.0,
6255,86,211,4.314,0.02,
6256,24,18,1.375,0.0,
6257,86,182,4.291,0.02,
6258,24,22,1.417,0.0,
6259,24,16,1.208,0.0,
6260,24,16,1.208,0.0,
6261,102,289,5.618,0.02,
6262,24,25,1.583,0.0,
6263,24,31,1.625,0.0,
6264,24,31,1.625,0.0,
6265,24,32,1.833,0.0,
6266,24,32,1.833,0.0,
6267,122,409,6.713,0.05,
6268,24,36,1.792,0.0,
6269,122,378,6.541,0.05,
6270,24,42,1.875,0.0,
6271,24,45,1.958,0.0,
6272,24,45,1.958,0.0,
6273,145,573,8.262,0.07,
6274,24,59,2.208,0.0,
6275,24,76,2.25,0.0,
6276,24,76,2.25,0.0,
6277,158,660,8.905,0.13,
6278,24,73,2.375,0.0,
6279,172,815,9.901,0.13,
6280,24,81,2.292,0.0,
6281,24,95,2.5,0.0,
6282,24,95,2.5,0.0,
6283,24,95,2.542,0.0,
6284,24,95,2.542,0.0,
6285,24,128,2.667,0.0,
6286,24,128,2.667,0.0,
6287,24,139,2.708,0.0,
6288,24,139,2.708,0.0,
6290,24,140,2.708,0.0,
6292,24,182,2.667,0.0,
6293,24,181,2.792,0.0,
6294,24,181,2.792,0.0,
6295,24,185,2.792,0.0,
6296,24,185,2.792,0.0,
6297,24,204,2.792,0.0,
6298,24,204,2.792,0.0,
6300,24,202,2.833,0.0,
6302,24,212,2.75,0.0,
6304,24,245,2.792,0.0,
6305,24,252,2.792,0.0,
6306,24,252,2.792,0.0,
6307,24,243,2.833,0.0,
6308,24,243,2.833,0.0,
6310,26,5,1.077,0.0,
6311,26,5,1.077,0.0,
6312,26,3,1.0,0.0,
6313,26,1,1.0,0.0,
6314,26,3,1.0,0.0,
6315,26,1,1.0,0.0,
6316,26,1,1.0,0.0,
6317,26,1,1.0,0.0,
6319,26,8,1.077,0.0,
6321,26,9,1.115,0.0,
6322,26,6,1.038,0.0,
6323,26,6,1.038,0.0,
6324,26,20,1.308,0.0,
6325,26,20,1.308,0.0,
6326,26,25,1.462,0.0,
6327,26,25,1.462,0.0,
6328,26,19,1.423,0.0,
6329,26,19,1.423,0.0,
6330,26,33,1.885,0.0,
6331,26,33,1.885,0.0,
6332,26,37,1.692,0.0,
6333,26,37,1.692,0.0,
6334,26,36,1.885,0.0,
6335,26,36,1.885,0.0,
6336,26,44,2.038,0.0,
6337,26,44,2.038,0.0,
6339,26,50,2.0,0.0,
6341,26,51,2.038,0.0,
6342,26,69,2.231,0.0,
6343,26,69,2.231,0.0,
6345,26,88,2.423,0.0,
6346,26,81,2.423,0.0,
6347,26,81,2.423,0.0,
6348,26,96,2.654,0.0,
6349,26,96,2.654,0.0,
6350,26,117,2.846,0.0,
6351,26,117,2.846,0.0,
6353,26,104,2.731,0.0,
6355,26,159,2.923,0.0,
6357,26,166,3.0,0.0,
6358,10,2,1.0,0.0,
6359,26,158,2.962,0.0,
6360,26,219,3.154,0.0,
6361,26,219,3.154,0.0,
6362,26,220,3.077,0.0,
6363,26,220,3.077,0.0,
6364,26,213,3.0,0.0,
6365,26,213,3.0,0.0,
6366,26,245,3.154,0.0,
6367,26,245,3.154,0.0,
6368,13,10,1.077,0.0,
6369,26,242,3.077,0.0,
6370,26,247,3.115,0.0,
6371,26,247,3.115,0.0,
6372,14,7,1.143,0.0,
6373,26,289,3.269,0.0,
6374,26,294,3.231,0.0,
6375,26,294,3.231,0.0,
6376,17,10,1.176,0.0,
6377,26,286,3.308,0.0,
6378,28,5,1.0,0.0,
6379,18,12,1.056,0.0,
6380,28,5,1.0,0.0,
6381,28,3,1.0,0.0,
6382,20,15,1.25,0.0,
6383,28,3,1.0,0.0,
6384,20,21,1.45,0.0,
6385,28,2,1.0,0.0,
6386,28,2,1.0,0.0,
6387,22,28,1.682,0.0,
6388,28,9,1.0,0.0,
6389,24,31,1.625,0.0,
6390,28,9,1.0,0.0,
6391,28,8,1.071,0.0,
6392,28,8,1.071,0.0,
6393,26,36,1.885,0.0,
6394,28,25,1.5,0.0,
6395,28,27,1.536,0.0,
6396,28,27,1.536,0.0,
6397,31,47,2.0,0.0,
6398,28,22,1.5,0.0,
6399,28,40,1.857,0.0,
6400,28,40,1.857,0.0,
6401,28,44,1.821,0.0,
6402,28,44,1.821,0.0,
6403,28,41,1.607,0.0,
6404,28,41,1.607,0.0,
6405,36,58,2.417,0.0,
6406,28,55,2.071,0.0,
6407,40,81,2.6,0.0,
6408,28,59,2.143,0.0,
6409,28,59,2.25,0.0,
6410,28,59,2.25,0.0,
6411,43,82,2.674,0.0,
6412,28,88,2.536,0.0,
6413,28,101,2.714,0.0,
6414,28,101,2.714,0.0,
6415,28,94,2.643,0.0,
6416,28,94,2.643,0.0,
6417,28,117,2.857,0.0,
6418,28,117,2.857,0.0,
6419,56,145,3.518,0.0,
6420,28,136,2.893,0.0,
6421,28,120,3.0,0.0,
6422,28,120,3.0,0.0,
6423,28,189,3.036,0.0,
6424,28,189,3.036,0.0,
6425,67,216,4.493,0.01,
6426,28,191,3.143,0.0,
6427,28,185,3.179,0.0,
6428,28,185,3.179,0.0,
6429,73,235,4.74,0.01,
6430,28,252,3.214,0.0,
6431,28,253,3.25,0.0,
6432,28,253,3.25,0.0,
6433,28,248,3.214,0.0,
6434,28,248,3.214,0.0,
6435,28,283,3.357,0.0,
6436,28,283,3.357,0.0,
6437,28,278,3.286,0.0,
6438,28,278,3.286,0.0,
6439,102,526,6.755,0.05,
6440,28,285,3.179,0.0,
6441,102,514,6.745,0.03,
6442,28,336,3.357,0.0,
6443,28,340,3.357,0.0,
6444,28,340,3.357,0.0,
6445,28,336,3.357,0.0,
6446,28,336,3.357,0.0,
6447,122,743,8.025,0.07,
6448,133,894,8.767,0.05,
6449,31,6,1.065,0.0,
6450,133,870,8.586,0.05,
6451,31,2,1.0,0.0,
6452,31,5,1.0,0.0,
6453,145,1060,9.441,0.08,
6454,31,2,1.0,0.0,
6455,31,2,1.0,0.0,
6456,158,1241,10.152,0.18,
6457,31,10,1.065,0.0,
6458,31,11,1.0,0.0,
6459,31,11,1.0,0.0,
6461,31,8,1.065,0.0,
6462,31,29,1.516,0.0,
6463,31,29,1.516,0.0,
6465,31,31,1.387,0.0,
6466,31,23,1.323,0.0,
6467,31,23,1.323,0.0,
6469,31,47,2.0,0.0,
6471,31,50,2.0,0.0,
6472,31,46,2.129,0.0,
6473,31,46,2.129,0.0,
6475,31,67,2.258,0.0,
6477,31,71,2.645,0.0,
6479,31,66,2.29,0.0,
6481,31,105,2.548,0.0,
6483,31,122,2.903,0.0,
6485,31,109,2.871,0.0,
6486,31,137,3.065,0.0,
6487,31,137,3.065,0.0,
6489,31,164,3.29,0.0,
6490,31,143,3.032,0.0,
6491,31,143,3.032,0.0,
6493,31,224,3.194,0.0,
6494,31,232,3.387,0.0,
6495,31,232,3.387,0.0,
6497,31,228,3.29,0.0,
6499,31,305,3.387,0.0,
6500,31,308,3.355,0.0,
6501,31,308,3.355,0.0,
6503,31,303,3.323,0.0,
6504,31,342,3.387,0.0,
6505,31,342,3.387,0.0,
6506,31,343,3.323,0.0,
6507,31,343,3.323,0.0,
6508,31,344,3.355,0.0,
6509,31,344,3.355,0.0,
6511,31,415,3.387,0.0,
6513,31,417,3.355,0.0,
6515,31,412,3.355,0.0,
6517,33,8,1.061,0.0,
6518,33,8,1.061,0.0,
6520,33,7,1.0,0.0,
6521,33,7,1.0,0.0,
6523,33,3,1.0,0.0,
6524,33,3,1.0,0.0,
6525,10,9,1.1,0.0,
6526,33,12,1.061,0.0,
6527,11,4,1.0,0.0,
6528,33,13,1.121,0.0,
6529,11,6,1.0,0.0,
6530,33,9,1.061,0.0,
6531,12,10,1.25,0.0,
6532,33,36,1.909,0.0,
6533,33,34,1.818,0.0,
6534,33,34,1.818,0.0,
6535,33,25,1.424,0.0,
6536,33,25,1.424,0.0,
6537,14,12,1.214,0.0,
6538,33,60,2.333,0.0,
6539,15,8,1.133,0.0,
6540,33,53,2.121,0.0,
6541,33,51,2.0,0.0,
6542,33,51,2.0,0.0,
6543,17,20,1.353,0.0,
6544,33,84,2.606,0.0,
6545,33,77,2.606,0.0,
6546,33,77,2.606,0.0,
6547,33,78,2.455,0.0,
6548,33,78,2.455,0.0,
6549,20,28,1.6,0.0,
6550,33,126,2.909,0.0,
6551,33,132,2.879,0.0,
6552,33,132,2.879,0.0,
6553,33,127,2.909,0.0,
6554,33,127,2.909,0.0,
6555,24,42,1.875,0.0,
6556,33,160,3.182,0.0,
6557,26,44,2.038,0.0,
6558,33,182,3.333,0.0,
6559,33,167,3.152,0.0,
6560,33,167,3.152,0.0,
6561,33,258,3.485,0.0,
6562,33,258,3.485,0.0,
6563,31,67,2.258,0.0,
6564,33,261,3.485,0.0,
6565,31,66,2.29,0.0,
6566,33,265,3.545,0.0,
6567,33,343,3.606,0.0,
6568,33,343,3.606,0.0,
6569,36,100,2.722,0.0,
6570,33,351,3.576,0.0,
6571,33,349,3.606,0.0,
6572,33,349,3.606,0.0,
6573,33,385,3.636,0.0,
6574,33,385,3.636,0.0,
6575,43,145,3.395,0.0,
6576,33,390,3.606,0.0,
6577,43,131,3.326,0.0,
6578,33,391,3.606,0.0,
6579,33,465,3.818,0.0,
6580,33,465,3.818,0.0,
6581,33,475,3.758,0.0,
6582,33,475,3.758,0.0,
6583,33,468,3.697,0.0,
6584,33,468,3.697,0.0,
6585,36,5,1.028,0.0,
6586,36,10,1.028,0.0,
6587,36,10,1.028,0.0,
6588,61,272,4.393,0.01,
6589,36,8,1.0,0.0,
6590,36,5,1.0,0.0,
6591,36,2,1.028,0.0,
6592,36,3,1.028,0.0,
6593,36,3,1.028,0.0,
6594,73,401,5.315,0.01,
6595,36,14,1.111,0.0,
6596,79,481,5.646,0.01,
6597,36,15,1.111,0.0,
6598,79,427,5.544,0.01,
6599,36,9,1.056,0.0,
6600,36,42,1.833,0.0,
6601,36,42,1.833,0.0,
6602,36,38,1.917,0.0,
6603,36,38,1.917,0.0,
6604,36,29,1.556,0.0,
6605,36,29,1.556,0.0,
6606,36,70,2.417,0.0,
6607,36,70,2.417,0.0,
6608,112,929,7.795,0.04,
6609,36,58,2.222,0.0,
6610,36,58,2.417,0.0,
6611,36,58,2.417,0.0,
6612,36,100,2.722,0.0,
6613,36,100,2.722,0.0,
6614,133,1307,9.256,0.04,
6615,36,85,2.778,0.0,
6616,36,93,2.917,0.0,
6617,36,93,2.917,0.0,
6618,36,152,3.389,0.0,
6619,36,152,3.389,0.0,
6620,36,150,3.389,0.0,
6621,36,150,3.389,0.0,
6622,158,1866,10.69,0.1,
6623,36,156,3.278,0.0,
6624,172,2246,11.75,0.13,
6625,36,198,3.528,0.0,
6627,36,207,3.5,0.0,
6629,36,201,3.444,0.0,
6630,36,316,3.667,0.0,
6631,36,316,3.667,0.0,
6632,36,303,3.667,0.0,
6633,36,303,3.667,0.0,
6634,36,314,3.722,0.0,
6635,36,314,3.722,0.0,
6637,36,419,3.833,0.0,
6638,36,416,3.722,0.0,
6639,36,416,3.722,0.0,
6640,36,419,3.806,0.0,
6641,36,419,3.806,0.0,
6642,36,467,3.806,0.0,
6643,36,467,3.806,0.0,
6645,36,469,3.861,0.0,
6646,36,470,3.806,0.0,
6647,36,470,3.806,0.0,
6648,36,559,3.889,0.0,
6649,36,559,3.889,0.0,
6650,36,572,3.889,0.0,
6651,36,572,3.889,0.0,
6653,36,560,3.889,0.0,
6654,40,6,1.0,0.0,
6655,40,12,1.1,0.0,
6656,40,12,1.1,0.0,
6658,40,8,1.075,0.0,
6659,40,5,1.025,0.0,
6660,40,4,1.0,0.0,
6661,40,2,1.0,0.0,
6662,40,4,1.0,0.0,
6663,40,17,1.125,0.0,
6664,40,17,1.125,0.0,
6666,40,16,1.125,0.0,
6667,40,12,1.1,0.0,
6668,40,12,1.1,0.0,
6670,40,54,1.975,0.0,
6672,40,48,1.8,0.0,
6674,40,36,1.6,0.0,
6675,40,91,2.675,0.0,
6676,40,91,2.675,0.0,
6677,40,81,2.6,0.0,
6678,40,81,2.6,0.0,
6680,40,71,2.45,0.0,
6681,40,128,2.975,0.0,
6682,40,128,2.975,0.0,
6684,40,115,2.925,0.0,
6686,40,114,2.875,0.0,
6687,40,194,3.4,0.0,
6688,40,194,3.4,0.0,
6689,40,191,3.525,0.0,
6690,40,191,3.525,0.0,
6691,11,10,1.182,0.0,
6692,40,193,3.525,0.0,
6693,40,251,3.65,0.0,
6694,40,251,3.65,0.0,
6695,13,11,1.231,0.0,
6696,40,255,3.7,0.0,
6697,13,13,1.308,0.0,
6698,40,249,3.675,0.0,
6699,40,400,3.675,0.0,
6700,40,400,3.675,0.0,
6701,40,378,3.825,0.0,
6702,40,378,3.825,0.0,
6703,40,389,3.825,0.0,
6704,40,389,3.825,0.0,
6705,40,522,3.85,0.0,
6706,40,522,3.85,0.0,
6707,40,515,3.85,0.0,
6708,40,515,3.85,0.0,
6709,40,522,3.85,0.0,
6710,40,522,3.85,0.0,
6711,20,51,2.05,0.0,
6712,40,585,3.85,0.0,
6713,40,580,3.875,0.0,
6714,40,580,3.875,0.0,
6715,40,586,3.875,0.0,
6716,40,586,3.875,0.0,
6717,24,76,2.25,0.0,
6718,40,696,3.9,0.0,
6719,40,709,3.875,0.0,
6720,40,709,3.875,0.0,
6721,26,81,2.423,0.0,
6722,40,696,3.85,0.0,
6723,43,6,1.047,0.0,
6724,43,12,1.023,0.0,
6725,43,12,1.023,0.0,
6726,43,9,1.07,0.0,
6727,31,109,2.871,0.0,
6728,43,5,1.047,0.0,
6729,33,132,2.879,0.0,
6730,43,5,1.07,0.0,
6731,43,5,1.07,0.0,
6732,43,18,1.233,0.0,
6733,43,18,1.233,0.0,
6734,40,194,3.4,0.0,
6735,43,17,1.186,0.0,
6736,43,14,1.023,0.0,
6737,43,14,1.023,0.0,
6738,43,61,2.302,0.0,
6739,43,61,2.302,0.0,
6740,47,262,3.894,0.0,
6741,43,51,1.953,0.0,
6742,43,42,1.791,0.0,
6743,43,42,1.791,0.0,
6744,51,292,4.098,0.0,
6745,43,103,3.023,0.0,
6746,56,380,4.625,0.01,
6747,43,89,2.674,0.0,
6748,56,381,4.536,0.0,
6749,43,82,2.674,0.0,
6750,61,440,4.869,0.01,
6751,43,145,3.395,0.0,
6752,67,539,5.507,0.01,
6753,43,128,3.302,0.0,
6754,67,535,5.418,0.01,
6755,43,131,3.326,0.0,
6756,43,224,3.744,0.0,
6757,43,224,3.744,0.0,
6758,79,755,5.962,0.02,
6759,43,210,3.86,0.0,
6760,43,216,3.674,0.0,
6761,43,216,3.674,0.0,
6762,86,926,6.581,0.02,
6763,43,293,4.093,0.0,
6764,43,286,3.953,0.0,
6765,43,286,3.953,0.01,
6766,94,1077,7.074,0.03,
6767,43,278,3.93,0.01,
6768,102,1301,7.598,0.03,
6769,43,461,4.163,0.01,
6770,112,1501,8.188,0.04,
6771,43,423,4.209,0.01,
6772,43,447,4.163,0.01,
6773,43,447,4.163,0.01,
6774,43,608,4.279,0.01,
6775,43,608,4.279,0.01,
6776,43,587,4.256,0.01,
6777,43,587,4.256,0.01,
6778,43,609,4.256,0.0,
6779,43,609,4.256,0.0,
6780,145,2678,10.366,0.06,
6781,43,688,4.349,0.0,
6782,158,3080,11.234,0.09,
6783,43,664,4.419,0.01,
6784,158,3096,11.19,0.1,
6785,43,681,4.256,0.01,
6786,43,813,4.372,0.01,
6787,43,813,4.372,0.01,
6789,43,813,4.395,0.0,
6790,43,804,4.395,0.01,
6791,43,804,4.395,0.01,
6793,47,15,1.085,0.0,
6794,47,15,1.085,0.0,
6795,47,6,1.021,0.0,
6796,47,11,1.0,0.0,
6797,47,11,1.0,0.0,
6798,47,6,1.0,0.0,
6800,47,3,1.0,0.0,
6802,47,23,1.213,0.0,
6803,47,20,1.213,0.0,
6804,47,20,1.213,0.0,
6805,47,17,1.085,0.0,
6806,47,17,1.085,0.0,
6808,47,73,2.447,0.0,
6809,47,60,1.979,0.0,
6810,47,60,1.979,0.0,
6811,47,50,1.915,0.0,
6812,47,50,1.915,0.0,
6814,47,119,3.191,0.0,
6815,47,105,2.979,0.0,
6816,47,105,2.979,0.0,
6818,47,97,2.936,0.0,
6819,47,166,3.426,0.0,
6820,47,166,3.426,0.0,
6821,47,157,3.468,0.0,
6822,47,157,3.468,0.0,
6823,47,155,3.574,0.0,
6824,47,155,3.574,0.0,
6826,47,262,3.894,0.0,
6828,47,251,3.872,0.0,
6830,47,268,3.894,0.0,
6832,47,344,4.17,0.0,
6833,47,349,4.085,0.0,
6834,47,349,4.085,0.0,
6835,47,339,4.106,0.0,
6836,47,339,4.106,0.0,
6837,47,537,4.277,0.0,
6838,47,537,4.277,0.0,
6839,47,520,4.255,0.0,
6840,47,520,4.255,0.0,
6841,10,13,1.2,0.0,
6842,47,534,4.34,0.0,
6843,11,19,1.455,0.0,
6844,47,714,4.404,0.0,
6845,47,711,4.362,0.01,
6846,47,711,4.362,0.01,
6847,47,729,4.404,0.01,
6848,47,729,4.404,0.01,
6849,47,812,4.404,0.0,
6850,47,812,4.404,0.0,
6851,14,21,1.5,0.0,
6852,47,806,4.383,0.01,
6853,14,26,1.429,0.0,
6854,47,813,4.383,0.01,
6855,15,30,1.8,0.0,
6856,47,963,4.426,0.0,
6857,17,37,1.588,0.0,
6858,47,974,4.426,0.01,
6859,17,44,2.118,0.0,
6860,47,966,4.404,0.01,
6861,51,9,1.02,0.0,
6862,51,17,1.118,0.0,
6863,51,17,1.118,0.0,
6864,20,63,2.3,0.0,
6865,51,7,1.02,0.0,
6866,51,14,1.059,0.0,
6867,22,77,2.273,0.0,
6868,22,83,2.545,0.0,
6869,51,11,1.078,0.0,
6870,24,95,2.5,0.0,
6871,51,29,1.51,0.0,
6872,26,96,2.654,0.0,
6873,51,25,1.333,0.0,
6874,26,104,2.731,0.0,
6875,51,23,1.235,0.0,
6876,51,94,2.902,0.0,
6877,51,94,2.902,0.0,
6878,31,137,3.065,0.0,
6879,51,70,2.588,0.0,
6880,31,143,3.032,0.0,
6881,51,65,2.098,0.0,
6882,33,182,3.333,0.0,
6883,51,152,3.51,0.0,
6884,51,121,3.216,0.0,
6885,51,121,3.216,0.0,
6886,36,201,3.444,0.0,
6887,51,118,3.196,0.0,
6888,51,209,4.039,0.01,
6889,51,209,4.039,0.01,
6890,51,181,3.765,0.0,
6891,51,181,3.765,0.0,
6892,43,278,3.93,0.01,
6893,51,184,3.667,0.01,
6894,47,349,4.085,0.01,
6895,51,321,4.353,0.01,
6896,51,415,4.471,0.01,
6897,51,292,4.098,0.01,
6898,51,415,4.353,0.01,
6899,51,322,4.412,0.01,
6900,56,491,4.679,0.01,
6901,51,415,4.471,0.0,
6902,61,567,5.131,0.01,
6903,51,399,4.549,0.0,
6904,61,591,5.098,0.01,
6905,51,415,4.353,0.0,
6906,51,642,4.706,0.01,
6907,51,642,4.706,0.01,
6908,73,828,5.863,0.01,
6909,51,605,4.804,0.0,
6910,51,631,4.843,0.0,
6911,51,631,4.843,0.0,
6912,79,1014,6.304,0.01,
6913,51,850,4.863,0.0,
6914,51,838,4.863,0.01,
6915,51,838,4.863,0.01,
6916,86,1168,6.779,0.02,
6917,51,857,4.843,0.01,
6918,51,957,4.843,0.0,
6919,51,957,4.843,0.0,
6920,51,947,4.902,0.0,
6921,51,947,4.902,0.0,
6922,102,1692,7.794,0.02,
6923,51,954,4.863,0.0,
6924,112,2042,8.33,0.03,
6925,51,1140,4.902,0.01,
6926,122,2345,9.09,0.04,
6927,51,1147,4.922,0.01,
6928,122,2423,9.057,0.05,
6929,51,1139,4.922,0.0,
6930,133,2905,9.812,0.05,
6931,133,2882,9.767,0.05,
6932,56,20,1.179,0.0,
6933,56,9,1.054,0.0,
6934,145,3462,10.517,0.11,
6935,56,17,1.071,0.0,
6936,56,8,1.036,0.0,
6937,56,15,1.125,0.0,
6938,56,15,1.125,0.0,
6939,172,4867,12.267,0.18,
6940,56,33,1.482,0.0,
6941,56,29,1.375,0.0,
6942,56,29,1.375,0.0,
6943,56,29,1.411,0.0,
6944,56,29,1.411,0.0,
6946,56,104,3.036,0.0,
6948,56,81,2.75,0.0,
6949,56,75,2.321,0.0,
6950,56,75,2.321,0.0,
6952,56,171,3.804,0.0,
6953,56,145,3.518,0.0,
6954,56,145,3.518,0.0,
6955,56,141,3.571,0.0,
6956,56,141,3.571,0.0,
6958,56,243,4.286,0.0,
6960,56,223,4.089,0.0,
6961,56,220,4.161,0.0,
6962,56,220,4.161,0.01,
6964,56,380,4.625,0.01,
6965,56,357,4.536,0.01,
6966,56,357,4.536,0.0,
6968,56,381,4.536,0.01,
6970,56,487,4.589,0.01,
6971,56,491,4.679,0.0,
6972,56,491,4.679,0.0,
6973,56,495,4.75,0.01,
6974,56,495,4.75,0.01,
6975,56,771,4.839,0.01,
6976,56,771,4.839,0.01,
6977,56,737,4.821,0.01,
6978,56,737,4.821,0.01,
6980,56,757,4.857,0.01,
6982,56,1023,4.911,0.01,
6983,56,1018,4.893,0.01,
6984,56,1018,4.893,0.0,
6985,56,1032,4.893,0.01,
6986,56,1032,4.893,0.01,
6987,56,1149,4.893,0.01,
6988,56,1149,4.893,0.01,
6989,11,23,2.0,0.0,
6990,56,1141,4.911,0.01,
6991,12,36,2.0,0.0,
6992,56,1148,4.893,0.0,
6993,13,32,1.769,0.0,
6994,56,1374,4.929,0.0,
6995,56,1382,4.911,0.0,
6996,56,1382,4.911,0.0,
6997,56,1380,4.911,0.0,
6998,56,1380,4.911,0.0,
6999,61,24,1.23,0.0,
7000,15,49,1.933,0.0,
7001,61,13,1.016,0.0,
7002,17,56,2.059,0.0,
7003,61,24,1.148,0.0,
7004,61,24,1.148,0.0,
7005,61,18,1.115,0.0,
7006,18,79,2.333,0.0,
7007,61,9,1.0,0.0,
7008,61,38,1.623,0.0,
7009,61,38,1.623,0.0,
7010,61,41,1.541,0.0,
7011,61,41,1.541,0.0,
7012,22,116,2.591,0.0,
7013,61,35,1.41,0.0,
7014,24,128,2.667,0.0,
7015,61,121,3.082,0.01,
7016,24,140,2.708,0.0,
7017,61,102,3.049,0.01,
7018,26,166,3.0,0.0,
7019,61,94,2.574,0.01,
7020,28,189,3.036,0.0,
7021,61,197,4.066,0.01,
7022,28,185,3.179,0.0,
7023,61,179,3.803,0.01,
7024,31,232,3.387,0.0,
7025,61,169,3.951,0.01,
7026,33,258,3.485,0.0,
7027,61,279,4.443,0.01,
7028,61,272,4.393,0.01,
7029,61,272,4.393,0.01,
7030,36,303,3.667,0.0,
7031,61,262,4.492,0.01,
7032,61,443,5.049,0.01,
7033,61,443,5.049,0.01,
7034,40,389,3.825,0.0,
7035,61,440,4.869,0.01,
7036,61,453,4.902,0.01,
7037,61,453,4.902,0.01,
7038,61,567,5.131,0.01,
7039,61,567,5.131,0.01,
7040,47,534,4.34,0.0,
7041,61,596,4.984,0.01,
7042,61,591,5.098,0.01,
7043,61,591,5.098,0.01,
7044,61,910,5.344,0.01,
7045,61,910,5.344,0.01,
7046,61,890,5.311,0.01,
7047,61,890,5.311,0.01,
7048,61,905,5.344,0.01,
7049,61,905,5.344,0.01,
7050,67,1099,5.746,0.01,
7051,61,1213,5.426,0.01,
7052,67,1084,5.806,0.01,
7053,61,1223,5.41,0.01,
7054,73,1291,6.068,0.02,
7055,61,1229,5.393,0.01,
7056,79,1528,6.392,0.02,
7057,61,1364,5.426,0.01,
7058,61,1367,5.426,0.02,
7059,61,1367,5.426,0.02,
7060,86,1799,6.872,0.02,
7061,61,1372,5.426,0.01,
7062,61,1635,5.443,0.01,
7063,61,1635,5.443,0.01,
7064,94,2179,7.404,0.03,
7065,61,1649,5.443,0.01,
7066,61,1650,5.459,0.01,
7067,61,1650,5.459,0.01,
7068,112,3075,8.438,0.04,
7069,67,28,1.239,0.0,
7070,67,15,1.045,0.0,
7071,122,3646,9.221,0.04,
7072,67,28,1.179,0.0,
7073,67,28,1.179,0.0,
7074,133,4337,9.88,0.05,
7075,67,20,1.075,0.0,
7076,67,9,1.0,0.0,
7077,67,49,1.776,0.0,
7078,67,49,1.776,0.0,
7079,145,5263,10.669,0.15,
7080,67,50,1.597,0.01,
7081,158,6207,11.43,0.14,
7082,67,42,1.552,0.0,
7083,67,141,3.522,0.01,
7084,67,141,3.522,0.01,
7085,172,7371,12.419,0.25,
7086,67,119,3.194,0.01,
7087,67,111,3.134,0.01,
7088,67,111,3.134,0.01,
7090,67,236,4.418,0.01,
7092,67,216,4.493,0.01,
7094,67,201,4.313,0.01,
7095,67,339,4.91,0.01,
7096,67,339,4.91,0.01,
7097,67,329,4.97,0.01,
7098,67,329,4.97,0.01,
7100,67,310,4.925,0.01,
7101,67,539,5.507,0.01,
7102,67,539,5.507,0.01,
7104,67,540,5.358,0.01,
7106,67,535,5.418,0.01,
7108,67,687,5.493,0.01,
7110,67,719,5.597,0.01,
7112,67,704,5.478,0.01,
7114,67,1099,5.746,0.01,
7115,67,1088,5.791,0.01,
7116,67,1088,5.791,0.01,
7118,67,1084,5.806,0.01,
7120,67,1467,5.881,0.01,
7122,67,1494,5.836,0.01,
7124,67,1481,5.896,0.01,
7125,10,26,1.8,0.0,
7126,67,1642,5.896,0.01,
7127,10,27,1.6,0.0,
7128,67,1663,5.896,0.01,
7129,11,36,1.909,0.0,
7130,67,1658,5.881,0.02,
7131,67,1973,5.955,0.01,
7132,67,1973,5.955,0.01,
7133,12,39,1.75,0.0,
7134,67,1995,5.94,0.01,
7135,13,53,1.923,0.0,
7136,67,1996,5.94,0.01,
7137,14,54,1.929,0.0,
7138,14,61,2.071,0.0,
7139,73,18,1.041,0.0,
7140,73,13,1.041,0.0,
7141,73,33,1.315,0.0,
7142,73,33,1.315,0.0,
7143,73,26,1.26,0.0,
7144,73,11,1.0,0.0,
7145,73,26,1.26,0.0,
7146,73,58,1.877,0.01,
7147,73,58,1.877,0.01,
7148,18,98,2.5,0.0,
7149,73,59,1.836,0.01,
7150,73,51,1.644,0.0,
7151,73,51,1.644,0.0,
7152,22,154,2.727,0.0,
7153,73,159,3.644,0.01,
7154,73,148,3.918,0.01,
7155,73,148,3.918,0.01,
7156,24,181,2.792,0.0,
7157,73,128,3.192,0.01,
7158,73,276,4.822,0.01,
7159,73,276,4.822,0.01,
7160,73,268,4.589,0.01,
7161,73,268,4.589,0.01,
7162,28,253,3.25,0.0,
7163,73,235,4.74,0.01,
7164,73,409,5.37,0.01,
7165,73,409,5.37,0.02,
7166,73,401,5.315,0.02,
7167,73,401,5.315,0.02,
7168,73,362,5.219,0.02,
7169,73,362,5.219,0.02,
7170,36,419,3.833,0.0,
7171,73,649,5.74,0.02,
7172,36,419,3.806,0.0,
7173,73,652,5.767,0.01,
7174,40,515,3.85,0.0,
7175,73,636,5.767,0.01,
7176,73,828,5.863,0.01,
7177,73,828,5.863,0.02,
7178,43,609,4.256,0.01,
7179,73,868,5.959,0.01,
7180,47,711,4.362,0.01,
7181,73,839,5.904,0.02,
7182,73,1302,6.014,0.02,
7183,73,1302,6.014,0.02,
7184,51,857,4.843,0.01,
7185,73,1291,6.068,0.02,
7186,73,1288,6.055,0.01,
7187,73,1288,6.055,0.02,
7188,73,1758,6.247,0.02,
7189,73,1758,6.247,0.02,
7190,73,1777,6.192,0.02,
7191,73,1777,6.192,0.02,
7192,67,1494,5.836,0.01,
7193,73,1752,6.137,0.02,
7194,73,1970,6.247,0.02,
7195,73,1970,6.247,0.02,
7196,73,1971,6.233,0.02,
7197,73,1971,6.233,0.02,
7198,73,1959,6.247,0.02,
7199,73,1959,6.247,0.02,
7200,86,2425,6.942,0.01,
7201,73,2354,6.342,0.03,
7202,86,2425,6.942,0.02,
7203,73,2367,6.301,0.03,
7204,94,2926,7.404,0.04,
7205,73,2371,6.329,0.02,
7206,102,3435,7.951,0.02,
7207,79,37,1.342,0.0,
7208,79,20,1.089,0.0,
7209,112,4148,8.455,0.04,
7210,79,36,1.405,0.0,
7211,79,14,1.063,0.0,
7212,122,4930,9.377,0.06,
7213,79,31,1.278,0.01,
7214,79,14,1.051,0.0,
7215,133,5860,9.955,0.08,
7216,79,66,1.949,0.01,
7217,79,69,2.152,0.01,
7218,79,69,2.152,0.01,
7219,145,7035,10.717,0.14,
7220,79,62,1.759,0.01,
7221,158,8336,11.462,0.12,
7222,79,187,4.19,0.01,
7223,79,174,4.114,0.01,
7224,79,174,4.114,0.01,
7225,79,150,3.608,0.01,
7226,79,150,3.608,0.01,
7227,79,328,5.241,0.01,
7228,79,328,5.241,0.01,
7230,79,316,5.228,0.02,
7231,79,283,5.025,0.01,
7232,79,283,5.025,0.01,
7234,79,481,5.646,0.01,
7235,79,468,5.722,0.01,
7236,79,468,5.722,0.01,
7237,79,427,5.544,0.01,
7238,79,427,5.544,0.01,
7239,79,755,5.962,0.02,
7240,79,755,5.962,0.02,
7241,79,760,6.114,0.02,
7242,79,760,6.114,0.02,
7243,79,743,6.165,0.02,
7244,79,743,6.165,0.02,
7246,79,969,6.329,0.02,
7247,79,1014,6.304,0.02,
7248,79,1014,6.304,0.01,
7249,79,979,6.241,0.01,
7250,79,979,6.241,0.01,
7251,79,1528,6.392,0.02,
7252,79,1528,6.392,0.02,
7254,79,1500,6.43,0.02,
7256,79,1519,6.405,0.02,
7258,79,2051,6.43,0.02,
7259,10,34,1.9,0.0,
7260,79,2056,6.43,0.02,
7261,79,2059,6.456,0.01,
7262,79,2059,6.456,0.01,
7263,79,2307,6.443,0.02,
7264,79,2307,6.443,0.02,
7265,12,50,2.083,0.0,
7266,79,2289,6.456,0.02,
7267,79,2305,6.443,0.02,
7268,79,2305,6.443,0.02,
7269,79,2758,6.456,0.01,
7270,79,2758,6.456,0.01,
7271,79,2766,6.443,0.01,
7272,79,2766,6.443,0.01,
7273,79,2778,6.456,0.01,
7274,79,2778,6.456,0.01,
7275,86,40,1.442,0.01,
7276,86,40,1.442,0.01,
7277,86,21,1.105,0.01,
7278,17,100,2.353,0.0,
7279,86,19,1.081,0.0,
7280,86,47,1.395,0.01,
7281,86,37,1.186,0.01,
7282,20,139,2.65,0.0,
7283,86,37,1.186,0.0,
7284,86,73,2.128,0.01,
7285,86,73,2.128,0.01,
7286,86,87,2.337,0.01,
7287,86,87,2.337,0.01,
7288,86,74,2.186,0.01,
7289,86,74,2.186,0.01,
7290,24,212,2.75,0.0,
7291,86,211,4.314,0.01,
7292,26,242,3.077,0.0,
7293,86,204,4.535,0.01,
7294,28,283,3.357,0.0,
7295,86,182,4.291,0.01,
7296,28,285,3.179,0.0,
7297,86,380,5.244,0.01,
7298,86,380,5.814,0.01,
7299,86,380,5.814,0.01,
7300,86,349,5.616,0.02,
7301,86,349,5.616,0.02,
7302,86,562,6.0,0.02,
7303,86,562,6.0,0.02,
7304,36,469,3.861,0.0,
7305,86,559,6.244,0.01,
7306,86,520,6.035,0.02,
7307,86,520,6.035,0.02,
7308,86,884,6.488,0.02,
7309,86,884,6.488,0.02,
7310,86,926,6.581,0.02,
7311,86,926,6.581,0.02,
7312,47,812,4.404,0.01,
7313,86,883,6.547,0.02,
7314,47,813,4.383,0.01,
7315,86,1140,6.744,0.01,
7316,51,947,4.902,0.0,
7317,86,1223,6.767,0.01,
7318,56,1149,4.893,0.0,
7319,86,1168,6.779,0.01,
7320,86,1794,6.86,0.01,
7321,86,1794,6.86,0.01,
7322,86,1799,6.872,0.01,
7323,86,1799,6.872,0.01,
7324,86,1803,6.895,0.01,
7325,86,1803,6.895,0.01,
7326,67,1658,5.881,0.01,
7327,86,2425,6.942,0.01,
7328,86,2447,6.93,0.01,
7329,86,2447,6.93,0.01,
7330,79,2307,6.443,0.02,
7331,86,2425,6.942,0.01,
7332,79,2305,6.443,0.03,
7333,86,2721,6.942,0.02,
7334,86,2726,6.942,0.02,
7335,86,2726,6.942,0.02,
7336,94,3260,7.436,0.04,
7337,86,2739,6.953,0.02,
7338,94,3289,7.447,0.04,
7339,86,3277,6.953,0.01,
7340,86,3280,6.953,0.01,
7341,86,3280,6.953,0.01,
7342,112,4648,8.455,0.03,
7343,86,3292,6.953,0.01,
7344,94,46,1.436,0.01,
7345,94,23,1.074,0.01,
7346,94,46,1.436,0.01,
7347,122,5547,9.41,0.1,
7348,133,6561,9.97,0.05,
7349,94,53,1.574,0.01,
7350,94,43,1.383,0.01,
7351,94,23,1.085,0.01,
7352,94,43,1.383,0.01,
7353,94,91,2.181,0.02,
7354,94,91,2.181,0.02,
7355,158,9292,11.468,0.15,
7356,94,100,2.691,0.01,
7357,172,11063,12.471,0.14,
7358,94,85,2.277,0.01,
7359,172,11046,12.477,0.18,
7360,94,254,5.149,0.02,
7362,94,238,4.957,0.02,
7364,94,221,4.681,0.02,
7365,94,446,6.021,0.02,
7366,94,446,6.021,0.02,
7368,94,450,6.277,0.02,
7370,94,424,6.149,0.02,
7371,94,663,6.638,0.02,
7372,94,663,6.638,0.02,
7374,94,673,6.798,0.02,
7376,94,639,6.713,0.02,
7378,94,1055,7.032,0.03,
7379,94,1100,7.085,0.02,
7380,94,1100,7.085,0.02,
7382,94,1077,7.074,0.02,
7383,94,1371,7.255,0.03,
7384,94,1371,7.255,0.03,
7386,94,1457,7.266,0.03,
7387,94,1433,7.234,0.03,
7388,94,1433,7.234,0.02,
7389,94,2155,7.404,0.02,
7390,94,2155,7.404,0.02,
7391,94,2169,7.404,0.02,
7392,94,2169,7.404,0.03,
7393,94,2179,7.404,0.02,
7394,94,2179,7.404,0.02,
7395,94,2913,7.426,0.03,
7396,94,2913,7.426,0.05,
7397,11,50,2.273,0.0,
7398,94,2926,7.404,0.04,
7399,12,57,2.167,0.0,
7400,94,2912,7.447,0.04,
7401,12,56,1.917,0.0,
7402,94,3260,7.436,0.04,
7403,94,3260,7.415,0.05,
7404,94,3260,7.415,0.04,
7405,94,3289,7.447,0.04,
7406,94,3289,7.447,0.04,
7407,94,3925,7.457,0.05,
7408,94,3925,7.457,0.04,
7409,15,96,2.267,0.0,
7410,94,3924,7.457,0.03,
7411,17,118,2.588,0.0,
7412,94,3942,7.457,0.05,
7413,102,53,1.559,0.01,
7414,18,132,2.722,0.0,
7415,102,53,1.559,0.01,
7416,18,134,2.667,0.0,
7417,102,61,1.676,0.01,
7418,102,61,1.676,0.01,
7419,20,166,2.65,0.0,
7420,102,54,1.569,0.01,
7421,102,29,1.157,0.01,
7422,22,204,2.818,0.0,
7423,102,102,2.824,0.01,
7424,24,252,2.792,0.0,
7425,102,115,2.853,0.01,
7426,102,106,2.892,0.01,
7427,102,106,2.892,0.01,
7428,102,289,5.618,0.02,
7429,102,289,5.618,0.02,
7430,102,277,5.216,0.02,
7431,102,277,5.216,0.02,
7432,31,415,3.387,0.0,
7433,102,266,5.324,0.02,
7434,31,412,3.355,0.0,
7435,102,526,6.755,0.03,
7436,33,475,3.758,0.0,
7437,102,526,6.716,0.05,
7438,102,514,6.745,0.04,
7439,102,514,6.745,0.04,
7440,102,774,7.255,0.04,
7441,102,774,7.255,0.04,
7442,102,788,7.265,0.04,
7443,102,788,7.265,0.04,
7444,43,813,4.372,0.01,
7445,102,764,7.167,0.03,
7446,43,804,4.395,0.01,
7447,102,1242,7.657,0.02,
7448,47,974,4.426,0.01,
7449,102,1301,7.598,0.02,
7450,102,1277,7.647,0.03,
7451,102,1277,7.647,0.02,
7452,102,1612,7.706,0.03,
7453,102,1612,7.706,0.03,
7454,102,1710,7.696,0.02,
7455,102,1710,7.696,0.02,
7456,61,1635,5.443,0.01,
7457,102,1692,7.794,0.03,
7458,102,2535,7.902,0.02,
7459,102,2535,7.902,0.02,
7460,102,2578,7.912,0.02,
7461,102,2578,7.912,0.02,
7462,73,2354,6.342,0.03,
7463,102,2577,7.931,0.01,
7464,102,3435,7.951,0.02,
7465,102,3435,7.951,0.02,
7466,102,3453,7.951,0.02,
7467,102,3453,7.951,0.02,
7468,86,3277,6.953,0.02,
7469,102,3443,7.961,0.02,
7470,102,3842,7.961,0.03,
7471,102,3842,7.961,0.03,
7472,102,3836,7.951,0.03,
7473,102,3836,7.951,0.03,
7474,102,4622,7.951,0.03,
7475,102,3874,7.951,0.03,
7476,102,4622,7.951,0.03,
7477,102,4622,7.951,0.03,
7478,102,4614,7.951,0.02,
7479,102,4614,7.951,0.02,
7480,122,6646,9.426,0.1,
7481,102,4643,7.961,0.03,
7482,122,6639,9.459,0.14,
7483,112,32,1.054,0.01,
7484,112,65,1.786,0.01,
7485,112,72,1.768,0.01,
7486,145,9453,10.903,0.09,
7487,112,37,1.152,0.01,
7488,145,9416,10.848,0.08,
7489,158,11225,11.475,0.12,
7490,112,69,1.875,0.01,
7491,112,128,3.366,0.02,
7492,112,128,3.366,0.03,
7493,112,134,3.214,0.03,
7494,112,134,3.214,0.03,
7496,112,128,3.179,0.03,
7498,112,345,6.036,0.05,
7500,112,316,5.804,0.05,
7502,112,324,5.866,0.05,
7504,112,641,7.295,0.05,
7506,112,622,7.375,0.04,
7507,112,622,7.286,0.04,
7508,112,622,7.286,0.05,
7509,112,929,7.795,0.04,
7510,112,929,7.795,0.03,
7511,112,933,7.866,0.04,
7512,112,933,7.866,0.04,
7514,112,938,7.812,0.03,
7516,112,1501,8.188,0.03,
7518,112,1554,8.259,0.04,
7519,112,1544,8.179,0.03,
7520,112,1544,8.179,0.03,
7521,112,1969,8.348,0.03,
7522,112,1969,8.348,0.03,
7523,112,2042,8.33,0.03,
7524,112,2042,8.33,0.03,
7526,112,2036,8.321,0.03,
7527,112,3075,8.438,0.04,
7528,112,3075,8.438,0.03,
7529,112,3087,8.438,0.04,
7530,112,3087,8.438,0.04,
7532,112,3100,8.429,0.04,
7533,112,4148,8.455,0.04,
7534,112,4148,8.455,0.04,
7535,112,4179,8.429,0.07,
7536,112,4179,8.429,0.07,
7538,112,4152,8.438,0.07,
7539,112,4648,8.455,0.05,
7540,112,4648,8.455,0.05,
7541,112,4642,8.438,0.08,
7542,112,4642,8.438,0.08,
7544,112,4660,8.455,0.07,
7545,112,5581,8.464,0.07,
7546,112,5581,8.464,0.07,
7547,112,5575,8.455,0.09,
7548,112,5575,8.455,0.09,
7550,112,5586,8.464,0.07,
7552,122,85,2.131,0.03,
7553,122,43,1.303,0.02,
7556,122,82,1.918,0.03,
7559,122,80,2.0,0.02,
7560,122,159,3.82,0.03,
7561,122,159,3.82,0.03,
7562,122,162,3.803,0.03,
7563,122,162,3.803,0.03,
7565,122,148,3.59,0.03,
7567,122,409,6.713,0.05,
7569,122,381,6.525,0.05,
7570,122,378,6.541,0.07,
7571,122,378,6.541,0.08,
7572,122,753,7.975,0.08,
7573,122,753,7.975,0.07,
7574,122,749,8.025,0.09,
7575,122,749,8.025,0.09,
7577,122,743,8.025,0.08,
7579,122,1090,8.557,0.06,
7581,122,1107,8.516,0.05,
7582,122,1118,8.582,0.05,
7583,122,1118,8.582,0.05,
7584,122,1781,8.877,0.05,
7585,122,1781,8.877,0.05,
7586,122,1863,8.967,0.05,
7587,122,1863,8.967,0.05,
7589,122,1831,8.959,0.06,
7591,122,2345,9.09,0.04,
7593,122,2430,9.09,0.04,
7594,122,2423,9.057,0.06,
7595,122,2423,9.057,0.06,
7597,122,3646,9.221,0.05,
7599,122,3666,9.238,0.07,
7600,122,3690,9.254,0.07,
7601,122,3690,9.254,0.07,
7603,122,4930,9.377,0.06,
7605,122,4958,9.344,0.06,
7606,122,4939,9.336,0.09,
7607,122,4939,9.336,0.09,
7609,122,5520,9.369,0.06,
7611,122,5526,9.402,0.09,
7612,122,5547,9.41,0.06,
7613,122,5547,9.41,0.06,
7614,122,6646,9.426,0.1,
7615,122,6616,9.451,0.11,
7616,122,6639,9.459,0.15,
7617,133,98,2.338,0.03,
7619,133,98,2.338,0.03,
7621,133,49,1.414,0.02,
7622,133,94,2.143,0.03,
7624,133,42,1.256,0.02,
7625,133,89,2.158,0.02,
7627,133,183,4.361,0.03,
7629,133,194,4.18,0.03,
7630,133,168,3.752,0.03,
7631,133,168,3.752,0.03,
7632,133,469,7.602,0.05,
7633,133,469,7.602,0.05,
7634,133,465,7.203,0.06,
7635,133,465,7.203,0.06,
7637,133,440,7.308,0.05,
7639,133,894,8.767,0.05,
7641,133,897,8.722,0.06,
7642,133,870,8.586,0.05,
7643,133,870,8.586,0.05,
7644,133,1307,9.256,0.04,
7645,133,1307,9.256,0.04,
7646,133,1322,9.248,0.08,
7647,133,1322,9.248,0.08,
7649,133,1319,9.256,0.1,
7651,133,2126,9.579,0.07,
7653,133,2242,9.812,0.07,
7654,133,2180,9.639,0.07,
7655,133,2180,9.639,0.07,
7656,133,2806,9.714,0.08,
7657,133,2806,9.714,0.08,
7658,133,2905,9.812,0.07,
7659,133,2905,9.812,0.07,
7661,133,2882,9.767,0.07,
7662,133,4337,9.88,0.08,
7663,133,4337,9.88,0.08,
7664,133,4399,9.895,0.09,
7665,133,4399,9.895,0.09,
7667,133,4411,9.895,0.05,
7668,133,5860,9.955,0.05,
7669,133,5860,9.955,0.05,
7670,133,5904,9.962,0.04,
7671,133,5904,9.962,0.04,
7673,133,5909,9.947,0.04,
7674,133,6561,9.97,0.03,
7675,133,6567,9.962,0.03,
7676,133,6621,9.947,0.05,
7677,133,7914,9.955,0.03,
7678,133,7870,9.97,0.03,
7679,133,7911,9.97,0.05,
7682,145,58,1.434,0.02,
7684,145,120,2.593,0.03,
7685,145,120,2.593,0.03,
7687,145,48,1.179,0.02,
7688,145,108,2.579,0.03,
7690,145,224,5.034,0.05,
7692,145,239,4.862,0.05,
7693,145,213,4.786,0.05,
7694,145,213,4.786,0.05,
7695,145,573,8.262,0.07,
7696,145,573,8.262,0.07,
7697,145,567,8.021,0.08,
7698,145,567,8.021,0.11,
7700,145,537,8.062,0.11,
7701,145,1079,9.634,0.08,
7702,145,1079,9.634,0.08,
7703,145,1084,9.414,0.13,
7704,145,1084,9.414,0.11,
7706,145,1060,9.441,0.08,
7708,145,1562,10.028,0.08,
7710,145,1593,10.0,0.13,
7711,145,1589,10.048,0.1,
7712,145,1589,10.048,0.1,
7713,145,2569,10.4,0.09,
7714,145,2569,10.4,0.09,
7715,145,2678,10.366,0.09,
7716,145,2678,10.366,0.09,
7718,145,2608,10.31,0.11,
7720,145,3370,10.469,0.06,
7722,145,3464,10.524,0.05,
7723,145,3462,10.517,0.07,
7724,145,3462,10.517,0.07,
7726,145,5187,10.621,0.09,
7728,145,5246,10.614,0.08,
7729,145,5263,10.669,0.15,
7730,145,5263,10.669,0.15,
7731,145,7003,10.745,0.07,
7732,145,7035,10.717,0.09,
7733,145,7039,10.71,0.1,
7734,145,7843,10.807,0.07,
7735,145,7821,10.793,0.08,
7736,145,7871,10.786,0.07,
7737,145,9453,10.903,0.09,
7738,145,9358,10.89,0.08,
7739,145,9416,10.848,0.09,
7741,158,62,1.462,0.03,
7742,158,129,2.722,0.04,
7743,158,145,3.101,0.05,
7745,158,77,1.627,0.03,
7746,158,126,2.544,0.04,
7748,158,58,1.399,0.03,
7749,158,265,5.709,0.08,
7750,158,265,5.709,0.08,
7751,158,282,5.709,0.08,
7752,158,282,5.709,0.07,
7754,158,240,4.962,0.06,
7756,158,675,8.804,0.12,
7758,158,660,8.905,0.13,
7759,158,615,8.563,0.1,
7760,158,615,8.563,0.11,
7761,158,1276,10.31,0.09,
7762,158,1276,10.31,0.08,
7763,158,1269,10.329,0.11,
7764,158,1269,10.329,0.13,
7766,158,1241,10.152,0.13,
7768,158,1865,10.854,0.08,
7770,158,1885,10.861,0.08,
7771,158,1866,10.69,0.11,
7772,158,1866,10.69,0.16,
7773,158,3080,11.234,0.15,
7774,158,3080,11.234,0.15,
7775,158,3155,11.247,0.07,
7776,158,3155,11.247,0.07,
7778,158,3096,11.19,0.1,
7780,158,4039,11.335,0.11,
7782,158,4107,11.304,0.09,
7783,158,4088,11.367,0.14,
7784,158,4088,11.367,0.14,
7785,158,6170,11.424,0.15,
7786,158,6207,11.43,0.14,
7787,158,6222,11.456,0.11,
7788,158,8336,11.462,0.19,
7789,158,8343,11.462,0.18,
7790,158,8367,11.468,0.13,
7791,158,9335,11.468,0.11,
7792,158,9292,11.468,0.1,
7793,158,9350,11.475,0.09,
7794,158,11225,11.475,0.13,
7795,158,11125,11.468,0.12,
7796,158,11210,11.475,0.13,
7799,172,150,3.058,0.08,
7801,172,170,3.57,0.09,
7802,172,170,3.57,0.07,
7804,172,152,3.262,0.06,
7805,172,152,3.262,0.06,
7807,172,314,6.14,0.1,
7809,172,331,6.465,0.1,
7810,172,295,6.017,0.1,
7811,172,295,6.017,0.1,
7812,172,815,9.901,0.14,
7813,172,815,9.901,0.18,
7814,172,777,9.89,0.16,
7815,172,777,9.89,0.15,
7817,172,757,9.89,0.13,
7819,172,1528,11.209,0.11,
7821,172,1510,11.238,0.11,
7822,172,1485,11.203,0.13,
7823,172,1485,11.203,0.13,
7824,172,2214,11.61,0.13,
7825,172,2214,11.61,0.13,
7826,172,2246,11.75,0.13,
7827,172,2246,11.75,0.13,
7829,172,2233,11.797,0.1,
7831,172,3672,12.145,0.16,
7833,172,3743,12.076,0.13,
7834,172,3684,12.105,0.14,
7835,172,3684,12.105,0.23,
7836,172,4824,12.279,0.22,
7837,172,4824,12.279,0.22,
7838,172,4867,12.267,0.19,
7839,172,4867,12.267,0.19,
7841,172,4855,12.215,0.26,
7842,172,7333,12.343,0.23,
7843,172,7384,12.355,0.23,
7844,172,7371,12.419,0.25,
7845,172,9888,12.442,0.23,
7846,172,9904,12.448,0.23,
7847,172,9894,12.471,0.24,
7848,172,11063,12.471,0.21,
7849,172,11028,12.477,0.22,
7850,172,11046,12.477,0.27,
7851,172,13294,12.477,0.43,
7852,172,13212,12.477,0.16,
7853,172,13269,12.477,0.19,
8950,3,2,1.0,0.0,
8951,3,2,1.0,0.0,
8952,3,2,1.0,0.0,
8953,4,3,1.0,0.0,
8954,4,3,1.0,0.0,
8955,4,3,1.0,0.0,
8956,4,4,1.0,0.0,
8957,4,4,1.0,0.0,
8958,5,4,1.0,0.0,
8959,4,4,1.0,0.0,
8960,4,4,1.0,0.0,
8961,4,4,1.0,0.0,
8962,5,4,1.0,0.0,
8963,5,4,1.0,0.0,
8964,5,4,1.0,0.0,
8965,8,7,1.0,0.0,
8966,5,6,1.0,0.0,
8967,5,6,1.0,0.0,
8968,5,6,1.0,0.0,
8969,9,8,1.0,0.0,
8970,5,6,1.0,0.0,
8971,10,9,1.2,0.0,
8972,5,6,1.0,0.0,
8973,5,6,1.0,0.0,
8974,5,6,1.0,0.0,
8975,5,6,1.0,0.0,
8976,5,6,1.0,0.0,
8977,6,5,1.0,0.0,
8978,6,5,1.0,0.0,
8979,6,5,1.0,0.0,
8980,6,8,1.0,0.0,
8981,6,8,1.0,0.0,
8982,6,8,1.167,0.0,
8983,6,8,1.167,0.0,
8984,14,13,1.214,0.0,
8985,6,8,1.0,0.0,
8986,6,9,1.167,0.0,
8987,6,9,1.167,0.0,
8988,15,14,1.4,0.0,
8989,6,9,1.0,0.0,
8990,17,16,1.471,0.0,
8991,6,9,1.0,0.0,
8992,6,8,1.0,0.0,
8993,6,8,1.0,0.0,
8994,6,8,1.0,0.0,
8995,6,8,1.0,0.0,
8996,20,19,1.5,0.0,
8997,6,8,1.0,0.0,
8998,7,6,1.0,0.0,
8999,7,6,1.0,0.0,
9000,7,6,1.0,0.0,
9001,7,10,1.0,0.0,
9002,7,10,1.0,0.0,
9003,24,23,1.458,0.0,
9004,7,10,1.286,0.0,
9005,26,25,1.577,0.0,
9006,7,10,1.143,0.0,
9007,7,12,1.143,0.0,
9008,7,12,1.143,0.0,
9009,28,27,1.571,0.0,
9010,7,12,1.286,0.0,
9011,31,30,1.548,0.0,
9012,7,12,1.286,0.0,
9013,7,12,1.143,0.0,
9014,7,12,1.143,0.0,
9015,34,33,1.676,0.0,
9016,7,12,1.143,0.0,
9017,37,36,1.73,0.0,
9018,7,12,1.143,0.0,
9019,7,10,1.0,0.0,
9020,7,10,1.0,0.0,
9021,40,39,1.675,0.0,
9022,7,10,1.0,0.0,
9023,43,42,1.651,0.0,
9024,7,10,1.0,0.0,
9025,8,7,1.0,0.0,
9026,8,7,1.0,0.0,
9027,8,7,1.0,0.0,
9028,8,12,1.0,0.0,
9029,8,12,1.0,0.0,
9030,52,51,1.942,0.0,
9031,8,12,1.25,0.0,
9032,8,12,1.125,0.0,
9033,8,12,1.125,0.0,
9034,61,60,2.082,0.0,
9035,8,15,1.25,0.0,
9036,61,60,2.049,0.0,
9037,8,15,1.25,0.0,
9038,67,66,2.104,0.0,
9039,8,15,1.25,0.0,
9040,8,16,1.25,0.0,
9041,8,16,1.25,0.0,
9042,8,16,1.25,0.0,
9043,8,16,1.25,0.0,
9044,79,78,2.114,0.01,
9045,8,16,1.25,0.0,
9046,8,15,1.125,0.0,
9047,8,15,1.125,0.0,
9048,86,85,2.453,0.01,
9049,8,15,1.125,0.0,
9050,94,93,2.309,0.01,
9051,8,15,1.125,0.0,
9052,103,102,2.738,0.01,
9053,8,12,1.0,0.0,
9054,103,102,2.709,0.01,
9055,8,12,1.0,0.0,
9056,8,12,1.0,0.0,
9057,8,12,1.0,0.0,
9058,9,8,1.0,0.0,
9059,9,8,1.0,0.0,
9060,9,8,1.0,0.0,
9061,133,132,3.113,0.03,
9062,9,14,1.222,0.0,
9063,9,14,1.556,0.0,
9064,9,14,1.556,0.0,
9065,9,14,1.222,0.0,
9066,9,14,1.222,0.0,
9067,9,18,1.444,0.0,
9068,9,18,1.444,0.0,
9069,9,18,1.333,0.0,
9070,9,18,1.333,0.0,
9071,9,18,1.444,0.0,
9072,9,18,1.444,0.0,
9074,9,20,1.333,0.0,
9075,9,20,1.333,0.0,
9076,9,20,1.333,0.0,
9078,9,20,1.444,0.0,
9079,9,20,1.333,0.0,
9080,9,20,1.333,0.0,
9082,9,20,1.333,0.0,
9084,9,20,1.333,0.0,
9086,9,18,1.333,0.0,
9088,9,18,1.222,0.0,
9090,9,18,1.222,0.0,
9091,10,9,1.2,0.0,
9092,10,9,1.1,0.0,
9093,10,9,1.0,0.0,
9095,10,16,1.2,0.0,
9096,10,16,1.6,0.0,
9097,10,16,1.6,0.0,
9098,10,16,1.3,0.0,
9099,10,16,1.3,0.0,
9100,10,21,1.5,0.0,
9101,10,21,1.5,0.0,
9103,10,21,1.5,0.0,
9105,10,21,1.5,0.0,
9107,10,24,1.5,0.0,
9109,10,24,1.4,0.0,
9111,10,24,1.6,0.0,
9112,10,25,1.4,0.0,
9113,10,25,1.4,0.0,
9114,10,25,1.3,0.0,
9115,10,25,1.3,0.0,
9117,10,25,1.5,0.0,
9118,10,24,1.4,0.0,
9119,10,24,1.4,0.0,
9120,10,24,1.4,0.0,
9121,10,24,1.4,0.0,
9123,10,24,1.4,0.0,
9124,10,16,1.1,0.0,
9125,10,16,1.1,0.0,
9127,10,16,1.1,0.0,
9129,10,16,1.1,0.0,
9130,11,10,1.364,0.0,
9131,11,10,1.091,0.0,
9132,11,10,1.182,0.0,
9134,11,18,1.273,0.0,
9135,11,18,1.545,0.0,
9136,11,18,1.545,0.0,
9137,11,18,1.364,0.0,
9138,11,18,1.364,0.0,
9140,11,24,1.455,0.0,
9141,11,24,1.727,0.0,
9142,11,24,1.727,0.0,
9143,11,24,1.545,0.0,
9144,11,24,1.545,0.0,
9145,11,28,1.636,0.0,
9146,11,28,1.636,0.0,
9148,11,28,1.455,0.0,
9149,11,28,1.636,0.0,
9150,11,28,1.636,0.0,
9152,11,30,1.636,0.0,
9153,11,30,1.455,0.0,
9154,11,30,1.455,0.0,
9155,11,30,1.545,0.0,
9156,11,30,1.545,0.0,
9157,11,30,1.455,0.0,
9158,11,30,1.455,0.0,
9160,11,30,1.545,0.0,
9162,11,30,1.545,0.0,
9164,11,24,1.273,0.0,
9165,11,24,1.273,0.0,
9166,11,24,1.273,0.0,
9167,11,24,1.273,0.0,
9168,11,24,1.273,0.0,
9169,12,11,1.417,0.0,
9170,12,11,1.083,0.0,
9171,12,11,1.417,0.0,
9173,12,20,1.333,0.0,
9175,12,20,1.583,0.0,
9176,12,20,1.333,0.0,
9177,12,20,1.333,0.0,
9178,12,27,1.75,0.0,
9179,12,27,1.75,0.0,
9181,12,27,1.5,0.0,
9182,12,27,1.583,0.0,
9183,12,27,1.583,0.0,
9185,12,32,1.667,0.0,
9186,12,32,1.75,0.0,
9187,12,32,1.75,0.0,
9188,12,32,1.833,0.0,
9189,12,32,1.833,0.0,
9190,12,35,1.75,0.0,
9191,12,35,1.75,0.0,
9193,12,35,1.833,0.0,
9195,12,35,1.667,0.0,
9197,12,36,1.5,0.0,
9199,12,36,1.583,0.0,
9201,12,36,1.583,0.0,
9202,4,4,1.0,0.0,
9203,12,32,1.333,0.0,
9204,4,4,1.0,0.0,
9205,12,32,1.333,0.0,
9206,12,32,1.333,0.0,
9207,12,32,1.333,0.0,
9208,12,20,1.083,0.0,
9209,12,20,1.083,0.0,
9210,12,20,1.083,0.0,
9211,12,20,1.083,0.0,
9212,12,20,1.083,0.0,
9213,12,20,1.083,0.0,
9214,13,12,1.462,0.0,
9215,13,12,1.231,0.0,
9216,13,12,1.462,0.0,
9217,13,22,1.308,0.0,
9218,13,22,1.308,0.0,
9219,9,14,1.222,0.0,
9220,13,22,1.462,0.0,
9221,10,16,1.6,0.0,
9222,13,22,1.308,0.0,
9223,11,18,1.273,0.0,
9224,13,30,1.692,0.0,
9225,13,30,1.692,0.0,
9226,13,30,1.692,0.0,
9227,12,20,1.583,0.0,
9228,13,30,1.692,0.0,
9229,13,36,1.769,0.0,
9230,13,36,1.769,0.0,
9231,13,22,1.308,0.0,
9232,13,36,1.769,0.0,
9233,15,26,1.467,0.0,
9234,13,36,1.923,0.0,
9235,16,28,1.5,0.0,
9236,13,40,1.846,0.0,
9237,13,40,1.769,0.0,
9238,13,40,1.769,0.0,
9239,17,30,1.706,0.0,
9240,13,40,2.0,0.0,
9241,13,42,1.538,0.0,
9242,13,42,1.538,0.0,
9243,19,34,1.632,0.0,
9244,13,42,1.692,0.0,
9245,21,38,1.762,0.0,
9246,13,42,1.769,0.0,
9247,13,40,1.462,0.0,
9248,13,40,1.462,0.0,
9249,13,40,1.462,0.0,
9250,13,40,1.462,0.0,
9251,13,40,1.462,0.0,
9252,13,40,1.462,0.0,
9253,27,50,1.926,0.0,
9254,13,30,1.231,0.0,
9255,13,30,1.231,0.0,
9256,13,30,1.231,0.0,
9257,29,54,2.069,0.0,
9258,13,30,1.231,0.0,
9259,14,13,1.5,0.0,
9260,14,13,1.214,0.0,
9261,14,13,1.357,0.0,
9262,34,64,2.0,0.0,
9263,14,33,1.929,0.0,
9264,34,64,2.265,0.0,
9265,14,33,1.643,0.0,
9266,14,33,1.643,0.0,
9267,14,33,1.643,0.0,
9268,41,78,2.293,0.0,
9269,14,40,1.857,0.0,
9270,41,78,2.512,0.0,
9271,14,40,1.714,0.0,
9272,14,40,1.714,0.0,
9273,14,40,1.714,0.0,
9274,14,45,1.929,0.0,
9275,14,45,1.929,0.0,
9276,49,94,2.837,0.0,
9277,14,45,1.857,0.0,
9278,53,102,3.038,0.0,
9279,14,45,1.714,0.0,
9280,58,112,2.983,0.0,
9281,14,48,1.5,0.0,
9282,14,48,1.5,0.0,
9283,14,48,1.5,0.0,
9284,14,48,1.5,0.0,
9285,14,48,1.5,0.0,
9286,14,40,1.286,0.0,
9287,14,40,1.286,0.0,
9288,14,40,1.286,0.0,
9289,14,40,1.286,0.0,
9290,75,146,3.653,0.01,
9291,14,40,1.286,0.0,
9292,15,14,1.467,0.0,
9293,15,14,1.2,0.0,
9294,15,14,1.4,0.0,
9295,15,26,1.467,0.0,
9296,15,26,1.467,0.0,
9297,89,174,3.663,0.02,
9298,15,26,1.467,0.0,
9299,15,26,1.333,0.0,
9300,15,26,1.333,0.0,
9301,15,36,1.867,0.0,
9302,15,36,1.867,0.0,
9303,106,208,4.113,0.03,
9304,15,36,1.733,0.0,
9305,115,226,4.791,0.03,
9306,15,36,1.667,0.0,
9307,126,248,4.722,0.04,
9308,15,44,1.733,0.0,
9309,126,248,4.405,0.04,
9310,15,44,1.6,0.0,
9311,15,44,1.867,0.0,
9312,15,44,1.867,0.0,
9313,15,50,1.933,0.0,
9314,15,50,1.933,0.0,
9315,149,294,5.181,0.06,
9316,15,50,1.867,0.0,
9317,163,322,6.055,0.09,
9318,15,50,1.8,0.0,
9319,177,350,6.198,0.12,
9320,15,54,1.867,0.0,
9321,15,54,1.8,0.0,
9322,15,54,1.8,0.0,
9323,15,54,1.867,0.0,
9324,15,54,1.867,0.0,
9325,15,56,1.6,0.0,
9326,15,56,1.6,0.0,
9328,15,56,1.6,0.0,
9330,15,56,1.6,0.0,
9332,16,28,1.5,0.0,
9333,16,28,1.562,0.0,
9334,16,28,1.562,0.0,
9335,16,28,1.5,0.0,
9336,16,28,1.5,0.0,
9337,16,60,1.938,0.0,
9338,16,60,1.938,0.0,
9340,16,60,1.938,0.0,
9342,16,60,1.938,0.0,
9344,16,60,1.438,0.0,
9346,16,60,1.438,0.0,
9348,16,60,1.438,0.0,
9349,17,16,1.412,0.0,
9350,17,16,1.471,0.0,
9351,17,16,1.353,0.0,
9352,17,30,1.647,0.0,
9353,17,30,1.647,0.0,
9354,17,30,1.706,0.0,
9355,17,30,1.706,0.0,
9357,17,30,1.588,0.0,
9359,17,42,1.941,0.0,
9361,17,42,1.882,0.0,
9362,17,42,1.882,0.0,
9363,17,42,1.882,0.0,
9365,17,52,1.882,0.0,
9366,17,52,2.059,0.0,
9367,17,52,2.059,0.0,
9368,17,52,2.059,0.0,
9369,17,52,2.059,0.0,
9370,17,60,1.941,0.0,
9371,17,60,1.941,0.0,
9373,17,60,2.0,0.0,
9375,17,60,1.882,0.0,
9377,17,66,2.0,0.0,
9379,17,66,2.235,0.0,
9380,17,66,2.059,0.0,
9381,17,66,2.059,0.0,
9382,17,72,1.882,0.0,
9383,17,72,1.882,0.0,
9384,17,72,1.882,0.0,
9385,17,72,1.882,0.0,
9387,17,72,1.882,0.0,
9388,17,70,1.588,0.0,
9389,17,70,1.588,0.0,
9390,17,70,1.588,0.0,
9391,17,70,1.588,0.0,
9392,17,70,1.588,0.0,
9393,17,70,1.588,0.0,
9394,17,30,1.059,0.0,
9395,17,30,1.059,0.0,
9397,17,30,1.059,0.0,
9398,17,30,1.059,0.0,
9399,17,30,1.059,0.0,
9400,18,17,1.389,0.0,
9401,18,17,1.444,0.0,
9402,18,17,1.333,0.0,
9404,18,45,1.944,0.0,
9405,18,45,1.944,0.0,
9406,18,45,1.944,0.0,
9408,18,45,2.0,0.0,
9409,18,56,2.111,0.0,
9410,18,56,2.111,0.0,
9412,18,56,2.111,0.0,
9414,18,56,2.222,0.0,
9416,18,65,2.111,0.0,
9417,18,65,2.111,0.0,
9418,18,65,2.111,0.0,
9419,18,65,2.111,0.0,
9420,18,65,2.111,0.0,
9421,18,80,2.056,0.0,
9422,18,80,2.056,0.0,
9424,18,80,2.111,0.0,
9426,18,80,2.056,0.0,
9427,18,80,1.722,0.0,
9428,18,80,1.722,0.0,
9429,18,80,1.667,0.0,
9430,18,80,1.667,0.0,
9431,18,80,1.722,0.0,
9432,18,80,1.722,0.0,
9434,19,34,1.737,0.0,
9435,19,34,1.737,0.0,
9436,19,34,1.737,0.0,
9437,19,34,1.632,0.0,
9438,19,34,1.632,0.0,
9439,19,78,2.211,0.0,
9440,19,78,2.211,0.0,
9442,19,78,2.263,0.0,
9444,19,78,2.316,0.0,
9445,19,60,1.316,0.0,
9446,19,60,1.316,0.0,
9447,19,60,1.316,0.0,
9448,19,60,1.316,0.0,
9450,19,60,1.316,0.0,
9451,20,19,1.4,0.0,
9452,20,19,1.5,0.0,
9453,20,19,1.4,0.0,
9454,6,9,1.167,0.0,
9455,20,51,2.0,0.0,
9456,20,51,2.15,0.0,
9457,20,51,2.15,0.0,
9458,20,51,2.15,0.0,
9459,20,51,2.15,0.0,
9460,8,15,1.25,0.0,
9461,20,64,2.15,0.0,
9462,20,64,2.05,0.0,
9463,20,64,2.05,0.0,
9464,20,64,2.3,0.0,
9465,20,64,2.3,0.0,
9466,10,21,1.5,0.0,
9467,20,75,2.25,0.0,
9468,10,21,1.5,0.0,
9469,20,75,2.25,0.0,
9470,11,24,1.727,0.0,
9471,20,75,2.15,0.0,
9472,12,27,1.75,0.0,
9473,20,96,2.25,0.0,
9474,12,27,1.583,0.0,
9475,20,96,2.25,0.0,
9476,20,96,2.3,0.0,
9477,20,96,2.3,0.0,
9478,14,33,1.929,0.0,
9479,20,100,2.05,0.0,
9480,14,33,1.643,0.0,
9481,20,100,2.05,0.0,
9482,15,36,1.733,0.0,
9483,20,100,2.05,0.0,
9484,17,42,1.941,0.0,
9485,20,75,1.4,0.0,
9486,20,75,1.4,0.0,
9487,20,75,1.4,0.0,
9488,18,45,1.944,0.0,
9489,20,75,1.4,0.0,
9490,20,51,2.0,0.0,
9491,21,38,1.905,0.0,
9492,21,38,1.762,0.0,
9493,21,38,1.762,0.0,
9494,21,38,1.714,0.0,
9495,21,38,1.714,0.0,
9496,21,80,2.381,0.0,
9497,21,80,2.381,0.0,
9498,21,80,2.381,0.0,
9499,21,80,2.381,0.0,
9500,21,80,2.381,0.0,
9501,21,80,2.381,0.0,
9502,21,90,2.286,0.0,
9503,21,90,2.286,0.0,
9504,21,90,2.429,0.0,
9505,21,90,2.429,0.0,
9506,31,84,2.774,0.0,
9507,21,90,2.476,0.0,
9508,22,21,1.364,0.0,
9509,22,21,1.591,0.0,
9510,22,21,1.636,0.0,
9511,36,99,2.639,0.0,
9512,22,40,2.0,0.0,
9513,22,40,1.727,0.0,
9514,22,40,1.727,0.0,
9515,22,40,1.818,0.0,
9516,22,40,1.818,0.0,
9517,43,120,2.674,0.0,
9518,22,57,2.091,0.0,
9519,22,57,2.227,0.0,
9520,22,57,2.227,0.0,
9521,22,57,2.136,0.0,
9522,22,57,2.136,0.0,
9523,22,72,2.273,0.0,
9524,22,72,2.273,0.0,
9525,51,144,3.098,0.0,
9526,22,72,2.227,0.0,
9527,56,159,3.518,0.0,
9528,22,72,2.318,0.0,
9529,22,112,2.545,0.0,
9530,22,112,2.545,0.0,
9531,61,174,3.574,0.01,
9532,22,112,2.545,0.0,
9533,66,189,3.985,0.01,
9534,22,112,2.5,0.0,
9535,22,120,2.227,0.0,
9536,22,120,2.227,0.0,
9537,72,207,4.056,0.01,
9538,22,120,2.227,0.0,
9539,22,120,2.227,0.0,
9540,22,120,2.227,0.0,
9541,86,249,4.267,0.02,
9542,22,105,1.545,0.0,
9543,86,249,4.535,0.01,
9544,22,105,1.545,0.0,
9545,22,105,1.545,0.0,
9546,22,105,1.545,0.0,
9547,22,40,1.091,0.0,
9548,22,40,1.091,0.0,
9549,22,40,1.091,0.0,
9550,22,40,1.091,0.0,
9551,111,324,5.739,0.04,
9552,22,40,1.091,0.0,
9553,23,90,2.522,0.0,
9554,23,90,2.522,0.0,
9555,121,354,5.793,0.06,
9556,23,90,2.478,0.0,
9557,132,387,6.076,0.06,
9558,23,90,2.478,0.0,
9559,144,423,6.514,0.08,
9560,23,102,2.522,0.0,
9561,23,102,2.391,0.0,
9562,23,102,2.391,0.0,
9563,23,102,2.522,0.0,
9564,23,102,2.522,0.0,
9565,24,23,1.333,0.0,
9566,24,23,1.583,0.0,
9567,24,23,1.458,0.0,
9568,24,44,1.875,0.0,
9569,24,44,1.875,0.0,
9570,24,44,1.833,0.0,
9571,24,44,1.833,0.0,
9573,24,44,1.792,0.0,
9575,24,63,2.042,0.0,
9576,24,63,2.25,0.0,
9577,24,63,2.25,0.0,
9578,24,63,2.25,0.0,
9579,24,63,2.25,0.0,
9580,24,80,2.333,0.0,
9581,24,80,2.333,0.0,
9583,24,80,2.25,0.0,
9585,24,80,2.458,0.0,
9586,24,128,2.625,0.0,
9587,24,128,2.625,0.0,
9588,24,128,2.625,0.0,
9589,24,128,2.625,0.0,
9590,24,128,2.708,0.0,
9591,24,128,2.708,0.0,
9593,24,140,2.375,0.0,
9595,24,140,2.25,0.0,
9597,24,140,2.333,0.0,
9599,24,135,1.833,0.0,
9600,24,135,1.792,0.0,
9601,24,135,1.792,0.0,
9602,24,135,1.833,0.0,
9603,24,135,1.833,0.0,
9605,24,80,1.25,0.0,
9606,24,80,1.25,0.0,
9607,24,80,1.25,0.0,
9609,24,80,1.25,0.0,
9611,25,100,2.72,0.0,
9612,25,100,2.6,0.0,
9613,25,100,2.6,0.0,
9614,25,100,2.52,0.0,
9615,25,100,2.52,0.0,
9616,25,114,2.64,0.0,
9617,25,114,2.64,0.0,
9618,25,114,2.44,0.0,
9619,25,114,2.44,0.0,
9620,25,114,2.72,0.0,
9621,25,114,2.72,0.0,
9622,26,25,1.346,0.0,
9623,26,25,1.577,0.0,
9624,26,25,1.5,0.0,
9626,26,69,2.154,0.0,
9627,26,69,2.462,0.0,
9628,26,69,2.462,0.0,
9630,26,69,2.385,0.0,
9631,26,88,2.346,0.0,
9632,26,88,2.346,0.0,
9634,26,88,2.346,0.0,
9636,26,88,2.462,0.0,
9638,26,144,2.885,0.0,
9639,26,144,2.692,0.0,
9640,26,144,2.692,0.0,
9641,26,144,2.923,0.0,
9642,26,144,2.923,0.0,
9643,26,160,2.808,0.0,
9644,26,160,2.808,0.0,
9646,26,160,2.731,0.0,
9647,26,160,2.846,0.0,
9648,26,160,2.846,0.0,
9649,26,165,2.115,0.0,
9650,26,165,2.115,0.0,
9652,26,165,2.077,0.0,
9653,26,165,2.231,0.0,
9654,26,165,2.231,0.0,
9656,26,120,1.5,0.0,
9657,26,120,1.423,0.0,
9658,26,120,1.423,0.0,
9660,26,120,1.5,0.0,
9662,27,50,1.926,0.0,
9663,27,50,2.222,0.0,
9664,27,50,2.222,0.0,
9665,27,50,2.0,0.0,
9666,27,50,2.0,0.0,
9668,27,126,2.63,0.0,
9670,27,126,2.556,0.0,
9671,27,126,2.852,0.0,
9672,27,126,2.852,0.0,
9673,28,27,1.429,0.0,
9674,28,27,1.571,0.0,
9675,28,27,1.571,0.0,
9676,28,75,2.357,0.0,
9677,28,75,2.357,0.0,
9678,28,75,2.571,0.0,
9679,28,75,2.571,0.0,
9681,28,75,2.357,0.0,
9683,28,96,2.643,0.0,
9685,28,96,2.536,0.0,
9686,28,96,2.679,0.0,
9687,28,96,2.679,0.0,
9688,28,115,2.75,0.0,
9689,28,115,2.75,0.0,
9690,28,115,2.929,0.0,
9691,28,115,2.929,0.0,
9693,28,115,2.714,0.0,
9694,28,160,3.071,0.0,
9695,28,160,3.071,0.0,
9697,28,160,3.071,0.0,
9698,6,8,1.0,0.0,
9699,28,160,3.143,0.0,
9700,7,12,1.143,0.0,
9701,28,180,2.821,0.0,
9702,28,180,2.893,0.0,
9703,28,180,2.893,0.0,
9704,8,16,1.25,0.0,
9705,28,180,3.071,0.0,
9706,28,160,1.643,0.0,
9707,28,160,1.643,0.0,
9708,28,160,1.643,0.0,
9709,28,160,1.643,0.0,
9710,10,24,1.4,0.0,
9711,28,160,1.643,0.0,
9712,29,54,2.069,0.0,
9713,29,54,2.069,0.0,
9714,29,54,2.069,0.0,
9715,29,54,2.069,0.0,
9716,12,32,1.75,0.0,
9717,29,54,2.069,0.0,
9718,29,138,2.828,0.0,
9719,29,138,2.828,0.0,
9720,29,138,2.862,0.0,
9721,29,138,2.862,0.0,
9722,14,40,1.714,0.0,
9723,29,138,2.828,0.0,
9724,29,210,2.345,0.0,
9725,29,210,2.345,0.0,
9726,15,44,1.867,0.0,
9727,29,210,2.414,0.0,
9728,29,210,2.379,0.0,
9729,29,210,2.379,0.0,
9730,18,56,2.111,0.0,
9731,30,125,2.967,0.0,
9732,30,125,2.967,0.0,
9733,30,125,2.967,0.0,
9734,30,125,2.7,0.0,
9735,30,125,2.7,0.0,
9736,31,30,1.613,0.0,
9737,31,30,1.548,0.0,
9738,31,30,1.742,0.0,
9739,31,84,2.29,0.0,
9740,31,84,2.29,0.0,
9741,24,80,2.458,0.0,
9742,31,84,2.774,0.0,
9743,26,88,2.346,0.0,
9744,31,84,2.516,0.0,
9745,28,96,2.643,0.0,
9746,31,108,2.806,0.0,
9747,31,108,2.613,0.0,
9748,31,108,2.613,0.0,
9749,31,108,2.613,0.0,
9750,31,108,2.677,0.0,
9751,34,120,2.941,0.0,
9752,31,184,3.0,0.0,
9753,31,184,3.032,0.0,
9754,31,184,3.032,0.0,
9755,31,184,3.097,0.0,
9756,31,184,3.097,0.0,
9757,31,210,3.161,0.0,
9758,31,210,3.161,0.0,
9759,31,210,3.032,0.0,
9760,31,210,3.032,0.0,
9761,44,160,3.318,0.0,
9762,31,210,2.968,0.0,
9763,31,240,2.484,0.0,
9764,31,240,2.484,0.0,
9765,31,240,2.419,0.0,
9766,31,240,2.419,0.0,
9767,31,240,2.484,0.0,
9768,31,240,2.484,0.0,
9769,56,208,3.661,0.01,
9770,31,220,2.129,0.0,
9771,56,208,3.911,0.01,
9772,31,220,2.097,0.0,
9773,61,228,4.033,0.01,
9774,31,220,2.161,0.0,
9775,32,60,1.969,0.0,
9776,32,60,1.969,0.0,
9777,32,60,2.469,0.0,
9778,32,60,2.469,0.0,
9779,73,276,4.507,0.01,
9780,32,60,2.25,0.0,
9781,32,156,2.812,0.0,
9782,32,156,2.812,0.0,
9783,80,304,4.912,0.02,
9784,32,156,2.906,0.0,
9785,87,332,5.046,0.02,
9786,32,156,2.938,0.0,
9787,33,90,2.364,0.0,
9788,33,90,2.364,0.0,
9789,95,364,5.484,0.03,
9790,33,90,2.818,0.0,
9791,103,396,5.602,0.03,
9792,33,90,2.879,0.0,
9793,112,432,6.089,0.04,
9794,33,140,3.061,0.0,
9795,33,140,3.03,0.0,
9796,33,140,3.03,0.0,
9797,122,472,6.049,0.05,
9798,33,140,3.061,0.0,
9799,134,520,6.731,0.06,
9800,33,200,3.182,0.0,
9801,33,200,3.273,0.0,
9802,33,200,3.273,0.0,
9803,33,200,3.424,0.0,
9804,33,200,3.424,0.0,
9805,34,33,1.588,0.0,
9806,34,33,1.676,0.0,
9807,34,33,1.676,0.0,
9808,173,676,8.41,0.16,
9809,34,64,2.0,0.0,
9810,173,676,9.006,0.15,
9811,34,64,2.5,0.0,
9812,34,64,2.265,0.0,
9813,34,64,2.265,0.0,
9814,34,120,2.941,0.0,
9815,34,120,2.941,0.0,
9817,34,120,2.794,0.0,
9819,34,120,2.882,0.0,
9821,34,240,3.265,0.0,
9822,34,240,3.382,0.0,
9823,34,240,3.382,0.0,
9825,34,240,3.118,0.0,
9826,34,285,2.824,0.0,
9827,34,285,2.824,0.0,
9828,34,285,2.824,0.0,
9829,34,285,2.824,0.0,
9831,34,285,2.941,0.0,
9833,34,280,2.382,0.0,
9835,34,280,2.353,0.0,
9837,34,280,2.382,0.0,
9839,35,174,3.086,0.0,
9840,35,174,3.229,0.0,
9841,35,174,3.229,0.0,
9843,35,174,3.2,0.0,
9844,36,99,2.639,0.0,
9845,36,99,2.639,0.0,
9847,36,99,2.778,0.0,
9849,36,99,3.0,0.0,
9851,36,155,3.194,0.0,
9852,36,155,3.111,0.0,
9853,36,155,3.111,0.0,
9854,36,155,3.306,0.0,
9855,36,155,3.306,0.0,
9856,36,224,3.333,0.0,
9857,36,224,3.333,0.0,
9858,36,224,3.417,0.0,
9859,36,224,3.417,0.0,
9860,36,224,3.639,0.0,
9861,36,224,3.639,0.0,
9862,37,36,1.676,0.0,
9863,37,36,1.73,0.0,
9864,37,36,1.622,0.0,
9865,37,132,2.973,0.0,
9866,37,132,2.973,0.0,
9867,37,132,3.0,0.0,
9868,37,132,3.0,0.0,
9870,37,132,3.081,0.0,
9872,37,270,3.378,0.0,
9874,37,270,3.541,0.0,
9875,37,270,3.541,0.0,
9876,37,270,3.541,0.0,
9878,37,330,3.162,0.0,
9880,37,330,3.108,0.0,
9882,37,330,3.162,0.0,
9883,37,340,2.622,0.0,
9884,37,340,2.622,0.0,
9886,37,340,2.595,0.0,
9887,37,340,2.649,0.0,
9888,37,340,2.649,0.0,
9890,38,72,2.211,0.0,
9891,38,72,2.605,0.0,
9892,38,72,2.605,0.0,
9893,38,72,2.289,0.0,
9894,38,72,2.289,0.0,
9896,38,192,3.237,0.0,
9898,38,192,3.316,0.0,
9900,38,192,3.184,0.0,
9901,39,170,3.308,0.0,
9902,39,170,3.308,0.0,
9904,39,170,3.359,0.0,
9906,39,170,3.282,0.0,
9907,40,39,1.625,0.0,
9908,40,39,1.625,0.0,
9909,40,39,1.675,0.0,
9910,40,111,2.7,0.0,
9911,40,111,2.7,0.0,
9913,40,111,2.9,0.0,
9915,40,111,2.975,0.0,
9917,40,144,3.05,0.0,
9919,40,144,3.0,0.0,
9921,40,144,3.225,0.0,
9922,40,256,3.625,0.0,
9923,40,256,3.625,0.0,
9924,40,256,3.425,0.0,
9925,40,256,3.425,0.0,
9927,40,256,3.65,0.0,
9928,40,300,3.65,0.0,
9929,40,300,3.65,0.0,
9930,40,300,3.775,0.0,
9931,40,300,3.775,0.0,
9932,40,300,3.65,0.0,
9933,40,300,3.65,0.0,
9934,40,375,3.425,0.0,
9935,40,375,3.425,0.0,
9937,40,375,3.3,0.0,
9938,40,375,3.325,0.0,
9939,40,375,3.325,0.0,
9940,7,10,1.0,0.0,
9941,40,400,2.925,0.0,
9942,40,400,2.925,0.0,
9943,40,400,2.925,0.0,
9944,8,15,1.125,0.0,
9945,40,400,2.95,0.0,
9946,9,20,1.333,0.0,
9947,41,78,2.293,0.0,
9948,9,20,1.333,0.0,
9949,41,78,2.707,0.0,
9950,10,25,1.3,0.0,
9951,41,78,2.512,0.0,
9952,11,30,1.636,0.0,
9953,41,210,3.317,0.0,
9954,11,30,1.545,0.0,
9955,41,210,3.439,0.0,
9956,41,210,3.488,0.0,
9957,41,210,3.488,0.0,
9958,43,42,1.814,0.0,
9959,43,42,1.651,0.0,
9960,43,42,1.721,0.0,
9961,14,45,1.929,0.0,
9962,43,120,2.674,0.0,
9963,43,120,3.07,0.0,
9964,43,120,3.07,0.0,
9965,43,120,2.953,0.0,
9966,43,120,2.953,0.0,
9967,43,190,3.721,0.0,
9968,43,190,3.721,0.0,
9969,17,60,1.882,0.0,
9970,43,190,3.442,0.0,
9971,18,65,2.111,0.0,
9972,43,190,3.465,0.0,
9973,43,280,3.907,0.0,
9974,43,280,3.907,0.0,
9975,20,75,2.15,0.0,
9976,43,280,3.674,0.0,
9977,21,80,2.381,0.0,
9978,43,280,3.884,0.0,
9979,44,160,3.25,0.0,
9980,44,160,3.25,0.0,
9981,44,160,3.318,0.0,
9982,44,160,3.318,0.0,
9983,44,160,3.432,0.0,
9984,44,160,3.432,0.0,
9985,44,340,3.977,0.0,
9986,44,340,3.977,0.0,
9987,44,340,4.045,0.0,
9988,44,340,4.045,0.0,
9989,30,125,2.967,0.0,
9990,44,340,3.75,0.0,
9991,44,435,3.773,0.01,
9992,44,435,3.773,0.01,
9993,44,435,3.659,0.01,
9994,44,435,3.659,0.01,
9995,36,155,3.111,0.0,
9996,44,435,3.773,0.01,
9997,39,170,3.308,0.0,
9998,44,480,3.364,0.01,
9999,39,170,3.282,0.0,
10000,44,480,3.25,0.0,
10001,44,480,3.364,0.0,
10002,44,480,3.364,0.0,
10003,45,86,2.422,0.0,
10004,45,86,2.422,0.0,
10005,47,210,3.702,0.0,
10006,45,86,2.756,0.0,
10007,45,86,2.511,0.0,
10008,45,86,2.511,0.0,
10009,45,234,3.644,0.01,
10010,45,234,3.644,0.01,
10011,55,250,3.909,0.01,
10012,45,234,3.711,0.01,
10013,60,275,4.083,0.01,
10014,45,234,3.667,0.0,
10015,47,46,1.851,0.0,
10016,47,46,1.66,0.0,
10017,47,46,1.766,0.0,
10018,72,335,4.792,0.01,
10019,47,132,2.851,0.0,
10020,72,335,4.833,0.01,
10021,47,132,3.191,0.0,
10022,47,132,2.957,0.0,
10023,47,132,2.957,0.0,
10024,85,400,5.318,0.02,
10025,47,172,3.17,0.0,
10026,47,172,3.617,0.0,
10027,47,172,3.617,0.0,
10028,47,172,3.511,0.0,
10029,47,172,3.511,0.0,
10030,47,210,3.766,0.0,
10031,47,210,3.766,0.0,
10032,101,480,6.059,0.03,
10033,47,210,3.702,0.0,
10034,110,525,6.564,0.04,
10035,47,210,3.702,0.0,
10036,120,575,7.017,0.05,
10037,47,312,3.979,0.0,
10038,120,575,6.858,0.04,
10039,47,312,3.979,0.0,
10040,47,312,4.085,0.0,
10041,47,312,4.085,0.0,
10042,143,690,8.182,0.09,
10043,48,380,4.083,0.0,
10044,143,690,7.699,0.09,
10045,48,380,4.0,0.01,
10046,156,755,8.904,0.13,
10047,48,380,4.125,0.0,
10048,170,825,9.724,0.16,
10049,48,495,4.104,0.01,
10050,170,825,9.047,0.15,
10051,48,495,3.896,0.0,
10053,48,495,4.042,0.0,
10054,48,560,3.625,0.01,
10055,48,560,3.625,0.01,
10057,48,560,3.521,0.01,
10058,48,560,3.583,0.01,
10059,48,560,3.583,0.01,
10061,49,94,2.531,0.0,
10062,49,94,2.878,0.0,
10063,49,94,2.878,0.0,
10064,49,94,2.837,0.0,
10065,49,94,2.837,0.0,
10066,49,258,3.878,0.01,
10067,49,258,3.878,0.01,
10068,49,258,3.837,0.01,
10069,49,258,3.837,0.01,
10070,49,258,3.878,0.01,
10071,49,258,3.878,0.01,
10073,51,144,2.98,0.01,
10075,51,144,3.235,0.01,
10076,51,144,3.098,0.0,
10077,51,144,3.098,0.0,
10078,51,230,4.039,0.01,
10079,51,230,4.039,0.01,
10081,51,230,3.784,0.01,
10082,51,230,3.804,0.01,
10083,51,230,3.804,0.0,
10085,51,344,4.431,0.0,
10086,51,344,4.255,0.01,
10087,51,344,4.255,0.01,
10088,51,344,4.255,0.01,
10089,51,344,4.255,0.01,
10090,52,51,2.0,0.0,
10091,52,51,1.75,0.0,
10092,52,51,1.942,0.0,
10094,52,192,3.558,0.0,
10095,52,192,3.712,0.0,
10096,52,192,3.712,0.0,
10098,52,192,3.692,0.0,
10100,52,420,4.404,0.01,
10102,52,420,4.462,0.01,
10104,52,420,4.269,0.01,
10105,52,555,4.385,0.0,
10106,52,555,4.385,0.0,
10107,52,555,4.423,0.01,
10108,52,555,4.423,0.01,
10110,52,555,4.365,0.01,
10112,52,640,4.154,0.01,
10114,52,640,3.942,0.01,
10115,52,640,4.058,0.01,
10116,52,640,4.058,0.01,
10117,53,102,2.679,0.0,
10118,53,102,2.679,0.0,
10120,53,102,3.038,0.0,
10121,53,102,3.0,0.0,
10122,53,102,3.0,0.0,
10124,53,282,4.283,0.01,
10125,53,282,4.057,0.01,
10126,53,282,4.057,0.01,
10127,53,282,4.132,0.01,
10128,53,282,4.132,0.01,
10130,55,250,4.164,0.01,
10132,55,250,3.945,0.01,
10134,55,250,3.909,0.01,
10135,56,55,2.143,0.0,
10136,56,55,1.75,0.0,
10137,56,55,1.964,0.0,
10139,56,159,3.161,0.01,
10140,56,159,3.518,0.0,
10141,56,159,3.518,0.0,
10143,56,159,3.286,0.0,
10144,56,208,3.661,0.0,
10145,56,208,3.661,0.0,
10147,56,208,3.893,0.0,
10149,56,208,3.911,0.0,
10151,56,384,4.482,0.01,
10152,56,384,4.554,0.01,
10153,56,384,4.554,0.01,
10154,56,384,4.464,0.01,
10155,56,384,4.464,0.01,
10156,57,470,4.439,0.01,
10157,57,470,4.439,0.01,
10158,57,470,4.86,0.01,
10159,57,470,4.86,0.01,
10161,57,470,4.474,0.01,
10162,57,630,4.684,0.01,
10163,57,630,4.684,0.01,
10164,57,630,4.772,0.01,
10165,57,630,4.772,0.01,
10166,57,630,4.684,0.01,
10167,57,630,4.684,0.01,
10169,57,740,4.614,0.01,
10171,57,740,4.333,0.02,
10173,57,740,4.456,0.01,
10175,58,112,2.983,0.01,
10176,58,112,3.207,0.01,
10177,58,112,3.207,0.01,
10178,58,112,3.034,0.01,
10179,58,112,3.034,0.01,
10180,58,312,4.483,0.01,
10181,58,312,4.483,0.01,
10182,8,12,1.0,0.0,
10183,58,312,4.103,0.01,
10184,9,18,1.222,0.0,
10185,58,312,4.328,0.01,
10186,10,24,1.4,0.0,
10187,60,275,4.333,0.01,
10188,10,24,1.4,0.0,
10189,60,275,4.083,0.01,
10190,11,30,1.545,0.0,
10191,60,275,4.033,0.01,
10192,61,60,2.082,0.0,
10193,61,60,1.852,0.0,
10194,61,60,2.049,0.0,
10195,61,174,3.328,0.01,
10196,61,174,3.328,0.01,
10197,61,174,3.705,0.01,
10198,61,174,3.705,0.01,
10199,61,174,3.574,0.01,
10200,61,174,3.574,0.01,
10201,61,228,3.984,0.01,
10202,61,228,3.984,0.01,
10203,16,60,1.938,0.0,
10204,61,228,4.033,0.01,
10205,17,66,2.235,0.0,
10206,61,228,4.066,0.01,
10207,19,78,2.211,0.0,
10208,61,424,4.77,0.01,
10209,19,78,2.316,0.0,
10210,61,424,4.951,0.01,
10211,21,90,2.429,0.0,
10212,61,424,4.705,0.01,
10213,62,520,5.0,0.01,
10214,62,520,5.0,0.01,
10215,23,102,2.522,0.0,
10216,62,520,5.113,0.01,
10217,62,520,4.823,0.01,
10218,62,520,4.823,0.01,
10219,62,705,5.048,0.01,
10220,62,705,5.048,0.01,
10221,27,126,2.852,0.0,
10222,62,705,5.097,0.01,
10223,62,705,5.097,0.01,
10224,62,705,5.097,0.01,
10225,32,156,2.812,0.0,
10226,62,840,4.952,0.01,
10227,62,840,4.887,0.01,
10228,62,840,4.887,0.01,
10229,35,174,3.229,0.0,
10230,62,840,5.081,0.01,
10231,38,192,3.237,0.0,
10232,63,122,3.127,0.01,
10233,63,122,3.429,0.01,
10234,63,122,3.429,0.01,
10235,63,122,3.063,0.01,
10236,63,122,3.063,0.01,
10237,63,342,4.73,0.01,
10238,63,342,4.73,0.01,
10239,45,234,3.667,0.01,
10240,63,342,4.381,0.01,
10241,49,258,3.837,0.01,
10242,63,342,4.619,0.01,
10243,66,189,3.5,0.01,
10244,66,189,3.5,0.01,
10245,53,282,4.132,0.01,
10246,66,189,3.985,0.01,
10247,58,312,4.103,0.01,
10248,66,189,4.015,0.01,
10249,66,305,4.561,0.01,
10250,66,305,4.561,0.01,
10251,66,305,4.515,0.01,
10252,66,305,4.515,0.01,
10253,66,305,4.5,0.01,
10254,66,305,4.5,0.01,
10255,67,66,2.209,0.01,
10256,67,66,2.104,0.01,
10257,67,66,2.09,0.01,
10258,67,252,4.134,0.01,
10259,67,252,4.134,0.01,
10260,67,252,4.373,0.01,
10261,67,252,4.373,0.01,
10262,89,498,5.607,0.02,
10263,67,252,4.478,0.01,
10264,97,546,6.103,0.03,
10265,67,472,5.164,0.01,
10266,67,472,5.224,0.01,
10267,67,472,5.224,0.01,
10268,67,472,5.03,0.01,
10269,67,472,5.03,0.01,
10270,67,570,5.239,0.01,
10271,67,570,5.239,0.01,
10272,116,660,7.198,0.04,
10273,67,570,5.313,0.01,
10274,67,570,5.164,0.01,
10275,67,570,5.164,0.01,
10276,137,786,8.117,0.09,
10277,67,780,5.343,0.01,
10278,137,786,8.073,0.11,
10279,67,780,5.463,0.01,
10280,67,780,5.418,0.01,
10281,67,780,5.418,0.01,
10282,67,940,5.299,0.01,
10283,67,940,5.299,0.01,
10284,67,940,5.269,0.01,
10285,67,940,5.269,0.01,
10286,67,940,5.478,0.01,
10287,67,940,5.478,0.01,
10288,69,134,3.507,0.01,
10289,69,134,3.507,0.01,
10290,69,134,3.58,0.01,
10291,69,134,3.58,0.01,
10293,69,134,3.087,0.01,
10294,69,378,5.029,0.01,
10295,69,378,5.029,0.01,
10297,69,378,4.783,0.01,
10299,69,378,4.725,0.01,
10300,72,207,3.75,0.01,
10301,72,207,3.75,0.01,
10303,72,207,4.181,0.01,
10305,72,207,4.056,0.01,
10306,72,335,4.792,0.01,
10307,72,335,4.792,0.01,
10308,72,335,4.681,0.02,
10309,72,335,4.681,0.02,
10310,72,335,4.833,0.01,
10311,72,335,4.833,0.01,
10312,73,72,2.425,0.01,
10313,73,72,2.096,0.01,
10314,73,72,2.288,0.01,
10315,73,276,4.397,0.01,
10316,73,276,4.397,0.01,
10317,73,276,4.507,0.01,
10318,73,276,4.507,0.01,
10319,73,276,4.562,0.01,
10320,73,276,4.562,0.01,
10322,73,520,5.411,0.01,
10323,73,520,5.534,0.01,
10324,73,520,5.534,0.01,
10325,73,520,5.356,0.02,
10326,73,520,5.356,0.02,
10327,73,630,5.493,0.01,
10328,73,630,5.493,0.01,
10329,73,630,5.493,0.01,
10330,73,630,5.493,0.01,
10332,73,630,5.411,0.02,
10334,74,885,5.797,0.02,
10336,74,885,5.838,0.02,
10338,74,885,5.743,0.02,
10339,74,1080,5.892,0.02,
10340,74,1080,5.892,0.02,
10342,74,1080,5.743,0.02,
10343,74,1080,5.892,0.02,
10344,74,1080,5.892,0.02,
10345,75,146,3.547,0.01,
10346,75,146,3.547,0.01,
10347,75,146,3.653,0.01,
10348,75,146,3.653,0.01,
10349,75,146,3.227,0.01,
10350,75,146,3.227,0.01,
10351,75,414,5.267,0.02,
10352,75,414,5.267,0.02,
10354,75,414,5.053,0.02,
10356,75,414,5.2,0.02,
10357,78,365,5.077,0.02,
10358,78,365,5.077,0.01,
10360,78,365,5.128,0.02,
10361,78,365,5.218,0.02,
10362,78,365,5.218,0.02,
10363,79,78,2.38,0.01,
10364,79,78,2.114,0.01,
10365,79,78,2.354,0.01,
10366,79,228,4.152,0.02,
10367,79,228,4.152,0.02,
10368,79,228,4.291,0.02,
10369,79,228,4.291,0.02,
10370,79,228,4.304,0.02,
10371,79,228,4.304,0.01,
10373,79,568,5.671,0.01,
10375,79,568,5.747,0.01,
10376,79,568,5.671,0.01,
10377,79,568,5.671,0.01,
10378,80,304,4.85,0.01,
10379,80,304,4.85,0.01,
10381,80,304,4.838,0.01,
10382,80,304,4.912,0.01,
10383,80,304,4.912,0.01,
10385,80,700,6.013,0.01,
10386,80,700,5.812,0.02,
10387,80,700,5.812,0.02,
10389,80,700,5.838,0.02,
10391,80,975,6.15,0.01,
10392,80,975,6.237,0.01,
10393,80,975,6.237,0.02,
10395,80,975,6.15,0.01,
10397,80,1200,6.225,0.02,
10399,80,1200,6.188,0.02,
10401,80,1200,6.25,0.01,
10402,82,160,3.573,0.01,
10403,82,160,3.573,0.01,
10404,82,160,3.927,0.01,
10405,82,160,3.927,0.01,
10407,82,160,3.524,0.01,
10408,82,456,5.573,0.02,
10409,82,456,5.573,0.02,
10410,82,456,5.354,0.02,
10411,82,456,5.354,0.02,
10413,82,456,5.476,0.02,
10415,85,400,5.318,0.02,
10416,85,400,5.459,0.02,
10417,85,400,5.459,0.02,
10418,85,400,5.388,0.02,
10419,85,400,5.388,0.02,
10420,86,85,2.442,0.01,
10421,86,85,2.081,0.01,
10422,86,85,2.453,0.01,
10423,86,249,4.267,0.01,
10424,86,249,4.267,0.01,
10425,12,32,1.333,0.0,
10426,86,249,4.605,0.02,
10427,86,249,4.535,0.01,
10428,86,249,4.535,0.01,
10429,14,48,1.5,0.0,
10430,86,624,6.0,0.02,
10431,14,48,1.5,0.0,
10432,86,624,6.07,0.02,
10433,15,56,1.6,0.0,
10434,86,624,6.047,0.02,
10435,87,332,5.207,0.02,
10436,87,332,5.207,0.02,
10437,87,332,5.046,0.02,
10438,87,332,5.046,0.02,
10439,87,332,5.368,0.02,
10440,87,332,5.368,0.01,
10441,20,96,2.25,0.0,
10442,87,770,6.333,0.01,
10443,87,770,6.218,0.02,
10444,87,770,6.218,0.02,
10445,87,770,6.23,0.02,
10446,87,770,6.23,0.02,
10447,87,1080,6.632,0.02,
10448,87,1080,6.632,0.03,
10449,87,1080,6.644,0.03,
10450,87,1080,6.644,0.03,
10451,87,1080,6.655,0.02,
10452,87,1080,6.655,0.02,
10453,28,160,3.071,0.0,
10454,87,1340,6.575,0.02,
10455,87,1340,6.575,0.02,
10456,87,1340,6.575,0.02,
10457,31,184,3.032,0.0,
10458,87,1340,6.678,0.02,
10459,33,200,3.182,0.0,
10460,89,174,3.876,0.02,
10461,89,174,4.09,0.02,
10462,89,174,4.09,0.02,
10463,89,174,3.663,0.02,
10464,89,174,3.663,0.02,
10465,40,256,3.625,0.0,
10466,89,498,5.933,0.02,
10467,40,256,3.65,0.0,
10468,89,498,5.607,0.02,
10469,89,498,5.921,0.02,
10470,89,498,5.921,0.02,
10471,93,440,5.785,0.02,
10472,93,440,5.785,0.02,
10473,47,312,4.085,0.0,
10474,93,440,5.849,0.02,
10475,51,344,4.255,0.0,
10476,93,440,5.71,0.02,
10477,94,93,2.5,0.01,
10478,94,93,2.309,0.01,
10479,94,93,2.574,0.01,
10480,94,273,4.351,0.02,
10481,94,273,4.351,0.02,
10482,61,424,4.705,0.01,
10483,94,273,4.755,0.02,
10484,67,472,5.224,0.01,
10485,94,273,4.809,0.02,
10486,94,688,6.298,0.03,
10487,94,688,6.298,0.03,
10488,94,688,6.415,0.03,
10489,94,688,6.415,0.03,
10490,94,688,6.436,0.03,
10491,94,688,6.436,0.03,
10492,95,364,5.589,0.02,
10493,95,364,5.589,0.02,
10494,95,364,5.211,0.02,
10495,95,364,5.211,0.02,
10496,94,688,6.415,0.03,
10497,95,364,5.484,0.03,
10498,102,752,6.961,0.04,
10499,95,850,6.821,0.03,
10500,102,752,6.765,0.03,
10501,95,850,6.653,0.03,
10502,112,832,7.286,0.05,
10503,95,850,6.716,0.03,
10504,122,912,7.918,0.06,
10505,95,1200,7.011,0.03,
10506,95,1200,7.021,0.02,
10507,95,1200,7.021,0.02,
10508,133,1000,8.331,0.07,
10509,95,1200,6.958,0.02,
10510,95,1500,7.179,0.03,
10511,95,1500,7.179,0.03,
10512,145,1096,9.069,0.11,
10513,95,1500,7.084,0.02,
10514,95,1500,7.221,0.03,
10515,95,1500,7.221,0.03,
10516,97,190,4.041,0.02,
10517,97,190,4.041,0.02,
10518,97,190,4.392,0.02,
10519,97,190,4.392,0.02,
10520,97,190,3.887,0.02,
10521,97,190,3.887,0.02,
10522,97,546,6.103,0.03,
10523,97,546,6.103,0.03,
10524,97,546,6.021,0.03,
10525,97,546,6.021,0.03,
10527,97,546,6.371,0.03,
10528,101,480,6.257,0.03,
10529,101,480,6.257,0.03,
10530,101,480,6.267,0.03,
10531,101,480,6.267,0.03,
10532,101,480,6.059,0.03,
10533,101,480,6.059,0.03,
10535,102,297,4.98,0.02,
10536,102,297,5.284,0.02,
10537,102,297,5.284,0.02,
10539,102,297,5.137,0.03,
10540,102,752,6.961,0.03,
10541,102,752,6.961,0.03,
10543,102,752,6.873,0.03,
10544,102,752,6.765,0.03,
10545,102,752,6.765,0.03,
10546,103,102,2.738,0.02,
10547,103,102,2.388,0.01,
10548,103,102,2.709,0.02,
10550,103,396,5.864,0.04,
10552,103,396,5.602,0.04,
10554,103,396,5.699,0.04,
10556,103,930,7.117,0.04,
10558,103,930,7.097,0.06,
10559,103,930,7.233,0.04,
10560,103,930,7.233,0.04,
10561,104,1335,7.51,0.05,
10562,104,1335,7.51,0.05,
10564,104,1335,7.5,0.04,
10565,104,1335,7.462,0.05,
10566,104,1335,7.462,0.05,
10568,104,1680,7.702,0.04,
10570,104,1680,7.577,0.05,
10572,104,1680,7.712,0.04,
10574,106,208,4.217,0.02,
10575,106,208,4.679,0.03,
10576,106,208,4.679,0.03,
10578,106,208,4.113,0.02,
10580,106,600,6.632,0.04,
10581,106,600,6.387,0.04,
10582,106,600,6.387,0.04,
10584,106,600,6.783,0.04,
10586,110,525,6.618,0.04,
10588,110,525,6.564,0.04,
10589,110,525,6.391,0.04,
10590,110,525,6.391,0.04,
10591,111,324,5.153,0.03,
10592,111,324,5.153,0.03,
10593,111,324,5.739,0.03,
10594,111,324,5.739,0.03,
10596,111,324,5.405,0.03,
10597,112,111,2.812,0.02,
10598,112,111,2.643,0.02,
10599,112,111,2.848,0.02,
10601,112,432,6.089,0.04,
10602,112,432,5.821,0.04,
10603,112,432,5.821,0.04,
10605,112,432,6.045,0.04,
10606,112,832,7.348,0.05,
10607,112,832,7.348,0.05,
10608,112,832,7.286,0.05,
10609,112,832,7.286,0.05,
10611,112,832,7.295,0.05,
10612,113,1030,7.681,0.04,
10613,113,1030,7.681,0.04,
10614,113,1030,7.708,0.04,
10615,113,1030,7.708,0.04,
10616,113,1030,7.832,0.04,
10617,113,1030,7.832,0.04,
10618,113,1470,8.027,0.04,
10619,113,1470,8.027,0.04,
10621,113,1470,7.956,0.05,
10623,113,1470,8.133,0.05,
10624,113,1860,8.274,0.04,
10625,113,1860,8.274,0.04,
10627,113,1860,8.124,0.04,
10629,113,1860,8.283,0.05,
10630,115,226,4.435,0.03,
10631,115,226,4.435,0.03,
10633,115,226,4.791,0.03,
10634,115,226,4.191,0.03,
10635,115,226,4.191,0.03,
10636,116,660,7.362,0.05,
10637,116,660,7.362,0.05,
10638,116,660,7.147,0.05,
10639,116,660,7.147,0.05,
10640,12,20,1.083,0.0,
10641,116,660,7.198,0.04,
10642,120,575,7.017,0.05,
10643,120,575,7.017,0.05,
10644,120,575,7.025,0.04,
10645,120,575,7.025,0.04,
10646,120,575,6.858,0.04,
10647,120,575,6.858,0.04,
10648,16,60,1.438,0.0,
10649,121,354,5.579,0.04,
10650,17,70,1.588,0.0,
10651,121,354,5.884,0.05,
10652,17,70,1.588,0.0,
10653,121,354,5.793,0.07,
10654,122,121,3.008,0.04,
10655,122,121,2.689,0.04,
10656,122,121,3.131,0.04,
10657,122,472,6.361,0.08,
10658,122,472,6.361,0.08,
10659,122,472,6.049,0.08,
10660,122,472,6.049,0.08,
10661,122,472,6.475,0.09,
10662,122,472,6.475,0.08,
10663,122,912,7.918,0.1,
10664,122,912,7.918,0.1,
10665,26,160,2.808,0.0,
10666,122,912,7.787,0.1,
10667,122,912,7.902,0.1,
10668,122,912,7.902,0.06,
10669,123,1130,8.268,0.06,
10670,123,1130,8.268,0.06,
10671,31,210,3.161,0.0,
10672,123,1130,8.228,0.07,
10673,123,1130,8.317,0.06,
10674,123,1130,8.317,0.06,
10675,34,240,3.382,0.0,
10676,123,1620,8.789,0.06,
10677,37,270,3.378,0.0,
10678,123,1620,8.65,0.06,
10679,37,270,3.541,0.0,
10680,123,1620,8.715,0.07,
10681,123,2060,8.967,0.06,
10682,123,2060,8.967,0.06,
10683,123,2060,8.691,0.07,
10684,123,2060,8.691,0.07,
10685,123,2060,8.862,0.08,
10686,123,2060,8.862,0.09,
10687,126,248,4.722,0.05,
10688,126,248,4.722,0.04,
10689,126,248,5.151,0.04,
10690,126,248,5.151,0.04,
10691,126,248,4.405,0.04,
10692,126,248,4.405,0.04,
10693,126,720,7.73,0.07,
10694,126,720,7.73,0.07,
10695,126,720,7.54,0.07,
10696,126,720,7.54,0.07,
10697,126,720,7.667,0.06,
10698,126,720,7.667,0.06,
10699,131,630,7.527,0.08,
10700,131,630,7.527,0.07,
10701,73,630,5.493,0.01,
10702,131,630,7.405,0.07,
10703,131,630,7.244,0.06,
10704,131,630,7.244,0.06,
10705,80,700,5.812,0.02,
10706,132,387,6.053,0.05,
10707,132,387,6.076,0.05,
10708,132,387,6.076,0.05,
10709,87,770,6.23,0.02,
10710,132,387,6.22,0.05,
10711,133,132,3.113,0.03,
10712,133,132,2.857,0.03,
10713,133,132,3.165,0.03,
10714,103,930,7.097,0.04,
10715,133,1000,8.602,0.07,
10716,133,1000,8.331,0.07,
10717,133,1000,8.331,0.07,
10718,113,1030,7.832,0.04,
10719,133,1000,8.346,0.08,
10720,123,1130,8.228,0.07,
10721,134,520,6.731,0.06,
10722,134,520,6.597,0.06,
10723,134,520,6.597,0.06,
10724,134,1240,8.806,0.11,
10725,134,520,7.045,0.09,
10726,134,1240,8.955,0.09,
10727,134,1240,8.955,0.09,
10728,159,1490,10.145,0.23,
10729,134,1240,8.776,0.13,
10730,134,1240,8.806,0.11,
10731,134,1240,8.806,0.11,
10732,134,1785,9.306,0.11,
10733,134,1785,9.306,0.11,
10734,134,1785,9.172,0.12,
10735,134,1785,9.172,0.12,
10736,134,1785,9.313,0.12,
10737,134,1785,9.313,0.12,
10738,134,2280,9.567,0.12,
10739,134,2280,9.567,0.12,
10740,134,2280,9.455,0.06,
10741,134,2280,9.455,0.06,
10742,134,2280,9.522,0.06,
10743,134,2280,9.522,0.06,
10744,137,270,4.927,0.05,
10745,137,270,4.927,0.05,
10747,137,270,5.635,0.06,
10748,137,270,4.839,0.05,
10749,137,270,4.839,0.05,
10750,137,786,8.117,0.09,
10751,137,786,8.117,0.09,
10753,137,786,8.263,0.08,
10754,137,786,8.073,0.09,
10755,137,786,8.073,0.09,
10756,143,690,8.182,0.09,
10757,143,690,8.182,0.09,
10758,143,690,8.161,0.08,
10759,143,690,8.161,0.08,
10761,143,690,7.699,0.08,
10762,144,423,6.514,0.07,
10763,144,423,6.514,0.07,
10764,144,423,6.507,0.07,
10765,144,423,6.507,0.08,
10766,144,423,6.604,0.07,
10767,144,423,6.604,0.08,
10768,145,144,3.228,0.04,
10769,145,144,3.028,0.05,
10770,145,144,3.172,0.04,
10771,145,1096,9.234,0.1,
10772,145,1096,9.234,0.12,
10773,145,1096,9.083,0.11,
10774,145,1096,9.083,0.1,
10776,145,1096,9.069,0.11,
10778,146,568,7.219,0.09,
10780,146,568,7.027,0.09,
10782,146,568,7.726,0.09,
10783,146,1360,9.377,0.09,
10784,146,1360,9.377,0.1,
10785,146,1360,9.534,0.11,
10786,146,1360,9.534,0.11,
10788,146,1360,9.377,0.17,
10789,146,2520,10.288,0.15,
10790,146,2520,10.288,0.15,
10791,146,2520,10.137,0.17,
10792,146,2520,10.137,0.17,
10794,146,2520,10.308,0.09,
10795,147,1980,10.095,0.09,
10796,147,1980,10.095,0.09,
10797,147,1980,9.925,0.09,
10798,147,1980,9.925,0.1,
10799,147,1980,10.027,0.1,
10800,147,1980,10.027,0.1,
10801,149,294,5.55,0.07,
10802,149,294,5.55,0.07,
10804,149,294,5.785,0.07,
10806,149,294,5.181,0.06,
10808,150,864,8.58,0.1,
10810,150,864,8.6,0.1,
10812,150,864,8.607,0.09,
10814,156,755,8.923,0.12,
10816,156,755,8.904,0.11,
10818,156,755,8.333,0.11,
10819,157,462,6.873,0.09,
10820,157,462,6.873,0.09,
10821,157,462,6.975,0.1,
10822,157,462,6.975,0.1,
10823,157,462,7.102,0.1,
10824,157,462,7.102,0.1,
10825,158,157,3.411,0.06,
10826,158,157,3.101,0.06,
10827,158,157,3.354,0.06,
10829,158,1200,9.734,0.11,
10831,158,1200,9.791,0.14,
10833,158,1200,9.823,0.11,
10834,159,620,7.704,0.11,
10835,159,620,7.704,0.11,
10837,159,620,7.679,0.12,
10838,159,620,8.491,0.11,
10839,159,620,8.491,0.11,
10840,159,1490,10.145,0.14,
10841,159,1490,10.145,0.14,
10843,159,1490,10.239,0.14,
10844,159,1490,10.239,0.13,
10845,159,1490,10.239,0.13,
10847,160,2175,10.762,0.14,
10848,160,2175,10.719,0.13,
10849,160,2175,10.719,0.13,
10851,160,2175,10.812,0.14,
10852,17,30,1.059,0.0,
10853,160,2800,10.988,0.14,
10854,17,30,1.059,0.0,
10855,160,2800,10.95,0.16,
10856,19,60,1.316,0.0,
10857,160,2800,10.975,0.15,
10858,163,322,6.012,0.09,
10859,163,322,6.012,0.09,
10860,163,322,6.055,0.13,
10861,163,322,6.055,0.13,
10862,163,322,5.276,0.13,
10863,163,322,5.276,0.13,
10864,163,942,9.337,0.2,
10865,163,942,9.337,0.2,
10866,24,135,1.833,0.0,
10867,163,942,9.08,0.19,
10868,163,942,9.405,0.12,
10869,163,942,9.405,0.12,
10870,29,210,2.345,0.0,
10871,170,825,9.724,0.18,
10872,170,825,9.394,0.14,
10873,170,825,9.394,0.14,
10874,31,240,2.419,0.0,
10875,170,825,9.047,0.17,
10876,34,285,2.824,0.0,
10877,171,504,7.322,0.13,
10878,34,285,2.941,0.0,
10879,171,504,7.55,0.13,
10880,171,504,7.491,0.13,
10881,171,504,7.491,0.13,
10882,172,171,3.512,0.08,
10883,172,171,3.355,0.08,
10884,172,171,3.558,0.12,
10885,172,1312,10.453,0.17,
10886,172,1312,10.453,0.18,
10887,44,435,3.773,0.01,
10888,172,1312,10.343,0.19,
10889,172,1312,10.32,0.16,
10890,172,1312,10.32,0.18,
10891,52,555,4.385,0.01,
10892,173,676,8.41,0.15,
10893,173,676,8.457,0.15,
10894,173,676,8.457,0.15,
10895,173,676,9.006,0.15,
10896,173,676,9.006,0.15,
10897,174,1640,11.075,0.18,
10898,174,1640,11.075,0.18,
10899,174,1640,11.092,0.16,
10900,174,1640,11.092,0.16,
10901,174,1640,11.103,0.21,
10902,174,1640,11.103,0.21,
10903,74,885,5.797,0.02,
10904,174,2385,11.534,0.18,
10905,174,2385,11.586,0.19,
10906,174,2385,11.586,0.2,
10907,80,975,6.237,0.02,
10908,174,2385,11.678,0.17,
10909,87,1080,6.632,0.03,
10910,174,3080,11.856,0.21,
10911,87,1080,6.655,0.02,
10912,174,3080,11.902,0.21,
10913,95,1200,7.021,0.02,
10914,174,3080,11.948,0.17,
10915,104,1335,7.51,0.03,
10916,177,350,6.198,0.12,
10917,104,1335,7.462,0.03,
10918,177,350,6.316,0.12,
10919,177,350,5.91,0.11,
10920,177,350,5.91,0.11,
10921,178,1032,9.713,0.18,
10922,178,1032,9.713,0.18,
10923,123,1620,8.715,0.06,
10924,178,1032,10.028,0.18,
10925,134,1785,9.172,0.08,
10926,178,1032,9.916,0.16,
10935,174,2385,11.678,0.18,
11045,22,40,1.091,0.0,
11051,26,120,1.423,0.0,
11060,34,280,2.353,0.0,
11068,44,480,3.364,0.0,
11070,44,480,3.364,0.0,
11072,48,560,3.521,0.01,
11074,52,640,4.154,0.0,
11080,62,840,4.952,0.01,
11084,67,940,5.269,0.01,
11090,80,1200,6.188,0.02,
11092,87,1340,6.575,0.02,
11094,87,1340,6.678,0.02,
11096,95,1500,7.084,0.02,
11106,123,2060,8.862,0.08,
12750,6,9,1.167,0.0,
12751,6,9,1.333,0.0,
12752,6,9,1.167,0.0,
12753,6,12,1.333,0.0,
12754,6,12,1.333,0.0,
12755,6,12,1.333,0.0,
12756,6,12,1.333,0.0,
12757,10,15,1.7,0.0,
12758,6,12,1.333,0.0,
12759,8,12,1.25,0.0,
12760,8,12,1.25,0.0,
12761,8,12,1.25,0.0,
12762,8,16,1.25,0.0,
12763,8,16,1.25,0.0,
12764,8,16,1.375,0.0,
12765,8,16,1.375,0.0,
12766,16,24,1.812,0.0,
12767,8,16,1.375,0.0,
12768,8,20,1.375,0.0,
12769,8,20,1.375,0.0,
12770,8,20,1.5,0.0,
12771,8,20,1.5,0.0,
12772,20,30,2.0,0.0,
12773,8,20,1.375,0.0,
12774,8,24,1.5,0.0,
12775,8,24,1.5,0.0,
12776,8,24,1.5,0.0,
12777,8,24,1.5,0.0,
12778,24,36,1.958,0.0,
12779,8,24,1.5,0.0,
12780,10,15,1.8,0.0,
12781,10,15,1.7,0.0,
12782,10,15,1.5,0.0,
12783,28,42,1.893,0.0,
12784,10,20,1.3,0.0,
12785,28,42,2.107,0.0,
12786,10,20,1.6,0.0,
12787,10,20,1.7,0.0,
12788,10,20,1.7,0.0,
12789,34,51,2.147,0.0,
12790,10,25,1.8,0.0,
12791,10,25,1.5,0.0,
12792,10,25,1.5,0.0,
12793,38,57,2.421,0.0,
12794,10,25,1.6,0.0,
12795,10,30,2.0,0.0,
12796,10,30,2.0,0.0,
12797,10,30,1.9,0.0,
12798,10,30,1.9,0.0,
12799,44,66,2.773,0.0,
12800,10,30,1.7,0.0,
12801,48,72,3.042,0.0,
12802,10,40,2.0,0.0,
12803,48,72,2.812,0.0,
12804,10,40,2.0,0.0,
12805,10,40,2.0,0.0,
12806,10,40,2.0,0.0,
12807,12,18,1.75,0.0,
12808,12,18,1.667,0.0,
12809,12,18,1.5,0.0,
12810,62,93,3.355,0.01,
12811,12,24,1.833,0.0,
12812,12,24,1.833,0.0,
12813,12,24,1.833,0.0,
12814,12,24,1.917,0.0,
12815,12,24,1.917,0.0,
12816,12,30,1.917,0.0,
12817,12,30,1.917,0.0,
12818,12,30,2.0,0.0,
12819,12,30,2.0,0.0,
12820,80,120,3.862,0.01,
12821,12,30,1.75,0.0,
12822,12,36,2.0,0.0,
12823,12,36,2.0,0.0,
12824,88,132,4.398,0.01,
12825,12,36,2.083,0.0,
12826,96,144,4.594,0.02,
12827,12,36,2.083,0.0,
12828,12,48,2.167,0.0,
12829,12,48,2.167,0.0,
12830,104,156,4.548,0.02,
12831,12,48,2.083,0.0,
12832,112,168,5.054,0.02,
12833,12,48,2.083,0.0,
12834,122,183,5.656,0.04,
12835,12,60,2.167,0.0,
12836,12,60,2.167,0.0,
12837,12,60,2.167,0.0,
12838,12,60,2.167,0.0,
12839,12,60,2.167,0.0,
12840,14,21,1.714,0.0,
12841,14,21,1.786,0.0,
12842,14,21,1.857,0.0,
12843,160,240,6.544,0.07,
12844,14,28,1.857,0.0,
12845,160,240,6.763,0.08,
12846,14,28,2.0,0.0,
12847,174,261,7.149,0.08,
12848,14,28,2.071,0.0,
12850,14,35,1.929,0.0,
12851,14,35,2.0,0.0,
12852,14,35,2.0,0.0,
12854,14,35,2.071,0.0,
12855,14,42,1.929,0.0,
12856,14,42,1.929,0.0,
12858,14,42,2.0,0.0,
12859,14,42,2.0,0.0,
12860,14,42,2.0,0.0,
12861,14,56,2.143,0.0,
12862,14,56,2.143,0.0,
12863,14,56,2.143,0.0,
12864,14,56,2.143,0.0,
12866,14,56,2.0,0.0,
12867,14,70,2.214,0.0,
12868,14,70,2.214,0.0,
12869,14,70,2.214,0.0,
12870,14,70,2.214,0.0,
12872,14,70,2.143,0.0,
12873,14,84,2.214,0.0,
12874,14,84,2.214,0.0,
12876,14,84,2.214,0.0,
12877,14,84,2.214,0.0,
12878,14,84,2.214,0.0,
12879,16,24,1.938,0.0,
12880,16,24,1.812,0.0,
12881,16,24,1.875,0.0,
12883,16,32,1.875,0.0,
12884,16,32,1.812,0.0,
12885,16,32,1.812,0.0,
12886,16,32,1.812,0.0,
12887,16,32,1.812,0.0,
12889,16,40,2.062,0.0,
12890,16,40,2.062,0.0,
12891,16,40,2.062,0.0,
12892,16,40,2.062,0.0,
12893,16,40,2.062,0.0,
12895,16,48,2.0,0.0,
12896,16,48,2.062,0.0,
12897,16,48,2.062,0.0,
12899,16,48,2.062,0.0,
12901,16,64,2.188,0.0,
12902,16,64,2.062,0.0,
12903,16,64,2.062,0.0,
12904,16,64,2.188,0.0,
12905,16,64,2.188,0.0,
12907,16,80,2.188,0.0,
12908,16,80,2.25,0.0,
12909,16,80,2.25,0.0,
12911,16,80,2.188,0.0,
12913,16,96,2.188,0.0,
12914,16,96,2.188,0.0,
12915,16,96,2.188,0.0,
12916,16,96,2.25,0.0,
12917,16,96,2.25,0.0,
12918,18,27,1.833,0.0,
12919,18,27,1.722,0.0,
12920,18,27,1.889,0.0,
12921,18,36,2.111,0.0,
12922,18,36,2.111,0.0,
12924,18,36,1.944,0.0,
12926,18,36,2.0,0.0,
12927,18,45,2.056,0.0,
12928,18,45,2.056,0.0,
12930,18,45,2.222,0.0,
12931,18,45,2.111,0.0,
12932,18,45,2.111,0.0,
12934,18,54,2.389,0.0,
12935,18,54,2.333,0.0,
12936,18,54,2.333,0.0,
12937,18,54,2.333,0.0,
12938,18,54,2.333,0.0,
12940,18,72,2.333,0.0,
12942,18,72,2.444,0.0,
12943,18,72,2.389,0.0,
12944,18,72,2.389,0.0,
12946,18,90,2.556,0.0,
12948,18,90,2.556,0.0,
12950,18,90,2.556,0.0,
12952,18,108,2.722,0.0,
12953,18,108,2.722,0.0,
12954,18,108,2.722,0.0,
12955,18,108,2.556,0.0,
12956,18,108,2.556,0.0,
12957,18,135,2.722,0.0,
12958,18,135,2.722,0.0,
12959,18,135,2.722,0.0,
12960,18,135,2.722,0.0,
12961,18,135,2.722,0.0,
12962,18,135,2.722,0.0,
12963,20,30,1.75,0.0,
12964,20,30,2.0,0.0,
12965,20,30,1.85,0.0,
12966,20,40,2.0,0.0,
12967,20,40,2.0,0.0,
12968,20,40,2.2,0.0,
12969,20,40,2.2,0.0,
12970,20,40,1.9,0.0,
12971,20,40,1.9,0.0,
12972,20,50,2.5,0.0,
12973,20,50,2.5,0.0,
12975,20,50,2.45,0.0,
12977,20,50,2.3,0.0,
12978,6,12,1.333,0.0,
12979,20,60,2.4,0.0,
12980,20,60,2.5,0.0,
12981,20,60,2.5,0.0,
12982,20,60,2.4,0.0,
12983,20,60,2.4,0.0,
12984,20,80,2.6,0.0,
12985,20,80,2.6,0.0,
12986,10,20,1.7,0.0,
12987,20,80,2.65,0.0,
12988,20,80,2.65,0.0,
12989,20,80,2.65,0.0,
12990,14,28,1.857,0.0,
12991,20,100,2.65,0.0,
12992,20,100,2.65,0.0,
12993,20,100,2.65,0.0,
12994,20,100,2.65,0.0,
12995,20,100,2.65,0.0,
12996,20,120,2.75,0.0,
12997,20,120,2.75,0.0,
12998,18,36,2.0,0.0,
12999,20,120,2.8,0.0,
13000,20,40,2.2,0.0,
13001,20,120,2.8,0.0,
13002,20,150,2.8,0.0,
13003,20,150,2.8,0.0,
13004,22,44,2.318,0.0,
13005,20,150,2.8,0.0,
13006,24,48,2.292,0.0,
13007,20,150,2.8,0.0,
13008,22,33,2.091,0.0,
13009,22,33,1.909,0.0,
13010,22,33,2.227,0.0,
13011,28,56,2.643,0.0,
13012,22,44,2.318,0.0,
13013,28,56,2.75,0.0,
13014,22,44,2.227,0.0,
13015,22,44,2.318,0.0,
13016,22,44,2.318,0.0,
13017,34,68,2.706,0.0,
13018,22,55,2.364,0.0,
13019,34,68,2.441,0.0,
13020,22,55,2.409,0.0,
13021,38,76,2.868,0.0,
13022,22,55,2.455,0.0,
13023,40,80,2.95,0.0,
13024,22,66,2.545,0.0,
13025,40,80,3.075,0.0,
13026,22,66,2.364,0.0,
13027,22,66,2.364,0.0,
13028,22,66,2.364,0.0,
13029,48,96,3.167,0.0,
13030,22,88,2.455,0.0,
13031,48,96,3.208,0.0,
13032,22,88,2.682,0.0,
13033,22,88,2.636,0.0,
13034,22,88,2.636,0.0,
13035,56,112,3.607,0.0,
13036,22,110,2.773,0.0,
13037,22,110,2.682,0.0,
13038,22,110,2.682,0.0,
13039,62,124,3.774,0.01,
13040,22,110,2.636,0.0,
13041,22,132,2.727,0.0,
13042,22,132,2.727,0.0,
13043,68,136,4.044,0.01,
13044,22,132,2.727,0.0,
13045,74,148,4.068,0.01,
13046,22,132,2.636,0.0,
13047,80,160,4.625,0.01,
13048,22,165,2.773,0.0,
13049,80,160,4.588,0.01,
13050,22,165,2.818,0.0,
13051,22,165,2.818,0.0,
13052,22,165,2.818,0.0,
13053,96,192,5.062,0.02,
13054,22,220,2.818,0.0,
13055,22,220,2.818,0.0,
13056,22,220,2.818,0.0,
13057,22,220,2.818,0.0,
13058,22,220,2.818,0.0,
13059,24,36,2.167,0.0,
13060,24,36,1.958,0.0,
13061,24,36,1.917,0.0,
13062,24,48,2.25,0.0,
13063,24,48,2.25,0.0,
13064,122,244,6.18,0.04,
13065,24,48,2.292,0.0,
13066,134,268,6.813,0.05,
13067,24,48,2.167,0.0,
13068,24,60,2.417,0.0,
13069,24,60,2.417,0.0,
13070,146,292,6.808,0.07,
13071,24,60,2.417,0.0,
13072,160,320,7.494,0.07,
13073,24,60,2.333,0.0,
13074,24,72,2.583,0.0,
13075,24,72,2.583,0.0,
13076,174,348,8.057,0.12,
13077,24,72,2.458,0.0,
13078,24,72,2.292,0.0,
13079,24,72,2.292,0.0,
13080,24,96,2.75,0.0,
13081,24,96,2.75,0.0,
13083,24,96,2.75,0.0,
13085,24,96,2.667,0.0,
13086,24,120,2.708,0.0,
13087,24,120,2.708,0.0,
13089,24,120,2.75,0.0,
13090,24,120,2.833,0.0,
13091,24,120,2.833,0.0,
13092,24,144,2.792,0.0,
13093,24,144,2.792,0.0,
13095,24,144,2.667,0.0,
13097,24,144,2.792,0.0,
13098,24,180,2.833,0.0,
13099,24,180,2.833,0.0,
13101,24,180,2.75,0.0,
13103,24,180,2.75,0.0,
13105,24,240,2.833,0.0,
13106,24,240,2.792,0.0,
13107,24,240,2.792,0.0,
13108,24,240,2.833,0.0,
13109,24,240,2.833,0.0,
13110,26,39,2.154,0.0,
13111,26,39,2.308,0.0,
13112,26,39,2.231,0.0,
13114,26,52,2.577,0.0,
13115,26,52,2.346,0.0,
13116,26,52,2.346,0.0,
13118,26,52,2.192,0.0,
13119,26,65,2.692,0.0,
13120,26,65,2.692,0.0,
13122,26,65,2.769,0.0,
13124,26,65,2.462,0.0,
13126,26,78,2.731,0.0,
13127,26,78,2.808,0.0,
13128,26,78,2.808,0.0,
13129,26,78,2.846,0.0,
13130,26,78,2.846,0.0,
13132,26,104,3.0,0.0,
13133,26,104,3.0,0.0,
13134,26,104,3.0,0.0,
13135,26,104,2.769,0.0,
13136,26,104,2.769,0.0,
13138,26,130,3.077,0.0,
13140,26,130,3.077,0.0,
13142,26,130,3.0,0.0,
13143,26,156,3.077,0.0,
13144,26,156,3.077,0.0,
13146,26,156,3.115,0.0,
13148,26,156,3.154,0.0,
13150,26,195,3.231,0.0,
13151,26,195,3.154,0.0,
13152,26,195,3.154,0.0,
13153,26,195,3.231,0.0,
13154,26,195,3.231,0.0,
13156,26,260,3.269,0.0,
13157,26,260,3.231,0.0,
13158,26,260,3.231,0.0,
13160,26,260,3.308,0.0,
13161,28,42,1.893,0.0,
13162,28,42,2.143,0.0,
13163,28,42,2.107,0.0,
13164,28,56,2.643,0.0,
13165,28,56,2.643,0.0,
13167,28,56,2.714,0.0,
13168,28,56,2.75,0.0,
13169,28,56,2.75,0.0,
13170,28,70,2.571,0.0,
13171,28,70,2.571,0.0,
13173,28,70,2.714,0.0,
13175,28,70,2.75,0.0,
13176,28,84,2.857,0.0,
13177,28,84,2.857,0.0,
13178,28,84,2.893,0.0,
13179,28,84,2.893,0.0,
13180,28,84,2.857,0.0,
13181,28,84,2.857,0.0,
13182,28,112,3.0,0.0,
13183,28,112,3.0,0.0,
13185,28,112,3.071,0.0,
13187,28,112,3.107,0.0,
13188,28,140,3.107,0.0,
13189,28,140,3.107,0.0,
13190,28,140,3.286,0.0,
13191,28,140,3.286,0.0,
13192,28,140,3.143,0.0,
13193,28,140,3.143,0.0,
13194,28,168,3.143,0.0,
13195,28,168,3.143,0.0,
13197,28,168,3.179,0.0,
13199,28,168,3.214,0.0,
13200,28,210,3.25,0.0,
13201,28,210,3.25,0.0,
13203,28,210,3.179,0.0,
13205,28,210,3.179,0.0,
13206,8,20,1.375,0.0,
13207,28,280,3.286,0.0,
13208,28,280,3.357,0.0,
13209,28,280,3.357,0.0,
13210,10,25,1.5,0.0,
13211,28,280,3.357,0.0,
13212,30,75,2.8,0.0,
13213,30,75,2.8,0.0,
13214,12,30,1.75,0.0,
13215,30,75,2.6,0.0,
13216,14,35,2.0,0.0,
13217,30,75,2.8,0.0,
13218,16,40,2.062,0.0,
13219,30,90,2.867,0.0,
13220,16,40,2.062,0.0,
13221,30,90,2.833,0.0,
13222,18,45,2.222,0.0,
13223,30,90,2.933,0.0,
13224,20,50,2.5,0.0,
13225,30,180,3.267,0.0,
13226,30,180,3.2,0.0,
13227,30,180,3.2,0.0,
13228,30,180,3.167,0.0,
13229,30,180,3.167,0.0,
13230,30,225,3.333,0.0,
13231,30,225,3.333,0.0,
13232,24,60,2.333,0.0,
13233,30,225,3.367,0.0,
13234,26,65,2.769,0.0,
13235,30,225,3.333,0.0,
13236,32,48,2.219,0.0,
13237,32,48,2.344,0.0,
13238,32,48,2.094,0.0,
13239,30,75,2.8,0.0,
13240,32,64,2.5,0.0,
13241,30,75,2.8,0.0,
13242,32,64,2.719,0.0,
13243,32,80,2.875,0.0,
13244,32,64,2.75,0.0,
13245,32,80,2.906,0.0,
13246,32,80,2.906,0.0,
13247,32,80,2.875,0.0,
13248,32,80,2.875,0.0,
13249,32,80,2.781,0.0,
13250,32,80,2.781,0.0,
13251,32,96,2.969,0.0,
13252,32,96,2.969,0.0,
13253,42,105,3.5,0.0,
13254,32,96,3.0,0.0,
13255,46,115,3.478,0.0,
13256,32,96,2.938,0.0,
13257,50,125,3.7,0.0,
13258,32,128,3.031,0.0,
13259,50,125,3.8,0.0,
13260,32,128,3.156,0.0,
13261,54,135,3.833,0.0,
13262,32,128,3.0,0.0,
13263,32,160,3.188,0.0,
13264,32,160,3.188,0.0,
13265,58,145,4.121,0.01,
13266,32,160,3.156,0.0,
13267,64,160,4.062,0.01,
13268,32,160,3.094,0.0,
13269,32,320,3.312,0.0,
13270,32,320,3.312,0.0,
13271,32,320,3.344,0.0,
13272,32,320,3.344,0.0,
13273,32,320,3.312,0.0,
13274,32,320,3.312,0.0,
13275,32,480,3.375,0.0,
13276,32,480,3.375,0.0,
13277,32,480,3.375,0.01,
13278,32,480,3.375,0.01,
13279,32,480,3.375,0.01,
13280,32,480,3.375,0.01,
13281,34,51,2.147,0.0,
13282,34,51,2.412,0.0,
13283,34,51,2.353,0.0,
13284,34,68,2.706,0.0,
13285,34,68,2.706,0.0,
13286,106,265,6.198,0.02,
13287,34,68,2.676,0.0,
13288,34,68,2.441,0.0,
13289,34,68,2.441,0.0,
13290,126,315,6.794,0.04,
13291,34,136,3.294,0.0,
13292,34,136,3.265,0.0,
13293,34,136,3.265,0.0,
13294,34,136,3.353,0.0,
13295,34,136,3.353,0.0,
13296,34,170,3.441,0.0,
13297,34,170,3.441,0.0,
13298,150,375,7.993,0.07,
13299,34,170,3.294,0.0,
13300,164,410,8.28,0.08,
13301,34,170,3.5,0.0,
13302,178,445,9.084,0.11,
13303,34,204,3.324,0.0,
13304,34,204,3.5,0.0,
13305,34,204,3.5,0.0,
13306,34,204,3.588,0.0,
13307,34,204,3.588,0.0,
13309,34,255,3.618,0.0,
13311,34,255,3.618,0.0,
13313,34,255,3.588,0.0,
13315,34,340,3.676,0.0,
13316,34,340,3.765,0.0,
13317,34,340,3.765,0.0,
13318,34,340,3.765,0.0,
13319,34,340,3.765,0.0,
13320,36,90,2.944,0.0,
13321,36,90,2.944,0.0,
13323,36,90,3.139,0.0,
13325,36,90,2.861,0.0,
13326,36,108,3.111,0.0,
13327,36,108,3.111,0.0,
13328,36,108,3.222,0.0,
13329,36,108,3.222,0.0,
13330,36,108,3.222,0.0,
13331,36,108,3.222,0.0,
13332,36,144,3.306,0.0,
13333,36,144,3.306,0.0,
13335,36,144,3.528,0.0,
13337,36,144,3.25,0.0,
13338,36,216,3.583,0.0,
13339,36,216,3.583,0.0,
13341,36,216,3.556,0.0,
13343,36,216,3.722,0.0,
13344,36,270,3.778,0.0,
13345,36,270,3.778,0.0,
13347,36,270,3.778,0.0,
13349,36,270,3.667,0.0,
13350,36,540,3.889,0.0,
13351,36,540,3.889,0.0,
13353,36,540,3.861,0.0,
13355,36,540,3.889,0.0,
13356,38,57,2.158,0.0,
13357,38,57,2.421,0.0,
13358,38,57,2.632,0.0,
13359,38,76,2.921,0.0,
13360,38,76,2.921,0.0,
13362,38,76,2.868,0.0,
13364,38,76,2.921,0.0,
13365,38,95,3.132,0.0,
13366,38,95,3.132,0.0,
13368,38,95,3.026,0.0,
13370,38,95,3.053,0.0,
13371,38,114,3.316,0.0,
13372,38,114,3.316,0.0,
13374,38,114,3.132,0.0,
13376,38,114,3.158,0.0,
13378,38,190,3.579,0.0,
13380,38,190,3.684,0.0,
13382,38,190,3.605,0.0,
13384,38,380,3.868,0.0,
13385,38,380,3.868,0.0,
13386,38,380,3.868,0.0,
13388,38,380,3.816,0.0,
13389,38,570,3.895,0.0,
13390,38,570,3.895,0.0,
13392,38,570,3.868,0.0,
13394,38,570,3.895,0.0,
13395,40,60,2.575,0.0,
13396,40,60,2.575,0.0,
13397,40,60,2.65,0.0,
13399,40,80,2.95,0.0,
13401,40,80,2.95,0.0,
13403,40,80,3.075,0.0,
13404,40,160,3.525,0.0,
13405,40,160,3.525,0.0,
13407,40,160,3.375,0.0,
13408,40,160,3.5,0.0,
13409,40,160,3.5,0.0,
13411,40,200,3.725,0.0,
13412,40,200,3.625,0.0,
13413,40,200,3.625,0.0,
13414,40,200,3.625,0.0,
13415,40,200,3.625,0.0,
13416,40,240,3.65,0.0,
13417,40,240,3.65,0.0,
13419,40,240,3.75,0.0,
13421,40,240,3.775,0.0,
13422,40,300,3.775,0.0,
13423,40,300,3.775,0.0,
13425,40,300,3.75,0.0,
13427,40,300,3.8,0.0,
13429,40,400,3.85,0.0,
13431,40,400,3.875,0.0,
13433,40,400,3.825,0.0,
13434,8,24,1.5,0.0,
13435,42,105,3.286,0.0,
13436,42,105,3.357,0.0,
13437,42,105,3.357,0.0,
13438,10,30,1.9,0.0,
13439,42,105,3.5,0.0,
13440,12,36,2.0,0.0,
13441,42,126,3.357,0.0,
13442,42,126,3.524,0.0,
13443,42,126,3.524,0.0,
13444,42,126,3.476,0.0,
13445,42,126,3.476,0.0,
13446,42,630,4.357,0.01,
13447,42,630,4.357,0.01,
13448,16,48,2.062,0.0,
13449,42,630,4.357,0.01,
13450,42,630,4.381,0.01,
13451,42,630,4.381,0.01,
13452,42,840,4.381,0.01,
13453,42,840,4.381,0.01,
13454,20,60,2.4,0.0,
13455,42,840,4.381,0.01,
13456,22,66,2.364,0.0,
13457,42,840,4.381,0.01,
13458,44,66,2.705,0.0,
13459,44,66,2.773,0.0,
13460,44,66,2.886,0.0,
13461,26,78,2.731,0.0,
13462,44,88,3.205,0.0,
13463,26,78,2.846,0.0,
13464,44,88,3.182,0.0,
13465,44,88,3.068,0.0,
13466,44,88,3.068,0.0,
13467,30,90,2.867,0.0,
13468,44,176,3.727,0.0,
13469,44,176,3.886,0.01,
13470,44,176,3.886,0.01,
13471,32,96,3.0,0.0,
13472,44,176,3.818,0.01,
13473,36,108,3.111,0.0,
13474,44,220,4.023,0.01,
13475,44,220,3.977,0.01,
13476,44,220,3.977,0.0,
13477,38,114,3.132,0.0,
13478,44,220,3.955,0.0,
13479,44,264,4.205,0.0,
13480,44,264,4.205,0.0,
13481,42,126,3.476,0.0,
13482,44,264,4.136,0.0,
13483,46,138,3.826,0.0,
13484,44,264,4.068,0.01,
13485,50,150,3.84,0.0,
13486,44,330,4.182,0.0,
13487,50,150,4.02,0.0,
13488,44,330,4.182,0.0,
13489,54,162,4.167,0.0,
13490,44,330,4.159,0.0,
13491,58,174,4.138,0.01,
13492,44,440,4.386,0.01,
13493,44,440,4.25,0.01,
13494,44,440,4.25,0.01,
13495,44,440,4.273,0.01,
13496,44,440,4.273,0.01,
13497,70,210,4.871,0.01,
13498,46,115,3.37,0.0,
13499,70,210,4.657,0.01,
13500,46,115,3.478,0.0,
13501,46,115,3.457,0.0,
13502,46,115,3.457,0.0,
13503,46,138,3.674,0.0,
13504,46,138,3.674,0.0,
13505,46,138,3.826,0.0,
13506,46,138,3.826,0.0,
13507,90,270,5.656,0.02,
13508,46,138,3.609,0.0,
13509,46,345,4.217,0.0,
13510,46,345,4.217,0.0,
13511,46,345,4.217,0.0,
13512,46,345,4.217,0.0,
13513,46,345,4.196,0.0,
13514,46,345,4.196,0.0,
13515,116,348,6.957,0.03,
13516,46,690,4.37,0.01,
13517,46,690,4.391,0.01,
13518,46,690,4.391,0.01,
13519,126,378,7.27,0.05,
13520,46,690,4.413,0.01,
13521,46,920,4.413,0.01,
13522,46,920,4.413,0.01,
13523,138,414,7.906,0.05,
13524,46,920,4.413,0.01,
13525,150,450,8.28,0.06,
13526,46,920,4.413,0.01,
13527,48,72,3.042,0.0,
13528,48,72,2.875,0.0,
13529,48,72,2.812,0.0,
13530,178,534,9.601,0.11,
13531,48,96,3.167,0.0,
13532,48,96,3.125,0.0,
13533,48,96,3.125,0.0,
13534,48,96,3.208,0.0,
13535,48,96,3.208,0.0,
13537,48,192,4.021,0.01,
13539,48,192,4.042,0.01,
13540,48,192,3.958,0.01,
13541,48,192,3.958,0.01,
13542,48,240,4.0,0.0,
13543,48,240,4.0,0.0,
13545,48,240,4.208,0.0,
13547,48,240,4.062,0.0,
13549,48,288,4.042,0.0,
13551,48,288,4.188,0.0,
13553,48,288,4.104,0.0,
13554,48,480,4.375,0.0,
13555,48,480,4.375,0.0,
13557,48,480,4.312,0.01,
13559,48,480,4.312,0.01,
13561,50,125,3.7,0.0,
13562,50,125,3.48,0.0,
13563,50,125,3.48,0.0,
13564,50,125,3.8,0.0,
13565,50,125,3.8,0.0,
13567,50,150,3.84,0.0,
13569,50,150,3.98,0.0,
13571,50,150,4.02,0.0,
13573,50,750,4.82,0.01,
13574,50,750,4.8,0.01,
13575,50,750,4.8,0.01,
13576,50,750,4.82,0.01,
13577,50,750,4.82,0.01,
13578,50,1000,4.88,0.01,
13579,50,1000,4.88,0.01,
13581,50,1000,4.88,0.01,
13583,50,1000,4.86,0.01,
13584,52,78,3.269,0.0,
13585,52,78,2.712,0.0,
13586,52,78,3.173,0.0,
13587,52,104,3.385,0.0,
13588,52,104,3.385,0.0,
13589,52,104,3.442,0.0,
13590,52,104,3.442,0.0,
13592,52,104,3.327,0.0,
13593,52,208,4.096,0.0,
13594,52,208,4.096,0.0,
13595,52,208,4.25,0.0,
13596,52,208,4.25,0.0,
13597,52,208,4.115,0.01,
13598,52,208,4.115,0.01,
13600,52,260,4.462,0.01,
13601,52,260,4.462,0.01,
13602,52,260,4.462,0.01,
13603,52,260,4.558,0.01,
13604,52,260,4.558,0.01,
13606,52,312,4.538,0.01,
13607,52,312,4.5,0.01,
13608,52,312,4.5,0.01,
13609,52,312,4.577,0.01,
13610,52,312,4.577,0.01,
13611,52,390,4.654,0.01,
13612,52,390,4.654,0.01,
13614,52,390,4.635,0.01,
13616,52,390,4.712,0.01,
13617,52,520,4.769,0.01,
13618,52,520,4.769,0.01,
13619,52,520,4.788,0.0,
13620,52,520,4.788,0.0,
13621,52,520,4.788,0.0,
13622,52,520,4.788,0.0,
13624,54,135,3.963,0.0,
13625,54,135,3.833,0.0,
13626,54,135,3.833,0.0,
13627,54,135,3.907,0.0,
13628,54,135,3.907,0.0,
13630,54,162,4.241,0.0,
13631,54,162,4.167,0.0,
13632,54,162,4.167,0.0,
13634,54,162,4.074,0.0,
13636,54,810,4.926,0.01,
13638,54,810,4.833,0.01,
13640,54,810,4.889,0.01,
13641,54,1080,4.926,0.01,
13642,54,1080,4.926,0.01,
13644,54,1080,4.926,0.01,
13646,54,1080,4.907,0.01,
13647,56,84,3.268,0.0,
13648,56,84,2.982,0.0,
13649,56,84,3.196,0.0,
13651,56,112,3.607,0.0,
13652,56,112,3.482,0.0,
13653,56,112,3.482,0.0,
13654,56,112,3.661,0.0,
13655,56,112,3.661,0.0,
13657,56,224,4.286,0.0,
13659,56,224,4.179,0.01,
13660,56,224,4.357,0.01,
13661,56,224,4.357,0.0,
13662,10,40,2.0,0.0,
13663,56,336,4.821,0.0,
13664,56,336,4.661,0.01,
13665,56,336,4.661,0.01,
13666,56,336,4.679,0.01,
13667,56,336,4.679,0.01,
13668,14,56,2.143,0.0,
13669,56,420,4.786,0.0,
13670,14,56,2.0,0.0,
13671,56,420,4.643,0.01,
13672,16,64,2.062,0.0,
13673,56,420,4.804,0.0,
13674,18,72,2.333,0.0,
13675,58,145,4.034,0.01,
13676,58,145,4.0,0.01,
13677,58,145,4.0,0.01,
13678,20,80,2.65,0.0,
13679,58,145,4.121,0.01,
13680,58,174,4.138,0.01,
13681,58,174,4.138,0.01,
13682,22,88,2.636,0.0,
13683,58,174,4.207,0.01,
13684,24,96,2.75,0.0,
13685,58,174,4.259,0.01,
13686,26,104,3.0,0.0,
13687,58,290,4.828,0.01,
13688,58,290,4.655,0.01,
13689,58,290,4.655,0.01,
13690,28,112,3.071,0.0,
13691,58,290,4.707,0.01,
13692,58,580,5.121,0.01,
13693,58,580,5.121,0.01,
13694,32,128,3.0,0.0,
13695,58,580,5.172,0.01,
13696,34,136,3.265,0.0,
13697,58,580,5.017,0.01,
13698,36,144,3.306,0.0,
13699,58,870,5.31,0.01,
13700,58,870,5.224,0.02,
13701,58,870,5.224,0.02,
13702,58,870,5.224,0.02,
13703,58,870,5.224,0.02,
13704,60,450,5.117,0.01,
13705,60,450,5.117,0.01,
13706,44,176,3.818,0.01,
13707,60,450,5.133,0.01,
13708,48,192,4.042,0.0,
13709,60,450,5.117,0.01,
13710,60,1200,5.417,0.01,
13711,60,1200,5.417,0.01,
13712,52,208,4.115,0.0,
13713,60,1200,5.433,0.01,
13714,56,224,4.179,0.01,
13715,60,1200,5.4,0.01,
13716,62,93,3.355,0.01,
13717,62,93,3.468,0.0,
13718,62,93,3.323,0.01,
13719,68,272,5.074,0.01,
13720,62,124,3.952,0.01,
13721,62,124,3.774,0.01,
13722,62,124,3.774,0.01,
13723,62,124,3.984,0.01,
13724,62,124,3.984,0.01,
13725,80,320,5.65,0.01,
13726,62,248,4.758,0.01,
13727,80,320,5.7,0.01,
13728,62,248,4.677,0.01,
13729,62,248,4.726,0.01,
13730,62,248,4.726,0.01,
13731,62,310,4.839,0.01,
13732,62,310,4.839,0.01,
13733,94,376,6.234,0.02,
13734,62,310,4.903,0.01,
13735,102,408,6.784,0.02,
13736,62,310,4.968,0.01,
13737,112,448,7.232,0.02,
13738,62,372,5.081,0.01,
13739,62,372,5.161,0.01,
13740,62,372,5.161,0.01,
13741,62,372,5.097,0.01,
13742,62,372,5.097,0.01,
13743,134,536,8.455,0.04,
13744,62,620,5.258,0.01,
13745,62,620,5.274,0.01,
13746,62,620,5.274,0.01,
13747,146,584,8.842,0.05,
13748,62,620,5.242,0.01,
13749,64,160,4.188,0.01,
13750,64,160,4.188,0.01,
13751,158,632,9.506,0.08,
13752,64,160,4.062,0.01,
13753,172,688,10.215,0.11,
13754,64,160,4.344,0.01,
13756,64,192,4.5,0.01,
13758,64,192,4.438,0.01,
13759,64,192,4.203,0.01,
13760,64,192,4.203,0.01,
13761,64,960,5.391,0.01,
13762,64,960,5.391,0.02,
13764,64,960,5.406,0.01,
13766,64,960,5.391,0.01,
13767,66,396,5.273,0.01,
13768,66,396,5.273,0.01,
13770,66,396,5.318,0.01,
13771,66,396,5.197,0.01,
13772,66,396,5.197,0.01,
13773,66,495,5.409,0.01,
13774,66,495,5.409,0.01,
13776,66,495,5.485,0.01,
13778,66,495,5.485,0.01,
13779,66,1320,5.833,0.02,
13780,66,1320,5.833,0.02,
13782,66,1320,5.848,0.01,
13784,66,1320,5.833,0.01,
13785,68,102,3.382,0.01,
13786,68,102,3.603,0.01,
13787,68,102,3.691,0.01,
13788,68,136,3.926,0.01,
13789,68,136,3.926,0.01,
13791,68,136,4.074,0.01,
13793,68,136,4.044,0.01,
13794,68,272,5.074,0.01,
13795,68,272,5.074,0.01,
13797,68,272,5.0,0.01,
13798,68,272,5.0,0.01,
13799,68,272,5.0,0.01,
13800,68,340,5.397,0.01,
13801,68,340,5.397,0.01,
13803,68,340,5.294,0.01,
13805,68,340,5.162,0.01,
13806,68,680,5.706,0.01,
13807,68,680,5.706,0.01,
13809,68,680,5.647,0.01,
13810,68,680,5.75,0.01,
13811,68,680,5.75,0.01,
13813,70,175,4.471,0.01,
13814,70,175,4.529,0.01,
13815,70,175,4.529,0.01,
13816,70,175,4.329,0.01,
13817,70,175,4.329,0.01,
13818,70,210,4.871,0.01,
13819,70,210,4.871,0.01,
13820,70,210,4.814,0.01,
13821,70,210,4.814,0.01,
13822,70,210,4.657,0.01,
13823,70,210,4.657,0.01,
13825,70,1050,5.829,0.01,
13826,70,1050,5.9,0.01,
13827,70,1050,5.9,0.01,
13828,70,1050,5.857,0.01,
13829,70,1050,5.857,0.02,
13831,70,1400,5.886,0.02,
13832,70,1400,5.943,0.02,
13833,70,1400,5.943,0.02,
13834,70,1400,5.943,0.02,
13835,70,1400,5.943,0.02,
13836,72,432,5.569,0.01,
13837,72,432,5.569,0.01,
13839,72,432,5.472,0.01,
13841,72,432,5.542,0.01,
13842,72,540,5.625,0.01,
13843,72,540,5.625,0.01,
13845,72,540,5.639,0.01,
13847,72,540,5.694,0.01,
13848,74,111,3.649,0.01,
13849,74,111,3.811,0.01,
13850,74,111,3.541,0.01,
13852,74,148,4.23,0.01,
13853,74,148,4.068,0.01,
13854,74,148,4.068,0.01,
13855,74,148,4.351,0.01,
13856,74,148,4.351,0.01,
13858,74,296,5.297,0.01,
13860,74,296,5.311,0.01,
13862,74,296,5.324,0.01,
13864,74,370,5.568,0.01,
13865,74,370,5.608,0.01,
13866,74,370,5.608,0.01,
13867,74,370,5.486,0.01,
13868,74,370,5.486,0.01,
13870,74,740,5.986,0.01,
13872,74,740,6.0,0.01,
13874,74,740,6.068,0.02,
13876,76,190,4.816,0.01,
13877,76,190,4.697,0.01,
13878,76,190,4.697,0.01,
13879,76,190,4.697,0.01,
13880,76,190,4.697,0.01,
13881,76,228,4.987,0.01,
13882,76,228,4.987,0.01,
13883,76,228,5.079,0.01,
13884,76,228,5.079,0.01,
13885,12,60,2.167,0.0,
13886,76,228,5.105,0.01,
13887,14,70,2.214,0.0,
13888,76,1140,6.368,0.02,
13889,14,70,2.143,0.0,
13890,76,1140,6.316,0.02,
13891,76,1140,6.303,0.02,
13892,76,1140,6.303,0.02,
13893,78,468,5.846,0.01,
13894,78,468,5.846,0.01,
13895,18,90,2.556,0.0,
13896,78,468,5.885,0.01,
13897,20,100,2.65,0.0,
13898,78,468,5.949,0.01,
13899,78,585,6.077,0.01,
13900,78,585,6.077,0.01,
13901,22,110,2.636,0.0,
13902,78,585,6.013,0.02,
13903,24,120,2.75,0.0,
13904,78,585,6.115,0.01,
13905,26,130,3.077,0.0,
13906,78,1560,6.423,0.02,
13907,26,130,3.0,0.0,
13908,78,1560,6.423,0.02,
13909,78,1560,6.41,0.02,
13910,78,1560,6.41,0.02,
13911,80,120,4.037,0.01,
13912,80,120,3.862,0.01,
13913,80,120,3.85,0.01,
13914,80,160,4.625,0.01,
13915,80,160,4.625,0.01,
13916,34,170,3.5,0.0,
13917,80,160,4.6,0.01,
13918,80,160,4.588,0.01,
13919,80,160,4.588,0.01,
13920,80,320,5.65,0.01,
13921,80,320,5.65,0.01,
13922,40,200,3.625,0.0,
13923,80,320,5.763,0.01,
13924,44,220,3.977,0.0,
13925,80,320,5.7,0.01,
13926,48,240,4.0,0.0,
13927,80,400,5.8,0.01,
13928,80,400,5.838,0.01,
13929,80,400,5.838,0.01,
13930,52,260,4.462,0.0,
13931,80,400,5.8,0.01,
13932,80,800,6.263,0.02,
13933,80,800,6.263,0.01,
13934,58,290,4.707,0.01,
13935,80,800,6.2,0.01,
13936,62,310,4.903,0.01,
13937,80,800,6.3,0.02,
13938,68,340,5.397,0.01,
13939,82,205,4.939,0.01,
13940,68,340,5.162,0.01,
13941,82,205,5.049,0.01,
13942,74,370,5.608,0.01,
13943,82,205,5.073,0.01,
13944,82,246,5.341,0.01,
13945,82,246,5.341,0.01,
13946,80,400,5.8,0.01,
13947,82,246,5.402,0.01,
13948,82,246,5.341,0.01,
13949,82,246,5.341,0.01,
13950,96,480,6.667,0.02,
13951,84,1260,6.845,0.01,
13952,84,1260,6.881,0.02,
13953,84,1260,6.881,0.01,
13954,84,1260,6.845,0.01,
13955,84,1260,6.845,0.01,
13956,84,1680,6.869,0.02,
13957,84,1680,6.869,0.02,
13958,114,570,7.632,0.03,
13959,84,1680,6.905,0.02,
13960,124,620,8.161,0.04,
13961,84,1680,6.857,0.02,
13962,86,344,5.779,0.02,
13963,86,344,5.779,0.02,
13964,134,670,8.604,0.05,
13965,86,344,5.965,0.01,
13966,146,730,9.349,0.06,
13967,86,344,5.965,0.01,
13968,86,516,6.244,0.01,
13969,86,516,6.244,0.01,
13970,86,516,6.267,0.01,
13971,86,516,6.267,0.01,
13972,86,516,6.326,0.01,
13973,86,516,6.326,0.01,
13975,86,645,6.512,0.01,
13976,86,645,6.523,0.01,
13977,86,645,6.523,0.01,
13978,86,645,6.512,0.01,
13979,86,645,6.512,0.01,
13980,88,132,4.534,0.01,
13981,88,132,4.273,0.01,
13982,88,132,4.398,0.01,
13984,88,176,4.886,0.01,
13986,88,176,4.841,0.01,
13987,88,176,4.886,0.01,
13988,88,176,4.886,0.01,
13990,88,440,6.182,0.02,
13992,88,440,6.398,0.01,
13994,88,440,6.182,0.02,
13996,88,880,6.761,0.01,
13998,88,880,6.727,0.02,
14000,88,880,6.784,0.02,
14001,90,225,5.544,0.02,
14002,90,225,5.544,0.02,
14004,90,225,5.2,0.02,
14006,90,225,5.222,0.03,
14007,90,270,5.744,0.03,
14008,90,270,5.744,0.03,
14009,90,270,5.656,0.02,
14010,90,270,5.656,0.03,
14012,90,270,5.6,0.02,
14014,90,1350,7.133,0.04,
14015,90,1350,7.111,0.04,
14016,90,1350,7.111,0.03,
14017,90,1350,7.156,0.03,
14018,90,1350,7.156,0.03,
14020,92,1840,7.38,0.03,
14021,92,1840,7.413,0.03,
14022,92,1840,7.413,0.03,
14023,92,1840,7.359,0.04,
14024,92,1840,7.359,0.04,
14026,94,376,6.287,0.02,
14028,94,376,6.436,0.02,
14029,94,376,6.234,0.02,
14030,94,376,6.234,0.02,
14031,94,564,6.777,0.02,
14032,94,564,6.777,0.02,
14034,94,564,6.755,0.02,
14036,94,564,6.755,0.02,
14037,94,705,7.011,0.03,
14038,94,705,7.011,0.03,
14040,94,705,7.021,0.03,
14042,94,705,6.957,0.02,
14043,96,144,4.573,0.02,
14044,96,144,4.594,0.02,
14045,96,144,4.406,0.02,
14047,96,192,5.062,0.02,
14049,96,192,4.927,0.02,
14051,96,192,5.26,0.02,
14053,96,480,6.667,0.02,
14054,96,480,6.542,0.02,
14055,96,480,6.542,0.02,
14056,96,480,6.562,0.02,
14057,96,480,6.562,0.02,
14059,96,960,7.26,0.02,
14060,96,960,7.24,0.02,
14061,96,960,7.24,0.02,
14062,96,960,7.229,0.02,
14063,96,960,7.229,0.02,
14064,98,245,5.531,0.02,
14065,98,245,5.531,0.02,
14067,98,245,5.735,0.01,
14068,98,245,5.643,0.02,
14069,98,245,5.643,0.02,
14071,98,294,6.112,0.02,
14072,98,294,5.898,0.02,
14073,98,294,5.898,0.02,
14074,98,294,6.204,0.02,
14075,98,294,6.204,0.02,
14076,98,1470,7.694,0.03,
14077,98,1470,7.694,0.03,
14079,98,1470,7.602,0.03,
14081,98,1470,7.612,0.03,
14082,100,2000,7.84,0.02,
14083,100,2000,7.84,0.02,
14085,100,2000,7.87,0.02,
14087,100,2000,7.86,0.04,
14089,102,408,6.647,0.02,
14091,102,408,6.784,0.02,
14093,102,408,6.52,0.02,
14095,102,612,7.255,0.02,
14096,102,612,7.284,0.02,
14097,102,612,7.284,0.02,
14098,102,612,7.186,0.02,
14099,102,612,7.186,0.02,
14101,102,765,7.422,0.02,
14102,102,765,7.373,0.02,
14103,102,765,7.373,0.02,
14104,102,765,7.363,0.03,
14105,102,765,7.363,0.03,
14106,104,156,4.635,0.02,
14107,104,156,4.394,0.02,
14108,104,156,4.548,0.02,
14109,18,108,2.722,0.0,
14110,104,208,5.538,0.02,
14111,104,208,5.385,0.02,
14112,104,208,5.385,0.02,
14113,104,208,5.625,0.02,
14114,104,208,5.625,0.02,
14115,22,132,2.727,0.0,
14116,104,520,7.067,0.02,
14117,104,520,7.01,0.02,
14118,104,520,7.01,0.02,
14119,104,520,7.087,0.03,
14120,104,520,7.087,0.03,
14121,26,156,3.077,0.0,
14122,104,1040,7.712,0.03,
14123,104,1040,7.635,0.03,
14124,104,1040,7.635,0.03,
14125,104,1040,7.683,0.03,
14126,104,1040,7.683,0.03,
14127,106,265,5.991,0.03,
14128,106,265,5.991,0.03,
14129,106,265,6.047,0.02,
14130,106,265,6.047,0.03,
14131,34,204,3.5,0.0,
14132,106,265,6.198,0.02,
14133,106,318,6.557,0.02,
14134,106,318,6.557,0.02,
14135,36,216,3.722,0.0,
14136,106,318,6.472,0.03,
14137,106,318,6.642,0.02,
14138,106,318,6.642,0.02,
14139,108,1620,8.231,0.05,
14140,108,1620,8.231,0.05,
14141,108,1620,8.167,0.04,
14142,108,1620,8.167,0.04,
14143,108,1620,8.278,0.06,
14144,108,1620,8.278,0.06,
14145,108,2160,8.38,0.07,
14146,108,2160,8.38,0.07,
14147,52,312,4.577,0.01,
14148,108,2160,8.324,0.07,
14149,56,336,4.661,0.01,
14150,108,2160,8.389,0.07,
14151,110,825,7.836,0.03,
14152,110,825,7.836,0.03,
14153,62,372,5.097,0.01,
14154,110,825,7.818,0.03,
14155,66,396,5.318,0.01,
14156,110,825,7.873,0.03,
14157,112,168,4.929,0.02,
14158,112,168,5.054,0.02,
14159,112,168,4.92,0.03,
14160,78,468,5.846,0.01,
14161,112,224,5.741,0.02,
14162,112,224,5.759,0.02,
14163,112,224,5.759,0.02,
14164,112,224,5.786,0.02,
14165,112,224,5.786,0.02,
14166,94,564,6.777,0.02,
14167,112,448,7.232,0.02,
14168,112,448,7.152,0.03,
14169,112,448,7.152,0.03,
14170,102,612,7.284,0.02,
14171,112,448,7.116,0.04,
14172,112,672,7.795,0.03,
14173,112,672,7.795,0.03,
14174,112,672,7.643,0.03,
14175,112,672,7.705,0.03,
14176,122,732,8.328,0.04,
14177,112,672,7.643,0.03,
14178,132,792,8.833,0.05,
14179,114,570,7.518,0.03,
14180,132,792,8.803,0.04,
14181,114,570,7.57,0.04,
14182,144,864,9.431,0.05,
14183,114,570,7.632,0.03,
14184,156,936,10.096,0.08,
14185,114,1140,8.289,0.03,
14186,114,1140,8.298,0.04,
14187,114,1140,8.298,0.04,
14188,114,1140,8.298,0.05,
14189,114,1140,8.298,0.05,
14191,116,290,6.517,0.04,
14192,116,290,6.664,0.02,
14193,116,290,6.664,0.02,
14194,116,290,6.457,0.02,
14195,116,290,6.457,0.02,
14196,116,348,6.957,0.03,
14197,116,348,6.957,0.03,
14199,116,348,6.983,0.03,
14201,116,348,6.819,0.03,
14202,118,1770,8.703,0.04,
14203,118,1770,8.703,0.04,
14205,118,1770,8.754,0.04,
14207,118,1770,8.797,0.04,
14208,118,2360,8.873,0.03,
14209,118,2360,8.873,0.03,
14211,118,2360,8.881,0.03,
14213,118,2360,8.881,0.03,
14214,120,900,8.383,0.03,
14215,120,900,8.383,0.03,
14217,120,900,8.425,0.03,
14219,120,900,8.392,0.03,
14220,122,183,5.656,0.04,
14221,122,183,5.09,0.04,
14222,122,183,5.475,0.04,
14224,122,244,6.221,0.05,
14225,122,244,6.18,0.03,
14226,122,244,6.18,0.04,
14227,122,244,6.18,0.04,
14228,122,244,6.18,0.04,
14229,122,488,7.574,0.04,
14230,122,488,7.574,0.04,
14231,122,488,7.68,0.04,
14232,122,488,7.68,0.04,
14233,122,488,7.557,0.04,
14234,122,488,7.557,0.04,
14236,122,732,8.279,0.05,
14237,122,732,8.328,0.04,
14238,122,732,8.328,0.04,
14239,122,732,8.254,0.05,
14240,122,732,8.254,0.05,
14242,124,620,8.089,0.04,
14243,124,620,8.161,0.04,
14244,124,620,8.161,0.04,
14245,124,620,8.121,0.03,
14246,124,620,8.121,0.03,
14248,124,1240,8.952,0.05,
14249,124,1240,8.879,0.05,
14250,124,1240,8.879,0.05,
14251,124,1240,8.919,0.04,
14252,124,1240,8.919,0.04,
14254,126,315,6.794,0.04,
14255,126,315,6.794,0.04,
14256,126,315,6.794,0.04,
14258,126,315,6.881,0.04,
14259,126,378,7.127,0.04,
14260,126,378,7.127,0.04,
14262,126,378,7.27,0.05,
14264,126,378,7.333,0.05,
14265,128,1920,9.312,0.06,
14266,128,1920,9.312,0.06,
14268,128,1920,9.289,0.05,
14270,128,1920,9.273,0.05,
14271,130,2600,9.646,0.06,
14272,130,2600,9.646,0.06,
14274,130,2600,9.638,0.07,
14276,130,2600,9.685,0.07,
14278,132,792,8.833,0.05,
14280,132,792,8.765,0.04,
14282,132,792,8.803,0.05,
14283,132,990,9.076,0.05,
14284,132,990,9.076,0.05,
14286,132,990,9.098,0.05,
14288,132,990,9.03,0.05,
14289,134,201,5.746,0.06,
14290,134,201,5.731,0.04,
14291,134,201,5.381,0.04,
14292,134,268,6.664,0.04,
14293,134,268,6.664,0.04,
14295,134,268,6.813,0.04,
14297,134,268,6.709,0.04,
14298,134,536,8.455,0.04,
14299,134,536,8.455,0.05,
14301,134,536,8.134,0.05,
14303,134,536,8.224,0.07,
14305,134,670,8.545,0.07,
14306,134,670,8.537,0.07,
14307,134,670,8.537,0.07,
14308,134,670,8.604,0.07,
14309,134,670,8.604,0.07,
14310,134,1340,9.425,0.05,
14311,134,1340,9.425,0.05,
14313,134,1340,9.44,0.04,
14315,134,1340,9.448,0.05,
14316,138,345,7.37,0.06,
14317,138,345,7.37,0.06,
14319,138,345,7.261,0.05,
14320,18,135,2.722,0.0,
14321,138,345,7.449,0.06,
14322,20,150,2.8,0.0,
14323,138,414,7.783,0.05,
14324,138,414,7.841,0.06,
14325,138,414,7.841,0.05,
14326,138,414,7.906,0.05,
14327,138,414,7.906,0.05,
14328,138,2070,9.957,0.06,
14329,138,2070,9.957,0.06,
14330,24,180,2.75,0.0,
14331,138,2070,10.0,0.06,
14332,26,195,3.154,0.0,
14333,138,2070,9.957,0.08,
14334,140,2800,10.25,0.08,
14335,140,2800,10.25,0.09,
14336,28,210,3.179,0.0,
14337,140,2800,10.243,0.08,
14338,30,225,3.367,0.0,
14339,140,2800,10.214,0.08,
14340,34,255,3.618,0.0,
14341,142,1065,9.704,0.07,
14342,142,1065,9.627,0.06,
14343,142,1065,9.627,0.06,
14344,142,1065,9.528,0.06,
14345,142,1065,9.528,0.06,
14346,40,300,3.775,0.0,
14347,144,864,9.368,0.06,
14348,144,864,9.431,0.05,
14349,144,864,9.431,0.05,
14350,144,864,9.347,0.06,
14351,144,864,9.347,0.07,
14352,146,219,6.288,0.05,
14353,146,219,5.884,0.05,
14354,146,219,6.226,0.05,
14355,146,292,7.062,0.05,
14356,146,292,7.062,0.05,
14357,52,390,4.712,0.01,
14358,146,292,6.801,0.05,
14359,146,292,6.808,0.06,
14360,146,292,6.808,0.06,
14361,60,450,5.117,0.01,
14362,146,584,8.836,0.07,
14363,146,584,8.842,0.05,
14364,146,584,8.842,0.05,
14365,146,584,8.795,0.06,
14366,146,584,8.795,0.06,
14367,72,540,5.625,0.01,
14368,146,730,9.349,0.05,
14369,146,730,9.349,0.06,
14370,146,730,9.349,0.06,
14371,146,730,9.185,0.05,
14372,146,730,9.185,0.05,
14373,86,645,6.512,0.02,
14374,146,1460,10.212,0.08,
14375,146,1460,10.233,0.07,
14376,146,1460,10.233,0.07,
14377,146,1460,10.13,0.06,
14378,146,1460,10.13,0.06,
14379,102,765,7.422,0.02,
14380,150,375,7.867,0.07,
14381,150,375,8.1,0.07,
14382,150,375,8.1,0.07,
14383,150,375,7.993,0.07,
14384,150,375,7.993,0.07,
14385,120,900,8.383,0.03,
14386,150,450,8.333,0.07,
14387,120,900,8.392,0.03,
14388,150,450,8.28,0.06,
14389,132,990,9.098,0.06,
14390,150,450,8.453,0.11,
14391,152,2280,10.697,0.11,
14392,152,2280,10.697,0.12,
14393,142,1065,9.528,0.06,
14394,152,2280,10.75,0.05,
14395,156,1170,10.468,0.07,
14396,152,2280,10.724,0.05,
14397,170,1275,11.159,0.12,
14398,154,3080,11.13,0.15,
14399,154,3080,11.136,0.15,
14400,154,3080,11.136,0.15,
14401,154,3080,11.039,0.13,
14402,154,3080,11.039,0.13,
14403,156,936,10.096,0.11,
14404,156,936,10.096,0.12,
14406,156,936,10.032,0.14,
14408,156,936,10.032,0.12,
14409,156,1170,10.314,0.14,
14410,156,1170,10.314,0.14,
14412,156,1170,10.468,0.07,
14414,156,1170,10.423,0.09,
14415,158,632,9.411,0.07,
14416,158,632,9.411,0.07,
14417,158,632,9.405,0.07,
14418,158,632,9.405,0.07,
14419,158,632,9.506,0.07,
14420,158,632,9.506,0.08,
14421,160,240,6.544,0.11,
14422,160,240,6.475,0.1,
14423,160,240,6.763,0.07,
14424,160,320,7.656,0.07,
14425,160,320,7.656,0.08,
14427,160,320,7.494,0.06,
14429,160,320,7.575,0.07,
14430,160,800,10.019,0.08,
14431,160,800,10.019,0.07,
14433,160,800,9.919,0.09,
14435,160,800,10.113,0.08,
14437,160,1600,10.825,0.09,
14438,160,1600,10.863,0.07,
14439,160,1600,10.863,0.07,
14441,160,1600,10.875,0.09,
14443,164,410,8.524,0.09,
14444,164,410,8.28,0.08,
14445,164,410,8.28,0.09,
14446,164,410,8.384,0.08,
14447,164,410,8.384,0.08,
14448,164,492,9.146,0.08,
14449,164,492,9.146,0.08,
14450,164,492,9.098,0.08,
14451,164,492,9.098,0.08,
14452,164,492,8.732,0.09,
14453,164,492,8.732,0.09,
14454,166,2490,11.651,0.09,
14455,166,2490,11.651,0.09,
14457,166,2490,11.62,0.09,
14459,166,2490,11.614,0.09,
14460,168,3360,11.81,0.11,
14461,168,3360,11.81,0.11,
14463,168,3360,11.762,0.13,
14465,168,3360,11.863,0.11,
14467,170,1020,10.888,0.13,
14468,170,1020,10.818,0.12,
14469,170,1020,10.818,0.11,
14470,170,1020,10.871,0.11,
14471,170,1020,10.871,0.11,
14472,170,1275,11.159,0.11,
14473,170,1275,11.159,0.11,
14475,170,1275,11.188,0.13,
14477,170,1275,11.182,0.11,
14478,172,688,10.14,0.13,
14479,172,688,10.14,0.13,
14481,172,688,10.215,0.11,
14483,172,688,10.017,0.11,
14484,174,261,7.04,0.09,
14485,174,261,7.149,0.12,
14486,174,261,6.954,0.13,
14488,174,348,8.0,0.09,
14489,174,348,8.241,0.1,
14490,174,348,8.241,0.1,
14492,174,348,8.057,0.1,
14494,174,870,10.603,0.11,
14495,174,870,10.81,0.09,
14496,174,870,10.81,0.11,
14497,174,870,10.828,0.17,
14498,174,870,10.828,0.17,
14500,174,1740,11.713,0.17,
14501,174,1740,11.736,0.17,
14502,174,1740,11.736,0.17,
14503,174,1740,11.793,0.17,
14504,174,1740,11.793,0.17,
14505,178,445,9.084,0.11,
14506,178,445,9.084,0.11,
14508,178,445,9.152,0.12,
14510,178,445,8.725,0.12,
14511,178,534,9.601,0.12,
14512,178,534,9.601,0.12,
14514,178,534,9.556,0.11,
14516,178,534,9.669,0.11,
14517,180,2700,12.5,0.11,
14518,180,2700,12.5,0.11,
14520,180,2700,12.517,0.11,
14522,180,2700,12.489,0.11,
14523,182,3640,12.769,0.09,
14524,182,3640,12.769,0.09,
14525,22,220,2.818,0.0,
14526,182,3640,12.731,0.13,
14527,24,240,2.833,0.0,
14528,182,3640,12.747,0.14,
14529,24,240,2.833,0.0,
14530,184,1380,11.815,0.13,
14531,184,1380,11.821,0.13,
14532,184,1380,11.821,0.13,
14533,184,1380,11.772,0.1,
14534,184,1380,11.772,0.11,
14537,32,320,3.344,0.0,
14539,34,340,3.676,0.0,
14544,38,380,3.816,0.0,
14552,48,480,4.312,0.01,
14554,52,520,4.769,0.01,
14556,52,520,4.788,0.01,
14560,62,620,5.258,0.01,
14562,62,620,5.242,0.01,
14576,96,960,7.24,0.03,
14578,104,1040,7.712,0.04,
14582,114,1140,8.298,0.07,
14584,124,1240,8.952,0.08,
14586,124,1240,8.919,0.06,
14592,146,1460,10.13,0.09,
14718,32,480,3.375,0.01,
14720,36,540,3.889,0.0,
14722,36,540,3.889,0.0,
14726,42,630,4.357,0.01,
14728,42,630,4.381,0.01,
14735,54,810,4.926,0.01,
14737,54,810,4.889,0.01,
14739,58,870,5.224,0.01,
14745,70,1050,5.9,0.01,
14751,84,1260,6.881,0.01,
14763,118,1770,8.754,0.07,
14767,128,1920,9.273,0.08,
14769,138,2070,10.0,0.1,
14777,180,2700,12.5,0.17,
14885,50,1000,4.88,0.01,
14887,54,1080,4.926,0.01,
14891,60,1200,5.433,0.02,
14893,66,1320,5.833,0.03,
14897,70,1400,5.943,0.01,
14899,78,1560,6.423,0.02,
14904,84,1680,6.857,0.02,
14910,100,2000,7.86,0.04,
14918,130,2600,9.638,0.06,
14920,140,2800,10.25,0.08,
14927,168,3360,11.762,0.11,
14929,182,3640,12.769,0.09,
14931,182,3640,12.747,0.21,
16600,6,12,1.333,0.0,
16601,6,12,1.333,0.0,
16602,6,12,1.333,0.0,
16603,6,12,1.333,0.0,
16604,6,12,1.333,0.0,
16605,8,16,1.0,0.0,
16606,6,12,1.167,0.0,
16607,10,20,1.4,0.0,
16608,6,12,1.333,0.0,
16609,6,12,1.333,0.0,
16610,6,12,1.333,0.0,
16611,6,12,1.333,0.0,
16612,6,12,1.333,0.0,
16613,6,12,1.333,0.0,
16614,6,12,1.333,0.0,
16615,16,32,1.562,0.0,
16616,6,12,1.333,0.0,
16617,16,32,1.562,0.0,
16618,6,12,1.333,0.0,
16619,6,12,1.333,0.0,
16620,6,12,1.333,0.0,
16621,6,12,1.333,0.0,
16622,6,12,1.333,0.0,
16623,20,40,1.8,0.0,
16624,6,12,1.167,0.0,
16625,22,44,1.636,0.0,
16626,6,12,1.333,0.0,
16627,24,48,1.667,0.0,
16628,6,12,1.333,0.0,
16629,24,48,1.667,0.0,
16630,6,12,1.333,0.0,
16631,26,52,1.577,0.0,
16632,6,12,1.167,0.0,
16633,8,16,1.0,0.0,
16634,8,16,1.0,0.0,
16635,8,16,1.0,0.0,
16636,32,64,1.594,0.0,
16637,8,16,1.0,0.0,
16638,32,64,1.594,0.0,
16639,8,16,1.25,0.0,
16640,8,16,1.375,0.0,
16641,8,16,1.375,0.0,
16642,8,16,1.125,0.0,
16643,8,16,1.125,0.0,
16644,38,76,1.553,0.0,
16645,8,16,1.375,0.0,
16646,40,80,1.575,0.0,
16647,8,16,1.25,0.0,
16648,44,88,1.614,0.0,
16649,8,16,1.25,0.0,
16650,8,16,1.375,0.0,
16651,8,16,1.375,0.0,
16652,8,16,1.5,0.0,
16653,8,16,1.5,0.0,
16654,52,104,1.596,0.0,
16655,8,16,1.375,0.0,
16656,8,16,1.25,0.0,
16657,8,16,1.25,0.0,
16658,56,112,1.554,0.0,
16659,8,16,1.375,0.0,
16660,8,16,1.375,0.0,
16661,8,16,1.375,0.0,
16662,62,124,1.532,0.0,
16663,8,16,1.25,0.0,
16664,68,136,1.574,0.0,
16665,8,16,1.25,0.0,
16666,8,24,1.5,0.0,
16667,8,24,1.5,0.0,
16668,8,24,1.5,0.0,
16669,8,24,1.5,0.0,
16670,8,24,1.5,0.0,
16671,8,24,1.5,0.0,
16672,8,24,1.5,0.0,
16673,8,24,1.5,0.0,
16674,88,176,1.534,0.01,
16675,8,24,1.5,0.0,
16676,96,192,1.531,0.01,
16677,8,24,1.5,0.0,
16678,8,24,1.375,0.0,
16679,8,24,1.375,0.0,
16680,104,208,1.529,0.01,
16681,8,24,1.5,0.0,
16682,112,224,1.527,0.01,
16683,8,24,1.5,0.0,
16684,8,24,1.375,0.0,
16685,8,24,1.375,0.0,
16686,122,244,1.516,0.02,
16687,8,24,1.375,0.0,
16688,8,24,1.375,0.0,
16689,8,24,1.375,0.0,
16690,146,292,1.514,0.03,
16691,8,24,1.5,0.0,
16692,8,24,1.375,0.0,
16693,8,24,1.375,0.0,
16694,8,24,1.5,0.0,
16695,8,24,1.5,0.0,
16696,8,24,1.5,0.0,
16697,8,24,1.5,0.0,
16698,8,24,1.5,0.0,
16699,8,24,1.5,0.0,
16700,8,24,1.5,0.0,
16701,8,24,1.5,0.0,
16702,10,20,1.4,0.0,
16703,10,20,1.4,0.0,
16704,10,20,1.4,0.0,
16706,10,20,1.4,0.0,
16707,10,20,1.6,0.0,
16708,10,20,1.6,0.0,
16710,10,20,1.5,0.0,
16711,10,20,1.6,0.0,
16712,10,20,1.6,0.0,
16714,10,20,1.6,0.0,
16716,10,20,1.4,0.0,
16717,10,20,1.8,0.0,
16718,10,20,1.8,0.0,
16719,10,20,1.5,0.0,
16720,10,20,1.5,0.0,
16721,10,20,1.4,0.0,
16722,10,20,1.4,0.0,
16724,10,20,1.3,0.0,
16725,10,20,1.7,0.0,
16726,10,20,1.7,0.0,
16728,10,20,1.7,0.0,
16729,10,20,1.5,0.0,
16730,10,20,1.5,0.0,
16732,10,20,1.6,0.0,
16734,10,20,1.8,0.0,
16735,10,30,1.7,0.0,
16736,10,30,1.7,0.0,
16738,10,30,1.7,0.0,
16739,10,30,1.7,0.0,
16740,10,30,1.7,0.0,
16741,10,30,1.7,0.0,
16742,10,30,1.7,0.0,
16744,10,30,2.0,0.0,
16746,10,30,1.9,0.0,
16748,10,30,1.8,0.0,
16749,10,30,2.0,0.0,
16750,10,30,2.0,0.0,
16751,10,30,1.7,0.0,
16752,10,30,1.7,0.0,
16754,10,30,1.8,0.0,
16755,10,30,1.8,0.0,
16756,10,30,1.8,0.0,
16758,10,30,2.0,0.0,
16759,10,30,1.6,0.0,
16760,10,30,1.6,0.0,
16762,10,30,2.0,0.0,
16764,10,30,1.9,0.0,
16766,10,30,1.9,0.0,
16768,10,30,1.8,0.0,
16769,10,30,1.8,0.0,
16770,10,30,1.8,0.0,
16772,10,40,2.0,0.0,
16773,10,40,2.0,0.0,
16774,10,40,2.0,0.0,
16775,10,40,2.0,0.0,
16776,10,40,2.0,0.0,
16778,10,40,2.0,0.0,
16779,10,40,2.0,0.0,
16780,10,40,2.0,0.0,
16781,10,40,2.0,0.0,
16782,10,40,2.0,0.0,
16783,10,40,2.0,0.0,
16784,10,40,2.0,0.0,
16786,10,40,2.0,0.0,
16788,10,40,1.9,0.0,
16789,10,40,2.0,0.0,
16790,10,40,2.0,0.0,
16792,10,40,2.0,0.0,
16794,10,40,2.0,0.0,
16795,10,40,2.0,0.0,
16796,10,40,2.0,0.0,
16797,10,40,2.0,0.0,
16798,10,40,2.0,0.0,
16800,10,40,2.0,0.0,
16802,10,40,2.0,0.0,
16803,10,40,2.0,0.0,
16804,10,40,2.0,0.0,
16805,10,40,2.0,0.0,
16806,10,40,2.0,0.0,
16807,12,24,1.583,0.0,
16808,12,24,1.583,0.0,
16809,12,24,1.583,0.0,
16810,12,24,1.583,0.0,
16811,12,24,1.583,0.0,
16813,12,24,1.667,0.0,
16815,12,24,1.583,0.0,
16816,12,24,1.75,0.0,
16817,12,24,1.75,0.0,
16819,12,24,1.667,0.0,
16821,12,24,1.583,0.0,
16823,12,24,1.667,0.0,
16824,12,24,1.583,0.0,
16825,12,24,1.583,0.0,
16826,12,24,1.917,0.0,
16827,12,24,1.917,0.0,
16828,12,24,1.583,0.0,
16829,12,24,1.583,0.0,
16830,12,24,1.583,0.0,
16831,12,24,1.583,0.0,
16832,12,24,1.5,0.0,
16833,12,24,1.5,0.0,
16834,12,24,1.75,0.0,
16835,12,24,1.75,0.0,
16836,10,20,1.5,0.0,
16837,12,24,1.667,0.0,
16838,12,24,1.667,0.0,
16839,12,24,1.833,0.0,
16840,14,28,1.571,0.0,
16841,12,36,1.917,0.0,
16842,12,36,1.917,0.0,
16843,12,36,1.917,0.0,
16844,12,36,1.917,0.0,
16845,12,36,1.917,0.0,
16846,12,36,2.0,0.0,
16847,12,36,2.0,0.0,
16848,18,36,1.833,0.0,
16849,12,36,2.083,0.0,
16850,12,36,1.917,0.0,
16851,12,36,1.917,0.0,
16852,22,44,1.636,0.0,
16853,12,36,2.083,0.0,
16854,12,36,1.75,0.0,
16855,12,36,1.75,0.0,
16856,12,36,2.0,0.0,
16857,12,36,2.0,0.0,
16858,12,36,1.833,0.0,
16859,12,36,1.833,0.0,
16860,26,52,2.0,0.0,
16861,12,36,1.917,0.0,
16862,28,56,1.893,0.0,
16863,12,36,2.083,0.0,
16864,32,64,2.344,0.0,
16865,12,36,1.917,0.0,
16866,12,36,1.75,0.0,
16867,12,36,1.75,0.0,
16868,12,36,1.917,0.0,
16869,12,36,1.917,0.0,
16870,38,76,2.158,0.0,
16871,12,36,1.833,0.0,
16872,12,36,2.083,0.0,
16873,12,36,2.083,0.0,
16874,12,36,1.833,0.0,
16875,12,36,1.833,0.0,
16876,44,88,2.455,0.0,
16877,12,48,1.917,0.0,
16878,12,48,1.917,0.0,
16879,12,48,1.917,0.0,
16880,12,48,1.917,0.0,
16881,12,48,1.917,0.0,
16882,12,48,2.167,0.0,
16883,12,48,2.167,0.0,
16884,52,104,2.846,0.0,
16885,12,48,2.083,0.0,
16886,56,112,2.554,0.0,
16887,12,48,2.0,0.0,
16888,12,48,2.083,0.0,
16889,12,48,2.083,0.0,
16890,12,48,1.917,0.0,
16891,12,48,1.917,0.0,
16892,12,48,2.167,0.0,
16893,12,48,2.167,0.0,
16894,12,48,2.083,0.0,
16895,12,48,2.083,0.0,
16896,74,148,2.824,0.01,
16897,12,48,2.083,0.0,
16898,80,160,3.087,0.01,
16899,12,48,2.167,0.0,
16900,88,176,3.909,0.01,
16901,12,48,1.833,0.0,
16902,12,48,2.167,0.0,
16903,12,48,2.167,0.0,
16904,12,48,2.167,0.0,
16905,12,48,2.167,0.0,
16906,12,48,2.0,0.0,
16907,12,48,2.0,0.0,
16908,104,208,4.26,0.02,
16909,12,48,1.917,0.0,
16910,12,48,2.0,0.0,
16911,12,48,2.0,0.0,
16912,12,60,2.167,0.0,
16913,12,60,2.167,0.0,
16914,122,244,4.73,0.03,
16915,12,60,2.167,0.0,
16916,134,268,4.851,0.04,
16917,12,60,2.167,0.0,
16918,146,292,5.397,0.08,
16919,12,60,2.167,0.0,
16920,146,292,5.514,0.09,
16921,12,60,2.167,0.0,
16922,160,320,5.625,0.11,
16923,12,60,2.0,0.0,
16924,174,348,6.523,0.15,
16925,12,60,2.167,0.0,
16926,12,60,2.167,0.0,
16927,12,60,2.167,0.0,
16928,12,60,2.167,0.0,
16929,12,60,2.167,0.0,
16931,12,60,2.167,0.0,
16932,12,60,2.167,0.0,
16933,12,60,2.167,0.0,
16934,12,60,2.167,0.0,
16935,12,60,2.167,0.0,
16937,12,60,2.167,0.0,
16938,12,60,2.167,0.0,
16939,12,60,2.167,0.0,
16941,12,60,2.167,0.0,
16943,12,60,2.167,0.0,
16944,12,60,2.167,0.0,
16945,12,60,2.167,0.0,
16946,12,60,2.167,0.0,
16947,12,60,2.167,0.0,
16948,14,28,1.571,0.0,
16949,14,28,1.571,0.0,
16950,14,28,1.571,0.0,
16952,14,28,1.571,0.0,
16953,14,28,1.714,0.0,
16954,14,28,1.714,0.0,
16955,14,28,1.786,0.0,
16956,14,28,1.786,0.0,
16958,14,28,1.571,0.0,
16959,14,28,1.786,0.0,
16960,14,28,1.786,0.0,
16961,14,28,1.929,0.0,
16962,14,28,1.929,0.0,
16964,14,28,1.357,0.0,
16965,14,28,1.857,0.0,
16966,14,28,1.857,0.0,
16967,14,28,1.786,0.0,
16968,14,28,1.786,0.0,
16970,14,28,1.786,0.0,
16971,14,28,1.714,0.0,
16972,14,28,1.714,0.0,
16973,14,28,1.857,0.0,
16974,14,28,1.857,0.0,
16975,14,28,1.714,0.0,
16976,14,28,1.714,0.0,
16978,14,28,1.786,0.0,
16979,14,28,1.714,0.0,
16980,14,28,1.714,0.0,
16982,14,42,1.929,0.0,
16983,14,42,1.929,0.0,
16984,14,42,1.929,0.0,
16985,14,42,1.929,0.0,
16986,14,42,1.929,0.0,
16987,14,42,1.857,0.0,
16988,14,42,1.857,0.0,
16989,14,42,2.0,0.0,
16990,14,42,2.0,0.0,
16992,14,42,1.929,0.0,
16994,14,42,1.929,0.0,
16995,14,42,1.857,0.0,
16996,14,42,1.857,0.0,
16997,14,42,1.929,0.0,
16998,14,42,1.929,0.0,
17000,14,42,2.0,0.0,
17001,14,42,2.071,0.0,
17002,14,42,2.071,0.0,
17003,14,42,1.786,0.0,
17004,14,42,1.786,0.0,
17006,14,42,1.929,0.0,
17008,14,42,2.0,0.0,
17010,14,42,1.857,0.0,
17011,14,42,1.857,0.0,
17012,14,42,1.857,0.0,
17014,14,42,1.929,0.0,
17016,14,42,2.071,0.0,
17018,14,56,2.0,0.0,
17019,14,56,2.0,0.0,
17020,14,56,2.0,0.0,
17021,14,56,2.0,0.0,
17022,14,56,2.0,0.0,
17023,14,56,2.143,0.0,
17024,14,56,2.143,0.0,
17026,14,56,2.143,0.0,
17027,14,56,2.0,0.0,
17028,14,56,2.0,0.0,
17030,14,56,2.071,0.0,
17031,14,56,2.143,0.0,
17032,14,56,2.143,0.0,
17033,14,56,2.143,0.0,
17034,14,56,2.143,0.0,
17036,14,56,2.071,0.0,
17038,14,56,2.143,0.0,
17040,14,56,2.143,0.0,
17041,14,56,2.071,0.0,
17042,14,56,2.071,0.0,
17044,14,56,2.071,0.0,
17046,14,56,2.071,0.0,
17048,14,56,2.071,0.0,
17049,14,56,2.0,0.0,
17050,14,56,2.0,0.0,
17051,14,56,2.143,0.0,
17052,14,56,2.143,0.0,
17054,14,70,2.143,0.0,
17055,14,70,2.143,0.0,
17056,14,70,2.143,0.0,
17057,14,70,2.143,0.0,
17058,14,70,2.143,0.0,
17059,14,70,2.143,0.0,
17060,14,70,2.143,0.0,
17061,8,16,1.25,0.0,
17062,14,70,2.143,0.0,
17063,10,20,1.6,0.0,
17064,14,70,2.071,0.0,
17065,14,70,2.143,0.0,
17066,14,70,2.143,0.0,
17067,12,24,1.583,0.0,
17068,14,70,2.143,0.0,
17069,14,28,1.786,0.0,
17070,14,70,2.214,0.0,
17071,16,32,1.625,0.0,
17072,14,70,2.143,0.0,
17073,14,70,2.214,0.0,
17074,14,70,2.214,0.0,
17075,14,70,2.143,0.0,
17076,14,70,2.143,0.0,
17077,14,70,2.143,0.0,
17078,14,70,2.143,0.0,
17079,14,70,2.071,0.0,
17080,14,70,2.071,0.0,
17081,14,70,2.143,0.0,
17082,14,70,2.143,0.0,
17083,14,70,2.214,0.0,
17084,14,70,2.214,0.0,
17085,24,48,2.083,0.0,
17086,14,70,2.143,0.0,
17087,26,52,2.077,0.0,
17088,14,70,2.143,0.0,
17089,28,56,2.179,0.0,
17090,14,84,2.214,0.0,
17091,14,84,2.214,0.0,
17092,14,84,2.214,0.0,
17093,14,84,2.214,0.0,
17094,14,84,2.214,0.0,
17095,14,84,2.143,0.0,
17096,14,84,2.143,0.0,
17097,34,68,2.412,0.0,
17098,14,84,2.214,0.0,
17099,38,76,2.579,0.0,
17100,14,84,2.214,0.0,
17101,14,84,2.214,0.0,
17102,14,84,2.214,0.0,
17103,40,80,2.625,0.0,
17104,14,84,2.214,0.0,
17105,44,88,2.886,0.0,
17106,14,84,2.214,0.0,
17107,48,96,2.938,0.0,
17108,14,84,2.214,0.0,
17109,14,84,2.214,0.0,
17110,14,84,2.214,0.0,
17111,14,84,2.214,0.0,
17112,14,84,2.214,0.0,
17113,14,84,2.214,0.0,
17114,14,84,2.214,0.0,
17115,56,112,3.161,0.0,
17116,14,84,2.214,0.0,
17117,62,124,3.403,0.01,
17118,14,84,2.214,0.0,
17119,68,136,3.559,0.01,
17120,14,84,2.214,0.0,
17121,14,84,2.214,0.0,
17122,14,84,2.214,0.0,
17123,14,84,2.214,0.0,
17124,14,84,2.214,0.0,
17125,16,32,1.562,0.0,
17126,16,32,1.562,0.0,
17127,16,32,1.562,0.0,
17128,16,32,1.562,0.0,
17129,16,32,1.562,0.0,
17130,16,32,1.688,0.0,
17131,16,32,1.688,0.0,
17132,16,32,1.75,0.0,
17133,16,32,1.75,0.0,
17134,104,208,4.856,0.02,
17135,16,32,1.625,0.0,
17136,16,32,1.75,0.0,
17137,16,32,1.75,0.0,
17138,16,32,1.688,0.0,
17139,16,32,1.688,0.0,
17140,16,32,1.688,0.0,
17141,16,32,1.688,0.0,
17142,122,244,5.541,0.04,
17143,16,32,1.75,0.0,
17144,134,268,5.716,0.05,
17145,16,32,2.062,0.0,
17146,146,292,6.13,0.06,
17147,16,32,1.938,0.0,
17148,16,32,1.812,0.0,
17149,16,32,1.812,0.0,
17150,160,320,6.787,0.08,
17151,16,32,1.438,0.0,
17152,174,348,7.218,0.1,
17153,16,32,1.812,0.0,
17154,16,32,1.75,0.0,
17155,16,32,1.75,0.0,
17156,16,32,1.688,0.0,
17157,16,32,1.688,0.0,
17158,16,48,1.875,0.0,
17159,16,48,1.875,0.0,
17161,16,48,1.875,0.0,
17163,16,48,1.875,0.0,
17165,16,48,2.0,0.0,
17166,16,48,2.0,0.0,
17167,16,48,2.0,0.0,
17168,16,48,1.938,0.0,
17169,16,48,1.938,0.0,
17170,16,48,2.125,0.0,
17171,16,48,2.125,0.0,
17173,16,48,2.0,0.0,
17175,16,48,1.875,0.0,
17177,16,48,2.0,0.0,
17178,16,48,1.938,0.0,
17179,16,48,1.938,0.0,
17180,16,48,1.938,0.0,
17181,16,48,1.938,0.0,
17182,16,48,1.938,0.0,
17183,16,48,1.938,0.0,
17185,16,48,2.062,0.0,
17187,16,48,2.0,0.0,
17189,16,48,2.0,0.0,
17191,16,48,1.938,0.0,
17193,16,48,1.938,0.0,
17194,16,64,2.0,0.0,
17195,16,64,2.0,0.0,
17197,16,64,2.0,0.0,
17199,16,64,2.0,0.0,
17201,16,64,2.125,0.0,
17202,16,64,2.188,0.0,
17203,16,64,2.188,0.0,
17204,16,64,2.125,0.0,
17205,16,64,2.125,0.0,
17207,16,64,2.125,0.0,
17208,16,64,2.062,0.0,
17209,16,64,2.062,0.0,
17211,16,64,2.125,0.0,
17213,16,64,2.125,0.0,
17214,16,64,2.062,0.0,
17215,16,64,2.062,0.0,
17216,16,64,2.125,0.0,
17217,16,64,2.125,0.0,
17218,16,64,2.188,0.0,
17219,16,64,2.188,0.0,
17221,16,64,2.125,0.0,
17223,16,64,2.062,0.0,
17225,16,64,2.125,0.0,
17226,16,64,2.188,0.0,
17227,16,64,2.188,0.0,
17228,16,64,2.0,0.0,
17229,16,64,2.0,0.0,
17231,16,80,2.125,0.0,
17232,16,80,2.125,0.0,
17233,16,80,2.125,0.0,
17234,16,80,2.125,0.0,
17235,16,80,2.125,0.0,
17236,16,80,2.188,0.0,
17237,16,80,2.188,0.0,
17239,16,80,2.062,0.0,
17240,16,80,2.125,0.0,
17241,16,80,2.125,0.0,
17242,16,80,2.188,0.0,
17243,16,80,2.188,0.0,
17245,16,80,2.125,0.0,
17247,16,80,2.188,0.0,
17248,16,80,2.188,0.0,
17249,16,80,2.188,0.0,
17251,16,80,2.062,0.0,
17253,16,80,2.188,0.0,
17254,16,80,2.062,0.0,
17255,16,80,2.062,0.0,
17257,16,80,2.25,0.0,
17259,16,80,2.062,0.0,
17260,16,80,2.188,0.0,
17261,16,80,2.188,0.0,
17263,16,80,2.125,0.0,
17265,16,80,2.188,0.0,
17266,16,96,2.25,0.0,
17267,16,96,2.25,0.0,
17269,16,96,2.25,0.0,
17271,16,96,2.25,0.0,
17273,16,96,2.188,0.0,
17274,16,96,2.25,0.0,
17275,16,96,2.25,0.0,
17276,16,96,2.25,0.0,
17277,16,96,2.25,0.0,
17278,16,96,2.188,0.0,
17279,16,96,2.188,0.0,
17280,16,96,2.25,0.0,
17281,16,96,2.25,0.0,
17282,16,96,2.188,0.0,
17283,16,96,2.188,0.0,
17284,6,12,1.333,0.0,
17285,16,96,2.25,0.0,
17286,16,96,2.188,0.0,
17287,16,96,2.188,0.0,
17288,16,96,2.188,0.0,
17289,16,96,2.188,0.0,
17290,10,20,1.8,0.0,
17291,16,96,2.188,0.0,
17292,16,96,2.125,0.0,
17293,16,96,2.125,0.0,
17294,16,96,2.25,0.0,
17295,16,96,2.25,0.0,
17296,16,96,2.188,0.0,
17297,16,96,2.188,0.0,
17298,14,28,1.786,0.0,
17299,16,96,2.125,0.0,
17300,16,96,2.188,0.0,
17301,16,96,2.188,0.0,
17302,18,36,1.667,0.0,
17303,18,36,1.667,0.0,
17304,18,36,1.667,0.0,
17305,20,40,2.05,0.0,
17306,18,36,1.722,0.0,
17307,18,36,2.056,0.0,
17308,18,36,2.056,0.0,
17309,22,44,1.818,0.0,
17310,18,36,1.833,0.0,
17311,18,36,1.667,0.0,
17312,18,36,1.667,0.0,
17313,24,48,2.0,0.0,
17314,18,36,2.111,0.0,
17315,26,52,2.423,0.0,
17316,18,36,1.778,0.0,
17317,18,36,2.111,0.0,
17318,18,36,2.111,0.0,
17319,18,36,1.944,0.0,
17320,18,36,1.944,0.0,
17321,18,36,1.722,0.0,
17322,18,36,1.722,0.0,
17323,34,68,2.382,0.0,
17324,18,36,1.722,0.0,
17325,18,36,1.944,0.0,
17326,18,36,1.944,0.0,
17327,38,76,2.526,0.0,
17328,18,36,1.667,0.0,
17329,18,36,1.944,0.0,
17330,18,36,1.944,0.0,
17331,40,80,2.65,0.0,
17332,18,36,1.722,0.0,
17333,44,88,2.864,0.0,
17334,18,36,1.833,0.0,
17335,18,54,2.0,0.0,
17336,18,54,2.0,0.0,
17337,48,96,2.875,0.0,
17338,18,54,2.0,0.0,
17339,18,54,2.0,0.0,
17340,18,54,2.0,0.0,
17341,18,54,2.111,0.0,
17342,18,54,2.111,0.0,
17343,56,112,3.321,0.0,
17344,18,54,2.222,0.0,
17345,62,124,3.403,0.01,
17346,18,54,2.222,0.0,
17347,68,136,3.485,0.01,
17348,18,54,2.111,0.0,
17349,18,54,2.278,0.0,
17350,18,54,2.278,0.0,
17351,18,54,2.278,0.0,
17352,18,54,2.278,0.0,
17353,80,160,4.325,0.02,
17354,18,54,2.0,0.0,
17355,18,54,2.111,0.0,
17356,18,54,2.111,0.0,
17357,88,176,4.261,0.01,
17358,18,54,2.222,0.0,
17359,18,54,2.222,0.0,
17360,18,54,2.222,0.0,
17361,96,192,4.479,0.02,
17362,18,54,2.056,0.0,
17363,104,208,4.952,0.02,
17364,18,54,2.167,0.0,
17365,112,224,5.33,0.03,
17366,18,54,2.167,0.0,
17367,112,224,5.339,0.03,
17368,18,54,2.0,0.0,
17369,18,54,2.167,0.0,
17370,18,54,2.167,0.0,
17371,134,268,6.209,0.05,
17372,18,72,2.111,0.0,
17373,18,72,2.111,0.0,
17374,18,72,2.111,0.0,
17375,18,72,2.111,0.0,
17376,18,72,2.111,0.0,
17377,160,320,6.869,0.08,
17378,18,72,2.333,0.0,
17379,18,72,2.389,0.0,
17380,18,72,2.389,0.0,
17381,18,72,2.333,0.0,
17382,18,72,2.333,0.0,
17383,18,72,2.278,0.0,
17384,18,72,2.278,0.0,
17386,18,72,2.389,0.0,
17388,18,72,2.444,0.0,
17389,18,72,2.278,0.0,
17390,18,72,2.278,0.0,
17392,18,72,2.444,0.0,
17394,18,72,2.389,0.0,
17395,18,72,2.333,0.0,
17396,18,72,2.333,0.0,
17397,18,72,2.222,0.0,
17398,18,72,2.222,0.0,
17400,18,72,2.389,0.0,
17402,18,72,2.278,0.0,
17403,18,72,2.333,0.0,
17404,18,72,2.333,0.0,
17405,18,72,2.389,0.0,
17406,18,72,2.389,0.0,
17408,18,90,2.389,0.0,
17409,18,90,2.389,0.0,
17410,18,90,2.389,0.0,
17411,18,90,2.389,0.0,
17412,18,90,2.389,0.0,
17413,18,90,2.5,0.0,
17414,18,90,2.5,0.0,
17416,18,90,2.444,0.0,
17418,18,90,2.444,0.0,
17419,18,90,2.5,0.0,
17420,18,90,2.5,0.0,
17422,18,90,2.611,0.0,
17424,18,90,2.444,0.0,
17426,18,90,2.5,0.0,
17427,18,90,2.556,0.0,
17428,18,90,2.556,0.0,
17429,18,90,2.5,0.0,
17430,18,90,2.5,0.0,
17431,18,90,2.444,0.0,
17432,18,90,2.444,0.0,
17434,18,90,2.444,0.0,
17436,18,90,2.278,0.0,
17438,18,90,2.389,0.0,
17440,18,90,2.556,0.0,
17442,18,90,2.444,0.0,
17444,18,108,2.5,0.0,
17445,18,108,2.5,0.0,
17446,18,108,2.5,0.0,
17447,18,108,2.5,0.0,
17448,18,108,2.5,0.0,
17449,18,108,2.5,0.0,
17450,18,108,2.5,0.0,
17452,18,108,2.556,0.0,
17454,18,108,2.5,0.0,
17455,18,108,2.556,0.0,
17456,18,108,2.556,0.0,
17458,18,108,2.611,0.0,
17460,18,108,2.611,0.0,
17462,18,108,2.444,0.0,
17463,18,108,2.556,0.0,
17464,18,108,2.556,0.0,
17465,18,108,2.556,0.0,
17466,18,108,2.556,0.0,
17467,18,108,2.556,0.0,
17468,18,108,2.556,0.0,
17470,18,108,2.611,0.0,
17472,18,108,2.5,0.0,
17474,18,108,2.444,0.0,
17475,18,108,2.667,0.0,
17476,18,108,2.667,0.0,
17477,18,108,2.611,0.0,
17478,18,108,2.611,0.0,
17479,20,40,1.8,0.0,
17480,20,40,1.8,0.0,
17481,20,40,1.8,0.0,
17483,20,40,1.9,0.0,
17484,20,40,1.85,0.0,
17485,20,40,1.85,0.0,
17486,20,40,1.95,0.0,
17487,20,40,1.95,0.0,
17489,20,40,2.0,0.0,
17491,20,40,2.1,0.0,
17493,20,40,1.85,0.0,
17495,20,40,2.05,0.0,
17496,20,40,2.2,0.0,
17497,20,40,2.2,0.0,
17498,20,40,2.0,0.0,
17499,20,40,2.0,0.0,
17500,20,40,1.65,0.0,
17501,20,40,1.65,0.0,
17503,20,40,2.0,0.0,
17505,20,40,2.05,0.0,
17507,20,40,1.95,0.0,
17508,20,40,2.05,0.0,
17509,20,40,2.05,0.0,
17511,20,40,2.0,0.0,
17512,6,12,1.333,0.0,
17513,20,60,2.05,0.0,
17514,20,60,2.05,0.0,
17515,20,60,2.05,0.0,
17516,20,60,2.05,0.0,
17517,20,60,2.05,0.0,
17518,20,60,2.35,0.0,
17519,20,60,2.35,0.0,
17520,10,20,1.7,0.0,
17521,20,60,2.25,0.0,
17522,12,24,1.583,0.0,
17523,20,60,2.35,0.0,
17524,20,60,2.35,0.0,
17525,20,60,2.35,0.0,
17526,14,28,1.857,0.0,
17527,20,60,2.35,0.0,
17528,16,32,1.812,0.0,
17529,20,60,2.5,0.0,
17530,20,60,2.5,0.0,
17531,20,60,2.5,0.0,
17532,18,36,1.667,0.0,
17533,20,60,2.4,0.0,
17534,20,40,2.0,0.0,
17535,20,60,2.4,0.0,
17536,22,44,1.909,0.0,
17537,20,60,2.15,0.0,
17538,20,60,2.25,0.0,
17539,20,60,2.25,0.0,
17540,20,60,2.1,0.0,
17541,20,60,2.1,0.0,
17542,20,60,2.35,0.0,
17543,20,60,2.35,0.0,
17544,26,52,2.038,0.0,
17545,20,60,2.25,0.0,
17546,28,56,2.429,0.0,
17547,20,60,2.35,0.0,
17548,20,80,2.2,0.0,
17549,20,80,2.2,0.0,
17550,20,80,2.2,0.0,
17551,20,80,2.2,0.0,
17552,20,80,2.2,0.0,
17553,20,80,2.2,0.0,
17554,20,80,2.45,0.0,
17555,20,80,2.45,0.0,
17556,38,76,2.316,0.0,
17557,20,80,2.6,0.0,
17558,40,80,2.9,0.0,
17559,20,80,2.6,0.0,
17560,20,80,2.5,0.0,
17561,20,80,2.5,0.0,
17562,44,88,2.841,0.0,
17563,20,80,2.35,0.0,
17564,48,96,3.167,0.0,
17565,20,80,2.5,0.0,
17566,52,104,3.0,0.0,
17567,20,80,2.7,0.0,
17568,20,80,2.6,0.0,
17569,20,80,2.6,0.0,
17570,56,112,3.286,0.0,
17571,20,80,2.6,0.0,
17572,62,124,3.677,0.01,
17573,20,80,2.4,0.0,
17574,20,80,2.35,0.0,
17575,20,80,2.35,0.0,
17576,20,80,2.45,0.0,
17577,20,80,2.45,0.0,
17578,20,80,2.55,0.0,
17579,20,80,2.55,0.0,
17580,74,148,3.973,0.01,
17581,20,80,2.4,0.0,
17582,80,160,4.062,0.01,
17583,20,80,2.4,0.0,
17584,20,100,2.4,0.0,
17585,20,100,2.4,0.0,
17586,88,176,4.511,0.01,
17587,20,100,2.4,0.0,
17588,96,192,4.844,0.02,
17589,20,100,2.4,0.0,
17590,104,208,5.058,0.03,
17591,20,100,2.5,0.0,
17592,20,100,2.7,0.0,
17593,20,100,2.7,0.0,
17594,20,100,2.55,0.0,
17595,20,100,2.55,0.0,
17596,20,100,2.6,0.0,
17597,20,100,2.6,0.0,
17598,122,244,5.828,0.04,
17599,20,100,2.75,0.0,
17600,134,268,6.03,0.04,
17601,20,100,2.65,0.0,
17602,20,100,2.6,0.0,
17603,20,100,2.6,0.0,
17604,146,292,6.705,0.06,
17605,20,100,2.65,0.0,
17606,160,320,7.019,0.09,
17607,20,100,2.5,0.0,
17608,20,100,2.7,0.0,
17609,20,100,2.7,0.0,
17610,174,348,7.54,0.11,
17611,20,100,2.4,0.0,
17613,20,100,2.35,0.0,
17615,20,100,2.7,0.0,
17616,20,100,2.5,0.0,
17617,20,100,2.5,0.0,
17618,20,100,2.55,0.0,
17619,20,100,2.55,0.0,
17620,20,120,2.55,0.0,
17621,20,120,2.55,0.0,
17623,20,120,2.55,0.0,
17625,20,120,2.55,0.0,
17627,20,120,2.7,0.0,
17628,20,120,2.8,0.0,
17629,20,120,2.8,0.0,
17630,20,120,2.75,0.0,
17631,20,120,2.75,0.0,
17632,20,120,2.75,0.0,
17633,20,120,2.75,0.0,
17635,20,120,2.75,0.0,
17637,20,120,2.7,0.0,
17638,20,120,2.75,0.0,
17639,20,120,2.75,0.0,
17640,20,120,2.75,0.0,
17641,20,120,2.75,0.0,
17642,20,120,2.7,0.0,
17643,20,120,2.7,0.0,
17645,20,120,2.75,0.0,
17646,20,120,2.7,0.0,
17647,20,120,2.7,0.0,
17648,20,120,2.7,0.0,
17649,20,120,2.7,0.0,
17650,20,120,2.65,0.0,
17651,20,120,2.65,0.0,
17653,20,120,2.55,0.0,
17655,20,120,2.55,0.0,
17656,22,44,1.636,0.0,
17657,22,44,1.636,0.0,
17658,22,44,1.636,0.0,
17659,22,44,1.636,0.0,
17660,22,44,1.636,0.0,
17662,22,44,1.955,0.0,
17664,22,44,1.909,0.0,
17666,22,44,2.045,0.0,
17667,22,44,2.045,0.0,
17668,22,44,2.045,0.0,
17670,22,44,2.045,0.0,
17672,22,44,2.091,0.0,
17673,22,44,1.818,0.0,
17674,22,44,1.818,0.0,
17675,22,44,1.864,0.0,
17676,22,44,1.864,0.0,
17677,22,44,1.909,0.0,
17678,22,44,1.909,0.0,
17680,22,44,2.091,0.0,
17682,22,44,1.909,0.0,
17684,22,44,2.136,0.0,
17685,22,44,2.182,0.0,
17686,22,44,2.182,0.0,
17687,22,44,2.045,0.0,
17688,22,44,2.045,0.0,
17690,22,66,2.045,0.0,
17691,22,66,2.045,0.0,
17692,22,66,2.045,0.0,
17693,22,66,2.045,0.0,
17694,22,66,2.045,0.0,
17695,22,66,2.364,0.0,
17696,22,66,2.364,0.0,
17697,22,66,2.318,0.0,
17698,22,66,2.318,0.0,
17699,22,66,2.273,0.0,
17700,22,66,2.273,0.0,
17701,22,66,2.455,0.0,
17702,22,66,2.455,0.0,
17704,22,66,2.364,0.0,
17706,22,66,2.318,0.0,
17708,22,66,2.182,0.0,
17710,22,66,2.545,0.0,
17712,22,66,2.227,0.0,
17713,22,66,2.364,0.0,
17714,22,66,2.364,0.0,
17716,22,66,2.227,0.0,
17718,22,66,2.5,0.0,
17719,22,66,2.409,0.0,
17720,22,66,2.409,0.0,
17722,22,66,2.455,0.0,
17724,22,66,2.364,0.0,
17725,22,88,2.227,0.0,
17726,22,88,2.227,0.0,
17728,22,88,2.227,0.0,
17729,22,88,2.227,0.0,
17730,22,88,2.227,0.0,
17732,22,88,2.5,0.0,
17733,22,88,2.5,0.0,
17734,22,88,2.5,0.0,
17735,22,88,2.364,0.0,
17736,22,88,2.364,0.0,
17738,22,88,2.682,0.0,
17739,22,88,2.591,0.0,
17740,22,88,2.591,0.0,
17741,22,88,2.545,0.0,
17742,22,88,2.545,0.0,
17743,8,16,1.375,0.0,
17744,22,88,2.727,0.0,
17745,22,88,2.636,0.0,
17746,22,88,2.636,0.0,
17747,10,20,1.6,0.0,
17748,22,88,2.545,0.0,
17749,12,24,1.75,0.0,
17750,22,88,2.545,0.0,
17751,22,88,2.636,0.0,
17752,22,88,2.636,0.0,
17753,22,88,2.364,0.0,
17754,22,88,2.364,0.0,
17755,22,88,2.591,0.0,
17756,22,88,2.591,0.0,
17757,22,88,2.545,0.0,
17758,22,88,2.545,0.0,
17759,22,88,2.5,0.0,
17760,22,88,2.5,0.0,
17761,20,40,1.95,0.0,
17762,22,110,2.409,0.0,
17763,22,110,2.409,0.0,
17764,22,110,2.409,0.0,
17765,22,110,2.409,0.0,
17766,22,110,2.409,0.0,
17767,22,110,2.545,0.0,
17768,22,110,2.545,0.0,
17769,24,48,2.167,0.0,
17770,22,110,2.636,0.0,
17771,26,52,2.269,0.0,
17772,22,110,2.591,0.0,
17773,22,110,2.591,0.0,
17774,22,110,2.591,0.0,
17775,28,56,2.571,0.0,
17776,22,110,2.773,0.0,
17777,32,64,2.469,0.0,
17778,22,110,2.682,0.0,
17779,22,110,2.636,0.0,
17780,22,110,2.636,0.0,
17781,34,68,2.647,0.0,
17782,22,110,2.773,0.0,
17783,38,76,2.632,0.0,
17784,22,110,2.636,0.0,
17785,40,80,2.9,0.0,
17786,22,110,2.636,0.0,
17787,22,110,2.727,0.0,
17788,22,110,2.727,0.0,
17789,22,110,2.682,0.0,
17790,22,110,2.682,0.0,
17791,22,110,2.682,0.0,
17792,22,110,2.682,0.0,
17793,48,96,3.021,0.0,
17794,22,110,2.682,0.0,
17795,52,104,3.385,0.0,
17796,22,110,2.682,0.0,
17797,56,112,3.054,0.0,
17798,22,132,2.545,0.0,
17799,56,112,3.214,0.0,
17800,22,132,2.545,0.0,
17801,62,124,3.726,0.01,
17802,22,132,2.545,0.0,
17803,68,136,3.588,0.01,
17804,22,132,2.818,0.0,
17805,22,132,2.727,0.0,
17806,22,132,2.727,0.0,
17807,22,132,2.727,0.0,
17808,22,132,2.727,0.0,
17809,80,160,4.3,0.01,
17810,22,132,2.682,0.0,
17811,22,132,2.636,0.0,
17812,22,132,2.636,0.0,
17813,22,132,2.727,0.0,
17814,22,132,2.727,0.0,
17815,22,132,2.682,0.0,
17816,22,132,2.682,0.0,
17817,96,192,4.75,0.03,
17818,22,132,2.773,0.0,
17819,104,208,5.154,0.03,
17820,22,132,2.682,0.0,
17821,112,224,5.179,0.03,
17822,22,132,2.682,0.0,
17823,22,132,2.727,0.0,
17824,22,132,2.727,0.0,
17825,22,132,2.727,0.0,
17826,22,132,2.727,0.0,
17827,22,132,2.727,0.0,
17828,22,132,2.727,0.0,
17829,134,268,5.754,0.05,
17830,22,132,2.727,0.0,
17831,146,292,6.589,0.06,
17832,22,132,2.727,0.0,
17833,160,320,7.169,0.09,
17834,22,220,2.818,0.0,
17835,22,220,2.818,0.0,
17836,22,220,2.818,0.0,
17837,22,220,2.818,0.0,
17838,22,220,2.818,0.0,
17839,22,220,2.818,0.0,
17840,22,220,2.818,0.0,
17841,22,220,2.818,0.0,
17842,22,220,2.818,0.0,
17843,22,220,2.818,0.0,
17844,22,220,2.818,0.0,
17846,22,220,2.818,0.0,
17847,22,220,2.773,0.0,
17848,22,220,2.773,0.0,
17849,22,220,2.818,0.0,
17850,22,220,2.818,0.0,
17851,22,220,2.818,0.0,
17852,22,220,2.818,0.0,
17854,22,220,2.818,0.0,
17856,22,220,2.818,0.0,
17858,22,220,2.773,0.0,
17859,22,220,2.818,0.0,
17860,22,220,2.818,0.0,
17861,22,220,2.818,0.0,
17862,22,220,2.818,0.0,
17863,22,220,2.818,0.0,
17864,22,220,2.818,0.0,
17866,22,220,2.818,0.0,
17868,22,220,2.818,0.0,
17869,24,48,1.667,0.0,
17870,24,48,1.667,0.0,
17871,24,48,1.667,0.0,
17873,24,48,1.917,0.0,
17874,24,48,1.833,0.0,
17875,24,48,1.833,0.0,
17876,24,48,1.875,0.0,
17877,24,48,1.875,0.0,
17879,24,48,2.167,0.0,
17880,24,48,2.083,0.0,
17881,24,48,2.083,0.0,
17882,24,48,2.083,0.0,
17883,24,48,2.083,0.0,
17884,24,48,1.958,0.0,
17885,24,48,1.958,0.0,
17887,24,48,2.25,0.0,
17889,24,48,2.0,0.0,
17890,24,48,2.167,0.0,
17891,24,48,2.167,0.0,
17893,24,48,2.333,0.0,
17895,24,48,2.0,0.0,
17897,24,48,2.208,0.0,
17898,24,48,1.917,0.0,
17899,24,48,1.917,0.0,
17900,24,48,2.167,0.0,
17901,24,48,2.167,0.0,
17902,24,72,2.0,0.0,
17903,24,72,2.0,0.0,
17905,24,72,2.0,0.0,
17907,24,72,2.0,0.0,
17909,24,72,2.333,0.0,
17911,24,72,2.25,0.0,
17913,24,72,2.042,0.0,
17914,24,72,2.458,0.0,
17915,24,72,2.458,0.0,
17917,24,72,2.375,0.0,
17919,24,72,2.375,0.0,
17921,24,72,2.375,0.0,
17922,24,72,2.458,0.0,
17923,24,72,2.458,0.0,
17924,24,72,2.5,0.0,
17925,24,72,2.5,0.0,
17926,24,72,2.417,0.0,
17927,24,72,2.417,0.0,
17929,24,72,2.417,0.0,
17930,24,72,2.292,0.0,
17931,24,72,2.292,0.0,
17932,24,72,2.458,0.0,
17933,24,72,2.458,0.0,
17935,24,72,2.542,0.0,
17937,24,72,2.25,0.0,
17938,24,96,2.167,0.0,
17939,24,96,2.167,0.0,
17941,24,96,2.167,0.0,
17943,24,96,2.167,0.0,
17945,24,96,2.5,0.0,
17946,24,96,2.417,0.0,
17947,24,96,2.417,0.0,
17948,24,96,2.5,0.0,
17949,24,96,2.5,0.0,
17950,24,96,2.458,0.0,
17951,24,96,2.458,0.0,
17953,24,96,2.5,0.0,
17955,24,96,2.583,0.0,
17957,24,96,2.625,0.0,
17958,24,96,2.625,0.0,
17959,24,96,2.625,0.0,
17960,24,96,2.625,0.0,
17961,24,96,2.625,0.0,
17962,24,96,2.625,0.0,
17963,24,96,2.625,0.0,
17965,24,96,2.625,0.0,
17967,24,96,2.583,0.0,
17968,8,24,1.5,0.0,
17969,24,96,2.708,0.0,
17970,8,24,1.5,0.0,
17971,24,96,2.542,0.0,
17972,10,30,1.7,0.0,
17973,24,96,2.5,0.0,
17974,24,120,2.375,0.0,
17975,24,120,2.375,0.0,
17976,12,36,1.917,0.0,
17977,24,120,2.375,0.0,
17978,14,42,1.929,0.0,
17979,24,120,2.375,0.0,
17980,24,120,2.667,0.0,
17981,24,120,2.667,0.0,
17982,16,48,1.875,0.0,
17983,24,120,2.75,0.0,
17984,18,54,2.0,0.0,
17985,24,120,2.667,0.0,
17986,20,60,2.05,0.0,
17987,24,120,2.625,0.0,
17988,24,120,2.583,0.0,
17989,24,120,2.583,0.0,
17990,24,120,2.542,0.0,
17991,24,120,2.542,0.0,
17992,24,72,2.0,0.0,
17993,24,120,2.625,0.0,
17994,24,120,2.667,0.0,
17995,24,120,2.667,0.0,
17996,24,120,2.708,0.0,
17997,24,120,2.708,0.0,
17998,28,84,2.107,0.0,
17999,24,120,2.625,0.0,
18000,28,84,2.107,0.0,
18001,24,120,2.708,0.0,
18002,30,90,2.1,0.0,
18003,24,120,2.667,0.0,
18004,32,96,2.062,0.0,
18005,24,120,2.708,0.0,
18006,24,120,2.5,0.0,
18007,24,120,2.5,0.0,
18008,24,120,2.708,0.0,
18009,24,120,2.708,0.0,
18010,38,114,2.132,0.0,
18011,24,144,2.542,0.0,
18012,24,144,2.542,0.0,
18013,24,144,2.542,0.0,
18014,24,144,2.542,0.0,
18015,24,144,2.542,0.0,
18016,24,144,2.667,0.0,
18017,24,144,2.667,0.0,
18018,46,138,2.152,0.0,
18019,24,144,2.75,0.0,
18020,24,144,2.667,0.0,
18021,24,144,2.667,0.0,
18022,24,144,2.708,0.0,
18023,24,144,2.708,0.0,
18024,54,162,2.167,0.0,
18025,24,144,2.667,0.0,
18026,58,174,2.172,0.0,
18027,24,144,2.583,0.0,
18028,24,144,2.75,0.0,
18029,24,144,2.75,0.0,
18030,64,192,2.156,0.01,
18031,24,144,2.75,0.0,
18032,70,210,2.186,0.01,
18033,24,144,2.75,0.0,
18034,24,144,2.75,0.0,
18035,24,144,2.75,0.0,
18036,76,228,2.197,0.01,
18037,24,144,2.708,0.0,
18038,82,246,2.195,0.01,
18039,24,144,2.75,0.0,
18040,24,144,2.75,0.0,
18041,24,144,2.75,0.0,
18042,90,270,2.2,0.01,
18043,24,144,2.708,0.0,
18044,98,294,2.204,0.01,
18045,24,144,2.75,0.0,
18046,106,318,2.208,0.03,
18047,24,240,2.833,0.0,
18048,24,240,2.833,0.0,
18049,24,240,2.833,0.0,
18050,24,240,2.833,0.0,
18051,24,240,2.833,0.0,
18052,24,240,2.833,0.0,
18053,24,240,2.833,0.0,
18054,126,378,2.214,0.03,
18055,24,240,2.792,0.0,
18056,138,414,2.217,0.03,
18057,24,240,2.833,0.0,
18058,150,450,2.22,0.04,
18059,24,240,2.833,0.0,
18060,150,450,2.22,0.04,
18061,24,240,2.792,0.0,
18062,164,492,2.226,0.05,
18063,24,240,2.792,0.0,
18064,24,240,2.792,0.0,
18065,24,240,2.792,0.0,
18066,178,534,2.225,0.07,
18067,24,240,2.833,0.0,
18069,24,240,2.833,0.0,
18070,24,240,2.833,0.0,
18071,24,240,2.833,0.0,
18073,24,240,2.792,0.0,
18075,24,240,2.75,0.0,
18077,24,240,2.833,0.0,
18078,24,240,2.833,0.0,
18079,24,240,2.833,0.0,
18081,24,240,2.792,0.0,
18082,26,52,1.577,0.0,
18083,26,52,1.577,0.0,
18084,26,52,1.577,0.0,
18086,26,52,2.038,0.0,
18087,26,52,1.846,0.0,
18088,26,52,1.846,0.0,
18090,26,52,2.0,0.0,
18091,26,52,2.038,0.0,
18092,26,52,2.038,0.0,
18094,26,52,2.077,0.0,
18096,26,52,2.077,0.0,
18097,26,52,2.423,0.0,
18098,26,52,2.423,0.0,
18099,26,52,2.423,0.0,
18100,26,52,2.423,0.0,
18101,26,52,2.346,0.0,
18102,26,52,2.346,0.0,
18104,26,52,2.308,0.0,
18105,26,52,2.077,0.0,
18106,26,52,2.077,0.0,
18108,26,52,2.038,0.0,
18109,26,52,2.038,0.0,
18110,26,52,2.038,0.0,
18112,26,52,2.269,0.0,
18114,26,52,2.385,0.0,
18115,26,78,2.077,0.0,
18116,26,78,2.077,0.0,
18118,26,78,2.077,0.0,
18119,26,78,2.077,0.0,
18120,26,78,2.077,0.0,
18121,26,78,2.5,0.0,
18122,26,78,2.5,0.0,
18124,26,78,2.346,0.0,
18126,26,78,2.346,0.0,
18127,26,78,2.615,0.0,
18128,26,78,2.615,0.0,
18129,26,78,2.769,0.0,
18130,26,78,2.769,0.0,
18131,26,78,2.538,0.0,
18132,26,78,2.538,0.0,
18134,26,78,2.615,0.0,
18135,26,78,2.654,0.0,
18136,26,78,2.654,0.0,
18137,26,78,2.423,0.0,
18138,26,78,2.423,0.0,
18139,26,78,2.5,0.0,
18140,26,78,2.5,0.0,
18142,26,78,2.5,0.0,
18144,26,78,2.5,0.0,
18146,26,78,2.5,0.0,
18148,26,78,2.692,0.0,
18149,26,78,2.5,0.0,
18150,26,78,2.5,0.0,
18152,26,104,2.231,0.0,
18153,26,104,2.231,0.0,
18154,26,104,2.231,0.0,
18155,26,104,2.231,0.0,
18156,26,104,2.231,0.0,
18158,26,104,2.654,0.0,
18159,26,104,2.615,0.0,
18160,26,104,2.615,0.0,
18161,26,104,2.808,0.0,
18162,26,104,2.808,0.0,
18163,26,104,2.692,0.0,
18164,26,104,2.692,0.0,
18166,26,104,2.923,0.0,
18167,26,104,2.769,0.0,
18168,26,104,2.769,0.0,
18169,26,104,2.731,0.0,
18170,26,104,2.731,0.0,
18172,26,104,2.808,0.0,
18174,26,104,2.846,0.0,
18175,26,104,2.692,0.0,
18176,26,104,2.692,0.0,
18178,26,104,2.692,0.0,
18179,26,104,2.731,0.0,
18180,26,104,2.731,0.0,
18181,26,104,2.615,0.0,
18182,26,104,2.615,0.0,
18184,26,104,2.731,0.0,
18186,26,104,2.577,0.0,
18188,26,130,2.538,0.0,
18189,26,130,2.538,0.0,
18190,26,130,2.538,0.0,
18191,26,130,2.538,0.0,
18192,26,130,2.538,0.0,
18193,26,130,2.923,0.0,
18194,26,130,2.923,0.0,
18196,26,130,3.0,0.0,
18197,8,24,1.5,0.0,
18198,26,130,2.923,0.0,
18199,10,30,1.7,0.0,
18200,26,130,2.923,0.0,
18201,26,130,2.923,0.0,
18202,26,130,2.923,0.0,
18203,26,130,3.0,0.0,
18204,26,130,3.0,0.0,
18205,26,130,2.846,0.0,
18206,26,130,2.846,0.0,
18207,14,42,1.929,0.0,
18208,26,130,2.808,0.0,
18209,16,48,2.0,0.0,
18210,26,130,2.923,0.0,
18211,18,54,2.111,0.0,
18212,26,130,2.962,0.0,
18213,26,130,2.808,0.0,
18214,26,130,2.808,0.0,
18215,26,130,3.0,0.0,
18216,26,130,3.0,0.0,
18217,26,130,2.962,0.0,
18218,26,130,2.962,0.0,
18219,22,66,2.273,0.0,
18220,26,130,2.846,0.0,
18221,24,72,2.25,0.0,
18222,26,130,2.885,0.0,
18223,26,78,2.5,0.0,
18224,26,156,2.692,0.0,
18225,26,156,2.692,0.0,
18226,26,156,2.692,0.0,
18227,26,156,2.692,0.0,
18228,26,156,2.692,0.0,
18229,26,156,3.115,0.0,
18230,26,156,3.115,0.0,
18231,30,90,2.633,0.0,
18232,26,156,3.115,0.0,
18233,32,96,2.75,0.0,
18234,26,156,3.038,0.0,
18235,26,156,2.962,0.0,
18236,26,156,2.962,0.0,
18237,36,108,2.694,0.0,
18238,26,156,3.077,0.0,
18239,26,156,3.077,0.0,
18240,26,156,3.077,0.0,
18241,26,156,2.923,0.0,
18242,26,156,2.923,0.0,
18243,42,126,3.262,0.0,
18244,26,156,2.962,0.0,
18245,46,138,3.348,0.01,
18246,26,156,3.0,0.0,
18247,50,150,3.46,0.01,
18248,26,156,2.923,0.0,
18249,26,156,3.077,0.0,
18250,26,156,3.077,0.0,
18251,26,156,2.885,0.0,
18252,26,156,2.885,0.0,
18253,26,156,2.923,0.0,
18254,26,156,2.923,0.0,
18255,58,174,3.586,0.01,
18256,26,156,3.077,0.0,
18257,64,192,4.016,0.01,
18258,26,156,3.038,0.0,
18259,70,210,3.914,0.01,
18260,26,260,3.231,0.0,
18261,26,260,3.231,0.0,
18262,26,260,3.231,0.0,
18263,26,260,3.231,0.0,
18264,26,260,3.231,0.0,
18265,26,260,3.308,0.0,
18266,26,260,3.308,0.0,
18267,82,246,4.854,0.01,
18268,26,260,3.192,0.0,
18269,90,270,5.044,0.02,
18270,26,260,3.269,0.0,
18271,26,260,3.269,0.0,
18272,26,260,3.269,0.0,
18273,98,294,5.48,0.02,
18274,26,260,3.308,0.0,
18275,106,318,5.67,0.03,
18276,26,260,3.192,0.0,
18277,116,348,6.259,0.03,
18278,26,260,3.192,0.0,
18279,26,260,3.154,0.0,
18280,26,260,3.154,0.0,
18281,126,378,6.159,0.05,
18282,26,260,3.269,0.0,
18283,138,414,6.761,0.06,
18284,26,260,3.308,0.0,
18285,26,260,3.192,0.0,
18286,26,260,3.192,0.0,
18287,26,260,3.269,0.0,
18288,26,260,3.269,0.0,
18289,26,260,3.231,0.0,
18290,26,260,3.231,0.0,
18291,164,492,8.006,0.14,
18292,26,260,3.231,0.0,
18293,178,534,8.236,0.12,
18294,26,260,3.154,0.0,
18295,28,56,1.679,0.0,
18296,28,56,1.679,0.0,
18297,28,56,1.679,0.0,
18299,28,56,2.143,0.0,
18300,28,56,1.893,0.0,
18301,28,56,1.893,0.0,
18302,28,56,1.929,0.0,
18303,28,56,1.929,0.0,
18305,28,56,2.179,0.0,
18306,28,56,2.286,0.0,
18307,28,56,2.286,0.0,
18308,28,56,2.071,0.0,
18309,28,56,2.071,0.0,
18311,28,56,2.286,0.0,
18312,28,56,2.321,0.0,
18313,28,56,2.321,0.0,
18314,28,56,2.393,0.0,
18315,28,56,2.393,0.0,
18316,28,56,2.143,0.0,
18317,28,56,2.143,0.0,
18319,28,56,2.429,0.0,
18321,28,56,2.429,0.0,
18323,28,56,2.357,0.0,
18324,28,56,2.393,0.0,
18325,28,56,2.393,0.0,
18326,28,56,2.571,0.0,
18327,28,56,2.571,0.0,
18328,28,84,2.107,0.0,
18329,28,84,2.107,0.0,
18330,28,84,2.107,0.0,
18331,28,84,2.107,0.0,
18332,28,84,2.107,0.0,
18333,28,84,2.107,0.0,
18334,28,84,2.571,0.0,
18335,28,84,2.571,0.0,
18337,28,84,2.643,0.0,
18339,28,84,2.429,0.0,
18340,28,84,2.536,0.0,
18341,28,84,2.536,0.0,
18343,28,84,2.893,0.0,
18345,28,84,2.75,0.0,
18347,28,84,2.571,0.0,
18348,28,84,2.536,0.0,
18349,28,84,2.536,0.0,
18351,28,84,2.786,0.0,
18353,28,84,2.679,0.0,
18354,28,84,2.571,0.0,
18355,28,84,2.571,0.0,
18356,28,84,2.75,0.0,
18357,28,84,2.75,0.0,
18358,28,84,2.714,0.0,
18359,28,84,2.714,0.0,
18361,28,84,2.786,0.0,
18363,28,84,2.75,0.0,
18364,28,112,2.286,0.0,
18365,28,112,2.286,0.0,
18367,28,112,2.286,0.0,
18369,28,112,2.286,0.0,
18370,28,112,2.893,0.0,
18371,28,112,2.893,0.0,
18373,28,112,2.857,0.0,
18375,28,112,2.821,0.0,
18376,28,112,2.857,0.0,
18377,28,112,2.857,0.0,
18379,28,112,2.786,0.0,
18381,28,112,2.929,0.0,
18383,28,112,2.893,0.0,
18384,28,112,2.786,0.0,
18385,28,112,2.786,0.0,
18386,28,112,3.0,0.0,
18387,28,112,3.0,0.0,
18388,28,112,2.857,0.0,
18389,28,112,2.857,0.0,
18390,28,112,2.821,0.0,
18391,28,112,2.821,0.0,
18392,28,112,3.071,0.0,
18393,28,112,3.071,0.0,
18394,28,112,2.786,0.0,
18395,28,112,2.786,0.0,
18397,28,112,2.893,0.0,
18399,28,112,2.893,0.0,
18400,28,140,2.536,0.0,
18401,28,140,2.536,0.0,
18403,28,140,2.536,0.0,
18405,28,140,2.536,0.0,
18407,28,140,3.179,0.0,
18408,28,140,2.893,0.0,
18409,28,140,2.893,0.0,
18410,28,140,3.071,0.0,
18411,28,140,3.071,0.0,
18412,28,140,3.179,0.0,
18413,28,140,3.179,0.0,
18415,28,140,2.821,0.0,
18417,28,140,3.036,0.0,
18418,28,140,3.036,0.0,
18419,28,140,3.036,0.0,
18420,28,140,3.036,0.0,
18421,28,140,3.036,0.0,
18422,28,140,2.786,0.0,
18423,28,140,2.786,0.0,
18424,8,24,1.375,0.0,
18425,28,140,3.071,0.0,
18426,28,140,3.143,0.0,
18427,28,140,3.143,0.0,
18428,28,140,2.964,0.0,
18429,28,140,2.964,0.0,
18430,28,140,3.0,0.0,
18431,28,140,3.0,0.0,
18432,12,36,2.0,0.0,
18433,28,140,3.071,0.0,
18434,14,42,1.857,0.0,
18435,28,140,3.107,0.0,
18436,28,168,2.75,0.0,
18437,28,168,2.75,0.0,
18438,16,48,1.875,0.0,
18439,28,168,2.75,0.0,
18440,28,168,2.75,0.0,
18441,28,168,2.75,0.0,
18442,28,168,3.286,0.0,
18443,28,168,3.286,0.0,
18444,20,60,2.5,0.0,
18445,28,168,3.107,0.0,
18446,22,66,2.364,0.0,
18447,28,168,3.107,0.0,
18448,24,72,2.458,0.0,
18449,28,168,3.071,0.0,
18450,28,168,3.214,0.0,
18451,28,168,3.214,0.0,
18452,28,168,3.036,0.0,
18453,28,168,3.036,0.0,
18454,28,84,2.536,0.0,
18455,28,168,3.25,0.0,
18456,28,168,3.143,0.0,
18457,28,168,3.143,0.0,
18458,28,168,3.0,0.0,
18459,28,168,3.0,0.0,
18460,28,168,3.25,0.0,
18461,28,168,3.25,0.0,
18462,32,96,2.719,0.0,
18463,28,168,3.0,0.0,
18464,36,108,2.944,0.0,
18465,28,168,3.0,0.0,
18466,38,114,2.974,0.0,
18467,28,168,3.071,0.0,
18468,28,168,3.214,0.0,
18469,28,168,3.214,0.0,
18470,28,168,3.107,0.0,
18471,28,168,3.107,0.0,
18472,28,280,3.286,0.0,
18473,28,280,3.286,0.0,
18474,46,138,3.457,0.0,
18475,28,280,3.286,0.0,
18476,50,150,3.74,0.0,
18477,28,280,3.286,0.0,
18478,54,162,3.833,0.0,
18479,28,280,3.357,0.0,
18480,54,162,3.778,0.0,
18481,28,280,3.357,0.0,
18482,58,174,4.017,0.01,
18483,28,280,3.357,0.0,
18484,64,192,4.125,0.01,
18485,28,280,3.321,0.0,
18486,28,280,3.321,0.0,
18487,28,280,3.321,0.0,
18488,28,280,3.321,0.0,
18489,28,280,3.321,0.0,
18490,76,228,4.671,0.01,
18491,28,280,3.321,0.0,
18492,28,280,3.321,0.0,
18493,28,280,3.321,0.0,
18494,28,280,3.286,0.0,
18495,28,280,3.286,0.0,
18496,90,270,5.467,0.02,
18497,28,280,3.179,0.0,
18498,28,280,3.286,0.0,
18499,28,280,3.286,0.0,
18500,98,294,5.622,0.02,
18501,28,280,3.286,0.0,
18502,106,318,6.009,0.03,
18503,28,280,3.214,0.0,
18504,28,280,3.286,0.0,
18505,28,280,3.286,0.0,
18506,28,280,3.214,0.0,
18507,28,280,3.214,0.0,
18508,126,378,6.865,0.04,
18509,30,90,2.1,0.0,
18510,126,378,6.921,0.04,
18511,30,90,2.1,0.0,
18512,138,414,7.399,0.06,
18513,30,90,2.1,0.0,
18514,150,450,7.687,0.07,
18515,30,90,2.6,0.0,
18516,30,90,2.733,0.0,
18517,30,90,2.733,0.0,
18518,30,90,2.633,0.0,
18519,30,90,2.633,0.0,
18520,178,534,9.073,0.11,
18521,30,90,2.833,0.0,
18522,30,90,2.9,0.0,
18523,30,90,2.9,0.0,
18524,30,90,2.467,0.0,
18525,30,90,2.467,0.0,
18526,30,90,2.8,0.0,
18527,30,90,2.8,0.0,
18529,30,90,2.867,0.0,
18530,30,90,2.8,0.0,
18531,30,90,2.8,0.0,
18532,30,90,2.767,0.0,
18533,30,90,2.767,0.0,
18535,30,90,2.767,0.0,
18537,30,90,2.667,0.0,
18539,30,90,2.733,0.0,
18540,30,90,2.7,0.0,
18541,30,90,2.7,0.0,
18542,30,90,2.867,0.0,
18543,30,90,2.867,0.0,
18544,30,180,2.667,0.0,
18545,30,180,2.667,0.0,
18547,30,180,2.667,0.0,
18549,30,180,2.667,0.0,
18551,30,180,3.133,0.0,
18552,30,180,3.067,0.0,
18553,30,180,3.067,0.0,
18554,30,180,3.2,0.0,
18555,30,180,3.2,0.0,
18556,30,180,3.133,0.0,
18557,30,180,3.133,0.0,
18559,30,180,3.1,0.0,
18560,30,180,3.133,0.0,
18561,30,180,3.133,0.0,
18563,30,180,3.267,0.0,
18564,30,180,3.233,0.0,
18565,30,180,3.233,0.0,
18566,30,180,3.167,0.0,
18567,30,180,3.167,0.0,
18569,30,180,3.167,0.0,
18570,30,180,3.1,0.0,
18571,30,180,3.1,0.0,
18572,30,180,3.133,0.0,
18573,30,180,3.133,0.0,
18574,30,180,3.167,0.0,
18575,30,180,3.167,0.0,
18577,30,180,3.167,0.0,
18579,30,180,3.2,0.0,
18580,32,64,1.594,0.0,
18581,32,64,1.594,0.0,
18582,32,64,1.594,0.0,
18584,32,64,2.344,0.0,
18585,32,64,2.0,0.0,
18586,32,64,2.0,0.0,
18587,32,64,1.906,0.0,
18588,32,64,1.906,0.0,
18590,32,64,2.562,0.0,
18592,32,64,2.344,0.0,
18594,32,64,2.281,0.0,
18595,32,64,2.375,0.0,
18596,32,64,2.375,0.0,
18598,32,64,2.562,0.0,
18599,32,64,2.594,0.0,
18600,32,64,2.594,0.0,
18601,32,64,2.281,0.0,
18602,32,64,2.281,0.0,
18604,32,64,2.562,0.0,
18606,32,64,2.281,0.0,
18607,32,64,2.469,0.0,
18608,32,64,2.469,0.0,
18609,32,64,2.469,0.0,
18610,32,64,2.469,0.0,
18611,32,64,2.438,0.0,
18612,32,64,2.438,0.0,
18614,32,96,2.062,0.0,
18615,32,96,2.062,0.0,
18616,32,96,2.062,0.0,
18618,32,96,2.062,0.0,
18620,32,96,2.688,0.0,
18621,32,96,2.75,0.0,
18622,32,96,2.75,0.0,
18623,32,96,2.719,0.0,
18624,32,96,2.719,0.0,
18625,32,96,2.75,0.0,
18626,32,96,2.75,0.0,
18628,32,96,3.094,0.0,
18630,32,96,2.719,0.0,
18631,32,96,2.844,0.0,
18632,32,96,2.844,0.0,
18634,32,96,2.938,0.0,
18636,32,96,2.594,0.0,
18638,32,96,2.75,0.0,
18639,32,96,2.844,0.0,
18640,32,96,2.844,0.0,
18641,32,96,2.844,0.0,
18642,32,96,2.844,0.0,
18643,32,96,2.781,0.0,
18644,32,96,2.781,0.0,
18646,32,96,2.781,0.0,
18648,32,96,2.562,0.0,
18649,32,128,2.219,0.0,
18650,32,128,2.219,0.0,
18652,32,128,2.219,0.0,
18653,8,24,1.375,0.0,
18654,32,128,2.219,0.0,
18655,10,30,1.8,0.0,
18656,32,128,2.938,0.0,
18657,32,128,3.062,0.0,
18658,32,128,3.062,0.0,
18659,12,36,1.917,0.0,
18660,32,128,3.0,0.0,
18661,14,42,2.0,0.0,
18662,32,128,2.969,0.0,
18663,32,128,3.125,0.0,
18664,32,128,3.125,0.0,
18665,32,128,3.031,0.0,
18666,32,128,3.031,0.0,
18667,18,54,2.0,0.0,
18668,32,128,3.031,0.0,
18669,32,128,3.0,0.0,
18670,32,128,3.0,0.0,
18671,32,128,3.0,0.0,
18672,32,128,3.0,0.0,
18673,22,66,2.182,0.0,
18674,32,128,3.031,0.0,
18675,32,128,2.969,0.0,
18676,32,128,2.969,0.0,
18677,24,72,2.458,0.0,
18678,32,128,3.156,0.0,
18679,26,78,2.615,0.0,
18680,32,128,2.875,0.0,
18681,32,128,2.906,0.0,
18682,32,128,2.906,0.0,
18683,32,128,3.062,0.0,
18684,32,128,3.062,0.0,
18685,30,90,2.8,0.0,
18686,32,160,2.5,0.0,
18687,32,160,2.5,0.0,
18688,32,160,2.5,0.0,
18689,32,160,2.5,0.0,
18690,32,160,2.5,0.0,
18691,32,160,3.094,0.0,
18692,32,160,3.094,0.0,
18693,36,108,3.194,0.0,
18694,32,160,3.188,0.0,
18695,38,114,3.105,0.0,
18696,32,160,3.062,0.0,
18697,32,160,3.156,0.0,
18698,32,160,3.156,0.0,
18699,42,126,3.405,0.0,
18700,32,160,3.125,0.0,
18701,46,138,3.435,0.0,
18702,32,160,3.062,0.0,
18703,50,150,3.78,0.0,
18704,32,160,3.094,0.0,
18705,32,160,3.188,0.0,
18706,32,160,3.188,0.0,
18707,32,160,3.156,0.0,
18708,32,160,3.156,0.0,
18709,32,160,3.094,0.0,
18710,32,160,3.094,0.0,
18711,58,174,4.0,0.01,
18712,32,160,3.156,0.0,
18713,64,192,4.406,0.01,
18714,32,160,3.094,0.0,
18715,70,210,4.471,0.01,
18716,32,160,3.188,0.0,
18717,32,160,3.125,0.0,
18718,32,160,3.125,0.0,
18719,32,160,3.125,0.0,
18720,32,160,3.125,0.0,
18721,82,246,5.11,0.01,
18722,32,320,3.25,0.0,
18723,32,320,3.25,0.0,
18724,32,320,3.25,0.0,
18725,32,320,3.25,0.0,
18726,32,320,3.25,0.0,
18727,32,320,3.312,0.0,
18728,32,320,3.312,0.0,
18729,98,294,5.908,0.03,
18730,32,320,3.375,0.0,
18731,106,318,6.057,0.04,
18732,32,320,3.344,0.0,
18733,32,320,3.312,0.0,
18734,32,320,3.312,0.0,
18735,116,348,6.302,0.03,
18736,32,320,3.344,0.0,
18737,126,378,6.952,0.05,
18738,32,320,3.344,0.0,
18739,32,320,3.312,0.0,
18740,32,320,3.312,0.0,
18741,138,414,7.522,0.07,
18742,32,320,3.312,0.0,
18743,150,450,7.76,0.12,
18744,32,320,3.281,0.0,
18745,164,492,8.689,0.09,
18746,32,320,3.344,0.0,
18747,32,320,3.344,0.0,
18748,32,320,3.344,0.0,
18749,32,320,3.344,0.0,
18750,32,320,3.344,0.0,
18751,32,320,3.375,0.0,
18752,32,320,3.375,0.0,
18754,32,320,3.344,0.0,
18756,32,320,3.344,0.0,
18757,34,68,1.559,0.0,
18758,34,68,1.559,0.0,
18759,34,68,1.559,0.0,
18761,34,68,2.294,0.0,
18762,34,68,2.206,0.0,
18763,34,68,2.206,0.0,
18764,34,68,1.882,0.0,
18765,34,68,1.882,0.0,
18767,34,68,2.441,0.0,
18768,34,68,2.618,0.0,
18769,34,68,2.618,0.0,
18771,34,68,2.412,0.0,
18773,34,68,2.382,0.0,
18774,34,68,2.441,0.0,
18775,34,68,2.441,0.0,
18776,34,68,2.235,0.0,
18777,34,68,2.235,0.0,
18778,34,68,2.735,0.0,
18779,34,68,2.735,0.0,
18781,34,68,2.618,0.0,
18783,34,68,2.382,0.0,
18785,34,68,2.676,0.0,
18786,34,68,2.529,0.0,
18787,34,68,2.529,0.0,
18788,34,68,2.647,0.0,
18789,34,68,2.647,0.0,
18791,34,136,2.324,0.0,
18792,34,136,2.324,0.0,
18793,34,136,2.324,0.0,
18794,34,136,2.324,0.0,
18795,34,136,2.324,0.0,
18796,34,136,3.176,0.0,
18797,34,136,3.176,0.0,
18799,34,136,3.118,0.0,
18800,34,136,3.176,0.0,
18801,34,136,3.176,0.0,
18803,34,136,3.206,0.0,
18804,34,136,3.265,0.0,
18805,34,136,3.265,0.0,
18806,34,136,3.118,0.0,
18807,34,136,3.118,0.0,
18808,34,136,3.088,0.0,
18809,34,136,3.088,0.0,
18810,34,136,3.176,0.0,
18811,34,136,3.176,0.0,
18812,34,136,3.059,0.0,
18813,34,136,3.059,0.0,
18814,34,136,3.147,0.0,
18815,34,136,3.147,0.0,
18817,34,136,3.176,0.0,
18819,34,136,3.147,0.0,
18821,34,136,3.206,0.0,
18822,34,136,3.0,0.0,
18823,34,136,3.0,0.0,
18824,34,136,3.235,0.0,
18825,34,136,3.235,0.0,
18826,34,170,2.618,0.0,
18827,34,170,2.618,0.0,
18829,34,170,2.618,0.0,
18831,34,170,2.618,0.0,
18833,34,170,3.441,0.0,
18834,34,170,3.265,0.0,
18835,34,170,3.265,0.0,
18836,34,170,3.353,0.0,
18837,34,170,3.353,0.0,
18838,34,170,3.324,0.0,
18839,34,170,3.324,0.0,
18840,34,170,3.471,0.0,
18841,34,170,3.471,0.0,
18842,34,170,3.324,0.0,
18843,34,170,3.324,0.0,
18845,34,170,3.294,0.0,
18846,34,170,3.118,0.0,
18847,34,170,3.118,0.0,
18848,34,170,3.441,0.0,
18849,34,170,3.441,0.0,
18851,34,170,3.294,0.0,
18852,34,170,3.294,0.0,
18853,34,170,3.294,0.0,
18854,34,170,3.353,0.0,
18855,34,170,3.353,0.0,
18856,34,170,3.265,0.0,
18857,34,170,3.265,0.0,
18859,34,170,3.412,0.0,
18860,34,170,3.412,0.0,
18861,34,170,3.412,0.0,
18863,34,204,2.765,0.0,
18864,34,204,2.765,0.0,
18865,34,204,2.765,0.0,
18866,34,204,2.765,0.0,
18867,34,204,2.765,0.0,
18868,34,204,3.5,0.0,
18869,34,204,3.5,0.0,
18871,34,204,3.412,0.0,
18873,34,204,3.412,0.0,
18875,34,204,3.471,0.0,
18876,34,204,3.382,0.0,
18877,34,204,3.382,0.0,
18878,34,204,3.353,0.0,
18879,34,204,3.353,0.0,
18880,34,204,3.559,0.0,
18881,34,204,3.559,0.0,
18882,8,24,1.5,0.0,
18883,34,204,3.412,0.0,
18884,10,30,2.0,0.0,
18885,34,204,3.471,0.0,
18886,34,204,3.5,0.0,
18887,34,204,3.5,0.0,
18888,12,36,1.917,0.0,
18889,34,204,3.471,0.0,
18890,14,42,2.0,0.0,
18891,34,204,3.441,0.0,
18892,16,48,1.938,0.0,
18893,34,204,3.382,0.0,
18894,34,204,3.382,0.0,
18895,34,204,3.382,0.0,
18896,34,204,3.412,0.0,
18897,34,204,3.412,0.0,
18898,34,340,3.529,0.0,
18899,34,340,3.529,0.0,
18900,34,340,3.529,0.0,
18901,34,340,3.529,0.0,
18902,34,340,3.529,0.0,
18903,34,340,3.529,0.0,
18904,34,340,3.765,0.0,
18905,34,340,3.765,0.0,
18906,24,72,2.292,0.0,
18907,34,340,3.647,0.0,
18908,26,78,2.5,0.0,
18909,34,340,3.618,0.0,
18910,28,84,2.679,0.0,
18911,34,340,3.618,0.0,
18912,34,340,3.676,0.0,
18913,34,340,3.676,0.0,
18914,34,340,3.765,0.0,
18915,34,340,3.765,0.0,
18916,32,96,2.75,0.0,
18917,34,340,3.676,0.0,
18918,34,340,3.706,0.0,
18919,34,340,3.706,0.0,
18920,36,108,3.028,0.0,
18921,34,340,3.735,0.0,
18922,34,340,3.676,0.0,
18923,34,340,3.676,0.0,
18924,38,114,3.132,0.0,
18925,34,340,3.647,0.0,
18926,42,126,3.19,0.0,
18927,34,340,3.647,0.0,
18928,46,138,3.652,0.0,
18929,34,340,3.647,0.0,
18930,34,340,3.618,0.0,
18931,34,340,3.618,0.0,
18932,34,340,3.647,0.0,
18933,34,340,3.647,0.0,
18934,36,108,2.139,0.0,
18935,36,108,2.139,0.0,
18936,54,162,3.778,0.01,
18937,36,108,2.139,0.0,
18938,58,174,4.017,0.01,
18939,36,108,2.139,0.0,
18940,64,192,4.047,0.01,
18941,36,108,2.889,0.0,
18942,36,108,3.028,0.0,
18943,36,108,3.028,0.0,
18944,36,108,2.694,0.0,
18945,36,108,2.694,0.0,
18946,76,228,4.75,0.01,
18947,36,108,3.278,0.0,
18948,36,108,2.944,0.0,
18949,36,108,2.944,0.0,
18950,82,246,4.963,0.01,
18951,36,108,2.972,0.0,
18952,90,270,5.233,0.02,
18953,36,108,2.917,0.0,
18954,36,108,3.139,0.0,
18955,36,108,3.139,0.0,
18956,36,108,3.194,0.0,
18957,36,108,3.194,0.0,
18958,36,108,3.028,0.0,
18959,36,108,3.028,0.0,
18960,106,318,6.047,0.04,
18961,36,108,3.028,0.0,
18962,116,348,6.638,0.04,
18963,36,108,2.972,0.0,
18964,126,378,7.016,0.05,
18965,36,108,3.111,0.0,
18966,36,108,3.167,0.0,
18967,36,108,3.167,0.0,
18968,36,108,3.056,0.0,
18969,36,108,3.056,0.0,
18970,36,144,2.361,0.0,
18971,36,144,2.361,0.0,
18972,150,450,7.893,0.07,
18973,36,144,2.361,0.0,
18974,164,492,8.665,0.1,
18975,36,144,2.361,0.0,
18976,178,534,9.258,0.22,
18977,36,144,3.333,0.0,
18978,36,144,3.361,0.0,
18979,36,144,3.361,0.0,
18980,36,144,3.139,0.0,
18981,36,144,3.139,0.0,
18983,36,144,3.111,0.0,
18984,36,144,3.306,0.0,
18985,36,144,3.306,0.0,
18986,36,144,3.389,0.0,
18987,36,144,3.389,0.0,
18988,36,144,3.278,0.0,
18989,36,144,3.278,0.0,
18990,36,144,3.194,0.0,
18991,36,144,3.194,0.0,
18992,36,144,3.361,0.0,
18993,36,144,3.361,0.0,
18994,36,144,3.389,0.0,
18995,36,144,3.389,0.0,
18997,36,144,3.194,0.0,
18999,36,144,3.361,0.0,
19001,36,144,3.278,0.0,
19002,36,144,3.333,0.0,
19003,36,144,3.333,0.0,
19004,36,144,3.306,0.0,
19005,36,144,3.306,0.0,
19006,36,216,2.806,0.0,
19007,36,216,2.806,0.0,
19009,36,216,2.806,0.0,
19011,36,216,2.806,0.0,
19013,36,216,3.639,0.0,
19014,36,216,3.667,0.0,
19015,36,216,3.667,0.0,
19016,36,216,3.556,0.0,
19017,36,216,3.556,0.0,
19018,36,216,3.444,0.0,
19019,36,216,3.444,0.0,
19020,36,216,3.556,0.0,
19021,36,216,3.556,0.0,
19022,36,216,3.528,0.0,
19023,36,216,3.528,0.0,
19025,36,216,3.472,0.0,
19026,36,216,3.639,0.0,
19027,36,216,3.639,0.0,
19028,36,216,3.5,0.0,
19029,36,216,3.5,0.0,
19031,36,216,3.389,0.0,
19032,36,216,3.667,0.0,
19033,36,216,3.667,0.0,
19034,36,216,3.5,0.0,
19035,36,216,3.5,0.0,
19036,36,216,3.528,0.0,
19037,36,216,3.528,0.0,
19039,36,216,3.556,0.0,
19040,36,216,3.556,0.0,
19041,36,216,3.556,0.0,
19042,38,76,1.553,0.0,
19043,38,76,1.553,0.0,
19044,38,76,1.553,0.0,
19046,38,76,2.158,0.0,
19048,38,76,2.421,0.0,
19050,38,76,1.974,0.0,
19051,38,76,2.526,0.0,
19052,38,76,2.526,0.0,
19054,38,76,2.579,0.0,
19056,38,76,2.5,0.0,
19058,38,76,2.579,0.0,
19059,38,76,2.526,0.0,
19060,38,76,2.526,0.0,
19061,38,76,2.816,0.0,
19062,38,76,2.816,0.0,
19064,38,76,2.711,0.0,
19065,38,76,2.763,0.0,
19066,38,76,2.763,0.0,
19067,38,76,2.316,0.0,
19068,38,76,2.316,0.0,
19069,38,76,2.868,0.0,
19070,38,76,2.868,0.0,
19072,38,76,2.632,0.0,
19074,38,76,2.553,0.0,
19075,38,114,2.132,0.0,
19076,38,114,2.132,0.0,
19077,38,114,2.132,0.0,
19078,38,114,2.132,0.0,
19079,38,114,2.132,0.0,
19080,38,114,2.132,0.0,
19081,38,114,3.026,0.0,
19082,38,114,3.026,0.0,
19084,38,114,3.0,0.0,
19086,38,114,2.947,0.0,
19087,38,114,2.974,0.0,
19088,38,114,2.974,0.0,
19089,38,114,3.079,0.0,
19090,38,114,3.079,0.0,
19091,38,114,3.026,0.0,
19092,38,114,3.026,0.0,
19094,38,114,3.184,0.0,
19095,38,114,3.105,0.0,
19096,38,114,3.105,0.0,
19097,38,114,3.263,0.0,
19098,38,114,3.263,0.0,
19099,38,114,2.974,0.0,
19100,38,114,2.974,0.0,
19102,38,114,3.132,0.0,
19104,38,114,3.132,0.0,
19106,38,114,3.211,0.0,
19107,38,114,3.184,0.0,
19108,38,114,3.184,0.0,
19109,38,114,3.053,0.0,
19110,38,114,3.053,0.0,
19111,10,30,1.9,0.0,
19112,38,190,2.605,0.0,
19113,38,190,2.605,0.0,
19114,38,190,2.605,0.0,
19115,38,190,2.605,0.0,
19116,38,190,2.605,0.0,
19117,38,190,3.605,0.0,
19118,38,190,3.605,0.0,
19119,14,42,2.071,0.0,
19120,38,190,3.474,0.0,
19121,16,48,1.938,0.0,
19122,38,190,3.474,0.0,
19123,38,190,3.605,0.0,
19124,38,190,3.605,0.0,
19125,18,54,2.167,0.0,
19126,38,190,3.605,0.0,
19127,20,60,2.25,0.0,
19128,38,190,3.526,0.0,
19129,22,66,2.409,0.0,
19130,38,190,3.368,0.0,
19131,38,190,3.579,0.0,
19132,38,190,3.579,0.0,
19133,38,190,3.605,0.0,
19134,38,190,3.605,0.0,
19135,38,190,3.526,0.0,
19136,38,190,3.526,0.0,
19137,26,78,2.5,0.0,
19138,38,190,3.474,0.0,
19139,28,84,2.786,0.0,
19140,38,190,3.526,0.0,
19141,38,190,3.474,0.0,
19142,38,190,3.474,0.0,
19143,30,90,2.867,0.0,
19144,38,190,3.526,0.0,
19145,32,96,2.781,0.0,
19146,38,190,3.447,0.0,
19147,38,380,3.526,0.0,
19148,38,380,3.526,0.0,
19149,36,108,3.056,0.0,
19150,38,380,3.526,0.0,
19151,38,114,3.184,0.0,
19152,38,380,3.526,0.0,
19153,42,126,3.333,0.0,
19154,38,380,3.842,0.0,
19155,38,380,3.816,0.0,
19156,38,380,3.816,0.0,
19157,38,380,3.763,0.0,
19158,38,380,3.763,0.0,
19159,50,150,3.82,0.0,
19160,38,380,3.816,0.0,
19161,38,380,3.737,0.0,
19162,38,380,3.737,0.0,
19163,38,380,3.816,0.0,
19164,38,380,3.816,0.0,
19165,38,380,3.816,0.0,
19166,38,380,3.816,0.0,
19167,58,174,3.948,0.01,
19168,38,380,3.868,0.0,
19169,64,192,4.172,0.01,
19170,38,380,3.789,0.0,
19171,70,210,4.729,0.01,
19172,38,380,3.763,0.0,
19173,38,380,3.816,0.0,
19174,38,380,3.816,0.0,
19175,38,380,3.789,0.0,
19176,38,380,3.789,0.0,
19177,38,380,3.868,0.0,
19178,38,380,3.868,0.0,
19179,82,246,5.146,0.01,
19180,38,380,3.658,0.0,
19181,38,380,3.789,0.0,
19182,38,380,3.789,0.0,
19183,40,80,1.575,0.0,
19184,40,80,1.575,0.0,
19185,40,80,1.575,0.0,
19186,40,80,2.425,0.0,
19187,40,80,2.425,0.0,
19188,106,318,6.274,0.03,
19189,40,80,2.275,0.0,
19190,40,80,1.875,0.0,
19191,40,80,1.875,0.0,
19192,126,378,7.071,0.04,
19193,40,80,2.575,0.0,
19194,40,80,2.475,0.0,
19195,40,80,2.475,0.0,
19196,40,80,2.625,0.0,
19197,40,80,2.625,0.0,
19198,40,80,2.625,0.0,
19199,40,80,2.625,0.0,
19200,150,450,7.84,0.11,
19201,40,80,2.725,0.0,
19202,164,492,8.518,0.15,
19203,40,80,2.65,0.0,
19204,178,534,9.258,0.2,
19205,40,80,2.75,0.0,
19206,40,80,2.9,0.0,
19207,40,80,2.9,0.0,
19208,40,80,2.75,0.0,
19209,40,80,2.75,0.0,
19211,40,80,2.9,0.0,
19212,40,80,2.55,0.0,
19213,40,80,2.55,0.0,
19214,40,80,2.75,0.0,
19215,40,80,2.75,0.0,
19216,40,160,2.325,0.0,
19217,40,160,2.325,0.0,
19219,40,160,2.325,0.0,
19221,40,160,2.325,0.0,
19223,40,160,3.4,0.0,
19224,40,160,3.325,0.0,
19225,40,160,3.325,0.0,
19226,40,160,3.375,0.0,
19227,40,160,3.375,0.0,
19229,40,160,3.375,0.0,
19231,40,160,3.45,0.0,
19233,40,160,3.375,0.0,
19235,40,160,3.45,0.0,
19236,40,160,3.55,0.0,
19237,40,160,3.55,0.0,
19238,40,160,3.325,0.0,
19239,40,160,3.325,0.0,
19240,40,160,3.525,0.0,
19241,40,160,3.525,0.0,
19243,40,160,3.425,0.0,
19245,40,160,3.575,0.0,
19247,40,160,3.4,0.0,
19248,40,160,3.225,0.0,
19249,40,160,3.225,0.0,
19251,40,160,3.4,0.0,
19252,40,200,2.575,0.0,
19253,40,200,2.575,0.0,
19255,40,200,2.575,0.0,
19257,40,200,2.575,0.0,
19259,40,200,3.5,0.0,
19261,40,200,3.6,0.0,
19263,40,200,3.65,0.0,
19265,40,200,3.6,0.0,
19266,40,200,3.625,0.0,
19267,40,200,3.625,0.0,
19268,40,200,3.65,0.0,
19269,40,200,3.65,0.0,
19271,40,200,3.525,0.0,
19272,40,200,3.625,0.0,
19273,40,200,3.625,0.0,
19274,40,200,3.525,0.0,
19275,40,200,3.525,0.0,
19277,40,200,3.525,0.0,
19278,40,200,3.5,0.0,
19279,40,200,3.5,0.0,
19281,40,200,3.7,0.0,
19283,40,200,3.575,0.0,
19284,40,200,3.6,0.0,
19285,40,200,3.6,0.0,
19286,40,200,3.5,0.0,
19287,40,200,3.5,0.0,
19289,40,240,2.725,0.0,
19290,40,240,2.725,0.0,
19291,40,240,2.725,0.0,
19292,40,240,2.725,0.0,
19293,40,240,2.725,0.0,
19294,40,240,3.8,0.0,
19295,40,240,3.8,0.0,
19297,40,240,3.7,0.0,
19299,40,240,3.575,0.0,
19300,40,240,3.725,0.0,
19301,40,240,3.725,0.0,
19303,40,240,3.7,0.0,
19305,40,240,3.725,0.0,
19306,40,240,3.65,0.0,
19307,40,240,3.65,0.0,
19309,40,240,3.625,0.0,
19311,40,240,3.6,0.0,
19312,40,240,3.675,0.0,
19313,40,240,3.675,0.0,
19315,40,240,3.525,0.0,
19317,40,240,3.725,0.0,
19319,40,240,3.75,0.0,
19321,40,240,3.6,0.0,
19323,40,240,3.675,0.0,
19325,40,400,3.5,0.0,
19326,40,400,3.5,0.0,
19327,40,400,3.5,0.0,
19328,40,400,3.5,0.0,
19329,40,400,3.5,0.0,
19330,40,400,3.825,0.0,
19331,40,400,3.825,0.0,
19333,40,400,3.85,0.0,
19335,40,400,3.775,0.0,
19336,10,40,2.0,0.0,
19337,40,400,3.825,0.0,
19338,40,400,3.85,0.0,
19339,40,400,3.85,0.0,
19340,12,48,1.917,0.0,
19341,40,400,3.825,0.0,
19342,40,400,3.825,0.0,
19343,40,400,3.825,0.0,
19344,14,56,2.0,0.0,
19345,40,400,3.775,0.0,
19346,16,64,2.0,0.0,
19347,40,400,3.8,0.0,
19348,40,400,3.875,0.0,
19349,40,400,3.875,0.0,
19350,18,72,2.111,0.0,
19351,40,400,3.775,0.0,
19352,20,80,2.2,0.0,
19353,40,400,3.8,0.0,
19354,22,88,2.227,0.0,
19355,40,400,3.775,0.0,
19356,40,400,3.825,0.0,
19357,40,400,3.825,0.0,
19358,40,400,3.825,0.0,
19359,40,400,3.825,0.0,
19360,42,126,2.143,0.0,
19361,42,126,2.143,0.0,
19362,26,104,2.231,0.0,
19363,42,126,2.143,0.0,
19364,28,112,2.286,0.0,
19365,42,126,2.143,0.0,
19366,32,128,2.219,0.0,
19367,42,126,3.286,0.0,
19368,42,126,3.119,0.0,
19369,42,126,3.119,0.0,
19370,34,136,2.324,0.0,
19371,42,126,3.262,0.0,
19372,42,126,3.19,0.0,
19373,42,126,3.19,0.0,
19374,36,144,2.361,0.0,
19375,42,126,3.262,0.0,
19376,40,160,2.325,0.0,
19377,42,126,3.405,0.0,
19378,44,176,2.386,0.0,
19379,42,126,3.429,0.0,
19380,42,126,3.405,0.0,
19381,42,126,3.405,0.0,
19382,42,126,3.405,0.0,
19383,42,126,3.405,0.0,
19384,42,126,3.262,0.0,
19385,42,126,3.262,0.0,
19386,52,208,2.423,0.0,
19387,42,126,3.19,0.0,
19388,56,224,2.393,0.0,
19389,42,126,3.214,0.0,
19390,42,126,3.333,0.0,
19391,42,126,3.333,0.0,
19392,62,248,2.435,0.01,
19393,42,126,3.333,0.0,
19394,68,272,2.456,0.01,
19395,42,126,3.381,0.0,
19396,44,88,1.614,0.0,
19397,44,88,1.614,0.0,
19398,44,88,1.614,0.0,
19399,44,88,2.455,0.0,
19400,44,88,2.455,0.0,
19401,80,320,2.425,0.01,
19402,44,88,2.295,0.0,
19403,86,344,2.477,0.01,
19404,44,88,2.318,0.0,
19405,94,376,2.479,0.02,
19406,44,88,3.0,0.0,
19407,94,376,2.479,0.02,
19408,44,88,2.886,0.0,
19409,44,88,2.818,0.0,
19410,44,88,2.818,0.0,
19411,112,448,2.464,0.02,
19412,44,88,2.932,0.0,
19413,44,88,2.864,0.0,
19414,44,88,2.864,0.0,
19415,44,88,2.75,0.0,
19416,44,88,2.75,0.0,
19417,134,536,2.507,0.03,
19418,44,88,3.0,0.0,
19419,134,536,2.507,0.03,
19420,44,88,2.977,0.0,
19421,146,584,2.507,0.05,
19422,44,88,2.841,0.0,
19423,158,632,2.513,0.06,
19424,44,88,3.136,0.0,
19425,44,88,2.886,0.0,
19426,44,88,2.886,0.0,
19427,44,88,2.886,0.0,
19428,44,88,2.886,0.0,
19429,44,176,2.386,0.0,
19430,44,176,2.386,0.0,
19432,44,176,2.386,0.0,
19434,44,176,2.386,0.0,
19436,44,176,3.568,0.0,
19437,44,176,3.659,0.0,
19438,44,176,3.659,0.0,
19440,44,176,3.5,0.0,
19442,44,176,3.432,0.0,
19443,44,176,3.727,0.0,
19444,44,176,3.727,0.0,
19445,44,176,3.75,0.0,
19446,44,176,3.75,0.0,
19447,44,176,3.75,0.0,
19448,44,176,3.75,0.0,
19449,44,176,3.727,0.0,
19450,44,176,3.727,0.0,
19451,44,176,3.727,0.0,
19452,44,176,3.727,0.0,
19454,44,176,3.795,0.0,
19455,44,176,3.614,0.0,
19456,44,176,3.614,0.0,
19457,44,176,3.705,0.0,
19458,44,176,3.705,0.0,
19460,44,176,3.659,0.0,
19461,44,176,3.568,0.0,
19462,44,176,3.568,0.0,
19463,44,176,3.636,0.0,
19464,44,176,3.636,0.0,
19465,44,220,2.659,0.0,
19466,44,220,2.659,0.0,
19468,44,220,2.659,0.0,
19470,44,220,2.659,0.0,
19472,44,220,4.068,0.0,
19473,44,220,3.864,0.0,
19474,44,220,3.864,0.0,
19475,44,220,3.727,0.0,
19476,44,220,3.727,0.0,
19478,44,220,3.864,0.0,
19479,44,220,3.864,0.0,
19480,44,220,3.864,0.0,
19482,44,220,3.909,0.0,
19484,44,220,3.977,0.0,
19485,44,220,3.841,0.0,
19486,44,220,3.841,0.0,
19487,44,220,3.841,0.0,
19488,44,220,3.841,0.0,
19489,44,220,4.068,0.0,
19490,44,220,4.068,0.0,
19492,44,220,3.886,0.0,
19494,44,220,3.909,0.0,
19496,44,220,3.932,0.0,
19497,44,220,3.75,0.0,
19498,44,220,3.75,0.0,
19499,44,220,4.0,0.0,
19500,44,220,4.0,0.0,
19501,44,264,2.841,0.0,
19502,44,264,2.841,0.0,
19504,44,264,2.841,0.0,
19506,44,264,2.841,0.0,
19508,44,264,4.068,0.0,
19509,44,264,4.023,0.0,
19510,44,264,4.023,0.0,
19511,44,264,3.932,0.0,
19512,44,264,3.932,0.0,
19514,44,264,4.0,0.01,
19515,44,264,3.977,0.0,
19516,44,264,3.977,0.0,
19517,44,264,4.045,0.01,
19518,44,264,4.045,0.01,
19519,44,264,3.977,0.01,
19520,44,264,3.977,0.01,
19522,44,264,3.773,0.01,
19524,44,264,4.0,0.0,
19526,44,264,4.023,0.0,
19527,44,264,3.977,0.0,
19528,44,264,3.977,0.0,
19529,44,264,4.114,0.0,
19530,44,264,4.114,0.0,
19531,44,264,3.955,0.0,
19532,44,264,3.955,0.0,
19534,44,264,3.955,0.0,
19536,44,264,3.977,0.0,
19538,44,440,3.727,0.0,
19539,44,440,3.727,0.0,
19540,44,440,3.727,0.0,
19542,44,440,3.727,0.0,
19544,44,440,4.318,0.0,
19545,44,440,4.227,0.0,
19546,44,440,4.227,0.0,
19547,44,440,4.364,0.01,
19548,44,440,4.364,0.01,
19550,44,440,4.182,0.0,
19551,44,440,4.182,0.0,
19552,44,440,4.182,0.0,
19553,44,440,4.182,0.0,
19554,44,440,4.182,0.0,
19555,44,440,4.205,0.0,
19556,44,440,4.205,0.0,
19558,44,440,4.205,0.0,
19559,10,40,2.0,0.0,
19560,44,440,4.25,0.0,
19561,12,48,2.167,0.0,
19562,44,440,4.25,0.0,
19563,44,440,4.205,0.0,
19564,44,440,4.205,0.0,
19565,44,440,4.205,0.0,
19566,44,440,4.205,0.0,
19567,44,440,4.227,0.0,
19568,44,440,4.227,0.0,
19569,16,64,2.125,0.0,
19570,44,440,4.273,0.0,
19571,18,72,2.389,0.0,
19572,44,440,4.25,0.0,
19573,46,138,2.152,0.0,
19574,46,138,2.152,0.0,
19575,20,80,2.6,0.0,
19576,46,138,2.152,0.0,
19577,22,88,2.5,0.0,
19578,46,138,2.152,0.0,
19579,46,138,3.152,0.0,
19580,46,138,3.152,0.0,
19581,24,96,2.5,0.0,
19582,46,138,3.348,0.0,
19583,26,104,2.615,0.0,
19584,46,138,3.478,0.0,
19585,28,112,2.893,0.0,
19586,46,138,3.457,0.0,
19587,46,138,3.63,0.0,
19588,46,138,3.63,0.0,
19589,32,128,3.062,0.0,
19590,46,138,3.457,0.0,
19591,34,136,3.176,0.0,
19592,46,138,3.457,0.0,
19593,46,138,3.435,0.0,
19594,46,138,3.435,0.0,
19595,46,138,3.457,0.0,
19596,46,138,3.457,0.0,
19597,46,138,3.652,0.0,
19598,46,138,3.652,0.0,
19599,46,138,3.587,0.01,
19600,46,138,3.587,0.01,
19601,46,138,3.348,0.0,
19602,46,138,3.348,0.0,
19603,46,138,3.652,0.01,
19604,46,138,3.652,0.0,
19605,48,192,3.604,0.0,
19606,46,138,3.478,0.0,
19607,52,208,4.25,0.0,
19608,46,138,3.565,0.0,
19609,48,96,1.562,0.0,
19610,48,96,1.562,0.0,
19611,48,96,1.562,0.0,
19612,62,248,4.355,0.01,
19613,48,96,2.354,0.0,
19614,48,96,2.625,0.0,
19615,48,96,2.625,0.0,
19616,48,96,2.688,0.0,
19617,48,96,2.688,0.0,
19618,74,296,5.095,0.01,
19619,48,96,2.938,0.0,
19620,48,96,2.979,0.0,
19621,48,96,2.979,0.0,
19622,48,96,2.854,0.0,
19623,48,96,2.854,0.0,
19624,48,96,3.146,0.0,
19625,48,96,3.146,0.0,
19626,86,344,5.558,0.02,
19627,48,96,3.021,0.0,
19628,94,376,5.968,0.02,
19629,48,96,2.875,0.0,
19630,48,96,3.188,0.0,
19631,48,96,3.188,0.0,
19632,102,408,6.431,0.02,
19633,48,96,3.167,0.0,
19634,112,448,6.875,0.04,
19635,48,96,3.042,0.0,
19636,122,488,7.0,0.05,
19637,48,96,3.0,0.0,
19638,48,96,3.104,0.0,
19639,48,96,3.104,0.0,
19640,48,96,3.021,0.0,
19641,48,96,3.021,0.0,
19642,48,192,2.333,0.0,
19643,48,192,2.333,0.0,
19644,146,584,8.034,0.06,
19645,48,192,2.333,0.0,
19646,158,632,8.848,0.1,
19647,48,192,2.333,0.0,
19648,172,688,9.39,0.13,
19649,48,192,3.688,0.0,
19650,172,688,9.541,0.12,
19651,48,192,3.688,0.0,
19653,48,192,3.604,0.0,
19654,48,192,3.833,0.0,
19655,48,192,3.833,0.0,
19657,48,192,3.833,0.0,
19659,48,192,3.708,0.0,
19661,48,192,3.958,0.0,
19662,48,192,3.771,0.0,
19663,48,192,3.771,0.0,
19664,48,192,3.812,0.0,
19665,48,192,3.812,0.0,
19666,48,192,3.708,0.0,
19667,48,192,3.708,0.0,
19669,48,192,3.896,0.0,
19670,48,192,3.854,0.0,
19671,48,192,3.854,0.0,
19672,48,192,3.875,0.0,
19673,48,192,3.875,0.0,
19675,48,192,3.792,0.0,
19677,48,192,3.833,0.0,
19679,48,240,2.625,0.0,
19681,48,240,2.625,0.0,
19683,48,240,2.625,0.0,
19685,48,240,3.771,0.0,
19686,48,240,4.0,0.0,
19687,48,240,4.0,0.0,
19688,48,240,3.771,0.0,
19689,48,240,3.771,0.0,
19690,48,240,3.854,0.0,
19691,48,240,3.854,0.0,
19693,48,240,4.021,0.0,
19695,48,240,3.917,0.0,
19696,48,240,3.958,0.0,
19697,48,240,3.958,0.01,
19699,48,240,4.062,0.01,
19700,48,240,4.083,0.01,
19701,48,240,4.083,0.01,
19703,48,240,3.938,0.01,
19704,48,240,3.958,0.01,
19705,48,240,3.958,0.01,
19706,48,240,4.062,0.01,
19707,48,240,4.062,0.0,
19708,48,240,4.0,0.0,
19709,48,240,4.0,0.0,
19711,48,240,4.125,0.0,
19713,48,240,4.146,0.0,
19714,48,288,2.771,0.0,
19715,48,288,2.771,0.0,
19717,48,288,2.771,0.0,
19719,48,288,2.771,0.0,
19720,48,288,4.021,0.0,
19721,48,288,4.021,0.0,
19723,48,288,4.042,0.0,
19725,48,288,4.125,0.0,
19727,48,288,4.146,0.0,
19728,48,288,4.104,0.0,
19729,48,288,4.104,0.0,
19730,48,288,4.083,0.0,
19731,48,288,4.083,0.0,
19733,48,288,4.083,0.0,
19734,48,288,4.146,0.0,
19735,48,288,4.146,0.0,
19736,48,288,4.208,0.0,
19737,48,288,4.208,0.0,
19739,48,288,4.104,0.0,
19741,48,288,3.938,0.0,
19743,48,288,4.042,0.0,
19745,48,288,4.146,0.0,
19746,48,288,4.167,0.0,
19747,48,288,4.167,0.0,
19748,48,288,4.188,0.0,
19749,48,288,4.188,0.0,
19750,48,480,3.667,0.01,
19751,48,480,3.667,0.01,
19753,48,480,3.667,0.01,
19755,48,480,3.667,0.01,
19757,48,480,4.333,0.0,
19758,48,480,4.333,0.0,
19759,48,480,4.333,0.0,
19761,48,480,4.292,0.0,
19763,48,480,4.292,0.0,
19764,48,480,4.375,0.0,
19765,48,480,4.375,0.0,
19766,48,480,4.333,0.0,
19767,48,480,4.333,0.0,
19769,48,480,4.292,0.0,
19770,48,480,4.333,0.0,
19771,48,480,4.333,0.0,
19772,48,480,4.354,0.0,
19773,48,480,4.354,0.01,
19775,48,480,4.375,0.0,
19776,48,480,4.229,0.01,
19777,48,480,4.229,0.01,
19778,48,480,4.354,0.01,
19779,48,480,4.354,0.0,
19780,10,40,2.0,0.0,
19781,48,480,4.312,0.0,
19782,48,480,4.312,0.01,
19783,48,480,4.312,0.01,
19784,48,480,4.25,0.01,
19785,48,480,4.25,0.01,
19786,50,150,2.16,0.0,
19787,50,150,2.16,0.0,
19788,14,56,2.143,0.0,
19789,50,150,2.16,0.0,
19790,50,150,2.16,0.0,
19791,50,150,2.16,0.0,
19792,50,150,3.46,0.0,
19793,50,150,3.46,0.0,
19794,18,72,2.444,0.0,
19795,50,150,3.56,0.0,
19796,20,80,2.35,0.0,
19797,50,150,3.5,0.0,
19798,50,150,3.68,0.0,
19799,50,150,3.68,0.0,
19800,50,150,3.74,0.0,
19801,50,150,3.74,0.0,
19802,50,150,3.54,0.0,
19803,50,150,3.54,0.0,
19804,50,150,3.78,0.0,
19805,50,150,3.78,0.0,
19806,26,104,2.769,0.0,
19807,50,150,3.76,0.0,
19808,28,112,2.786,0.0,
19809,50,150,3.84,0.0,
19810,50,150,3.7,0.0,
19811,50,150,3.7,0.0,
19812,32,128,3.031,0.0,
19813,50,150,3.66,0.0,
19814,34,136,3.265,0.0,
19815,50,150,3.66,0.0,
19816,36,144,3.111,0.0,
19817,50,150,3.82,0.0,
19818,50,150,3.78,0.0,
19819,50,150,3.78,0.0,
19820,50,150,3.4,0.0,
19821,50,150,3.4,0.0,
19822,52,104,1.596,0.0,
19823,52,104,1.596,0.0,
19824,52,104,1.596,0.0,
19825,52,104,2.404,0.0,
19826,52,104,2.404,0.0,
19827,48,192,3.708,0.0,
19828,52,104,2.673,0.0,
19829,52,104,2.846,0.0,
19830,52,104,2.846,0.0,
19831,56,224,4.071,0.0,
19832,52,104,3.192,0.0,
19833,52,104,2.885,0.0,
19834,52,104,2.885,0.0,
19835,52,104,2.981,0.0,
19836,52,104,2.981,0.0,
19837,68,272,4.779,0.01,
19838,52,104,3.173,0.0,
19839,68,272,4.912,0.01,
19840,52,104,3.173,0.0,
19841,74,296,5.189,0.01,
19842,52,104,2.981,0.0,
19843,52,104,3.0,0.0,
19844,52,104,3.0,0.0,
19845,80,320,5.525,0.01,
19846,52,104,3.192,0.0,
19847,86,344,5.674,0.02,
19848,52,104,3.192,0.0,
19849,94,376,5.947,0.02,
19850,52,104,3.173,0.0,
19851,52,104,3.385,0.0,
19852,52,104,3.385,0.0,
19853,52,104,3.231,0.0,
19854,52,104,3.231,0.0,
19855,52,208,2.423,0.0,
19856,52,208,2.423,0.0,
19857,112,448,6.786,0.03,
19858,52,208,2.423,0.0,
19859,52,208,2.423,0.0,
19860,52,208,2.423,0.0,
19861,52,208,4.269,0.0,
19862,52,208,4.269,0.0,
19863,134,536,7.948,0.06,
19864,52,208,4.25,0.0,
19865,146,584,8.562,0.07,
19866,52,208,3.904,0.0,
19867,52,208,3.923,0.01,
19868,52,208,3.923,0.0,
19869,158,632,9.0,0.1,
19870,52,208,4.115,0.0,
19871,52,208,4.096,0.0,
19872,52,208,4.096,0.0,
19874,52,208,4.173,0.0,
19875,52,208,4.0,0.0,
19876,52,208,4.0,0.0,
19877,52,208,4.173,0.0,
19878,52,208,4.173,0.0,
19879,52,208,4.058,0.0,
19880,52,208,4.058,0.0,
19882,52,208,4.019,0.0,
19884,52,208,4.096,0.0,
19886,52,208,4.173,0.0,
19888,52,208,4.096,0.0,
19890,52,208,4.154,0.0,
19892,52,260,2.692,0.0,
19893,52,260,2.692,0.01,
19894,52,260,2.692,0.01,
19895,52,260,2.692,0.01,
19896,52,260,2.692,0.01,
19897,52,260,4.308,0.01,
19898,52,260,4.308,0.01,
19900,52,260,4.308,0.01,
19902,52,260,4.288,0.01,
19903,52,260,4.346,0.01,
19904,52,260,4.346,0.01,
19906,52,260,4.173,0.01,
19908,52,260,4.346,0.0,
19910,52,260,4.231,0.01,
19911,52,260,4.173,0.0,
19912,52,260,4.173,0.0,
19913,52,260,4.192,0.0,
19914,52,260,4.192,0.0,
19915,52,260,4.25,0.0,
19916,52,260,4.25,0.0,
19918,52,260,4.25,0.0,
19920,52,260,4.404,0.0,
19922,52,260,4.135,0.0,
19923,52,260,4.154,0.01,
19924,52,260,4.154,0.01,
19925,52,260,4.231,0.0,
19926,52,260,4.231,0.0,
19927,52,312,2.865,0.0,
19928,52,312,2.865,0.0,
19930,52,312,2.865,0.0,
19932,52,312,2.865,0.0,
19934,52,312,4.346,0.0,
19935,52,312,4.596,0.0,
19936,52,312,4.596,0.0,
19937,52,312,4.423,0.0,
19938,52,312,4.423,0.0,
19939,52,312,4.404,0.0,
19940,52,312,4.404,0.0,
19942,52,312,4.519,0.0,
19944,52,312,4.577,0.0,
19946,52,312,4.327,0.0,
19947,52,312,4.385,0.0,
19948,52,312,4.385,0.0,
19949,52,312,4.192,0.01,
19950,52,312,4.192,0.01,
19951,52,312,4.385,0.0,
19952,52,312,4.385,0.0,
19954,52,312,4.442,0.0,
19956,52,312,4.462,0.0,
19958,52,312,4.577,0.01,
19959,52,312,4.385,0.01,
19960,52,312,4.385,0.01,
19961,52,312,4.385,0.01,
19962,52,312,4.385,0.01,
19963,52,520,3.846,0.01,
19964,52,520,3.846,0.01,
19966,52,520,3.846,0.01,
19968,52,520,3.846,0.01,
19970,52,520,4.712,0.0,
19971,52,520,4.673,0.01,
19972,52,520,4.673,0.01,
19973,52,520,4.692,0.0,
19974,52,520,4.692,0.0,
19976,52,520,4.712,0.0,
19977,52,520,4.712,0.01,
19978,52,520,4.712,0.01,
19980,52,520,4.731,0.0,
19982,52,520,4.615,0.01,
19983,52,520,4.635,0.01,
19984,52,520,4.635,0.0,
19985,52,520,4.808,0.0,
19986,52,520,4.808,0.01,
19987,52,520,4.769,0.01,
19988,52,520,4.769,0.01,
19990,52,520,4.673,0.01,
19992,52,520,4.654,0.0,
19994,52,520,4.692,0.0,
19995,52,520,4.654,0.01,
19996,52,520,4.654,0.01,
19997,52,520,4.731,0.0,
19998,52,520,4.731,0.0,
20000,54,162,2.167,0.0,
20001,54,162,2.167,0.0,
20002,54,162,2.167,0.0,
20003,54,162,2.167,0.0,
20004,54,162,2.167,0.0,
20005,54,162,3.741,0.0,
20006,54,162,3.741,0.0,
20007,54,162,3.463,0.01,
20008,54,162,3.463,0.0,
20009,14,56,2.143,0.0,
20010,54,162,3.852,0.0,
20011,16,64,2.125,0.0,
20012,54,162,3.833,0.0,
20013,54,162,3.796,0.0,
20014,54,162,3.796,0.0,
20015,54,162,3.778,0.0,
20016,54,162,3.778,0.0,
20017,54,162,3.907,0.0,
20018,54,162,3.907,0.0,
20019,20,80,2.6,0.0,
20020,54,162,4.037,0.0,
20021,22,88,2.636,0.0,
20022,54,162,3.722,0.0,
20023,54,162,3.796,0.0,
20024,54,162,3.796,0.0,
20025,24,96,2.625,0.0,
20026,54,162,3.796,0.0,
20027,26,104,2.808,0.0,
20028,54,162,3.778,0.0,
20029,54,162,4.056,0.0,
20030,54,162,4.056,0.0,
20031,54,162,3.87,0.0,
20032,54,162,3.87,0.0,
20033,54,162,4.019,0.0,
20034,54,162,4.019,0.0,
20035,56,112,1.554,0.0,
20036,56,112,1.554,0.0,
20037,56,112,1.554,0.0,
20038,56,112,2.714,0.0,
20039,56,112,2.714,0.0,
20040,36,144,3.361,0.0,
20041,56,112,2.554,0.0,
20042,40,160,3.55,0.0,
20043,56,112,3.0,0.0,
20044,56,112,3.268,0.0,
20045,56,112,3.268,0.0,
20046,44,176,3.727,0.0,
20047,56,112,3.214,0.0,
20048,48,192,3.771,0.0,
20049,56,112,3.161,0.0,
20050,56,112,3.375,0.0,
20051,56,112,3.375,0.0,
20052,52,208,4.173,0.0,
20053,56,112,3.214,0.0,
20054,56,224,4.321,0.01,
20055,56,112,3.321,0.0,
20056,62,248,4.548,0.01,
20057,56,112,3.589,0.0,
20058,56,112,3.286,0.0,
20059,56,112,3.286,0.0,
20060,56,112,3.357,0.0,
20061,56,112,3.357,0.0,
20062,56,112,3.054,0.0,
20063,56,112,3.054,0.0,
20064,74,296,5.027,0.01,
20065,56,112,3.429,0.0,
20066,80,320,5.312,0.01,
20067,56,112,3.214,0.0,
20068,86,344,5.605,0.02,
20069,56,224,2.393,0.0,
20070,86,344,6.0,0.01,
20071,56,224,2.393,0.0,
20072,94,376,6.16,0.02,
20073,56,224,2.393,0.0,
20074,102,408,6.392,0.02,
20075,56,224,4.143,0.01,
20076,56,224,4.018,0.0,
20077,56,224,4.018,0.0,
20078,56,224,4.125,0.01,
20079,56,224,4.125,0.01,
20080,122,488,7.18,0.06,
20081,56,224,4.071,0.01,
20082,56,224,4.286,0.01,
20083,56,224,4.286,0.01,
20084,56,224,4.179,0.01,
20085,56,224,4.179,0.01,
20086,56,224,3.982,0.01,
20087,56,224,3.982,0.01,
20088,146,584,8.644,0.09,
20089,56,224,4.321,0.01,
20090,56,224,4.196,0.01,
20091,56,224,4.196,0.01,
20092,56,224,4.321,0.01,
20093,56,224,4.321,0.01,
20094,172,688,9.901,0.18,
20095,56,224,4.232,0.01,
20097,56,224,4.357,0.0,
20099,56,224,4.232,0.0,
20100,56,224,4.268,0.0,
20101,56,224,4.268,0.0,
20102,56,224,4.286,0.0,
20103,56,224,4.286,0.0,
20104,56,336,2.804,0.01,
20105,56,336,2.804,0.01,
20107,56,336,2.804,0.01,
20109,56,336,2.804,0.01,
20111,56,336,4.482,0.0,
20112,56,336,4.375,0.0,
20113,56,336,4.375,0.0,
20114,56,336,4.393,0.0,
20115,56,336,4.393,0.0,
20116,56,336,4.518,0.0,
20117,56,336,4.518,0.01,
20119,56,336,4.625,0.0,
20120,56,336,4.607,0.0,
20121,56,336,4.607,0.0,
20123,56,336,4.482,0.0,
20124,56,336,4.554,0.0,
20125,56,336,4.554,0.0,
20126,56,336,4.536,0.0,
20127,56,336,4.536,0.01,
20129,56,336,4.625,0.0,
20130,56,336,4.429,0.01,
20131,56,336,4.429,0.01,
20132,56,336,4.571,0.01,
20133,56,336,4.571,0.01,
20134,56,336,4.429,0.01,
20135,56,336,4.429,0.01,
20137,56,336,4.5,0.0,
20139,56,336,4.536,0.0,
20141,58,174,2.172,0.0,
20142,58,174,2.172,0.0,
20143,58,174,2.172,0.0,
20144,58,174,2.172,0.0,
20145,58,174,2.172,0.0,
20146,58,174,3.603,0.01,
20147,58,174,3.603,0.01,
20149,58,174,3.914,0.01,
20150,58,174,3.586,0.01,
20151,58,174,3.586,0.01,
20153,58,174,4.0,0.01,
20154,58,174,4.017,0.01,
20155,58,174,4.017,0.01,
20156,58,174,3.776,0.01,
20157,58,174,3.776,0.01,
20158,58,174,3.862,0.01,
20159,58,174,3.862,0.01,
20161,58,174,3.966,0.01,
20163,58,174,4.0,0.01,
20165,58,174,4.052,0.01,
20166,58,174,4.017,0.01,
20167,58,174,4.017,0.01,
20168,58,174,3.966,0.01,
20169,58,174,3.966,0.01,
20171,58,174,4.0,0.01,
20172,58,174,4.069,0.01,
20173,58,174,4.069,0.01,
20174,58,174,3.948,0.01,
20175,58,174,3.948,0.01,
20176,58,290,2.724,0.01,
20177,58,290,2.724,0.01,
20179,58,290,2.724,0.01,
20180,58,290,2.724,0.01,
20181,58,290,2.724,0.01,
20182,58,290,4.552,0.01,
20183,58,290,4.552,0.01,
20185,58,290,4.534,0.01,
20187,58,290,4.483,0.01,
20189,58,290,4.569,0.01,
20190,58,290,4.586,0.01,
20191,58,290,4.586,0.01,
20192,58,290,4.534,0.01,
20193,58,290,4.534,0.01,
20195,58,290,4.724,0.01,
20196,58,290,4.638,0.01,
20197,58,290,4.638,0.01,
20198,58,290,4.466,0.01,
20199,58,290,4.466,0.01,
20201,58,290,4.483,0.01,
20202,58,290,4.621,0.01,
20203,58,290,4.621,0.01,
20204,58,290,4.414,0.01,
20205,58,290,4.414,0.01,
20206,58,290,4.569,0.01,
20207,58,290,4.569,0.01,
20209,58,290,4.569,0.01,
20211,58,290,4.672,0.01,
20212,58,580,3.931,0.01,
20213,58,580,3.931,0.01,
20215,58,580,3.931,0.01,
20217,58,580,3.931,0.01,
20219,58,580,5.0,0.01,
20221,58,580,5.138,0.01,
20223,58,580,4.966,0.01,
20224,10,40,2.0,0.0,
20225,58,580,5.052,0.01,
20226,58,580,4.948,0.01,
20227,58,580,4.948,0.01,
20228,58,580,5.017,0.01,
20229,58,580,5.017,0.01,
20230,14,56,2.071,0.0,
20231,58,580,5.034,0.01,
20232,58,580,5.086,0.01,
20233,58,580,5.086,0.01,
20234,58,580,4.931,0.01,
20235,58,580,4.931,0.01,
20236,18,72,2.333,0.0,
20237,58,580,4.948,0.01,
20238,58,580,5.017,0.01,
20239,58,580,5.017,0.01,
20240,20,80,2.35,0.0,
20241,58,580,5.017,0.01,
20242,22,88,2.545,0.0,
20243,58,580,5.086,0.01,
20244,58,580,4.983,0.01,
20245,58,580,4.983,0.01,
20246,58,580,5.0,0.01,
20247,58,580,5.0,0.01,
20248,62,124,1.532,0.0,
20249,62,124,1.532,0.0,
20250,62,124,1.532,0.0,
20251,62,124,2.79,0.0,
20252,62,124,2.79,0.0,
20253,28,112,3.071,0.0,
20254,62,124,3.129,0.01,
20255,32,128,2.969,0.0,
20256,62,124,3.129,0.01,
20257,62,124,3.5,0.01,
20258,62,124,3.5,0.01,
20259,34,136,3.147,0.0,
20260,62,124,3.403,0.01,
20261,36,144,3.194,0.0,
20262,62,124,3.242,0.01,
20263,62,124,3.5,0.01,
20264,62,124,3.5,0.01,
20265,40,160,3.575,0.0,
20266,62,124,3.403,0.01,
20267,44,176,3.614,0.0,
20268,62,124,3.645,0.01,
20269,62,124,3.677,0.01,
20270,62,124,3.677,0.01,
20271,48,192,3.854,0.01,
20272,62,124,3.677,0.01,
20273,52,208,4.019,0.0,
20274,62,124,3.645,0.01,
20275,56,224,4.321,0.0,
20276,62,124,3.468,0.01,
20277,62,124,3.726,0.01,
20278,62,124,3.726,0.01,
20279,62,248,4.581,0.01,
20280,62,124,3.387,0.01,
20281,68,272,4.868,0.01,
20282,62,248,2.435,0.01,
20283,62,248,2.435,0.01,
20284,62,248,2.435,0.01,
20285,62,248,2.435,0.01,
20286,62,248,2.435,0.01,
20287,80,320,5.4,0.01,
20288,62,248,4.355,0.01,
20289,80,320,5.35,0.01,
20290,62,248,4.339,0.01,
20291,86,344,5.709,0.01,
20292,62,248,4.452,0.01,
20293,94,376,5.968,0.02,
20294,62,248,4.435,0.01,
20295,62,248,4.452,0.01,
20296,62,248,4.452,0.01,
20297,102,408,6.294,0.02,
20298,62,248,4.387,0.01,
20299,62,248,4.548,0.01,
20300,62,248,4.548,0.01,
20301,112,448,6.893,0.03,
20302,62,248,4.565,0.01,
20303,122,488,7.336,0.05,
20304,62,248,4.597,0.01,
20305,62,248,4.5,0.01,
20306,62,248,4.5,0.01,
20307,134,536,7.933,0.06,
20308,62,248,4.581,0.01,
20309,62,248,4.484,0.01,
20310,62,248,4.484,0.01,
20311,158,632,9.127,0.1,
20312,62,248,4.532,0.01,
20313,62,248,4.887,0.01,
20314,62,248,4.887,0.01,
20315,62,248,4.532,0.01,
20316,62,248,4.532,0.01,
20318,62,310,2.71,0.01,
20319,62,310,2.71,0.01,
20320,62,310,2.71,0.01,
20321,62,310,2.71,0.01,
20322,62,310,2.71,0.01,
20323,62,310,4.758,0.01,
20324,62,310,4.758,0.01,
20326,62,310,4.661,0.01,
20328,62,310,4.629,0.01,
20329,62,310,4.645,0.01,
20330,62,310,4.645,0.01,
20332,62,310,4.758,0.01,
20334,62,310,4.661,0.01,
20336,62,310,4.742,0.01,
20337,62,310,4.677,0.01,
20338,62,310,4.677,0.01,
20340,62,310,4.71,0.01,
20342,62,310,4.774,0.01,
20343,62,310,4.871,0.01,
20344,62,310,4.871,0.01,
20345,62,310,4.71,0.01,
20346,62,310,4.71,0.01,
20347,62,310,4.806,0.01,
20348,62,310,4.806,0.01,
20350,62,310,4.71,0.01,
20352,62,310,4.806,0.01,
20354,62,372,2.839,0.01,
20355,62,372,2.839,0.01,
20356,62,372,2.839,0.01,
20357,62,372,2.839,0.01,
20358,62,372,2.839,0.01,
20359,62,372,4.919,0.01,
20360,62,372,4.919,0.01,
20362,62,372,4.855,0.01,
20364,62,372,4.71,0.01,
20365,62,372,4.935,0.01,
20366,62,372,4.935,0.01,
20368,62,372,4.984,0.01,
20370,62,372,5.016,0.01,
20372,62,372,5.0,0.01,
20373,62,372,4.903,0.01,
20374,62,372,4.903,0.01,
20375,62,372,4.871,0.01,
20376,62,372,4.871,0.01,
20377,62,372,4.823,0.01,
20378,62,372,4.823,0.01,
20379,62,372,5.016,0.01,
20380,62,372,5.016,0.01,
20381,62,372,4.871,0.01,
20382,62,372,4.871,0.01,
20383,62,372,5.016,0.01,
20384,62,372,5.016,0.01,
20386,62,372,4.887,0.01,
20388,62,372,4.919,0.01,
20390,62,620,3.903,0.01,
20391,62,620,3.903,0.01,
20392,62,620,3.903,0.01,
20393,62,620,3.903,0.01,
20394,62,620,3.903,0.01,
20395,62,620,5.29,0.01,
20396,62,620,5.29,0.01,
20398,62,620,5.306,0.01,
20400,62,620,5.242,0.01,
20401,62,620,5.258,0.01,
20402,62,620,5.258,0.01,
20404,62,620,5.129,0.01,
20406,62,620,5.29,0.01,
20408,62,620,5.29,0.01,
20409,62,620,5.194,0.01,
20410,62,620,5.194,0.01,
20411,62,620,5.242,0.01,
20412,62,620,5.242,0.01,
20413,62,620,5.242,0.01,
20414,62,620,5.242,0.01,
20416,62,620,5.226,0.01,
20418,62,620,5.226,0.01,
20420,62,620,5.129,0.01,
20421,62,620,5.21,0.01,
20422,62,620,5.21,0.01,
20423,62,620,5.177,0.01,
20424,62,620,5.177,0.01,
20425,64,192,2.156,0.0,
20426,64,192,2.156,0.01,
20428,64,192,2.156,0.0,
20430,64,192,2.156,0.0,
20432,64,192,3.922,0.01,
20433,64,192,4.016,0.01,
20434,64,192,4.016,0.01,
20435,64,192,3.797,0.01,
20436,64,192,3.797,0.01,
20438,64,192,4.125,0.01,
20439,64,192,4.328,0.01,
20440,64,192,4.328,0.01,
20441,64,192,4.344,0.01,
20442,64,192,4.344,0.01,
20444,64,192,4.188,0.01,
20445,64,192,4.406,0.01,
20446,64,192,4.406,0.01,
20447,10,40,2.0,0.0,
20448,64,192,4.25,0.01,
20449,64,192,4.047,0.01,
20450,64,192,4.047,0.01,
20451,64,192,4.328,0.01,
20452,64,192,4.328,0.01,
20453,64,192,4.328,0.01,
20454,64,192,4.328,0.01,
20455,64,192,4.25,0.01,
20456,64,192,4.25,0.01,
20457,64,192,4.172,0.01,
20458,64,192,4.172,0.01,
20459,64,192,4.297,0.01,
20460,64,192,4.297,0.01,
20461,20,80,2.55,0.0,
20462,66,396,2.879,0.01,
20463,66,396,2.879,0.01,
20464,66,396,2.879,0.01,
20465,66,396,2.879,0.01,
20466,66,396,2.879,0.01,
20467,66,396,5.03,0.01,
20468,66,396,5.03,0.01,
20469,24,96,2.5,0.0,
20470,66,396,5.121,0.01,
20471,26,104,2.731,0.0,
20472,66,396,5.03,0.01,
20473,66,396,5.152,0.01,
20474,66,396,5.152,0.01,
20475,28,112,2.893,0.0,
20476,66,396,5.106,0.01,
20477,32,128,2.906,0.0,
20478,66,396,5.348,0.01,
20479,34,136,3.206,0.0,
20480,66,396,5.136,0.01,
20481,34,136,3.235,0.0,
20482,66,396,5.091,0.01,
20483,36,144,3.333,0.0,
20484,66,396,5.091,0.01,
20485,40,160,3.4,0.0,
20486,66,396,5.212,0.01,
20487,66,396,5.152,0.01,
20488,66,396,5.152,0.01,
20489,66,396,5.121,0.01,
20490,66,396,5.121,0.01,
20491,66,396,5.076,0.01,
20492,66,396,5.076,0.01,
20493,48,192,3.833,0.0,
20494,66,396,5.152,0.01,
20495,52,208,4.096,0.0,
20496,66,396,5.121,0.01,
20497,68,136,1.574,0.01,
20498,68,136,1.574,0.0,
20499,68,136,1.574,0.01,
20500,62,248,4.532,0.01,
20501,68,136,3.103,0.01,
20502,68,136,2.897,0.01,
20503,68,136,2.897,0.01,
20504,68,136,2.824,0.01,
20505,68,136,2.824,0.01,
20506,74,296,5.095,0.01,
20507,68,136,3.559,0.01,
20508,68,136,3.691,0.01,
20509,68,136,3.691,0.01,
20510,80,320,5.4,0.01,
20511,68,136,3.853,0.01,
20512,86,344,5.698,0.02,
20513,68,136,3.485,0.01,
20514,68,136,3.706,0.01,
20515,68,136,3.706,0.01,
20516,68,136,3.956,0.01,
20517,68,136,3.956,0.01,
20518,68,136,3.721,0.01,
20519,68,136,3.721,0.01,
20520,102,408,6.392,0.02,
20521,68,136,4.029,0.01,
20522,112,448,6.839,0.04,
20523,68,136,4.015,0.01,
20524,122,488,7.418,0.05,
20525,68,136,3.588,0.01,
20526,68,136,3.662,0.01,
20527,68,136,3.662,0.01,
20528,68,136,3.853,0.01,
20529,68,136,3.853,0.01,
20530,146,584,8.507,0.08,
20531,68,272,2.456,0.01,
20532,68,272,2.456,0.01,
20533,68,272,2.456,0.01,
20534,68,272,2.456,0.01,
20535,68,272,2.456,0.01,
20536,68,272,4.574,0.01,
20537,68,272,4.574,0.01,
20538,172,688,9.762,0.15,
20539,68,272,4.647,0.01,
20541,68,272,4.456,0.01,
20542,68,272,4.779,0.01,
20543,68,272,4.779,0.01,
20545,68,272,4.75,0.01,
20547,68,272,4.912,0.01,
20549,68,272,4.721,0.01,
20551,68,272,4.794,0.01,
20553,68,272,5.059,0.01,
20555,68,272,4.868,0.01,
20556,68,272,4.809,0.01,
20557,68,272,4.809,0.01,
20558,68,272,4.868,0.01,
20559,68,272,4.868,0.01,
20560,68,272,4.853,0.01,
20561,68,272,4.853,0.01,
20563,68,272,4.838,0.01,
20565,68,272,4.912,0.01,
20567,68,340,2.735,0.01,
20568,68,340,2.735,0.01,
20569,68,340,2.735,0.01,
20570,68,340,2.735,0.01,
20571,68,340,2.735,0.01,
20572,68,340,4.882,0.01,
20573,68,340,4.882,0.01,
20575,68,340,5.147,0.01,
20577,68,340,4.971,0.01,
20579,68,340,5.044,0.01,
20581,68,340,4.985,0.01,
20583,68,340,5.088,0.01,
20584,68,340,4.897,0.01,
20585,68,340,4.897,0.01,
20587,68,340,5.103,0.01,
20589,68,340,4.985,0.01,
20590,68,340,5.103,0.01,
20591,68,340,5.103,0.01,
20593,68,340,5.059,0.01,
20595,68,340,5.088,0.01,
20597,68,340,5.088,0.01,
20598,68,340,5.088,0.01,
20599,68,340,5.088,0.01,
20600,68,340,5.029,0.01,
20601,68,340,5.029,0.01,
20603,68,680,4.0,0.02,
20604,68,680,4.0,0.02,
20605,68,680,4.0,0.02,
20606,68,680,4.0,0.02,
20607,68,680,4.0,0.02,
20608,68,680,5.676,0.01,
20609,68,680,5.676,0.01,
20611,68,680,5.618,0.01,
20613,68,680,5.662,0.01,
20615,68,680,5.529,0.01,
20616,68,680,5.603,0.01,
20617,68,680,5.603,0.01,
20618,68,680,5.588,0.01,
20619,68,680,5.588,0.01,
20620,68,680,5.515,0.01,
20621,68,680,5.515,0.01,
20623,68,680,5.647,0.01,
20625,68,680,5.544,0.01,
20626,68,680,5.647,0.01,
20627,68,680,5.647,0.01,
20629,68,680,5.647,0.01,
20631,68,680,5.603,0.01,
20633,68,680,5.544,0.01,
20634,68,680,5.574,0.01,
20635,68,680,5.574,0.01,
20636,68,680,5.618,0.01,
20637,68,680,5.618,0.01,
20639,70,210,2.186,0.01,
20640,70,210,2.186,0.01,
20641,70,210,2.186,0.01,
20642,70,210,2.186,0.01,
20643,70,210,2.186,0.01,
20644,70,210,3.914,0.01,
20645,70,210,3.914,0.01,
20647,70,210,4.143,0.01,
20649,70,210,4.3,0.01,
20651,70,210,4.5,0.01,
20652,70,210,4.257,0.01,
20653,70,210,4.257,0.01,
20654,70,210,4.486,0.01,
20655,70,210,4.486,0.01,
20656,70,210,4.471,0.01,
20657,70,210,4.471,0.01,
20659,70,210,4.529,0.01,
20661,70,210,4.629,0.01,
20663,70,210,4.414,0.01,
20664,70,210,4.743,0.01,
20665,70,210,4.743,0.01,
20666,70,210,4.686,0.01,
20667,70,210,4.686,0.01,
20668,70,210,4.729,0.01,
20669,70,210,4.729,0.01,
20670,70,210,4.657,0.01,
20671,70,210,4.657,0.01,
20672,70,210,4.671,0.01,
20673,70,210,4.671,0.01,
20674,16,80,2.125,0.0,
20675,72,432,2.847,0.01,
20676,72,432,2.847,0.01,
20677,72,432,2.847,0.01,
20678,72,432,2.847,0.01,
20679,72,432,2.847,0.01,
20680,20,100,2.4,0.0,
20681,72,432,5.333,0.01,
20682,72,432,5.403,0.01,
20683,72,432,5.403,0.01,
20684,72,432,5.458,0.01,
20685,72,432,5.458,0.01,
20686,72,432,5.306,0.01,
20687,72,432,5.306,0.01,
20688,24,120,2.375,0.0,
20689,72,432,5.444,0.01,
20690,26,130,2.538,0.0,
20691,72,432,5.319,0.01,
20692,72,432,5.542,0.01,
20693,72,432,5.542,0.01,
20694,28,140,2.536,0.0,
20695,72,432,5.417,0.01,
20696,32,160,2.5,0.0,
20697,72,432,5.528,0.01,
20698,72,432,5.361,0.01,
20699,72,432,5.361,0.01,
20700,72,432,5.389,0.01,
20701,72,432,5.389,0.01,
20702,72,432,5.347,0.01,
20703,72,432,5.347,0.01,
20704,72,432,5.306,0.01,
20705,72,432,5.306,0.01,
20706,40,200,2.575,0.0,
20707,72,432,5.389,0.01,
20708,44,220,2.659,0.0,
20709,72,432,5.444,0.01,
20710,74,148,1.527,0.01,
20711,74,148,1.527,0.01,
20712,74,148,1.527,0.01,
20713,74,148,3.459,0.01,
20714,74,148,3.459,0.01,
20715,52,260,2.692,0.0,
20716,74,148,3.419,0.01,
20717,58,290,2.724,0.01,
20718,74,148,2.824,0.01,
20719,74,148,3.757,0.01,
20720,74,148,3.757,0.01,
20721,62,310,2.71,0.01,
20722,74,148,3.919,0.01,
20723,68,340,2.735,0.01,
20724,74,148,3.865,0.01,
20725,74,148,4.095,0.01,
20726,74,148,4.095,0.01,
20727,74,370,2.757,0.01,
20728,74,148,3.986,0.01,
20729,74,148,3.743,0.01,
20730,74,148,3.743,0.01,
20731,74,148,3.716,0.01,
20732,74,148,3.716,0.01,
20733,88,440,2.739,0.02,
20734,74,148,3.973,0.02,
20735,96,480,2.75,0.03,
20736,74,148,3.973,0.02,
20737,104,520,2.76,0.03,
20738,74,148,4.041,0.01,
20739,104,520,2.76,0.02,
20740,74,148,3.851,0.01,
20741,114,570,2.798,0.03,
20742,74,148,4.176,0.01,
20743,124,620,2.798,0.04,
20744,74,296,2.446,0.01,
20745,74,296,2.446,0.01,
20746,74,296,2.446,0.01,
20747,74,296,2.446,0.01,
20748,74,296,2.446,0.01,
20749,74,296,5.095,0.01,
20750,74,296,5.095,0.01,
20751,146,730,2.815,0.09,
20752,74,296,5.095,0.02,
20753,160,800,2.8,0.11,
20754,74,296,4.865,0.01,
20755,174,870,2.816,0.09,
20756,74,296,4.878,0.01,
20757,174,870,2.816,0.09,
20758,74,296,5.189,0.01,
20760,74,296,5.149,0.01,
20761,74,296,5.081,0.01,
20762,74,296,5.081,0.01,
20764,74,296,5.189,0.01,
20766,74,296,5.027,0.01,
20767,74,296,5.162,0.01,
20768,74,296,5.162,0.01,
20769,74,296,5.081,0.01,
20770,74,296,5.081,0.01,
20772,74,296,5.122,0.01,
20774,74,296,5.095,0.01,
20775,74,296,5.176,0.01,
20776,74,296,5.176,0.01,
20777,74,296,5.176,0.01,
20778,74,296,5.176,0.01,
20780,74,370,2.757,0.01,
20782,74,370,2.757,0.01,
20784,74,370,2.757,0.01,
20786,74,370,5.27,0.01,
20787,74,370,5.392,0.02,
20788,74,370,5.392,0.02,
20789,74,370,5.297,0.02,
20790,74,370,5.297,0.02,
20792,74,370,5.149,0.01,
20793,74,370,5.486,0.01,
20794,74,370,5.486,0.02,
20795,74,370,5.419,0.02,
20796,74,370,5.419,0.01,
20797,74,370,5.284,0.01,
20798,74,370,5.284,0.01,
20799,74,370,5.541,0.01,
20800,74,370,5.541,0.01,
20801,74,370,5.581,0.01,
20802,74,370,5.581,0.01,
20803,74,370,5.257,0.01,
20804,74,370,5.257,0.01,
20806,74,370,5.432,0.01,
20808,74,370,5.27,0.01,
20810,74,370,5.23,0.01,
20811,74,370,5.459,0.01,
20812,74,370,5.459,0.01,
20813,74,370,5.243,0.01,
20814,74,370,5.243,0.01,
20816,74,740,4.054,0.02,
20817,74,740,4.054,0.02,
20818,74,740,4.054,0.02,
20819,74,740,4.054,0.02,
20820,74,740,4.054,0.02,
20821,74,740,5.946,0.01,
20822,74,740,5.946,0.01,
20824,74,740,6.014,0.01,
20826,74,740,6.068,0.01,
20827,74,740,5.905,0.02,
20828,74,740,5.905,0.02,
20830,74,740,6.0,0.01,
20832,74,740,6.027,0.02,
20834,74,740,5.973,0.02,
20835,74,740,5.851,0.01,
20836,74,740,5.851,0.01,
20837,74,740,6.027,0.01,
20838,74,740,6.027,0.01,
20839,74,740,5.973,0.01,
20840,74,740,5.973,0.01,
20841,74,740,5.959,0.01,
20842,74,740,5.959,0.01,
20843,74,740,5.892,0.01,
20844,74,740,5.892,0.01,
20845,74,740,5.932,0.01,
20846,74,740,5.932,0.01,
20848,74,740,5.946,0.02,
20850,74,740,5.959,0.01,
20851,76,228,2.197,0.01,
20852,76,228,2.197,0.01,
20854,76,228,2.197,0.01,
20856,76,228,2.197,0.01,
20858,76,228,4.474,0.01,
20860,76,228,4.566,0.01,
20862,76,228,4.645,0.01,
20864,76,228,4.671,0.01,
20865,76,228,4.789,0.01,
20866,76,228,4.789,0.01,
20867,76,228,4.737,0.01,
20868,76,228,4.737,0.01,
20870,76,228,4.711,0.01,
20871,76,228,4.816,0.01,
20872,76,228,4.816,0.01,
20873,76,228,4.895,0.01,
20874,76,228,4.895,0.01,
20876,76,228,4.75,0.01,
20878,76,228,4.816,0.01,
20880,76,228,4.763,0.01,
20882,76,228,4.842,0.01,
20883,76,228,4.697,0.01,
20884,76,228,4.697,0.01,
20885,76,228,4.724,0.01,
20886,76,228,4.724,0.01,
20887,12,60,2.167,0.0,
20888,78,468,2.872,0.01,
20889,78,468,2.872,0.01,
20890,78,468,2.872,0.02,
20891,78,468,2.872,0.02,
20892,78,468,2.872,0.02,
20893,78,468,5.513,0.02,
20894,78,468,5.513,0.02,
20895,16,80,2.125,0.0,
20896,78,468,5.718,0.02,
20897,18,90,2.444,0.0,
20898,78,468,5.846,0.02,
20899,78,468,5.551,0.02,
20900,78,468,5.551,0.02,
20901,20,100,2.55,0.0,
20902,78,468,5.782,0.02,
20903,22,110,2.636,0.0,
20904,78,468,5.782,0.02,
20905,24,120,2.667,0.0,
20906,78,468,5.667,0.01,
20907,78,468,5.718,0.02,
20908,78,468,5.718,0.02,
20909,78,468,5.692,0.01,
20910,78,468,5.692,0.01,
20911,78,468,5.821,0.01,
20912,78,468,5.821,0.01,
20913,28,140,3.071,0.0,
20914,78,468,5.769,0.01,
20915,32,160,3.188,0.0,
20916,78,468,5.731,0.01,
20917,34,170,3.441,0.0,
20918,78,468,5.846,0.01,
20919,78,468,5.769,0.01,
20920,78,468,5.769,0.01,
20921,78,468,5.782,0.01,
20922,78,468,5.782,0.01,
20923,80,160,1.538,0.01,
20924,80,160,1.538,0.01,
20925,80,160,1.538,0.01,
20926,80,160,3.587,0.01,
20927,80,160,3.587,0.01,
20928,44,220,3.727,0.0,
20929,80,160,3.087,0.01,
20930,80,160,3.075,0.01,
20931,80,160,3.075,0.01,
20932,52,260,4.308,0.0,
20933,80,160,4.037,0.01,
20934,80,160,4.05,0.01,
20935,80,160,4.05,0.01,
20936,80,160,3.925,0.01,
20937,80,160,3.925,0.01,
20938,80,160,4.325,0.01,
20939,80,160,4.325,0.01,
20940,62,310,4.629,0.01,
20941,80,160,4.013,0.02,
20942,68,340,5.147,0.01,
20943,80,160,4.0,0.02,
20944,74,370,5.27,0.02,
20945,80,160,4.112,0.02,
20946,80,160,4.062,0.01,
20947,80,160,4.062,0.01,
20948,80,160,4.175,0.01,
20949,80,160,4.175,0.01,
20950,88,440,5.818,0.02,
20951,80,160,4.3,0.02,
20952,80,160,4.362,0.02,
20953,80,160,4.362,0.02,
20954,80,160,4.05,0.01,
20955,80,160,4.05,0.01,
20956,80,320,2.425,0.01,
20957,80,320,2.425,0.01,
20958,104,520,6.75,0.03,
20959,80,320,2.425,0.01,
20960,114,570,7.263,0.04,
20961,80,320,2.425,0.01,
20962,124,620,7.75,0.08,
20963,80,320,5.05,0.02,
20964,80,320,4.85,0.02,
20965,80,320,4.85,0.02,
20966,80,320,5.162,0.01,
20967,80,320,5.162,0.01,
20968,146,730,8.603,0.09,
20969,80,320,5.362,0.02,
20970,146,730,8.445,0.08,
20971,80,320,5.375,0.01,
20972,160,800,9.481,0.1,
20973,80,320,5.525,0.01,
20974,174,870,10.017,0.14,
20975,80,320,5.375,0.01,
20976,80,320,5.312,0.01,
20977,80,320,5.312,0.01,
20978,80,320,5.4,0.02,
20979,80,320,5.4,0.02,
20980,80,320,5.4,0.02,
20981,80,320,5.4,0.01,
20983,80,320,5.4,0.01,
20985,80,320,5.35,0.01,
20987,80,320,5.475,0.01,
20988,80,320,5.4,0.01,
20989,80,320,5.4,0.01,
20991,80,320,5.362,0.01,
20992,80,400,2.725,0.01,
20993,80,400,2.725,0.01,
20995,80,400,2.725,0.01,
20997,80,400,2.725,0.01,
20999,80,400,5.325,0.02,
21000,80,400,5.3,0.01,
21001,80,400,5.3,0.01,
21002,80,400,5.562,0.01,
21003,80,400,5.562,0.01,
21004,80,400,5.638,0.01,
21005,80,400,5.638,0.01,
21007,80,400,5.775,0.02,
21009,80,400,5.7,0.02,
21010,80,400,5.65,0.01,
21011,80,400,5.65,0.01,
21013,80,400,5.787,0.01,
21015,80,400,5.6,0.02,
21016,80,400,5.5,0.01,
21017,80,400,5.5,0.01,
21019,80,400,5.575,0.01,
21020,80,400,5.7,0.01,
21021,80,400,5.7,0.01,
21022,80,400,5.562,0.02,
21023,80,400,5.562,0.02,
21025,80,400,5.787,0.02,
21027,80,400,5.7,0.02,
21028,80,800,4.0,0.03,
21029,80,800,4.0,0.03,
21031,80,800,4.0,0.03,
21033,80,800,4.0,0.03,
21035,80,800,6.125,0.02,
21036,80,800,6.188,0.02,
21037,80,800,6.188,0.02,
21038,80,800,6.3,0.02,
21039,80,800,6.3,0.02,
21041,80,800,6.325,0.02,
21042,80,800,6.175,0.02,
21043,80,800,6.175,0.02,
21044,80,800,6.213,0.02,
21045,80,800,6.213,0.02,
21047,80,800,6.162,0.02,
21048,80,800,6.15,0.02,
21049,80,800,6.15,0.02,
21050,80,800,6.175,0.02,
21051,80,800,6.175,0.02,
21053,80,800,6.213,0.03,
21054,80,800,6.188,0.01,
21055,80,800,6.188,0.01,
21056,80,800,6.275,0.01,
21057,80,800,6.275,0.01,
21058,80,800,6.138,0.02,
21059,80,800,6.138,0.02,
21060,80,800,6.287,0.01,
21061,80,800,6.287,0.01,
21062,80,800,6.237,0.01,
21063,80,800,6.237,0.01,
21064,82,246,2.195,0.01,
21065,82,246,2.195,0.01,
21067,82,246,2.195,0.01,
21069,82,246,2.195,0.01,
21070,82,246,4.683,0.01,
21071,82,246,4.683,0.01,
21073,82,246,4.378,0.01,
21075,82,246,4.854,0.01,
21076,82,246,5.159,0.01,
21077,82,246,5.159,0.01,
21079,82,246,4.927,0.01,
21081,82,246,4.963,0.01,
21083,82,246,5.11,0.01,
21084,82,246,5.159,0.01,
21085,82,246,5.159,0.01,
21086,82,246,5.183,0.01,
21087,82,246,5.183,0.01,
21088,82,246,5.085,0.01,
21089,82,246,5.085,0.01,
21090,82,246,4.963,0.01,
21091,82,246,4.963,0.01,
21092,82,246,5.293,0.01,
21093,82,246,5.293,0.01,
21094,82,246,5.171,0.01,
21095,82,246,5.171,0.01,
21097,82,246,4.988,0.01,
21099,82,246,5.146,0.01,
21100,86,344,2.477,0.01,
21101,86,344,2.477,0.01,
21103,86,344,2.477,0.01,
21105,86,344,2.477,0.01,
21106,12,60,2.167,0.0,
21107,86,344,5.547,0.01,
21108,86,344,5.372,0.02,
21109,86,344,5.372,0.01,
21110,14,70,2.143,0.0,
21111,86,344,5.558,0.02,
21112,86,344,5.605,0.01,
21113,86,344,5.605,0.01,
21114,16,80,2.188,0.0,
21115,86,344,5.674,0.01,
21116,18,90,2.611,0.0,
21117,86,344,5.674,0.02,
21118,20,100,2.6,0.0,
21119,86,344,5.605,0.02,
21120,86,344,5.721,0.02,
21121,86,344,5.721,0.02,
21122,86,344,6.0,0.01,
21123,86,344,6.0,0.01,
21124,86,344,5.628,0.02,
21125,86,344,5.628,0.02,
21126,24,120,2.542,0.0,
21127,86,344,5.709,0.01,
21128,26,130,2.923,0.0,
21129,86,344,5.686,0.02,
21130,86,344,5.698,0.02,
21131,86,344,5.698,0.02,
21132,28,140,3.036,0.0,
21133,86,344,5.744,0.01,
21134,32,160,3.125,0.0,
21135,86,344,5.791,0.02,
21136,86,516,2.884,0.01,
21137,86,516,2.884,0.02,
21138,34,170,3.324,0.0,
21139,86,516,2.884,0.02,
21140,86,516,2.884,0.02,
21141,86,516,2.884,0.02,
21142,86,516,6.233,0.01,
21143,86,516,6.233,0.01,
21144,40,200,3.65,0.0,
21145,86,516,6.221,0.01,
21146,44,220,3.864,0.0,
21147,86,516,6.233,0.01,
21148,48,240,3.854,0.0,
21149,86,516,6.198,0.01,
21150,86,516,6.314,0.01,
21151,86,516,6.314,0.01,
21152,86,516,6.256,0.01,
21153,86,516,6.256,0.02,
21154,58,290,4.569,0.01,
21155,86,516,6.081,0.02,
21156,86,516,6.186,0.02,
21157,86,516,6.186,0.02,
21158,86,516,6.326,0.02,
21159,86,516,6.326,0.02,
21160,86,516,6.209,0.02,
21161,86,516,6.209,0.02,
21162,68,340,5.088,0.01,
21163,86,516,6.198,0.02,
21164,74,370,5.486,0.02,
21165,86,516,6.244,0.02,
21166,80,400,5.638,0.02,
21167,86,516,6.244,0.02,
21168,86,516,6.174,0.02,
21169,86,516,6.174,0.02,
21170,86,516,6.314,0.02,
21171,86,516,6.314,0.02,
21172,88,176,1.534,0.01,
21173,88,176,1.534,0.01,
21174,88,176,1.534,0.01,
21175,104,520,6.817,0.03,
21176,88,176,3.909,0.02,
21177,88,176,3.511,0.01,
21178,88,176,3.511,0.01,
21179,114,570,7.491,0.04,
21180,88,176,3.682,0.01,
21181,124,620,8.048,0.04,
21182,88,176,4.33,0.01,
21183,88,176,4.33,0.01,
21184,88,176,4.33,0.01,
21185,88,176,4.284,0.01,
21186,88,176,4.284,0.01,
21187,88,176,4.295,0.01,
21188,88,176,4.295,0.01,
21189,146,730,8.945,0.08,
21190,88,176,4.261,0.01,
21191,88,176,4.273,0.01,
21192,88,176,4.273,0.01,
21193,174,870,10.431,0.13,
21194,88,176,4.614,0.01,
21195,88,176,4.455,0.01,
21196,88,176,4.455,0.01,
21197,88,176,4.511,0.01,
21198,88,176,4.511,0.02,
21199,88,176,4.625,0.01,
21200,88,176,4.625,0.01,
21202,88,176,4.5,0.01,
21204,88,176,4.557,0.01,
21205,88,440,2.739,0.01,
21206,88,440,2.739,0.01,
21208,88,440,2.739,0.01,
21210,88,440,2.739,0.01,
21212,88,440,5.818,0.02,
21213,88,440,5.989,0.02,
21214,88,440,5.989,0.02,
21215,88,440,6.08,0.02,
21216,88,440,6.08,0.02,
21218,88,440,5.898,0.01,
21219,88,440,6.057,0.01,
21220,88,440,6.057,0.01,
21221,88,440,6.114,0.01,
21222,88,440,6.114,0.01,
21223,88,440,6.057,0.02,
21224,88,440,6.057,0.02,
21226,88,440,5.977,0.02,
21228,88,440,6.148,0.02,
21230,88,440,6.034,0.02,
21231,88,440,6.136,0.02,
21232,88,440,6.136,0.02,
21233,88,440,6.057,0.02,
21234,88,440,6.057,0.01,
21235,88,440,6.0,0.01,
21236,88,440,6.0,0.01,
21238,88,440,6.091,0.01,
21239,88,440,6.057,0.01,
21240,88,440,6.057,0.01,
21242,88,880,4.045,0.02,
21243,88,880,4.045,0.02,
21244,88,880,4.045,0.03,
21245,88,880,4.045,0.03,
21246,88,880,4.045,0.03,
21247,88,880,6.659,0.01,
21248,88,880,6.659,0.01,
21250,88,880,6.636,0.03,
21252,88,880,6.67,0.02,
21253,88,880,6.75,0.02,
21254,88,880,6.75,0.02,
21256,88,880,6.693,0.02,
21258,88,880,6.75,0.02,
21260,88,880,6.557,0.02,
21261,88,880,6.716,0.02,
21262,88,880,6.716,0.02,
21263,88,880,6.693,0.02,
21264,88,880,6.693,0.02,
21265,88,880,6.659,0.02,
21266,88,880,6.659,0.02,
21268,88,880,6.75,0.02,
21270,88,880,6.648,0.02,
21272,88,880,6.682,0.02,
21273,88,880,6.693,0.03,
21274,88,880,6.693,0.03,
21275,88,880,6.625,0.02,
21276,88,880,6.625,0.01,
21278,90,270,2.2,0.01,
21279,90,270,2.2,0.01,
21280,90,270,2.2,0.01,
21281,90,270,2.2,0.01,
21282,90,270,2.2,0.01,
21283,90,270,5.267,0.02,
21284,90,270,5.267,0.02,
21286,90,270,5.044,0.02,
21288,90,270,5.433,0.02,
21289,90,270,5.467,0.02,
21290,90,270,5.467,0.02,
21291,90,270,5.211,0.02,
21292,90,270,5.211,0.02,
21293,90,270,5.378,0.02,
21294,90,270,5.378,0.02,
21296,90,270,5.622,0.02,
21297,90,270,5.278,0.02,
21298,90,270,5.278,0.02,
21300,90,270,5.589,0.02,
21301,90,270,5.233,0.02,
21302,90,270,5.233,0.02,
21304,90,270,5.411,0.02,
21306,90,270,5.444,0.02,
21308,90,270,5.311,0.02,
21310,90,270,5.433,0.02,
21311,90,270,5.444,0.02,
21312,90,270,5.444,0.02,
21314,94,376,2.479,0.02,
21315,94,376,2.479,0.02,
21316,94,376,2.479,0.02,
21317,94,376,2.479,0.02,
21318,94,376,2.479,0.02,
21320,94,376,6.032,0.02,
21321,94,376,5.968,0.02,
21322,94,376,5.968,0.02,
21323,94,376,6.064,0.02,
21324,94,376,6.064,0.02,
21325,94,376,5.947,0.02,
21326,94,376,5.947,0.02,
21327,94,376,5.957,0.02,
21328,94,376,5.957,0.02,
21329,14,70,2.214,0.0,
21330,94,376,6.17,0.02,
21331,94,376,5.968,0.02,
21332,94,376,5.968,0.02,
21333,16,80,2.188,0.0,
21334,94,376,6.16,0.02,
21335,18,90,2.556,0.0,
21336,94,376,6.106,0.02,
21337,94,376,5.968,0.02,
21338,94,376,5.968,0.02,
21339,94,376,5.947,0.02,
21340,94,376,5.947,0.02,
21341,94,376,6.011,0.02,
21342,94,376,6.011,0.02,
21343,94,376,6.106,0.02,
21344,94,376,6.106,0.02,
21345,24,120,2.708,0.0,
21346,94,376,6.053,0.02,
21347,94,376,6.053,0.02,
21348,94,376,6.053,0.02,
21349,94,564,2.894,0.02,
21350,94,564,2.894,0.02,
21351,28,140,2.786,0.0,
21352,94,564,2.894,0.03,
21353,32,160,3.188,0.0,
21354,94,564,2.894,0.02,
21355,34,170,3.294,0.0,
21356,94,564,6.553,0.02,
21357,94,564,6.457,0.02,
21358,94,564,6.457,0.02,
21359,94,564,6.681,0.02,
21360,94,564,6.681,0.02,
21361,40,200,3.525,0.0,
21362,94,564,6.617,0.02,
21363,94,564,6.468,0.02,
21364,94,564,6.468,0.02,
21365,94,564,6.553,0.02,
21366,94,564,6.553,0.02,
21367,94,564,6.798,0.02,
21368,94,564,6.798,0.02,
21369,48,240,4.083,0.0,
21370,94,564,6.649,0.02,
21371,52,260,4.173,0.0,
21372,94,564,6.638,0.02,
21373,58,290,4.724,0.01,
21374,94,564,6.691,0.02,
21375,94,564,6.691,0.03,
21376,94,564,6.691,0.03,
21377,94,564,6.649,0.03,
21378,94,564,6.649,0.03,
21379,68,340,4.897,0.01,
21380,94,564,6.638,0.04,
21381,94,564,6.585,0.04,
21382,94,564,6.585,0.04,
21383,94,564,6.67,0.03,
21384,94,564,6.67,0.03,
21385,96,192,1.531,0.01,
21386,96,192,1.531,0.01,
21387,96,192,1.531,0.01,
21388,88,440,6.057,0.02,
21389,96,192,4.125,0.03,
21390,88,440,6.148,0.02,
21391,96,192,3.833,0.02,
21392,96,480,6.604,0.02,
21393,96,192,4.021,0.02,
21394,96,192,4.24,0.02,
21395,96,192,4.24,0.02,
21396,104,520,6.865,0.02,
21397,96,192,4.542,0.02,
21398,114,570,7.351,0.03,
21399,96,192,4.698,0.02,
21400,96,192,5.01,0.02,
21401,96,192,5.01,0.02,
21402,124,620,7.944,0.04,
21403,96,192,4.802,0.02,
21404,134,670,8.224,0.06,
21405,96,192,4.479,0.02,
21406,146,730,8.849,0.08,
21407,96,192,4.583,0.02,
21408,96,192,4.844,0.02,
21409,96,192,4.844,0.02,
21410,160,800,9.675,0.11,
21411,96,192,4.562,0.02,
21412,174,870,10.414,0.14,
21413,96,192,4.875,0.02,
21414,96,192,4.958,0.02,
21415,96,192,4.958,0.02,
21416,96,192,4.75,0.02,
21417,96,192,4.75,0.02,
21419,96,480,2.75,0.02,
21421,96,480,2.75,0.02,
21423,96,480,2.75,0.02,
21425,96,480,6.354,0.02,
21426,96,480,6.406,0.02,
21427,96,480,6.406,0.02,
21428,96,480,6.417,0.02,
21429,96,480,6.417,0.02,
21430,96,480,6.573,0.02,
21431,96,480,6.573,0.02,
21433,96,480,6.333,0.02,
21435,96,480,6.438,0.02,
21436,96,480,6.479,0.02,
21437,96,480,6.479,0.02,
21439,96,480,6.604,0.02,
21440,96,480,6.594,0.02,
21441,96,480,6.594,0.02,
21443,96,480,6.625,0.02,
21444,96,480,6.375,0.02,
21445,96,480,6.375,0.02,
21446,96,480,6.521,0.02,
21447,96,480,6.521,0.02,
21448,96,480,6.604,0.02,
21449,96,480,6.604,0.02,
21451,96,480,6.573,0.02,
21453,96,480,6.646,0.02,
21454,96,960,4.083,0.03,
21455,96,960,4.083,0.03,
21457,96,960,4.083,0.03,
21459,96,960,4.083,0.03,
21460,96,960,6.854,0.02,
21461,96,960,6.854,0.02,
21463,96,960,7.042,0.02,
21465,96,960,7.094,0.02,
21467,96,960,7.198,0.02,
21468,96,960,7.042,0.02,
21469,96,960,7.042,0.02,
21470,96,960,7.156,0.03,
21471,96,960,7.156,0.03,
21473,96,960,7.146,0.03,
21474,96,960,7.188,0.03,
21475,96,960,7.188,0.03,
21476,96,960,7.135,0.04,
21477,96,960,7.135,0.04,
21479,96,960,7.104,0.04,
21481,96,960,7.052,0.03,
21483,96,960,7.177,0.02,
21485,96,960,7.073,0.02,
21486,96,960,7.094,0.02,
21487,96,960,7.094,0.02,
21488,96,960,7.135,0.03,
21489,96,960,7.135,0.02,
21490,98,294,2.204,0.01,
21491,98,294,2.204,0.01,
21493,98,294,2.204,0.01,
21495,98,294,2.204,0.01,
21497,98,294,5.439,0.02,
21498,98,294,5.398,0.02,
21499,98,294,5.398,0.02,
21500,98,294,5.48,0.02,
21501,98,294,5.48,0.02,
21503,98,294,5.592,0.03,
21504,98,294,5.622,0.03,
21505,98,294,5.622,0.03,
21506,98,294,5.735,0.04,
21507,98,294,5.735,0.04,
21508,98,294,5.653,0.03,
21509,98,294,5.653,0.03,
21510,98,294,6.0,0.03,
21511,98,294,6.0,0.02,
21512,98,294,5.908,0.02,
21513,98,294,5.908,0.02,
21514,98,294,5.714,0.02,
21515,98,294,5.714,0.02,
21517,98,294,5.765,0.02,
21519,98,294,5.888,0.02,
21521,98,294,5.969,0.02,
21522,98,294,5.806,0.02,
21523,98,294,5.806,0.02,
21524,98,294,5.918,0.02,
21525,98,294,5.918,0.02,
21527,102,408,2.49,0.02,
21528,102,408,2.49,0.02,
21529,102,408,2.49,0.02,
21530,102,408,2.49,0.02,
21531,102,408,2.49,0.02,
21532,102,408,6.216,0.03,
21533,102,408,6.216,0.02,
21535,102,408,6.353,0.03,
21537,102,408,6.431,0.03,
21539,102,408,6.412,0.02,
21541,102,408,6.608,0.02,
21543,102,408,6.52,0.02,
21544,102,408,6.392,0.02,
21545,102,408,6.392,0.02,
21546,12,60,2.167,0.0,
21547,102,408,6.608,0.03,
21548,14,70,2.071,0.0,
21549,102,408,6.51,0.02,
21550,102,408,6.598,0.02,
21551,102,408,6.598,0.02,
21552,16,80,2.062,0.0,
21553,102,408,6.294,0.02,
21554,18,90,2.444,0.0,
21555,102,408,6.529,0.02,
21556,20,100,2.7,0.0,
21557,102,408,6.549,0.02,
21558,102,408,6.422,0.03,
21559,102,408,6.422,0.03,
21560,22,110,2.727,0.0,
21561,102,408,6.392,0.02,
21562,102,612,2.902,0.03,
21563,102,612,2.902,0.03,
21564,24,120,2.667,0.0,
21565,102,612,2.902,0.03,
21566,102,612,2.902,0.03,
21567,102,612,2.902,0.03,
21568,102,612,6.745,0.03,
21569,102,612,6.745,0.03,
21570,102,612,6.892,0.02,
21571,102,612,6.892,0.02,
21572,32,160,3.156,0.0,
21573,102,612,6.98,0.03,
21574,102,612,7.0,0.02,
21575,102,612,7.0,0.02,
21576,102,612,7.088,0.02,
21577,102,612,7.088,0.02,
21578,102,612,7.0,0.02,
21579,102,612,7.0,0.02,
21580,102,612,7.0,0.02,
21581,102,612,7.0,0.02,
21582,102,612,7.078,0.02,
21583,102,612,7.078,0.02,
21584,102,612,7.186,0.02,
21585,102,612,7.186,0.02,
21586,48,240,3.938,0.0,
21587,102,612,7.0,0.02,
21588,102,612,7.108,0.02,
21589,102,612,7.108,0.02,
21590,52,260,4.25,0.0,
21591,102,612,7.147,0.03,
21592,102,612,7.137,0.02,
21593,102,612,7.137,0.02,
21594,58,290,4.414,0.01,
21595,102,612,7.186,0.02,
21596,102,612,7.157,0.03,
21597,102,612,7.157,0.03,
21598,104,208,1.529,0.01,
21599,104,208,1.529,0.01,
21600,104,208,1.529,0.01,
21601,104,208,4.51,0.02,
21602,104,208,4.51,0.02,
21603,74,370,5.27,0.01,
21604,104,208,3.827,0.02,
21605,80,400,5.575,0.01,
21606,104,208,4.26,0.02,
21607,104,208,4.856,0.02,
21608,104,208,4.856,0.03,
21609,88,440,6.057,0.02,
21610,104,208,5.077,0.03,
21611,96,480,6.375,0.04,
21612,104,208,5.01,0.03,
21613,104,520,6.827,0.03,
21614,104,208,4.942,0.03,
21615,104,208,4.952,0.03,
21616,104,208,4.952,0.02,
21617,104,208,5.212,0.02,
21618,104,208,5.212,0.02,
21619,104,208,5.058,0.02,
21620,104,208,5.058,0.02,
21621,124,620,7.944,0.05,
21622,104,208,5.058,0.02,
21623,134,670,8.433,0.06,
21624,104,208,5.154,0.02,
21625,146,730,8.945,0.07,
21626,104,208,5.048,0.02,
21627,104,208,5.154,0.02,
21628,104,208,5.154,0.02,
21629,104,208,4.865,0.02,
21630,104,208,4.865,0.02,
21631,104,520,2.76,0.02,
21632,104,520,2.76,0.03,
21633,174,870,10.466,0.19,
21634,104,520,2.76,0.03,
21635,104,520,2.76,0.03,
21636,104,520,2.76,0.03,
21637,104,520,6.519,0.05,
21638,104,520,6.519,0.04,
21639,104,520,6.76,0.04,
21640,104,520,6.76,0.03,
21642,104,520,6.75,0.03,
21643,104,520,6.817,0.02,
21644,104,520,6.817,0.02,
21645,104,520,6.875,0.03,
21646,104,520,6.875,0.03,
21647,104,520,6.721,0.02,
21648,104,520,6.721,0.02,
21650,104,520,6.942,0.02,
21652,104,520,6.894,0.02,
21653,104,520,6.865,0.02,
21654,104,520,6.865,0.02,
21655,104,520,6.827,0.02,
21656,104,520,6.827,0.02,
21657,104,520,6.913,0.03,
21658,104,520,6.913,0.03,
21659,104,520,6.923,0.02,
21660,104,520,6.923,0.02,
21661,104,520,6.856,0.02,
21662,104,520,6.856,0.02,
21664,104,520,6.856,0.03,
21665,104,520,6.856,0.03,
21666,104,520,6.856,0.03,
21668,104,1040,4.115,0.03,
21670,104,1040,4.115,0.03,
21671,104,1040,4.115,0.03,
21672,104,1040,4.115,0.03,
21673,104,1040,7.625,0.02,
21674,104,1040,7.625,0.02,
21675,104,1040,7.442,0.02,
21676,104,1040,7.442,0.02,
21677,104,1040,7.529,0.02,
21678,104,1040,7.529,0.02,
21680,104,1040,7.596,0.02,
21682,104,1040,7.731,0.01,
21683,104,1040,7.663,0.02,
21684,104,1040,7.663,0.02,
21685,104,1040,7.615,0.02,
21686,104,1040,7.615,0.02,
21687,104,1040,7.625,0.02,
21688,104,1040,7.625,0.03,
21689,104,1040,7.558,0.03,
21690,104,1040,7.558,0.02,
21692,104,1040,7.567,0.02,
21693,104,1040,7.577,0.02,
21694,104,1040,7.577,0.02,
21696,104,1040,7.615,0.02,
21698,104,1040,7.615,0.02,
21699,104,1040,7.75,0.02,
21700,104,1040,7.75,0.02,
21702,104,1040,7.663,0.02,
21704,106,318,2.208,0.02,
21705,106,318,2.208,0.02,
21706,106,318,2.208,0.02,
21707,106,318,2.208,0.02,
21708,106,318,2.208,0.02,
21709,106,318,5.774,0.04,
21710,106,318,5.774,0.04,
21712,106,318,5.67,0.04,
21714,106,318,5.67,0.04,
21715,106,318,6.009,0.04,
21716,106,318,6.009,0.04,
21718,106,318,6.094,0.05,
21720,106,318,5.934,0.04,
21722,106,318,6.094,0.03,
21723,106,318,6.057,0.03,
21724,106,318,6.057,0.03,
21725,106,318,6.17,0.03,
21726,106,318,6.17,0.03,
21727,106,318,5.991,0.03,
21728,106,318,5.991,0.03,
21730,106,318,5.981,0.03,
21732,106,318,6.047,0.03,
21734,106,318,6.104,0.03,
21735,106,318,6.151,0.03,
21736,106,318,6.151,0.03,
21737,106,318,6.274,0.03,
21738,106,318,6.274,0.03,
21739,112,224,1.527,0.01,
21740,112,224,1.527,0.01,
21741,112,224,1.527,0.01,
21743,112,224,4.438,0.02,
21744,112,224,4.188,0.02,
21745,112,224,4.188,0.02,
21746,112,224,4.562,0.03,
21747,112,224,4.562,0.03,
21748,112,224,5.5,0.03,
21749,112,224,5.5,0.03,
21751,112,224,5.125,0.03,
21753,112,224,5.304,0.03,
21754,112,224,5.33,0.03,
21755,112,224,5.33,0.03,
21757,112,224,5.179,0.03,
21759,112,224,5.339,0.03,
21761,112,224,5.402,0.03,
21762,112,224,5.143,0.03,
21763,112,224,5.143,0.03,
21764,112,224,5.152,0.03,
21765,112,224,5.152,0.03,
21766,112,224,5.179,0.03,
21767,112,224,5.179,0.03,
21768,14,70,2.143,0.0,
21769,112,224,5.134,0.03,
21770,16,80,2.125,0.0,
21771,112,224,5.071,0.03,
21772,18,90,2.389,0.0,
21773,112,448,2.464,0.03,
21774,112,448,2.464,0.02,
21775,112,448,2.464,0.02,
21776,112,448,2.464,0.02,
21777,112,448,2.464,0.03,
21778,112,448,6.545,0.04,
21779,112,448,6.545,0.03,
21780,112,448,6.875,0.04,
21781,112,448,6.875,0.04,
21782,112,448,6.446,0.03,
21783,112,448,6.446,0.03,
21784,112,448,7.054,0.03,
21785,112,448,7.054,0.03,
21786,26,130,2.885,0.0,
21787,112,448,6.973,0.03,
21788,28,140,3.071,0.0,
21789,112,448,6.786,0.03,
21790,112,448,7.054,0.03,
21791,112,448,7.054,0.03,
21792,32,160,3.125,0.0,
21793,112,448,6.804,0.03,
21794,34,170,3.412,0.0,
21795,112,448,7.089,0.03,
21796,112,448,7.045,0.03,
21797,112,448,7.045,0.03,
21798,38,190,3.447,0.0,
21799,112,448,7.214,0.03,
21800,40,200,3.6,0.0,
21801,112,448,6.893,0.03,
21802,44,220,3.932,0.0,
21803,112,448,6.893,0.03,
21804,112,448,6.839,0.04,
21805,112,448,6.839,0.04,
21806,112,448,7.018,0.04,
21807,112,448,7.018,0.05,
21808,112,672,2.902,0.05,
21809,112,672,2.902,0.04,
21810,112,672,2.902,0.05,
21811,112,672,2.902,0.03,
21812,58,290,4.569,0.01,
21813,112,672,2.902,0.03,
21814,62,310,4.806,0.01,
21815,112,672,7.455,0.03,
21816,62,310,4.806,0.01,
21817,112,672,7.357,0.04,
21818,68,340,5.088,0.01,
21819,112,672,7.25,0.04,
21820,112,672,7.518,0.04,
21821,112,672,7.518,0.04,
21822,112,672,7.455,0.03,
21823,112,672,7.455,0.03,
21824,112,672,7.455,0.04,
21825,112,672,7.455,0.04,
21826,88,440,6.0,0.01,
21827,112,672,7.473,0.05,
21828,112,672,7.554,0.04,
21829,112,672,7.554,0.04,
21830,96,480,6.573,0.02,
21831,112,672,7.438,0.03,
21832,112,672,7.562,0.04,
21833,112,672,7.562,0.03,
21834,104,520,6.856,0.03,
21835,112,672,7.589,0.04,
21836,112,672,7.571,0.03,
21837,112,672,7.571,0.03,
21838,112,672,7.536,0.04,
21839,112,672,7.536,0.04,
21840,112,672,7.536,0.03,
21841,112,672,7.536,0.03,
21842,134,670,8.373,0.07,
21843,112,672,7.473,0.03,
21844,146,730,9.062,0.08,
21845,114,570,2.798,0.03,
21846,146,730,8.952,0.07,
21847,114,570,2.798,0.03,
21848,160,800,9.738,0.16,
21849,114,570,2.798,0.04,
21850,114,570,7.325,0.06,
21851,114,570,7.325,0.04,
21852,114,570,7.263,0.04,
21853,114,570,7.263,0.04,
21854,114,570,7.018,0.04,
21855,114,570,7.018,0.04,
21856,114,570,7.509,0.04,
21857,114,570,7.509,0.04,
21859,114,570,7.491,0.04,
21861,114,570,7.272,0.05,
21862,114,570,7.368,0.05,
21863,114,570,7.368,0.05,
21865,114,570,7.351,0.05,
21866,114,570,7.404,0.05,
21867,114,570,7.404,0.05,
21868,114,570,7.377,0.05,
21869,114,570,7.377,0.05,
21870,114,570,7.456,0.03,
21871,114,570,7.456,0.03,
21873,114,570,7.395,0.03,
21875,114,570,7.439,0.03,
21877,114,570,7.421,0.04,
21879,114,570,7.64,0.03,
21880,114,1140,4.211,0.05,
21881,114,1140,4.211,0.05,
21882,114,1140,4.211,0.05,
21883,114,1140,4.211,0.05,
21884,114,1140,4.211,0.05,
21885,114,1140,4.211,0.04,
21887,114,1140,8.272,0.04,
21888,114,1140,8.035,0.04,
21889,114,1140,8.035,0.04,
21891,114,1140,8.035,0.04,
21893,114,1140,8.263,0.03,
21894,114,1140,8.368,0.03,
21895,114,1140,8.368,0.03,
21897,114,1140,8.228,0.04,
21899,114,1140,8.298,0.03,
21900,114,1140,8.272,0.04,
21901,114,1140,8.272,0.04,
21903,114,1140,8.158,0.03,
21905,114,1140,8.307,0.04,
21907,114,1140,8.202,0.03,
21909,114,1140,8.219,0.04,
21910,114,1140,8.202,0.03,
21911,114,1140,8.202,0.03,
21912,114,1140,8.263,0.03,
21913,114,1140,8.263,0.03,
21914,114,1140,8.158,0.04,
21915,114,1140,8.158,0.04,
21916,116,348,2.216,0.02,
21917,116,348,2.216,0.02,
21919,116,348,2.216,0.02,
21920,116,348,2.216,0.02,
21921,116,348,2.216,0.02,
21922,116,348,6.259,0.03,
21923,116,348,6.259,0.03,
21925,116,348,6.491,0.03,
21927,116,348,5.845,0.03,
21929,116,348,6.457,0.03,
21930,116,348,6.336,0.03,
21931,116,348,6.336,0.03,
21932,116,348,6.569,0.03,
21933,116,348,6.569,0.03,
21935,116,348,6.534,0.03,
21936,116,348,6.31,0.05,
21937,116,348,6.31,0.05,
21938,116,348,6.302,0.05,
21939,116,348,6.302,0.05,
21940,116,348,6.638,0.05,
21941,116,348,6.638,0.05,
21943,116,348,6.638,0.05,
21945,116,348,6.767,0.06,
21947,116,348,6.491,0.03,
21948,116,348,6.534,0.03,
21949,116,348,6.534,0.03,
21950,116,348,6.379,0.03,
21951,116,348,6.379,0.03,
21952,122,244,1.516,0.02,
21953,122,244,1.516,0.02,
21954,122,244,1.516,0.02,
21955,122,244,5.098,0.03,
21956,122,244,5.098,0.03,
21958,122,244,4.205,0.03,
21960,122,244,4.73,0.03,
21961,122,244,5.557,0.04,
21962,122,244,5.557,0.04,
21964,122,244,5.541,0.04,
21966,122,244,5.541,0.04,
21968,122,244,5.582,0.04,
21969,122,244,5.426,0.04,
21970,122,244,5.426,0.04,
21971,122,244,5.566,0.04,
21972,122,244,5.566,0.04,
21973,122,244,5.443,0.04,
21974,122,244,5.443,0.04,
21976,122,244,5.352,0.04,
21978,122,244,5.828,0.04,
21980,122,244,5.746,0.04,
21982,122,244,5.803,0.04,
21983,14,84,2.214,0.0,
21984,122,244,5.656,0.04,
21985,16,96,2.25,0.0,
21986,122,488,2.492,0.03,
21987,122,488,2.492,0.03,
21988,122,488,2.492,0.05,
21989,122,488,2.492,0.05,
21990,122,488,2.492,0.05,
21991,122,488,7.0,0.08,
21992,122,488,7.0,0.08,
21993,20,120,2.55,0.0,
21994,122,488,7.189,0.08,
21995,22,132,2.545,0.0,
21996,122,488,6.951,0.05,
21997,122,488,7.443,0.05,
21998,122,488,7.443,0.05,
21999,24,144,2.542,0.0,
22000,122,488,7.254,0.05,
22001,26,156,2.692,0.0,
22002,122,488,7.041,0.05,
22003,28,168,2.75,0.0,
22004,122,488,7.18,0.06,
22005,122,488,7.525,0.08,
22006,122,488,7.525,0.07,
22007,122,488,7.5,0.07,
22008,122,488,7.5,0.07,
22009,122,488,7.516,0.06,
22010,122,488,7.516,0.06,
22011,34,204,2.765,0.0,
22012,122,488,7.336,0.05,
22013,36,216,2.806,0.0,
22014,122,488,7.656,0.05,
22015,40,240,2.725,0.0,
22016,122,488,7.418,0.05,
22017,122,488,7.385,0.05,
22018,122,488,7.385,0.05,
22019,122,488,7.41,0.05,
22020,122,488,7.41,0.05,
22021,48,288,2.771,0.0,
22022,122,732,2.934,0.04,
22023,48,288,2.771,0.0,
22024,122,732,2.934,0.04,
22025,52,312,2.865,0.01,
22026,122,732,2.934,0.04,
22027,122,732,7.984,0.04,
22028,122,732,7.984,0.04,
22029,56,336,2.804,0.01,
22030,122,732,7.893,0.05,
22031,122,732,7.656,0.05,
22032,122,732,7.656,0.05,
22033,122,732,8.025,0.04,
22034,122,732,8.025,0.04,
22035,66,396,2.879,0.01,
22036,122,732,8.131,0.05,
22037,122,732,8.172,0.04,
22038,122,732,8.172,0.04,
22039,122,732,8.098,0.05,
22040,122,732,8.098,0.05,
22041,122,732,8.082,0.04,
22042,122,732,8.082,0.04,
22043,122,732,8.049,0.05,
22044,122,732,8.049,0.05,
22045,94,564,2.894,0.02,
22046,122,732,7.959,0.05,
22047,122,732,8.131,0.05,
22048,122,732,8.131,0.05,
22049,102,612,2.902,0.02,
22050,122,732,8.23,0.05,
22051,122,732,7.984,0.05,
22052,122,732,7.984,0.04,
22053,112,672,2.902,0.03,
22054,122,732,8.148,0.04,
22055,122,732,8.09,0.05,
22056,122,732,8.09,0.05,
22057,124,620,2.798,0.04,
22058,124,620,2.798,0.04,
22059,132,792,2.947,0.04,
22060,124,620,2.798,0.06,
22061,124,620,2.798,0.06,
22062,124,620,2.798,0.06,
22063,156,936,2.955,0.12,
22064,124,620,7.75,0.08,
22065,124,620,7.476,0.08,
22066,124,620,7.476,0.08,
22067,170,1020,2.953,0.15,
22068,124,620,7.879,0.05,
22069,124,620,8.048,0.04,
22070,124,620,8.048,0.04,
22071,124,620,7.952,0.06,
22072,124,620,7.952,0.06,
22074,124,620,7.944,0.05,
22076,124,620,7.79,0.05,
22078,124,620,8.024,0.05,
22079,124,620,7.944,0.04,
22080,124,620,7.944,0.04,
22082,124,620,7.879,0.05,
22084,124,620,8.056,0.05,
22086,124,620,7.944,0.05,
22087,124,620,7.887,0.05,
22088,124,620,7.887,0.05,
22090,124,620,7.887,0.05,
22091,124,620,7.944,0.05,
22092,124,620,7.944,0.05,
22093,124,1240,4.226,0.06,
22094,124,1240,4.226,0.06,
22096,124,1240,4.226,0.06,
22097,124,1240,4.226,0.06,
22098,124,1240,4.226,0.06,
22099,124,1240,8.952,0.04,
22100,124,1240,8.952,0.06,
22102,124,1240,8.573,0.09,
22104,124,1240,8.653,0.08,
22106,124,1240,8.774,0.07,
22108,124,1240,8.903,0.07,
22110,124,1240,8.847,0.07,
22111,124,1240,8.782,0.07,
22112,124,1240,8.782,0.07,
22114,124,1240,8.774,0.05,
22115,124,1240,8.774,0.03,
22116,124,1240,8.774,0.03,
22118,124,1240,8.75,0.05,
22120,124,1240,8.766,0.04,
22121,124,1240,8.863,0.05,
22122,124,1240,8.863,0.05,
22123,124,1240,8.903,0.04,
22124,124,1240,8.903,0.07,
22125,124,1240,8.685,0.09,
22126,124,1240,8.685,0.09,
22127,124,1240,8.742,0.07,
22128,124,1240,8.742,0.07,
22130,126,378,2.214,0.04,
22131,126,378,2.214,0.04,
22132,126,378,2.214,0.04,
22133,126,378,2.214,0.03,
22134,126,378,2.214,0.03,
22135,126,378,6.357,0.04,
22136,126,378,6.357,0.04,
22138,126,378,6.159,0.05,
22139,126,378,6.111,0.04,
22140,126,378,6.111,0.04,
22142,126,378,6.865,0.04,
22143,126,378,6.659,0.04,
22144,126,378,6.659,0.04,
22145,126,378,6.921,0.04,
22146,126,378,6.921,0.04,
22147,126,378,7.048,0.05,
22148,126,378,7.048,0.05,
22150,126,378,6.952,0.05,
22152,126,378,6.77,0.04,
22154,126,378,7.016,0.05,
22155,126,378,6.944,0.05,
22156,126,378,6.944,0.05,
22157,126,378,7.024,0.04,
22158,126,378,7.024,0.04,
22159,126,378,7.071,0.04,
22160,126,378,7.071,0.05,
22162,126,378,7.095,0.05,
22164,126,378,7.183,0.04,
22165,132,792,2.947,0.04,
22166,132,792,2.947,0.04,
22167,132,792,2.947,0.04,
22168,132,792,2.947,0.04,
22169,132,792,2.947,0.04,
22170,132,792,2.947,0.04,
22172,132,792,8.295,0.06,
22174,132,792,8.508,0.06,
22176,132,792,8.447,0.06,
22178,132,792,8.72,0.06,
22179,132,792,8.538,0.05,
22180,132,792,8.538,0.05,
22181,132,792,8.644,0.06,
22182,132,792,8.644,0.06,
22184,132,792,8.515,0.05,
22185,132,792,8.614,0.06,
22186,132,792,8.614,0.06,
22188,132,792,8.811,0.04,
22190,132,792,8.553,0.05,
22192,132,792,8.682,0.05,
22194,132,792,8.606,0.05,
22195,132,792,8.629,0.06,
22196,132,792,8.629,0.06,
22197,132,792,8.75,0.05,
22198,132,792,8.75,0.05,
22199,132,792,8.667,0.05,
22200,132,792,8.667,0.05,
22201,134,268,1.515,0.02,
22202,134,268,1.515,0.02,
22203,134,268,1.515,0.02,
22204,18,108,2.5,0.0,
22205,134,268,4.716,0.04,
22206,134,268,4.851,0.04,
22207,134,268,4.851,0.04,
22208,134,268,5.022,0.04,
22209,134,268,5.022,0.04,
22210,134,268,5.784,0.04,
22211,134,268,5.784,0.04,
22212,22,132,2.727,0.0,
22213,134,268,5.716,0.04,
22214,24,144,2.75,0.0,
22215,134,268,5.851,0.04,
22216,134,268,6.209,0.05,
22217,134,268,6.209,0.05,
22218,26,156,3.038,0.0,
22219,134,268,6.09,0.04,
22220,134,268,5.731,0.04,
22221,134,268,5.731,0.07,
22222,30,180,3.133,0.0,
22223,134,268,6.119,0.07,
22224,134,268,6.03,0.07,
22225,134,268,6.03,0.07,
22226,134,268,6.172,0.07,
22227,134,268,6.172,0.07,
22228,134,268,5.843,0.06,
22229,134,268,5.843,0.05,
22230,36,216,3.556,0.0,
22231,134,268,6.209,0.05,
22232,40,240,3.7,0.0,
22233,134,268,5.754,0.05,
22234,44,264,4.068,0.0,
22235,134,536,2.507,0.04,
22236,134,536,2.507,0.03,
22237,134,536,2.507,0.05,
22238,134,536,2.507,0.05,
22239,134,536,2.507,0.05,
22240,52,312,4.346,0.01,
22241,134,536,7.567,0.09,
22242,134,536,7.358,0.05,
22243,134,536,7.358,0.05,
22244,134,536,7.485,0.05,
22245,134,536,7.485,0.08,
22246,134,536,8.052,0.09,
22247,134,536,8.052,0.09,
22248,62,372,4.71,0.01,
22249,134,536,7.754,0.09,
22250,66,396,5.121,0.01,
22251,134,536,7.948,0.06,
22252,134,536,8.06,0.05,
22253,134,536,8.06,0.05,
22254,72,432,5.458,0.01,
22255,134,536,8.007,0.06,
22256,78,468,5.718,0.01,
22257,134,536,8.022,0.06,
22258,134,536,7.91,0.06,
22259,134,536,7.91,0.06,
22260,134,536,8.119,0.05,
22261,134,536,8.119,0.05,
22262,134,536,7.933,0.06,
22263,134,536,7.933,0.06,
22264,134,536,7.769,0.05,
22265,134,536,7.769,0.05,
22266,102,612,6.98,0.03,
22267,134,536,8.037,0.05,
22268,112,672,7.357,0.06,
22269,134,536,8.03,0.05,
22270,134,670,2.799,0.04,
22271,134,670,2.799,0.04,
22272,134,670,2.799,0.04,
22273,134,670,2.799,0.04,
22274,134,670,2.799,0.04,
22275,134,670,2.799,0.04,
22276,144,864,9.104,0.08,
22277,134,670,8.052,0.06,
22278,134,670,8.067,0.05,
22279,134,670,8.067,0.05,
22280,134,670,8.067,0.04,
22281,134,670,8.067,0.04,
22282,134,670,8.507,0.05,
22283,134,670,8.507,0.05,
22284,170,1020,10.482,0.12,
22285,134,670,8.172,0.05,
22286,134,670,8.269,0.06,
22287,134,670,8.269,0.06,
22288,134,670,8.269,0.05,
22289,134,670,8.269,0.05,
22290,134,670,8.224,0.06,
22291,134,670,8.224,0.06,
22293,134,670,8.41,0.05,
22295,134,670,8.381,0.05,
22297,134,670,8.433,0.05,
22299,134,670,8.485,0.04,
22301,134,670,8.545,0.05,
22303,134,670,8.373,0.04,
22305,134,670,8.478,0.04,
22307,134,1340,4.224,0.06,
22308,134,1340,4.224,0.06,
22309,134,1340,4.224,0.06,
22311,134,1340,4.224,0.07,
22312,134,1340,9.254,0.05,
22313,134,1340,9.254,0.05,
22315,134,1340,9.104,0.05,
22316,134,1340,9.41,0.04,
22317,134,1340,9.41,0.04,
22319,134,1340,9.425,0.06,
22320,134,1340,9.306,0.05,
22321,134,1340,9.306,0.05,
22323,134,1340,9.336,0.05,
22325,134,1340,9.343,0.05,
22327,134,1340,9.321,0.04,
22329,134,1340,9.44,0.04,
22330,134,1340,9.373,0.05,
22331,134,1340,9.373,0.05,
22332,134,1340,9.41,0.06,
22333,134,1340,9.41,0.06,
22334,134,1340,9.313,0.07,
22335,134,1340,9.313,0.07,
22337,134,1340,9.351,0.08,
22338,134,1340,9.388,0.08,
22339,134,1340,9.388,0.08,
22341,134,1340,9.396,0.06,
22343,138,414,2.217,0.05,
22344,138,414,2.217,0.06,
22345,138,414,2.217,0.06,
22346,138,414,2.217,0.06,
22347,138,414,2.217,0.05,
22348,138,414,6.761,0.09,
22349,138,414,6.761,0.09,
22351,138,414,6.855,0.1,
22353,138,414,6.862,0.06,
22355,138,414,7.254,0.06,
22356,138,414,7.399,0.06,
22357,138,414,7.399,0.06,
22358,138,414,7.304,0.06,
22359,138,414,7.304,0.06,
22360,138,414,7.391,0.07,
22361,138,414,7.391,0.07,
22363,138,414,7.362,0.06,
22365,138,414,7.522,0.07,
22366,138,414,7.341,0.07,
22367,138,414,7.341,0.07,
22369,138,414,7.609,0.06,
22371,138,414,7.688,0.07,
22373,138,414,7.478,0.06,
22374,138,414,7.572,0.06,
22375,138,414,7.572,0.1,
22376,138,414,7.464,0.1,
22377,138,414,7.464,0.1,
22378,144,864,2.924,0.09,
22379,144,864,2.924,0.09,
22381,144,864,2.924,0.09,
22382,144,864,2.924,0.09,
22383,144,864,2.924,0.09,
22384,144,864,9.104,0.08,
22385,144,864,9.104,0.08,
22386,144,864,9.097,0.07,
22387,144,864,9.097,0.07,
22388,144,864,8.993,0.08,
22389,144,864,8.993,0.08,
22390,144,864,9.25,0.07,
22391,144,864,9.25,0.07,
22392,144,864,9.41,0.06,
22393,144,864,9.41,0.06,
22394,144,864,9.132,0.07,
22395,144,864,9.132,0.07,
22397,144,864,9.181,0.07,
22398,144,864,9.153,0.07,
22399,144,864,9.153,0.07,
22401,144,864,9.264,0.06,
22402,144,864,9.375,0.08,
22403,144,864,9.375,0.07,
22405,144,864,9.285,0.06,
22406,144,864,9.167,0.07,
22407,144,864,9.167,0.07,
22408,144,864,9.375,0.06,
22409,144,864,9.375,0.06,
22410,144,864,9.257,0.07,
22411,144,864,9.257,0.08,
22413,144,864,9.25,0.06,
22414,146,292,1.514,0.03,
22415,146,292,1.514,0.03,
22416,146,292,1.514,0.03,
22417,16,96,2.188,0.0,
22418,146,292,5.397,0.06,
22419,146,292,4.829,0.08,
22420,146,292,4.829,0.05,
22421,146,292,5.514,0.06,
22422,146,292,5.514,0.06,
22423,20,120,2.75,0.0,
22424,146,292,6.13,0.06,
22425,146,292,6.212,0.06,
22426,146,292,6.212,0.06,
22427,146,292,6.014,0.06,
22428,146,292,6.014,0.09,
22429,146,292,6.342,0.09,
22430,146,292,6.342,0.1,
22431,24,144,2.583,0.0,
22432,146,292,6.555,0.09,
22433,26,156,3.077,0.0,
22434,146,292,6.432,0.1,
22435,28,168,3.071,0.0,
22436,146,292,6.801,0.07,
22437,146,292,6.137,0.06,
22438,146,292,6.137,0.06,
22439,30,180,3.1,0.0,
22440,146,292,6.705,0.06,
22441,34,204,3.471,0.0,
22442,146,292,6.308,0.07,
22443,146,292,6.589,0.07,
22444,146,292,6.589,0.1,
22445,146,292,6.76,0.1,
22446,146,292,6.76,0.09,
22447,146,584,2.507,0.07,
22448,146,584,2.507,0.07,
22449,40,240,3.725,0.0,
22450,146,584,2.507,0.07,
22451,44,264,3.977,0.01,
22452,146,584,2.507,0.05,
22453,48,288,4.146,0.0,
22454,146,584,7.849,0.08,
22455,146,584,8.137,0.07,
22456,146,584,8.137,0.07,
22457,146,584,8.034,0.06,
22458,146,584,8.034,0.06,
22459,56,336,4.518,0.01,
22460,146,584,8.521,0.13,
22461,146,584,8.562,0.11,
22462,146,584,8.562,0.11,
22463,146,584,8.295,0.12,
22464,146,584,8.295,0.12,
22465,146,584,8.425,0.12,
22466,146,584,8.425,0.12,
22467,66,396,5.348,0.01,
22468,146,584,8.479,0.08,
22469,72,432,5.444,0.01,
22470,146,584,8.644,0.06,
22471,78,468,5.551,0.02,
22472,146,584,8.479,0.08,
22473,146,584,8.63,0.07,
22474,146,584,8.63,0.07,
22475,146,584,8.418,0.07,
22476,146,584,8.418,0.07,
22477,146,584,8.507,0.08,
22478,146,584,8.507,0.08,
22479,146,584,8.507,0.08,
22480,146,584,8.507,0.08,
22481,146,584,8.507,0.08,
22482,146,584,8.507,0.08,
22483,146,730,2.815,0.05,
22484,146,730,2.815,0.05,
22485,112,672,7.455,0.04,
22486,146,730,2.815,0.05,
22487,146,730,2.815,0.05,
22488,146,730,2.815,0.05,
22489,146,730,8.603,0.08,
22490,146,730,8.603,0.08,
22491,146,730,8.979,0.08,
22492,146,730,8.979,0.07,
22493,144,864,9.41,0.06,
22494,146,730,8.445,0.07,
22495,146,730,9.034,0.08,
22496,146,730,9.034,0.08,
22497,156,936,9.891,0.1,
22498,146,730,8.829,0.06,
22499,170,1020,10.459,0.13,
22500,146,730,8.945,0.12,
22501,146,730,8.849,0.12,
22502,146,730,8.849,0.12,
22504,146,730,9.041,0.12,
22505,146,730,9.11,0.12,
22506,146,730,9.11,0.12,
22508,146,730,8.945,0.11,
22509,146,730,9.199,0.09,
22510,146,730,9.199,0.06,
22512,146,730,9.164,0.06,
22513,146,730,9.062,0.08,
22514,146,730,9.062,0.08,
22516,146,730,8.89,0.08,
22517,146,730,8.952,0.07,
22518,146,730,8.952,0.07,
22519,146,1460,4.274,0.09,
22520,146,1460,4.274,0.09,
22521,146,1460,4.274,0.09,
22522,146,1460,4.274,0.09,
22523,146,1460,4.274,0.09,
22524,146,1460,4.274,0.09,
22526,146,1460,10.014,0.07,
22528,146,1460,9.986,0.08,
22530,146,1460,10.082,0.06,
22532,146,1460,9.986,0.1,
22534,146,1460,10.048,0.1,
22536,146,1460,9.966,0.12,
22538,146,1460,10.062,0.14,
22540,146,1460,10.007,0.1,
22541,146,1460,9.979,0.13,
22542,146,1460,9.979,0.13,
22544,146,1460,10.137,0.1,
22545,146,1460,10.062,0.1,
22546,146,1460,10.062,0.1,
22548,146,1460,10.021,0.1,
22550,146,1460,10.068,0.12,
22552,146,1460,10.082,0.1,
22553,146,1460,9.945,0.11,
22554,146,1460,9.945,0.1,
22556,150,450,2.22,0.06,
22557,150,450,2.22,0.04,
22558,150,450,2.22,0.04,
22559,150,450,2.22,0.04,
22560,150,450,2.22,0.04,
22561,150,450,7.167,0.07,
22562,150,450,7.167,0.07,
22564,150,450,7.527,0.07,
22566,150,450,7.633,0.07,
22567,150,450,7.687,0.07,
22568,150,450,7.687,0.07,
22570,150,450,7.94,0.07,
22572,150,450,7.853,0.08,
22574,150,450,7.867,0.08,
22575,150,450,7.76,0.08,
22576,150,450,7.76,0.08,
22577,150,450,8.093,0.07,
22578,150,450,8.093,0.07,
22579,150,450,8.027,0.07,
22580,150,450,8.027,0.07,
22581,150,450,8.04,0.08,
22582,150,450,8.04,0.08,
22583,150,450,7.893,0.07,
22584,150,450,7.893,0.07,
22585,150,450,7.98,0.07,
22586,150,450,7.98,0.07,
22588,150,450,8.08,0.08,
22590,150,450,7.84,0.08,
22591,156,936,2.955,0.07,
22592,156,936,2.955,0.07,
22594,156,936,2.955,0.07,
22595,156,936,2.955,0.07,
22596,156,936,2.955,0.07,
22597,156,936,9.615,0.15,
22598,156,936,9.615,0.15,
22599,156,936,9.788,0.18,
22600,156,936,9.788,0.18,
22602,156,936,9.872,0.16,
22604,156,936,9.936,0.15,
22605,156,936,9.853,0.16,
22606,156,936,9.853,0.16,
22608,156,936,9.891,0.11,
22610,156,936,9.936,0.09,
22612,156,936,9.917,0.1,
22614,156,936,9.795,0.09,
22615,156,936,9.846,0.1,
22616,156,936,9.846,0.1,
22618,156,936,9.865,0.09,
22620,156,936,9.936,0.09,
22621,156,936,9.878,0.09,
22622,156,936,9.878,0.09,
22623,156,936,9.904,0.09,
22624,156,936,9.904,0.09,
22625,156,936,9.929,0.11,
22626,156,936,9.929,0.11,
22627,158,632,2.513,0.06,
22628,158,632,2.513,0.06,
22630,158,632,2.513,0.06,
22631,14,84,2.214,0.0,
22632,158,632,2.513,0.06,
22633,16,96,2.25,0.0,
22634,158,632,8.722,0.1,
22635,158,632,8.848,0.1,
22636,158,632,8.848,0.1,
22637,158,632,8.797,0.1,
22638,158,632,8.797,0.15,
22639,158,632,8.816,0.17,
22640,158,632,8.816,0.17,
22641,20,120,2.7,0.0,
22642,158,632,9.051,0.15,
22643,22,132,2.773,0.0,
22644,158,632,9.0,0.15,
22645,24,144,2.75,0.0,
22646,158,632,8.93,0.08,
22647,158,632,9.025,0.1,
22648,158,632,9.025,0.1,
22649,158,632,9.044,0.1,
22650,158,632,9.044,0.1,
22651,158,632,9.127,0.1,
22652,158,632,9.127,0.1,
22653,28,168,3.0,0.0,
22654,158,632,9.095,0.1,
22655,30,180,3.233,0.0,
22656,158,632,9.184,0.11,
22657,34,204,3.559,0.0,
22658,158,632,9.335,0.1,
22659,158,632,9.215,0.1,
22660,158,632,9.215,0.1,
22661,158,632,9.133,0.1,
22662,158,632,9.133,0.15,
22663,160,320,1.519,0.06,
22664,160,320,1.519,0.06,
22665,160,320,1.519,0.06,
22666,44,264,3.977,0.01,
22667,160,320,5.675,0.1,
22668,160,320,5.625,0.1,
22669,160,320,5.625,0.1,
22670,160,320,5.713,0.11,
22671,160,320,5.713,0.11,
22672,160,320,6.519,0.12,
22673,160,320,6.519,0.12,
22674,52,312,4.192,0.01,
22675,160,320,6.787,0.12,
22676,56,336,4.554,0.01,
22677,160,320,6.981,0.13,
22678,160,320,6.869,0.08,
22679,160,320,6.869,0.08,
22680,160,320,6.969,0.08,
22681,160,320,6.969,0.08,
22682,160,320,6.875,0.08,
22683,160,320,6.875,0.08,
22684,72,432,5.542,0.01,
22685,160,320,6.919,0.08,
22686,160,320,7.019,0.09,
22687,160,320,7.019,0.09,
22688,160,320,6.938,0.09,
22689,160,320,6.938,0.09,
22690,160,320,7.169,0.09,
22691,160,320,7.169,0.09,
22692,86,516,6.326,0.01,
22693,160,320,7.019,0.07,
22694,94,564,6.649,0.02,
22695,160,320,7.019,0.09,
22696,160,800,2.8,0.07,
22697,160,800,2.8,0.07,
22698,102,612,7.186,0.02,
22699,160,800,2.8,0.07,
22700,112,672,7.554,0.03,
22701,160,800,2.8,0.07,
22702,160,800,9.531,0.11,
22703,160,800,9.531,0.11,
22704,122,732,8.049,0.05,
22705,160,800,9.481,0.09,
22706,160,800,9.544,0.09,
22707,160,800,9.544,0.1,
22708,144,864,9.181,0.11,
22709,160,800,9.681,0.12,
22710,144,864,9.264,0.06,
22711,160,800,9.588,0.11,
22712,160,800,9.656,0.1,
22713,160,800,9.656,0.1,
22714,160,800,9.744,0.08,
22715,160,800,9.744,0.09,
22716,160,800,9.675,0.1,
22717,160,800,9.675,0.1,
22718,160,800,9.769,0.09,
22719,160,800,9.769,0.1,
22720,160,800,9.806,0.1,
22721,160,800,9.806,0.1,
22722,160,800,9.838,0.11,
22723,160,800,9.838,0.11,
22724,160,800,9.619,0.12,
22725,160,800,9.619,0.12,
22727,160,800,9.744,0.13,
22728,160,800,9.738,0.16,
22729,160,800,9.738,0.15,
22731,160,800,9.863,0.13,
22733,160,1600,4.25,0.17,
22734,160,1600,4.25,0.18,
22735,160,1600,4.25,0.17,
22737,160,1600,4.25,0.17,
22739,160,1600,10.688,0.16,
22741,160,1600,10.725,0.15,
22742,160,1600,10.869,0.15,
22743,160,1600,10.869,0.15,
22745,160,1600,10.769,0.13,
22747,160,1600,10.719,0.17,
22749,160,1600,10.75,0.12,
22750,160,1600,10.887,0.12,
22751,160,1600,10.887,0.07,
22752,160,1600,10.694,0.1,
22753,160,1600,10.694,0.1,
22754,160,1600,10.825,0.08,
22755,160,1600,10.825,0.08,
22757,160,1600,10.869,0.08,
22758,160,1600,10.775,0.08,
22759,160,1600,10.775,0.08,
22760,160,1600,10.756,0.16,
22761,160,1600,10.756,0.15,
22763,160,1600,10.85,0.1,
22764,160,1600,10.744,0.12,
22765,160,1600,10.744,0.12,
22767,160,1600,10.844,0.09,
22768,164,492,2.226,0.05,
22769,164,492,2.226,0.05,
22771,164,492,2.226,0.05,
22773,164,492,2.226,0.05,
22775,164,492,7.701,0.1,
22776,164,492,7.799,0.1,
22777,164,492,7.799,0.1,
22778,164,492,8.006,0.09,
22779,164,492,8.006,0.09,
22781,164,492,8.445,0.1,
22782,164,492,8.311,0.15,
22783,164,492,8.311,0.15,
22784,164,492,8.457,0.14,
22785,164,492,8.457,0.1,
22787,164,492,8.689,0.08,
22788,164,492,8.579,0.1,
22789,164,492,8.579,0.1,
22790,164,492,8.451,0.1,
22791,164,492,8.451,0.1,
22793,164,492,8.713,0.11,
22794,164,492,8.665,0.1,
22795,164,492,8.665,0.11,
22796,164,492,8.634,0.1,
22797,164,492,8.634,0.1,
22798,164,492,8.518,0.1,
22799,164,492,8.518,0.1,
22801,164,492,8.518,0.14,
22803,164,492,8.518,0.14,
22805,170,1020,2.953,0.14,
22807,170,1020,2.953,0.14,
22809,170,1020,2.953,0.14,
22810,170,1020,10.524,0.23,
22811,170,1020,10.524,0.23,
22812,170,1020,10.6,0.2,
22813,170,1020,10.6,0.14,
22814,170,1020,10.482,0.12,
22815,170,1020,10.482,0.12,
22816,170,1020,10.576,0.13,
22817,170,1020,10.576,0.13,
22819,170,1020,10.459,0.13,
22821,170,1020,10.606,0.12,
22822,170,1020,10.576,0.12,
22823,170,1020,10.576,0.13,
22825,170,1020,10.571,0.16,
22826,170,1020,10.647,0.13,
22827,170,1020,10.647,0.13,
22828,170,1020,10.659,0.14,
22829,170,1020,10.659,0.13,
22830,170,1020,10.635,0.13,
22831,170,1020,10.635,0.13,
22833,170,1020,10.588,0.13,
22835,170,1020,10.682,0.11,
22837,170,1020,10.665,0.13,
22839,170,1020,10.671,0.13,
22840,172,688,2.517,0.07,
22841,172,688,2.517,0.07,
22843,172,688,2.517,0.08,
22845,172,688,2.517,0.08,
22846,14,84,2.214,0.0,
22847,172,688,9.39,0.14,
22848,172,688,9.238,0.14,
22849,172,688,9.238,0.14,
22850,172,688,9.541,0.13,
22851,172,688,9.541,0.12,
22852,172,688,9.709,0.13,
22853,172,688,9.709,0.13,
22854,18,108,2.5,0.0,
22855,172,688,9.512,0.14,
22856,20,120,2.7,0.0,
22857,172,688,9.884,0.12,
22858,172,688,9.802,0.12,
22859,172,688,9.802,0.12,
22860,172,688,9.843,0.12,
22861,172,688,9.843,0.12,
22862,172,688,9.901,0.12,
22863,172,688,9.901,0.12,
22864,26,156,2.923,0.0,
22865,172,688,9.919,0.14,
22866,172,688,9.884,0.12,
22867,172,688,9.884,0.12,
22868,172,688,9.831,0.12,
22869,172,688,9.831,0.12,
22870,172,688,9.692,0.13,
22871,172,688,9.692,0.14,
22872,30,180,3.133,0.0,
22873,172,688,9.924,0.12,
22874,34,204,3.471,0.0,
22875,172,688,9.762,0.15,
22876,174,348,1.511,0.05,
22877,174,348,1.511,0.05,
22878,174,348,1.511,0.08,
22879,40,240,3.675,0.0,
22880,174,348,6.523,0.15,
22881,174,348,6.207,0.15,
22882,174,348,6.207,0.14,
22883,174,348,6.466,0.14,
22884,174,348,6.466,0.14,
22885,48,288,4.104,0.01,
22886,174,348,7.218,0.16,
22887,174,348,7.27,0.17,
22888,174,348,7.27,0.17,
22889,174,348,6.92,0.15,
22890,174,348,6.92,0.17,
22891,174,348,7.356,0.14,
22892,174,348,7.356,0.11,
22893,56,336,4.571,0.0,
22894,174,348,7.172,0.11,
22895,62,372,5.016,0.01,
22896,174,348,7.494,0.12,
22897,66,396,5.212,0.01,
22898,174,348,7.46,0.12,
22899,174,348,7.552,0.12,
22900,174,348,7.552,0.11,
22901,174,348,7.54,0.11,
22902,174,348,7.54,0.12,
22903,174,348,7.506,0.12,
22904,174,348,7.506,0.12,
22905,78,468,5.731,0.01,
22906,174,348,7.333,0.12,
22907,86,516,6.198,0.01,
22908,174,348,7.213,0.12,
22909,174,870,2.816,0.09,
22910,174,870,2.816,0.08,
22911,174,870,2.816,0.08,
22912,174,870,2.816,0.09,
22913,174,870,2.816,0.09,
22914,174,870,2.816,0.09,
22915,112,672,7.562,0.03,
22916,174,870,10.017,0.13,
22917,112,672,7.571,0.03,
22918,174,870,9.983,0.13,
22919,174,870,10.109,0.15,
22920,174,870,10.109,0.15,
22921,174,870,10.431,0.13,
22922,174,870,10.431,0.13,
22923,132,792,8.606,0.05,
22924,174,870,10.207,0.14,
22925,174,870,10.351,0.14,
22926,174,870,10.351,0.15,
22927,156,936,9.846,0.1,
22928,174,870,10.414,0.12,
22929,174,870,10.414,0.14,
22930,174,870,10.414,0.14,
22931,170,1020,10.635,0.13,
22932,174,870,10.397,0.13,
22934,174,870,10.569,0.12,
22936,174,870,10.345,0.15,
22938,174,870,10.466,0.13,
22939,174,870,10.569,0.12,
22940,174,870,10.569,0.12,
22941,174,870,10.546,0.12,
22942,174,870,10.546,0.12,
22943,174,870,10.431,0.14,
22944,174,870,10.431,0.14,
22945,174,1740,4.287,0.14,
22946,174,1740,4.287,0.14,
22947,174,1740,4.287,0.14,
22948,174,1740,4.287,0.14,
22949,174,1740,4.287,0.14,
22950,174,1740,4.287,0.14,
22952,174,1740,11.489,0.14,
22954,174,1740,11.506,0.13,
22956,174,1740,11.569,0.19,
22958,174,1740,11.678,0.19,
22959,174,1740,11.649,0.19,
22960,174,1740,11.649,0.19,
22961,174,1740,11.598,0.19,
22962,174,1740,11.598,0.19,
22964,174,1740,11.69,0.2,
22965,174,1740,11.575,0.2,
22966,174,1740,11.575,0.18,
22968,174,1740,11.661,0.18,
22970,174,1740,11.667,0.17,
22972,174,1740,11.621,0.2,
22974,174,1740,11.649,0.15,
22975,174,1740,11.747,0.18,
22976,174,1740,11.747,0.19,
22977,174,1740,11.701,0.19,
22978,174,1740,11.701,0.12,
22979,174,1740,11.626,0.12,
22980,174,1740,11.626,0.13,
22981,178,534,2.225,0.06,
22982,178,534,2.225,0.06,
22984,178,534,2.225,0.06,
22986,178,534,2.225,0.06,
22988,178,534,8.303,0.14,
22989,178,534,8.236,0.13,
22990,178,534,8.236,0.13,
22991,178,534,8.343,0.13,
22992,178,534,8.343,0.12,
22994,178,534,9.073,0.12,
22995,178,534,8.82,0.14,
22996,178,534,8.82,0.14,
22997,178,534,9.011,0.11,
22998,178,534,9.011,0.12,
22999,178,534,9.27,0.12,
23000,178,534,9.27,0.12,
23001,178,534,9.146,0.16,
23002,178,534,9.146,0.15,
23003,178,534,9.281,0.13,
23004,178,534,9.281,0.13,
23005,178,534,9.258,0.15,
23006,178,534,9.258,0.15,
23008,178,534,9.23,0.14,
23010,178,534,9.303,0.14,
23012,178,534,9.258,0.13,
23013,178,534,9.264,0.13,
23014,178,534,9.264,0.12,
23015,178,534,9.253,0.15,
23016,178,534,9.253,0.15,
23064,14,84,2.214,0.0,
23066,16,96,2.125,0.0,
23070,18,108,2.611,0.0,
23072,20,120,2.55,0.0,
23076,22,132,2.727,0.0,
23078,24,144,2.708,0.0,
23082,26,156,3.038,0.0,
23084,28,168,3.214,0.0,
23086,30,180,3.167,0.0,
23094,36,216,3.556,0.0,
23096,40,240,3.6,0.0,
23098,44,264,3.955,0.0,
23100,44,264,3.977,0.0,
23102,48,288,4.167,0.0,
23106,52,312,4.385,0.0,
23108,56,336,4.5,0.0,
23112,62,372,4.919,0.01,
23114,66,396,5.152,0.01,
23116,72,432,5.306,0.01,
23120,78,468,5.769,0.01,
23124,86,516,6.314,0.01,
23132,112,672,7.536,0.03,
23140,144,864,9.375,0.06,
23142,144,864,9.25,0.06,
23144,156,936,9.904,0.09,
23148,170,1020,10.671,0.13,
23278,22,220,2.818,0.0,
23280,22,220,2.818,0.0,
23282,24,240,2.833,0.0,
23286,26,260,3.231,0.0,
23288,28,280,3.286,0.0,
23292,32,320,3.25,0.0,
23294,34,340,3.529,0.0,
23296,38,380,3.526,0.0,
23300,40,400,3.5,0.0,
23305,48,480,3.667,0.01,
23311,58,580,3.931,0.01,
23319,68,680,4.0,0.01,
23321,74,740,4.054,0.02,
23323,80,800,4.0,0.02,
23331,96,960,4.083,0.03,
23333,104,1040,4.115,0.03,
23337,114,1140,4.211,0.05,
23341,134,1340,4.224,0.07,
23345,146,1460,4.274,0.09,
23351,174,1740,4.287,0.14,
23471,22,220,2.818,0.0,
23473,22,220,2.818,0.0,
23475,24,240,2.792,0.0,
23477,26,260,3.308,0.0,
23484,32,320,3.375,0.0,
23486,34,340,3.765,0.0,
23488,34,340,3.618,0.0,
23494,40,400,3.775,0.0,
23502,52,520,4.673,0.01,
23504,58,580,5.0,0.01,
23506,58,580,4.966,0.01,
23514,74,740,6.014,0.01,
23516,80,800,6.125,0.01,
23518,80,800,6.3,0.01,
23520,88,880,6.636,0.02,
23522,96,960,6.854,0.02,
23524,96,960,7.094,0.02,
23530,114,1140,8.035,0.04,
23536,134,1340,9.41,0.04,
23540,160,1600,10.688,0.1,
23542,160,1600,10.869,0.1,
23666,22,220,2.818,0.0,
23672,26,260,3.192,0.0,
23674,28,280,3.321,0.0,
23676,32,320,3.312,0.0,
23678,32,320,3.344,0.0,
23680,34,340,3.676,0.0,
23682,38,380,3.816,0.0,
23684,38,380,3.816,0.0,
23688,44,440,4.182,0.0,
23697,58,580,5.052,0.01,
23699,58,580,5.017,0.01,
23703,68,680,5.529,0.01,
23705,68,680,5.588,0.01,
23707,74,740,6.0,0.02,
23715,96,960,7.198,0.04,
23717,96,960,7.156,0.03,
23719,104,1040,7.731,0.02,
23727,134,1340,9.425,0.07,
23729,134,1340,9.336,0.08,
23731,146,1460,10.048,0.08,
23737,174,1740,11.649,0.17,
23859,22,220,2.818,0.0,
23861,24,240,2.833,0.0,
23863,26,260,3.192,0.0,
23869,32,320,3.312,0.0,
23871,32,320,3.281,0.0,
23873,34,340,3.706,0.0,
23881,44,440,4.205,0.0,
23885,48,480,4.333,0.0,
23889,52,520,4.808,0.0,
23903,80,800,6.15,0.01,
23905,88,880,6.557,0.02,
23913,104,1040,7.558,0.02,
23915,114,1140,8.272,0.04,
23919,124,1240,8.774,0.03,
23921,134,1340,9.321,0.04,
23923,146,1460,10.062,0.09,
23931,174,1740,11.661,0.12,
24054,24,240,2.792,0.0,
24056,26,260,3.308,0.0,
24058,26,260,3.269,0.0,
24060,28,280,3.286,0.0,
24062,32,320,3.344,0.0,
24066,34,340,3.647,0.0,
24068,38,380,3.763,0.0,
24072,40,400,3.775,0.0,
24074,44,440,4.25,0.0,
24076,44,440,4.205,0.0,
24080,52,520,4.769,0.01,
24082,52,520,4.654,0.0,
24086,62,620,5.242,0.01,
24088,62,620,5.226,0.01,
24090,68,680,5.647,0.01,
24094,74,740,5.892,0.01,
24096,80,800,6.188,0.01,
24098,88,880,6.659,0.01,
24100,88,880,6.648,0.01,
24102,96,960,7.052,0.03,
24104,104,1040,7.567,0.02,
24108,114,1140,8.202,0.04,
24112,124,1240,8.863,0.05,
24116,146,1460,10.137,0.06,
24251,26,260,3.154,0.0,
24253,28,280,3.286,0.0,
24255,32,320,3.375,0.0,
24257,32,320,3.344,0.0,
24259,34,340,3.618,0.0,
24267,44,440,4.227,0.0,
24269,44,440,4.25,0.0,
24273,52,520,4.692,0.0,
24275,52,520,4.731,0.0,
24277,58,580,4.983,0.01,
24279,62,620,5.129,0.01,
24281,62,620,5.177,0.01,
24283,68,680,5.574,0.01,
24291,88,880,6.682,0.02,
24293,88,880,6.625,0.01,
24295,96,960,7.094,0.02,
24297,104,1040,7.615,0.02,
24299,104,1040,7.663,0.02,
24301,114,1140,8.263,0.03,
24305,124,1240,8.742,0.04,
24311,146,1460,9.945,0.07,
24315,174,1740,11.747,0.13,
30100,20,3,1.0,0.0,
30101,20,3,1.0,0.0,
30102,20,3,1.0,0.0,
30103,20,3,1.0,0.0,
30104,20,6,1.0,0.0,
30105,20,6,1.0,0.0,
30106,20,6,1.0,0.0,
30107,20,6,1.0,0.0,
30108,20,8,1.1,0.0,
30109,20,8,1.1,0.0,
30110,20,8,1.1,0.0,
30111,20,8,1.1,0.0,
30112,20,14,1.1,0.0,
30113,20,14,1.1,0.0,
30114,20,14,1.1,0.0,
30115,20,14,1.1,0.0,
30116,20,18,1.3,0.0,
30117,20,18,1.3,0.0,
30118,20,18,1.3,0.0,
30119,20,18,1.3,0.0,
30120,20,16,1.35,0.0,
30121,20,16,1.35,0.0,
30122,20,16,1.35,0.0,
30123,20,16,1.35,0.0,
30124,20,22,1.55,0.0,
30125,20,22,1.55,0.0,
30126,20,22,1.55,0.0,
30127,20,22,1.55,0.0,
30128,20,21,1.55,0.0,
30129,20,21,1.55,0.0,
30130,20,21,1.55,0.0,
30131,20,21,1.55,0.0,
30132,20,29,1.6,0.0,
30133,20,29,1.6,0.0,
30134,20,29,1.6,0.0,
30135,20,29,1.6,0.0,
30136,20,16,1.4,0.0,
30137,20,16,1.4,0.0,
30138,20,16,1.4,0.0,
30139,20,16,1.4,0.0,
30140,20,23,1.55,0.0,
30141,20,23,1.55,0.0,
30142,20,23,1.55,0.0,
30143,20,23,1.55,0.0,
30144,20,18,1.45,0.0,
30145,20,18,1.45,0.0,
30146,20,18,1.45,0.0,
30147,20,18,1.45,0.0,
30148,20,28,1.6,0.0,
30149,20,28,1.6,0.0,
30150,20,31,1.85,0.0,
30151,20,31,1.85,0.0,
30152,20,26,1.5,0.0,
30153,20,26,1.5,0.0,
30154,20,35,1.6,0.0,
30155,20,35,1.6,0.0,
30156,20,35,1.6,0.0,
30157,20,35,1.6,0.0,
30158,20,33,1.75,0.0,
30159,20,33,1.75,0.0,
30160,20,33,1.75,0.0,
30161,20,33,1.75,0.0,
30162,20,41,2.25,0.0,
30163,20,41,2.25,0.0,
30164,20,41,2.25,0.0,
30165,20,41,2.25,0.0,
30166,24,11,1.083,0.0,
30167,24,11,1.083,0.0,
30168,24,11,1.083,0.0,
30169,24,11,1.083,0.0,
30170,24,9,1.042,0.0,
30171,24,9,1.042,0.0,
30172,24,9,1.042,0.0,
30173,24,9,1.042,0.0,
30174,24,12,1.125,0.0,
30175,24,12,1.125,0.0,
30176,24,12,1.125,0.0,
30177,24,12,1.125,0.0,
30178,24,22,1.292,0.0,
30179,24,22,1.292,0.0,
30180,24,22,1.292,0.0,
30181,24,22,1.292,0.0,
30182,24,24,1.292,0.0,
30183,24,24,1.292,0.0,
30184,24,24,1.292,0.0,
30185,24,24,1.292,0.0,
30186,24,17,1.333,0.0,
30187,24,17,1.333,0.0,
30188,24,17,1.333,0.0,
30189,24,17,1.333,0.0,
30190,24,37,1.792,0.0,
30191,24,37,1.792,0.0,
30192,24,37,1.792,0.0,
30193,24,37,1.792,0.0,
30194,24,34,1.708,0.0,
30195,24,34,1.708,0.0,
30196,24,34,1.708,0.0,
30197,24,34,1.708,0.0,
30198,24,35,1.958,0.0,
30199,24,35,1.958,0.0,
30200,24,35,1.958,0.0,
30201,24,35,1.958,0.0,
30202,24,27,1.542,0.0,
30203,24,27,1.542,0.0,
30204,24,27,1.542,0.0,
30205,24,27,1.542,0.0,
30206,24,31,1.792,0.0,
30207,24,31,1.792,0.0,
30208,24,31,1.792,0.0,
30209,24,31,1.792,0.0,
30210,24,20,1.375,0.0,
30211,24,20,1.375,0.0,
30212,24,20,1.375,0.0,
30213,24,20,1.375,0.0,
30214,24,39,1.5,0.0,
30215,24,39,1.5,0.0,
30216,24,45,1.958,0.0,
30217,24,45,1.958,0.0,
30218,24,33,1.625,0.0,
30219,24,33,1.625,0.0,
30220,24,54,2.083,0.0,
30221,24,54,2.083,0.0,
30222,24,54,2.083,0.0,
30223,24,54,2.083,0.0,
30224,24,56,2.125,0.0,
30225,24,56,2.125,0.0,
30226,24,56,2.125,0.0,
30227,24,56,2.125,0.0,
30228,24,47,1.833,0.0,
30229,24,47,1.833,0.0,
30230,24,47,1.833,0.0,
30231,24,47,1.833,0.0,
30232,28,6,1.036,0.0,
30233,28,6,1.036,0.0,
30234,28,16,1.25,0.0,
30235,28,16,1.25,0.0,
30236,28,12,1.0,0.0,
30237,28,12,1.0,0.0,
30238,28,38,1.893,0.0,
30239,28,38,1.893,0.0,
30240,28,31,1.607,0.0,
30241,28,31,1.607,0.0,
30242,28,31,1.786,0.0,
30243,28,31,1.786,0.0,
30244,28,42,1.857,0.0,
30245,28,42,1.857,0.0,
30246,28,44,2.179,0.0,
30247,28,44,2.179,0.0,
30248,28,49,1.929,0.0,
30249,28,49,1.929,0.0,
30250,28,47,2.143,0.0,
30251,28,47,2.143,0.0,
30252,28,38,1.964,0.0,
30253,28,38,1.964,0.0,
30254,28,38,1.75,0.0,
30255,28,38,1.75,0.0,
30256,28,61,2.179,0.0,
30257,28,56,2.393,0.0,
30258,28,51,2.036,0.0,
30259,28,63,2.464,0.0,
30260,28,63,2.464,0.0,
30261,28,63,2.393,0.0,
30262,28,63,2.393,0.0,
30263,28,70,2.536,0.0,
30264,28,70,2.536,0.0,
30265,32,18,1.188,0.0,
30266,32,18,1.188,0.0,
30267,32,18,1.188,0.0,
30268,32,18,1.188,0.0,
30269,32,22,1.281,0.0,
30270,32,22,1.281,0.0,
30271,32,22,1.281,0.0,
30272,32,22,1.281,0.0,
30273,32,20,1.281,0.0,
30274,32,20,1.281,0.0,
30275,32,20,1.281,0.0,
30276,32,20,1.281,0.0,
30277,32,46,2.0,0.0,
30278,32,46,2.0,0.0,
30279,32,46,2.0,0.0,
30280,32,46,2.0,0.0,
30281,32,35,1.5,0.0,
30282,32,35,1.5,0.0,
30283,32,35,1.5,0.0,
30284,32,35,1.5,0.0,
30285,32,42,1.75,0.0,
30286,32,42,1.75,0.0,
30287,32,42,1.75,0.0,
30288,32,42,1.75,0.0,
30289,32,64,2.406,0.0,
30290,32,64,2.406,0.0,
30291,32,64,2.406,0.0,
30292,32,64,2.406,0.0,
30293,32,67,2.625,0.0,
30294,32,67,2.625,0.0,
30295,32,67,2.625,0.0,
30296,32,67,2.625,0.0,
30297,32,71,2.375,0.0,
30298,32,71,2.375,0.0,
30299,32,71,2.375,0.0,
30300,32,71,2.375,0.0,
30301,32,56,2.094,0.0,
30302,32,56,2.094,0.0,
30303,32,56,2.094,0.0,
30304,32,56,2.094,0.0,
30305,32,45,1.906,0.0,
30306,32,45,1.906,0.0,
30307,32,45,1.906,0.0,
30308,32,45,1.906,0.0,
30309,32,51,2.062,0.0,
30310,32,51,2.062,0.0,
30311,32,51,2.062,0.0,
30312,32,51,2.062,0.0,
30313,32,75,2.719,0.0,
30314,32,75,2.719,0.0,
30315,32,62,2.094,0.0,
30316,32,62,2.094,0.0,
30317,32,74,2.688,0.0,
30318,32,74,2.688,0.0,
30319,32,94,2.812,0.0,
30320,32,94,2.812,0.0,
30321,32,94,2.812,0.0,
30322,32,94,2.812,0.0,
30323,32,99,2.594,0.0,
30324,32,99,2.594,0.0,
30325,32,99,2.594,0.0,
30326,32,99,2.594,0.0,
30327,32,99,2.719,0.0,
30328,32,99,2.719,0.0,
30329,32,99,2.719,0.0,
30330,32,99,2.719,0.0,
30331,36,25,1.361,0.0,
30332,36,25,1.361,0.0,
30333,36,30,1.556,0.0,
30334,36,30,1.556,0.0,
30335,36,33,1.611,0.0,
30336,36,33,1.611,0.0,
30337,36,51,2.139,0.0,
30338,36,51,2.139,0.0,
30339,36,61,2.306,0.0,
30340,36,61,2.306,0.0,
30341,36,65,2.333,0.0,
30342,36,65,2.333,0.0,
30343,36,70,2.722,0.0,
30344,36,70,2.722,0.0,
30345,36,85,2.667,0.0,
30346,36,85,2.667,0.0,
30347,36,91,2.75,0.0,
30348,36,91,2.75,0.0,
30349,36,66,2.389,0.0,
30350,36,66,2.389,0.0,
30351,36,80,2.583,0.0,
30352,36,80,2.583,0.0,
30353,36,81,2.861,0.0,
30354,36,81,2.861,0.0,
30355,36,93,2.833,0.0,
30356,36,109,2.917,0.0,
30357,36,106,2.861,0.0,
30358,36,114,2.944,0.0,
30359,36,114,2.944,0.0,
30360,36,132,3.194,0.0,
30361,36,132,3.194,0.0,
30362,36,129,3.139,0.0,
30363,36,129,3.139,0.0,
30364,40,22,1.325,0.0,
30365,40,22,1.325,0.0,
30366,40,34,1.575,0.0,
30367,40,34,1.575,0.0,
30368,40,40,1.75,0.0,
30369,40,40,1.75,0.0,
30370,40,60,2.275,0.0,
30371,40,60,2.275,0.0,
30372,40,73,2.35,0.0,
30373,40,73,2.35,0.0,
30374,40,68,2.425,0.0,
30375,40,68,2.425,0.0,
30376,40,106,3.175,0.0,
30377,40,106,3.175,0.0,
30378,40,91,2.875,0.0,
30379,40,91,2.875,0.0,
30380,40,104,2.925,0.0,
30381,40,104,2.925,0.0,
30382,40,78,2.575,0.0,
30383,40,78,2.575,0.0,
30384,40,96,2.65,0.0,
30385,40,96,2.65,0.0,
30386,40,88,2.5,0.0,
30387,40,88,2.5,0.0,
30388,40,117,3.025,0.0,
30389,40,130,3.15,0.0,
30390,40,120,3.075,0.0,
30391,40,165,3.475,0.0,
30392,40,165,3.475,0.0,
30393,40,142,3.275,0.0,
30394,40,142,3.275,0.0,
30395,40,158,3.5,0.0,
30396,40,158,3.5,0.0,
30397,44,30,1.432,0.0,
30398,44,30,1.432,0.0,
30399,44,29,1.5,0.0,
30400,44,29,1.5,0.0,
30401,44,45,1.909,0.0,
30402,44,45,1.909,0.0,
30403,44,79,2.409,0.0,
30404,44,79,2.409,0.0,
30405,44,68,2.364,0.0,
30406,44,68,2.364,0.0,
30407,44,87,2.455,0.0,
30408,44,87,2.455,0.0,
30409,44,124,3.25,0.0,
30410,44,124,3.25,0.0,
30411,44,110,2.977,0.0,
30412,44,110,2.977,0.0,
30413,44,128,3.182,0.0,
30414,44,128,3.182,0.0,
30415,44,103,2.659,0.0,
30416,44,103,2.659,0.0,
30417,44,95,2.886,0.0,
30418,44,95,2.886,0.0,
30419,44,109,2.886,0.0,
30420,44,109,2.886,0.0,
30421,44,149,3.205,0.0,
30422,44,133,3.318,0.0,
30423,44,153,3.523,0.0,
30424,44,195,3.795,0.0,
30425,44,195,3.795,0.0,
30426,44,182,3.591,0.0,
30427,44,182,3.591,0.0,
30428,44,191,3.818,0.0,
30429,44,191,3.818,0.01,
30430,52,62,2.154,0.0,
30431,52,62,2.154,0.0,
30432,52,67,2.135,0.0,
30433,52,67,2.135,0.0,
30434,52,49,1.865,0.0,
30435,52,49,1.865,0.0,
30436,52,127,3.154,0.0,
30437,52,127,3.154,0.0,
30438,52,125,3.115,0.0,
30439,52,125,3.115,0.0,
30440,52,116,3.212,0.0,
30441,52,116,3.212,0.0,
30442,52,154,3.885,0.0,
30443,52,154,3.885,0.0,
30444,52,168,3.481,0.0,
30445,52,168,3.481,0.0,
30446,52,140,3.5,0.0,
30447,52,140,3.5,0.0,
30448,52,158,3.596,0.0,
30449,52,158,3.596,0.0,
30450,52,163,3.558,0.0,
30451,52,163,3.558,0.0,
30452,52,143,3.423,0.0,
30453,52,143,3.423,0.0,
30454,52,225,4.173,0.0,
30455,52,221,4.0,0.0,
30456,52,205,3.846,0.0,
30457,52,254,4.25,0.0,
30458,52,254,4.25,0.0,
30459,52,272,4.308,0.0,
30460,52,272,4.308,0.0,
30461,52,235,4.135,0.0,
30462,52,235,4.135,0.0,
30463,56,64,2.446,0.0,
30464,56,64,2.446,0.0,
30465,56,79,2.714,0.0,
30466,56,79,2.714,0.0,
30467,56,64,2.232,0.0,
30468,56,64,2.232,0.0,
30469,56,121,3.232,0.0,
30470,56,121,3.232,0.0,
30471,56,129,3.375,0.0,
30472,56,129,3.375,0.0,
30473,56,117,3.125,0.0,
30474,56,117,3.125,0.0,
30475,56,155,3.679,0.0,
30476,56,155,3.679,0.0,
30477,56,171,4.071,0.0,
30478,56,171,4.071,0.0,
30479,56,186,3.661,0.0,
30480,56,186,3.661,0.0,
30481,56,153,3.696,0.0,
30482,56,153,3.696,0.0,
30483,56,176,3.696,0.0,
30484,56,176,3.696,0.0,
30485,56,151,3.536,0.0,
30486,56,151,3.536,0.0,
30487,56,232,4.071,0.0,
30488,56,247,4.179,0.0,
30489,56,229,4.071,0.01,
30490,56,269,4.375,0.0,
30491,56,269,4.375,0.0,
30492,56,278,4.411,0.0,
30493,56,278,4.411,0.01,
30494,56,302,4.286,0.01,
30495,56,302,4.286,0.01,
30496,60,69,2.183,0.01,
30497,60,69,2.183,0.0,
30498,60,69,2.167,0.0,
30499,60,69,2.167,0.0,
30500,60,60,1.983,0.0,
30501,60,60,1.983,0.01,
30502,60,128,3.517,0.01,
30503,60,128,3.517,0.01,
30504,60,132,3.6,0.01,
30505,60,132,3.6,0.01,
30506,60,146,3.5,0.01,
30507,60,146,3.5,0.01,
30508,60,206,3.983,0.01,
30509,60,206,3.983,0.01,
30510,60,201,4.067,0.01,
30511,60,201,4.067,0.01,
30512,60,222,4.433,0.01,
30513,60,222,4.433,0.01,
30514,60,161,3.7,0.01,
30515,60,161,3.7,0.01,
30516,60,184,4.117,0.01,
30517,60,184,4.117,0.01,
30518,60,188,4.0,0.01,
30519,60,188,4.0,0.01,
30520,60,256,4.317,0.01,
30521,60,259,4.45,0.01,
30522,60,277,4.483,0.01,
30523,60,319,4.667,0.01,
30524,60,319,4.667,0.01,
30525,60,327,4.533,0.01,
30526,60,327,4.533,0.01,
30527,60,356,4.717,0.01,
30528,60,356,4.717,0.01,
30529,68,102,2.912,0.01,
30530,68,102,2.912,0.01,
30531,68,88,2.471,0.0,
30532,68,88,2.471,0.0,
30533,68,85,2.544,0.0,
30534,68,85,2.544,0.0,
30535,68,186,4.0,0.01,
30536,68,186,4.0,0.01,
30537,68,180,3.912,0.01,
30538,68,180,3.912,0.01,
30539,68,181,3.941,0.01,
30540,68,181,3.941,0.01,
30541,68,278,4.721,0.01,
30542,68,278,4.721,0.01,
30543,68,272,4.824,0.01,
30544,68,272,4.824,0.01,
30545,68,258,4.662,0.01,
30546,68,258,4.662,0.01,
30547,68,235,4.324,0.01,
30548,68,235,4.324,0.01,
30549,68,242,4.544,0.01,
30550,68,242,4.544,0.01,
30551,68,235,4.574,0.01,
30552,68,235,4.574,0.01,
30553,68,347,4.926,0.01,
30554,68,345,5.0,0.01,
30555,68,351,5.059,0.01,
30556,68,435,5.221,0.01,
30557,68,435,5.221,0.01,
30558,68,424,5.309,0.01,
30559,68,424,5.309,0.01,
30560,68,425,5.235,0.01,
30561,68,425,5.235,0.01,
30562,76,105,2.829,0.01,
30563,76,105,2.829,0.01,
30564,76,112,3.092,0.01,
30565,76,112,3.092,0.01,
30566,76,105,2.908,0.01,
30567,76,105,2.908,0.01,
30568,76,235,4.763,0.01,
30569,76,235,4.763,0.01,
30570,76,255,4.737,0.01,
30571,76,255,4.737,0.01,
30572,76,250,4.974,0.01,
30573,76,250,4.974,0.01,
30574,76,335,4.908,0.01,
30575,76,335,4.908,0.01,
30576,76,337,5.026,0.01,
30577,76,337,5.026,0.01,
30578,76,335,5.184,0.01,
30579,76,335,5.184,0.01,
30580,76,294,5.171,0.01,
30581,76,294,5.171,0.01,
30582,76,323,5.066,0.01,
30583,76,323,5.066,0.01,
30584,76,310,5.197,0.01,
30585,76,310,5.197,0.01,
30586,76,441,5.553,0.01,
30587,76,457,5.447,0.01,
30588,76,448,5.605,0.01,
30589,76,553,5.737,0.01,
30590,76,553,5.737,0.01,
30591,76,527,5.553,0.01,
30592,76,527,5.553,0.01,
30593,76,538,5.789,0.01,
30594,76,538,5.789,0.01,
30595,84,151,3.798,0.01,
30596,84,151,3.798,0.01,
30597,84,130,3.226,0.01,
30598,84,130,3.226,0.01,
30599,84,127,3.214,0.01,
30600,84,127,3.214,0.01,
30601,84,270,5.143,0.02,
30602,84,270,5.143,0.02,
30603,84,288,5.131,0.02,
30604,84,288,5.131,0.02,
30605,84,291,5.155,0.02,
30606,84,291,5.155,0.02,
30607,84,416,5.833,0.02,
30608,84,416,5.833,0.02,
30609,84,429,5.798,0.02,
30610,84,429,5.798,0.02,
30611,84,454,5.905,0.02,
30612,84,454,5.905,0.02,
30613,84,353,5.714,0.01,
30614,84,353,5.714,0.01,
30615,84,370,5.548,0.02,
30616,84,370,5.548,0.02,
30617,84,372,5.56,0.01,
30618,84,372,5.56,0.01,
30619,84,536,6.25,0.01,
30620,84,530,5.988,0.01,
30621,84,551,6.095,0.02,
30622,84,654,6.31,0.02,
30623,84,654,6.31,0.02,
30624,84,676,6.238,0.01,
30625,84,676,6.238,0.01,
30626,84,699,6.298,0.02,
30627,84,699,6.298,0.02,
30628,92,161,3.88,0.02,
30629,92,161,3.88,0.01,
30630,92,160,3.826,0.01,
30631,92,160,3.826,0.01,
30632,92,156,3.717,0.01,
30633,92,156,3.717,0.01,
30634,92,356,5.685,0.02,
30635,92,356,5.685,0.02,
30636,92,343,5.587,0.02,
30637,92,343,5.587,0.04,
30638,92,383,5.848,0.03,
30639,92,383,5.848,0.03,
30640,92,526,6.207,0.04,
30641,92,526,6.207,0.03,
30642,92,463,6.011,0.03,
30643,92,463,6.011,0.03,
30644,92,530,6.38,0.03,
30645,92,530,6.38,0.02,
30646,92,448,6.239,0.02,
30647,92,448,6.239,0.02,
30648,92,439,6.011,0.02,
30649,92,439,6.011,0.02,
30650,92,472,6.12,0.02,
30651,92,472,6.12,0.02,
30652,92,649,6.696,0.02,
30653,92,634,6.728,0.02,
30654,92,685,6.685,0.02,
30655,92,829,6.946,0.02,
30656,92,829,6.946,0.02,
30657,92,761,6.783,0.02,
30658,92,761,6.783,0.02,
30659,92,824,6.859,0.02,
30660,92,824,6.859,0.02,
30661,100,204,4.72,0.02,
30662,100,204,4.72,0.02,
30663,100,184,4.01,0.02,
30664,100,184,4.01,0.02,
30665,100,185,3.9,0.02,
30666,100,185,3.9,0.02,
30667,100,421,6.28,0.02,
30668,100,421,6.28,0.02,
30669,100,398,6.08,0.03,
30670,100,398,6.08,0.03,
30671,100,424,6.16,0.02,
30672,100,424,6.16,0.02,
30673,100,599,6.72,0.03,
30674,100,599,6.72,0.02,
30675,100,639,6.93,0.02,
30676,100,639,6.93,0.02,
30677,100,650,6.89,0.03,
30678,100,650,6.89,0.03,
30679,100,529,6.76,0.02,
30680,100,529,6.76,0.02,
30681,100,522,6.5,0.02,
30682,100,522,6.5,0.02,
30683,100,546,6.69,0.02,
30684,100,546,6.69,0.02,
30685,100,776,7.14,0.04,
30686,100,753,7.11,0.03,
30687,100,779,7.09,0.04,
30688,100,964,7.24,0.04,
30689,100,964,7.24,0.04,
30690,100,993,7.39,0.03,
30691,100,993,7.39,0.03,
30692,100,998,7.36,0.03,
30693,100,998,7.36,0.02,
30694,108,234,4.722,0.03,
30695,108,234,4.722,0.03,
30696,108,223,4.741,0.03,
30697,108,223,4.741,0.03,
30698,108,216,4.509,0.03,
30699,108,216,4.509,0.03,
30700,108,482,6.704,0.04,
30701,108,482,6.704,0.06,
30702,108,506,6.833,0.06,
30703,108,506,6.833,0.06,
30704,108,522,6.787,0.05,
30705,108,522,6.787,0.05,
30706,108,695,7.324,0.06,
30707,108,695,7.324,0.06,
30708,108,730,7.352,0.05,
30709,108,730,7.352,0.04,
30710,108,706,7.444,0.03,
30711,108,706,7.444,0.03,
30712,108,612,7.046,0.04,
30713,108,612,7.046,0.04,
30714,108,646,7.343,0.03,
30715,108,646,7.343,0.03,
30716,108,674,7.343,0.03,
30717,108,674,7.343,0.03,
30718,108,916,7.694,0.03,
30719,108,915,7.704,0.04,
30720,108,932,7.787,0.03,
30721,108,1143,7.824,0.03,
30722,108,1143,7.824,0.03,
30723,108,1141,7.898,0.03,
30724,108,1141,7.898,0.03,
30725,108,1133,7.87,0.03,
30726,108,1133,7.87,0.03,
30727,120,315,5.675,0.03,
30728,120,315,5.675,0.03,
30729,120,301,5.7,0.03,
30730,120,301,5.7,0.03,
30731,120,272,5.65,0.03,
30732,120,272,5.65,0.04,
30733,120,588,7.45,0.05,
30734,120,588,7.45,0.05,
30735,120,625,7.483,0.03,
30736,120,625,7.483,0.04,
30737,120,586,7.392,0.04,
30738,120,586,7.392,0.05,
30739,120,850,8.083,0.03,
30740,120,850,8.083,0.03,
30741,120,909,8.217,0.05,
30742,120,909,8.217,0.05,
30743,120,853,8.267,0.03,
30744,120,853,8.267,0.03,
30745,120,753,7.867,0.03,
30746,120,753,7.867,0.03,
30747,120,794,7.933,0.04,
30748,120,794,7.933,0.04,
30749,120,764,7.967,0.04,
30750,120,764,7.967,0.04,
30751,120,1129,8.475,0.04,
30752,120,1133,8.442,0.03,
30753,120,1106,8.425,0.04,
30754,120,1364,8.625,0.03,
30755,120,1364,8.625,0.03,
30756,120,1426,8.617,0.03,
30757,120,1426,8.617,0.05,
30758,120,1366,8.608,0.06,
30759,120,1366,8.608,0.06,
30760,132,338,6.295,0.07,
30761,132,338,6.295,0.07,
30762,132,350,6.682,0.06,
30763,132,350,6.682,0.07,
30764,132,324,6.341,0.07,
30765,132,324,6.341,0.05,
30766,132,709,8.121,0.05,
30767,132,709,8.121,0.05,
30768,132,757,8.265,0.05,
30769,132,757,8.265,0.05,
30770,132,720,8.197,0.05,
30771,132,720,8.197,0.05,
30772,132,1065,8.803,0.06,
30773,132,1065,8.803,0.1,
30774,132,1094,8.795,0.11,
30775,132,1094,8.795,0.11,
30776,132,1053,8.947,0.06,
30777,132,1053,8.947,0.06,
30778,132,890,8.659,0.08,
30779,132,890,8.659,0.08,
30780,132,961,8.508,0.06,
30781,132,961,8.508,0.04,
30782,132,925,8.72,0.05,
30783,132,925,8.72,0.05,
30784,132,1324,9.197,0.04,
30785,132,1376,9.136,0.05,
30786,132,1345,9.061,0.05,
30787,132,1674,9.402,0.06,
30788,132,1674,9.402,0.07,
30789,132,1723,9.364,0.05,
30790,132,1723,9.364,0.05,
30791,132,1687,9.455,0.04,
30792,132,1687,9.455,0.04,
30793,148,445,7.534,0.07,
30794,148,445,7.534,0.07,
30795,148,426,7.541,0.08,
30796,148,426,7.541,0.08,
30797,148,411,7.02,0.07,
30798,148,411,7.02,0.07,
30799,148,953,9.378,0.09,
30800,148,953,9.378,0.09,
30801,148,958,9.561,0.07,
30802,148,958,9.561,0.07,
30803,148,941,9.432,0.08,
30804,148,941,9.432,0.08,
30805,148,1371,9.993,0.09,
30806,148,1371,9.993,0.09,
30807,148,1360,10.074,0.06,
30808,148,1360,10.074,0.06,
30809,148,1333,9.959,0.08,
30810,148,1333,9.959,0.08,
30811,148,1180,9.838,0.06,
30812,148,1180,9.838,0.06,
30813,148,1232,9.973,0.06,
30814,148,1232,9.973,0.06,
30815,148,1225,9.838,0.08,
30816,148,1225,9.838,0.07,
30817,148,1729,10.236,0.07,
30818,148,1743,10.304,0.05,
30819,148,1767,10.338,0.07,
30820,148,2147,10.48,0.06,
30821,148,2147,10.48,0.06,
30822,148,2144,10.466,0.07,
30823,148,2144,10.466,0.07,
30824,148,2152,10.453,0.06,
30825,148,2152,10.453,0.06,
30826,160,532,8.256,0.11,
30827,160,532,8.256,0.11,
30828,160,518,8.375,0.12,
30829,160,518,8.375,0.18,
30830,160,487,7.869,0.17,
30831,160,487,7.869,0.17,
30832,160,1091,10.05,0.15,
30833,160,1091,10.05,0.15,
30834,160,1146,10.125,0.15,
30835,160,1146,10.125,0.15,
30836,160,1061,10.169,0.15,
30837,160,1061,10.169,0.09,
30838,160,1553,10.644,0.08,
30839,160,1553,10.644,0.08,
30840,160,1647,10.669,0.13,
30841,160,1647,10.669,0.13,
30842,160,1572,10.637,0.08,
30843,160,1572,10.637,0.08,
30844,160,1353,10.394,0.1,
30845,160,1353,10.394,0.16,
30846,160,1468,10.694,0.14,
30847,160,1468,10.694,0.14,
30848,160,1392,10.512,0.18,
30849,160,1392,10.512,0.18,
30850,160,1997,10.95,0.13,
30851,160,2051,11.069,0.1,
30852,160,2015,11.019,0.13,
30853,160,2487,11.213,0.09,
30854,160,2487,11.213,0.08,
30855,160,2562,11.113,0.12,
30856,160,2562,11.113,0.12,
30857,160,2540,11.162,0.1,
30858,160,2540,11.162,0.1,
30859,176,637,9.227,0.14,
30860,176,637,9.227,0.14,
30861,176,642,9.562,0.21,
30862,176,642,9.562,0.21,
30863,176,605,9.33,0.24,
30864,176,605,9.33,0.24,
30865,176,1349,11.125,0.25,
30866,176,1349,11.125,0.25,
30867,176,1350,11.33,0.21,
30868,176,1350,11.33,0.21,
30869,176,1269,11.205,0.19,
30870,176,1269,11.205,0.2,
30871,176,1879,11.733,0.2,
30872,176,1879,11.733,0.21,
30873,176,1873,11.631,0.2,
30874,176,1873,11.631,0.2,
30875,176,1839,11.653,0.2,
30876,176,1839,11.653,0.2,
30877,176,1707,11.466,0.16,
30878,176,1707,11.466,0.15,
30879,176,1734,11.636,0.1,
30880,176,1734,11.636,0.1,
30881,176,1672,11.682,0.12,
30882,176,1672,11.682,0.12,
30883,176,2495,11.989,0.14,
30884,176,2471,12.051,0.12,
30885,176,2437,12.051,0.14,
30886,176,3015,12.125,0.12,
30887,176,3015,12.125,0.12,
30888,176,3016,12.165,0.14,
30889,176,3016,12.165,0.14,
30890,176,2990,12.159,0.12,
30891,176,2990,12.159,0.12,
31350,50,97,2.64,0.0,
31351,50,102,3.04,0.0,
31352,50,122,2.9,0.0,
31353,50,108,3.08,0.0,
31354,50,122,2.98,0.0,
31355,50,108,3.08,0.0,
31356,100,200,4.3,0.02,
31357,100,204,4.75,0.02,
31358,100,257,4.52,0.02,
31359,100,212,5.03,0.02,
31360,100,271,4.91,0.02,
31361,100,212,5.03,0.02,
31362,100,271,4.91,0.02,
31500,10,24,1.7,0.0,
31501,10,24,1.7,0.0,
31502,10,24,1.8,0.0,
31503,10,24,1.8,0.0,
31504,10,24,1.6,0.0,
31505,108,318,5.972,0.03,
31506,108,318,6.065,0.03,
31507,108,318,6.074,0.03,
31508,108,318,6.167,0.03,
31509,108,318,6.296,0.03,
31510,11,27,1.636,0.0,
31511,11,27,1.909,0.0,
31512,11,27,1.818,0.0,
31513,11,27,1.818,0.0,
31514,11,27,1.727,0.0,
31515,121,357,6.512,0.05,
31516,121,357,6.364,0.05,
31517,121,357,6.537,0.05,
31518,121,357,6.579,0.05,
31519,121,357,6.793,0.05,
31520,13,33,1.923,0.0,
31521,13,33,1.846,0.0,
31522,13,33,2.077,0.0,
31523,13,33,2.0,0.0,
31524,13,33,1.692,0.0,
31525,136,402,7.213,0.06,
31526,136,402,7.14,0.06,
31527,136,402,7.022,0.06,
31528,136,402,7.265,0.06,
31529,136,402,7.243,0.06,
31530,14,36,1.929,0.0,
31531,14,36,1.786,0.0,
31532,14,36,1.857,0.0,
31533,14,36,1.929,0.0,
31534,14,36,1.857,0.0,
31535,152,450,7.612,0.08,
31536,152,450,7.849,0.08,
31537,152,450,7.941,0.08,
31538,152,450,7.855,0.08,
31539,152,450,7.803,0.08,
31540,16,42,2.0,0.0,
31541,16,42,2.0,0.0,
31542,16,42,1.875,0.0,
31543,16,42,2.0,0.0,
31544,16,42,2.0,0.0,
31545,170,504,8.476,0.14,
31546,170,504,8.359,0.13,
31547,170,504,8.788,0.14,
31548,170,504,8.694,0.14,
31549,170,504,8.618,0.14,
31550,18,48,2.056,0.0,
31551,18,48,2.222,0.0,
31552,18,48,2.111,0.0,
31553,18,48,2.167,0.0,
31554,18,48,2.111,0.0,
31560,20,54,2.05,0.0,
31561,20,54,2.3,0.0,
31562,20,54,2.25,0.0,
31563,20,54,2.1,0.0,
31564,20,54,2.15,0.0,
31570,22,60,2.136,0.0,
31571,22,60,2.273,0.0,
31572,22,60,2.318,0.0,
31573,22,60,2.182,0.0,
31574,22,60,2.136,0.0,
31580,25,69,2.16,0.0,
31581,25,69,2.52,0.0,
31582,25,69,2.32,0.0,
31583,25,69,2.28,0.0,
31584,25,69,2.36,0.0,
31590,28,78,2.5,0.0,
31591,28,78,2.536,0.0,
31592,28,78,2.536,0.0,
31593,28,78,2.607,0.0,
31594,28,78,2.536,0.0,
31600,31,87,2.581,0.0,
31601,31,87,2.516,0.0,
31602,31,87,2.774,0.0,
31603,31,87,2.742,0.0,
31604,31,87,2.613,0.0,
31610,35,99,2.829,0.0,
31611,35,99,2.771,0.0,
31612,35,99,2.771,0.0,
31613,35,99,2.914,0.0,
31614,35,99,2.857,0.0,
31620,39,111,2.974,0.0,
31621,39,111,3.026,0.0,
31622,39,111,3.051,0.0,
31623,39,111,3.051,0.0,
31624,39,111,3.128,0.0,
31630,44,126,3.386,0.0,
31631,44,126,3.318,0.0,
31632,44,126,3.432,0.0,
31633,44,126,3.182,0.0,
31634,44,126,3.5,0.0,
31640,49,141,3.51,0.0,
31641,49,141,3.449,0.0,
31642,49,141,3.612,0.0,
31643,49,141,3.469,0.0,
31644,49,141,3.551,0.0,
31650,55,159,3.891,0.0,
31651,55,159,3.764,0.0,
31652,55,159,3.745,0.0,
31653,55,159,3.709,0.0,
31654,55,159,3.673,0.0,
31660,61,177,4.164,0.01,
31661,61,177,3.984,0.01,
31662,61,177,4.164,0.01,
31663,61,177,4.164,0.01,
31664,61,177,3.803,0.01,
31670,69,201,4.246,0.01,
31671,69,201,4.406,0.01,
31672,69,201,4.478,0.01,
31673,69,201,4.58,0.01,
31674,69,201,4.319,0.01,
31677,77,225,4.61,0.02,
31678,77,225,4.883,0.01,
31679,77,225,4.455,0.01,
31680,77,225,4.831,0.01,
31681,77,225,4.766,0.01,
31682,86,252,5.198,0.01,
31683,86,252,4.895,0.01,
31684,86,252,5.267,0.01,
31685,86,252,5.186,0.01,
31686,86,252,5.233,0.02,
31687,96,282,5.646,0.02,
31688,96,282,5.552,0.02,
31689,96,282,5.448,0.02,
31690,96,282,5.469,0.02,
31691,96,282,5.469,0.02,
31800,10,18,1.4,0.0,
31801,22,48,2.364,0.0,
31802,16,33,1.5,0.0,
31803,9,27,1.889,0.0,
31804,15,45,2.133,0.0,
31805,35,82,2.8,0.0,
31806,25,56,2.12,0.0,
31807,15,30,1.733,0.0,
31808,24,72,2.542,0.0,
31809,16,48,2.188,0.0,
31810,21,45,2.333,0.0,
31811,36,85,2.528,0.0,
31812,51,125,3.137,0.0,
31813,15,45,2.0,0.0,
31814,25,75,2.48,0.0,
31815,40,120,3.2,0.0,
31816,70,177,3.7,0.01,
31817,49,120,3.02,0.0,
31818,28,63,2.321,0.0,
31819,18,54,1.944,0.0,
31820,54,162,3.574,0.0,
31821,36,108,2.889,0.0,
31822,92,238,4.217,0.02,
31823,36,84,2.694,0.0,
31824,64,161,3.406,0.01,
31825,28,84,2.321,0.0,
31826,77,231,4.117,0.01,
31827,49,147,3.204,0.0,
31828,117,308,4.709,0.03,
31829,45,108,2.822,0.0,
31830,81,208,3.877,0.01,
31831,96,288,4.365,0.02,
31832,64,192,3.5,0.01,
31833,32,96,2.344,0.0,
31834,100,261,4.18,0.02,
31835,145,387,5.221,0.07,
31836,55,135,3.109,0.01,
31837,81,243,3.864,0.01,
31838,126,378,4.889,0.05,
31839,45,135,2.667,0.0,
31840,66,165,3.348,0.01,
31841,121,320,4.603,0.05,
31842,176,475,5.67,0.1,
31843,50,150,2.72,0.0,
31844,100,300,4.08,0.02,
31845,150,450,5.18,0.06,
31847,78,198,3.628,0.01,
31848,144,385,4.993,0.05,
31849,66,198,3.03,0.01,
31850,121,363,4.397,0.03,
31852,169,456,5.379,0.09,
31853,91,234,3.879,0.02,
31856,72,216,3.028,0.01,
31857,144,432,4.604,0.05,
31860,105,273,4.105,0.03,
31861,169,507,4.905,0.08,
31863,91,273,3.462,0.02,
31864,120,315,4.35,0.03,
31869,98,294,3.469,0.02,
31871,136,360,4.691,0.04,
31874,120,360,3.733,0.03,
31877,153,408,5.007,0.07,
31879,128,384,3.75,0.03,
31884,171,459,5.24,0.09,
31885,153,459,4.098,0.06,
32100,51,84,3.118,0.0,
32101,19,28,1.684,0.0,
32102,35,56,2.571,0.0,
32103,36,72,2.611,0.0,
32104,12,24,1.75,0.0,
32105,24,48,1.958,0.0,
32106,71,122,3.479,0.01,
32107,38,62,2.632,0.0,
32108,104,182,4.452,0.02,
32109,54,108,3.426,0.0,
32110,175,316,6.486,0.09,
32111,119,212,4.782,0.03,
32112,63,108,3.127,0.01,
32113,96,192,4.677,0.02,
32114,48,96,2.917,0.0,
32115,144,288,6.09,0.05,
32116,179,326,6.788,0.09,
32117,94,166,4.138,0.03,
32119,150,300,6.627,0.08,
32122,131,236,5.183,0.06,
32124,108,216,4.861,0.04,
32127,174,318,6.494,0.14,
32350,40,51,2.2,0.0,
32351,16,19,1.375,0.0,
32352,28,35,1.821,0.0,
32353,24,36,1.667,0.0,
32354,16,24,1.25,0.0,
32355,8,12,1.0,0.0,
32356,78,104,2.705,0.01,
32357,54,71,2.426,0.0,
32358,30,38,1.8,0.0,
32359,36,54,1.833,0.0,
32360,128,175,3.102,0.03,
32361,48,63,1.938,0.0,
32362,88,119,2.568,0.01,
32363,32,48,2.25,0.0,
32364,64,96,2.375,0.0,
32365,96,144,2.417,0.01,
32366,130,179,3.185,0.03,
32368,70,94,2.3,0.0,
32369,100,150,2.43,0.01,
32370,96,131,2.667,0.02,
32372,180,251,3.483,0.08,
32374,144,216,2.625,0.03,
32375,72,108,2.542,0.01,
32377,126,174,2.984,0.04,
32380,160,223,3.281,0.07,
32384,128,192,3.016,0.03,
32600,9,20,1.667,0.0,
32601,9,36,2.111,0.0,
32602,16,42,1.938,0.0,
32603,16,64,2.25,0.0,
32604,25,72,2.52,0.0,
32605,25,100,2.56,0.0,
32606,36,110,2.889,0.0,
32607,36,144,2.972,0.0,
32608,49,156,3.184,0.0,
32609,49,196,3.408,0.0,
32610,64,210,3.562,0.01,
32611,64,256,3.5,0.01,
32612,81,272,4.037,0.01,
32613,81,324,3.877,0.01,
32614,100,342,4.41,0.02,
32615,100,400,4.2,0.02,
32616,121,420,4.81,0.04,
32617,121,484,4.496,0.04,
32618,144,506,5.181,0.06,
32619,144,576,4.681,0.06,
32620,169,600,5.58,0.09,
32621,169,676,5.006,0.09,
32800,9,20,1.667,0.0,
32801,9,36,2.111,0.0,
32802,16,42,1.938,0.0,
32803,16,64,2.25,0.0,
32804,25,72,2.52,0.0,
32805,25,100,2.56,0.0,
32806,36,110,2.889,0.0,
32807,36,144,2.972,0.0,
32808,49,156,3.184,0.0,
32809,49,196,3.408,0.0,
32810,64,210,3.562,0.01,
32811,64,256,3.5,0.01,
32812,81,272,4.037,0.01,
32813,81,324,3.877,0.01,
32814,100,342,4.41,0.02,
32815,100,400,4.2,0.02,
32816,121,420,4.81,0.04,
32817,121,484,4.496,0.05,
32818,144,506,5.181,0.07,
32819,144,576,4.681,0.06,
32820,169,600,5.58,0.1,
32821,169,676,5.006,0.1,
33000,4,4,1.0,0.0,
33001,4,5,1.0,0.0,
33002,9,14,1.556,0.0,
33003,9,23,1.667,0.0,
33004,16,28,1.625,0.0,
33005,16,40,1.5,0.0,
33006,25,48,2.04,0.0,
33007,25,63,2.36,0.0,
33008,36,72,2.472,0.0,
33009,36,90,2.278,0.0,
33010,49,102,2.776,0.0,
33011,49,123,2.98,0.0,
33012,64,136,3.219,0.01,
33013,64,160,2.984,0.01,
33014,81,176,3.716,0.01,
33015,81,203,3.691,0.01,
33016,100,220,4.18,0.02,
33017,100,250,3.88,0.02,
33018,121,270,4.702,0.04,
33019,121,303,4.661,0.04,
33020,144,324,5.257,0.06,
33021,144,360,4.75,0.06,
33022,169,384,5.911,0.1,
33023,169,423,5.728,0.1,
33200,8,12,1.0,0.0,
33201,16,28,1.75,0.0,
33202,24,44,2.0,0.0,
33203,16,32,1.75,0.0,
33204,24,48,2.0,0.0,
33205,8,12,1.0,0.0,
33206,27,54,2.37,0.0,
33207,54,117,3.37,0.0,
33208,81,180,4.321,0.01,
33209,27,81,3.074,0.0,
33210,54,162,3.611,0.0,
33211,81,243,3.827,0.01,
33212,128,304,6.031,0.04,
33214,64,144,3.906,0.01,
33215,128,384,5.234,0.05,
33217,64,192,4.469,0.01,
33219,125,300,5.872,0.06,
33222,125,375,6.456,0.05,
33400,35,64,1.743,0.0,
33401,35,64,1.743,0.0,
33402,91,216,2.747,0.02,
33403,91,216,2.747,0.01,
33550,16,58,2.062,0.0,
33551,16,58,1.938,0.0,
33552,16,58,1.938,0.0,
33553,32,242,2.969,0.0,
33554,32,242,2.969,0.0,
33555,32,242,2.969,0.0,
33556,64,994,4.609,0.02,
33557,64,994,4.609,0.02,
33558,64,994,4.609,0.02,
33559,128,4034,7.68,0.15,
33560,128,4034,7.68,0.18,
33561,128,4034,7.68,0.16,
33565,24,87,2.5,0.0,
33566,24,87,2.5,0.0,
33567,24,87,2.417,0.0,
33568,48,363,3.604,0.01,
33569,48,363,3.625,0.01,
33570,48,363,3.604,0.01,
33571,96,1491,5.719,0.08,
33572,96,1491,5.729,0.09,
33573,96,1491,5.719,0.08,
33580,32,116,2.75,0.0,
33581,32,116,2.781,0.0,
33582,32,116,2.75,0.0,
33583,64,484,4.188,0.01,
33584,64,484,4.188,0.01,
33585,64,484,4.141,0.01,
33586,128,1988,6.781,0.21,
33587,128,1988,6.781,0.24,
33588,128,1988,6.734,0.13,
33595,40,145,2.975,0.0,
33596,40,145,2.925,0.0,
33597,40,145,3.125,0.0,
33598,80,605,4.725,0.02,
33599,80,605,4.588,0.02,
33600,80,605,4.725,0.02,
33601,160,2485,7.812,0.23,
33602,160,2485,7.688,0.4,
33603,160,2485,7.812,0.37,
33610,48,174,3.438,0.0,
33611,48,174,3.229,0.0,
33612,48,174,3.229,0.0,
33613,96,726,5.323,0.04,
33614,96,726,5.156,0.03,
33615,96,726,5.219,0.03,
33622,56,203,3.625,0.0,
33623,56,203,3.411,0.0,
33624,56,203,3.554,0.0,
33625,112,847,5.759,0.05,
33626,112,847,5.643,0.05,
33627,112,847,5.723,0.05,
33634,64,232,3.797,0.01,
33635,64,232,3.578,0.01,
33636,64,232,3.969,0.01,
33637,128,968,6.133,0.08,
33638,128,968,6.062,0.08,
33639,128,968,6.312,0.08,
33646,72,261,4.111,0.01,
33647,72,261,4.042,0.01,
33648,72,261,4.028,0.01,
33649,144,1089,6.729,0.11,
33650,144,1089,6.75,0.11,
33651,144,1089,6.708,0.11,
33658,80,290,4.412,0.02,
33659,80,290,4.325,0.02,
33660,80,290,4.275,0.02,
33661,160,1210,7.375,0.23,
33662,160,1210,7.162,0.25,
33663,160,1210,7.219,0.21,
33670,88,319,4.705,0.02,
33671,88,319,4.636,0.02,
33672,88,319,4.477,0.02,
33673,176,1331,7.915,0.31,
33674,176,1331,7.83,0.29,
33675,176,1331,7.67,0.29,
33682,96,348,5.021,0.02,
33683,96,348,4.865,0.02,
33684,96,348,4.823,0.02,
33694,104,377,5.365,0.03,
33695,104,377,5.077,0.03,
33696,104,377,5.125,0.02,
33706,120,435,5.692,0.03,
33707,120,435,5.617,0.04,
33708,120,435,5.725,0.04,
33718,128,464,5.875,0.04,
33719,128,464,5.984,0.05,
33720,128,464,6.133,0.05,
33730,144,521,6.389,0.11,
33731,144,522,6.326,0.1,
33732,144,522,6.444,0.11,
33742,160,580,7.112,0.14,
33743,160,580,7.181,0.14,
33744,160,580,7.106,0.15,
33754,176,638,7.648,0.19,
33755,176,638,7.619,0.13,
33756,176,638,7.432,0.13,
34150,25,29,1.52,0.0,
34151,25,29,1.52,0.0,
34152,25,29,1.52,0.0,
34153,25,29,1.52,0.0,
34154,25,20,1.16,0.0,
34155,25,20,1.16,0.0,
34156,25,20,1.16,0.0,
34157,25,20,1.16,0.0,
34158,25,20,1.24,0.0,
34159,25,20,1.24,0.0,
34160,25,20,1.24,0.0,
34161,25,20,1.24,0.0,
34162,28,36,1.643,0.0,
34163,28,36,1.643,0.0,
34164,28,36,1.643,0.0,
34165,28,36,1.643,0.0,
34166,28,23,1.25,0.0,
34167,28,23,1.25,0.0,
34168,28,23,1.25,0.0,
34169,28,23,1.25,0.0,
34170,28,27,1.357,0.0,
34171,28,27,1.357,0.0,
34172,28,27,1.357,0.0,
34173,28,27,1.357,0.0,
34174,30,41,1.8,0.0,
34175,30,41,1.8,0.0,
34176,30,41,1.8,0.0,
34177,30,41,1.8,0.0,
34178,30,26,1.3,0.0,
34179,30,26,1.3,0.0,
34180,30,26,1.3,0.0,
34181,30,26,1.3,0.0,
34182,30,31,1.467,0.0,
34183,30,31,1.467,0.0,
34184,30,31,1.467,0.0,
34185,30,31,1.467,0.0,
34186,33,29,1.273,0.0,
34187,33,29,1.273,0.0,
34188,33,29,1.273,0.0,
34189,33,29,1.273,0.0,
34190,33,22,1.152,0.0,
34191,33,22,1.152,0.0,
34192,33,22,1.152,0.0,
34193,33,22,1.152,0.0,
34194,33,20,1.212,0.0,
34195,33,20,1.212,0.0,
34196,33,20,1.212,0.0,
34197,33,20,1.212,0.0,
34198,37,34,1.514,0.0,
34199,37,34,1.514,0.0,
34200,37,34,1.514,0.0,
34201,37,34,1.514,0.0,
34202,37,31,1.297,0.0,
34203,37,31,1.297,0.0,
34204,37,31,1.297,0.0,
34205,37,31,1.297,0.0,
34206,37,28,1.432,0.0,
34207,37,28,1.432,0.0,
34208,37,28,1.432,0.0,
34209,37,28,1.432,0.0,
34210,40,39,1.525,0.0,
34211,40,39,1.525,0.0,
34212,40,39,1.525,0.0,
34213,40,39,1.525,0.0,
34214,40,36,1.325,0.0,
34215,40,36,1.325,0.0,
34216,40,36,1.325,0.0,
34217,40,36,1.325,0.0,
34218,40,32,1.375,0.0,
34219,40,32,1.375,0.0,
34220,40,32,1.375,0.0,
34221,40,32,1.375,0.0,
34222,44,45,1.614,0.0,
34223,44,45,1.614,0.0,
34224,44,45,1.614,0.0,
34225,44,45,1.614,0.0,
34226,44,43,1.591,0.0,
34227,44,43,1.591,0.0,
34228,44,43,1.591,0.0,
34229,44,43,1.591,0.0,
34230,44,38,1.5,0.0,
34231,44,38,1.5,0.0,
34232,44,38,1.5,0.0,
34233,44,38,1.5,0.0,
34234,49,54,1.612,0.0,
34235,49,54,1.612,0.0,
34236,49,54,1.612,0.0,
34237,49,54,1.612,0.0,
34238,49,53,1.633,0.0,
34239,49,53,1.633,0.0,
34240,49,53,1.633,0.0,
34241,49,53,1.633,0.0,
34242,49,51,1.673,0.0,
34243,49,51,1.673,0.0,
34244,49,51,1.673,0.0,
34245,49,51,1.673,0.0,
34246,54,61,1.815,0.0,
34247,54,61,1.815,0.0,
34248,54,61,1.815,0.0,
34249,54,61,1.815,0.0,
34250,54,64,1.87,0.0,
34251,54,64,1.87,0.0,
34252,54,64,1.87,0.0,
34253,54,64,1.87,0.0,
34254,54,60,1.963,0.0,
34255,54,60,1.963,0.0,
34256,54,60,1.963,0.0,
34257,54,60,1.963,0.0,
34258,59,71,2.0,0.0,
34259,59,71,2.0,0.0,
34260,59,71,2.0,0.0,
34261,59,71,2.0,0.01,
34262,59,74,2.051,0.01,
34263,59,74,2.051,0.01,
34264,59,74,2.051,0.01,
34265,59,74,2.051,0.01,
34266,59,70,2.203,0.01,
34267,59,70,2.203,0.01,
34268,59,70,2.203,0.01,
34269,59,70,2.203,0.0,
34270,65,88,2.215,0.0,
34271,65,88,2.215,0.0,
34272,65,88,2.215,0.0,
34273,65,88,2.215,0.0,
34274,65,88,2.246,0.0,
34275,65,88,2.246,0.0,
34276,65,88,2.246,0.0,
34277,65,88,2.246,0.0,
34278,65,88,2.338,0.0,
34279,65,88,2.338,0.0,
34280,65,88,2.338,0.0,
34281,65,88,2.338,0.0,
34282,71,106,2.69,0.01,
34283,71,106,2.69,0.01,
34284,71,106,2.69,0.01,
34285,71,106,2.69,0.01,
34286,71,104,2.366,0.0,
34287,71,104,2.366,0.0,
34288,71,104,2.366,0.0,
34289,71,104,2.366,0.0,
34290,71,107,2.789,0.01,
34291,71,107,2.789,0.01,
34292,71,107,2.789,0.01,
34293,71,107,2.789,0.01,
34294,78,87,2.385,0.01,
34295,78,87,2.385,0.01,
34296,78,87,2.385,0.01,
34297,78,87,2.385,0.01,
34298,78,82,2.359,0.01,
34299,78,82,2.359,0.01,
34300,78,82,2.359,0.01,
34301,78,82,2.359,0.01,
34302,78,95,2.513,0.01,
34303,78,95,2.513,0.01,
34304,78,95,2.513,0.01,
34305,78,95,2.513,0.01,
34306,86,103,2.558,0.01,
34307,86,103,2.558,0.01,
34308,86,103,2.558,0.01,
34309,86,103,2.558,0.01,
34310,86,102,2.802,0.01,
34311,86,102,2.802,0.01,
34312,86,102,2.802,0.01,
34313,86,102,2.802,0.01,
34314,86,116,2.733,0.01,
34315,86,116,2.733,0.01,
34316,86,116,2.733,0.01,
34317,86,116,2.733,0.01,
34318,95,122,2.821,0.01,
34319,95,122,2.821,0.01,
34320,95,122,2.821,0.01,
34321,95,122,2.821,0.01,
34322,95,127,3.032,0.01,
34323,95,127,3.032,0.01,
34324,95,127,3.032,0.01,
34325,95,127,3.032,0.01,
34326,95,144,3.137,0.01,
34327,95,144,3.137,0.01,
34328,95,144,3.137,0.01,
34329,95,144,3.137,0.01,
34330,100,134,2.75,0.01,
34331,100,134,2.75,0.01,
34332,100,134,2.75,0.01,
34333,100,134,2.75,0.01,
34334,100,143,3.25,0.01,
34335,100,143,3.25,0.01,
34336,100,143,3.25,0.01,
34337,100,143,3.25,0.01,
34338,100,157,3.24,0.01,
34339,100,157,3.24,0.01,
34340,100,157,3.24,0.01,
34341,100,157,3.24,0.01,
34342,104,149,3.087,0.02,
34343,104,149,3.087,0.02,
34344,104,149,3.087,0.02,
34345,104,149,3.087,0.02,
34346,104,158,3.5,0.02,
34347,104,158,3.5,0.02,
34348,104,158,3.5,0.02,
34349,104,158,3.5,0.02,
34350,104,168,3.317,0.02,
34351,104,168,3.317,0.02,
34352,104,168,3.317,0.02,
34353,104,168,3.317,0.02,
34354,110,175,3.4,0.03,
34355,110,175,3.4,0.03,
34356,110,175,3.4,0.03,
34357,110,175,3.4,0.02,
34358,110,179,3.709,0.02,
34359,110,179,3.709,0.03,
34360,110,179,3.709,0.02,
34361,110,179,3.709,0.02,
34362,110,182,3.564,0.02,
34363,110,182,3.564,0.02,
34364,110,182,3.564,0.02,
34365,110,182,3.564,0.02,
34366,115,191,3.652,0.02,
34367,115,191,3.652,0.02,
34368,115,191,3.652,0.02,
34369,115,191,3.652,0.02,
34370,115,195,3.739,0.02,
34371,115,195,3.739,0.02,
34372,115,195,3.739,0.02,
34373,115,195,3.739,0.02,
34374,115,196,3.809,0.02,
34375,115,196,3.809,0.02,
34376,115,196,3.809,0.02,
34377,115,196,3.809,0.02,
34378,121,209,3.876,0.03,
34379,121,209,3.876,0.03,
34380,121,209,3.876,0.03,
34381,121,209,3.876,0.03,
34382,121,216,4.248,0.03,
34383,121,216,4.248,0.03,
34384,121,216,4.248,0.03,
34385,121,216,4.248,0.03,
34386,121,217,4.091,0.03,
34387,121,217,4.091,0.03,
34388,121,217,4.091,0.03,
34389,121,217,4.091,0.03,
34390,126,224,4.206,0.03,
34391,126,224,4.206,0.03,
34392,126,224,4.206,0.03,
34393,126,224,4.206,0.03,
34394,126,232,4.365,0.04,
34395,126,232,4.365,0.03,
34396,126,232,4.365,0.03,
34397,126,232,4.365,0.03,
34398,126,235,4.167,0.03,
34399,126,235,4.167,0.03,
34400,126,235,4.167,0.03,
34401,126,235,4.167,0.03,
34402,133,175,3.556,0.03,
34403,133,175,3.556,0.03,
34404,133,175,3.556,0.03,
34405,133,175,3.556,0.03,
34406,133,175,3.564,0.03,
34407,133,175,3.564,0.03,
34408,133,175,3.564,0.03,
34409,133,175,3.564,0.03,
34410,133,171,3.18,0.03,
34411,133,171,3.18,0.03,
34412,133,171,3.18,0.03,
34413,133,171,3.18,0.03,
34414,139,192,3.82,0.04,
34415,139,192,3.82,0.04,
34416,139,192,3.82,0.04,
34417,139,192,3.82,0.04,
34418,139,194,3.655,0.04,
34419,139,194,3.655,0.04,
34420,139,194,3.655,0.04,
34421,139,194,3.655,0.04,
34422,139,186,3.439,0.17,
34423,139,186,3.439,0.04,
34424,139,186,3.439,0.04,
34425,139,186,3.439,0.04,
34426,146,207,4.137,0.04,
34427,146,207,4.137,0.04,
34428,146,207,4.137,0.04,
34429,146,207,4.137,0.06,
34430,146,216,3.774,0.06,
34431,146,216,3.774,0.06,
34432,146,216,3.774,0.06,
34433,146,216,3.774,0.06,
34434,146,205,3.685,0.07,
34435,146,205,3.685,0.06,
34436,146,205,3.685,0.06,
34437,146,205,3.685,0.05,
34438,153,230,4.275,0.06,
34439,153,230,4.275,0.07,
34440,153,230,4.275,0.07,
34441,153,230,4.275,0.07,
34442,153,243,4.431,0.07,
34443,153,243,4.431,0.07,
34444,153,243,4.431,0.07,
34445,153,243,4.431,0.1,
34446,153,225,3.948,0.09,
34447,153,225,3.948,0.09,
34448,153,225,3.948,0.09,
34449,153,225,3.948,0.09,
34450,161,252,4.366,0.1,
34451,161,252,4.366,0.1,
34452,161,252,4.366,0.1,
34453,161,252,4.366,0.06,
34454,161,264,4.64,0.06,
34455,161,264,4.64,0.06,
34456,161,264,4.64,0.06,
34457,161,264,4.64,0.06,
34458,161,249,4.379,0.06,
34459,161,249,4.379,0.06,
34460,161,249,4.379,0.06,
34461,161,249,4.379,0.06,
34462,168,274,4.583,0.07,
34463,168,274,4.583,0.07,
34464,168,274,4.583,0.06,
34465,168,274,4.583,0.07,
34466,168,290,4.69,0.07,
34467,168,290,4.69,0.07,
34468,168,290,4.69,0.07,
34469,168,290,4.69,0.09,
34470,168,269,4.363,0.07,
34471,168,269,4.363,0.07,
34472,168,269,4.363,0.07,
34473,168,269,4.363,0.06,
34474,177,310,5.085,0.09,
34475,177,310,5.085,0.09,
34476,177,310,5.085,0.09,
34477,177,310,5.085,0.09,
34478,177,312,5.153,0.09,
34479,177,312,5.153,0.09,
34480,177,312,5.153,0.09,
34481,177,312,5.153,0.09,
34482,177,298,4.904,0.09,
34483,177,298,4.904,0.09,
34484,177,298,4.904,0.09,
34485,177,298,4.904,0.08,
34696,25,25,1.32,0.0,
34697,25,25,1.32,0.0,
34698,25,25,1.32,0.0,
34699,25,25,1.32,0.0,
34700,25,23,1.28,0.0,
34701,25,23,1.28,0.0,
34702,25,23,1.28,0.0,
34703,25,23,1.28,0.0,
34704,25,38,1.72,0.0,
34705,25,38,1.72,0.0,
34706,25,38,1.72,0.0,
34707,25,38,1.72,0.0,
34708,28,31,1.464,0.0,
34709,28,31,1.464,0.0,
34710,28,31,1.464,0.0,
34711,28,31,1.464,0.0,
34712,28,27,1.393,0.0,
34713,28,27,1.393,0.0,
34714,28,27,1.393,0.0,
34715,28,27,1.393,0.0,
34716,28,44,2.179,0.0,
34717,28,44,2.179,0.0,
34718,28,44,2.179,0.0,
34719,28,44,2.179,0.0,
34720,30,35,1.567,0.0,
34721,30,35,1.567,0.0,
34722,30,35,1.567,0.0,
34723,30,35,1.567,0.0,
34724,30,32,1.433,0.0,
34725,30,32,1.433,0.0,
34726,30,32,1.433,0.0,
34727,30,32,1.433,0.0,
34728,30,50,2.167,0.0,
34729,30,50,2.167,0.0,
34730,30,50,2.167,0.0,
34731,30,50,2.167,0.0,
34732,33,52,1.818,0.0,
34733,33,52,1.818,0.0,
34734,33,52,1.818,0.0,
34735,33,52,1.818,0.0,
34736,33,42,1.667,0.0,
34737,33,42,1.667,0.0,
34738,33,42,1.667,0.0,
34739,33,42,1.667,0.0,
34740,33,53,2.273,0.0,
34741,33,53,2.273,0.0,
34742,33,53,2.273,0.0,
34743,33,53,2.273,0.0,
34744,37,63,2.081,0.0,
34745,37,63,2.081,0.0,
34746,37,63,2.081,0.0,
34747,37,63,2.081,0.0,
34748,37,56,2.0,0.0,
34749,37,56,2.0,0.0,
34750,37,56,2.0,0.0,
34751,37,56,2.0,0.0,
34752,37,68,2.189,0.0,
34753,37,68,2.189,0.0,
34754,37,68,2.189,0.0,
34755,37,68,2.189,0.0,
34756,40,68,2.125,0.0,
34757,40,68,2.125,0.0,
34758,40,68,2.125,0.0,
34759,40,68,2.125,0.0,
34760,40,62,1.875,0.0,
34761,40,62,1.875,0.0,
34762,40,62,1.875,0.0,
34763,40,62,1.875,0.0,
34764,40,75,2.125,0.0,
34765,40,75,2.125,0.0,
34766,40,75,2.125,0.0,
34767,40,75,2.125,0.0,
34768,44,86,2.432,0.0,
34769,44,86,2.432,0.0,
34770,44,86,2.432,0.0,
34771,44,86,2.432,0.0,
34772,44,82,2.318,0.0,
34773,44,82,2.318,0.0,
34774,44,82,2.318,0.0,
34775,44,82,2.318,0.0,
34776,44,86,2.523,0.0,
34777,44,86,2.523,0.0,
34778,44,86,2.523,0.0,
34779,44,86,2.523,0.0,
34780,49,97,2.571,0.0,
34781,49,97,2.571,0.0,
34782,49,97,2.571,0.0,
34783,49,97,2.571,0.0,
34784,49,95,2.551,0.0,
34785,49,95,2.551,0.0,
34786,49,95,2.551,0.0,
34787,49,95,2.551,0.0,
34788,49,108,2.694,0.0,
34789,49,108,2.694,0.0,
34790,49,108,2.694,0.0,
34791,49,108,2.694,0.0,
34792,54,113,2.926,0.0,
34793,54,113,2.926,0.0,
34794,54,113,2.926,0.0,
34795,54,113,2.926,0.0,
34796,54,111,2.741,0.0,
34797,54,111,2.741,0.0,
34798,54,111,2.741,0.0,
34799,54,111,2.741,0.0,
34800,54,137,2.944,0.0,
34801,54,137,2.944,0.0,
34802,54,137,2.944,0.0,
34803,54,137,2.944,0.0,
34804,59,131,3.034,0.01,
34805,59,131,3.034,0.01,
34806,59,131,3.034,0.01,
34807,59,131,3.034,0.01,
34808,59,142,2.932,0.01,
34809,59,142,2.932,0.01,
34810,59,142,2.932,0.01,
34811,59,142,2.932,0.01,
34812,59,159,3.407,0.01,
34813,59,159,3.407,0.01,
34814,59,159,3.407,0.01,
34815,59,159,3.407,0.01,
34816,65,166,3.508,0.01,
34817,65,166,3.508,0.01,
34818,65,166,3.508,0.01,
34819,65,166,3.508,0.01,
34820,65,170,3.108,0.01,
34821,65,170,3.108,0.01,
34822,65,170,3.108,0.01,
34823,65,170,3.108,0.01,
34824,65,178,3.323,0.01,
34825,65,178,3.323,0.01,
34826,65,178,3.323,0.01,
34827,65,178,3.323,0.01,
34828,71,195,3.887,0.01,
34829,71,195,3.887,0.01,
34830,71,195,3.887,0.01,
34831,71,195,3.887,0.01,
34832,71,209,3.803,0.01,
34833,71,209,3.803,0.01,
34834,71,209,3.803,0.01,
34835,71,209,3.803,0.01,
34836,71,206,3.676,0.01,
34837,71,206,3.676,0.01,
34838,71,206,3.676,0.01,
34839,71,206,3.676,0.01,
34840,78,248,4.128,0.02,
34841,78,248,4.128,0.02,
34842,78,248,4.128,0.02,
34843,78,248,4.128,0.02,
34844,78,253,4.192,0.02,
34845,78,253,4.192,0.02,
34846,78,253,4.192,0.02,
34847,78,253,4.192,0.01,
34848,78,256,4.295,0.01,
34849,78,256,4.295,0.01,
34850,78,256,4.295,0.01,
34851,78,256,4.295,0.01,
34852,86,309,4.488,0.02,
34853,86,309,4.488,0.02,
34854,86,309,4.488,0.02,
34855,86,309,4.488,0.02,
34856,86,311,4.628,0.01,
34857,86,311,4.628,0.01,
34858,86,311,4.628,0.01,
34859,86,311,4.628,0.01,
34860,86,308,4.767,0.02,
34861,86,308,4.767,0.02,
34862,86,308,4.767,0.02,
34863,86,308,4.767,0.02,
34864,95,382,4.989,0.02,
34865,95,382,4.989,0.02,
34866,95,382,4.989,0.02,
34867,95,382,4.989,0.02,
34868,95,371,5.137,0.02,
34869,95,371,5.137,0.02,
34870,95,371,5.137,0.02,
34871,95,371,5.137,0.02,
34872,95,369,5.368,0.02,
34873,95,369,5.368,0.02,
34874,95,369,5.368,0.02,
34875,95,369,5.368,0.03,
34876,100,216,4.0,0.02,
34877,100,216,4.0,0.02,
34878,100,216,4.0,0.02,
34879,100,216,4.0,0.02,
34880,100,214,4.23,0.02,
34881,100,214,4.23,0.02,
34882,100,214,4.23,0.02,
34883,100,214,4.23,0.02,
34884,100,249,4.01,0.02,
34885,100,249,4.01,0.02,
34886,100,249,4.01,0.02,
34887,100,249,4.01,0.02,
34888,104,233,4.192,0.02,
34889,104,233,4.192,0.02,
34890,104,233,4.192,0.02,
34891,104,233,4.192,0.02,
34892,104,233,4.231,0.02,
34893,104,233,4.231,0.02,
34894,104,233,4.231,0.02,
34895,104,233,4.231,0.03,
34896,104,259,4.269,0.03,
34897,104,259,4.269,0.03,
34898,104,259,4.269,0.03,
34899,104,259,4.269,0.03,
34900,110,260,4.473,0.04,
34901,110,260,4.473,0.04,
34902,110,260,4.473,0.04,
34903,110,260,4.473,0.03,
34904,110,261,4.409,0.03,
34905,110,261,4.409,0.03,
34906,110,261,4.409,0.03,
34907,110,261,4.409,0.03,
34908,110,290,4.527,0.03,
34909,110,290,4.527,0.03,
34910,110,290,4.527,0.03,
34911,110,290,4.527,0.03,
34912,115,290,4.974,0.03,
34913,115,290,4.974,0.03,
34914,115,290,4.974,0.03,
34915,115,290,4.974,0.03,
34916,115,288,4.635,0.03,
34917,115,288,4.635,0.03,
34918,115,288,4.635,0.03,
34919,115,288,4.635,0.03,
34920,115,311,4.817,0.04,
34921,115,311,4.817,0.04,
34922,115,311,4.817,0.04,
34923,115,311,4.817,0.04,
34924,121,320,5.182,0.05,
34925,121,320,5.182,0.05,
34926,121,320,5.182,0.05,
34927,121,320,5.182,0.04,
34928,121,324,4.992,0.04,
34929,121,324,4.992,0.04,
34930,121,324,4.992,0.04,
34931,121,324,4.992,0.04,
34932,121,343,5.364,0.05,
34933,121,343,5.364,0.05,
34934,121,343,5.364,0.05,
34935,121,343,5.364,0.04,
34936,126,349,5.778,0.04,
34937,126,349,5.778,0.04,
34938,126,349,5.778,0.04,
34939,126,349,5.778,0.04,
34940,126,345,5.056,0.04,
34941,126,345,5.056,0.04,
34942,126,345,5.056,0.04,
34943,126,345,5.056,0.04,
34944,126,364,5.69,0.05,
34945,126,364,5.69,0.05,
34946,126,364,5.69,0.05,
34947,126,364,5.69,0.05,
34948,133,391,6.0,0.05,
34949,133,391,6.0,0.05,
34950,133,391,6.0,0.05,
34951,133,391,6.0,0.05,
34952,133,386,5.429,0.05,
34953,133,386,5.429,0.05,
34954,133,386,5.429,0.05,
34955,133,386,5.429,0.05,
34956,133,404,5.692,0.05,
34957,133,404,5.692,0.05,
34958,133,404,5.692,0.04,
34959,133,404,5.692,0.07,
34960,139,421,6.122,0.09,
34961,139,421,6.122,0.09,
34962,139,421,6.122,0.09,
34963,139,421,6.122,0.09,
34964,139,422,5.885,0.1,
34965,139,422,5.885,0.09,
34966,139,422,5.885,0.06,
34967,139,422,5.885,0.06,
34968,139,430,6.137,0.06,
34969,139,430,6.137,0.06,
34970,139,430,6.137,0.06,
34971,139,430,6.137,0.06,
34972,146,481,6.568,0.06,
34973,146,481,6.568,0.06,
34974,146,481,6.568,0.06,
34975,146,481,6.568,0.09,
34976,146,468,6.315,0.1,
34977,146,468,6.315,0.11,
34978,146,468,6.315,0.11,
34979,146,468,6.315,0.1,
34980,146,468,6.342,0.1,
34981,146,468,6.342,0.1,
34982,146,468,6.342,0.1,
34983,146,468,6.342,0.07,
34984,153,515,6.993,0.1,
34985,153,515,6.993,0.1,
34986,153,515,6.993,0.1,
34987,153,515,6.993,0.09,
34988,153,527,6.784,0.1,
34989,153,527,6.784,0.09,
34990,153,527,6.784,0.09,
34991,153,527,6.784,0.09,
34992,153,517,7.131,0.09,
34993,153,517,7.131,0.09,
34994,153,517,7.131,0.09,
34995,153,517,7.131,0.09,
34996,161,562,7.112,0.1,
34997,161,562,7.112,0.1,
34998,161,562,7.112,0.1,
34999,161,562,7.112,0.11,
35000,161,588,7.391,0.13,
35001,161,588,7.391,0.13,
35002,161,588,7.391,0.12,
35003,161,588,7.391,0.12,
35004,161,568,7.503,0.09,
35005,161,568,7.503,0.09,
35006,161,568,7.503,0.09,
35007,161,568,7.503,0.09,
35008,168,615,7.815,0.12,
35009,168,615,7.815,0.11,
35010,168,615,7.815,0.11,
35011,168,615,7.815,0.1,
35012,168,619,7.673,0.1,
35013,168,619,7.673,0.1,
35014,168,619,7.673,0.11,
35015,168,619,7.673,0.11,
35016,168,626,7.488,0.11,
35017,168,626,7.488,0.11,
35018,168,626,7.488,0.11,
35019,168,626,7.488,0.11,
35020,177,671,8.26,0.14,
35021,177,671,8.26,0.14,
35022,177,671,8.26,0.14,
35023,177,671,8.26,0.14,
35024,177,687,8.249,0.12,
35025,177,687,8.249,0.12,
35026,177,687,8.249,0.12,
35027,177,687,8.249,0.12,
35028,177,714,8.153,0.15,
35029,177,714,8.153,0.15,
35030,177,714,8.153,0.15,
35031,177,714,8.153,0.15,
35710,25,35,1.8,0.0,
35711,25,35,1.8,0.0,
35712,25,35,1.8,0.0,
35713,25,35,1.8,0.0,
35714,25,37,1.56,0.0,
35715,25,37,1.56,0.0,
35716,25,37,1.56,0.0,
35717,25,37,1.56,0.0,
35718,25,24,1.44,0.0,
35719,25,24,1.44,0.0,
35720,25,24,1.44,0.0,
35721,25,24,1.44,0.0,
35722,28,44,1.857,0.0,
35723,28,44,1.857,0.0,
35724,28,44,1.857,0.0,
35725,28,44,1.857,0.0,
35726,28,49,1.786,0.0,
35727,28,49,1.786,0.0,
35728,28,49,1.786,0.0,
35729,28,49,1.786,0.0,
35730,28,33,1.643,0.0,
35731,28,33,1.643,0.0,
35732,28,33,1.643,0.0,
35733,28,33,1.643,0.0,
35734,30,49,1.7,0.0,
35735,30,49,1.7,0.0,
35736,30,49,1.7,0.0,
35737,30,49,1.7,0.0,
35738,30,53,1.867,0.0,
35739,30,53,1.867,0.0,
35740,30,53,1.867,0.0,
35741,30,53,1.867,0.0,
35742,30,39,1.733,0.0,
35743,30,39,1.733,0.0,
35744,30,39,1.733,0.0,
35745,30,39,1.733,0.0,
35746,33,53,1.788,0.0,
35747,33,53,1.788,0.0,
35748,33,53,1.788,0.0,
35749,33,53,1.788,0.0,
35750,33,63,1.818,0.0,
35751,33,63,1.818,0.0,
35752,33,63,1.818,0.0,
35753,33,63,1.818,0.0,
35754,33,50,1.818,0.0,
35755,33,50,1.818,0.0,
35756,33,50,1.818,0.0,
35757,33,50,1.818,0.0,
35758,37,61,1.919,0.0,
35759,37,61,1.919,0.0,
35760,37,61,1.919,0.0,
35761,37,61,1.919,0.0,
35762,37,81,2.189,0.0,
35763,37,81,2.189,0.0,
35764,37,81,2.189,0.0,
35765,37,81,2.189,0.0,
35766,37,67,2.189,0.0,
35767,37,67,2.189,0.0,
35768,37,67,2.189,0.0,
35769,37,67,2.189,0.0,
35770,40,69,2.125,0.0,
35771,40,69,2.125,0.0,
35772,40,69,2.125,0.0,
35773,40,69,2.125,0.0,
35774,40,90,2.425,0.0,
35775,40,90,2.425,0.0,
35776,40,90,2.425,0.0,
35777,40,90,2.425,0.0,
35778,40,75,2.35,0.0,
35779,40,75,2.35,0.0,
35780,40,75,2.35,0.0,
35781,40,75,2.35,0.0,
35782,44,80,2.159,0.0,
35783,44,80,2.159,0.0,
35784,44,80,2.159,0.0,
35785,44,80,2.159,0.0,
35786,44,104,2.773,0.0,
35787,44,104,2.773,0.0,
35788,44,104,2.773,0.0,
35789,44,104,2.773,0.0,
35790,44,91,2.705,0.0,
35791,44,91,2.705,0.0,
35792,44,91,2.705,0.0,
35793,44,91,2.705,0.0,
35794,49,52,1.673,0.0,
35795,49,52,1.673,0.0,
35796,49,52,1.673,0.0,
35797,49,52,1.673,0.0,
35798,49,62,1.776,0.0,
35799,49,62,1.776,0.0,
35800,49,62,1.776,0.0,
35801,49,62,1.776,0.0,
35802,49,60,1.98,0.0,
35803,49,60,1.98,0.0,
35804,49,60,1.98,0.0,
35805,49,60,1.98,0.0,
35806,54,64,1.833,0.0,
35807,54,64,1.833,0.0,
35808,54,64,1.833,0.0,
35809,54,64,1.833,0.0,
35810,54,73,1.87,0.0,
35811,54,73,1.87,0.0,
35812,54,73,1.87,0.0,
35813,54,73,1.87,0.0,
35814,54,78,2.204,0.0,
35815,54,78,2.204,0.0,
35816,54,78,2.204,0.0,
35817,54,78,2.204,0.0,
35818,59,84,2.203,0.0,
35819,59,84,2.203,0.0,
35820,59,84,2.203,0.0,
35821,59,84,2.203,0.0,
35822,59,86,2.0,0.0,
35823,59,86,2.0,0.0,
35824,59,86,2.0,0.0,
35825,59,86,2.0,0.0,
35826,59,91,2.254,0.0,
35827,59,91,2.254,0.0,
35828,59,91,2.254,0.0,
35829,59,91,2.254,0.0,
35830,65,96,2.369,0.0,
35831,65,96,2.369,0.0,
35832,65,96,2.369,0.01,
35833,65,96,2.369,0.0,
35834,65,107,2.585,0.0,
35835,65,107,2.585,0.0,
35836,65,107,2.585,0.0,
35837,65,107,2.585,0.0,
35838,65,113,2.492,0.01,
35839,65,113,2.492,0.0,
35840,65,113,2.492,0.0,
35841,65,113,2.492,0.0,
35842,71,112,2.577,0.01,
35843,71,112,2.577,0.01,
35844,71,112,2.577,0.01,
35845,71,112,2.577,0.01,
35846,71,123,2.606,0.01,
35847,71,123,2.606,0.01,
35848,71,123,2.606,0.01,
35849,71,123,2.606,0.01,
35850,71,134,2.634,0.01,
35851,71,134,2.634,0.01,
35852,71,134,2.634,0.01,
35853,71,134,2.634,0.01,
35854,78,138,3.128,0.01,
35855,78,138,3.128,0.01,
35856,78,138,3.128,0.01,
35857,78,138,3.128,0.01,
35858,78,156,2.795,0.01,
35859,78,156,2.795,0.01,
35860,78,156,2.795,0.01,
35861,78,156,2.795,0.01,
35862,78,165,2.744,0.01,
35863,78,165,2.744,0.01,
35864,78,165,2.744,0.01,
35865,78,165,2.744,0.01,
35866,86,175,3.616,0.01,
35867,86,175,3.616,0.01,
35868,86,175,3.616,0.01,
35869,86,175,3.616,0.01,
35870,86,186,3.105,0.01,
35871,86,186,3.105,0.01,
35872,86,186,3.105,0.01,
35873,86,186,3.105,0.01,
35874,86,190,3.267,0.01,
35875,86,190,3.267,0.01,
35876,86,190,3.267,0.01,
35877,86,190,3.267,0.01,
35878,95,218,4.137,0.02,
35879,95,218,4.137,0.02,
35880,95,218,4.137,0.02,
35881,95,218,4.137,0.02,
35882,95,227,3.411,0.02,
35883,95,227,3.411,0.02,
35884,95,227,3.411,0.02,
35885,95,227,3.411,0.02,
35886,95,218,3.558,0.02,
35887,95,218,3.558,0.02,
35888,95,218,3.558,0.02,
35889,95,218,3.558,0.02,
35890,100,246,4.21,0.02,
35891,100,246,4.21,0.02,
35892,100,246,4.21,0.02,
35893,100,246,4.21,0.02,
35894,100,250,3.93,0.02,
35895,100,250,3.93,0.02,
35896,100,250,3.93,0.13,
35897,100,250,3.93,0.02,
35898,100,238,3.9,0.02,
35899,100,238,3.9,0.02,
35900,100,238,3.9,0.02,
35901,100,238,3.9,0.02,
35902,104,264,4.548,0.02,
35903,104,264,4.548,0.02,
35904,104,264,4.548,0.02,
35905,104,264,4.548,0.02,
35906,104,261,4.019,0.02,
35907,104,261,4.019,0.02,
35908,104,261,4.019,0.02,
35909,104,261,4.019,0.02,
35910,104,251,4.058,0.02,
35911,104,251,4.058,0.02,
35912,104,251,4.058,0.02,
35913,104,251,4.058,0.02,
35914,110,300,4.727,0.03,
35915,110,300,4.727,0.03,
35916,110,300,4.727,0.03,
35917,110,300,4.727,0.03,
35918,110,286,4.236,0.03,
35919,110,286,4.236,0.03,
35920,110,286,4.236,0.03,
35921,110,286,4.236,0.03,
35922,110,286,4.3,0.03,
35923,110,286,4.3,0.03,
35924,110,286,4.3,0.03,
35925,110,286,4.3,0.04,
35926,115,334,4.939,0.03,
35927,115,334,4.939,0.03,
35928,115,334,4.939,0.03,
35929,115,334,4.939,0.03,
35930,115,310,4.504,0.03,
35931,115,310,4.504,0.03,
35932,115,310,4.504,0.03,
35933,115,310,4.504,0.03,
35934,115,313,4.426,0.03,
35935,115,313,4.426,0.03,
35936,115,313,4.426,0.03,
35937,115,313,4.426,0.03,
35938,121,365,5.298,0.04,
35939,121,365,5.298,0.04,
35940,121,365,5.298,0.04,
35941,121,365,5.298,0.04,
35942,121,358,4.967,0.04,
35943,121,358,4.967,0.04,
35944,121,358,4.967,0.04,
35945,121,358,4.967,0.04,
35946,121,334,4.934,0.04,
35947,121,334,4.934,0.04,
35948,121,334,4.934,0.16,
35949,121,334,4.934,0.04,
35950,126,389,5.476,0.04,
35951,126,389,5.476,0.04,
35952,126,389,5.476,0.04,
35953,126,389,5.476,0.04,
35954,126,400,5.381,0.04,
35955,126,400,5.381,0.04,
35956,126,400,5.381,0.04,
35957,126,400,5.381,0.04,
35958,126,362,5.302,0.04,
35959,126,362,5.302,0.04,
35960,126,362,5.302,0.04,
35961,126,362,5.302,0.04,
35962,133,423,5.767,0.05,
35963,133,423,5.767,0.05,
35964,133,423,5.767,0.05,
35965,133,423,5.767,0.05,
35966,133,460,5.632,0.05,
35967,133,460,5.632,0.05,
35968,133,460,5.632,0.05,
35969,133,460,5.632,0.05,
35970,133,394,5.88,0.04,
35971,133,394,5.88,0.04,
35972,133,394,5.88,0.04,
35973,133,394,5.88,0.05,
35974,139,465,6.18,0.07,
35975,139,465,6.18,0.07,
35976,139,465,6.18,0.06,
35977,139,465,6.18,0.06,
35978,139,491,6.086,0.09,
35979,139,491,6.086,0.06,
35980,139,491,6.086,0.06,
35981,139,491,6.086,0.07,
35982,139,433,6.101,0.07,
35983,139,433,6.101,0.06,
35984,139,433,6.101,0.07,
35985,139,433,6.101,0.07,
35986,146,505,6.466,0.08,
35987,146,505,6.466,0.08,
35988,146,505,6.466,0.08,
35989,146,505,6.466,0.07,
35990,146,534,6.507,0.07,
35991,146,534,6.507,0.07,
35992,146,534,6.507,0.07,
35993,146,534,6.507,0.07,
35994,146,472,6.658,0.06,
35995,146,472,6.658,0.06,
35996,146,472,6.658,0.06,
35997,146,472,6.658,0.06,
35998,153,554,6.824,0.1,
35999,153,554,6.824,0.1,
36000,153,554,6.824,0.1,
36001,153,554,6.824,0.1,
36002,153,586,6.752,0.09,
36003,153,586,6.752,0.09,
36004,153,586,6.752,0.09,
36005,153,586,6.752,0.09,
36006,153,515,7.111,0.09,
36007,153,515,7.111,0.09,
36008,153,515,7.111,0.09,
36009,153,515,7.111,0.09,
36010,161,607,7.248,0.11,
36011,161,607,7.248,0.11,
36012,161,607,7.248,0.11,
36013,161,607,7.248,0.11,
36014,161,648,7.28,0.1,
36015,161,648,7.28,0.1,
36016,161,648,7.28,0.1,
36017,161,648,7.28,0.1,
36018,161,576,7.578,0.1,
36019,161,576,7.578,0.1,
36020,161,576,7.578,0.1,
36021,161,576,7.578,0.1,
36022,168,661,7.726,0.11,
36023,168,661,7.726,0.11,
36024,168,661,7.726,0.11,
36025,168,661,7.726,0.11,
36026,168,717,7.863,0.1,
36027,168,717,7.863,0.11,
36028,168,717,7.863,0.11,
36029,168,717,7.863,0.11,
36030,168,634,8.196,0.11,
36031,168,634,8.196,0.11,
36032,168,634,8.196,0.1,
36033,168,634,8.196,0.11,
36034,177,737,8.192,0.13,
36035,177,737,8.192,0.13,
36036,177,737,8.192,0.13,
36037,177,737,8.192,0.13,
36038,177,803,8.017,0.13,
36039,177,803,8.017,0.12,
36040,177,803,8.017,0.12,
36041,177,803,8.017,0.13,
36042,177,713,8.554,0.15,
36043,177,713,8.554,0.15,
36044,177,713,8.554,0.14,
36045,177,713,8.554,0.15,
36900,10,45,2.0,0.0,
36901,10,45,2.0,0.0,
36902,10,45,2.0,0.0,
36903,10,45,2.0,0.0,
36904,10,45,2.0,0.0,
36905,11,55,2.182,0.0,
36906,11,55,2.182,0.0,
36907,11,55,2.182,0.0,
36908,11,55,2.182,0.0,
36909,11,55,2.182,0.0,
36910,12,66,2.167,0.0,
36911,12,66,2.167,0.0,
36912,12,66,2.167,0.0,
36913,12,66,2.167,0.0,
36914,12,66,2.167,0.0,
36915,13,78,2.231,0.0,
36916,13,78,2.231,0.0,
36917,13,78,2.231,0.0,
36918,13,78,2.231,0.0,
36919,13,78,2.231,0.0,
36920,14,91,2.214,0.0,
36921,14,91,2.214,0.0,
36922,14,91,2.214,0.0,
36923,14,91,2.214,0.0,
36924,14,91,2.214,0.0,
36925,15,105,2.267,0.0,
36926,15,105,2.267,0.0,
36927,15,105,2.267,0.0,
36928,15,105,2.267,0.0,
36929,15,105,2.267,0.0,
36930,16,120,2.25,0.0,
36931,16,120,2.25,0.0,
36932,16,120,2.25,0.0,
36933,16,120,2.25,0.0,
36934,16,120,2.25,0.0,
36935,17,136,2.824,0.0,
36936,17,136,2.824,0.0,
36937,17,136,2.824,0.0,
36938,17,136,2.824,0.0,
36939,17,136,2.824,0.0,
36940,18,153,2.722,0.0,
36941,18,153,2.722,0.0,
36942,18,153,2.722,0.0,
36943,18,153,2.722,0.0,
36944,18,153,2.722,0.0,
36945,20,15,1.25,0.0,
36946,20,23,1.65,0.0,
36947,20,21,1.45,0.0,
36948,20,32,1.85,0.0,
36949,20,38,1.95,0.0,
36950,20,40,1.95,0.0,
36951,20,51,2.1,0.0,
36952,20,58,2.05,0.0,
36953,20,59,2.2,0.0,
36954,20,190,2.8,0.0,
36955,20,190,2.8,0.0,
36956,20,190,2.8,0.0,
36957,20,190,2.8,0.0,
36958,20,190,2.8,0.0,
36959,21,210,2.81,0.0,
36960,21,210,2.81,0.0,
36961,21,210,2.81,0.0,
36962,21,210,2.81,0.0,
36963,21,210,2.81,0.0,
36964,22,19,1.364,0.0,
36965,22,25,1.364,0.0,
36966,22,28,1.682,0.0,
36967,22,39,1.773,0.0,
36968,22,43,1.636,0.0,
36969,22,52,2.045,0.0,
36970,22,60,2.136,0.0,
36971,22,70,2.318,0.0,
36972,22,74,2.409,0.0,
36973,23,253,2.826,0.0,
36974,23,253,2.826,0.0,
36975,23,253,2.826,0.0,
36976,23,253,2.826,0.0,
36977,23,253,2.826,0.0,
36978,24,25,1.583,0.0,
36979,24,31,1.625,0.0,
36980,24,32,1.833,0.0,
36981,24,49,2.042,0.0,
36982,24,55,2.125,0.0,
36983,24,58,2.417,0.0,
36984,24,74,2.333,0.0,
36985,24,88,2.5,0.0,
36986,24,86,2.5,0.0,
36987,24,276,2.833,0.0,
36988,24,276,2.833,0.0,
36989,24,276,2.833,0.0,
36990,24,276,2.833,0.0,
36991,24,276,2.833,0.0,
36992,26,325,3.308,0.0,
36993,26,325,3.308,0.0,
36994,26,325,3.308,0.0,
36995,26,325,3.308,0.0,
36996,26,325,3.308,0.0,
36997,27,34,1.778,0.0,
36998,27,41,2.111,0.0,
36999,27,38,1.778,0.0,
37000,27,64,2.259,0.0,
37001,27,71,2.296,0.0,
37002,27,71,2.481,0.0,
37003,27,95,2.667,0.0,
37004,27,114,2.852,0.0,
37005,27,103,2.741,0.0,
37006,28,378,3.357,0.0,
37007,28,378,3.357,0.0,
37008,28,378,3.357,0.0,
37009,28,378,3.357,0.0,
37010,28,378,3.357,0.0,
37011,29,41,1.759,0.0,
37012,29,47,2.241,0.0,
37013,29,43,1.759,0.0,
37014,29,75,2.448,0.0,
37015,29,81,2.621,0.0,
37016,29,80,2.345,0.0,
37017,29,112,2.862,0.0,
37018,29,131,2.966,0.0,
37019,29,117,2.862,0.0,
37020,30,435,3.367,0.0,
37021,30,435,3.367,0.0,
37022,30,435,3.367,0.0,
37023,30,435,3.367,0.0,
37024,30,435,3.367,0.0,
37025,32,53,2.125,0.0,
37026,32,51,2.094,0.0,
37027,32,48,2.094,0.0,
37028,32,95,2.719,0.0,
37029,32,96,2.906,0.0,
37030,32,94,2.75,0.0,
37031,32,134,2.906,0.0,
37032,32,156,3.094,0.0,
37033,32,142,3.156,0.0,
37034,32,496,3.375,0.0,
37035,32,496,3.375,0.0,
37036,32,496,3.375,0.0,
37037,32,496,3.375,0.0,
37038,32,496,3.375,0.0,
37039,34,561,3.853,0.0,
37040,34,561,3.853,0.0,
37041,34,561,3.853,0.0,
37042,34,561,3.853,0.0,
37043,34,561,3.853,0.0,
37044,35,68,2.257,0.0,
37045,35,57,2.257,0.0,
37046,35,57,2.229,0.0,
37047,35,121,2.8,0.0,
37048,35,107,2.743,0.0,
37049,35,117,2.886,0.0,
37050,35,171,3.2,0.0,
37051,35,175,3.343,0.0,
37052,35,173,3.257,0.0,
37053,36,630,3.889,0.0,
37054,36,630,3.889,0.0,
37055,36,630,3.889,0.0,
37056,36,630,3.889,0.0,
37057,36,630,3.889,0.0,
37058,39,84,2.256,0.0,
37059,39,77,2.667,0.0,
37060,39,66,2.41,0.0,
37061,39,151,3.231,0.0,
37062,39,142,3.333,0.0,
37063,39,143,3.103,0.0,
37064,39,216,3.641,0.0,
37065,39,219,3.564,0.0,
37066,39,217,3.487,0.0,
37067,39,741,3.897,0.0,
37068,39,741,3.897,0.0,
37069,39,741,3.897,0.0,
37070,39,741,3.897,0.0,
37071,39,741,3.897,0.0,
37072,41,820,4.415,0.01,
37073,41,820,4.415,0.01,
37074,41,820,4.415,0.01,
37075,41,820,4.415,0.01,
37076,41,820,4.415,0.01,
37077,43,103,3.023,0.0,
37078,43,89,2.674,0.0,
37079,43,82,2.674,0.0,
37080,43,182,3.651,0.0,
37081,43,167,3.651,0.0,
37082,43,170,3.465,0.0,
37083,43,268,3.93,0.0,
37084,43,253,3.814,0.0,
37085,43,252,3.837,0.0,
37086,44,946,4.409,0.01,
37087,44,946,4.409,0.01,
37088,44,946,4.409,0.01,
37089,44,946,4.409,0.01,
37090,44,946,4.409,0.01,
37091,47,119,3.191,0.0,
37092,47,105,2.979,0.0,
37093,47,97,2.936,0.0,
37094,47,214,3.723,0.0,
37095,47,200,3.851,0.0,
37096,47,210,3.766,0.0,
37097,47,316,4.128,0.0,
37098,47,310,4.064,0.0,
37099,47,309,4.043,0.0,
37100,47,1081,4.426,0.01,
37101,47,1081,4.426,0.01,
37102,47,1081,4.426,0.01,
37103,47,1081,4.426,0.01,
37104,47,1081,4.426,0.01,
37105,51,1275,4.922,0.01,
37106,51,1275,4.922,0.01,
37107,51,1275,4.922,0.01,
37108,51,1275,4.922,0.01,
37109,51,1275,4.922,0.01,
37110,52,156,3.615,0.0,
37111,52,123,3.519,0.0,
37112,52,123,3.327,0.0,
37113,52,274,4.269,0.0,
37114,52,245,4.192,0.0,
37115,52,264,4.231,0.0,
37116,52,394,4.5,0.01,
37117,52,373,4.423,0.01,
37118,52,394,4.577,0.0,
37119,54,1431,4.926,0.01,
37120,54,1431,4.926,0.01,
37121,54,1431,4.926,0.01,
37122,54,1431,4.926,0.01,
37123,54,1431,4.926,0.01,
37124,57,176,3.772,0.01,
37125,57,152,3.544,0.01,
37126,57,147,3.526,0.01,
37127,57,322,4.561,0.01,
37128,57,298,4.386,0.01,
37129,57,309,4.281,0.01,
37130,57,466,4.807,0.01,
37131,57,456,4.789,0.01,
37132,57,471,4.596,0.01,
37133,58,1653,5.414,0.02,
37134,58,1653,5.414,0.02,
37135,58,1653,5.414,0.02,
37136,58,1653,5.414,0.02,
37137,58,1653,5.414,0.02,
37138,62,1891,5.435,0.02,
37139,62,1891,5.435,0.02,
37140,62,1891,5.435,0.02,
37141,62,1891,5.435,0.02,
37142,62,1891,5.435,0.02,
37143,63,207,4.095,0.01,
37144,63,195,4.175,0.01,
37145,63,183,4.016,0.01,
37146,63,381,4.984,0.01,
37147,63,374,4.857,0.01,
37148,63,377,4.921,0.01,
37149,63,564,5.079,0.01,
37150,63,570,5.127,0.01,
37151,63,579,5.143,0.01,
37152,66,2145,5.924,0.02,
37153,66,2145,5.924,0.02,
37154,66,2145,5.924,0.02,
37155,66,2145,5.924,0.02,
37156,66,2145,5.924,0.02,
37157,69,250,4.623,0.01,
37158,69,230,4.406,0.01,
37159,69,212,4.304,0.01,
37160,69,463,5.261,0.01,
37161,69,457,5.348,0.01,
37162,69,440,5.232,0.01,
37163,69,677,5.623,0.01,
37164,69,684,5.522,0.01,
37165,69,683,5.522,0.01,
37166,71,2485,5.944,0.02,
37167,71,2485,5.944,0.02,
37168,71,2485,5.944,0.03,
37169,71,2485,5.944,0.03,
37170,71,2485,5.944,0.03,
37171,76,305,5.039,0.01,
37172,76,293,5.092,0.01,
37173,76,265,4.987,0.01,
37174,76,571,5.868,0.01,
37175,76,565,5.803,0.02,
37176,76,540,5.855,0.01,
37177,76,830,6.013,0.01,
37178,76,845,6.066,0.01,
37179,76,839,6.066,0.01,
37180,76,2850,6.447,0.04,
37181,76,2850,6.447,0.04,
37182,76,2850,6.447,0.04,
37183,76,2850,6.447,0.04,
37184,76,2850,6.447,0.04,
37185,81,3240,6.963,0.03,
37186,81,3240,6.963,0.03,
37187,81,3240,6.963,0.04,
37188,81,3240,6.963,0.04,
37189,81,3240,6.963,0.03,
37190,84,367,5.357,0.02,
37191,84,363,5.667,0.02,
37192,84,333,5.262,0.02,
37193,84,691,6.238,0.02,
37194,84,698,6.357,0.02,
37195,84,670,6.286,0.01,
37196,84,994,6.607,0.02,
37197,84,1050,6.667,0.01,
37198,84,1026,6.607,0.01,
37199,87,3741,6.954,0.03,
37200,87,3741,6.954,0.03,
37201,87,3741,6.954,0.03,
37202,87,3741,6.954,0.03,
37203,87,3741,6.954,0.04,
37204,92,428,5.957,0.03,
37205,92,432,5.837,0.03,
37206,92,402,5.848,0.02,
37207,92,829,6.826,0.03,
37208,92,835,6.815,0.03,
37209,92,805,6.848,0.03,
37210,92,1209,7.163,0.03,
37211,92,1256,7.13,0.02,
37212,92,1243,7.109,0.02,
37213,93,4278,7.462,0.06,
37214,93,4278,7.462,0.06,
37215,93,4278,7.462,0.06,
37216,93,4278,7.462,0.06,
37217,93,4278,7.462,0.06,
37218,100,4950,7.96,0.05,
37219,100,4950,7.96,0.08,
37220,100,4950,7.96,0.08,
37221,100,4950,7.96,0.08,
37222,100,4950,7.96,0.08,
37223,101,518,6.653,0.04,
37224,101,516,6.723,0.04,
37225,101,499,6.673,0.03,
37226,101,990,7.455,0.03,
37227,101,1012,7.376,0.03,
37228,101,984,7.317,0.02,
37229,101,1461,7.693,0.02,
37230,101,1517,7.663,0.02,
37231,101,1513,7.713,0.02,
37232,107,5671,8.467,0.1,
37233,107,5671,8.467,0.09,
37234,107,5671,8.467,0.1,
37235,107,5671,8.467,0.09,
37236,107,5671,8.467,0.09,
37237,111,628,7.441,0.03,
37238,111,614,7.432,0.03,
37239,111,609,7.261,0.03,
37240,111,1194,8.036,0.04,
37241,111,1216,8.009,0.05,
37242,111,1190,8.036,0.04,
37243,111,1766,8.297,0.03,
37244,111,1812,8.297,0.03,
37245,111,1825,8.36,0.03,
37246,114,6441,8.956,0.07,
37247,114,6441,8.956,0.07,
37248,114,6441,8.956,0.07,
37249,114,6441,8.956,0.08,
37250,114,6441,8.956,0.07,
37251,122,753,7.975,0.06,
37252,122,749,8.025,0.07,
37253,122,743,8.025,0.06,
37254,122,1428,8.77,0.06,
37255,122,1492,8.762,0.06,
37256,122,1448,8.779,0.06,
37257,122,2135,8.975,0.06,
37258,122,2201,9.057,0.06,
37259,122,2209,9.0,0.05,
37260,122,7381,9.459,0.13,
37261,122,7381,9.459,0.13,
37262,122,7381,9.459,0.14,
37263,122,7381,9.459,0.13,
37264,122,7381,9.459,0.14,
37265,131,8515,9.969,0.11,
37266,131,8515,9.969,0.11,
37267,131,8515,9.969,0.17,
37268,131,8515,9.969,0.16,
37269,131,8515,9.969,0.11,
37270,135,921,9.0,0.06,
37271,135,920,8.785,0.06,
37272,135,903,8.674,0.08,
37273,135,1773,9.563,0.07,
37274,135,1835,9.504,0.09,
37275,135,1786,9.6,0.05,
37276,135,2640,9.83,0.05,
37277,135,2715,9.859,0.05,
37278,135,2722,9.8,0.05,
37279,140,9730,10.471,0.19,
37280,140,9730,10.471,0.2,
37281,140,9730,10.471,0.19,
37282,140,9730,10.471,0.19,
37283,140,9730,10.471,0.19,
37284,148,1125,9.73,0.09,
37285,148,1127,9.669,0.07,
37286,148,1104,9.811,0.06,
37287,148,2147,10.426,0.06,
37288,148,2237,10.459,0.06,
37289,148,2154,10.432,0.06,
37290,148,3204,10.689,0.07,
37291,148,3284,10.662,0.05,
37292,148,3286,10.669,0.07,
37293,150,11175,10.973,0.15,
37294,150,11175,10.973,0.15,
37295,150,11175,10.973,0.15,
37296,150,11175,10.973,0.16,
37297,150,11175,10.973,0.18,
37298,160,12720,11.475,0.32,
37299,160,12720,11.475,0.27,
37300,160,12720,11.475,0.28,
37301,160,12720,11.475,0.39,
37302,160,12720,11.475,0.46,
37303,163,1348,10.699,0.14,
37304,163,1365,10.724,0.12,
37305,163,1324,10.644,0.11,
37306,163,2620,11.374,0.08,
37307,163,2719,11.405,0.11,
37308,163,2604,11.399,0.07,
37309,163,3915,11.644,0.1,
37310,163,3998,11.65,0.1,
37311,163,3968,11.595,0.08,
37312,171,14535,12.48,0.35,
37313,171,14535,12.48,0.35,
37314,171,14535,12.48,0.34,
37315,171,14535,12.48,0.4,
37316,171,14535,12.48,0.39,
37317,179,1657,11.732,0.12,
37318,179,1630,11.654,0.15,
37319,179,1579,11.682,0.15,
37320,179,3198,12.436,0.15,
37321,179,3245,12.358,0.14,
37322,179,3160,12.346,0.15,
37323,179,4779,12.648,0.23,
37324,179,4797,12.665,0.21,
37325,179,4818,12.654,0.19,
37326,183,16653,12.978,0.45,
37327,183,16653,12.978,0.44,
37328,183,16653,12.978,0.29,
37329,183,16653,12.978,0.27,
37330,183,16653,12.978,0.27,
37600,8,16,1.375,0.0,
37601,32,80,2.062,0.0,
37602,72,192,3.139,0.01,
37603,128,352,4.883,0.04,
37616,40,164,2.9,0.0,
37617,128,704,5.938,0.05,
37630,48,280,2.667,0.0,
37631,160,1224,6.925,0.1,
37750,5,5,1.0,0.0,
37751,12,24,2.083,0.0,
37752,20,30,1.8,0.0,
37753,20,30,1.65,0.0,
37754,12,18,1.5,0.0,
37755,14,21,1.714,0.0,
37756,5,6,1.0,0.0,
37757,12,30,1.917,0.0,
37758,24,36,2.042,0.0,
37759,18,27,1.722,0.0,
37760,10,15,1.5,0.0,
37761,46,69,2.804,0.0,
90000,-1,-1,,,Failed to download graph 90000 (path_120): HTTP 404 — https://huggingface.co/dat
90001,-1,-1,,,Failed to download graph 90001 (cycle_120): HTTP 404 — https://huggingface.co/da
90002,-1,-1,,,Failed to download graph 90002 (star_119): HTTP 404 — https://huggingface.co/dat
90003,-1,-1,,,Failed to download graph 90003 (ba_n120_m1_s0): HTTP 404 — https://huggingface.c
90004,-1,-1,,,Failed to download graph 90004 (ba_n120_m1_s1): HTTP 404 — https://huggingface.c
90005,-1,-1,,,Failed to download graph 90005 (ba_n120_m1_s2): HTTP 404 — https://huggingface.c
90006,-1,-1,,,Failed to download graph 90006 (ba_n120_m1_s3): HTTP 404 — https://huggingface.c
90007,-1,-1,,,Failed to download graph 90007 (ba_n120_m2_s0): HTTP 404 — https://huggingface.c
90008,-1,-1,,,Failed to download graph 90008 (ba_n120_m2_s1): HTTP 404 — https://huggingface.c
90009,-1,-1,,,Failed to download graph 90009 (ba_n120_m2_s2): HTTP 404 — https://huggingface.c
90010,-1,-1,,,Failed to download graph 90010 (ba_n120_m2_s3): HTTP 404 — https://huggingface.c
90011,-1,-1,,,Failed to download graph 90011 (ws_n120_k2_b0.00_s0): HTTP 404 — https://hugging
90012,-1,-1,,,Failed to download graph 90012 (ws_n120_k2_b0.00_s1): HTTP 404 — https://hugging
90013,-1,-1,,,Failed to download graph 90013 (ws_n120_k2_b0.10_s0): HTTP 404 — https://hugging
90014,-1,-1,,,Failed to download graph 90014 (ws_n120_k2_b0.10_s1): HTTP 404 — https://hugging
90015,-1,-1,,,Failed to download graph 90015 (ws_n120_k2_b0.20_s0): HTTP 404 — https://hugging
90016,-1,-1,,,Failed to download graph 90016 (ws_n120_k2_b0.20_s1): HTTP 404 — https://hugging
90017,-1,-1,,,Failed to download graph 90017 (ws_n120_k4_b0.00_s0): HTTP 404 — https://hugging
90018,-1,-1,,,Failed to download graph 90018 (ws_n120_k4_b0.00_s1): HTTP 404 — https://hugging
90019,-1,-1,,,Failed to download graph 90019 (ws_n120_k4_b0.10_s0): HTTP 404 — https://hugging
90020,-1,-1,,,Failed to download graph 90020 (ws_n120_k4_b0.10_s1): HTTP 404 — https://hugging
90021,-1,-1,,,Failed to download graph 90021 (er_n120_p0.01_s0): HTTP 404 — https://huggingfac
90022,-1,-1,,,Failed to download graph 90022 (er_n120_p0.01_s1): HTTP 404 — https://huggingfac
90023,-1,-1,,,Failed to download graph 90023 (er_n120_p0.01_s2): HTTP 404 — https://huggingfac
90024,-1,-1,,,Failed to download graph 90024 (er_n120_p0.02_s0): HTTP 404 — https://huggingfac
90025,-1,-1,,,Failed to download graph 90025 (er_n120_p0.02_s1): HTTP 404 — https://huggingfac
90026,-1,-1,,,Failed to download graph 90026 (er_n120_p0.02_s2): HTTP 404 — https://huggingfac
90027,-1,-1,,,Failed to download graph 90027 (er_n120_p0.03_s0): HTTP 404 — https://huggingfac
90028,-1,-1,,,Failed to download graph 90028 (er_n120_p0.03_s1): HTTP 404 — https://huggingfac
90029,-1,-1,,,Failed to download graph 90029 (er_n120_p0.03_s2): HTTP 404 — https://huggingfac
90030,-1,-1,,,Failed to download graph 90030 (er_n120_p0.03_s0): HTTP 404 — https://huggingfac
90031,-1,-1,,,Failed to download graph 90031 (er_n120_p0.03_s1): HTTP 404 — https://huggingfac
90032,-1,-1,,,Failed to download graph 90032 (er_n120_p0.03_s2): HTTP 404 — https://huggingfac
90033,-1,-1,,,Failed to download graph 90033 (regular_n120_d3_s0): HTTP 404 — https://huggingf
90034,-1,-1,,,Failed to download graph 90034 (regular_n120_d3_s1): HTTP 404 — https://huggingf
90035,-1,-1,,,Failed to download graph 90035 (regular_n120_d3_s2): HTTP 404 — https://huggingf
90036,-1,-1,,,Failed to download graph 90036 (grid_10x12): HTTP 404 — https://huggingface.co/d
90037,-1,-1,,,Failed to download graph 90037 (grid_8x15): HTTP 404 — https://huggingface.co/da
90038,-1,-1,,,Failed to download graph 90038 (grid_6x20): HTTP 404 — https://huggingface.co/da
90039,-1,-1,,,Failed to download graph 90039 (planar_n120_s0): HTTP 404 — https://huggingface.
90040,-1,-1,,,Failed to download graph 90040 (planar_n120_s1): HTTP 404 — https://huggingface.
90041,-1,-1,,,Failed to download graph 90041 (planar_n120_s2): HTTP 404 — https://huggingface.
90042,-1,-1,,,Failed to download graph 90042 (sbm_n120_c4_pi0.15_po0.01_s0): HTTP 404 — https:
90043,-1,-1,,,Failed to download graph 90043 (sbm_n120_c4_pi0.15_po0.01_s1): HTTP 404 — https:
90044,-1,-1,,,Failed to download graph 90044 (sbm_n120_c4_pi0.15_po0.01_s2): HTTP 404 — https:
